solid OpenSCAD_Model
  facet normal 0.999462 0.0327859 0
    outer loop
      vertex 11 0 6
      vertex 10.9764 0.719434 0
      vertex 10.9764 0.719434 6
    endloop
  endfacet
  facet normal 0.999462 0.0327859 0
    outer loop
      vertex 10.9764 0.719434 0
      vertex 11 0 6
      vertex 11 0 0
    endloop
  endfacet
  facet normal -0.999462 0.0327859 0
    outer loop
      vertex -11 0 0
      vertex -10.9764 0.719434 6
      vertex -10.9764 0.719434 0
    endloop
  endfacet
  facet normal -0.999462 0.0327859 0
    outer loop
      vertex -10.9764 0.719434 6
      vertex -11 0 0
      vertex -11 0 6
    endloop
  endfacet
  facet normal 0.0327859 0.999462 -0
    outer loop
      vertex 0.719434 10.9764 0
      vertex 0 11 6
      vertex 0.719434 10.9764 6
    endloop
  endfacet
  facet normal 0.0327859 0.999462 0
    outer loop
      vertex 0 11 6
      vertex 0.719434 10.9764 0
      vertex 0 11 0
    endloop
  endfacet
  facet normal -0.0327859 -0.999462 0
    outer loop
      vertex -0.719434 -10.9764 0
      vertex 0 -11 6
      vertex -0.719434 -10.9764 6
    endloop
  endfacet
  facet normal -0.0327859 -0.999462 -0
    outer loop
      vertex 0 -11 6
      vertex -0.719434 -10.9764 0
      vertex 0 -11 0
    endloop
  endfacet
  facet normal 0.729859 0.683598 0
    outer loop
      vertex 8.27024 7.2528 6
      vertex 7.77817 7.77817 0
      vertex 7.77817 7.77817 6
    endloop
  endfacet
  facet normal 0.729859 0.683598 0
    outer loop
      vertex 7.77817 7.77817 0
      vertex 8.27024 7.2528 6
      vertex 8.27024 7.2528 0
    endloop
  endfacet
  facet normal -0.683598 0.729859 0
    outer loop
      vertex -7.2528 8.27024 0
      vertex -7.77817 7.77817 6
      vertex -7.2528 8.27024 6
    endloop
  endfacet
  facet normal -0.683598 0.729859 0
    outer loop
      vertex -7.77817 7.77817 6
      vertex -7.2528 8.27024 0
      vertex -7.77817 7.77817 0
    endloop
  endfacet
  facet normal -0.973894 -0.227004 0
    outer loop
      vertex -10.6252 -2.84701 0
      vertex -10.7886 -2.14599 6
      vertex -10.7886 -2.14599 0
    endloop
  endfacet
  facet normal -0.973894 -0.227004 0
    outer loop
      vertex -10.7886 -2.14599 6
      vertex -10.6252 -2.84701 0
      vertex -10.6252 -2.84701 6
    endloop
  endfacet
  facet normal 0.910851 0.412735 0
    outer loop
      vertex 10.1627 4.20952 6
      vertex 9.8656 4.86518 0
      vertex 9.8656 4.86518 6
    endloop
  endfacet
  facet normal 0.910851 0.412735 0
    outer loop
      vertex 9.8656 4.86518 0
      vertex 10.1627 4.20952 6
      vertex 10.1627 4.20952 0
    endloop
  endfacet
  facet normal 0.412735 0.910851 -0
    outer loop
      vertex 4.86518 9.8656 0
      vertex 4.20952 10.1627 6
      vertex 4.86518 9.8656 6
    endloop
  endfacet
  facet normal 0.412735 0.910851 0
    outer loop
      vertex 4.20952 10.1627 6
      vertex 4.86518 9.8656 0
      vertex 4.20952 10.1627 0
    endloop
  endfacet
  facet normal -0.849197 0.528076 0
    outer loop
      vertex -9.52628 5.5 0
      vertex -9.14616 6.11127 6
      vertex -9.14616 6.11127 0
    endloop
  endfacet
  facet normal -0.849197 0.528076 0
    outer loop
      vertex -9.14616 6.11127 6
      vertex -9.52628 5.5 0
      vertex -9.52628 5.5 6
    endloop
  endfacet
  facet normal -0.162957 0.986633 0
    outer loop
      vertex -1.43579 10.9059 0
      vertex -2.14599 10.7886 6
      vertex -1.43579 10.9059 6
    endloop
  endfacet
  facet normal -0.162957 0.986633 0
    outer loop
      vertex -2.14599 10.7886 6
      vertex -1.43579 10.9059 0
      vertex -2.14599 10.7886 0
    endloop
  endfacet
  facet normal 0.88192 -0.471399 0
    outer loop
      vertex 9.52628 -5.5 6
      vertex 9.8656 -4.86518 0
      vertex 9.8656 -4.86518 6
    endloop
  endfacet
  facet normal 0.88192 -0.471399 0
    outer loop
      vertex 9.8656 -4.86518 0
      vertex 9.52628 -5.5 6
      vertex 9.52628 -5.5 0
    endloop
  endfacet
  facet normal 0.227004 -0.973894 0
    outer loop
      vertex 2.14599 -10.7886 0
      vertex 2.84701 -10.6252 6
      vertex 2.14599 -10.7886 6
    endloop
  endfacet
  facet normal 0.227004 -0.973894 0
    outer loop
      vertex 2.84701 -10.6252 6
      vertex 2.14599 -10.7886 0
      vertex 2.84701 -10.6252 0
    endloop
  endfacet
  facet normal 0.683598 -0.729859 0
    outer loop
      vertex 7.2528 -8.27024 0
      vertex 7.77817 -7.77817 6
      vertex 7.2528 -8.27024 6
    endloop
  endfacet
  facet normal 0.683598 -0.729859 0
    outer loop
      vertex 7.77817 -7.77817 6
      vertex 7.2528 -8.27024 0
      vertex 7.77817 -7.77817 0
    endloop
  endfacet
  facet normal -0.352178 -0.935933 0
    outer loop
      vertex -4.20952 -10.1627 0
      vertex -3.53583 -10.4162 6
      vertex -4.20952 -10.1627 6
    endloop
  endfacet
  facet normal -0.352178 -0.935933 -0
    outer loop
      vertex -3.53583 -10.4162 6
      vertex -4.20952 -10.1627 0
      vertex -3.53583 -10.4162 0
    endloop
  endfacet
  facet normal 0.995192 0.0979416 0
    outer loop
      vertex 10.9764 0.719434 6
      vertex 10.9059 1.43579 0
      vertex 10.9059 1.43579 6
    endloop
  endfacet
  facet normal 0.995192 0.0979416 0
    outer loop
      vertex 10.9059 1.43579 0
      vertex 10.9764 0.719434 6
      vertex 10.9764 0.719434 0
    endloop
  endfacet
  facet normal 0.956922 0.290347 0
    outer loop
      vertex 10.6252 2.84701 6
      vertex 10.4162 3.53583 0
      vertex 10.4162 3.53583 6
    endloop
  endfacet
  facet normal 0.956922 0.290347 0
    outer loop
      vertex 10.4162 3.53583 0
      vertex 10.6252 2.84701 6
      vertex 10.6252 2.84701 0
    endloop
  endfacet
  facet normal 0.849197 0.528076 0
    outer loop
      vertex 9.52628 5.5 6
      vertex 9.14616 6.11127 0
      vertex 9.14616 6.11127 6
    endloop
  endfacet
  facet normal 0.849197 0.528076 0
    outer loop
      vertex 9.14616 6.11127 0
      vertex 9.52628 5.5 6
      vertex 9.52628 5.5 0
    endloop
  endfacet
  facet normal 0.773011 0.634393 0
    outer loop
      vertex 8.72689 6.69637 6
      vertex 8.27024 7.2528 0
      vertex 8.27024 7.2528 6
    endloop
  endfacet
  facet normal 0.773011 0.634393 0
    outer loop
      vertex 8.27024 7.2528 0
      vertex 8.72689 6.69637 6
      vertex 8.72689 6.69637 0
    endloop
  endfacet
  facet normal 0.88192 0.471399 0
    outer loop
      vertex 9.8656 4.86518 6
      vertex 9.52628 5.5 0
      vertex 9.52628 5.5 6
    endloop
  endfacet
  facet normal 0.88192 0.471399 0
    outer loop
      vertex 9.52628 5.5 0
      vertex 9.8656 4.86518 6
      vertex 9.8656 4.86518 0
    endloop
  endfacet
  facet normal 0.227004 0.973894 -0
    outer loop
      vertex 2.84701 10.6252 0
      vertex 2.14599 10.7886 6
      vertex 2.84701 10.6252 6
    endloop
  endfacet
  facet normal 0.227004 0.973894 0
    outer loop
      vertex 2.14599 10.7886 6
      vertex 2.84701 10.6252 0
      vertex 2.14599 10.7886 0
    endloop
  endfacet
  facet normal 0.162957 0.986633 -0
    outer loop
      vertex 2.14599 10.7886 0
      vertex 1.43579 10.9059 6
      vertex 2.14599 10.7886 6
    endloop
  endfacet
  facet normal 0.162957 0.986633 0
    outer loop
      vertex 1.43579 10.9059 6
      vertex 2.14599 10.7886 0
      vertex 1.43579 10.9059 0
    endloop
  endfacet
  facet normal 0.471399 0.88192 -0
    outer loop
      vertex 5.5 9.52628 0
      vertex 4.86518 9.8656 6
      vertex 5.5 9.52628 6
    endloop
  endfacet
  facet normal 0.471399 0.88192 0
    outer loop
      vertex 4.86518 9.8656 6
      vertex 5.5 9.52628 0
      vertex 4.86518 9.8656 0
    endloop
  endfacet
  facet normal 0.683598 0.729859 -0
    outer loop
      vertex 7.77817 7.77817 0
      vertex 7.2528 8.27024 6
      vertex 7.77817 7.77817 6
    endloop
  endfacet
  facet normal 0.683598 0.729859 0
    outer loop
      vertex 7.2528 8.27024 6
      vertex 7.77817 7.77817 0
      vertex 7.2528 8.27024 0
    endloop
  endfacet
  facet normal -0.973894 0.227004 0
    outer loop
      vertex -10.7886 2.14599 0
      vertex -10.6252 2.84701 6
      vertex -10.6252 2.84701 0
    endloop
  endfacet
  facet normal -0.973894 0.227004 0
    outer loop
      vertex -10.6252 2.84701 6
      vertex -10.7886 2.14599 0
      vertex -10.7886 2.14599 6
    endloop
  endfacet
  facet normal -0.729859 0.683598 0
    outer loop
      vertex -8.27024 7.2528 0
      vertex -7.77817 7.77817 6
      vertex -7.77817 7.77817 0
    endloop
  endfacet
  facet normal -0.729859 0.683598 0
    outer loop
      vertex -7.77817 7.77817 6
      vertex -8.27024 7.2528 0
      vertex -8.27024 7.2528 6
    endloop
  endfacet
  facet normal -0.910851 0.412735 0
    outer loop
      vertex -10.1627 4.20952 0
      vertex -9.8656 4.86518 6
      vertex -9.8656 4.86518 0
    endloop
  endfacet
  facet normal -0.910851 0.412735 0
    outer loop
      vertex -9.8656 4.86518 6
      vertex -10.1627 4.20952 0
      vertex -10.1627 4.20952 6
    endloop
  endfacet
  facet normal -0.986633 0.162957 0
    outer loop
      vertex -10.9059 1.43579 0
      vertex -10.7886 2.14599 6
      vertex -10.7886 2.14599 0
    endloop
  endfacet
  facet normal -0.986633 0.162957 0
    outer loop
      vertex -10.7886 2.14599 6
      vertex -10.9059 1.43579 0
      vertex -10.9059 1.43579 6
    endloop
  endfacet
  facet normal -0.528076 0.849197 0
    outer loop
      vertex -5.5 9.52628 0
      vertex -6.11127 9.14616 6
      vertex -5.5 9.52628 6
    endloop
  endfacet
  facet normal -0.528076 0.849197 0
    outer loop
      vertex -6.11127 9.14616 6
      vertex -5.5 9.52628 0
      vertex -6.11127 9.14616 0
    endloop
  endfacet
  facet normal -0.412735 0.910851 0
    outer loop
      vertex -4.20952 10.1627 0
      vertex -4.86518 9.8656 6
      vertex -4.20952 10.1627 6
    endloop
  endfacet
  facet normal -0.412735 0.910851 0
    outer loop
      vertex -4.86518 9.8656 6
      vertex -4.20952 10.1627 0
      vertex -4.86518 9.8656 0
    endloop
  endfacet
  facet normal -0.634393 0.773011 0
    outer loop
      vertex -6.69637 8.72689 0
      vertex -7.2528 8.27024 6
      vertex -6.69637 8.72689 6
    endloop
  endfacet
  facet normal -0.634393 0.773011 0
    outer loop
      vertex -7.2528 8.27024 6
      vertex -6.69637 8.72689 0
      vertex -7.2528 8.27024 0
    endloop
  endfacet
  facet normal -0.290347 0.956922 0
    outer loop
      vertex -2.84701 10.6252 0
      vertex -3.53583 10.4162 6
      vertex -2.84701 10.6252 6
    endloop
  endfacet
  facet normal -0.290347 0.956922 0
    outer loop
      vertex -3.53583 10.4162 6
      vertex -2.84701 10.6252 0
      vertex -3.53583 10.4162 0
    endloop
  endfacet
  facet normal -0.0979416 0.995192 0
    outer loop
      vertex -0.719434 10.9764 0
      vertex -1.43579 10.9059 6
      vertex -0.719434 10.9764 6
    endloop
  endfacet
  facet normal -0.0979416 0.995192 0
    outer loop
      vertex -1.43579 10.9059 6
      vertex -0.719434 10.9764 0
      vertex -1.43579 10.9059 0
    endloop
  endfacet
  facet normal 0.412735 -0.910851 0
    outer loop
      vertex 4.20952 -10.1627 0
      vertex 4.86518 -9.8656 6
      vertex 4.20952 -10.1627 6
    endloop
  endfacet
  facet normal 0.412735 -0.910851 0
    outer loop
      vertex 4.86518 -9.8656 6
      vertex 4.20952 -10.1627 0
      vertex 4.86518 -9.8656 0
    endloop
  endfacet
  facet normal 0.986633 -0.162957 0
    outer loop
      vertex 10.7886 -2.14599 6
      vertex 10.9059 -1.43579 0
      vertex 10.9059 -1.43579 6
    endloop
  endfacet
  facet normal 0.986633 -0.162957 0
    outer loop
      vertex 10.9059 -1.43579 0
      vertex 10.7886 -2.14599 6
      vertex 10.7886 -2.14599 0
    endloop
  endfacet
  facet normal 0.956922 -0.290347 0
    outer loop
      vertex 10.4162 -3.53583 6
      vertex 10.6252 -2.84701 0
      vertex 10.6252 -2.84701 6
    endloop
  endfacet
  facet normal 0.956922 -0.290347 0
    outer loop
      vertex 10.6252 -2.84701 0
      vertex 10.4162 -3.53583 6
      vertex 10.4162 -3.53583 0
    endloop
  endfacet
  facet normal 0.995192 -0.0979416 0
    outer loop
      vertex 10.9059 -1.43579 6
      vertex 10.9764 -0.719434 0
      vertex 10.9764 -0.719434 6
    endloop
  endfacet
  facet normal 0.995192 -0.0979416 0
    outer loop
      vertex 10.9764 -0.719434 0
      vertex 10.9059 -1.43579 6
      vertex 10.9059 -1.43579 0
    endloop
  endfacet
  facet normal -0.683598 -0.729859 0
    outer loop
      vertex -7.77817 -7.77817 0
      vertex -7.2528 -8.27024 6
      vertex -7.77817 -7.77817 6
    endloop
  endfacet
  facet normal -0.683598 -0.729859 -0
    outer loop
      vertex -7.2528 -8.27024 6
      vertex -7.77817 -7.77817 0
      vertex -7.2528 -8.27024 0
    endloop
  endfacet
  facet normal -0.162957 -0.986633 0
    outer loop
      vertex -2.14599 -10.7886 0
      vertex -1.43579 -10.9059 6
      vertex -2.14599 -10.7886 6
    endloop
  endfacet
  facet normal -0.162957 -0.986633 -0
    outer loop
      vertex -1.43579 -10.9059 6
      vertex -2.14599 -10.7886 0
      vertex -1.43579 -10.9059 0
    endloop
  endfacet
  facet normal -0.910851 -0.412735 0
    outer loop
      vertex -9.8656 -4.86518 0
      vertex -10.1627 -4.20952 6
      vertex -10.1627 -4.20952 0
    endloop
  endfacet
  facet normal -0.910851 -0.412735 0
    outer loop
      vertex -10.1627 -4.20952 6
      vertex -9.8656 -4.86518 0
      vertex -9.8656 -4.86518 6
    endloop
  endfacet
  facet normal -0.849197 -0.528076 0
    outer loop
      vertex -9.14616 -6.11127 0
      vertex -9.52628 -5.5 6
      vertex -9.52628 -5.5 0
    endloop
  endfacet
  facet normal -0.849197 -0.528076 0
    outer loop
      vertex -9.52628 -5.5 6
      vertex -9.14616 -6.11127 0
      vertex -9.14616 -6.11127 6
    endloop
  endfacet
  facet normal 0 0 -1
    outer loop
      vertex 2.5 0 0
      vertex 11 0 0
      vertex 10.9764 -0.719434 0
    endloop
  endfacet
  facet normal 0 0 -1
    outer loop
      vertex 2.49465 -0.163507 0
      vertex 10.9764 -0.719434 0
      vertex 10.9059 -1.43579 0
    endloop
  endfacet
  facet normal 0 0 -1
    outer loop
      vertex 11 0 0
      vertex 2.5 0 0
      vertex 10.9764 0.719434 0
    endloop
  endfacet
  facet normal 0 0 -1
    outer loop
      vertex 2.47861 -0.326315 0
      vertex 10.9059 -1.43579 0
      vertex 10.7886 -2.14599 0
    endloop
  endfacet
  facet normal 0 0 -1
    outer loop
      vertex 2.49465 0.163507 0
      vertex 10.9764 0.719434 0
      vertex 2.5 0 0
    endloop
  endfacet
  facet normal 0 0 -1
    outer loop
      vertex 2.45196 -0.487725 0
      vertex 10.7886 -2.14599 0
      vertex 10.6252 -2.84701 0
    endloop
  endfacet
  facet normal -0 0 -1
    outer loop
      vertex 10.9764 0.719434 0
      vertex 2.49465 0.163507 0
      vertex 10.9059 1.43579 0
    endloop
  endfacet
  facet normal 0 0 -1
    outer loop
      vertex 2.41481 -0.647047 0
      vertex 10.6252 -2.84701 0
      vertex 10.4162 -3.53583 0
    endloop
  endfacet
  facet normal 0 0 -1
    outer loop
      vertex 2.47861 0.326315 0
      vertex 10.9059 1.43579 0
      vertex 2.49465 0.163507 0
    endloop
  endfacet
  facet normal 0 0 -1
    outer loop
      vertex 2.36732 -0.803598 0
      vertex 10.4162 -3.53583 0
      vertex 10.1627 -4.20952 0
    endloop
  endfacet
  facet normal -0 0 -1
    outer loop
      vertex 10.9059 1.43579 0
      vertex 2.47861 0.326315 0
      vertex 10.7886 2.14599 0
    endloop
  endfacet
  facet normal 0 0 -1
    outer loop
      vertex 2.3097 -0.956708 0
      vertex 10.1627 -4.20952 0
      vertex 9.8656 -4.86518 0
    endloop
  endfacet
  facet normal 0 0 -1
    outer loop
      vertex 2.45196 0.487725 0
      vertex 10.7886 2.14599 0
      vertex 2.47861 0.326315 0
    endloop
  endfacet
  facet normal 0 0 -1
    outer loop
      vertex 2.24218 -1.10572 0
      vertex 9.8656 -4.86518 0
      vertex 9.52628 -5.5 0
    endloop
  endfacet
  facet normal -0 0 -1
    outer loop
      vertex 10.7886 2.14599 0
      vertex 2.45196 0.487725 0
      vertex 10.6252 2.84701 0
    endloop
  endfacet
  facet normal 0 0 -1
    outer loop
      vertex 2.16506 -1.25 0
      vertex 9.52628 -5.5 0
      vertex 9.14616 -6.11127 0
    endloop
  endfacet
  facet normal 0 0 -1
    outer loop
      vertex 2.41481 0.647047 0
      vertex 10.6252 2.84701 0
      vertex 2.45196 0.487725 0
    endloop
  endfacet
  facet normal 0 0 -1
    outer loop
      vertex 2.07867 -1.38893 0
      vertex 9.14616 -6.11127 0
      vertex 8.72689 -6.69637 0
    endloop
  endfacet
  facet normal -0 0 -1
    outer loop
      vertex 10.6252 2.84701 0
      vertex 2.41481 0.647047 0
      vertex 10.4162 3.53583 0
    endloop
  endfacet
  facet normal 0 0 -1
    outer loop
      vertex 1.98338 -1.5219 0
      vertex 8.72689 -6.69637 0
      vertex 8.27024 -7.2528 0
    endloop
  endfacet
  facet normal 0 0 -1
    outer loop
      vertex 2.36732 0.803598 0
      vertex 10.4162 3.53583 0
      vertex 2.41481 0.647047 0
    endloop
  endfacet
  facet normal 0 0 -1
    outer loop
      vertex 1.8796 -1.64836 0
      vertex 8.27024 -7.2528 0
      vertex 7.77817 -7.77817 0
    endloop
  endfacet
  facet normal -0 0 -1
    outer loop
      vertex 10.4162 3.53583 0
      vertex 2.36732 0.803598 0
      vertex 10.1627 4.20952 0
    endloop
  endfacet
  facet normal 0 0 -1
    outer loop
      vertex 1.76777 -1.76777 0
      vertex 7.77817 -7.77817 0
      vertex 7.2528 -8.27024 0
    endloop
  endfacet
  facet normal 0 0 -1
    outer loop
      vertex 2.3097 0.956708 0
      vertex 10.1627 4.20952 0
      vertex 2.36732 0.803598 0
    endloop
  endfacet
  facet normal 0 0 -1
    outer loop
      vertex 1.64836 -1.8796 0
      vertex 7.2528 -8.27024 0
      vertex 6.69637 -8.72689 0
    endloop
  endfacet
  facet normal -0 0 -1
    outer loop
      vertex 10.1627 4.20952 0
      vertex 2.3097 0.956708 0
      vertex 9.8656 4.86518 0
    endloop
  endfacet
  facet normal 0 0 -1
    outer loop
      vertex 1.5219 -1.98338 0
      vertex 6.69637 -8.72689 0
      vertex 6.11127 -9.14616 0
    endloop
  endfacet
  facet normal 0 0 -1
    outer loop
      vertex 2.24218 1.10572 0
      vertex 9.8656 4.86518 0
      vertex 2.3097 0.956708 0
    endloop
  endfacet
  facet normal 0 0 -1
    outer loop
      vertex 1.38893 -2.07867 0
      vertex 6.11127 -9.14616 0
      vertex 5.5 -9.52628 0
    endloop
  endfacet
  facet normal -0 0 -1
    outer loop
      vertex 9.8656 4.86518 0
      vertex 2.24218 1.10572 0
      vertex 9.52628 5.5 0
    endloop
  endfacet
  facet normal 0 0 -1
    outer loop
      vertex 1.25 -2.16506 0
      vertex 5.5 -9.52628 0
      vertex 4.86518 -9.8656 0
    endloop
  endfacet
  facet normal 0 0 -1
    outer loop
      vertex 2.16506 1.25 0
      vertex 9.52628 5.5 0
      vertex 2.24218 1.10572 0
    endloop
  endfacet
  facet normal 0 0 -1
    outer loop
      vertex 1.10572 -2.24218 0
      vertex 4.86518 -9.8656 0
      vertex 4.20952 -10.1627 0
    endloop
  endfacet
  facet normal -0 0 -1
    outer loop
      vertex 9.52628 5.5 0
      vertex 2.16506 1.25 0
      vertex 9.14616 6.11127 0
    endloop
  endfacet
  facet normal 0 0 -1
    outer loop
      vertex 0.956708 -2.3097 0
      vertex 4.20952 -10.1627 0
      vertex 3.53583 -10.4162 0
    endloop
  endfacet
  facet normal 0 0 -1
    outer loop
      vertex 2.07867 1.38893 0
      vertex 9.14616 6.11127 0
      vertex 2.16506 1.25 0
    endloop
  endfacet
  facet normal 0 0 -1
    outer loop
      vertex 0.803598 -2.36732 0
      vertex 3.53583 -10.4162 0
      vertex 2.84701 -10.6252 0
    endloop
  endfacet
  facet normal -0 0 -1
    outer loop
      vertex 9.14616 6.11127 0
      vertex 2.07867 1.38893 0
      vertex 8.72689 6.69637 0
    endloop
  endfacet
  facet normal 0 0 -1
    outer loop
      vertex 1.98338 1.5219 0
      vertex 8.72689 6.69637 0
      vertex 2.07867 1.38893 0
    endloop
  endfacet
  facet normal 0 0 -1
    outer loop
      vertex 10.9764 -0.719434 0
      vertex 2.49465 -0.163507 0
      vertex 2.5 0 0
    endloop
  endfacet
  facet normal 0 0 -1
    outer loop
      vertex 10.9059 -1.43579 0
      vertex 2.47861 -0.326315 0
      vertex 2.49465 -0.163507 0
    endloop
  endfacet
  facet normal 0 0 -1
    outer loop
      vertex 10.7886 -2.14599 0
      vertex 2.45196 -0.487725 0
      vertex 2.47861 -0.326315 0
    endloop
  endfacet
  facet normal 0 0 -1
    outer loop
      vertex 10.6252 -2.84701 0
      vertex 2.41481 -0.647047 0
      vertex 2.45196 -0.487725 0
    endloop
  endfacet
  facet normal 0 0 -1
    outer loop
      vertex 10.4162 -3.53583 0
      vertex 2.36732 -0.803598 0
      vertex 2.41481 -0.647047 0
    endloop
  endfacet
  facet normal 0 0 -1
    outer loop
      vertex 10.1627 -4.20952 0
      vertex 2.3097 -0.956708 0
      vertex 2.36732 -0.803598 0
    endloop
  endfacet
  facet normal 0 0 -1
    outer loop
      vertex 9.8656 -4.86518 0
      vertex 2.24218 -1.10572 0
      vertex 2.3097 -0.956708 0
    endloop
  endfacet
  facet normal 0 0 -1
    outer loop
      vertex 9.52628 -5.5 0
      vertex 2.16506 -1.25 0
      vertex 2.24218 -1.10572 0
    endloop
  endfacet
  facet normal 0 0 -1
    outer loop
      vertex 0.647047 -2.41481 0
      vertex 2.84701 -10.6252 0
      vertex 2.14599 -10.7886 0
    endloop
  endfacet
  facet normal 0 0 -1
    outer loop
      vertex 9.14616 -6.11127 0
      vertex 2.07867 -1.38893 0
      vertex 2.16506 -1.25 0
    endloop
  endfacet
  facet normal 0 0 -1
    outer loop
      vertex 8.72689 -6.69637 0
      vertex 1.98338 -1.5219 0
      vertex 2.07867 -1.38893 0
    endloop
  endfacet
  facet normal 0 0 -1
    outer loop
      vertex 8.27024 -7.2528 0
      vertex 1.8796 -1.64836 0
      vertex 1.98338 -1.5219 0
    endloop
  endfacet
  facet normal 0 0 -1
    outer loop
      vertex 7.77817 -7.77817 0
      vertex 1.76777 -1.76777 0
      vertex 1.8796 -1.64836 0
    endloop
  endfacet
  facet normal 0 0 -1
    outer loop
      vertex 7.2528 -8.27024 0
      vertex 1.64836 -1.8796 0
      vertex 1.76777 -1.76777 0
    endloop
  endfacet
  facet normal 0 0 -1
    outer loop
      vertex 6.69637 -8.72689 0
      vertex 1.5219 -1.98338 0
      vertex 1.64836 -1.8796 0
    endloop
  endfacet
  facet normal 0 0 -1
    outer loop
      vertex 0.487725 -2.45196 0
      vertex 2.14599 -10.7886 0
      vertex 1.43579 -10.9059 0
    endloop
  endfacet
  facet normal 0 0 -1
    outer loop
      vertex 6.11127 -9.14616 0
      vertex 1.38893 -2.07867 0
      vertex 1.5219 -1.98338 0
    endloop
  endfacet
  facet normal 0 0 -1
    outer loop
      vertex 5.5 -9.52628 0
      vertex 1.25 -2.16506 0
      vertex 1.38893 -2.07867 0
    endloop
  endfacet
  facet normal 0 0 -1
    outer loop
      vertex 4.86518 -9.8656 0
      vertex 1.10572 -2.24218 0
      vertex 1.25 -2.16506 0
    endloop
  endfacet
  facet normal 0 0 -1
    outer loop
      vertex 4.20952 -10.1627 0
      vertex 0.956708 -2.3097 0
      vertex 1.10572 -2.24218 0
    endloop
  endfacet
  facet normal 0 0 -1
    outer loop
      vertex 3.53583 -10.4162 0
      vertex 0.803598 -2.36732 0
      vertex 0.956708 -2.3097 0
    endloop
  endfacet
  facet normal 0 0 -1
    outer loop
      vertex 0.326315 -2.47861 0
      vertex 1.43579 -10.9059 0
      vertex 0.719434 -10.9764 0
    endloop
  endfacet
  facet normal 0 0 -1
    outer loop
      vertex 2.84701 -10.6252 0
      vertex 0.647047 -2.41481 0
      vertex 0.803598 -2.36732 0
    endloop
  endfacet
  facet normal 0 0 -1
    outer loop
      vertex 2.14599 -10.7886 0
      vertex 0.487725 -2.45196 0
      vertex 0.647047 -2.41481 0
    endloop
  endfacet
  facet normal 0 0 -1
    outer loop
      vertex 1.43579 -10.9059 0
      vertex 0.326315 -2.47861 0
      vertex 0.487725 -2.45196 0
    endloop
  endfacet
  facet normal 0 0 -1
    outer loop
      vertex 0.719434 -10.9764 0
      vertex 0.163507 -2.49465 0
      vertex 0.326315 -2.47861 0
    endloop
  endfacet
  facet normal 0 0 -1
    outer loop
      vertex 0 -11 0
      vertex 0.163507 -2.49465 0
      vertex 0.719434 -10.9764 0
    endloop
  endfacet
  facet normal 0 0 -1
    outer loop
      vertex 0 -11 0
      vertex 0 -2.5 0
      vertex 0.163507 -2.49465 0
    endloop
  endfacet
  facet normal 0 0 -1
    outer loop
      vertex 0 -11 0
      vertex -0.163507 -2.49465 0
      vertex 0 -2.5 0
    endloop
  endfacet
  facet normal 0 0 -1
    outer loop
      vertex -0.719434 -10.9764 0
      vertex -0.163507 -2.49465 0
      vertex 0 -11 0
    endloop
  endfacet
  facet normal -0 0 -1
    outer loop
      vertex -0.163507 -2.49465 0
      vertex -0.719434 -10.9764 0
      vertex -0.326315 -2.47861 0
    endloop
  endfacet
  facet normal 0 0 -1
    outer loop
      vertex -1.43579 -10.9059 0
      vertex -0.326315 -2.47861 0
      vertex -0.719434 -10.9764 0
    endloop
  endfacet
  facet normal -0 0 -1
    outer loop
      vertex -0.326315 -2.47861 0
      vertex -1.43579 -10.9059 0
      vertex -0.487725 -2.45196 0
    endloop
  endfacet
  facet normal 0 0 -1
    outer loop
      vertex -2.14599 -10.7886 0
      vertex -0.487725 -2.45196 0
      vertex -1.43579 -10.9059 0
    endloop
  endfacet
  facet normal -0 0 -1
    outer loop
      vertex -0.487725 -2.45196 0
      vertex -2.14599 -10.7886 0
      vertex -0.647047 -2.41481 0
    endloop
  endfacet
  facet normal 0 0 -1
    outer loop
      vertex -2.84701 -10.6252 0
      vertex -0.647047 -2.41481 0
      vertex -2.14599 -10.7886 0
    endloop
  endfacet
  facet normal -0 0 -1
    outer loop
      vertex -0.647047 -2.41481 0
      vertex -2.84701 -10.6252 0
      vertex -0.803598 -2.36732 0
    endloop
  endfacet
  facet normal 0 0 -1
    outer loop
      vertex -3.53583 -10.4162 0
      vertex -0.803598 -2.36732 0
      vertex -2.84701 -10.6252 0
    endloop
  endfacet
  facet normal -0 0 -1
    outer loop
      vertex -0.803598 -2.36732 0
      vertex -3.53583 -10.4162 0
      vertex -0.956708 -2.3097 0
    endloop
  endfacet
  facet normal 0 0 -1
    outer loop
      vertex -4.20952 -10.1627 0
      vertex -0.956708 -2.3097 0
      vertex -3.53583 -10.4162 0
    endloop
  endfacet
  facet normal -0 0 -1
    outer loop
      vertex -0.956708 -2.3097 0
      vertex -4.20952 -10.1627 0
      vertex -1.10572 -2.24218 0
    endloop
  endfacet
  facet normal 0 0 -1
    outer loop
      vertex -4.86518 -9.8656 0
      vertex -1.10572 -2.24218 0
      vertex -4.20952 -10.1627 0
    endloop
  endfacet
  facet normal -0 0 -1
    outer loop
      vertex -1.10572 -2.24218 0
      vertex -4.86518 -9.8656 0
      vertex -1.25 -2.16506 0
    endloop
  endfacet
  facet normal 0 0 -1
    outer loop
      vertex -5.5 -9.52628 0
      vertex -1.25 -2.16506 0
      vertex -4.86518 -9.8656 0
    endloop
  endfacet
  facet normal -0 0 -1
    outer loop
      vertex -1.25 -2.16506 0
      vertex -5.5 -9.52628 0
      vertex -1.38893 -2.07867 0
    endloop
  endfacet
  facet normal 0 0 -1
    outer loop
      vertex -6.11127 -9.14616 0
      vertex -1.38893 -2.07867 0
      vertex -5.5 -9.52628 0
    endloop
  endfacet
  facet normal -0 0 -1
    outer loop
      vertex -1.38893 -2.07867 0
      vertex -6.11127 -9.14616 0
      vertex -1.5219 -1.98338 0
    endloop
  endfacet
  facet normal 0 0 -1
    outer loop
      vertex -6.69637 -8.72689 0
      vertex -1.5219 -1.98338 0
      vertex -6.11127 -9.14616 0
    endloop
  endfacet
  facet normal -0 0 -1
    outer loop
      vertex -1.5219 -1.98338 0
      vertex -6.69637 -8.72689 0
      vertex -1.64836 -1.8796 0
    endloop
  endfacet
  facet normal 0 0 -1
    outer loop
      vertex -7.2528 -8.27024 0
      vertex -1.64836 -1.8796 0
      vertex -6.69637 -8.72689 0
    endloop
  endfacet
  facet normal -0 0 -1
    outer loop
      vertex -1.64836 -1.8796 0
      vertex -7.2528 -8.27024 0
      vertex -1.76777 -1.76777 0
    endloop
  endfacet
  facet normal 0 0 -1
    outer loop
      vertex -7.77817 -7.77817 0
      vertex -1.76777 -1.76777 0
      vertex -7.2528 -8.27024 0
    endloop
  endfacet
  facet normal -0 0 -1
    outer loop
      vertex -1.76777 -1.76777 0
      vertex -7.77817 -7.77817 0
      vertex -1.8796 -1.64836 0
    endloop
  endfacet
  facet normal 0 0 -1
    outer loop
      vertex -8.27024 -7.2528 0
      vertex -1.8796 -1.64836 0
      vertex -7.77817 -7.77817 0
    endloop
  endfacet
  facet normal 0 0 -1
    outer loop
      vertex -8.72689 -6.69637 0
      vertex -1.98338 -1.5219 0
      vertex -8.27024 -7.2528 0
    endloop
  endfacet
  facet normal -0 0 -1
    outer loop
      vertex -1.8796 -1.64836 0
      vertex -8.27024 -7.2528 0
      vertex -1.98338 -1.5219 0
    endloop
  endfacet
  facet normal -0 0 -1
    outer loop
      vertex 8.72689 6.69637 0
      vertex 1.98338 1.5219 0
      vertex 8.27024 7.2528 0
    endloop
  endfacet
  facet normal 0 0 -1
    outer loop
      vertex 1.8796 1.64836 0
      vertex 8.27024 7.2528 0
      vertex 1.98338 1.5219 0
    endloop
  endfacet
  facet normal -0 0 -1
    outer loop
      vertex 8.27024 7.2528 0
      vertex 1.8796 1.64836 0
      vertex 7.77817 7.77817 0
    endloop
  endfacet
  facet normal 0 0 -1
    outer loop
      vertex 1.76777 1.76777 0
      vertex 7.77817 7.77817 0
      vertex 1.8796 1.64836 0
    endloop
  endfacet
  facet normal -0 0 -1
    outer loop
      vertex 7.77817 7.77817 0
      vertex 1.76777 1.76777 0
      vertex 7.2528 8.27024 0
    endloop
  endfacet
  facet normal 0 0 -1
    outer loop
      vertex 1.64836 1.8796 0
      vertex 7.2528 8.27024 0
      vertex 1.76777 1.76777 0
    endloop
  endfacet
  facet normal -0 0 -1
    outer loop
      vertex 7.2528 8.27024 0
      vertex 1.64836 1.8796 0
      vertex 6.69637 8.72689 0
    endloop
  endfacet
  facet normal 0 0 -1
    outer loop
      vertex 1.5219 1.98338 0
      vertex 6.69637 8.72689 0
      vertex 1.64836 1.8796 0
    endloop
  endfacet
  facet normal -0 0 -1
    outer loop
      vertex 6.69637 8.72689 0
      vertex 1.5219 1.98338 0
      vertex 6.11127 9.14616 0
    endloop
  endfacet
  facet normal 0 0 -1
    outer loop
      vertex 1.38893 2.07867 0
      vertex 6.11127 9.14616 0
      vertex 1.5219 1.98338 0
    endloop
  endfacet
  facet normal -0 0 -1
    outer loop
      vertex 6.11127 9.14616 0
      vertex 1.38893 2.07867 0
      vertex 5.5 9.52628 0
    endloop
  endfacet
  facet normal 0 0 -1
    outer loop
      vertex 1.25 2.16506 0
      vertex 5.5 9.52628 0
      vertex 1.38893 2.07867 0
    endloop
  endfacet
  facet normal -0 0 -1
    outer loop
      vertex 5.5 9.52628 0
      vertex 1.25 2.16506 0
      vertex 4.86518 9.8656 0
    endloop
  endfacet
  facet normal 0 0 -1
    outer loop
      vertex 1.10572 2.24218 0
      vertex 4.86518 9.8656 0
      vertex 1.25 2.16506 0
    endloop
  endfacet
  facet normal -0 0 -1
    outer loop
      vertex 4.86518 9.8656 0
      vertex 1.10572 2.24218 0
      vertex 4.20952 10.1627 0
    endloop
  endfacet
  facet normal 0 0 -1
    outer loop
      vertex 0.956708 2.3097 0
      vertex 4.20952 10.1627 0
      vertex 1.10572 2.24218 0
    endloop
  endfacet
  facet normal -0 0 -1
    outer loop
      vertex 4.20952 10.1627 0
      vertex 0.956708 2.3097 0
      vertex 3.53583 10.4162 0
    endloop
  endfacet
  facet normal 0 0 -1
    outer loop
      vertex 0.803598 2.36732 0
      vertex 3.53583 10.4162 0
      vertex 0.956708 2.3097 0
    endloop
  endfacet
  facet normal -0 0 -1
    outer loop
      vertex 3.53583 10.4162 0
      vertex 0.803598 2.36732 0
      vertex 2.84701 10.6252 0
    endloop
  endfacet
  facet normal 0 0 -1
    outer loop
      vertex 0.647047 2.41481 0
      vertex 2.84701 10.6252 0
      vertex 0.803598 2.36732 0
    endloop
  endfacet
  facet normal -0 0 -1
    outer loop
      vertex 2.84701 10.6252 0
      vertex 0.647047 2.41481 0
      vertex 2.14599 10.7886 0
    endloop
  endfacet
  facet normal 0 0 -1
    outer loop
      vertex 0.487725 2.45196 0
      vertex 2.14599 10.7886 0
      vertex 0.647047 2.41481 0
    endloop
  endfacet
  facet normal -0 0 -1
    outer loop
      vertex 2.14599 10.7886 0
      vertex 0.487725 2.45196 0
      vertex 1.43579 10.9059 0
    endloop
  endfacet
  facet normal 0 0 -1
    outer loop
      vertex 0.326315 2.47861 0
      vertex 1.43579 10.9059 0
      vertex 0.487725 2.45196 0
    endloop
  endfacet
  facet normal -0 0 -1
    outer loop
      vertex 1.43579 10.9059 0
      vertex 0.326315 2.47861 0
      vertex 0.719434 10.9764 0
    endloop
  endfacet
  facet normal 0 0 -1
    outer loop
      vertex 0.163507 2.49465 0
      vertex 0.719434 10.9764 0
      vertex 0.326315 2.47861 0
    endloop
  endfacet
  facet normal 0 0 -1
    outer loop
      vertex 0 2.5 0
      vertex 0.719434 10.9764 0
      vertex 0.163507 2.49465 0
    endloop
  endfacet
  facet normal 0 0 -1
    outer loop
      vertex 0 2.5 0
      vertex 0 11 0
      vertex 0.719434 10.9764 0
    endloop
  endfacet
  facet normal 0 0 -1
    outer loop
      vertex -0.163507 2.49465 0
      vertex 0 11 0
      vertex 0 2.5 0
    endloop
  endfacet
  facet normal 0 0 -1
    outer loop
      vertex -0.719434 10.9764 0
      vertex -0.163507 2.49465 0
      vertex -0.326315 2.47861 0
    endloop
  endfacet
  facet normal 0 0 -1
    outer loop
      vertex -1.43579 10.9059 0
      vertex -0.326315 2.47861 0
      vertex -0.487725 2.45196 0
    endloop
  endfacet
  facet normal 0 0 -1
    outer loop
      vertex -2.14599 10.7886 0
      vertex -0.487725 2.45196 0
      vertex -0.647047 2.41481 0
    endloop
  endfacet
  facet normal 0 0 -1
    outer loop
      vertex -0.163507 2.49465 0
      vertex -0.719434 10.9764 0
      vertex 0 11 0
    endloop
  endfacet
  facet normal 0 0 -1
    outer loop
      vertex -2.84701 10.6252 0
      vertex -0.647047 2.41481 0
      vertex -0.803598 2.36732 0
    endloop
  endfacet
  facet normal 0 0 -1
    outer loop
      vertex -3.53583 10.4162 0
      vertex -0.803598 2.36732 0
      vertex -0.956708 2.3097 0
    endloop
  endfacet
  facet normal 0 0 -1
    outer loop
      vertex -4.20952 10.1627 0
      vertex -0.956708 2.3097 0
      vertex -1.10572 2.24218 0
    endloop
  endfacet
  facet normal 0 0 -1
    outer loop
      vertex -4.86518 9.8656 0
      vertex -1.10572 2.24218 0
      vertex -1.25 2.16506 0
    endloop
  endfacet
  facet normal 0 0 -1
    outer loop
      vertex -5.5 9.52628 0
      vertex -1.25 2.16506 0
      vertex -1.38893 2.07867 0
    endloop
  endfacet
  facet normal 0 0 -1
    outer loop
      vertex -0.326315 2.47861 0
      vertex -1.43579 10.9059 0
      vertex -0.719434 10.9764 0
    endloop
  endfacet
  facet normal 0 0 -1
    outer loop
      vertex -6.11127 9.14616 0
      vertex -1.38893 2.07867 0
      vertex -1.5219 1.98338 0
    endloop
  endfacet
  facet normal 0 0 -1
    outer loop
      vertex -6.69637 8.72689 0
      vertex -1.5219 1.98338 0
      vertex -1.64836 1.8796 0
    endloop
  endfacet
  facet normal 0 0 -1
    outer loop
      vertex -7.2528 8.27024 0
      vertex -1.64836 1.8796 0
      vertex -1.76777 1.76777 0
    endloop
  endfacet
  facet normal 0 0 -1
    outer loop
      vertex -7.77817 7.77817 0
      vertex -1.76777 1.76777 0
      vertex -1.8796 1.64836 0
    endloop
  endfacet
  facet normal 0 0 -1
    outer loop
      vertex -8.27024 7.2528 0
      vertex -1.8796 1.64836 0
      vertex -1.98338 1.5219 0
    endloop
  endfacet
  facet normal 0 0 -1
    outer loop
      vertex -8.72689 6.69637 0
      vertex -1.98338 1.5219 0
      vertex -2.07867 1.38893 0
    endloop
  endfacet
  facet normal 0 0 -1
    outer loop
      vertex -0.487725 2.45196 0
      vertex -2.14599 10.7886 0
      vertex -1.43579 10.9059 0
    endloop
  endfacet
  facet normal 0 0 -1
    outer loop
      vertex -9.14616 6.11127 0
      vertex -2.07867 1.38893 0
      vertex -2.16506 1.25 0
    endloop
  endfacet
  facet normal 0 0 -1
    outer loop
      vertex -9.52628 5.5 0
      vertex -2.16506 1.25 0
      vertex -2.24218 1.10572 0
    endloop
  endfacet
  facet normal 0 0 -1
    outer loop
      vertex -9.8656 4.86518 0
      vertex -2.24218 1.10572 0
      vertex -2.3097 0.956708 0
    endloop
  endfacet
  facet normal 0 0 -1
    outer loop
      vertex -10.1627 4.20952 0
      vertex -2.3097 0.956708 0
      vertex -2.36732 0.803598 0
    endloop
  endfacet
  facet normal 0 0 -1
    outer loop
      vertex -10.4162 3.53583 0
      vertex -2.36732 0.803598 0
      vertex -2.41481 0.647047 0
    endloop
  endfacet
  facet normal 0 0 -1
    outer loop
      vertex -10.6252 2.84701 0
      vertex -2.41481 0.647047 0
      vertex -2.45196 0.487725 0
    endloop
  endfacet
  facet normal 0 0 -1
    outer loop
      vertex -10.7886 2.14599 0
      vertex -2.45196 0.487725 0
      vertex -2.47861 0.326315 0
    endloop
  endfacet
  facet normal 0 0 -1
    outer loop
      vertex -10.9059 1.43579 0
      vertex -2.47861 0.326315 0
      vertex -2.49465 0.163507 0
    endloop
  endfacet
  facet normal 0 0 -1
    outer loop
      vertex -0.647047 2.41481 0
      vertex -2.84701 10.6252 0
      vertex -2.14599 10.7886 0
    endloop
  endfacet
  facet normal 0 0 -1
    outer loop
      vertex -10.9764 0.719434 0
      vertex -2.49465 0.163507 0
      vertex -2.5 0 0
    endloop
  endfacet
  facet normal -0 0 -1
    outer loop
      vertex -1.98338 -1.5219 0
      vertex -8.72689 -6.69637 0
      vertex -2.07867 -1.38893 0
    endloop
  endfacet
  facet normal 0 0 -1
    outer loop
      vertex -9.14616 -6.11127 0
      vertex -2.07867 -1.38893 0
      vertex -8.72689 -6.69637 0
    endloop
  endfacet
  facet normal 0 0 -1
    outer loop
      vertex -0.803598 2.36732 0
      vertex -3.53583 10.4162 0
      vertex -2.84701 10.6252 0
    endloop
  endfacet
  facet normal -0 0 -1
    outer loop
      vertex -2.07867 -1.38893 0
      vertex -9.14616 -6.11127 0
      vertex -2.16506 -1.25 0
    endloop
  endfacet
  facet normal 0 0 -1
    outer loop
      vertex -0.956708 2.3097 0
      vertex -4.20952 10.1627 0
      vertex -3.53583 10.4162 0
    endloop
  endfacet
  facet normal 0 0 -1
    outer loop
      vertex -9.52628 -5.5 0
      vertex -2.16506 -1.25 0
      vertex -9.14616 -6.11127 0
    endloop
  endfacet
  facet normal 0 0 -1
    outer loop
      vertex -1.10572 2.24218 0
      vertex -4.86518 9.8656 0
      vertex -4.20952 10.1627 0
    endloop
  endfacet
  facet normal -0 0 -1
    outer loop
      vertex -2.16506 -1.25 0
      vertex -9.52628 -5.5 0
      vertex -2.24218 -1.10572 0
    endloop
  endfacet
  facet normal 0 0 -1
    outer loop
      vertex -1.25 2.16506 0
      vertex -5.5 9.52628 0
      vertex -4.86518 9.8656 0
    endloop
  endfacet
  facet normal 0 0 -1
    outer loop
      vertex -9.8656 -4.86518 0
      vertex -2.24218 -1.10572 0
      vertex -9.52628 -5.5 0
    endloop
  endfacet
  facet normal 0 0 -1
    outer loop
      vertex -1.38893 2.07867 0
      vertex -6.11127 9.14616 0
      vertex -5.5 9.52628 0
    endloop
  endfacet
  facet normal -0 0 -1
    outer loop
      vertex -2.24218 -1.10572 0
      vertex -9.8656 -4.86518 0
      vertex -2.3097 -0.956708 0
    endloop
  endfacet
  facet normal 0 0 -1
    outer loop
      vertex -1.5219 1.98338 0
      vertex -6.69637 8.72689 0
      vertex -6.11127 9.14616 0
    endloop
  endfacet
  facet normal 0 0 -1
    outer loop
      vertex -10.1627 -4.20952 0
      vertex -2.3097 -0.956708 0
      vertex -9.8656 -4.86518 0
    endloop
  endfacet
  facet normal 0 0 -1
    outer loop
      vertex -1.64836 1.8796 0
      vertex -7.2528 8.27024 0
      vertex -6.69637 8.72689 0
    endloop
  endfacet
  facet normal -0 0 -1
    outer loop
      vertex -2.3097 -0.956708 0
      vertex -10.1627 -4.20952 0
      vertex -2.36732 -0.803598 0
    endloop
  endfacet
  facet normal 0 0 -1
    outer loop
      vertex -1.76777 1.76777 0
      vertex -7.77817 7.77817 0
      vertex -7.2528 8.27024 0
    endloop
  endfacet
  facet normal 0 0 -1
    outer loop
      vertex -10.4162 -3.53583 0
      vertex -2.36732 -0.803598 0
      vertex -10.1627 -4.20952 0
    endloop
  endfacet
  facet normal 0 0 -1
    outer loop
      vertex -1.8796 1.64836 0
      vertex -8.27024 7.2528 0
      vertex -7.77817 7.77817 0
    endloop
  endfacet
  facet normal -0 0 -1
    outer loop
      vertex -2.36732 -0.803598 0
      vertex -10.4162 -3.53583 0
      vertex -2.41481 -0.647047 0
    endloop
  endfacet
  facet normal 0 0 -1
    outer loop
      vertex -1.98338 1.5219 0
      vertex -8.72689 6.69637 0
      vertex -8.27024 7.2528 0
    endloop
  endfacet
  facet normal 0 0 -1
    outer loop
      vertex -10.6252 -2.84701 0
      vertex -2.41481 -0.647047 0
      vertex -10.4162 -3.53583 0
    endloop
  endfacet
  facet normal 0 0 -1
    outer loop
      vertex -2.07867 1.38893 0
      vertex -9.14616 6.11127 0
      vertex -8.72689 6.69637 0
    endloop
  endfacet
  facet normal -0 0 -1
    outer loop
      vertex -2.41481 -0.647047 0
      vertex -10.6252 -2.84701 0
      vertex -2.45196 -0.487725 0
    endloop
  endfacet
  facet normal 0 0 -1
    outer loop
      vertex -2.16506 1.25 0
      vertex -9.52628 5.5 0
      vertex -9.14616 6.11127 0
    endloop
  endfacet
  facet normal 0 0 -1
    outer loop
      vertex -10.7886 -2.14599 0
      vertex -2.45196 -0.487725 0
      vertex -10.6252 -2.84701 0
    endloop
  endfacet
  facet normal 0 0 -1
    outer loop
      vertex -2.24218 1.10572 0
      vertex -9.8656 4.86518 0
      vertex -9.52628 5.5 0
    endloop
  endfacet
  facet normal -0 0 -1
    outer loop
      vertex -2.45196 -0.487725 0
      vertex -10.7886 -2.14599 0
      vertex -2.47861 -0.326315 0
    endloop
  endfacet
  facet normal 0 0 -1
    outer loop
      vertex -2.3097 0.956708 0
      vertex -10.1627 4.20952 0
      vertex -9.8656 4.86518 0
    endloop
  endfacet
  facet normal 0 0 -1
    outer loop
      vertex -10.9059 -1.43579 0
      vertex -2.47861 -0.326315 0
      vertex -10.7886 -2.14599 0
    endloop
  endfacet
  facet normal 0 0 -1
    outer loop
      vertex -2.36732 0.803598 0
      vertex -10.4162 3.53583 0
      vertex -10.1627 4.20952 0
    endloop
  endfacet
  facet normal -0 0 -1
    outer loop
      vertex -2.47861 -0.326315 0
      vertex -10.9059 -1.43579 0
      vertex -2.49465 -0.163507 0
    endloop
  endfacet
  facet normal 0 0 -1
    outer loop
      vertex -2.41481 0.647047 0
      vertex -10.6252 2.84701 0
      vertex -10.4162 3.53583 0
    endloop
  endfacet
  facet normal 0 0 -1
    outer loop
      vertex -10.9764 -0.719434 0
      vertex -2.49465 -0.163507 0
      vertex -10.9059 -1.43579 0
    endloop
  endfacet
  facet normal 0 0 -1
    outer loop
      vertex -2.45196 0.487725 0
      vertex -10.7886 2.14599 0
      vertex -10.6252 2.84701 0
    endloop
  endfacet
  facet normal -0 0 -1
    outer loop
      vertex -2.49465 -0.163507 0
      vertex -10.9764 -0.719434 0
      vertex -2.5 0 0
    endloop
  endfacet
  facet normal 0 0 -1
    outer loop
      vertex -2.47861 0.326315 0
      vertex -10.9059 1.43579 0
      vertex -10.7886 2.14599 0
    endloop
  endfacet
  facet normal 0 0 -1
    outer loop
      vertex -11 0 0
      vertex -2.5 0 0
      vertex -10.9764 -0.719434 0
    endloop
  endfacet
  facet normal 0 0 -1
    outer loop
      vertex -2.49465 0.163507 0
      vertex -10.9764 0.719434 0
      vertex -10.9059 1.43579 0
    endloop
  endfacet
  facet normal 0 0 -1
    outer loop
      vertex -2.5 0 0
      vertex -11 0 0
      vertex -10.9764 0.719434 0
    endloop
  endfacet
  facet normal 0.973894 0.227004 0
    outer loop
      vertex 10.7886 2.14599 6
      vertex 10.6252 2.84701 0
      vertex 10.6252 2.84701 6
    endloop
  endfacet
  facet normal 0.973894 0.227004 0
    outer loop
      vertex 10.6252 2.84701 0
      vertex 10.7886 2.14599 6
      vertex 10.7886 2.14599 0
    endloop
  endfacet
  facet normal 0.986633 0.162957 0
    outer loop
      vertex 10.9059 1.43579 6
      vertex 10.7886 2.14599 0
      vertex 10.7886 2.14599 6
    endloop
  endfacet
  facet normal 0.986633 0.162957 0
    outer loop
      vertex 10.7886 2.14599 0
      vertex 10.9059 1.43579 6
      vertex 10.9059 1.43579 0
    endloop
  endfacet
  facet normal 0.935933 0.352178 0
    outer loop
      vertex 10.4162 3.53583 6
      vertex 10.1627 4.20952 0
      vertex 10.1627 4.20952 6
    endloop
  endfacet
  facet normal 0.935933 0.352178 0
    outer loop
      vertex 10.1627 4.20952 0
      vertex 10.4162 3.53583 6
      vertex 10.4162 3.53583 0
    endloop
  endfacet
  facet normal 0.812851 0.582472 0
    outer loop
      vertex 9.14616 6.11127 6
      vertex 8.72689 6.69637 0
      vertex 8.72689 6.69637 6
    endloop
  endfacet
  facet normal 0.812851 0.582472 0
    outer loop
      vertex 8.72689 6.69637 0
      vertex 9.14616 6.11127 6
      vertex 9.14616 6.11127 0
    endloop
  endfacet
  facet normal 0.352178 0.935933 -0
    outer loop
      vertex 4.20952 10.1627 0
      vertex 3.53583 10.4162 6
      vertex 4.20952 10.1627 6
    endloop
  endfacet
  facet normal 0.352178 0.935933 0
    outer loop
      vertex 3.53583 10.4162 6
      vertex 4.20952 10.1627 0
      vertex 3.53583 10.4162 0
    endloop
  endfacet
  facet normal 0.290347 0.956922 -0
    outer loop
      vertex 3.53583 10.4162 0
      vertex 2.84701 10.6252 6
      vertex 3.53583 10.4162 6
    endloop
  endfacet
  facet normal 0.290347 0.956922 0
    outer loop
      vertex 2.84701 10.6252 6
      vertex 3.53583 10.4162 0
      vertex 2.84701 10.6252 0
    endloop
  endfacet
  facet normal 0.0979416 0.995192 -0
    outer loop
      vertex 1.43579 10.9059 0
      vertex 0.719434 10.9764 6
      vertex 1.43579 10.9059 6
    endloop
  endfacet
  facet normal 0.0979416 0.995192 0
    outer loop
      vertex 0.719434 10.9764 6
      vertex 1.43579 10.9059 0
      vertex 0.719434 10.9764 0
    endloop
  endfacet
  facet normal 0.528076 0.849197 -0
    outer loop
      vertex 6.11127 9.14616 0
      vertex 5.5 9.52628 6
      vertex 6.11127 9.14616 6
    endloop
  endfacet
  facet normal 0.528076 0.849197 0
    outer loop
      vertex 5.5 9.52628 6
      vertex 6.11127 9.14616 0
      vertex 5.5 9.52628 0
    endloop
  endfacet
  facet normal 0.582472 0.812851 -0
    outer loop
      vertex 6.69637 8.72689 0
      vertex 6.11127 9.14616 6
      vertex 6.69637 8.72689 6
    endloop
  endfacet
  facet normal 0.582472 0.812851 0
    outer loop
      vertex 6.11127 9.14616 6
      vertex 6.69637 8.72689 0
      vertex 6.11127 9.14616 0
    endloop
  endfacet
  facet normal 0.634393 0.773011 -0
    outer loop
      vertex 7.2528 8.27024 0
      vertex 6.69637 8.72689 6
      vertex 7.2528 8.27024 6
    endloop
  endfacet
  facet normal 0.634393 0.773011 0
    outer loop
      vertex 6.69637 8.72689 6
      vertex 7.2528 8.27024 0
      vertex 6.69637 8.72689 0
    endloop
  endfacet
  facet normal -0.88192 0.471399 0
    outer loop
      vertex -9.8656 4.86518 0
      vertex -9.52628 5.5 6
      vertex -9.52628 5.5 0
    endloop
  endfacet
  facet normal -0.88192 0.471399 0
    outer loop
      vertex -9.52628 5.5 6
      vertex -9.8656 4.86518 0
      vertex -9.8656 4.86518 6
    endloop
  endfacet
  facet normal -0.935933 0.352178 0
    outer loop
      vertex -10.4162 3.53583 0
      vertex -10.1627 4.20952 6
      vertex -10.1627 4.20952 0
    endloop
  endfacet
  facet normal -0.935933 0.352178 0
    outer loop
      vertex -10.1627 4.20952 6
      vertex -10.4162 3.53583 0
      vertex -10.4162 3.53583 6
    endloop
  endfacet
  facet normal -0.956922 0.290347 0
    outer loop
      vertex -10.6252 2.84701 0
      vertex -10.4162 3.53583 6
      vertex -10.4162 3.53583 0
    endloop
  endfacet
  facet normal -0.956922 0.290347 0
    outer loop
      vertex -10.4162 3.53583 6
      vertex -10.6252 2.84701 0
      vertex -10.6252 2.84701 6
    endloop
  endfacet
  facet normal -0.995192 0.0979416 0
    outer loop
      vertex -10.9764 0.719434 0
      vertex -10.9059 1.43579 6
      vertex -10.9059 1.43579 0
    endloop
  endfacet
  facet normal -0.995192 0.0979416 0
    outer loop
      vertex -10.9059 1.43579 6
      vertex -10.9764 0.719434 0
      vertex -10.9764 0.719434 6
    endloop
  endfacet
  facet normal 0 0 1
    outer loop
      vertex 2.5 0 6
      vertex 11 0 6
      vertex 10.9764 0.719434 6
    endloop
  endfacet
  facet normal 0 0 1
    outer loop
      vertex 2.49465 0.163507 6
      vertex 10.9764 0.719434 6
      vertex 10.9059 1.43579 6
    endloop
  endfacet
  facet normal 0 0 1
    outer loop
      vertex 11 0 6
      vertex 2.5 0 6
      vertex 10.9764 -0.719434 6
    endloop
  endfacet
  facet normal 0 0 1
    outer loop
      vertex 2.47861 0.326315 6
      vertex 10.9059 1.43579 6
      vertex 10.7886 2.14599 6
    endloop
  endfacet
  facet normal -0 0 1
    outer loop
      vertex 2.49465 -0.163507 6
      vertex 10.9764 -0.719434 6
      vertex 2.5 0 6
    endloop
  endfacet
  facet normal 0 0 1
    outer loop
      vertex 2.45196 0.487725 6
      vertex 10.7886 2.14599 6
      vertex 10.6252 2.84701 6
    endloop
  endfacet
  facet normal 0 0 1
    outer loop
      vertex 10.9764 -0.719434 6
      vertex 2.49465 -0.163507 6
      vertex 10.9059 -1.43579 6
    endloop
  endfacet
  facet normal 0 0 1
    outer loop
      vertex 2.41481 0.647047 6
      vertex 10.6252 2.84701 6
      vertex 10.4162 3.53583 6
    endloop
  endfacet
  facet normal -0 0 1
    outer loop
      vertex 2.47861 -0.326315 6
      vertex 10.9059 -1.43579 6
      vertex 2.49465 -0.163507 6
    endloop
  endfacet
  facet normal 0 0 1
    outer loop
      vertex 2.36732 0.803598 6
      vertex 10.4162 3.53583 6
      vertex 10.1627 4.20952 6
    endloop
  endfacet
  facet normal 0 0 1
    outer loop
      vertex 10.9059 -1.43579 6
      vertex 2.47861 -0.326315 6
      vertex 10.7886 -2.14599 6
    endloop
  endfacet
  facet normal 0 0 1
    outer loop
      vertex 2.3097 0.956708 6
      vertex 10.1627 4.20952 6
      vertex 9.8656 4.86518 6
    endloop
  endfacet
  facet normal -0 0 1
    outer loop
      vertex 2.45196 -0.487725 6
      vertex 10.7886 -2.14599 6
      vertex 2.47861 -0.326315 6
    endloop
  endfacet
  facet normal 0 0 1
    outer loop
      vertex 2.24218 1.10572 6
      vertex 9.8656 4.86518 6
      vertex 9.52628 5.5 6
    endloop
  endfacet
  facet normal 0 0 1
    outer loop
      vertex 10.7886 -2.14599 6
      vertex 2.45196 -0.487725 6
      vertex 10.6252 -2.84701 6
    endloop
  endfacet
  facet normal 0 0 1
    outer loop
      vertex 2.16506 1.25 6
      vertex 9.52628 5.5 6
      vertex 9.14616 6.11127 6
    endloop
  endfacet
  facet normal -0 0 1
    outer loop
      vertex 2.41481 -0.647047 6
      vertex 10.6252 -2.84701 6
      vertex 2.45196 -0.487725 6
    endloop
  endfacet
  facet normal 0 0 1
    outer loop
      vertex 2.07867 1.38893 6
      vertex 9.14616 6.11127 6
      vertex 8.72689 6.69637 6
    endloop
  endfacet
  facet normal 0 0 1
    outer loop
      vertex 10.6252 -2.84701 6
      vertex 2.41481 -0.647047 6
      vertex 10.4162 -3.53583 6
    endloop
  endfacet
  facet normal 0 0 1
    outer loop
      vertex 1.98338 1.5219 6
      vertex 8.72689 6.69637 6
      vertex 8.27024 7.2528 6
    endloop
  endfacet
  facet normal -0 0 1
    outer loop
      vertex 2.36732 -0.803598 6
      vertex 10.4162 -3.53583 6
      vertex 2.41481 -0.647047 6
    endloop
  endfacet
  facet normal 0 0 1
    outer loop
      vertex 1.8796 1.64836 6
      vertex 8.27024 7.2528 6
      vertex 7.77817 7.77817 6
    endloop
  endfacet
  facet normal 0 0 1
    outer loop
      vertex 10.4162 -3.53583 6
      vertex 2.36732 -0.803598 6
      vertex 10.1627 -4.20952 6
    endloop
  endfacet
  facet normal 0 0 1
    outer loop
      vertex 1.76777 1.76777 6
      vertex 7.77817 7.77817 6
      vertex 7.2528 8.27024 6
    endloop
  endfacet
  facet normal -0 0 1
    outer loop
      vertex 2.3097 -0.956708 6
      vertex 10.1627 -4.20952 6
      vertex 2.36732 -0.803598 6
    endloop
  endfacet
  facet normal 0 0 1
    outer loop
      vertex 1.64836 1.8796 6
      vertex 7.2528 8.27024 6
      vertex 6.69637 8.72689 6
    endloop
  endfacet
  facet normal 0 0 1
    outer loop
      vertex 10.1627 -4.20952 6
      vertex 2.3097 -0.956708 6
      vertex 9.8656 -4.86518 6
    endloop
  endfacet
  facet normal 0 0 1
    outer loop
      vertex 1.5219 1.98338 6
      vertex 6.69637 8.72689 6
      vertex 6.11127 9.14616 6
    endloop
  endfacet
  facet normal -0 0 1
    outer loop
      vertex 2.24218 -1.10572 6
      vertex 9.8656 -4.86518 6
      vertex 2.3097 -0.956708 6
    endloop
  endfacet
  facet normal 0 0 1
    outer loop
      vertex 1.38893 2.07867 6
      vertex 6.11127 9.14616 6
      vertex 5.5 9.52628 6
    endloop
  endfacet
  facet normal 0 0 1
    outer loop
      vertex 9.8656 -4.86518 6
      vertex 2.24218 -1.10572 6
      vertex 9.52628 -5.5 6
    endloop
  endfacet
  facet normal 0 0 1
    outer loop
      vertex 1.25 2.16506 6
      vertex 5.5 9.52628 6
      vertex 4.86518 9.8656 6
    endloop
  endfacet
  facet normal -0 0 1
    outer loop
      vertex 2.16506 -1.25 6
      vertex 9.52628 -5.5 6
      vertex 2.24218 -1.10572 6
    endloop
  endfacet
  facet normal 0 0 1
    outer loop
      vertex 1.10572 2.24218 6
      vertex 4.86518 9.8656 6
      vertex 4.20952 10.1627 6
    endloop
  endfacet
  facet normal 0 0 1
    outer loop
      vertex 9.52628 -5.5 6
      vertex 2.16506 -1.25 6
      vertex 9.14616 -6.11127 6
    endloop
  endfacet
  facet normal 0 0 1
    outer loop
      vertex 0.956708 2.3097 6
      vertex 4.20952 10.1627 6
      vertex 3.53583 10.4162 6
    endloop
  endfacet
  facet normal -0 0 1
    outer loop
      vertex 2.07867 -1.38893 6
      vertex 9.14616 -6.11127 6
      vertex 2.16506 -1.25 6
    endloop
  endfacet
  facet normal 0 0 1
    outer loop
      vertex 0.803598 2.36732 6
      vertex 3.53583 10.4162 6
      vertex 2.84701 10.6252 6
    endloop
  endfacet
  facet normal 0 0 1
    outer loop
      vertex 9.14616 -6.11127 6
      vertex 2.07867 -1.38893 6
      vertex 8.72689 -6.69637 6
    endloop
  endfacet
  facet normal -0 0 1
    outer loop
      vertex 1.98338 -1.5219 6
      vertex 8.72689 -6.69637 6
      vertex 2.07867 -1.38893 6
    endloop
  endfacet
  facet normal 0 0 1
    outer loop
      vertex 10.9764 0.719434 6
      vertex 2.49465 0.163507 6
      vertex 2.5 0 6
    endloop
  endfacet
  facet normal 0 0 1
    outer loop
      vertex 10.9059 1.43579 6
      vertex 2.47861 0.326315 6
      vertex 2.49465 0.163507 6
    endloop
  endfacet
  facet normal 0 0 1
    outer loop
      vertex 10.7886 2.14599 6
      vertex 2.45196 0.487725 6
      vertex 2.47861 0.326315 6
    endloop
  endfacet
  facet normal 0 0 1
    outer loop
      vertex 10.6252 2.84701 6
      vertex 2.41481 0.647047 6
      vertex 2.45196 0.487725 6
    endloop
  endfacet
  facet normal 0 0 1
    outer loop
      vertex 10.4162 3.53583 6
      vertex 2.36732 0.803598 6
      vertex 2.41481 0.647047 6
    endloop
  endfacet
  facet normal 0 0 1
    outer loop
      vertex 10.1627 4.20952 6
      vertex 2.3097 0.956708 6
      vertex 2.36732 0.803598 6
    endloop
  endfacet
  facet normal 0 0 1
    outer loop
      vertex 9.8656 4.86518 6
      vertex 2.24218 1.10572 6
      vertex 2.3097 0.956708 6
    endloop
  endfacet
  facet normal 0 0 1
    outer loop
      vertex 9.52628 5.5 6
      vertex 2.16506 1.25 6
      vertex 2.24218 1.10572 6
    endloop
  endfacet
  facet normal 0 0 1
    outer loop
      vertex 0.647047 2.41481 6
      vertex 2.84701 10.6252 6
      vertex 2.14599 10.7886 6
    endloop
  endfacet
  facet normal 0 0 1
    outer loop
      vertex 9.14616 6.11127 6
      vertex 2.07867 1.38893 6
      vertex 2.16506 1.25 6
    endloop
  endfacet
  facet normal 0 0 1
    outer loop
      vertex 8.72689 6.69637 6
      vertex 1.98338 1.5219 6
      vertex 2.07867 1.38893 6
    endloop
  endfacet
  facet normal 0 0 1
    outer loop
      vertex 8.27024 7.2528 6
      vertex 1.8796 1.64836 6
      vertex 1.98338 1.5219 6
    endloop
  endfacet
  facet normal 0 0 1
    outer loop
      vertex 7.77817 7.77817 6
      vertex 1.76777 1.76777 6
      vertex 1.8796 1.64836 6
    endloop
  endfacet
  facet normal 0 0 1
    outer loop
      vertex 7.2528 8.27024 6
      vertex 1.64836 1.8796 6
      vertex 1.76777 1.76777 6
    endloop
  endfacet
  facet normal 0 0 1
    outer loop
      vertex 6.69637 8.72689 6
      vertex 1.5219 1.98338 6
      vertex 1.64836 1.8796 6
    endloop
  endfacet
  facet normal 0 0 1
    outer loop
      vertex 0.487725 2.45196 6
      vertex 2.14599 10.7886 6
      vertex 1.43579 10.9059 6
    endloop
  endfacet
  facet normal 0 0 1
    outer loop
      vertex 6.11127 9.14616 6
      vertex 1.38893 2.07867 6
      vertex 1.5219 1.98338 6
    endloop
  endfacet
  facet normal 0 0 1
    outer loop
      vertex 5.5 9.52628 6
      vertex 1.25 2.16506 6
      vertex 1.38893 2.07867 6
    endloop
  endfacet
  facet normal 0 0 1
    outer loop
      vertex 4.86518 9.8656 6
      vertex 1.10572 2.24218 6
      vertex 1.25 2.16506 6
    endloop
  endfacet
  facet normal 0 0 1
    outer loop
      vertex 4.20952 10.1627 6
      vertex 0.956708 2.3097 6
      vertex 1.10572 2.24218 6
    endloop
  endfacet
  facet normal 0 0 1
    outer loop
      vertex 3.53583 10.4162 6
      vertex 0.803598 2.36732 6
      vertex 0.956708 2.3097 6
    endloop
  endfacet
  facet normal 0 0 1
    outer loop
      vertex 0.326315 2.47861 6
      vertex 1.43579 10.9059 6
      vertex 0.719434 10.9764 6
    endloop
  endfacet
  facet normal 0 0 1
    outer loop
      vertex 2.84701 10.6252 6
      vertex 0.647047 2.41481 6
      vertex 0.803598 2.36732 6
    endloop
  endfacet
  facet normal 0 0 1
    outer loop
      vertex 2.14599 10.7886 6
      vertex 0.487725 2.45196 6
      vertex 0.647047 2.41481 6
    endloop
  endfacet
  facet normal 0 0 1
    outer loop
      vertex 1.43579 10.9059 6
      vertex 0.326315 2.47861 6
      vertex 0.487725 2.45196 6
    endloop
  endfacet
  facet normal 0 0 1
    outer loop
      vertex 0.719434 10.9764 6
      vertex 0.163507 2.49465 6
      vertex 0.326315 2.47861 6
    endloop
  endfacet
  facet normal 0 0 1
    outer loop
      vertex 0 11 6
      vertex 0.163507 2.49465 6
      vertex 0.719434 10.9764 6
    endloop
  endfacet
  facet normal 0 0 1
    outer loop
      vertex 0 11 6
      vertex 0 2.5 6
      vertex 0.163507 2.49465 6
    endloop
  endfacet
  facet normal 0 0 1
    outer loop
      vertex 0 11 6
      vertex -0.163507 2.49465 6
      vertex 0 2.5 6
    endloop
  endfacet
  facet normal -0 0 1
    outer loop
      vertex -0.719434 10.9764 6
      vertex -0.163507 2.49465 6
      vertex 0 11 6
    endloop
  endfacet
  facet normal 0 0 1
    outer loop
      vertex -0.163507 2.49465 6
      vertex -0.719434 10.9764 6
      vertex -0.326315 2.47861 6
    endloop
  endfacet
  facet normal -0 0 1
    outer loop
      vertex -1.43579 10.9059 6
      vertex -0.326315 2.47861 6
      vertex -0.719434 10.9764 6
    endloop
  endfacet
  facet normal 0 0 1
    outer loop
      vertex -0.326315 2.47861 6
      vertex -1.43579 10.9059 6
      vertex -0.487725 2.45196 6
    endloop
  endfacet
  facet normal -0 0 1
    outer loop
      vertex -2.14599 10.7886 6
      vertex -0.487725 2.45196 6
      vertex -1.43579 10.9059 6
    endloop
  endfacet
  facet normal 0 0 1
    outer loop
      vertex -0.487725 2.45196 6
      vertex -2.14599 10.7886 6
      vertex -0.647047 2.41481 6
    endloop
  endfacet
  facet normal -0 0 1
    outer loop
      vertex -2.84701 10.6252 6
      vertex -0.647047 2.41481 6
      vertex -2.14599 10.7886 6
    endloop
  endfacet
  facet normal 0 0 1
    outer loop
      vertex -0.647047 2.41481 6
      vertex -2.84701 10.6252 6
      vertex -0.803598 2.36732 6
    endloop
  endfacet
  facet normal -0 0 1
    outer loop
      vertex -3.53583 10.4162 6
      vertex -0.803598 2.36732 6
      vertex -2.84701 10.6252 6
    endloop
  endfacet
  facet normal 0 0 1
    outer loop
      vertex -0.803598 2.36732 6
      vertex -3.53583 10.4162 6
      vertex -0.956708 2.3097 6
    endloop
  endfacet
  facet normal -0 0 1
    outer loop
      vertex -4.20952 10.1627 6
      vertex -0.956708 2.3097 6
      vertex -3.53583 10.4162 6
    endloop
  endfacet
  facet normal 0 0 1
    outer loop
      vertex -0.956708 2.3097 6
      vertex -4.20952 10.1627 6
      vertex -1.10572 2.24218 6
    endloop
  endfacet
  facet normal -0 0 1
    outer loop
      vertex -4.86518 9.8656 6
      vertex -1.10572 2.24218 6
      vertex -4.20952 10.1627 6
    endloop
  endfacet
  facet normal 0 0 1
    outer loop
      vertex -1.10572 2.24218 6
      vertex -4.86518 9.8656 6
      vertex -1.25 2.16506 6
    endloop
  endfacet
  facet normal -0 0 1
    outer loop
      vertex -5.5 9.52628 6
      vertex -1.25 2.16506 6
      vertex -4.86518 9.8656 6
    endloop
  endfacet
  facet normal 0 0 1
    outer loop
      vertex -1.25 2.16506 6
      vertex -5.5 9.52628 6
      vertex -1.38893 2.07867 6
    endloop
  endfacet
  facet normal -0 0 1
    outer loop
      vertex -6.11127 9.14616 6
      vertex -1.38893 2.07867 6
      vertex -5.5 9.52628 6
    endloop
  endfacet
  facet normal 0 0 1
    outer loop
      vertex -1.38893 2.07867 6
      vertex -6.11127 9.14616 6
      vertex -1.5219 1.98338 6
    endloop
  endfacet
  facet normal -0 0 1
    outer loop
      vertex -6.69637 8.72689 6
      vertex -1.5219 1.98338 6
      vertex -6.11127 9.14616 6
    endloop
  endfacet
  facet normal 0 0 1
    outer loop
      vertex -1.5219 1.98338 6
      vertex -6.69637 8.72689 6
      vertex -1.64836 1.8796 6
    endloop
  endfacet
  facet normal -0 0 1
    outer loop
      vertex -7.2528 8.27024 6
      vertex -1.64836 1.8796 6
      vertex -6.69637 8.72689 6
    endloop
  endfacet
  facet normal 0 0 1
    outer loop
      vertex -1.64836 1.8796 6
      vertex -7.2528 8.27024 6
      vertex -1.76777 1.76777 6
    endloop
  endfacet
  facet normal -0 0 1
    outer loop
      vertex -7.77817 7.77817 6
      vertex -1.76777 1.76777 6
      vertex -7.2528 8.27024 6
    endloop
  endfacet
  facet normal 0 0 1
    outer loop
      vertex -1.76777 1.76777 6
      vertex -7.77817 7.77817 6
      vertex -1.8796 1.64836 6
    endloop
  endfacet
  facet normal -0 0 1
    outer loop
      vertex -8.27024 7.2528 6
      vertex -1.8796 1.64836 6
      vertex -7.77817 7.77817 6
    endloop
  endfacet
  facet normal -0 0 1
    outer loop
      vertex -8.72689 6.69637 6
      vertex -1.98338 1.5219 6
      vertex -8.27024 7.2528 6
    endloop
  endfacet
  facet normal 0 0 1
    outer loop
      vertex -1.8796 1.64836 6
      vertex -8.27024 7.2528 6
      vertex -1.98338 1.5219 6
    endloop
  endfacet
  facet normal 0 0 1
    outer loop
      vertex 8.72689 -6.69637 6
      vertex 1.98338 -1.5219 6
      vertex 8.27024 -7.2528 6
    endloop
  endfacet
  facet normal -0 0 1
    outer loop
      vertex 1.8796 -1.64836 6
      vertex 8.27024 -7.2528 6
      vertex 1.98338 -1.5219 6
    endloop
  endfacet
  facet normal 0 0 1
    outer loop
      vertex 8.27024 -7.2528 6
      vertex 1.8796 -1.64836 6
      vertex 7.77817 -7.77817 6
    endloop
  endfacet
  facet normal -0 0 1
    outer loop
      vertex 1.76777 -1.76777 6
      vertex 7.77817 -7.77817 6
      vertex 1.8796 -1.64836 6
    endloop
  endfacet
  facet normal 0 0 1
    outer loop
      vertex 7.77817 -7.77817 6
      vertex 1.76777 -1.76777 6
      vertex 7.2528 -8.27024 6
    endloop
  endfacet
  facet normal -0 0 1
    outer loop
      vertex 1.64836 -1.8796 6
      vertex 7.2528 -8.27024 6
      vertex 1.76777 -1.76777 6
    endloop
  endfacet
  facet normal 0 0 1
    outer loop
      vertex 7.2528 -8.27024 6
      vertex 1.64836 -1.8796 6
      vertex 6.69637 -8.72689 6
    endloop
  endfacet
  facet normal -0 0 1
    outer loop
      vertex 1.5219 -1.98338 6
      vertex 6.69637 -8.72689 6
      vertex 1.64836 -1.8796 6
    endloop
  endfacet
  facet normal 0 0 1
    outer loop
      vertex 6.69637 -8.72689 6
      vertex 1.5219 -1.98338 6
      vertex 6.11127 -9.14616 6
    endloop
  endfacet
  facet normal -0 0 1
    outer loop
      vertex 1.38893 -2.07867 6
      vertex 6.11127 -9.14616 6
      vertex 1.5219 -1.98338 6
    endloop
  endfacet
  facet normal 0 0 1
    outer loop
      vertex 6.11127 -9.14616 6
      vertex 1.38893 -2.07867 6
      vertex 5.5 -9.52628 6
    endloop
  endfacet
  facet normal -0 0 1
    outer loop
      vertex 1.25 -2.16506 6
      vertex 5.5 -9.52628 6
      vertex 1.38893 -2.07867 6
    endloop
  endfacet
  facet normal 0 0 1
    outer loop
      vertex 5.5 -9.52628 6
      vertex 1.25 -2.16506 6
      vertex 4.86518 -9.8656 6
    endloop
  endfacet
  facet normal -0 0 1
    outer loop
      vertex 1.10572 -2.24218 6
      vertex 4.86518 -9.8656 6
      vertex 1.25 -2.16506 6
    endloop
  endfacet
  facet normal 0 0 1
    outer loop
      vertex 4.86518 -9.8656 6
      vertex 1.10572 -2.24218 6
      vertex 4.20952 -10.1627 6
    endloop
  endfacet
  facet normal -0 0 1
    outer loop
      vertex 0.956708 -2.3097 6
      vertex 4.20952 -10.1627 6
      vertex 1.10572 -2.24218 6
    endloop
  endfacet
  facet normal 0 0 1
    outer loop
      vertex 4.20952 -10.1627 6
      vertex 0.956708 -2.3097 6
      vertex 3.53583 -10.4162 6
    endloop
  endfacet
  facet normal -0 0 1
    outer loop
      vertex 0.803598 -2.36732 6
      vertex 3.53583 -10.4162 6
      vertex 0.956708 -2.3097 6
    endloop
  endfacet
  facet normal 0 0 1
    outer loop
      vertex 3.53583 -10.4162 6
      vertex 0.803598 -2.36732 6
      vertex 2.84701 -10.6252 6
    endloop
  endfacet
  facet normal -0 0 1
    outer loop
      vertex 0.647047 -2.41481 6
      vertex 2.84701 -10.6252 6
      vertex 0.803598 -2.36732 6
    endloop
  endfacet
  facet normal 0 0 1
    outer loop
      vertex 2.84701 -10.6252 6
      vertex 0.647047 -2.41481 6
      vertex 2.14599 -10.7886 6
    endloop
  endfacet
  facet normal -0 0 1
    outer loop
      vertex 0.487725 -2.45196 6
      vertex 2.14599 -10.7886 6
      vertex 0.647047 -2.41481 6
    endloop
  endfacet
  facet normal 0 0 1
    outer loop
      vertex 2.14599 -10.7886 6
      vertex 0.487725 -2.45196 6
      vertex 1.43579 -10.9059 6
    endloop
  endfacet
  facet normal -0 0 1
    outer loop
      vertex 0.326315 -2.47861 6
      vertex 1.43579 -10.9059 6
      vertex 0.487725 -2.45196 6
    endloop
  endfacet
  facet normal 0 0 1
    outer loop
      vertex 1.43579 -10.9059 6
      vertex 0.326315 -2.47861 6
      vertex 0.719434 -10.9764 6
    endloop
  endfacet
  facet normal -0 0 1
    outer loop
      vertex 0.163507 -2.49465 6
      vertex 0.719434 -10.9764 6
      vertex 0.326315 -2.47861 6
    endloop
  endfacet
  facet normal -0 0 1
    outer loop
      vertex 0 -2.5 6
      vertex 0.719434 -10.9764 6
      vertex 0.163507 -2.49465 6
    endloop
  endfacet
  facet normal 0 0 1
    outer loop
      vertex 0 -2.5 6
      vertex 0 -11 6
      vertex 0.719434 -10.9764 6
    endloop
  endfacet
  facet normal 0 0 1
    outer loop
      vertex -0.163507 -2.49465 6
      vertex 0 -11 6
      vertex 0 -2.5 6
    endloop
  endfacet
  facet normal 0 0 1
    outer loop
      vertex -0.719434 -10.9764 6
      vertex -0.163507 -2.49465 6
      vertex -0.326315 -2.47861 6
    endloop
  endfacet
  facet normal 0 0 1
    outer loop
      vertex -1.43579 -10.9059 6
      vertex -0.326315 -2.47861 6
      vertex -0.487725 -2.45196 6
    endloop
  endfacet
  facet normal 0 0 1
    outer loop
      vertex -2.14599 -10.7886 6
      vertex -0.487725 -2.45196 6
      vertex -0.647047 -2.41481 6
    endloop
  endfacet
  facet normal 0 0 1
    outer loop
      vertex -0.163507 -2.49465 6
      vertex -0.719434 -10.9764 6
      vertex 0 -11 6
    endloop
  endfacet
  facet normal 0 0 1
    outer loop
      vertex -2.84701 -10.6252 6
      vertex -0.647047 -2.41481 6
      vertex -0.803598 -2.36732 6
    endloop
  endfacet
  facet normal 0 0 1
    outer loop
      vertex -3.53583 -10.4162 6
      vertex -0.803598 -2.36732 6
      vertex -0.956708 -2.3097 6
    endloop
  endfacet
  facet normal 0 0 1
    outer loop
      vertex -4.20952 -10.1627 6
      vertex -0.956708 -2.3097 6
      vertex -1.10572 -2.24218 6
    endloop
  endfacet
  facet normal 0 0 1
    outer loop
      vertex -4.86518 -9.8656 6
      vertex -1.10572 -2.24218 6
      vertex -1.25 -2.16506 6
    endloop
  endfacet
  facet normal 0 0 1
    outer loop
      vertex -5.5 -9.52628 6
      vertex -1.25 -2.16506 6
      vertex -1.38893 -2.07867 6
    endloop
  endfacet
  facet normal 0 0 1
    outer loop
      vertex -0.326315 -2.47861 6
      vertex -1.43579 -10.9059 6
      vertex -0.719434 -10.9764 6
    endloop
  endfacet
  facet normal 0 0 1
    outer loop
      vertex -6.11127 -9.14616 6
      vertex -1.38893 -2.07867 6
      vertex -1.5219 -1.98338 6
    endloop
  endfacet
  facet normal 0 0 1
    outer loop
      vertex -6.69637 -8.72689 6
      vertex -1.5219 -1.98338 6
      vertex -1.64836 -1.8796 6
    endloop
  endfacet
  facet normal 0 0 1
    outer loop
      vertex -7.2528 -8.27024 6
      vertex -1.64836 -1.8796 6
      vertex -1.76777 -1.76777 6
    endloop
  endfacet
  facet normal 0 0 1
    outer loop
      vertex -7.77817 -7.77817 6
      vertex -1.76777 -1.76777 6
      vertex -1.8796 -1.64836 6
    endloop
  endfacet
  facet normal 0 0 1
    outer loop
      vertex -8.27024 -7.2528 6
      vertex -1.8796 -1.64836 6
      vertex -1.98338 -1.5219 6
    endloop
  endfacet
  facet normal 0 0 1
    outer loop
      vertex -8.72689 -6.69637 6
      vertex -1.98338 -1.5219 6
      vertex -2.07867 -1.38893 6
    endloop
  endfacet
  facet normal 0 0 1
    outer loop
      vertex -0.487725 -2.45196 6
      vertex -2.14599 -10.7886 6
      vertex -1.43579 -10.9059 6
    endloop
  endfacet
  facet normal 0 0 1
    outer loop
      vertex -9.14616 -6.11127 6
      vertex -2.07867 -1.38893 6
      vertex -2.16506 -1.25 6
    endloop
  endfacet
  facet normal 0 0 1
    outer loop
      vertex -9.52628 -5.5 6
      vertex -2.16506 -1.25 6
      vertex -2.24218 -1.10572 6
    endloop
  endfacet
  facet normal 0 0 1
    outer loop
      vertex -9.8656 -4.86518 6
      vertex -2.24218 -1.10572 6
      vertex -2.3097 -0.956708 6
    endloop
  endfacet
  facet normal 0 0 1
    outer loop
      vertex -10.1627 -4.20952 6
      vertex -2.3097 -0.956708 6
      vertex -2.36732 -0.803598 6
    endloop
  endfacet
  facet normal 0 0 1
    outer loop
      vertex -10.4162 -3.53583 6
      vertex -2.36732 -0.803598 6
      vertex -2.41481 -0.647047 6
    endloop
  endfacet
  facet normal 0 0 1
    outer loop
      vertex -10.6252 -2.84701 6
      vertex -2.41481 -0.647047 6
      vertex -2.45196 -0.487725 6
    endloop
  endfacet
  facet normal 0 0 1
    outer loop
      vertex -10.7886 -2.14599 6
      vertex -2.45196 -0.487725 6
      vertex -2.47861 -0.326315 6
    endloop
  endfacet
  facet normal 0 0 1
    outer loop
      vertex -10.9059 -1.43579 6
      vertex -2.47861 -0.326315 6
      vertex -2.49465 -0.163507 6
    endloop
  endfacet
  facet normal 0 0 1
    outer loop
      vertex -0.647047 -2.41481 6
      vertex -2.84701 -10.6252 6
      vertex -2.14599 -10.7886 6
    endloop
  endfacet
  facet normal 0 0 1
    outer loop
      vertex -10.9764 -0.719434 6
      vertex -2.49465 -0.163507 6
      vertex -2.5 0 6
    endloop
  endfacet
  facet normal 0 0 1
    outer loop
      vertex -1.98338 1.5219 6
      vertex -8.72689 6.69637 6
      vertex -2.07867 1.38893 6
    endloop
  endfacet
  facet normal -0 0 1
    outer loop
      vertex -9.14616 6.11127 6
      vertex -2.07867 1.38893 6
      vertex -8.72689 6.69637 6
    endloop
  endfacet
  facet normal 0 0 1
    outer loop
      vertex -0.803598 -2.36732 6
      vertex -3.53583 -10.4162 6
      vertex -2.84701 -10.6252 6
    endloop
  endfacet
  facet normal 0 0 1
    outer loop
      vertex -2.07867 1.38893 6
      vertex -9.14616 6.11127 6
      vertex -2.16506 1.25 6
    endloop
  endfacet
  facet normal 0 0 1
    outer loop
      vertex -0.956708 -2.3097 6
      vertex -4.20952 -10.1627 6
      vertex -3.53583 -10.4162 6
    endloop
  endfacet
  facet normal -0 0 1
    outer loop
      vertex -9.52628 5.5 6
      vertex -2.16506 1.25 6
      vertex -9.14616 6.11127 6
    endloop
  endfacet
  facet normal 0 0 1
    outer loop
      vertex -1.10572 -2.24218 6
      vertex -4.86518 -9.8656 6
      vertex -4.20952 -10.1627 6
    endloop
  endfacet
  facet normal 0 0 1
    outer loop
      vertex -2.16506 1.25 6
      vertex -9.52628 5.5 6
      vertex -2.24218 1.10572 6
    endloop
  endfacet
  facet normal 0 0 1
    outer loop
      vertex -1.25 -2.16506 6
      vertex -5.5 -9.52628 6
      vertex -4.86518 -9.8656 6
    endloop
  endfacet
  facet normal -0 0 1
    outer loop
      vertex -9.8656 4.86518 6
      vertex -2.24218 1.10572 6
      vertex -9.52628 5.5 6
    endloop
  endfacet
  facet normal 0 0 1
    outer loop
      vertex -1.38893 -2.07867 6
      vertex -6.11127 -9.14616 6
      vertex -5.5 -9.52628 6
    endloop
  endfacet
  facet normal 0 0 1
    outer loop
      vertex -2.24218 1.10572 6
      vertex -9.8656 4.86518 6
      vertex -2.3097 0.956708 6
    endloop
  endfacet
  facet normal 0 0 1
    outer loop
      vertex -1.5219 -1.98338 6
      vertex -6.69637 -8.72689 6
      vertex -6.11127 -9.14616 6
    endloop
  endfacet
  facet normal -0 0 1
    outer loop
      vertex -10.1627 4.20952 6
      vertex -2.3097 0.956708 6
      vertex -9.8656 4.86518 6
    endloop
  endfacet
  facet normal 0 0 1
    outer loop
      vertex -1.64836 -1.8796 6
      vertex -7.2528 -8.27024 6
      vertex -6.69637 -8.72689 6
    endloop
  endfacet
  facet normal 0 0 1
    outer loop
      vertex -2.3097 0.956708 6
      vertex -10.1627 4.20952 6
      vertex -2.36732 0.803598 6
    endloop
  endfacet
  facet normal 0 0 1
    outer loop
      vertex -1.76777 -1.76777 6
      vertex -7.77817 -7.77817 6
      vertex -7.2528 -8.27024 6
    endloop
  endfacet
  facet normal -0 0 1
    outer loop
      vertex -10.4162 3.53583 6
      vertex -2.36732 0.803598 6
      vertex -10.1627 4.20952 6
    endloop
  endfacet
  facet normal 0 0 1
    outer loop
      vertex -1.8796 -1.64836 6
      vertex -8.27024 -7.2528 6
      vertex -7.77817 -7.77817 6
    endloop
  endfacet
  facet normal 0 0 1
    outer loop
      vertex -2.36732 0.803598 6
      vertex -10.4162 3.53583 6
      vertex -2.41481 0.647047 6
    endloop
  endfacet
  facet normal 0 0 1
    outer loop
      vertex -1.98338 -1.5219 6
      vertex -8.72689 -6.69637 6
      vertex -8.27024 -7.2528 6
    endloop
  endfacet
  facet normal -0 0 1
    outer loop
      vertex -10.6252 2.84701 6
      vertex -2.41481 0.647047 6
      vertex -10.4162 3.53583 6
    endloop
  endfacet
  facet normal 0 0 1
    outer loop
      vertex -2.07867 -1.38893 6
      vertex -9.14616 -6.11127 6
      vertex -8.72689 -6.69637 6
    endloop
  endfacet
  facet normal 0 0 1
    outer loop
      vertex -2.41481 0.647047 6
      vertex -10.6252 2.84701 6
      vertex -2.45196 0.487725 6
    endloop
  endfacet
  facet normal 0 0 1
    outer loop
      vertex -2.16506 -1.25 6
      vertex -9.52628 -5.5 6
      vertex -9.14616 -6.11127 6
    endloop
  endfacet
  facet normal -0 0 1
    outer loop
      vertex -10.7886 2.14599 6
      vertex -2.45196 0.487725 6
      vertex -10.6252 2.84701 6
    endloop
  endfacet
  facet normal 0 0 1
    outer loop
      vertex -2.24218 -1.10572 6
      vertex -9.8656 -4.86518 6
      vertex -9.52628 -5.5 6
    endloop
  endfacet
  facet normal 0 0 1
    outer loop
      vertex -2.45196 0.487725 6
      vertex -10.7886 2.14599 6
      vertex -2.47861 0.326315 6
    endloop
  endfacet
  facet normal 0 0 1
    outer loop
      vertex -2.3097 -0.956708 6
      vertex -10.1627 -4.20952 6
      vertex -9.8656 -4.86518 6
    endloop
  endfacet
  facet normal -0 0 1
    outer loop
      vertex -10.9059 1.43579 6
      vertex -2.47861 0.326315 6
      vertex -10.7886 2.14599 6
    endloop
  endfacet
  facet normal 0 0 1
    outer loop
      vertex -2.36732 -0.803598 6
      vertex -10.4162 -3.53583 6
      vertex -10.1627 -4.20952 6
    endloop
  endfacet
  facet normal 0 0 1
    outer loop
      vertex -2.47861 0.326315 6
      vertex -10.9059 1.43579 6
      vertex -2.49465 0.163507 6
    endloop
  endfacet
  facet normal 0 0 1
    outer loop
      vertex -2.41481 -0.647047 6
      vertex -10.6252 -2.84701 6
      vertex -10.4162 -3.53583 6
    endloop
  endfacet
  facet normal -0 0 1
    outer loop
      vertex -10.9764 0.719434 6
      vertex -2.49465 0.163507 6
      vertex -10.9059 1.43579 6
    endloop
  endfacet
  facet normal 0 0 1
    outer loop
      vertex -2.45196 -0.487725 6
      vertex -10.7886 -2.14599 6
      vertex -10.6252 -2.84701 6
    endloop
  endfacet
  facet normal 0 0 1
    outer loop
      vertex -2.49465 0.163507 6
      vertex -10.9764 0.719434 6
      vertex -2.5 0 6
    endloop
  endfacet
  facet normal 0 0 1
    outer loop
      vertex -2.47861 -0.326315 6
      vertex -10.9059 -1.43579 6
      vertex -10.7886 -2.14599 6
    endloop
  endfacet
  facet normal 0 0 1
    outer loop
      vertex -11 0 6
      vertex -2.5 0 6
      vertex -10.9764 0.719434 6
    endloop
  endfacet
  facet normal 0 0 1
    outer loop
      vertex -2.49465 -0.163507 6
      vertex -10.9764 -0.719434 6
      vertex -10.9059 -1.43579 6
    endloop
  endfacet
  facet normal 0 0 1
    outer loop
      vertex -2.5 0 6
      vertex -11 0 6
      vertex -10.9764 -0.719434 6
    endloop
  endfacet
  facet normal -0.471399 0.88192 0
    outer loop
      vertex -4.86518 9.8656 0
      vertex -5.5 9.52628 6
      vertex -4.86518 9.8656 6
    endloop
  endfacet
  facet normal -0.471399 0.88192 0
    outer loop
      vertex -5.5 9.52628 6
      vertex -4.86518 9.8656 0
      vertex -5.5 9.52628 0
    endloop
  endfacet
  facet normal -0.582472 0.812851 0
    outer loop
      vertex -6.11127 9.14616 0
      vertex -6.69637 8.72689 6
      vertex -6.11127 9.14616 6
    endloop
  endfacet
  facet normal -0.582472 0.812851 0
    outer loop
      vertex -6.69637 8.72689 6
      vertex -6.11127 9.14616 0
      vertex -6.69637 8.72689 0
    endloop
  endfacet
  facet normal -0.352178 0.935933 0
    outer loop
      vertex -3.53583 10.4162 0
      vertex -4.20952 10.1627 6
      vertex -3.53583 10.4162 6
    endloop
  endfacet
  facet normal -0.352178 0.935933 0
    outer loop
      vertex -4.20952 10.1627 6
      vertex -3.53583 10.4162 0
      vertex -4.20952 10.1627 0
    endloop
  endfacet
  facet normal -0.227004 0.973894 0
    outer loop
      vertex -2.14599 10.7886 0
      vertex -2.84701 10.6252 6
      vertex -2.14599 10.7886 6
    endloop
  endfacet
  facet normal -0.227004 0.973894 0
    outer loop
      vertex -2.84701 10.6252 6
      vertex -2.14599 10.7886 0
      vertex -2.84701 10.6252 0
    endloop
  endfacet
  facet normal -0.0327859 0.999462 0
    outer loop
      vertex 0 11 0
      vertex -0.719434 10.9764 6
      vertex 0 11 6
    endloop
  endfacet
  facet normal -0.0327859 0.999462 0
    outer loop
      vertex -0.719434 10.9764 6
      vertex 0 11 0
      vertex -0.719434 10.9764 0
    endloop
  endfacet
  facet normal 0.999462 -0.0327859 0
    outer loop
      vertex 10.9764 -0.719434 6
      vertex 11 0 0
      vertex 11 0 6
    endloop
  endfacet
  facet normal 0.999462 -0.0327859 0
    outer loop
      vertex 11 0 0
      vertex 10.9764 -0.719434 6
      vertex 10.9764 -0.719434 0
    endloop
  endfacet
  facet normal 0.0327859 -0.999462 0
    outer loop
      vertex 0 -11 0
      vertex 0.719434 -10.9764 6
      vertex 0 -11 6
    endloop
  endfacet
  facet normal 0.0327859 -0.999462 0
    outer loop
      vertex 0.719434 -10.9764 6
      vertex 0 -11 0
      vertex 0.719434 -10.9764 0
    endloop
  endfacet
  facet normal 0.162957 -0.986633 0
    outer loop
      vertex 1.43579 -10.9059 0
      vertex 2.14599 -10.7886 6
      vertex 1.43579 -10.9059 6
    endloop
  endfacet
  facet normal 0.162957 -0.986633 0
    outer loop
      vertex 2.14599 -10.7886 6
      vertex 1.43579 -10.9059 0
      vertex 2.14599 -10.7886 0
    endloop
  endfacet
  facet normal 0.352178 -0.935933 0
    outer loop
      vertex 3.53583 -10.4162 0
      vertex 4.20952 -10.1627 6
      vertex 3.53583 -10.4162 6
    endloop
  endfacet
  facet normal 0.352178 -0.935933 0
    outer loop
      vertex 4.20952 -10.1627 6
      vertex 3.53583 -10.4162 0
      vertex 4.20952 -10.1627 0
    endloop
  endfacet
  facet normal 0.290347 -0.956922 0
    outer loop
      vertex 2.84701 -10.6252 0
      vertex 3.53583 -10.4162 6
      vertex 2.84701 -10.6252 6
    endloop
  endfacet
  facet normal 0.290347 -0.956922 0
    outer loop
      vertex 3.53583 -10.4162 6
      vertex 2.84701 -10.6252 0
      vertex 3.53583 -10.4162 0
    endloop
  endfacet
  facet normal 0.582472 -0.812851 0
    outer loop
      vertex 6.11127 -9.14616 0
      vertex 6.69637 -8.72689 6
      vertex 6.11127 -9.14616 6
    endloop
  endfacet
  facet normal 0.582472 -0.812851 0
    outer loop
      vertex 6.69637 -8.72689 6
      vertex 6.11127 -9.14616 0
      vertex 6.69637 -8.72689 0
    endloop
  endfacet
  facet normal 0.471399 -0.88192 0
    outer loop
      vertex 4.86518 -9.8656 0
      vertex 5.5 -9.52628 6
      vertex 4.86518 -9.8656 6
    endloop
  endfacet
  facet normal 0.471399 -0.88192 0
    outer loop
      vertex 5.5 -9.52628 6
      vertex 4.86518 -9.8656 0
      vertex 5.5 -9.52628 0
    endloop
  endfacet
  facet normal 0.528076 -0.849197 0
    outer loop
      vertex 5.5 -9.52628 0
      vertex 6.11127 -9.14616 6
      vertex 5.5 -9.52628 6
    endloop
  endfacet
  facet normal 0.528076 -0.849197 0
    outer loop
      vertex 6.11127 -9.14616 6
      vertex 5.5 -9.52628 0
      vertex 6.11127 -9.14616 0
    endloop
  endfacet
  facet normal 0.729859 -0.683598 0
    outer loop
      vertex 7.77817 -7.77817 6
      vertex 8.27024 -7.2528 0
      vertex 8.27024 -7.2528 6
    endloop
  endfacet
  facet normal 0.729859 -0.683598 0
    outer loop
      vertex 8.27024 -7.2528 0
      vertex 7.77817 -7.77817 6
      vertex 7.77817 -7.77817 0
    endloop
  endfacet
  facet normal 0.812851 -0.582472 0
    outer loop
      vertex 8.72689 -6.69637 6
      vertex 9.14616 -6.11127 0
      vertex 9.14616 -6.11127 6
    endloop
  endfacet
  facet normal 0.812851 -0.582472 0
    outer loop
      vertex 9.14616 -6.11127 0
      vertex 8.72689 -6.69637 6
      vertex 8.72689 -6.69637 0
    endloop
  endfacet
  facet normal 0.910851 -0.412735 0
    outer loop
      vertex 9.8656 -4.86518 6
      vertex 10.1627 -4.20952 0
      vertex 10.1627 -4.20952 6
    endloop
  endfacet
  facet normal 0.910851 -0.412735 0
    outer loop
      vertex 10.1627 -4.20952 0
      vertex 9.8656 -4.86518 6
      vertex 9.8656 -4.86518 0
    endloop
  endfacet
  facet normal 0.973894 -0.227004 0
    outer loop
      vertex 10.6252 -2.84701 6
      vertex 10.7886 -2.14599 0
      vertex 10.7886 -2.14599 6
    endloop
  endfacet
  facet normal 0.973894 -0.227004 0
    outer loop
      vertex 10.7886 -2.14599 0
      vertex 10.6252 -2.84701 6
      vertex 10.6252 -2.84701 0
    endloop
  endfacet
  facet normal -0.634393 -0.773011 0
    outer loop
      vertex -7.2528 -8.27024 0
      vertex -6.69637 -8.72689 6
      vertex -7.2528 -8.27024 6
    endloop
  endfacet
  facet normal -0.634393 -0.773011 -0
    outer loop
      vertex -6.69637 -8.72689 6
      vertex -7.2528 -8.27024 0
      vertex -6.69637 -8.72689 0
    endloop
  endfacet
  facet normal -0.412735 -0.910851 0
    outer loop
      vertex -4.86518 -9.8656 0
      vertex -4.20952 -10.1627 6
      vertex -4.86518 -9.8656 6
    endloop
  endfacet
  facet normal -0.412735 -0.910851 -0
    outer loop
      vertex -4.20952 -10.1627 6
      vertex -4.86518 -9.8656 0
      vertex -4.20952 -10.1627 0
    endloop
  endfacet
  facet normal -0.528076 -0.849197 0
    outer loop
      vertex -6.11127 -9.14616 0
      vertex -5.5 -9.52628 6
      vertex -6.11127 -9.14616 6
    endloop
  endfacet
  facet normal -0.528076 -0.849197 -0
    outer loop
      vertex -5.5 -9.52628 6
      vertex -6.11127 -9.14616 0
      vertex -5.5 -9.52628 0
    endloop
  endfacet
  facet normal -0.227004 -0.973894 0
    outer loop
      vertex -2.84701 -10.6252 0
      vertex -2.14599 -10.7886 6
      vertex -2.84701 -10.6252 6
    endloop
  endfacet
  facet normal -0.227004 -0.973894 -0
    outer loop
      vertex -2.14599 -10.7886 6
      vertex -2.84701 -10.6252 0
      vertex -2.14599 -10.7886 0
    endloop
  endfacet
  facet normal -0.0979416 -0.995192 0
    outer loop
      vertex -1.43579 -10.9059 0
      vertex -0.719434 -10.9764 6
      vertex -1.43579 -10.9059 6
    endloop
  endfacet
  facet normal -0.0979416 -0.995192 -0
    outer loop
      vertex -0.719434 -10.9764 6
      vertex -1.43579 -10.9059 0
      vertex -0.719434 -10.9764 0
    endloop
  endfacet
  facet normal -0.812851 -0.582472 0
    outer loop
      vertex -8.72689 -6.69637 0
      vertex -9.14616 -6.11127 6
      vertex -9.14616 -6.11127 0
    endloop
  endfacet
  facet normal -0.812851 -0.582472 0
    outer loop
      vertex -9.14616 -6.11127 6
      vertex -8.72689 -6.69637 0
      vertex -8.72689 -6.69637 6
    endloop
  endfacet
  facet normal -0.729859 -0.683598 0
    outer loop
      vertex -7.77817 -7.77817 0
      vertex -8.27024 -7.2528 6
      vertex -8.27024 -7.2528 0
    endloop
  endfacet
  facet normal -0.729859 -0.683598 0
    outer loop
      vertex -8.27024 -7.2528 6
      vertex -7.77817 -7.77817 0
      vertex -7.77817 -7.77817 6
    endloop
  endfacet
  facet normal -0.88192 -0.471399 0
    outer loop
      vertex -9.52628 -5.5 0
      vertex -9.8656 -4.86518 6
      vertex -9.8656 -4.86518 0
    endloop
  endfacet
  facet normal -0.88192 -0.471399 0
    outer loop
      vertex -9.8656 -4.86518 6
      vertex -9.52628 -5.5 0
      vertex -9.52628 -5.5 6
    endloop
  endfacet
  facet normal -0.956922 -0.290347 0
    outer loop
      vertex -10.4162 -3.53583 0
      vertex -10.6252 -2.84701 6
      vertex -10.6252 -2.84701 0
    endloop
  endfacet
  facet normal -0.956922 -0.290347 0
    outer loop
      vertex -10.6252 -2.84701 6
      vertex -10.4162 -3.53583 0
      vertex -10.4162 -3.53583 6
    endloop
  endfacet
  facet normal -0.986633 -0.162957 0
    outer loop
      vertex -10.7886 -2.14599 0
      vertex -10.9059 -1.43579 6
      vertex -10.9059 -1.43579 0
    endloop
  endfacet
  facet normal -0.986633 -0.162957 0
    outer loop
      vertex -10.9059 -1.43579 6
      vertex -10.7886 -2.14599 0
      vertex -10.7886 -2.14599 6
    endloop
  endfacet
  facet normal -0.999462 -0.0327859 0
    outer loop
      vertex -10.9764 -0.719434 0
      vertex -11 0 6
      vertex -11 0 0
    endloop
  endfacet
  facet normal -0.999462 -0.0327859 0
    outer loop
      vertex -11 0 6
      vertex -10.9764 -0.719434 0
      vertex -10.9764 -0.719434 6
    endloop
  endfacet
  facet normal -0.812851 0.582472 0
    outer loop
      vertex -9.14616 6.11127 0
      vertex -8.72689 6.69637 6
      vertex -8.72689 6.69637 0
    endloop
  endfacet
  facet normal -0.812851 0.582472 0
    outer loop
      vertex -8.72689 6.69637 6
      vertex -9.14616 6.11127 0
      vertex -9.14616 6.11127 6
    endloop
  endfacet
  facet normal -0.773011 0.634393 0
    outer loop
      vertex -8.72689 6.69637 0
      vertex -8.27024 7.2528 6
      vertex -8.27024 7.2528 0
    endloop
  endfacet
  facet normal -0.773011 0.634393 0
    outer loop
      vertex -8.27024 7.2528 6
      vertex -8.72689 6.69637 0
      vertex -8.72689 6.69637 6
    endloop
  endfacet
  facet normal 0.0979416 -0.995192 0
    outer loop
      vertex 0.719434 -10.9764 0
      vertex 1.43579 -10.9059 6
      vertex 0.719434 -10.9764 6
    endloop
  endfacet
  facet normal 0.0979416 -0.995192 0
    outer loop
      vertex 1.43579 -10.9059 6
      vertex 0.719434 -10.9764 0
      vertex 1.43579 -10.9059 0
    endloop
  endfacet
  facet normal 0.634393 -0.773011 0
    outer loop
      vertex 6.69637 -8.72689 0
      vertex 7.2528 -8.27024 6
      vertex 6.69637 -8.72689 6
    endloop
  endfacet
  facet normal 0.634393 -0.773011 0
    outer loop
      vertex 7.2528 -8.27024 6
      vertex 6.69637 -8.72689 0
      vertex 7.2528 -8.27024 0
    endloop
  endfacet
  facet normal 0.849197 -0.528076 0
    outer loop
      vertex 9.14616 -6.11127 6
      vertex 9.52628 -5.5 0
      vertex 9.52628 -5.5 6
    endloop
  endfacet
  facet normal 0.849197 -0.528076 0
    outer loop
      vertex 9.52628 -5.5 0
      vertex 9.14616 -6.11127 6
      vertex 9.14616 -6.11127 0
    endloop
  endfacet
  facet normal 0.773011 -0.634393 0
    outer loop
      vertex 8.27024 -7.2528 6
      vertex 8.72689 -6.69637 0
      vertex 8.72689 -6.69637 6
    endloop
  endfacet
  facet normal 0.773011 -0.634393 0
    outer loop
      vertex 8.72689 -6.69637 0
      vertex 8.27024 -7.2528 6
      vertex 8.27024 -7.2528 0
    endloop
  endfacet
  facet normal 0.935933 -0.352178 0
    outer loop
      vertex 10.1627 -4.20952 6
      vertex 10.4162 -3.53583 0
      vertex 10.4162 -3.53583 6
    endloop
  endfacet
  facet normal 0.935933 -0.352178 0
    outer loop
      vertex 10.4162 -3.53583 0
      vertex 10.1627 -4.20952 6
      vertex 10.1627 -4.20952 0
    endloop
  endfacet
  facet normal -0.582472 -0.812851 0
    outer loop
      vertex -6.69637 -8.72689 0
      vertex -6.11127 -9.14616 6
      vertex -6.69637 -8.72689 6
    endloop
  endfacet
  facet normal -0.582472 -0.812851 -0
    outer loop
      vertex -6.11127 -9.14616 6
      vertex -6.69637 -8.72689 0
      vertex -6.11127 -9.14616 0
    endloop
  endfacet
  facet normal -0.471399 -0.88192 0
    outer loop
      vertex -5.5 -9.52628 0
      vertex -4.86518 -9.8656 6
      vertex -5.5 -9.52628 6
    endloop
  endfacet
  facet normal -0.471399 -0.88192 -0
    outer loop
      vertex -4.86518 -9.8656 6
      vertex -5.5 -9.52628 0
      vertex -4.86518 -9.8656 0
    endloop
  endfacet
  facet normal -0.290347 -0.956922 0
    outer loop
      vertex -3.53583 -10.4162 0
      vertex -2.84701 -10.6252 6
      vertex -3.53583 -10.4162 6
    endloop
  endfacet
  facet normal -0.290347 -0.956922 -0
    outer loop
      vertex -2.84701 -10.6252 6
      vertex -3.53583 -10.4162 0
      vertex -2.84701 -10.6252 0
    endloop
  endfacet
  facet normal -0.773011 -0.634393 0
    outer loop
      vertex -8.27024 -7.2528 0
      vertex -8.72689 -6.69637 6
      vertex -8.72689 -6.69637 0
    endloop
  endfacet
  facet normal -0.773011 -0.634393 0
    outer loop
      vertex -8.72689 -6.69637 6
      vertex -8.27024 -7.2528 0
      vertex -8.27024 -7.2528 6
    endloop
  endfacet
  facet normal -0.935933 -0.352178 0
    outer loop
      vertex -10.1627 -4.20952 0
      vertex -10.4162 -3.53583 6
      vertex -10.4162 -3.53583 0
    endloop
  endfacet
  facet normal -0.935933 -0.352178 0
    outer loop
      vertex -10.4162 -3.53583 6
      vertex -10.1627 -4.20952 0
      vertex -10.1627 -4.20952 6
    endloop
  endfacet
  facet normal -0.995192 -0.0979416 0
    outer loop
      vertex -10.9059 -1.43579 0
      vertex -10.9764 -0.719434 6
      vertex -10.9764 -0.719434 0
    endloop
  endfacet
  facet normal -0.995192 -0.0979416 0
    outer loop
      vertex -10.9764 -0.719434 6
      vertex -10.9059 -1.43579 0
      vertex -10.9059 -1.43579 6
    endloop
  endfacet
  facet normal -0.999465 -0.0327028 0
    outer loop
      vertex 2.5 0 0
      vertex 2.49465 0.163507 6
      vertex 2.49465 0.163507 0
    endloop
  endfacet
  facet normal -0.999465 -0.0327028 0
    outer loop
      vertex 2.49465 0.163507 6
      vertex 2.5 0 0
      vertex 2.5 0 6
    endloop
  endfacet
  facet normal 0.999465 -0.0327028 0
    outer loop
      vertex -2.5 0 6
      vertex -2.49465 0.163507 0
      vertex -2.49465 0.163507 6
    endloop
  endfacet
  facet normal 0.999465 -0.0327028 0
    outer loop
      vertex -2.49465 0.163507 0
      vertex -2.5 0 6
      vertex -2.5 0 0
    endloop
  endfacet
  facet normal -0.0327028 -0.999465 0
    outer loop
      vertex 0 2.5 0
      vertex 0.163507 2.49465 6
      vertex 0 2.5 6
    endloop
  endfacet
  facet normal -0.0327028 -0.999465 -0
    outer loop
      vertex 0.163507 2.49465 6
      vertex 0 2.5 0
      vertex 0.163507 2.49465 0
    endloop
  endfacet
  facet normal 0.0327028 0.999465 -0
    outer loop
      vertex 0 -2.5 0
      vertex -0.163507 -2.49465 6
      vertex 0 -2.5 6
    endloop
  endfacet
  facet normal 0.0327028 0.999465 0
    outer loop
      vertex -0.163507 -2.49465 6
      vertex 0 -2.5 0
      vertex -0.163507 -2.49465 0
    endloop
  endfacet
  facet normal -0.729894 -0.683561 0
    outer loop
      vertex 1.8796 1.64836 0
      vertex 1.76777 1.76777 6
      vertex 1.76777 1.76777 0
    endloop
  endfacet
  facet normal -0.729894 -0.683561 0
    outer loop
      vertex 1.76777 1.76777 6
      vertex 1.8796 1.64836 0
      vertex 1.8796 1.64836 6
    endloop
  endfacet
  facet normal 0.683561 -0.729894 0
    outer loop
      vertex -1.76777 1.76777 0
      vertex -1.64836 1.8796 6
      vertex -1.76777 1.76777 6
    endloop
  endfacet
  facet normal 0.683561 -0.729894 0
    outer loop
      vertex -1.64836 1.8796 6
      vertex -1.76777 1.76777 0
      vertex -1.64836 1.8796 0
    endloop
  endfacet
  facet normal 0.352215 -0.935919 0
    outer loop
      vertex -0.956708 2.3097 0
      vertex -0.803598 2.36732 6
      vertex -0.956708 2.3097 6
    endloop
  endfacet
  facet normal 0.352215 -0.935919 0
    outer loop
      vertex -0.803598 2.36732 6
      vertex -0.956708 2.3097 0
      vertex -0.803598 2.36732 0
    endloop
  endfacet
  facet normal -0.910856 -0.412725 0
    outer loop
      vertex 2.3097 0.956708 0
      vertex 2.24218 1.10572 6
      vertex 2.24218 1.10572 0
    endloop
  endfacet
  facet normal -0.910856 -0.412725 0
    outer loop
      vertex 2.24218 1.10572 6
      vertex 2.3097 0.956708 0
      vertex 2.3097 0.956708 6
    endloop
  endfacet
  facet normal -0.412725 -0.910856 0
    outer loop
      vertex 0.956708 2.3097 0
      vertex 1.10572 2.24218 6
      vertex 0.956708 2.3097 6
    endloop
  endfacet
  facet normal -0.412725 -0.910856 -0
    outer loop
      vertex 1.10572 2.24218 6
      vertex 0.956708 2.3097 0
      vertex 1.10572 2.24218 0
    endloop
  endfacet
  facet normal -0.582498 -0.812832 0
    outer loop
      vertex 1.38893 2.07867 0
      vertex 1.5219 1.98338 6
      vertex 1.38893 2.07867 6
    endloop
  endfacet
  facet normal -0.582498 -0.812832 -0
    outer loop
      vertex 1.5219 1.98338 6
      vertex 1.38893 2.07867 0
      vertex 1.5219 1.98338 0
    endloop
  endfacet
  facet normal 0.910856 -0.412725 0
    outer loop
      vertex -2.3097 0.956708 6
      vertex -2.24218 1.10572 0
      vertex -2.24218 1.10572 6
    endloop
  endfacet
  facet normal 0.910856 -0.412725 0
    outer loop
      vertex -2.24218 1.10572 0
      vertex -2.3097 0.956708 6
      vertex -2.3097 0.956708 0
    endloop
  endfacet
  facet normal 0.77302 -0.634382 0
    outer loop
      vertex -1.98338 1.5219 6
      vertex -1.8796 1.64836 0
      vertex -1.8796 1.64836 6
    endloop
  endfacet
  facet normal 0.77302 -0.634382 0
    outer loop
      vertex -1.8796 1.64836 0
      vertex -1.98338 1.5219 6
      vertex -1.98338 1.5219 0
    endloop
  endfacet
  facet normal 0.162902 -0.986642 0
    outer loop
      vertex -0.487725 2.45196 0
      vertex -0.326315 2.47861 6
      vertex -0.487725 2.45196 6
    endloop
  endfacet
  facet normal 0.162902 -0.986642 0
    outer loop
      vertex -0.326315 2.47861 6
      vertex -0.487725 2.45196 0
      vertex -0.326315 2.47861 0
    endloop
  endfacet
  facet normal 0.77302 0.634382 0
    outer loop
      vertex -1.8796 -1.64836 6
      vertex -1.98338 -1.5219 0
      vertex -1.98338 -1.5219 6
    endloop
  endfacet
  facet normal 0.77302 0.634382 0
    outer loop
      vertex -1.98338 -1.5219 0
      vertex -1.8796 -1.64836 6
      vertex -1.8796 -1.64836 0
    endloop
  endfacet
  facet normal -0.986642 -0.162902 0
    outer loop
      vertex 2.47861 0.326315 0
      vertex 2.45196 0.487725 6
      vertex 2.45196 0.487725 0
    endloop
  endfacet
  facet normal -0.986642 -0.162902 0
    outer loop
      vertex 2.45196 0.487725 6
      vertex 2.47861 0.326315 0
      vertex 2.47861 0.326315 6
    endloop
  endfacet
  facet normal -0.995182 -0.0980463 0
    outer loop
      vertex 2.49465 0.163507 0
      vertex 2.47861 0.326315 6
      vertex 2.47861 0.326315 0
    endloop
  endfacet
  facet normal -0.995182 -0.0980463 0
    outer loop
      vertex 2.47861 0.326315 6
      vertex 2.49465 0.163507 0
      vertex 2.49465 0.163507 6
    endloop
  endfacet
  facet normal -0.956939 -0.290289 0
    outer loop
      vertex 2.41481 0.647047 0
      vertex 2.36732 0.803598 6
      vertex 2.36732 0.803598 0
    endloop
  endfacet
  facet normal -0.956939 -0.290289 0
    outer loop
      vertex 2.36732 0.803598 6
      vertex 2.41481 0.647047 0
      vertex 2.41481 0.647047 6
    endloop
  endfacet
  facet normal -0.812832 -0.582498 0
    outer loop
      vertex 2.07867 1.38893 0
      vertex 1.98338 1.5219 6
      vertex 1.98338 1.5219 0
    endloop
  endfacet
  facet normal -0.812832 -0.582498 0
    outer loop
      vertex 1.98338 1.5219 6
      vertex 2.07867 1.38893 0
      vertex 2.07867 1.38893 6
    endloop
  endfacet
  facet normal -0.77302 -0.634382 0
    outer loop
      vertex 1.98338 1.5219 0
      vertex 1.8796 1.64836 6
      vertex 1.8796 1.64836 0
    endloop
  endfacet
  facet normal -0.77302 -0.634382 0
    outer loop
      vertex 1.8796 1.64836 6
      vertex 1.98338 1.5219 0
      vertex 1.98338 1.5219 6
    endloop
  endfacet
  facet normal -0.849208 -0.528058 0
    outer loop
      vertex 2.16506 1.25 0
      vertex 2.07867 1.38893 6
      vertex 2.07867 1.38893 0
    endloop
  endfacet
  facet normal -0.849208 -0.528058 0
    outer loop
      vertex 2.07867 1.38893 6
      vertex 2.16506 1.25 0
      vertex 2.16506 1.25 6
    endloop
  endfacet
  facet normal -0.290289 -0.956939 0
    outer loop
      vertex 0.647047 2.41481 0
      vertex 0.803598 2.36732 6
      vertex 0.647047 2.41481 6
    endloop
  endfacet
  facet normal -0.290289 -0.956939 -0
    outer loop
      vertex 0.803598 2.36732 6
      vertex 0.647047 2.41481 0
      vertex 0.803598 2.36732 0
    endloop
  endfacet
  facet normal -0.352215 -0.935919 0
    outer loop
      vertex 0.803598 2.36732 0
      vertex 0.956708 2.3097 6
      vertex 0.803598 2.36732 6
    endloop
  endfacet
  facet normal -0.352215 -0.935919 -0
    outer loop
      vertex 0.956708 2.3097 6
      vertex 0.803598 2.36732 0
      vertex 0.956708 2.3097 0
    endloop
  endfacet
  facet normal -0.162902 -0.986642 0
    outer loop
      vertex 0.326315 2.47861 0
      vertex 0.487725 2.45196 6
      vertex 0.326315 2.47861 6
    endloop
  endfacet
  facet normal -0.162902 -0.986642 -0
    outer loop
      vertex 0.487725 2.45196 6
      vertex 0.326315 2.47861 0
      vertex 0.487725 2.45196 0
    endloop
  endfacet
  facet normal -0.4714 -0.881919 0
    outer loop
      vertex 1.10572 2.24218 0
      vertex 1.25 2.16506 6
      vertex 1.10572 2.24218 6
    endloop
  endfacet
  facet normal -0.4714 -0.881919 -0
    outer loop
      vertex 1.25 2.16506 6
      vertex 1.10572 2.24218 0
      vertex 1.25 2.16506 0
    endloop
  endfacet
  facet normal -0.634382 -0.77302 0
    outer loop
      vertex 1.5219 1.98338 0
      vertex 1.64836 1.8796 6
      vertex 1.5219 1.98338 6
    endloop
  endfacet
  facet normal -0.634382 -0.77302 -0
    outer loop
      vertex 1.64836 1.8796 6
      vertex 1.5219 1.98338 0
      vertex 1.64836 1.8796 0
    endloop
  endfacet
  facet normal 0.956939 -0.290289 0
    outer loop
      vertex -2.41481 0.647047 6
      vertex -2.36732 0.803598 0
      vertex -2.36732 0.803598 6
    endloop
  endfacet
  facet normal 0.956939 -0.290289 0
    outer loop
      vertex -2.36732 0.803598 0
      vertex -2.41481 0.647047 6
      vertex -2.41481 0.647047 0
    endloop
  endfacet
  facet normal 0.812832 -0.582498 0
    outer loop
      vertex -2.07867 1.38893 6
      vertex -1.98338 1.5219 0
      vertex -1.98338 1.5219 6
    endloop
  endfacet
  facet normal 0.812832 -0.582498 0
    outer loop
      vertex -1.98338 1.5219 0
      vertex -2.07867 1.38893 6
      vertex -2.07867 1.38893 0
    endloop
  endfacet
  facet normal 0.935919 -0.352215 0
    outer loop
      vertex -2.36732 0.803598 6
      vertex -2.3097 0.956708 0
      vertex -2.3097 0.956708 6
    endloop
  endfacet
  facet normal 0.935919 -0.352215 0
    outer loop
      vertex -2.3097 0.956708 0
      vertex -2.36732 0.803598 6
      vertex -2.36732 0.803598 0
    endloop
  endfacet
  facet normal 0.986642 -0.162902 0
    outer loop
      vertex -2.47861 0.326315 6
      vertex -2.45196 0.487725 0
      vertex -2.45196 0.487725 6
    endloop
  endfacet
  facet normal 0.986642 -0.162902 0
    outer loop
      vertex -2.45196 0.487725 0
      vertex -2.47861 0.326315 6
      vertex -2.47861 0.326315 0
    endloop
  endfacet
  facet normal 0.4714 -0.881919 0
    outer loop
      vertex -1.25 2.16506 0
      vertex -1.10572 2.24218 6
      vertex -1.25 2.16506 6
    endloop
  endfacet
  facet normal 0.4714 -0.881919 0
    outer loop
      vertex -1.10572 2.24218 6
      vertex -1.25 2.16506 0
      vertex -1.10572 2.24218 0
    endloop
  endfacet
  facet normal 0.412725 -0.910856 0
    outer loop
      vertex -1.10572 2.24218 0
      vertex -0.956708 2.3097 6
      vertex -1.10572 2.24218 6
    endloop
  endfacet
  facet normal 0.412725 -0.910856 0
    outer loop
      vertex -0.956708 2.3097 6
      vertex -1.10572 2.24218 0
      vertex -0.956708 2.3097 0
    endloop
  endfacet
  facet normal 0.582498 -0.812832 0
    outer loop
      vertex -1.5219 1.98338 0
      vertex -1.38893 2.07867 6
      vertex -1.5219 1.98338 6
    endloop
  endfacet
  facet normal 0.582498 -0.812832 0
    outer loop
      vertex -1.38893 2.07867 6
      vertex -1.5219 1.98338 0
      vertex -1.38893 2.07867 0
    endloop
  endfacet
  facet normal 0.290289 -0.956939 0
    outer loop
      vertex -0.803598 2.36732 0
      vertex -0.647047 2.41481 6
      vertex -0.803598 2.36732 6
    endloop
  endfacet
  facet normal 0.290289 -0.956939 0
    outer loop
      vertex -0.647047 2.41481 6
      vertex -0.803598 2.36732 0
      vertex -0.647047 2.41481 0
    endloop
  endfacet
  facet normal 0.0980463 -0.995182 0
    outer loop
      vertex -0.326315 2.47861 0
      vertex -0.163507 2.49465 6
      vertex -0.326315 2.47861 6
    endloop
  endfacet
  facet normal 0.0980463 -0.995182 0
    outer loop
      vertex -0.163507 2.49465 6
      vertex -0.326315 2.47861 0
      vertex -0.163507 2.49465 0
    endloop
  endfacet
  facet normal -0.986642 0.162902 0
    outer loop
      vertex 2.45196 -0.487725 0
      vertex 2.47861 -0.326315 6
      vertex 2.47861 -0.326315 0
    endloop
  endfacet
  facet normal -0.986642 0.162902 0
    outer loop
      vertex 2.47861 -0.326315 6
      vertex 2.45196 -0.487725 0
      vertex 2.45196 -0.487725 6
    endloop
  endfacet
  facet normal -0.582498 0.812832 0
    outer loop
      vertex 1.5219 -1.98338 0
      vertex 1.38893 -2.07867 6
      vertex 1.5219 -1.98338 6
    endloop
  endfacet
  facet normal -0.582498 0.812832 0
    outer loop
      vertex 1.38893 -2.07867 6
      vertex 1.5219 -1.98338 0
      vertex 1.38893 -2.07867 0
    endloop
  endfacet
  facet normal -0.683561 0.729894 0
    outer loop
      vertex 1.76777 -1.76777 0
      vertex 1.64836 -1.8796 6
      vertex 1.76777 -1.76777 6
    endloop
  endfacet
  facet normal -0.683561 0.729894 0
    outer loop
      vertex 1.64836 -1.8796 6
      vertex 1.76777 -1.76777 0
      vertex 1.64836 -1.8796 0
    endloop
  endfacet
  facet normal -0.528058 0.849208 0
    outer loop
      vertex 1.38893 -2.07867 0
      vertex 1.25 -2.16506 6
      vertex 1.38893 -2.07867 6
    endloop
  endfacet
  facet normal -0.528058 0.849208 0
    outer loop
      vertex 1.25 -2.16506 6
      vertex 1.38893 -2.07867 0
      vertex 1.25 -2.16506 0
    endloop
  endfacet
  facet normal -0.412725 0.910856 0
    outer loop
      vertex 1.10572 -2.24218 0
      vertex 0.956708 -2.3097 6
      vertex 1.10572 -2.24218 6
    endloop
  endfacet
  facet normal -0.412725 0.910856 0
    outer loop
      vertex 0.956708 -2.3097 6
      vertex 1.10572 -2.24218 0
      vertex 0.956708 -2.3097 0
    endloop
  endfacet
  facet normal -0.812832 0.582498 0
    outer loop
      vertex 1.98338 -1.5219 0
      vertex 2.07867 -1.38893 6
      vertex 2.07867 -1.38893 0
    endloop
  endfacet
  facet normal -0.812832 0.582498 0
    outer loop
      vertex 2.07867 -1.38893 6
      vertex 1.98338 -1.5219 0
      vertex 1.98338 -1.5219 6
    endloop
  endfacet
  facet normal -0.935919 0.352215 0
    outer loop
      vertex 2.3097 -0.956708 0
      vertex 2.36732 -0.803598 6
      vertex 2.36732 -0.803598 0
    endloop
  endfacet
  facet normal -0.935919 0.352215 0
    outer loop
      vertex 2.36732 -0.803598 6
      vertex 2.3097 -0.956708 0
      vertex 2.3097 -0.956708 6
    endloop
  endfacet
  facet normal -0.881919 0.4714 0
    outer loop
      vertex 2.16506 -1.25 0
      vertex 2.24218 -1.10572 6
      vertex 2.24218 -1.10572 0
    endloop
  endfacet
  facet normal -0.881919 0.4714 0
    outer loop
      vertex 2.24218 -1.10572 6
      vertex 2.16506 -1.25 0
      vertex 2.16506 -1.25 6
    endloop
  endfacet
  facet normal 0.290289 0.956939 -0
    outer loop
      vertex -0.647047 -2.41481 0
      vertex -0.803598 -2.36732 6
      vertex -0.647047 -2.41481 6
    endloop
  endfacet
  facet normal 0.290289 0.956939 0
    outer loop
      vertex -0.803598 -2.36732 6
      vertex -0.647047 -2.41481 0
      vertex -0.803598 -2.36732 0
    endloop
  endfacet
  facet normal 0.352215 0.935919 -0
    outer loop
      vertex -0.803598 -2.36732 0
      vertex -0.956708 -2.3097 6
      vertex -0.803598 -2.36732 6
    endloop
  endfacet
  facet normal 0.352215 0.935919 0
    outer loop
      vertex -0.956708 -2.3097 6
      vertex -0.803598 -2.36732 0
      vertex -0.956708 -2.3097 0
    endloop
  endfacet
  facet normal 0.162902 0.986642 -0
    outer loop
      vertex -0.326315 -2.47861 0
      vertex -0.487725 -2.45196 6
      vertex -0.326315 -2.47861 6
    endloop
  endfacet
  facet normal 0.162902 0.986642 0
    outer loop
      vertex -0.487725 -2.45196 6
      vertex -0.326315 -2.47861 0
      vertex -0.487725 -2.45196 0
    endloop
  endfacet
  facet normal 0.849208 0.528058 0
    outer loop
      vertex -2.07867 -1.38893 6
      vertex -2.16506 -1.25 0
      vertex -2.16506 -1.25 6
    endloop
  endfacet
  facet normal 0.849208 0.528058 0
    outer loop
      vertex -2.16506 -1.25 0
      vertex -2.07867 -1.38893 6
      vertex -2.07867 -1.38893 0
    endloop
  endfacet
  facet normal 0.910856 0.412725 0
    outer loop
      vertex -2.24218 -1.10572 6
      vertex -2.3097 -0.956708 0
      vertex -2.3097 -0.956708 6
    endloop
  endfacet
  facet normal 0.910856 0.412725 0
    outer loop
      vertex -2.3097 -0.956708 0
      vertex -2.24218 -1.10572 6
      vertex -2.24218 -1.10572 0
    endloop
  endfacet
  facet normal 0.812832 0.582498 0
    outer loop
      vertex -1.98338 -1.5219 6
      vertex -2.07867 -1.38893 0
      vertex -2.07867 -1.38893 6
    endloop
  endfacet
  facet normal 0.812832 0.582498 0
    outer loop
      vertex -2.07867 -1.38893 0
      vertex -1.98338 -1.5219 6
      vertex -1.98338 -1.5219 0
    endloop
  endfacet
  facet normal 0.935919 0.352215 0
    outer loop
      vertex -2.3097 -0.956708 6
      vertex -2.36732 -0.803598 0
      vertex -2.36732 -0.803598 6
    endloop
  endfacet
  facet normal 0.935919 0.352215 0
    outer loop
      vertex -2.36732 -0.803598 0
      vertex -2.3097 -0.956708 6
      vertex -2.3097 -0.956708 0
    endloop
  endfacet
  facet normal -0.973875 -0.227084 0
    outer loop
      vertex 2.45196 0.487725 0
      vertex 2.41481 0.647047 6
      vertex 2.41481 0.647047 0
    endloop
  endfacet
  facet normal -0.973875 -0.227084 0
    outer loop
      vertex 2.41481 0.647047 6
      vertex 2.45196 0.487725 0
      vertex 2.45196 0.487725 6
    endloop
  endfacet
  facet normal -0.935919 -0.352215 0
    outer loop
      vertex 2.36732 0.803598 0
      vertex 2.3097 0.956708 6
      vertex 2.3097 0.956708 0
    endloop
  endfacet
  facet normal -0.935919 -0.352215 0
    outer loop
      vertex 2.3097 0.956708 6
      vertex 2.36732 0.803598 0
      vertex 2.36732 0.803598 6
    endloop
  endfacet
  facet normal -0.881919 -0.4714 0
    outer loop
      vertex 2.24218 1.10572 0
      vertex 2.16506 1.25 6
      vertex 2.16506 1.25 0
    endloop
  endfacet
  facet normal -0.881919 -0.4714 0
    outer loop
      vertex 2.16506 1.25 6
      vertex 2.24218 1.10572 0
      vertex 2.24218 1.10572 6
    endloop
  endfacet
  facet normal -0.227084 -0.973875 0
    outer loop
      vertex 0.487725 2.45196 0
      vertex 0.647047 2.41481 6
      vertex 0.487725 2.45196 6
    endloop
  endfacet
  facet normal -0.227084 -0.973875 -0
    outer loop
      vertex 0.647047 2.41481 6
      vertex 0.487725 2.45196 0
      vertex 0.647047 2.41481 0
    endloop
  endfacet
  facet normal -0.0980463 -0.995182 0
    outer loop
      vertex 0.163507 2.49465 0
      vertex 0.326315 2.47861 6
      vertex 0.163507 2.49465 6
    endloop
  endfacet
  facet normal -0.0980463 -0.995182 -0
    outer loop
      vertex 0.326315 2.47861 6
      vertex 0.163507 2.49465 0
      vertex 0.326315 2.47861 0
    endloop
  endfacet
  facet normal -0.528058 -0.849208 0
    outer loop
      vertex 1.25 2.16506 0
      vertex 1.38893 2.07867 6
      vertex 1.25 2.16506 6
    endloop
  endfacet
  facet normal -0.528058 -0.849208 -0
    outer loop
      vertex 1.38893 2.07867 6
      vertex 1.25 2.16506 0
      vertex 1.38893 2.07867 0
    endloop
  endfacet
  facet normal -0.683561 -0.729894 0
    outer loop
      vertex 1.64836 1.8796 0
      vertex 1.76777 1.76777 6
      vertex 1.64836 1.8796 6
    endloop
  endfacet
  facet normal -0.683561 -0.729894 -0
    outer loop
      vertex 1.76777 1.76777 6
      vertex 1.64836 1.8796 0
      vertex 1.76777 1.76777 0
    endloop
  endfacet
  facet normal 0.849208 -0.528058 0
    outer loop
      vertex -2.16506 1.25 6
      vertex -2.07867 1.38893 0
      vertex -2.07867 1.38893 6
    endloop
  endfacet
  facet normal 0.849208 -0.528058 0
    outer loop
      vertex -2.07867 1.38893 0
      vertex -2.16506 1.25 6
      vertex -2.16506 1.25 0
    endloop
  endfacet
  facet normal 0.881919 -0.4714 0
    outer loop
      vertex -2.24218 1.10572 6
      vertex -2.16506 1.25 0
      vertex -2.16506 1.25 6
    endloop
  endfacet
  facet normal 0.881919 -0.4714 0
    outer loop
      vertex -2.16506 1.25 0
      vertex -2.24218 1.10572 6
      vertex -2.24218 1.10572 0
    endloop
  endfacet
  facet normal 0.973875 -0.227084 0
    outer loop
      vertex -2.45196 0.487725 6
      vertex -2.41481 0.647047 0
      vertex -2.41481 0.647047 6
    endloop
  endfacet
  facet normal 0.973875 -0.227084 0
    outer loop
      vertex -2.41481 0.647047 0
      vertex -2.45196 0.487725 6
      vertex -2.45196 0.487725 0
    endloop
  endfacet
  facet normal 0.995182 -0.0980463 0
    outer loop
      vertex -2.49465 0.163507 6
      vertex -2.47861 0.326315 0
      vertex -2.47861 0.326315 6
    endloop
  endfacet
  facet normal 0.995182 -0.0980463 0
    outer loop
      vertex -2.47861 0.326315 0
      vertex -2.49465 0.163507 6
      vertex -2.49465 0.163507 0
    endloop
  endfacet
  facet normal 0.528058 -0.849208 0
    outer loop
      vertex -1.38893 2.07867 0
      vertex -1.25 2.16506 6
      vertex -1.38893 2.07867 6
    endloop
  endfacet
  facet normal 0.528058 -0.849208 0
    outer loop
      vertex -1.25 2.16506 6
      vertex -1.38893 2.07867 0
      vertex -1.25 2.16506 0
    endloop
  endfacet
  facet normal 0.0327028 -0.999465 0
    outer loop
      vertex -0.163507 2.49465 0
      vertex 0 2.5 6
      vertex -0.163507 2.49465 6
    endloop
  endfacet
  facet normal 0.0327028 -0.999465 0
    outer loop
      vertex 0 2.5 6
      vertex -0.163507 2.49465 0
      vertex 0 2.5 0
    endloop
  endfacet
  facet normal -0.999465 0.0327028 0
    outer loop
      vertex 2.49465 -0.163507 0
      vertex 2.5 0 6
      vertex 2.5 0 0
    endloop
  endfacet
  facet normal -0.999465 0.0327028 0
    outer loop
      vertex 2.5 0 6
      vertex 2.49465 -0.163507 0
      vertex 2.49465 -0.163507 6
    endloop
  endfacet
  facet normal -0.0327028 0.999465 0
    outer loop
      vertex 0.163507 -2.49465 0
      vertex 0 -2.5 6
      vertex 0.163507 -2.49465 6
    endloop
  endfacet
  facet normal -0.0327028 0.999465 0
    outer loop
      vertex 0 -2.5 6
      vertex 0.163507 -2.49465 0
      vertex 0 -2.5 0
    endloop
  endfacet
  facet normal -0.162902 0.986642 0
    outer loop
      vertex 0.487725 -2.45196 0
      vertex 0.326315 -2.47861 6
      vertex 0.487725 -2.45196 6
    endloop
  endfacet
  facet normal -0.162902 0.986642 0
    outer loop
      vertex 0.326315 -2.47861 6
      vertex 0.487725 -2.45196 0
      vertex 0.326315 -2.47861 0
    endloop
  endfacet
  facet normal -0.227084 0.973875 0
    outer loop
      vertex 0.647047 -2.41481 0
      vertex 0.487725 -2.45196 6
      vertex 0.647047 -2.41481 6
    endloop
  endfacet
  facet normal -0.227084 0.973875 0
    outer loop
      vertex 0.487725 -2.45196 6
      vertex 0.647047 -2.41481 0
      vertex 0.487725 -2.45196 0
    endloop
  endfacet
  facet normal -0.352215 0.935919 0
    outer loop
      vertex 0.956708 -2.3097 0
      vertex 0.803598 -2.36732 6
      vertex 0.956708 -2.3097 6
    endloop
  endfacet
  facet normal -0.352215 0.935919 0
    outer loop
      vertex 0.803598 -2.36732 6
      vertex 0.956708 -2.3097 0
      vertex 0.803598 -2.36732 0
    endloop
  endfacet
  facet normal -0.290289 0.956939 0
    outer loop
      vertex 0.803598 -2.36732 0
      vertex 0.647047 -2.41481 6
      vertex 0.803598 -2.36732 6
    endloop
  endfacet
  facet normal -0.290289 0.956939 0
    outer loop
      vertex 0.647047 -2.41481 6
      vertex 0.803598 -2.36732 0
      vertex 0.647047 -2.41481 0
    endloop
  endfacet
  facet normal -0.634382 0.77302 0
    outer loop
      vertex 1.64836 -1.8796 0
      vertex 1.5219 -1.98338 6
      vertex 1.64836 -1.8796 6
    endloop
  endfacet
  facet normal -0.634382 0.77302 0
    outer loop
      vertex 1.5219 -1.98338 6
      vertex 1.64836 -1.8796 0
      vertex 1.5219 -1.98338 0
    endloop
  endfacet
  facet normal -0.4714 0.881919 0
    outer loop
      vertex 1.25 -2.16506 0
      vertex 1.10572 -2.24218 6
      vertex 1.25 -2.16506 6
    endloop
  endfacet
  facet normal -0.4714 0.881919 0
    outer loop
      vertex 1.10572 -2.24218 6
      vertex 1.25 -2.16506 0
      vertex 1.10572 -2.24218 0
    endloop
  endfacet
  facet normal -0.729894 0.683561 0
    outer loop
      vertex 1.76777 -1.76777 0
      vertex 1.8796 -1.64836 6
      vertex 1.8796 -1.64836 0
    endloop
  endfacet
  facet normal -0.729894 0.683561 0
    outer loop
      vertex 1.8796 -1.64836 6
      vertex 1.76777 -1.76777 0
      vertex 1.76777 -1.76777 6
    endloop
  endfacet
  facet normal -0.77302 0.634382 0
    outer loop
      vertex 1.8796 -1.64836 0
      vertex 1.98338 -1.5219 6
      vertex 1.98338 -1.5219 0
    endloop
  endfacet
  facet normal -0.77302 0.634382 0
    outer loop
      vertex 1.98338 -1.5219 6
      vertex 1.8796 -1.64836 0
      vertex 1.8796 -1.64836 6
    endloop
  endfacet
  facet normal -0.910856 0.412725 0
    outer loop
      vertex 2.24218 -1.10572 0
      vertex 2.3097 -0.956708 6
      vertex 2.3097 -0.956708 0
    endloop
  endfacet
  facet normal -0.910856 0.412725 0
    outer loop
      vertex 2.3097 -0.956708 6
      vertex 2.24218 -1.10572 0
      vertex 2.24218 -1.10572 6
    endloop
  endfacet
  facet normal -0.956939 0.290289 0
    outer loop
      vertex 2.36732 -0.803598 0
      vertex 2.41481 -0.647047 6
      vertex 2.41481 -0.647047 0
    endloop
  endfacet
  facet normal -0.956939 0.290289 0
    outer loop
      vertex 2.41481 -0.647047 6
      vertex 2.36732 -0.803598 0
      vertex 2.36732 -0.803598 6
    endloop
  endfacet
  facet normal -0.995182 0.0980463 0
    outer loop
      vertex 2.47861 -0.326315 0
      vertex 2.49465 -0.163507 6
      vertex 2.49465 -0.163507 0
    endloop
  endfacet
  facet normal -0.995182 0.0980463 0
    outer loop
      vertex 2.49465 -0.163507 6
      vertex 2.47861 -0.326315 0
      vertex 2.47861 -0.326315 6
    endloop
  endfacet
  facet normal 0.582498 0.812832 -0
    outer loop
      vertex -1.38893 -2.07867 0
      vertex -1.5219 -1.98338 6
      vertex -1.38893 -2.07867 6
    endloop
  endfacet
  facet normal 0.582498 0.812832 0
    outer loop
      vertex -1.5219 -1.98338 6
      vertex -1.38893 -2.07867 0
      vertex -1.5219 -1.98338 0
    endloop
  endfacet
  facet normal 0.683561 0.729894 -0
    outer loop
      vertex -1.64836 -1.8796 0
      vertex -1.76777 -1.76777 6
      vertex -1.64836 -1.8796 6
    endloop
  endfacet
  facet normal 0.683561 0.729894 0
    outer loop
      vertex -1.76777 -1.76777 6
      vertex -1.64836 -1.8796 0
      vertex -1.76777 -1.76777 0
    endloop
  endfacet
  facet normal 0.634382 0.77302 -0
    outer loop
      vertex -1.5219 -1.98338 0
      vertex -1.64836 -1.8796 6
      vertex -1.5219 -1.98338 6
    endloop
  endfacet
  facet normal 0.634382 0.77302 0
    outer loop
      vertex -1.64836 -1.8796 6
      vertex -1.5219 -1.98338 0
      vertex -1.64836 -1.8796 0
    endloop
  endfacet
  facet normal 0.528058 0.849208 -0
    outer loop
      vertex -1.25 -2.16506 0
      vertex -1.38893 -2.07867 6
      vertex -1.25 -2.16506 6
    endloop
  endfacet
  facet normal 0.528058 0.849208 0
    outer loop
      vertex -1.38893 -2.07867 6
      vertex -1.25 -2.16506 0
      vertex -1.38893 -2.07867 0
    endloop
  endfacet
  facet normal 0.412725 0.910856 -0
    outer loop
      vertex -0.956708 -2.3097 0
      vertex -1.10572 -2.24218 6
      vertex -0.956708 -2.3097 6
    endloop
  endfacet
  facet normal 0.412725 0.910856 0
    outer loop
      vertex -1.10572 -2.24218 6
      vertex -0.956708 -2.3097 0
      vertex -1.10572 -2.24218 0
    endloop
  endfacet
  facet normal 0.4714 0.881919 -0
    outer loop
      vertex -1.10572 -2.24218 0
      vertex -1.25 -2.16506 6
      vertex -1.10572 -2.24218 6
    endloop
  endfacet
  facet normal 0.4714 0.881919 0
    outer loop
      vertex -1.25 -2.16506 6
      vertex -1.10572 -2.24218 0
      vertex -1.25 -2.16506 0
    endloop
  endfacet
  facet normal 0.0980463 0.995182 -0
    outer loop
      vertex -0.163507 -2.49465 0
      vertex -0.326315 -2.47861 6
      vertex -0.163507 -2.49465 6
    endloop
  endfacet
  facet normal 0.0980463 0.995182 0
    outer loop
      vertex -0.326315 -2.47861 6
      vertex -0.163507 -2.49465 0
      vertex -0.326315 -2.47861 0
    endloop
  endfacet
  facet normal 0.729894 0.683561 0
    outer loop
      vertex -1.76777 -1.76777 6
      vertex -1.8796 -1.64836 0
      vertex -1.8796 -1.64836 6
    endloop
  endfacet
  facet normal 0.729894 0.683561 0
    outer loop
      vertex -1.8796 -1.64836 0
      vertex -1.76777 -1.76777 6
      vertex -1.76777 -1.76777 0
    endloop
  endfacet
  facet normal 0.881919 0.4714 0
    outer loop
      vertex -2.16506 -1.25 6
      vertex -2.24218 -1.10572 0
      vertex -2.24218 -1.10572 6
    endloop
  endfacet
  facet normal 0.881919 0.4714 0
    outer loop
      vertex -2.24218 -1.10572 0
      vertex -2.16506 -1.25 6
      vertex -2.16506 -1.25 0
    endloop
  endfacet
  facet normal 0.973875 0.227084 0
    outer loop
      vertex -2.41481 -0.647047 6
      vertex -2.45196 -0.487725 0
      vertex -2.45196 -0.487725 6
    endloop
  endfacet
  facet normal 0.973875 0.227084 0
    outer loop
      vertex -2.45196 -0.487725 0
      vertex -2.41481 -0.647047 6
      vertex -2.41481 -0.647047 0
    endloop
  endfacet
  facet normal 0.986642 0.162902 0
    outer loop
      vertex -2.45196 -0.487725 6
      vertex -2.47861 -0.326315 0
      vertex -2.47861 -0.326315 6
    endloop
  endfacet
  facet normal 0.986642 0.162902 0
    outer loop
      vertex -2.47861 -0.326315 0
      vertex -2.45196 -0.487725 6
      vertex -2.45196 -0.487725 0
    endloop
  endfacet
  facet normal 0.999465 0.0327028 0
    outer loop
      vertex -2.49465 -0.163507 6
      vertex -2.5 0 0
      vertex -2.5 0 6
    endloop
  endfacet
  facet normal 0.999465 0.0327028 0
    outer loop
      vertex -2.5 0 0
      vertex -2.49465 -0.163507 6
      vertex -2.49465 -0.163507 0
    endloop
  endfacet
  facet normal 0.729894 -0.683561 0
    outer loop
      vertex -1.8796 1.64836 6
      vertex -1.76777 1.76777 0
      vertex -1.76777 1.76777 6
    endloop
  endfacet
  facet normal 0.729894 -0.683561 0
    outer loop
      vertex -1.76777 1.76777 0
      vertex -1.8796 1.64836 6
      vertex -1.8796 1.64836 0
    endloop
  endfacet
  facet normal 0.634382 -0.77302 0
    outer loop
      vertex -1.64836 1.8796 0
      vertex -1.5219 1.98338 6
      vertex -1.64836 1.8796 6
    endloop
  endfacet
  facet normal 0.634382 -0.77302 0
    outer loop
      vertex -1.5219 1.98338 6
      vertex -1.64836 1.8796 0
      vertex -1.5219 1.98338 0
    endloop
  endfacet
  facet normal 0.227084 -0.973875 0
    outer loop
      vertex -0.647047 2.41481 0
      vertex -0.487725 2.45196 6
      vertex -0.647047 2.41481 6
    endloop
  endfacet
  facet normal 0.227084 -0.973875 0
    outer loop
      vertex -0.487725 2.45196 6
      vertex -0.647047 2.41481 0
      vertex -0.487725 2.45196 0
    endloop
  endfacet
  facet normal -0.0980463 0.995182 0
    outer loop
      vertex 0.326315 -2.47861 0
      vertex 0.163507 -2.49465 6
      vertex 0.326315 -2.47861 6
    endloop
  endfacet
  facet normal -0.0980463 0.995182 0
    outer loop
      vertex 0.163507 -2.49465 6
      vertex 0.326315 -2.47861 0
      vertex 0.163507 -2.49465 0
    endloop
  endfacet
  facet normal -0.849208 0.528058 0
    outer loop
      vertex 2.07867 -1.38893 0
      vertex 2.16506 -1.25 6
      vertex 2.16506 -1.25 0
    endloop
  endfacet
  facet normal -0.849208 0.528058 0
    outer loop
      vertex 2.16506 -1.25 6
      vertex 2.07867 -1.38893 0
      vertex 2.07867 -1.38893 6
    endloop
  endfacet
  facet normal -0.973875 0.227084 0
    outer loop
      vertex 2.41481 -0.647047 0
      vertex 2.45196 -0.487725 6
      vertex 2.45196 -0.487725 0
    endloop
  endfacet
  facet normal -0.973875 0.227084 0
    outer loop
      vertex 2.45196 -0.487725 6
      vertex 2.41481 -0.647047 0
      vertex 2.41481 -0.647047 6
    endloop
  endfacet
  facet normal 0.227084 0.973875 -0
    outer loop
      vertex -0.487725 -2.45196 0
      vertex -0.647047 -2.41481 6
      vertex -0.487725 -2.45196 6
    endloop
  endfacet
  facet normal 0.227084 0.973875 0
    outer loop
      vertex -0.647047 -2.41481 6
      vertex -0.487725 -2.45196 0
      vertex -0.647047 -2.41481 0
    endloop
  endfacet
  facet normal 0.956939 0.290289 0
    outer loop
      vertex -2.36732 -0.803598 6
      vertex -2.41481 -0.647047 0
      vertex -2.41481 -0.647047 6
    endloop
  endfacet
  facet normal 0.956939 0.290289 0
    outer loop
      vertex -2.41481 -0.647047 0
      vertex -2.36732 -0.803598 6
      vertex -2.36732 -0.803598 0
    endloop
  endfacet
  facet normal 0.995182 0.0980463 0
    outer loop
      vertex -2.47861 -0.326315 6
      vertex -2.49465 -0.163507 0
      vertex -2.49465 -0.163507 6
    endloop
  endfacet
  facet normal 0.995182 0.0980463 0
    outer loop
      vertex -2.49465 -0.163507 0
      vertex -2.47861 -0.326315 6
      vertex -2.47861 -0.326315 0
    endloop
  endfacet
endsolid OpenSCAD_Model
