solid OpenSCAD_Model
  facet normal -1 0 0
    outer loop
      vertex 8 43 3
      vertex 8 40 14.9
      vertex 8 43 29
    endloop
  endfacet
  facet normal -1 0 0
    outer loop
      vertex 8 30 3
      vertex 8 40 14.9
      vertex 8 43 3
    endloop
  endfacet
  facet normal -1 -0 0
    outer loop
      vertex 8 40 14.9
      vertex 8 30 3
      vertex 8 30 14.9
    endloop
  endfacet
  facet normal -1 -0 0
    outer loop
      vertex 8 43 29
      vertex 8 40 14.9
      vertex 8 40 29
    endloop
  endfacet
  facet normal -0 0 1
    outer loop
      vertex 8 40 14.9
      vertex 11 30 14.9
      vertex 11 40 14.9
    endloop
  endfacet
  facet normal 0 0 1
    outer loop
      vertex 11 30 14.9
      vertex 8 40 14.9
      vertex 8 30 14.9
    endloop
  endfacet
  facet normal 1 -0 0
    outer loop
      vertex 11 30 14.9
      vertex 11 40 3
      vertex 11 40 14.9
    endloop
  endfacet
  facet normal 1 0 0
    outer loop
      vertex 11 40 3
      vertex 11 30 14.9
      vertex 11 30 3
    endloop
  endfacet
  facet normal 0 -1 0
    outer loop
      vertex 8 30 3
      vertex 11 30 14.9
      vertex 8 30 14.9
    endloop
  endfacet
  facet normal 0 -1 -0
    outer loop
      vertex 11 30 14.9
      vertex 8 30 3
      vertex 11 30 3
    endloop
  endfacet
  facet normal 0 1 0
    outer loop
      vertex 19.8 43 22.85
      vertex 18.0589 43 16.8981
      vertex 18 43 16.9
    endloop
  endfacet
  facet normal 0 1 0
    outer loop
      vertex 19.8 43 22.85
      vertex 18.1175 43 16.8923
      vertex 18.0589 43 16.8981
    endloop
  endfacet
  facet normal 0 1 0
    outer loop
      vertex 19.8 43 22.85
      vertex 18.1756 43 16.8827
      vertex 18.1175 43 16.8923
    endloop
  endfacet
  facet normal 0 1 0
    outer loop
      vertex 19.8 43 22.85
      vertex 18.2329 43 16.8693
      vertex 18.1756 43 16.8827
    endloop
  endfacet
  facet normal 0 1 0
    outer loop
      vertex 19.8 43 22.85
      vertex 18.2893 43 16.8522
      vertex 18.2329 43 16.8693
    endloop
  endfacet
  facet normal 0 1 0
    outer loop
      vertex 19.8 43 22.85
      vertex 18.3444 43 16.8315
      vertex 18.2893 43 16.8522
    endloop
  endfacet
  facet normal 0 1 0
    outer loop
      vertex 19.8 43 22.85
      vertex 18.3981 43 16.8072
      vertex 18.3444 43 16.8315
    endloop
  endfacet
  facet normal 0 1 0
    outer loop
      vertex 19.8 43 22.85
      vertex 18.45 43 16.7794
      vertex 18.3981 43 16.8072
    endloop
  endfacet
  facet normal 0 1 0
    outer loop
      vertex 19.8 43 22.85
      vertex 18.5 43 16.7483
      vertex 18.45 43 16.7794
    endloop
  endfacet
  facet normal 0 1 0
    outer loop
      vertex 19.8 43 22.85
      vertex 18.5479 43 16.714
      vertex 18.5 43 16.7483
    endloop
  endfacet
  facet normal 0 1 0
    outer loop
      vertex 19.8 43 22.85
      vertex 18.5934 43 16.6767
      vertex 18.5479 43 16.714
    endloop
  endfacet
  facet normal 0 1 0
    outer loop
      vertex 19.8 43 22.85
      vertex 18.6364 43 16.6364
      vertex 18.5934 43 16.6767
    endloop
  endfacet
  facet normal 0 1 0
    outer loop
      vertex 19.8 43 22.85
      vertex 18.6767 43 16.5934
      vertex 18.6364 43 16.6364
    endloop
  endfacet
  facet normal 0 1 0
    outer loop
      vertex 19.8 43 22.85
      vertex 18.714 43 16.5479
      vertex 18.6767 43 16.5934
    endloop
  endfacet
  facet normal 0 1 0
    outer loop
      vertex 19.8 43 22.85
      vertex 18.7483 43 16.5
      vertex 18.714 43 16.5479
    endloop
  endfacet
  facet normal 0 1 0
    outer loop
      vertex 19.8 43 22.85
      vertex 18.7794 43 16.45
      vertex 18.7483 43 16.5
    endloop
  endfacet
  facet normal 0 1 0
    outer loop
      vertex 19.8 43 22.85
      vertex 18.8072 43 16.3981
      vertex 18.7794 43 16.45
    endloop
  endfacet
  facet normal 0 1 0
    outer loop
      vertex 19.8 43 22.85
      vertex 18.8315 43 16.3444
      vertex 18.8072 43 16.3981
    endloop
  endfacet
  facet normal 0 1 0
    outer loop
      vertex 19.8 43 22.85
      vertex 18.8522 43 16.2893
      vertex 18.8315 43 16.3444
    endloop
  endfacet
  facet normal 0 1 0
    outer loop
      vertex 19.8 43 22.85
      vertex 18.8693 43 16.2329
      vertex 18.8522 43 16.2893
    endloop
  endfacet
  facet normal 0 1 0
    outer loop
      vertex 19.8 43 22.85
      vertex 18.8827 43 16.1756
      vertex 18.8693 43 16.2329
    endloop
  endfacet
  facet normal 0 1 0
    outer loop
      vertex 19.8 43 22.85
      vertex 18.8923 43 16.1175
      vertex 18.8827 43 16.1756
    endloop
  endfacet
  facet normal 0 1 0
    outer loop
      vertex 19.8 43 22.85
      vertex 18.8981 43 16.0589
      vertex 18.8923 43 16.1175
    endloop
  endfacet
  facet normal 0 1 0
    outer loop
      vertex 19.8 43 22.85
      vertex 18.9 43 16
      vertex 18.8981 43 16.0589
    endloop
  endfacet
  facet normal 0 1 -0
    outer loop
      vertex 19.8 43 9.15
      vertex 18.9 43 16
      vertex 19.8 43 22.85
    endloop
  endfacet
  facet normal 0 1 0
    outer loop
      vertex 18.9 43 16
      vertex 19.8 43 9.15
      vertex 18.8981 43 15.9411
    endloop
  endfacet
  facet normal 0 1 0
    outer loop
      vertex 18.0589 43 15.1019
      vertex 19.8 43 9.15
      vertex 18 43 15.1
    endloop
  endfacet
  facet normal 0 1 0
    outer loop
      vertex 18.1175 43 15.1077
      vertex 19.8 43 9.15
      vertex 18.0589 43 15.1019
    endloop
  endfacet
  facet normal 0 1 0
    outer loop
      vertex 18.1756 43 15.1173
      vertex 19.8 43 9.15
      vertex 18.1175 43 15.1077
    endloop
  endfacet
  facet normal 0 1 0
    outer loop
      vertex 18.2329 43 15.1307
      vertex 19.8 43 9.15
      vertex 18.1756 43 15.1173
    endloop
  endfacet
  facet normal 0 1 0
    outer loop
      vertex 18.2893 43 15.1478
      vertex 19.8 43 9.15
      vertex 18.2329 43 15.1307
    endloop
  endfacet
  facet normal 0 1 0
    outer loop
      vertex 18.3444 43 15.1685
      vertex 19.8 43 9.15
      vertex 18.2893 43 15.1478
    endloop
  endfacet
  facet normal 0 1 0
    outer loop
      vertex 18.3981 43 15.1928
      vertex 19.8 43 9.15
      vertex 18.3444 43 15.1685
    endloop
  endfacet
  facet normal 0 1 0
    outer loop
      vertex 18.45 43 15.2206
      vertex 19.8 43 9.15
      vertex 18.3981 43 15.1928
    endloop
  endfacet
  facet normal 0 1 0
    outer loop
      vertex 18.5 43 15.2517
      vertex 19.8 43 9.15
      vertex 18.45 43 15.2206
    endloop
  endfacet
  facet normal 0 1 0
    outer loop
      vertex 18.5479 43 15.286
      vertex 19.8 43 9.15
      vertex 18.5 43 15.2517
    endloop
  endfacet
  facet normal 0 1 0
    outer loop
      vertex 18.5934 43 15.3233
      vertex 19.8 43 9.15
      vertex 18.5479 43 15.286
    endloop
  endfacet
  facet normal 0 1 0
    outer loop
      vertex 18.6364 43 15.3636
      vertex 19.8 43 9.15
      vertex 18.5934 43 15.3233
    endloop
  endfacet
  facet normal 0 1 0
    outer loop
      vertex 18.6767 43 15.4066
      vertex 19.8 43 9.15
      vertex 18.6364 43 15.3636
    endloop
  endfacet
  facet normal 0 1 0
    outer loop
      vertex 18.714 43 15.4521
      vertex 19.8 43 9.15
      vertex 18.6767 43 15.4066
    endloop
  endfacet
  facet normal 0 1 0
    outer loop
      vertex 18.7483 43 15.5
      vertex 19.8 43 9.15
      vertex 18.714 43 15.4521
    endloop
  endfacet
  facet normal 0 1 0
    outer loop
      vertex 18.7794 43 15.55
      vertex 19.8 43 9.15
      vertex 18.7483 43 15.5
    endloop
  endfacet
  facet normal 0 1 0
    outer loop
      vertex 18.8072 43 15.6019
      vertex 19.8 43 9.15
      vertex 18.7794 43 15.55
    endloop
  endfacet
  facet normal 0 1 0
    outer loop
      vertex 18.8315 43 15.6556
      vertex 19.8 43 9.15
      vertex 18.8072 43 15.6019
    endloop
  endfacet
  facet normal 0 1 0
    outer loop
      vertex 18.8522 43 15.7107
      vertex 19.8 43 9.15
      vertex 18.8315 43 15.6556
    endloop
  endfacet
  facet normal 0 1 0
    outer loop
      vertex 18.8693 43 15.7671
      vertex 19.8 43 9.15
      vertex 18.8522 43 15.7107
    endloop
  endfacet
  facet normal 0 1 0
    outer loop
      vertex 18.8827 43 15.8244
      vertex 19.8 43 9.15
      vertex 18.8693 43 15.7671
    endloop
  endfacet
  facet normal 0 1 0
    outer loop
      vertex 18.8923 43 15.8825
      vertex 19.8 43 9.15
      vertex 18.8827 43 15.8244
    endloop
  endfacet
  facet normal 0 1 0
    outer loop
      vertex 18.8981 43 15.9411
      vertex 19.8 43 9.15
      vertex 18.8923 43 15.8825
    endloop
  endfacet
  facet normal 0 1 0
    outer loop
      vertex 56 43 29
      vertex 44.2 43 22.85
      vertex 8 43 29
    endloop
  endfacet
  facet normal 0 1 -0
    outer loop
      vertex 46.5934 43 16.6767
      vertex 44.2 43 22.85
      vertex 56 43 29
    endloop
  endfacet
  facet normal 0 1 0
    outer loop
      vertex 44.2 43 22.85
      vertex 46.0589 43 16.8981
      vertex 46 43 16.9
    endloop
  endfacet
  facet normal 0 1 0
    outer loop
      vertex 44.2 43 22.85
      vertex 46.1175 43 16.8923
      vertex 46.0589 43 16.8981
    endloop
  endfacet
  facet normal 0 1 0
    outer loop
      vertex 44.2 43 22.85
      vertex 46.1756 43 16.8827
      vertex 46.1175 43 16.8923
    endloop
  endfacet
  facet normal 0 1 0
    outer loop
      vertex 44.2 43 22.85
      vertex 46.2329 43 16.8693
      vertex 46.1756 43 16.8827
    endloop
  endfacet
  facet normal 0 1 0
    outer loop
      vertex 44.2 43 22.85
      vertex 46.2893 43 16.8522
      vertex 46.2329 43 16.8693
    endloop
  endfacet
  facet normal 0 1 0
    outer loop
      vertex 44.2 43 22.85
      vertex 46.3444 43 16.8315
      vertex 46.2893 43 16.8522
    endloop
  endfacet
  facet normal 0 1 0
    outer loop
      vertex 44.2 43 22.85
      vertex 46.3981 43 16.8072
      vertex 46.3444 43 16.8315
    endloop
  endfacet
  facet normal 0 1 0
    outer loop
      vertex 44.2 43 22.85
      vertex 46.45 43 16.7794
      vertex 46.3981 43 16.8072
    endloop
  endfacet
  facet normal 0 1 0
    outer loop
      vertex 44.2 43 22.85
      vertex 46.5 43 16.7483
      vertex 46.45 43 16.7794
    endloop
  endfacet
  facet normal 0 1 0
    outer loop
      vertex 44.2 43 22.85
      vertex 46.5479 43 16.714
      vertex 46.5 43 16.7483
    endloop
  endfacet
  facet normal 0 1 0
    outer loop
      vertex 44.2 43 22.85
      vertex 46.5934 43 16.6767
      vertex 46.5479 43 16.714
    endloop
  endfacet
  facet normal 0 1 0
    outer loop
      vertex 56 43 29
      vertex 46.6364 43 16.6364
      vertex 46.5934 43 16.6767
    endloop
  endfacet
  facet normal 0 1 0
    outer loop
      vertex 56 43 29
      vertex 46.6767 43 16.5934
      vertex 46.6364 43 16.6364
    endloop
  endfacet
  facet normal 0 1 0
    outer loop
      vertex 56 43 29
      vertex 46.714 43 16.5479
      vertex 46.6767 43 16.5934
    endloop
  endfacet
  facet normal 0 1 0
    outer loop
      vertex 56 43 29
      vertex 46.7483 43 16.5
      vertex 46.714 43 16.5479
    endloop
  endfacet
  facet normal 0 1 0
    outer loop
      vertex 56 43 29
      vertex 46.7794 43 16.45
      vertex 46.7483 43 16.5
    endloop
  endfacet
  facet normal 0 1 0
    outer loop
      vertex 56 43 29
      vertex 46.8072 43 16.3981
      vertex 46.7794 43 16.45
    endloop
  endfacet
  facet normal 0 1 0
    outer loop
      vertex 56 43 29
      vertex 46.8315 43 16.3444
      vertex 46.8072 43 16.3981
    endloop
  endfacet
  facet normal 0 1 0
    outer loop
      vertex 56 43 29
      vertex 46.8522 43 16.2893
      vertex 46.8315 43 16.3444
    endloop
  endfacet
  facet normal 0 1 0
    outer loop
      vertex 56 43 29
      vertex 46.8693 43 16.2329
      vertex 46.8522 43 16.2893
    endloop
  endfacet
  facet normal 0 1 0
    outer loop
      vertex 56 43 29
      vertex 46.8827 43 16.1756
      vertex 46.8693 43 16.2329
    endloop
  endfacet
  facet normal 0 1 0
    outer loop
      vertex 56 43 29
      vertex 46.8923 43 16.1175
      vertex 46.8827 43 16.1756
    endloop
  endfacet
  facet normal 0 1 0
    outer loop
      vertex 56 43 29
      vertex 46.8981 43 16.0589
      vertex 46.8923 43 16.1175
    endloop
  endfacet
  facet normal 0 1 0
    outer loop
      vertex 56 43 29
      vertex 46.9 43 16
      vertex 46.8981 43 16.0589
    endloop
  endfacet
  facet normal 0 1 -0
    outer loop
      vertex 56 43 3
      vertex 46.9 43 16
      vertex 56 43 29
    endloop
  endfacet
  facet normal 0 1 0
    outer loop
      vertex 46.9 43 16
      vertex 56 43 3
      vertex 46.8981 43 15.9411
    endloop
  endfacet
  facet normal 0 1 0
    outer loop
      vertex 46.8981 43 15.9411
      vertex 56 43 3
      vertex 46.8923 43 15.8825
    endloop
  endfacet
  facet normal 0 1 0
    outer loop
      vertex 46.8923 43 15.8825
      vertex 56 43 3
      vertex 46.8827 43 15.8244
    endloop
  endfacet
  facet normal 0 1 0
    outer loop
      vertex 46.8827 43 15.8244
      vertex 56 43 3
      vertex 46.8693 43 15.7671
    endloop
  endfacet
  facet normal 0 1 0
    outer loop
      vertex 46.8693 43 15.7671
      vertex 56 43 3
      vertex 46.8522 43 15.7107
    endloop
  endfacet
  facet normal 0 1 0
    outer loop
      vertex 46.8522 43 15.7107
      vertex 56 43 3
      vertex 46.8315 43 15.6556
    endloop
  endfacet
  facet normal 0 1 0
    outer loop
      vertex 46.8315 43 15.6556
      vertex 56 43 3
      vertex 46.8072 43 15.6019
    endloop
  endfacet
  facet normal 0 1 0
    outer loop
      vertex 46.8072 43 15.6019
      vertex 56 43 3
      vertex 46.7794 43 15.55
    endloop
  endfacet
  facet normal 0 1 0
    outer loop
      vertex 46.0589 43 15.1019
      vertex 44.2 43 9.15
      vertex 46 43 15.1
    endloop
  endfacet
  facet normal 0 1 0
    outer loop
      vertex 46.1175 43 15.1077
      vertex 44.2 43 9.15
      vertex 46.0589 43 15.1019
    endloop
  endfacet
  facet normal 0 1 0
    outer loop
      vertex 46.1756 43 15.1173
      vertex 44.2 43 9.15
      vertex 46.1175 43 15.1077
    endloop
  endfacet
  facet normal 0 1 0
    outer loop
      vertex 46.2329 43 15.1307
      vertex 44.2 43 9.15
      vertex 46.1756 43 15.1173
    endloop
  endfacet
  facet normal 0 1 0
    outer loop
      vertex 46.2893 43 15.1478
      vertex 44.2 43 9.15
      vertex 46.2329 43 15.1307
    endloop
  endfacet
  facet normal 0 1 0
    outer loop
      vertex 46.3444 43 15.1685
      vertex 44.2 43 9.15
      vertex 46.2893 43 15.1478
    endloop
  endfacet
  facet normal 0 1 0
    outer loop
      vertex 46.3981 43 15.1928
      vertex 44.2 43 9.15
      vertex 46.3444 43 15.1685
    endloop
  endfacet
  facet normal 0 1 0
    outer loop
      vertex 46.45 43 15.2206
      vertex 44.2 43 9.15
      vertex 46.3981 43 15.1928
    endloop
  endfacet
  facet normal 0 1 0
    outer loop
      vertex 46.5 43 15.2517
      vertex 44.2 43 9.15
      vertex 46.45 43 15.2206
    endloop
  endfacet
  facet normal 0 1 0
    outer loop
      vertex 46.5479 43 15.286
      vertex 44.2 43 9.15
      vertex 46.5 43 15.2517
    endloop
  endfacet
  facet normal 0 1 0
    outer loop
      vertex 46.5934 43 15.3233
      vertex 44.2 43 9.15
      vertex 46.5479 43 15.286
    endloop
  endfacet
  facet normal 0 1 0
    outer loop
      vertex 46.6364 43 15.3636
      vertex 44.2 43 9.15
      vertex 46.5934 43 15.3233
    endloop
  endfacet
  facet normal 0 1 0
    outer loop
      vertex 56 43 3
      vertex 46.6364 43 15.3636
      vertex 46.6767 43 15.4066
    endloop
  endfacet
  facet normal 0 1 0
    outer loop
      vertex 56 43 3
      vertex 46.6767 43 15.4066
      vertex 46.714 43 15.4521
    endloop
  endfacet
  facet normal 0 1 0
    outer loop
      vertex 56 43 3
      vertex 46.714 43 15.4521
      vertex 46.7483 43 15.5
    endloop
  endfacet
  facet normal 0 1 0
    outer loop
      vertex 46.7794 43 15.55
      vertex 56 43 3
      vertex 46.7483 43 15.5
    endloop
  endfacet
  facet normal 0 1 0
    outer loop
      vertex 44.2 43 9.15
      vertex 56 43 3
      vertex 19.8 43 9.15
    endloop
  endfacet
  facet normal 0 1 0
    outer loop
      vertex 46.6364 43 15.3636
      vertex 56 43 3
      vertex 44.2 43 9.15
    endloop
  endfacet
  facet normal 0 1 -0
    outer loop
      vertex 19.8 43 22.85
      vertex 8 43 29
      vertex 44.2 43 22.85
    endloop
  endfacet
  facet normal 0 1 0
    outer loop
      vertex 17.9411 43 16.8981
      vertex 19.8 43 22.85
      vertex 18 43 16.9
    endloop
  endfacet
  facet normal 0 1 0
    outer loop
      vertex 17.8825 43 16.8923
      vertex 19.8 43 22.85
      vertex 17.9411 43 16.8981
    endloop
  endfacet
  facet normal 0 1 0
    outer loop
      vertex 17.8244 43 16.8827
      vertex 19.8 43 22.85
      vertex 17.8825 43 16.8923
    endloop
  endfacet
  facet normal 0 1 0
    outer loop
      vertex 17.7671 43 16.8693
      vertex 19.8 43 22.85
      vertex 17.8244 43 16.8827
    endloop
  endfacet
  facet normal 0 1 0
    outer loop
      vertex 17.7107 43 16.8522
      vertex 19.8 43 22.85
      vertex 17.7671 43 16.8693
    endloop
  endfacet
  facet normal 0 1 0
    outer loop
      vertex 17.6556 43 16.8315
      vertex 19.8 43 22.85
      vertex 17.7107 43 16.8522
    endloop
  endfacet
  facet normal 0 1 0
    outer loop
      vertex 17.6019 43 16.8072
      vertex 19.8 43 22.85
      vertex 17.6556 43 16.8315
    endloop
  endfacet
  facet normal 0 1 0
    outer loop
      vertex 17.55 43 16.7794
      vertex 19.8 43 22.85
      vertex 17.6019 43 16.8072
    endloop
  endfacet
  facet normal 0 1 0
    outer loop
      vertex 17.5 43 16.7483
      vertex 19.8 43 22.85
      vertex 17.55 43 16.7794
    endloop
  endfacet
  facet normal 0 1 0
    outer loop
      vertex 17.4521 43 16.714
      vertex 19.8 43 22.85
      vertex 17.5 43 16.7483
    endloop
  endfacet
  facet normal 0 1 0
    outer loop
      vertex 17.4066 43 16.6767
      vertex 19.8 43 22.85
      vertex 17.4521 43 16.714
    endloop
  endfacet
  facet normal 0 1 0
    outer loop
      vertex 19.8 43 22.85
      vertex 17.4066 43 16.6767
      vertex 8 43 29
    endloop
  endfacet
  facet normal 0 1 -0
    outer loop
      vertex 17.3636 43 16.6364
      vertex 8 43 29
      vertex 17.4066 43 16.6767
    endloop
  endfacet
  facet normal 0 1 -0
    outer loop
      vertex 17.3233 43 16.5934
      vertex 8 43 29
      vertex 17.3636 43 16.6364
    endloop
  endfacet
  facet normal 0 1 -0
    outer loop
      vertex 17.286 43 16.5479
      vertex 8 43 29
      vertex 17.3233 43 16.5934
    endloop
  endfacet
  facet normal 0 1 -0
    outer loop
      vertex 17.2517 43 16.5
      vertex 8 43 29
      vertex 17.286 43 16.5479
    endloop
  endfacet
  facet normal 0 1 -0
    outer loop
      vertex 17.2206 43 16.45
      vertex 8 43 29
      vertex 17.2517 43 16.5
    endloop
  endfacet
  facet normal 0 1 -0
    outer loop
      vertex 17.1928 43 16.3981
      vertex 8 43 29
      vertex 17.2206 43 16.45
    endloop
  endfacet
  facet normal 0 1 -0
    outer loop
      vertex 17.1685 43 16.3444
      vertex 8 43 29
      vertex 17.1928 43 16.3981
    endloop
  endfacet
  facet normal 0 1 -0
    outer loop
      vertex 17.1478 43 16.2893
      vertex 8 43 29
      vertex 17.1685 43 16.3444
    endloop
  endfacet
  facet normal 0 1 -0
    outer loop
      vertex 17.1307 43 16.2329
      vertex 8 43 29
      vertex 17.1478 43 16.2893
    endloop
  endfacet
  facet normal 0 1 -0
    outer loop
      vertex 17.1173 43 16.1756
      vertex 8 43 29
      vertex 17.1307 43 16.2329
    endloop
  endfacet
  facet normal 0 1 -0
    outer loop
      vertex 17.1077 43 16.1175
      vertex 8 43 29
      vertex 17.1173 43 16.1756
    endloop
  endfacet
  facet normal 0 1 -0
    outer loop
      vertex 17.1019 43 16.0589
      vertex 8 43 29
      vertex 17.1077 43 16.1175
    endloop
  endfacet
  facet normal 0 1 -0
    outer loop
      vertex 17.1 43 16
      vertex 8 43 29
      vertex 17.1019 43 16.0589
    endloop
  endfacet
  facet normal 0 1 0
    outer loop
      vertex 8 43 3
      vertex 17.1 43 16
      vertex 17.1019 43 15.9411
    endloop
  endfacet
  facet normal 0 1 0
    outer loop
      vertex 8 43 3
      vertex 17.1019 43 15.9411
      vertex 17.1077 43 15.8825
    endloop
  endfacet
  facet normal 0 1 0
    outer loop
      vertex 8 43 3
      vertex 17.1077 43 15.8825
      vertex 17.1173 43 15.8244
    endloop
  endfacet
  facet normal 0 1 0
    outer loop
      vertex 8 43 3
      vertex 17.1173 43 15.8244
      vertex 17.1307 43 15.7671
    endloop
  endfacet
  facet normal 0 1 0
    outer loop
      vertex 8 43 3
      vertex 17.1307 43 15.7671
      vertex 17.1478 43 15.7107
    endloop
  endfacet
  facet normal 0 1 0
    outer loop
      vertex 8 43 3
      vertex 17.1478 43 15.7107
      vertex 17.1685 43 15.6556
    endloop
  endfacet
  facet normal 0 1 0
    outer loop
      vertex 8 43 3
      vertex 17.1685 43 15.6556
      vertex 17.1928 43 15.6019
    endloop
  endfacet
  facet normal 0 1 0
    outer loop
      vertex 8 43 3
      vertex 17.1928 43 15.6019
      vertex 17.2206 43 15.55
    endloop
  endfacet
  facet normal 0 1 0
    outer loop
      vertex 8 43 3
      vertex 17.2206 43 15.55
      vertex 17.2517 43 15.5
    endloop
  endfacet
  facet normal 0 1 0
    outer loop
      vertex 19.8 43 9.15
      vertex 17.9411 43 15.1019
      vertex 18 43 15.1
    endloop
  endfacet
  facet normal 0 1 0
    outer loop
      vertex 19.8 43 9.15
      vertex 17.8825 43 15.1077
      vertex 17.9411 43 15.1019
    endloop
  endfacet
  facet normal 0 1 0
    outer loop
      vertex 19.8 43 9.15
      vertex 17.8244 43 15.1173
      vertex 17.8825 43 15.1077
    endloop
  endfacet
  facet normal 0 1 0
    outer loop
      vertex 19.8 43 9.15
      vertex 17.7671 43 15.1307
      vertex 17.8244 43 15.1173
    endloop
  endfacet
  facet normal 0 1 0
    outer loop
      vertex 19.8 43 9.15
      vertex 17.7107 43 15.1478
      vertex 17.7671 43 15.1307
    endloop
  endfacet
  facet normal 0 1 0
    outer loop
      vertex 19.8 43 9.15
      vertex 17.6556 43 15.1685
      vertex 17.7107 43 15.1478
    endloop
  endfacet
  facet normal 0 1 0
    outer loop
      vertex 19.8 43 9.15
      vertex 17.6019 43 15.1928
      vertex 17.6556 43 15.1685
    endloop
  endfacet
  facet normal 0 1 0
    outer loop
      vertex 19.8 43 9.15
      vertex 17.55 43 15.2206
      vertex 17.6019 43 15.1928
    endloop
  endfacet
  facet normal 0 1 0
    outer loop
      vertex 19.8 43 9.15
      vertex 17.5 43 15.2517
      vertex 17.55 43 15.2206
    endloop
  endfacet
  facet normal 0 1 0
    outer loop
      vertex 19.8 43 9.15
      vertex 17.4521 43 15.286
      vertex 17.5 43 15.2517
    endloop
  endfacet
  facet normal 0 1 0
    outer loop
      vertex 19.8 43 9.15
      vertex 17.4066 43 15.3233
      vertex 17.4521 43 15.286
    endloop
  endfacet
  facet normal 0 1 0
    outer loop
      vertex 19.8 43 9.15
      vertex 17.3636 43 15.3636
      vertex 17.4066 43 15.3233
    endloop
  endfacet
  facet normal 0 1 0
    outer loop
      vertex 8 43 3
      vertex 17.3636 43 15.3636
      vertex 19.8 43 9.15
    endloop
  endfacet
  facet normal 0 1 0
    outer loop
      vertex 17.3636 43 15.3636
      vertex 8 43 3
      vertex 17.3233 43 15.4066
    endloop
  endfacet
  facet normal 0 1 0
    outer loop
      vertex 17.3233 43 15.4066
      vertex 8 43 3
      vertex 17.286 43 15.4521
    endloop
  endfacet
  facet normal 0 1 0
    outer loop
      vertex 17.286 43 15.4521
      vertex 8 43 3
      vertex 17.2517 43 15.5
    endloop
  endfacet
  facet normal 0 1 0
    outer loop
      vertex 17.1 43 16
      vertex 8 43 3
      vertex 8 43 29
    endloop
  endfacet
  facet normal 0 1 0
    outer loop
      vertex 8 43 3
      vertex 19.8 43 9.15
      vertex 56 43 3
    endloop
  endfacet
  facet normal 0 1 -0
    outer loop
      vertex 45.9411 43 16.8981
      vertex 44.2 43 22.85
      vertex 46 43 16.9
    endloop
  endfacet
  facet normal 0 1 -0
    outer loop
      vertex 45.8825 43 16.8923
      vertex 44.2 43 22.85
      vertex 45.9411 43 16.8981
    endloop
  endfacet
  facet normal 0 1 -0
    outer loop
      vertex 45.8244 43 16.8827
      vertex 44.2 43 22.85
      vertex 45.8825 43 16.8923
    endloop
  endfacet
  facet normal 0 1 -0
    outer loop
      vertex 45.7671 43 16.8693
      vertex 44.2 43 22.85
      vertex 45.8244 43 16.8827
    endloop
  endfacet
  facet normal 0 1 -0
    outer loop
      vertex 45.7107 43 16.8522
      vertex 44.2 43 22.85
      vertex 45.7671 43 16.8693
    endloop
  endfacet
  facet normal 0 1 -0
    outer loop
      vertex 45.6556 43 16.8315
      vertex 44.2 43 22.85
      vertex 45.7107 43 16.8522
    endloop
  endfacet
  facet normal 0 1 -0
    outer loop
      vertex 45.6019 43 16.8072
      vertex 44.2 43 22.85
      vertex 45.6556 43 16.8315
    endloop
  endfacet
  facet normal 0 1 -0
    outer loop
      vertex 45.55 43 16.7794
      vertex 44.2 43 22.85
      vertex 45.6019 43 16.8072
    endloop
  endfacet
  facet normal 0 1 -0
    outer loop
      vertex 45.5 43 16.7483
      vertex 44.2 43 22.85
      vertex 45.55 43 16.7794
    endloop
  endfacet
  facet normal 0 1 -0
    outer loop
      vertex 45.4521 43 16.714
      vertex 44.2 43 22.85
      vertex 45.5 43 16.7483
    endloop
  endfacet
  facet normal 0 1 -0
    outer loop
      vertex 45.4066 43 16.6767
      vertex 44.2 43 22.85
      vertex 45.4521 43 16.714
    endloop
  endfacet
  facet normal 0 1 -0
    outer loop
      vertex 45.3636 43 16.6364
      vertex 44.2 43 22.85
      vertex 45.4066 43 16.6767
    endloop
  endfacet
  facet normal 0 1 -0
    outer loop
      vertex 45.3233 43 16.5934
      vertex 44.2 43 22.85
      vertex 45.3636 43 16.6364
    endloop
  endfacet
  facet normal 0 1 -0
    outer loop
      vertex 45.286 43 16.5479
      vertex 44.2 43 22.85
      vertex 45.3233 43 16.5934
    endloop
  endfacet
  facet normal 0 1 -0
    outer loop
      vertex 45.2517 43 16.5
      vertex 44.2 43 22.85
      vertex 45.286 43 16.5479
    endloop
  endfacet
  facet normal 0 1 -0
    outer loop
      vertex 45.2206 43 16.45
      vertex 44.2 43 22.85
      vertex 45.2517 43 16.5
    endloop
  endfacet
  facet normal 0 1 -0
    outer loop
      vertex 45.1928 43 16.3981
      vertex 44.2 43 22.85
      vertex 45.2206 43 16.45
    endloop
  endfacet
  facet normal 0 1 -0
    outer loop
      vertex 45.1685 43 16.3444
      vertex 44.2 43 22.85
      vertex 45.1928 43 16.3981
    endloop
  endfacet
  facet normal 0 1 -0
    outer loop
      vertex 45.1478 43 16.2893
      vertex 44.2 43 22.85
      vertex 45.1685 43 16.3444
    endloop
  endfacet
  facet normal 0 1 -0
    outer loop
      vertex 45.1307 43 16.2329
      vertex 44.2 43 22.85
      vertex 45.1478 43 16.2893
    endloop
  endfacet
  facet normal 0 1 -0
    outer loop
      vertex 45.1173 43 16.1756
      vertex 44.2 43 22.85
      vertex 45.1307 43 16.2329
    endloop
  endfacet
  facet normal 0 1 -0
    outer loop
      vertex 45.1077 43 16.1175
      vertex 44.2 43 22.85
      vertex 45.1173 43 16.1756
    endloop
  endfacet
  facet normal 0 1 -0
    outer loop
      vertex 45.1019 43 16.0589
      vertex 44.2 43 22.85
      vertex 45.1077 43 16.1175
    endloop
  endfacet
  facet normal 0 1 -0
    outer loop
      vertex 45.1 43 16
      vertex 44.2 43 22.85
      vertex 45.1019 43 16.0589
    endloop
  endfacet
  facet normal 0 1 0
    outer loop
      vertex 44.2 43 9.15
      vertex 45.1 43 16
      vertex 45.1019 43 15.9411
    endloop
  endfacet
  facet normal 0 1 0
    outer loop
      vertex 44.2 43 9.15
      vertex 45.1019 43 15.9411
      vertex 45.1077 43 15.8825
    endloop
  endfacet
  facet normal 0 1 0
    outer loop
      vertex 45.1 43 16
      vertex 44.2 43 9.15
      vertex 44.2 43 22.85
    endloop
  endfacet
  facet normal 0 1 0
    outer loop
      vertex 45.1173 43 15.8244
      vertex 44.2 43 9.15
      vertex 45.1077 43 15.8825
    endloop
  endfacet
  facet normal 0 1 0
    outer loop
      vertex 45.1307 43 15.7671
      vertex 44.2 43 9.15
      vertex 45.1173 43 15.8244
    endloop
  endfacet
  facet normal 0 1 0
    outer loop
      vertex 45.1478 43 15.7107
      vertex 44.2 43 9.15
      vertex 45.1307 43 15.7671
    endloop
  endfacet
  facet normal 0 1 0
    outer loop
      vertex 45.1685 43 15.6556
      vertex 44.2 43 9.15
      vertex 45.1478 43 15.7107
    endloop
  endfacet
  facet normal 0 1 0
    outer loop
      vertex 45.1928 43 15.6019
      vertex 44.2 43 9.15
      vertex 45.1685 43 15.6556
    endloop
  endfacet
  facet normal 0 1 0
    outer loop
      vertex 45.2206 43 15.55
      vertex 44.2 43 9.15
      vertex 45.1928 43 15.6019
    endloop
  endfacet
  facet normal 0 1 0
    outer loop
      vertex 45.2517 43 15.5
      vertex 44.2 43 9.15
      vertex 45.2206 43 15.55
    endloop
  endfacet
  facet normal 0 1 0
    outer loop
      vertex 45.286 43 15.4521
      vertex 44.2 43 9.15
      vertex 45.2517 43 15.5
    endloop
  endfacet
  facet normal 0 1 0
    outer loop
      vertex 45.3233 43 15.4066
      vertex 44.2 43 9.15
      vertex 45.286 43 15.4521
    endloop
  endfacet
  facet normal 0 1 0
    outer loop
      vertex 45.3636 43 15.3636
      vertex 44.2 43 9.15
      vertex 45.3233 43 15.4066
    endloop
  endfacet
  facet normal 0 1 0
    outer loop
      vertex 45.4066 43 15.3233
      vertex 44.2 43 9.15
      vertex 45.3636 43 15.3636
    endloop
  endfacet
  facet normal 0 1 0
    outer loop
      vertex 45.4521 43 15.286
      vertex 44.2 43 9.15
      vertex 45.4066 43 15.3233
    endloop
  endfacet
  facet normal 0 1 0
    outer loop
      vertex 45.5 43 15.2517
      vertex 44.2 43 9.15
      vertex 45.4521 43 15.286
    endloop
  endfacet
  facet normal 0 1 0
    outer loop
      vertex 45.55 43 15.2206
      vertex 44.2 43 9.15
      vertex 45.5 43 15.2517
    endloop
  endfacet
  facet normal 0 1 0
    outer loop
      vertex 45.6019 43 15.1928
      vertex 44.2 43 9.15
      vertex 45.55 43 15.2206
    endloop
  endfacet
  facet normal 0 1 0
    outer loop
      vertex 45.6556 43 15.1685
      vertex 44.2 43 9.15
      vertex 45.6019 43 15.1928
    endloop
  endfacet
  facet normal 0 1 0
    outer loop
      vertex 45.7107 43 15.1478
      vertex 44.2 43 9.15
      vertex 45.6556 43 15.1685
    endloop
  endfacet
  facet normal 0 1 0
    outer loop
      vertex 45.7671 43 15.1307
      vertex 44.2 43 9.15
      vertex 45.7107 43 15.1478
    endloop
  endfacet
  facet normal 0 1 0
    outer loop
      vertex 45.8244 43 15.1173
      vertex 44.2 43 9.15
      vertex 45.7671 43 15.1307
    endloop
  endfacet
  facet normal 0 1 0
    outer loop
      vertex 45.8825 43 15.1077
      vertex 44.2 43 9.15
      vertex 45.8244 43 15.1173
    endloop
  endfacet
  facet normal 0 1 0
    outer loop
      vertex 45.9411 43 15.1019
      vertex 44.2 43 9.15
      vertex 45.8825 43 15.1077
    endloop
  endfacet
  facet normal 0 1 0
    outer loop
      vertex 44.2 43 9.15
      vertex 45.9411 43 15.1019
      vertex 46 43 15.1
    endloop
  endfacet
  facet normal -1 0 0
    outer loop
      vertex 53 30 3
      vertex 53 40 14.9
      vertex 53 40 3
    endloop
  endfacet
  facet normal -1 -0 0
    outer loop
      vertex 53 40 14.9
      vertex 53 30 3
      vertex 53 30 14.9
    endloop
  endfacet
  facet normal -0 0 1
    outer loop
      vertex 53 40 14.9
      vertex 56 30 14.9
      vertex 56 40 14.9
    endloop
  endfacet
  facet normal 0 0 1
    outer loop
      vertex 56 30 14.9
      vertex 53 40 14.9
      vertex 53 30 14.9
    endloop
  endfacet
  facet normal 1 0 0
    outer loop
      vertex 56 40 14.9
      vertex 56 43 29
      vertex 56 40 29
    endloop
  endfacet
  facet normal 1 0 0
    outer loop
      vertex 56 43 29
      vertex 56 40 14.9
      vertex 56 43 3
    endloop
  endfacet
  facet normal 1 0 0
    outer loop
      vertex 56 30 3
      vertex 56 40 14.9
      vertex 56 30 14.9
    endloop
  endfacet
  facet normal 1 0 0
    outer loop
      vertex 56 40 14.9
      vertex 56 30 3
      vertex 56 43 3
    endloop
  endfacet
  facet normal 0 -1 0
    outer loop
      vertex 53 30 3
      vertex 56 30 14.9
      vertex 53 30 14.9
    endloop
  endfacet
  facet normal 0 -1 -0
    outer loop
      vertex 56 30 14.9
      vertex 53 30 3
      vertex 56 30 3
    endloop
  endfacet
  facet normal -1 0 0
    outer loop
      vertex 0 0 0
      vertex 0 46 3
      vertex 0 46 0
    endloop
  endfacet
  facet normal -1 -0 0
    outer loop
      vertex 0 46 3
      vertex 0 0 0
      vertex 0 0 3
    endloop
  endfacet
  facet normal 0 0 1
    outer loop
      vertex 28.6066 24.6066 3
      vertex 53 30 3
      vertex 53 40 3
    endloop
  endfacet
  facet normal 0 0 1
    outer loop
      vertex 53 30 3
      vertex 32.9679 14.981 3
      vertex 33 14 3
    endloop
  endfacet
  facet normal 0 0 1
    outer loop
      vertex 53 30 3
      vertex 32.8717 15.9579 3
      vertex 32.9679 14.981 3
    endloop
  endfacet
  facet normal 0 0 1
    outer loop
      vertex 53 30 3
      vertex 32.7118 16.9264 3
      vertex 32.8717 15.9579 3
    endloop
  endfacet
  facet normal 0 0 1
    outer loop
      vertex 53 30 3
      vertex 32.4889 17.8823 3
      vertex 32.7118 16.9264 3
    endloop
  endfacet
  facet normal 0 0 1
    outer loop
      vertex 53 30 3
      vertex 32.204 18.8216 3
      vertex 32.4889 17.8823 3
    endloop
  endfacet
  facet normal 0 0 1
    outer loop
      vertex 53 30 3
      vertex 31.8582 19.7402 3
      vertex 32.204 18.8216 3
    endloop
  endfacet
  facet normal 0 0 1
    outer loop
      vertex 53 30 3
      vertex 31.4531 20.6343 3
      vertex 31.8582 19.7402 3
    endloop
  endfacet
  facet normal 0 0 1
    outer loop
      vertex 53 30 3
      vertex 30.9904 21.5 3
      vertex 31.4531 20.6343 3
    endloop
  endfacet
  facet normal 0 0 1
    outer loop
      vertex 53 30 3
      vertex 30.472 22.3336 3
      vertex 30.9904 21.5 3
    endloop
  endfacet
  facet normal 0 0 1
    outer loop
      vertex 53 30 3
      vertex 29.9003 23.1314 3
      vertex 30.472 22.3336 3
    endloop
  endfacet
  facet normal 0 0 1
    outer loop
      vertex 53 30 3
      vertex 29.2776 23.8902 3
      vertex 29.9003 23.1314 3
    endloop
  endfacet
  facet normal 0 0 1
    outer loop
      vertex 53 30 3
      vertex 28.6066 24.6066 3
      vertex 29.2776 23.8902 3
    endloop
  endfacet
  facet normal 0 0 1
    outer loop
      vertex 53 40 3
      vertex 27.8902 25.2776 3
      vertex 28.6066 24.6066 3
    endloop
  endfacet
  facet normal 0 0 1
    outer loop
      vertex 53 40 3
      vertex 27.1314 25.9003 3
      vertex 27.8902 25.2776 3
    endloop
  endfacet
  facet normal 0 0 1
    outer loop
      vertex 53 40 3
      vertex 26.3336 26.472 3
      vertex 27.1314 25.9003 3
    endloop
  endfacet
  facet normal 0 0 1
    outer loop
      vertex 53 40 3
      vertex 25.5 26.9904 3
      vertex 26.3336 26.472 3
    endloop
  endfacet
  facet normal 0 0 1
    outer loop
      vertex 53 40 3
      vertex 24.6343 27.4531 3
      vertex 25.5 26.9904 3
    endloop
  endfacet
  facet normal 0 0 1
    outer loop
      vertex 53 40 3
      vertex 23.7402 27.8582 3
      vertex 24.6343 27.4531 3
    endloop
  endfacet
  facet normal -0 0 1
    outer loop
      vertex 11 40 3
      vertex 23.7402 27.8582 3
      vertex 53 40 3
    endloop
  endfacet
  facet normal 0 0 1
    outer loop
      vertex 23.7402 27.8582 3
      vertex 11 40 3
      vertex 22.8216 28.204 3
    endloop
  endfacet
  facet normal 0 0 1
    outer loop
      vertex 22.8216 28.204 3
      vertex 11 40 3
      vertex 21.8823 28.4889 3
    endloop
  endfacet
  facet normal 0 0 1
    outer loop
      vertex 21.8823 28.4889 3
      vertex 11 40 3
      vertex 20.9264 28.7118 3
    endloop
  endfacet
  facet normal 0 0 1
    outer loop
      vertex 20.9264 28.7118 3
      vertex 11 40 3
      vertex 19.9579 28.8717 3
    endloop
  endfacet
  facet normal 0 0 1
    outer loop
      vertex 19.9579 28.8717 3
      vertex 11 40 3
      vertex 18.981 28.9679 3
    endloop
  endfacet
  facet normal 0 0 1
    outer loop
      vertex 18.981 28.9679 3
      vertex 11 40 3
      vertex 18 29 3
    endloop
  endfacet
  facet normal 0 0 1
    outer loop
      vertex 18 29 3
      vertex 11 40 3
      vertex 17.019 28.9679 3
    endloop
  endfacet
  facet normal 0 0 1
    outer loop
      vertex 17.019 28.9679 3
      vertex 11 40 3
      vertex 16.0421 28.8717 3
    endloop
  endfacet
  facet normal -0 0 1
    outer loop
      vertex 11 30 3
      vertex 16.0421 28.8717 3
      vertex 11 40 3
    endloop
  endfacet
  facet normal 0 0 1
    outer loop
      vertex 16.0421 28.8717 3
      vertex 11 30 3
      vertex 15.0736 28.7118 3
    endloop
  endfacet
  facet normal 0 0 1
    outer loop
      vertex 15.0736 28.7118 3
      vertex 11 30 3
      vertex 14.1177 28.4889 3
    endloop
  endfacet
  facet normal 0 0 1
    outer loop
      vertex 14.1177 28.4889 3
      vertex 11 30 3
      vertex 13.1784 28.204 3
    endloop
  endfacet
  facet normal 0 0 1
    outer loop
      vertex 13.1784 28.204 3
      vertex 11 30 3
      vertex 12.2597 27.8582 3
    endloop
  endfacet
  facet normal 0 0 1
    outer loop
      vertex 12.2597 27.8582 3
      vertex 11 30 3
      vertex 11.3657 27.4531 3
    endloop
  endfacet
  facet normal 0 0 1
    outer loop
      vertex 11 30 3
      vertex 10.5 26.9904 3
      vertex 11.3657 27.4531 3
    endloop
  endfacet
  facet normal -0 0 1
    outer loop
      vertex 8 30 3
      vertex 10.5 26.9904 3
      vertex 11 30 3
    endloop
  endfacet
  facet normal 0 0 1
    outer loop
      vertex 10.5 26.9904 3
      vertex 8 30 3
      vertex 9.66645 26.472 3
    endloop
  endfacet
  facet normal 0 0 1
    outer loop
      vertex 9.66645 26.472 3
      vertex 8 30 3
      vertex 8.86858 25.9003 3
    endloop
  endfacet
  facet normal 0 0 1
    outer loop
      vertex 8.86858 25.9003 3
      vertex 8 30 3
      vertex 8.10981 25.2776 3
    endloop
  endfacet
  facet normal 0 0 1
    outer loop
      vertex 8.10981 25.2776 3
      vertex 8 30 3
      vertex 7.3934 24.6066 3
    endloop
  endfacet
  facet normal 0 0 1
    outer loop
      vertex 56 30 3
      vertex 64 46 3
      vertex 56 43 3
    endloop
  endfacet
  facet normal 0 0 1
    outer loop
      vertex 64 46 3
      vertex 8 43 3
      vertex 56 43 3
    endloop
  endfacet
  facet normal 0 0 1
    outer loop
      vertex 0 46 3
      vertex 8 30 3
      vertex 8 43 3
    endloop
  endfacet
  facet normal 0 -0 1
    outer loop
      vertex 5.52796 22.3336 3
      vertex 8 30 3
      vertex 0 46 3
    endloop
  endfacet
  facet normal 0 0 1
    outer loop
      vertex 8 30 3
      vertex 6.7224 23.8902 3
      vertex 7.3934 24.6066 3
    endloop
  endfacet
  facet normal 0 0 1
    outer loop
      vertex 8 30 3
      vertex 6.0997 23.1314 3
      vertex 6.7224 23.8902 3
    endloop
  endfacet
  facet normal 0 0 1
    outer loop
      vertex 8 30 3
      vertex 5.52796 22.3336 3
      vertex 6.0997 23.1314 3
    endloop
  endfacet
  facet normal 0 0 1
    outer loop
      vertex 5.52796 22.3336 3
      vertex 0 46 3
      vertex 5.00962 21.5 3
    endloop
  endfacet
  facet normal 0 0 1
    outer loop
      vertex 5.00962 21.5 3
      vertex 0 46 3
      vertex 4.54691 20.6343 3
    endloop
  endfacet
  facet normal 0 0 1
    outer loop
      vertex 4.54691 20.6343 3
      vertex 0 46 3
      vertex 4.14181 19.7402 3
    endloop
  endfacet
  facet normal 0 0 1
    outer loop
      vertex 4.14181 19.7402 3
      vertex 0 46 3
      vertex 3.79605 18.8216 3
    endloop
  endfacet
  facet normal 0 0 1
    outer loop
      vertex 3.79605 18.8216 3
      vertex 0 46 3
      vertex 3.51111 17.8823 3
    endloop
  endfacet
  facet normal 0 0 1
    outer loop
      vertex 0 0 3
      vertex 3.03212 14.981 3
      vertex 0 46 3
    endloop
  endfacet
  facet normal 0 0 1
    outer loop
      vertex 3.12833 15.9579 3
      vertex 0 46 3
      vertex 3.03212 14.981 3
    endloop
  endfacet
  facet normal 0 0 1
    outer loop
      vertex 3.28822 16.9264 3
      vertex 0 46 3
      vertex 3.12833 15.9579 3
    endloop
  endfacet
  facet normal 0 0 1
    outer loop
      vertex 3.51111 17.8823 3
      vertex 0 46 3
      vertex 3.28822 16.9264 3
    endloop
  endfacet
  facet normal -0 0 1
    outer loop
      vertex 0 46 3
      vertex 8 43 3
      vertex 64 46 3
    endloop
  endfacet
  facet normal 0 0 1
    outer loop
      vertex 64 46 3
      vertex 56 30 3
      vertex 64 0 3
    endloop
  endfacet
  facet normal -0 0 1
    outer loop
      vertex 53 30 3
      vertex 64 0 3
      vertex 56 30 3
    endloop
  endfacet
  facet normal 0 0 1
    outer loop
      vertex 32.9679 13.019 3
      vertex 53 30 3
      vertex 33 14 3
    endloop
  endfacet
  facet normal 0 0 1
    outer loop
      vertex 53 30 3
      vertex 32.9679 13.019 3
      vertex 64 0 3
    endloop
  endfacet
  facet normal -0 0 1
    outer loop
      vertex 32.8717 12.0421 3
      vertex 64 0 3
      vertex 32.9679 13.019 3
    endloop
  endfacet
  facet normal -0 0 1
    outer loop
      vertex 32.7118 11.0736 3
      vertex 64 0 3
      vertex 32.8717 12.0421 3
    endloop
  endfacet
  facet normal -0 0 1
    outer loop
      vertex 32.4889 10.1177 3
      vertex 64 0 3
      vertex 32.7118 11.0736 3
    endloop
  endfacet
  facet normal -0 0 1
    outer loop
      vertex 32.204 9.17841 3
      vertex 64 0 3
      vertex 32.4889 10.1177 3
    endloop
  endfacet
  facet normal -0 0 1
    outer loop
      vertex 31.8582 8.25975 3
      vertex 64 0 3
      vertex 32.204 9.17841 3
    endloop
  endfacet
  facet normal -0 0 1
    outer loop
      vertex 31.4531 7.36567 3
      vertex 64 0 3
      vertex 31.8582 8.25975 3
    endloop
  endfacet
  facet normal -0 0 1
    outer loop
      vertex 30.9904 6.5 3
      vertex 64 0 3
      vertex 31.4531 7.36567 3
    endloop
  endfacet
  facet normal -0 0 1
    outer loop
      vertex 30.472 5.66645 3
      vertex 64 0 3
      vertex 30.9904 6.5 3
    endloop
  endfacet
  facet normal -0 0 1
    outer loop
      vertex 29.9003 4.86858 3
      vertex 64 0 3
      vertex 30.472 5.66645 3
    endloop
  endfacet
  facet normal -0 0 1
    outer loop
      vertex 29.2776 4.10981 3
      vertex 64 0 3
      vertex 29.9003 4.86858 3
    endloop
  endfacet
  facet normal -0 0 1
    outer loop
      vertex 28.6066 3.3934 3
      vertex 64 0 3
      vertex 29.2776 4.10981 3
    endloop
  endfacet
  facet normal -0 0 1
    outer loop
      vertex 27.8902 2.7224 3
      vertex 64 0 3
      vertex 28.6066 3.3934 3
    endloop
  endfacet
  facet normal -0 0 1
    outer loop
      vertex 27.1314 2.0997 3
      vertex 64 0 3
      vertex 27.8902 2.7224 3
    endloop
  endfacet
  facet normal -0 0 1
    outer loop
      vertex 26.3336 1.52796 3
      vertex 64 0 3
      vertex 27.1314 2.0997 3
    endloop
  endfacet
  facet normal -0 0 1
    outer loop
      vertex 25.5 1.00962 3
      vertex 64 0 3
      vertex 26.3336 1.52796 3
    endloop
  endfacet
  facet normal -0 0 1
    outer loop
      vertex 24.6343 0.546908 3
      vertex 64 0 3
      vertex 25.5 1.00962 3
    endloop
  endfacet
  facet normal -0 0 1
    outer loop
      vertex 23.7402 0.141807 3
      vertex 64 0 3
      vertex 24.6343 0.546908 3
    endloop
  endfacet
  facet normal 0 0 1
    outer loop
      vertex 64 0 3
      vertex 23.7402 0.141807 3
      vertex 23.3635 0 3
    endloop
  endfacet
  facet normal 0 0 1
    outer loop
      vertex 3.03212 14.981 3
      vertex 0 0 3
      vertex 3 14 3
    endloop
  endfacet
  facet normal 0 0 1
    outer loop
      vertex 12.2597 0.141807 3
      vertex 0 0 3
      vertex 12.6365 0 3
    endloop
  endfacet
  facet normal 0 0 1
    outer loop
      vertex 11.3657 0.546908 3
      vertex 0 0 3
      vertex 12.2597 0.141807 3
    endloop
  endfacet
  facet normal 0 0 1
    outer loop
      vertex 10.5 1.00962 3
      vertex 0 0 3
      vertex 11.3657 0.546908 3
    endloop
  endfacet
  facet normal 0 0 1
    outer loop
      vertex 9.66645 1.52796 3
      vertex 0 0 3
      vertex 10.5 1.00962 3
    endloop
  endfacet
  facet normal 0 0 1
    outer loop
      vertex 8.86858 2.0997 3
      vertex 0 0 3
      vertex 9.66645 1.52796 3
    endloop
  endfacet
  facet normal 0 0 1
    outer loop
      vertex 8.10981 2.7224 3
      vertex 0 0 3
      vertex 8.86858 2.0997 3
    endloop
  endfacet
  facet normal 0 0 1
    outer loop
      vertex 7.3934 3.3934 3
      vertex 0 0 3
      vertex 8.10981 2.7224 3
    endloop
  endfacet
  facet normal 0 0 1
    outer loop
      vertex 6.7224 4.10981 3
      vertex 0 0 3
      vertex 7.3934 3.3934 3
    endloop
  endfacet
  facet normal 0 0 1
    outer loop
      vertex 6.0997 4.86858 3
      vertex 0 0 3
      vertex 6.7224 4.10981 3
    endloop
  endfacet
  facet normal 0 0 1
    outer loop
      vertex 5.52796 5.66645 3
      vertex 0 0 3
      vertex 6.0997 4.86858 3
    endloop
  endfacet
  facet normal 0 0 1
    outer loop
      vertex 5.00962 6.5 3
      vertex 0 0 3
      vertex 5.52796 5.66645 3
    endloop
  endfacet
  facet normal 0 0 1
    outer loop
      vertex 4.54691 7.36567 3
      vertex 0 0 3
      vertex 5.00962 6.5 3
    endloop
  endfacet
  facet normal 0 0 1
    outer loop
      vertex 4.14181 8.25975 3
      vertex 0 0 3
      vertex 4.54691 7.36567 3
    endloop
  endfacet
  facet normal 0 0 1
    outer loop
      vertex 3.79605 9.17841 3
      vertex 0 0 3
      vertex 4.14181 8.25975 3
    endloop
  endfacet
  facet normal 0 0 1
    outer loop
      vertex 3.51111 10.1177 3
      vertex 0 0 3
      vertex 3.79605 9.17841 3
    endloop
  endfacet
  facet normal 0 0 1
    outer loop
      vertex 3.28822 11.0736 3
      vertex 0 0 3
      vertex 3.51111 10.1177 3
    endloop
  endfacet
  facet normal 0 0 1
    outer loop
      vertex 3.12833 12.0421 3
      vertex 0 0 3
      vertex 3.28822 11.0736 3
    endloop
  endfacet
  facet normal 0 0 1
    outer loop
      vertex 3.03212 13.019 3
      vertex 0 0 3
      vertex 3.12833 12.0421 3
    endloop
  endfacet
  facet normal 0 0 1
    outer loop
      vertex 3 14 3
      vertex 0 0 3
      vertex 3.03212 13.019 3
    endloop
  endfacet
  facet normal 1 -0 0
    outer loop
      vertex 64 0 3
      vertex 64 46 0
      vertex 64 46 3
    endloop
  endfacet
  facet normal 1 0 0
    outer loop
      vertex 64 46 0
      vertex 64 0 3
      vertex 64 0 0
    endloop
  endfacet
  facet normal 0 1 -0
    outer loop
      vertex 64 46 0
      vertex 0 46 3
      vertex 64 46 3
    endloop
  endfacet
  facet normal 0 1 0
    outer loop
      vertex 0 46 3
      vertex 64 46 0
      vertex 0 46 0
    endloop
  endfacet
  facet normal 0 0 -1
    outer loop
      vertex 31.3471 14.0883 0
      vertex 64 0 0
      vertex 31.35 14 0
    endloop
  endfacet
  facet normal 0 0 -1
    outer loop
      vertex 64 0 0
      vertex 31.3471 13.9117 0
      vertex 31.35 14 0
    endloop
  endfacet
  facet normal 0 0 -1
    outer loop
      vertex 64 0 0
      vertex 31.3385 13.8238 0
      vertex 31.3471 13.9117 0
    endloop
  endfacet
  facet normal 0 0 -1
    outer loop
      vertex 64 0 0
      vertex 31.3241 13.7366 0
      vertex 31.3385 13.8238 0
    endloop
  endfacet
  facet normal 0 0 -1
    outer loop
      vertex 64 0 0
      vertex 31.304 13.6506 0
      vertex 31.3241 13.7366 0
    endloop
  endfacet
  facet normal 0 0 -1
    outer loop
      vertex 64 0 0
      vertex 31.2784 13.5661 0
      vertex 31.304 13.6506 0
    endloop
  endfacet
  facet normal 0 0 -1
    outer loop
      vertex 64 0 0
      vertex 31.2472 13.4834 0
      vertex 31.2784 13.5661 0
    endloop
  endfacet
  facet normal 0 0 -1
    outer loop
      vertex 64 0 0
      vertex 31.2108 13.4029 0
      vertex 31.2472 13.4834 0
    endloop
  endfacet
  facet normal 0 0 -1
    outer loop
      vertex 64 0 0
      vertex 31.1691 13.325 0
      vertex 31.2108 13.4029 0
    endloop
  endfacet
  facet normal 0 0 -1
    outer loop
      vertex 64 0 0
      vertex 31.1225 13.25 0
      vertex 31.1691 13.325 0
    endloop
  endfacet
  facet normal 0 0 -1
    outer loop
      vertex 64 0 0
      vertex 31.071 13.1782 0
      vertex 31.1225 13.25 0
    endloop
  endfacet
  facet normal 0 0 -1
    outer loop
      vertex 64 0 0
      vertex 31.015 13.1099 0
      vertex 31.071 13.1782 0
    endloop
  endfacet
  facet normal 0 0 -1
    outer loop
      vertex 64 0 0
      vertex 30.9546 13.0454 0
      vertex 31.015 13.1099 0
    endloop
  endfacet
  facet normal 0 0 -1
    outer loop
      vertex 64 0 0
      vertex 30.8901 12.985 0
      vertex 30.9546 13.0454 0
    endloop
  endfacet
  facet normal 0 0 -1
    outer loop
      vertex 64 0 0
      vertex 30.8218 12.929 0
      vertex 30.8901 12.985 0
    endloop
  endfacet
  facet normal 0 0 -1
    outer loop
      vertex 64 0 0
      vertex 30.75 12.8775 0
      vertex 30.8218 12.929 0
    endloop
  endfacet
  facet normal 0 0 -1
    outer loop
      vertex 64 0 0
      vertex 30.675 12.8309 0
      vertex 30.75 12.8775 0
    endloop
  endfacet
  facet normal 0 0 -1
    outer loop
      vertex 64 0 0
      vertex 30.5971 12.7892 0
      vertex 30.675 12.8309 0
    endloop
  endfacet
  facet normal 0 0 -1
    outer loop
      vertex 64 0 0
      vertex 30.5166 12.7528 0
      vertex 30.5971 12.7892 0
    endloop
  endfacet
  facet normal 0 0 -1
    outer loop
      vertex 64 0 0
      vertex 30.4339 12.7216 0
      vertex 30.5166 12.7528 0
    endloop
  endfacet
  facet normal 0 0 -1
    outer loop
      vertex 64 0 0
      vertex 30.3494 12.696 0
      vertex 30.4339 12.7216 0
    endloop
  endfacet
  facet normal 0 0 -1
    outer loop
      vertex 64 0 0
      vertex 30.2634 12.6759 0
      vertex 30.3494 12.696 0
    endloop
  endfacet
  facet normal 0 0 -1
    outer loop
      vertex 64 0 0
      vertex 30.1762 12.6615 0
      vertex 30.2634 12.6759 0
    endloop
  endfacet
  facet normal 0 0 -1
    outer loop
      vertex 64 0 0
      vertex 30.0883 12.6529 0
      vertex 30.1762 12.6615 0
    endloop
  endfacet
  facet normal 0 0 -1
    outer loop
      vertex 64 0 0
      vertex 30 12.65 0
      vertex 30.0883 12.6529 0
    endloop
  endfacet
  facet normal 0 0 -1
    outer loop
      vertex 0 0 0
      vertex 30 12.65 0
      vertex 64 0 0
    endloop
  endfacet
  facet normal 0 -0 -1
    outer loop
      vertex 18.9567 11.6903 0
      vertex 30 12.65 0
      vertex 18.8036 11.6327 0
    endloop
  endfacet
  facet normal 0 -0 -1
    outer loop
      vertex 19.1057 11.7578 0
      vertex 22 12.65 0
      vertex 18.9567 11.6903 0
    endloop
  endfacet
  facet normal 0 -0 -1
    outer loop
      vertex 19.25 11.8349 0
      vertex 22 12.65 0
      vertex 19.1057 11.7578 0
    endloop
  endfacet
  facet normal 0 -0 -1
    outer loop
      vertex 19.3889 11.9213 0
      vertex 22 12.65 0
      vertex 19.25 11.8349 0
    endloop
  endfacet
  facet normal 0 0 -1
    outer loop
      vertex 20.6529 13.9117 0
      vertex 20.5 14 0
      vertex 20.65 14 0
    endloop
  endfacet
  facet normal 0 0 -1
    outer loop
      vertex 20.4946 13.8365 0
      vertex 20.6529 13.9117 0
      vertex 20.6615 13.8238 0
    endloop
  endfacet
  facet normal 0 0 -1
    outer loop
      vertex 20.4946 13.8365 0
      vertex 20.6615 13.8238 0
      vertex 20.6759 13.7366 0
    endloop
  endfacet
  facet normal 0 0 -1
    outer loop
      vertex 20.4786 13.6737 0
      vertex 20.6759 13.7366 0
      vertex 20.696 13.6506 0
    endloop
  endfacet
  facet normal 0 0 -1
    outer loop
      vertex 20.452 13.5123 0
      vertex 20.696 13.6506 0
      vertex 20.7216 13.5661 0
    endloop
  endfacet
  facet normal 0 0 -1
    outer loop
      vertex 20.452 13.5123 0
      vertex 20.7216 13.5661 0
      vertex 20.7528 13.4834 0
    endloop
  endfacet
  facet normal 0 0 -1
    outer loop
      vertex 20.4148 13.353 0
      vertex 20.7528 13.4834 0
      vertex 20.7892 13.4029 0
    endloop
  endfacet
  facet normal -0 0 -1
    outer loop
      vertex 20.6529 13.9117 0
      vertex 20.4946 13.8365 0
      vertex 20.5 14 0
    endloop
  endfacet
  facet normal 0 0 -1
    outer loop
      vertex 20.4148 13.353 0
      vertex 20.7892 13.4029 0
      vertex 20.8309 13.325 0
    endloop
  endfacet
  facet normal 0 0 -1
    outer loop
      vertex 20.3673 13.1964 0
      vertex 20.8309 13.325 0
      vertex 20.8775 13.25 0
    endloop
  endfacet
  facet normal -0 0 -1
    outer loop
      vertex 20.6759 13.7366 0
      vertex 20.4786 13.6737 0
      vertex 20.4946 13.8365 0
    endloop
  endfacet
  facet normal 0 0 -1
    outer loop
      vertex 20.3673 13.1964 0
      vertex 20.8775 13.25 0
      vertex 20.929 13.1782 0
    endloop
  endfacet
  facet normal 0 0 -1
    outer loop
      vertex 20.3097 13.0433 0
      vertex 20.929 13.1782 0
      vertex 20.985 13.1099 0
    endloop
  endfacet
  facet normal -0 0 -1
    outer loop
      vertex 20.696 13.6506 0
      vertex 20.452 13.5123 0
      vertex 20.4786 13.6737 0
    endloop
  endfacet
  facet normal 0 0 -1
    outer loop
      vertex 20.2422 12.8943 0
      vertex 20.985 13.1099 0
      vertex 21.0454 13.0454 0
    endloop
  endfacet
  facet normal 0 0 -1
    outer loop
      vertex 20.2422 12.8943 0
      vertex 21.0454 13.0454 0
      vertex 21.1099 12.985 0
    endloop
  endfacet
  facet normal 0 0 -1
    outer loop
      vertex 20.1651 12.75 0
      vertex 21.1099 12.985 0
      vertex 21.1782 12.929 0
    endloop
  endfacet
  facet normal -0 0 -1
    outer loop
      vertex 20.7528 13.4834 0
      vertex 20.4148 13.353 0
      vertex 20.452 13.5123 0
    endloop
  endfacet
  facet normal 0 0 -1
    outer loop
      vertex 20.1651 12.75 0
      vertex 21.1782 12.929 0
      vertex 21.25 12.8775 0
    endloop
  endfacet
  facet normal 0 0 -1
    outer loop
      vertex 20.0787 12.6111 0
      vertex 21.25 12.8775 0
      vertex 21.325 12.8309 0
    endloop
  endfacet
  facet normal -0 0 -1
    outer loop
      vertex 20.8309 13.325 0
      vertex 20.3673 13.1964 0
      vertex 20.4148 13.353 0
    endloop
  endfacet
  facet normal 0 0 -1
    outer loop
      vertex 19.9834 12.4781 0
      vertex 21.325 12.8309 0
      vertex 21.4029 12.7892 0
    endloop
  endfacet
  facet normal 0 0 -1
    outer loop
      vertex 19.9834 12.4781 0
      vertex 21.4029 12.7892 0
      vertex 21.4834 12.7528 0
    endloop
  endfacet
  facet normal -0 0 -1
    outer loop
      vertex 20.929 13.1782 0
      vertex 20.3097 13.0433 0
      vertex 20.3673 13.1964 0
    endloop
  endfacet
  facet normal 0 0 -1
    outer loop
      vertex 19.8796 12.3516 0
      vertex 21.4834 12.7528 0
      vertex 21.5661 12.7216 0
    endloop
  endfacet
  facet normal 0 0 -1
    outer loop
      vertex 19.7678 12.2322 0
      vertex 21.5661 12.7216 0
      vertex 21.6506 12.696 0
    endloop
  endfacet
  facet normal -0 0 -1
    outer loop
      vertex 22 12.65 0
      vertex 19.3889 11.9213 0
      vertex 21.9117 12.6529 0
    endloop
  endfacet
  facet normal 0 0 -1
    outer loop
      vertex 20.985 13.1099 0
      vertex 20.2422 12.8943 0
      vertex 20.3097 13.0433 0
    endloop
  endfacet
  facet normal 0 0 -1
    outer loop
      vertex 21.1099 12.985 0
      vertex 20.1651 12.75 0
      vertex 20.2422 12.8943 0
    endloop
  endfacet
  facet normal 0 0 -1
    outer loop
      vertex 21.25 12.8775 0
      vertex 20.0787 12.6111 0
      vertex 20.1651 12.75 0
    endloop
  endfacet
  facet normal 0 0 -1
    outer loop
      vertex 21.325 12.8309 0
      vertex 19.9834 12.4781 0
      vertex 20.0787 12.6111 0
    endloop
  endfacet
  facet normal 0 0 -1
    outer loop
      vertex 21.4834 12.7528 0
      vertex 19.8796 12.3516 0
      vertex 19.9834 12.4781 0
    endloop
  endfacet
  facet normal 0 0 -1
    outer loop
      vertex 21.5661 12.7216 0
      vertex 19.7678 12.2322 0
      vertex 19.8796 12.3516 0
    endloop
  endfacet
  facet normal 0 0 -1
    outer loop
      vertex 21.6506 12.696 0
      vertex 19.6484 12.1204 0
      vertex 19.7678 12.2322 0
    endloop
  endfacet
  facet normal -0 0 -1
    outer loop
      vertex 21.7366 12.6759 0
      vertex 19.6484 12.1204 0
      vertex 21.6506 12.696 0
    endloop
  endfacet
  facet normal 0 -0 -1
    outer loop
      vertex 19.6484 12.1204 0
      vertex 21.7366 12.6759 0
      vertex 19.5219 12.0166 0
    endloop
  endfacet
  facet normal -0 0 -1
    outer loop
      vertex 21.8238 12.6615 0
      vertex 19.5219 12.0166 0
      vertex 21.7366 12.6759 0
    endloop
  endfacet
  facet normal -0 0 -1
    outer loop
      vertex 21.9117 12.6529 0
      vertex 19.5219 12.0166 0
      vertex 21.8238 12.6615 0
    endloop
  endfacet
  facet normal 0 -0 -1
    outer loop
      vertex 19.5219 12.0166 0
      vertex 21.9117 12.6529 0
      vertex 19.3889 11.9213 0
    endloop
  endfacet
  facet normal -0 0 -1
    outer loop
      vertex 30 12.65 0
      vertex 18.9567 11.6903 0
      vertex 22 12.65 0
    endloop
  endfacet
  facet normal 0 0 -1
    outer loop
      vertex 30 12.65 0
      vertex 18.647 11.5852 0
      vertex 18.8036 11.6327 0
    endloop
  endfacet
  facet normal 0 0 -1
    outer loop
      vertex 30 12.65 0
      vertex 0 0 0
      vertex 18.647 11.5852 0
    endloop
  endfacet
  facet normal 0 0 -1
    outer loop
      vertex 18.647 11.5852 0
      vertex 0 0 0
      vertex 18.4877 11.548 0
    endloop
  endfacet
  facet normal 0 0 -1
    outer loop
      vertex 18.4877 11.548 0
      vertex 0 0 0
      vertex 18.3263 11.5214 0
    endloop
  endfacet
  facet normal 0 0 -1
    outer loop
      vertex 18.3263 11.5214 0
      vertex 0 0 0
      vertex 18.1635 11.5054 0
    endloop
  endfacet
  facet normal 0 0 -1
    outer loop
      vertex 18.1635 11.5054 0
      vertex 0 0 0
      vertex 18 11.5 0
    endloop
  endfacet
  facet normal -0 0 -1
    outer loop
      vertex 18 11.5 0
      vertex 0 0 0
      vertex 17.8365 11.5054 0
    endloop
  endfacet
  facet normal -0 0 -1
    outer loop
      vertex 17.8365 11.5054 0
      vertex 0 0 0
      vertex 17.6737 11.5214 0
    endloop
  endfacet
  facet normal -0 0 -1
    outer loop
      vertex 17.6737 11.5214 0
      vertex 0 0 0
      vertex 17.5123 11.548 0
    endloop
  endfacet
  facet normal 0 0 -1
    outer loop
      vertex 15.3471 13.9117 0
      vertex 15.5 14 0
      vertex 15.5054 13.8365 0
    endloop
  endfacet
  facet normal 0 0 -1
    outer loop
      vertex 15.3241 13.7366 0
      vertex 15.5054 13.8365 0
      vertex 15.5214 13.6737 0
    endloop
  endfacet
  facet normal 0 0 -1
    outer loop
      vertex 15.304 13.6506 0
      vertex 15.5214 13.6737 0
      vertex 15.548 13.5123 0
    endloop
  endfacet
  facet normal 0 0 -1
    outer loop
      vertex 15.2472 13.4834 0
      vertex 15.548 13.5123 0
      vertex 15.5852 13.353 0
    endloop
  endfacet
  facet normal 0 0 -1
    outer loop
      vertex 15.1691 13.325 0
      vertex 15.5852 13.353 0
      vertex 15.6327 13.1964 0
    endloop
  endfacet
  facet normal -0 0 -1
    outer loop
      vertex 15.5 14 0
      vertex 15.3471 13.9117 0
      vertex 15.35 14 0
    endloop
  endfacet
  facet normal 0 0 -1
    outer loop
      vertex 15.071 13.1782 0
      vertex 15.6327 13.1964 0
      vertex 15.6903 13.0433 0
    endloop
  endfacet
  facet normal -0 0 -1
    outer loop
      vertex 15.5054 13.8365 0
      vertex 15.3385 13.8238 0
      vertex 15.3471 13.9117 0
    endloop
  endfacet
  facet normal 0 0 -1
    outer loop
      vertex 15.5054 13.8365 0
      vertex 15.3241 13.7366 0
      vertex 15.3385 13.8238 0
    endloop
  endfacet
  facet normal 0 0 -1
    outer loop
      vertex 15.015 13.1099 0
      vertex 15.6903 13.0433 0
      vertex 15.7578 12.8943 0
    endloop
  endfacet
  facet normal -0 0 -1
    outer loop
      vertex 15.5214 13.6737 0
      vertex 15.304 13.6506 0
      vertex 15.3241 13.7366 0
    endloop
  endfacet
  facet normal 0 0 -1
    outer loop
      vertex 14.8901 12.985 0
      vertex 15.7578 12.8943 0
      vertex 15.8349 12.75 0
    endloop
  endfacet
  facet normal 0 0 -1
    outer loop
      vertex 15.548 13.5123 0
      vertex 15.2784 13.5661 0
      vertex 15.304 13.6506 0
    endloop
  endfacet
  facet normal 0 0 -1
    outer loop
      vertex 14.8218 12.929 0
      vertex 15.8349 12.75 0
      vertex 15.9213 12.6111 0
    endloop
  endfacet
  facet normal -0 0 -1
    outer loop
      vertex 15.548 13.5123 0
      vertex 15.2472 13.4834 0
      vertex 15.2784 13.5661 0
    endloop
  endfacet
  facet normal 0 0 -1
    outer loop
      vertex 14.675 12.8309 0
      vertex 15.9213 12.6111 0
      vertex 16.0166 12.4781 0
    endloop
  endfacet
  facet normal 0 0 -1
    outer loop
      vertex 15.5852 13.353 0
      vertex 15.2108 13.4029 0
      vertex 15.2472 13.4834 0
    endloop
  endfacet
  facet normal 0 0 -1
    outer loop
      vertex 14.5971 12.7892 0
      vertex 16.0166 12.4781 0
      vertex 16.1204 12.3516 0
    endloop
  endfacet
  facet normal -0 0 -1
    outer loop
      vertex 15.5852 13.353 0
      vertex 15.1691 13.325 0
      vertex 15.2108 13.4029 0
    endloop
  endfacet
  facet normal 0 0 -1
    outer loop
      vertex 14.4339 12.7216 0
      vertex 16.1204 12.3516 0
      vertex 16.2322 12.2322 0
    endloop
  endfacet
  facet normal 0 0 -1
    outer loop
      vertex 15.6327 13.1964 0
      vertex 15.1225 13.25 0
      vertex 15.1691 13.325 0
    endloop
  endfacet
  facet normal 0 0 -1
    outer loop
      vertex 14.3494 12.696 0
      vertex 16.2322 12.2322 0
      vertex 16.3516 12.1204 0
    endloop
  endfacet
  facet normal -0 0 -1
    outer loop
      vertex 15.6327 13.1964 0
      vertex 15.071 13.1782 0
      vertex 15.1225 13.25 0
    endloop
  endfacet
  facet normal 0 0 -1
    outer loop
      vertex 15.6903 13.0433 0
      vertex 15.015 13.1099 0
      vertex 15.071 13.1782 0
    endloop
  endfacet
  facet normal 0 0 -1
    outer loop
      vertex 14.2634 12.6759 0
      vertex 16.3516 12.1204 0
      vertex 16.4781 12.0166 0
    endloop
  endfacet
  facet normal 0 0 -1
    outer loop
      vertex 15.7578 12.8943 0
      vertex 14.9546 13.0454 0
      vertex 15.015 13.1099 0
    endloop
  endfacet
  facet normal 0 0 -1
    outer loop
      vertex 14.0883 12.6529 0
      vertex 16.4781 12.0166 0
      vertex 16.6111 11.9213 0
    endloop
  endfacet
  facet normal 0 0 -1
    outer loop
      vertex 15.7578 12.8943 0
      vertex 14.8901 12.985 0
      vertex 14.9546 13.0454 0
    endloop
  endfacet
  facet normal 0 0 -1
    outer loop
      vertex 14 12.65 0
      vertex 16.6111 11.9213 0
      vertex 16.75 11.8349 0
    endloop
  endfacet
  facet normal 0 0 -1
    outer loop
      vertex 15.8349 12.75 0
      vertex 14.8218 12.929 0
      vertex 14.8901 12.985 0
    endloop
  endfacet
  facet normal 0 0 -1
    outer loop
      vertex 15.9213 12.6111 0
      vertex 14.75 12.8775 0
      vertex 14.8218 12.929 0
    endloop
  endfacet
  facet normal 0 0 -1
    outer loop
      vertex 14 12.65 0
      vertex 16.75 11.8349 0
      vertex 16.8943 11.7578 0
    endloop
  endfacet
  facet normal 0 0 -1
    outer loop
      vertex 15.9213 12.6111 0
      vertex 14.675 12.8309 0
      vertex 14.75 12.8775 0
    endloop
  endfacet
  facet normal 0 0 -1
    outer loop
      vertex 16.0166 12.4781 0
      vertex 14.5971 12.7892 0
      vertex 14.675 12.8309 0
    endloop
  endfacet
  facet normal 0 0 -1
    outer loop
      vertex 14 12.65 0
      vertex 16.8943 11.7578 0
      vertex 17.0433 11.6903 0
    endloop
  endfacet
  facet normal 0 0 -1
    outer loop
      vertex 16.1204 12.3516 0
      vertex 14.5166 12.7528 0
      vertex 14.5971 12.7892 0
    endloop
  endfacet
  facet normal 0 0 -1
    outer loop
      vertex 16.1204 12.3516 0
      vertex 14.4339 12.7216 0
      vertex 14.5166 12.7528 0
    endloop
  endfacet
  facet normal 0 0 -1
    outer loop
      vertex 16.2322 12.2322 0
      vertex 14.3494 12.696 0
      vertex 14.4339 12.7216 0
    endloop
  endfacet
  facet normal 0 0 -1
    outer loop
      vertex 0 0 0
      vertex 17.0433 11.6903 0
      vertex 17.1964 11.6327 0
    endloop
  endfacet
  facet normal 0 0 -1
    outer loop
      vertex 16.3516 12.1204 0
      vertex 14.2634 12.6759 0
      vertex 14.3494 12.696 0
    endloop
  endfacet
  facet normal 0 0 -1
    outer loop
      vertex 16.4781 12.0166 0
      vertex 14.1762 12.6615 0
      vertex 14.2634 12.6759 0
    endloop
  endfacet
  facet normal 0 0 -1
    outer loop
      vertex 16.4781 12.0166 0
      vertex 14.0883 12.6529 0
      vertex 14.1762 12.6615 0
    endloop
  endfacet
  facet normal 0 0 -1
    outer loop
      vertex 16.6111 11.9213 0
      vertex 14 12.65 0
      vertex 14.0883 12.6529 0
    endloop
  endfacet
  facet normal -0 0 -1
    outer loop
      vertex 17.0433 11.6903 0
      vertex 0 0 0
      vertex 14 12.65 0
    endloop
  endfacet
  facet normal 0 0 -1
    outer loop
      vertex 0 0 0
      vertex 17.1964 11.6327 0
      vertex 17.353 11.5852 0
    endloop
  endfacet
  facet normal -0 0 -1
    outer loop
      vertex 17.5123 11.548 0
      vertex 0 0 0
      vertex 17.353 11.5852 0
    endloop
  endfacet
  facet normal -0 0 -1
    outer loop
      vertex 14 12.65 0
      vertex 0 0 0
      vertex 6 12.65 0
    endloop
  endfacet
  facet normal -0 0 -1
    outer loop
      vertex 6 12.65 0
      vertex 0 0 0
      vertex 5.91171 12.6529 0
    endloop
  endfacet
  facet normal -0 0 -1
    outer loop
      vertex 5.91171 12.6529 0
      vertex 0 0 0
      vertex 5.82379 12.6615 0
    endloop
  endfacet
  facet normal -0 0 -1
    outer loop
      vertex 4.65289 13.9117 0
      vertex 0 0 0
      vertex 4.65 14 0
    endloop
  endfacet
  facet normal -0 0 -1
    outer loop
      vertex 4.66155 13.8238 0
      vertex 0 0 0
      vertex 4.65289 13.9117 0
    endloop
  endfacet
  facet normal -0 0 -1
    outer loop
      vertex 4.67594 13.7366 0
      vertex 0 0 0
      vertex 4.66155 13.8238 0
    endloop
  endfacet
  facet normal -0 0 -1
    outer loop
      vertex 4.696 13.6506 0
      vertex 0 0 0
      vertex 4.67594 13.7366 0
    endloop
  endfacet
  facet normal -0 0 -1
    outer loop
      vertex 4.72164 13.5661 0
      vertex 0 0 0
      vertex 4.696 13.6506 0
    endloop
  endfacet
  facet normal -0 0 -1
    outer loop
      vertex 4.75276 13.4834 0
      vertex 0 0 0
      vertex 4.72164 13.5661 0
    endloop
  endfacet
  facet normal -0 0 -1
    outer loop
      vertex 4.78922 13.4029 0
      vertex 0 0 0
      vertex 4.75276 13.4834 0
    endloop
  endfacet
  facet normal -0 0 -1
    outer loop
      vertex 4.83086 13.325 0
      vertex 0 0 0
      vertex 4.78922 13.4029 0
    endloop
  endfacet
  facet normal -0 0 -1
    outer loop
      vertex 4.87752 13.25 0
      vertex 0 0 0
      vertex 4.83086 13.325 0
    endloop
  endfacet
  facet normal -0 0 -1
    outer loop
      vertex 4.92897 13.1782 0
      vertex 0 0 0
      vertex 4.87752 13.25 0
    endloop
  endfacet
  facet normal -0 0 -1
    outer loop
      vertex 4.98502 13.1099 0
      vertex 0 0 0
      vertex 4.92897 13.1782 0
    endloop
  endfacet
  facet normal -0 0 -1
    outer loop
      vertex 5.04541 13.0454 0
      vertex 0 0 0
      vertex 4.98502 13.1099 0
    endloop
  endfacet
  facet normal -0 0 -1
    outer loop
      vertex 5.10988 12.985 0
      vertex 0 0 0
      vertex 5.04541 13.0454 0
    endloop
  endfacet
  facet normal -0 0 -1
    outer loop
      vertex 5.17817 12.929 0
      vertex 0 0 0
      vertex 5.10988 12.985 0
    endloop
  endfacet
  facet normal -0 0 -1
    outer loop
      vertex 5.24998 12.8775 0
      vertex 0 0 0
      vertex 5.17817 12.929 0
    endloop
  endfacet
  facet normal -0 0 -1
    outer loop
      vertex 5.325 12.8309 0
      vertex 0 0 0
      vertex 5.24998 12.8775 0
    endloop
  endfacet
  facet normal -0 0 -1
    outer loop
      vertex 5.40291 12.7892 0
      vertex 0 0 0
      vertex 5.325 12.8309 0
    endloop
  endfacet
  facet normal -0 0 -1
    outer loop
      vertex 5.48338 12.7528 0
      vertex 0 0 0
      vertex 5.40291 12.7892 0
    endloop
  endfacet
  facet normal -0 0 -1
    outer loop
      vertex 5.56606 12.7216 0
      vertex 0 0 0
      vertex 5.48338 12.7528 0
    endloop
  endfacet
  facet normal -0 0 -1
    outer loop
      vertex 5.65059 12.696 0
      vertex 0 0 0
      vertex 5.56606 12.7216 0
    endloop
  endfacet
  facet normal -0 0 -1
    outer loop
      vertex 5.73663 12.6759 0
      vertex 0 0 0
      vertex 5.65059 12.696 0
    endloop
  endfacet
  facet normal -0 0 -1
    outer loop
      vertex 5.82379 12.6615 0
      vertex 0 0 0
      vertex 5.73663 12.6759 0
    endloop
  endfacet
  facet normal 0 0 -1
    outer loop
      vertex 31.3385 14.1762 0
      vertex 64 0 0
      vertex 31.3471 14.0883 0
    endloop
  endfacet
  facet normal 0 0 -1
    outer loop
      vertex 31.3241 14.2634 0
      vertex 64 0 0
      vertex 31.3385 14.1762 0
    endloop
  endfacet
  facet normal 0 0 -1
    outer loop
      vertex 31.304 14.3494 0
      vertex 64 0 0
      vertex 31.3241 14.2634 0
    endloop
  endfacet
  facet normal 0 0 -1
    outer loop
      vertex 31.2784 14.4339 0
      vertex 64 0 0
      vertex 31.304 14.3494 0
    endloop
  endfacet
  facet normal 0 0 -1
    outer loop
      vertex 64 0 0
      vertex 31.2784 14.4339 0
      vertex 64 46 0
    endloop
  endfacet
  facet normal 0 0 -1
    outer loop
      vertex 31.2472 14.5166 0
      vertex 64 46 0
      vertex 31.2784 14.4339 0
    endloop
  endfacet
  facet normal 0 0 -1
    outer loop
      vertex 31.2108 14.5971 0
      vertex 64 46 0
      vertex 31.2472 14.5166 0
    endloop
  endfacet
  facet normal 0 0 -1
    outer loop
      vertex 31.1691 14.675 0
      vertex 64 46 0
      vertex 31.2108 14.5971 0
    endloop
  endfacet
  facet normal 0 0 -1
    outer loop
      vertex 31.1225 14.75 0
      vertex 64 46 0
      vertex 31.1691 14.675 0
    endloop
  endfacet
  facet normal 0 0 -1
    outer loop
      vertex 31.071 14.8218 0
      vertex 64 46 0
      vertex 31.1225 14.75 0
    endloop
  endfacet
  facet normal 0 0 -1
    outer loop
      vertex 31.015 14.8901 0
      vertex 64 46 0
      vertex 31.071 14.8218 0
    endloop
  endfacet
  facet normal 0 0 -1
    outer loop
      vertex 30.9546 14.9546 0
      vertex 64 46 0
      vertex 31.015 14.8901 0
    endloop
  endfacet
  facet normal 0 0 -1
    outer loop
      vertex 30.8901 15.015 0
      vertex 64 46 0
      vertex 30.9546 14.9546 0
    endloop
  endfacet
  facet normal 0 0 -1
    outer loop
      vertex 30.8218 15.071 0
      vertex 64 46 0
      vertex 30.8901 15.015 0
    endloop
  endfacet
  facet normal 0 0 -1
    outer loop
      vertex 30.75 15.1225 0
      vertex 64 46 0
      vertex 30.8218 15.071 0
    endloop
  endfacet
  facet normal 0 0 -1
    outer loop
      vertex 30.675 15.1691 0
      vertex 64 46 0
      vertex 30.75 15.1225 0
    endloop
  endfacet
  facet normal 0 0 -1
    outer loop
      vertex 30.5971 15.2108 0
      vertex 64 46 0
      vertex 30.675 15.1691 0
    endloop
  endfacet
  facet normal 0 0 -1
    outer loop
      vertex 30.5166 15.2472 0
      vertex 64 46 0
      vertex 30.5971 15.2108 0
    endloop
  endfacet
  facet normal 0 0 -1
    outer loop
      vertex 30.4339 15.2784 0
      vertex 64 46 0
      vertex 30.5166 15.2472 0
    endloop
  endfacet
  facet normal 0 0 -1
    outer loop
      vertex 30.3494 15.304 0
      vertex 64 46 0
      vertex 30.4339 15.2784 0
    endloop
  endfacet
  facet normal 0 0 -1
    outer loop
      vertex 30.2634 15.3241 0
      vertex 64 46 0
      vertex 30.3494 15.304 0
    endloop
  endfacet
  facet normal 0 0 -1
    outer loop
      vertex 30.1762 15.3385 0
      vertex 64 46 0
      vertex 30.2634 15.3241 0
    endloop
  endfacet
  facet normal 0 0 -1
    outer loop
      vertex 30.0883 15.3471 0
      vertex 64 46 0
      vertex 30.1762 15.3385 0
    endloop
  endfacet
  facet normal 0 0 -1
    outer loop
      vertex 0 46 0
      vertex 30.0883 15.3471 0
      vertex 30 15.35 0
    endloop
  endfacet
  facet normal 0 0 -1
    outer loop
      vertex 18.9567 16.3097 0
      vertex 30 15.35 0
      vertex 22 15.35 0
    endloop
  endfacet
  facet normal 0 0 -1
    outer loop
      vertex 19.3889 16.0787 0
      vertex 22 15.35 0
      vertex 21.9117 15.3471 0
    endloop
  endfacet
  facet normal 0 0 -1
    outer loop
      vertex 19.5219 15.9834 0
      vertex 21.9117 15.3471 0
      vertex 21.8238 15.3385 0
    endloop
  endfacet
  facet normal 0 0 -1
    outer loop
      vertex 19.5219 15.9834 0
      vertex 21.8238 15.3385 0
      vertex 21.7366 15.3241 0
    endloop
  endfacet
  facet normal 0 0 -1
    outer loop
      vertex 19.6484 15.8796 0
      vertex 21.7366 15.3241 0
      vertex 21.6506 15.304 0
    endloop
  endfacet
  facet normal 0 0 -1
    outer loop
      vertex 19.7678 15.7678 0
      vertex 21.6506 15.304 0
      vertex 21.5661 15.2784 0
    endloop
  endfacet
  facet normal 0 0 -1
    outer loop
      vertex 19.8796 15.6484 0
      vertex 21.5661 15.2784 0
      vertex 21.4834 15.2472 0
    endloop
  endfacet
  facet normal 0 0 -1
    outer loop
      vertex 19.8796 15.6484 0
      vertex 21.4834 15.2472 0
      vertex 21.4029 15.2108 0
    endloop
  endfacet
  facet normal 0 0 -1
    outer loop
      vertex 19.9834 15.5219 0
      vertex 21.4029 15.2108 0
      vertex 21.325 15.1691 0
    endloop
  endfacet
  facet normal 0 0 -1
    outer loop
      vertex 20.0787 15.3889 0
      vertex 21.325 15.1691 0
      vertex 21.25 15.1225 0
    endloop
  endfacet
  facet normal 0 0 -1
    outer loop
      vertex 20.0787 15.3889 0
      vertex 21.25 15.1225 0
      vertex 21.1782 15.071 0
    endloop
  endfacet
  facet normal 0 0 -1
    outer loop
      vertex 20.5 14 0
      vertex 20.6529 14.0883 0
      vertex 20.65 14 0
    endloop
  endfacet
  facet normal 0 0 -1
    outer loop
      vertex 20.4946 14.1635 0
      vertex 20.6529 14.0883 0
      vertex 20.5 14 0
    endloop
  endfacet
  facet normal 0 0 -1
    outer loop
      vertex 20.6529 14.0883 0
      vertex 20.4946 14.1635 0
      vertex 20.6615 14.1762 0
    endloop
  endfacet
  facet normal -0 0 -1
    outer loop
      vertex 20.6615 14.1762 0
      vertex 20.4946 14.1635 0
      vertex 20.6759 14.2634 0
    endloop
  endfacet
  facet normal 0 0 -1
    outer loop
      vertex 20.4786 14.3263 0
      vertex 20.6759 14.2634 0
      vertex 20.4946 14.1635 0
    endloop
  endfacet
  facet normal 0 0 -1
    outer loop
      vertex 20.6759 14.2634 0
      vertex 20.4786 14.3263 0
      vertex 20.696 14.3494 0
    endloop
  endfacet
  facet normal 0 0 -1
    outer loop
      vertex 20.452 14.4877 0
      vertex 20.696 14.3494 0
      vertex 20.4786 14.3263 0
    endloop
  endfacet
  facet normal 0 0 -1
    outer loop
      vertex 20.696 14.3494 0
      vertex 20.452 14.4877 0
      vertex 20.7216 14.4339 0
    endloop
  endfacet
  facet normal 0 0 -1
    outer loop
      vertex 20.7216 14.4339 0
      vertex 20.452 14.4877 0
      vertex 20.7528 14.5166 0
    endloop
  endfacet
  facet normal 0 0 -1
    outer loop
      vertex 20.4148 14.647 0
      vertex 20.7528 14.5166 0
      vertex 20.452 14.4877 0
    endloop
  endfacet
  facet normal 0 0 -1
    outer loop
      vertex 20.7528 14.5166 0
      vertex 20.4148 14.647 0
      vertex 20.7892 14.5971 0
    endloop
  endfacet
  facet normal 0 0 -1
    outer loop
      vertex 20.7892 14.5971 0
      vertex 20.4148 14.647 0
      vertex 20.8309 14.675 0
    endloop
  endfacet
  facet normal 0 0 -1
    outer loop
      vertex 20.3673 14.8036 0
      vertex 20.8309 14.675 0
      vertex 20.4148 14.647 0
    endloop
  endfacet
  facet normal 0 0 -1
    outer loop
      vertex 20.8309 14.675 0
      vertex 20.3673 14.8036 0
      vertex 20.8775 14.75 0
    endloop
  endfacet
  facet normal 0 0 -1
    outer loop
      vertex 20.8775 14.75 0
      vertex 20.3673 14.8036 0
      vertex 20.929 14.8218 0
    endloop
  endfacet
  facet normal 0 0 -1
    outer loop
      vertex 20.3097 14.9567 0
      vertex 20.929 14.8218 0
      vertex 20.3673 14.8036 0
    endloop
  endfacet
  facet normal 0 0 -1
    outer loop
      vertex 20.929 14.8218 0
      vertex 20.3097 14.9567 0
      vertex 20.985 14.8901 0
    endloop
  endfacet
  facet normal 0 0 -1
    outer loop
      vertex 20.2422 15.1057 0
      vertex 20.985 14.8901 0
      vertex 20.3097 14.9567 0
    endloop
  endfacet
  facet normal 0 0 -1
    outer loop
      vertex 20.985 14.8901 0
      vertex 20.2422 15.1057 0
      vertex 21.0454 14.9546 0
    endloop
  endfacet
  facet normal 0 0 -1
    outer loop
      vertex 21.0454 14.9546 0
      vertex 20.2422 15.1057 0
      vertex 21.1099 15.015 0
    endloop
  endfacet
  facet normal 0 0 -1
    outer loop
      vertex 20.1651 15.25 0
      vertex 21.1099 15.015 0
      vertex 20.2422 15.1057 0
    endloop
  endfacet
  facet normal 0 0 -1
    outer loop
      vertex 21.1099 15.015 0
      vertex 20.1651 15.25 0
      vertex 21.1782 15.071 0
    endloop
  endfacet
  facet normal 0 0 -1
    outer loop
      vertex 20.0787 15.3889 0
      vertex 21.1782 15.071 0
      vertex 20.1651 15.25 0
    endloop
  endfacet
  facet normal 0 0 -1
    outer loop
      vertex 21.325 15.1691 0
      vertex 20.0787 15.3889 0
      vertex 19.9834 15.5219 0
    endloop
  endfacet
  facet normal 0 0 -1
    outer loop
      vertex 21.4029 15.2108 0
      vertex 19.9834 15.5219 0
      vertex 19.8796 15.6484 0
    endloop
  endfacet
  facet normal 0 0 -1
    outer loop
      vertex 21.5661 15.2784 0
      vertex 19.8796 15.6484 0
      vertex 19.7678 15.7678 0
    endloop
  endfacet
  facet normal 0 0 -1
    outer loop
      vertex 21.6506 15.304 0
      vertex 19.7678 15.7678 0
      vertex 19.6484 15.8796 0
    endloop
  endfacet
  facet normal 0 0 -1
    outer loop
      vertex 21.7366 15.3241 0
      vertex 19.6484 15.8796 0
      vertex 19.5219 15.9834 0
    endloop
  endfacet
  facet normal 0 0 -1
    outer loop
      vertex 21.9117 15.3471 0
      vertex 19.5219 15.9834 0
      vertex 19.3889 16.0787 0
    endloop
  endfacet
  facet normal 0 0 -1
    outer loop
      vertex 22 15.35 0
      vertex 19.3889 16.0787 0
      vertex 19.25 16.1651 0
    endloop
  endfacet
  facet normal 0 0 -1
    outer loop
      vertex 22 15.35 0
      vertex 19.25 16.1651 0
      vertex 19.1057 16.2422 0
    endloop
  endfacet
  facet normal 0 0 -1
    outer loop
      vertex 22 15.35 0
      vertex 19.1057 16.2422 0
      vertex 18.9567 16.3097 0
    endloop
  endfacet
  facet normal 0 0 -1
    outer loop
      vertex 18.8036 16.3673 0
      vertex 30 15.35 0
      vertex 18.9567 16.3097 0
    endloop
  endfacet
  facet normal 0 0 -1
    outer loop
      vertex 30 15.35 0
      vertex 18.8036 16.3673 0
      vertex 0 46 0
    endloop
  endfacet
  facet normal 0 0 -1
    outer loop
      vertex 0 46 0
      vertex 18.8036 16.3673 0
      vertex 18.647 16.4148 0
    endloop
  endfacet
  facet normal 0 0 -1
    outer loop
      vertex 0 46 0
      vertex 18.647 16.4148 0
      vertex 18.4877 16.452 0
    endloop
  endfacet
  facet normal 0 0 -1
    outer loop
      vertex 0 46 0
      vertex 18.4877 16.452 0
      vertex 18.3263 16.4786 0
    endloop
  endfacet
  facet normal 0 0 -1
    outer loop
      vertex 0 46 0
      vertex 18.3263 16.4786 0
      vertex 18.1635 16.4946 0
    endloop
  endfacet
  facet normal 0 0 -1
    outer loop
      vertex 0 46 0
      vertex 18.1635 16.4946 0
      vertex 18 16.5 0
    endloop
  endfacet
  facet normal 0 0 -1
    outer loop
      vertex 0 46 0
      vertex 18 16.5 0
      vertex 17.8365 16.4946 0
    endloop
  endfacet
  facet normal 0 0 -1
    outer loop
      vertex 0 46 0
      vertex 17.8365 16.4946 0
      vertex 17.6737 16.4786 0
    endloop
  endfacet
  facet normal 0 0 -1
    outer loop
      vertex 0 46 0
      vertex 17.6737 16.4786 0
      vertex 17.5123 16.452 0
    endloop
  endfacet
  facet normal 0 0 -1
    outer loop
      vertex 0 46 0
      vertex 17.5123 16.452 0
      vertex 17.353 16.4148 0
    endloop
  endfacet
  facet normal 0 0 -1
    outer loop
      vertex 0 46 0
      vertex 17.353 16.4148 0
      vertex 17.1964 16.3673 0
    endloop
  endfacet
  facet normal 0 0 -1
    outer loop
      vertex 0 46 0
      vertex 17.1964 16.3673 0
      vertex 17.0433 16.3097 0
    endloop
  endfacet
  facet normal 0 0 -1
    outer loop
      vertex 14 15.35 0
      vertex 17.0433 16.3097 0
      vertex 16.8943 16.2422 0
    endloop
  endfacet
  facet normal 0 0 -1
    outer loop
      vertex 14 15.35 0
      vertex 16.8943 16.2422 0
      vertex 16.75 16.1651 0
    endloop
  endfacet
  facet normal 0 0 -1
    outer loop
      vertex 14 15.35 0
      vertex 16.75 16.1651 0
      vertex 16.6111 16.0787 0
    endloop
  endfacet
  facet normal 0 0 -1
    outer loop
      vertex 15.3471 14.0883 0
      vertex 15.5 14 0
      vertex 15.35 14 0
    endloop
  endfacet
  facet normal 0 0 -1
    outer loop
      vertex 15.5 14 0
      vertex 15.3471 14.0883 0
      vertex 15.5054 14.1635 0
    endloop
  endfacet
  facet normal 0 0 -1
    outer loop
      vertex 15.3385 14.1762 0
      vertex 15.5054 14.1635 0
      vertex 15.3471 14.0883 0
    endloop
  endfacet
  facet normal 0 0 -1
    outer loop
      vertex 15.3241 14.2634 0
      vertex 15.5054 14.1635 0
      vertex 15.3385 14.1762 0
    endloop
  endfacet
  facet normal 0 0 -1
    outer loop
      vertex 15.5054 14.1635 0
      vertex 15.3241 14.2634 0
      vertex 15.5214 14.3263 0
    endloop
  endfacet
  facet normal 0 0 -1
    outer loop
      vertex 15.304 14.3494 0
      vertex 15.5214 14.3263 0
      vertex 15.3241 14.2634 0
    endloop
  endfacet
  facet normal 0 0 -1
    outer loop
      vertex 15.5214 14.3263 0
      vertex 15.304 14.3494 0
      vertex 15.548 14.4877 0
    endloop
  endfacet
  facet normal 0 0 -1
    outer loop
      vertex 15.2784 14.4339 0
      vertex 15.548 14.4877 0
      vertex 15.304 14.3494 0
    endloop
  endfacet
  facet normal 0 0 -1
    outer loop
      vertex 15.2472 14.5166 0
      vertex 15.548 14.4877 0
      vertex 15.2784 14.4339 0
    endloop
  endfacet
  facet normal 0 0 -1
    outer loop
      vertex 15.548 14.4877 0
      vertex 15.2472 14.5166 0
      vertex 15.5852 14.647 0
    endloop
  endfacet
  facet normal 0 0 -1
    outer loop
      vertex 15.2108 14.5971 0
      vertex 15.5852 14.647 0
      vertex 15.2472 14.5166 0
    endloop
  endfacet
  facet normal 0 0 -1
    outer loop
      vertex 15.1691 14.675 0
      vertex 15.5852 14.647 0
      vertex 15.2108 14.5971 0
    endloop
  endfacet
  facet normal 0 0 -1
    outer loop
      vertex 15.5852 14.647 0
      vertex 15.1691 14.675 0
      vertex 15.6327 14.8036 0
    endloop
  endfacet
  facet normal 0 0 -1
    outer loop
      vertex 15.1225 14.75 0
      vertex 15.6327 14.8036 0
      vertex 15.1691 14.675 0
    endloop
  endfacet
  facet normal 0 0 -1
    outer loop
      vertex 15.071 14.8218 0
      vertex 15.6327 14.8036 0
      vertex 15.1225 14.75 0
    endloop
  endfacet
  facet normal 0 0 -1
    outer loop
      vertex 15.6327 14.8036 0
      vertex 15.071 14.8218 0
      vertex 15.6903 14.9567 0
    endloop
  endfacet
  facet normal 0 0 -1
    outer loop
      vertex 15.015 14.8901 0
      vertex 15.6903 14.9567 0
      vertex 15.071 14.8218 0
    endloop
  endfacet
  facet normal -0 0 -1
    outer loop
      vertex 15.6903 14.9567 0
      vertex 15.015 14.8901 0
      vertex 15.7578 15.1057 0
    endloop
  endfacet
  facet normal 0 0 -1
    outer loop
      vertex 14.9546 14.9546 0
      vertex 15.7578 15.1057 0
      vertex 15.015 14.8901 0
    endloop
  endfacet
  facet normal 0 0 -1
    outer loop
      vertex 14.8901 15.015 0
      vertex 15.7578 15.1057 0
      vertex 14.9546 14.9546 0
    endloop
  endfacet
  facet normal -0 0 -1
    outer loop
      vertex 15.7578 15.1057 0
      vertex 14.8901 15.015 0
      vertex 15.8349 15.25 0
    endloop
  endfacet
  facet normal 0 0 -1
    outer loop
      vertex 14.8218 15.071 0
      vertex 15.8349 15.25 0
      vertex 14.8901 15.015 0
    endloop
  endfacet
  facet normal -0 0 -1
    outer loop
      vertex 15.8349 15.25 0
      vertex 14.8218 15.071 0
      vertex 15.9213 15.3889 0
    endloop
  endfacet
  facet normal 0 0 -1
    outer loop
      vertex 14.75 15.1225 0
      vertex 15.9213 15.3889 0
      vertex 14.8218 15.071 0
    endloop
  endfacet
  facet normal 0 0 -1
    outer loop
      vertex 14.675 15.1691 0
      vertex 15.9213 15.3889 0
      vertex 14.75 15.1225 0
    endloop
  endfacet
  facet normal -0 0 -1
    outer loop
      vertex 15.9213 15.3889 0
      vertex 14.675 15.1691 0
      vertex 16.0166 15.5219 0
    endloop
  endfacet
  facet normal 0 0 -1
    outer loop
      vertex 14.5971 15.2108 0
      vertex 16.0166 15.5219 0
      vertex 14.675 15.1691 0
    endloop
  endfacet
  facet normal -0 0 -1
    outer loop
      vertex 16.0166 15.5219 0
      vertex 14.5971 15.2108 0
      vertex 16.1204 15.6484 0
    endloop
  endfacet
  facet normal 0 0 -1
    outer loop
      vertex 14.5166 15.2472 0
      vertex 16.1204 15.6484 0
      vertex 14.5971 15.2108 0
    endloop
  endfacet
  facet normal 0 0 -1
    outer loop
      vertex 14.4339 15.2784 0
      vertex 16.1204 15.6484 0
      vertex 14.5166 15.2472 0
    endloop
  endfacet
  facet normal -0 0 -1
    outer loop
      vertex 16.1204 15.6484 0
      vertex 14.4339 15.2784 0
      vertex 16.2322 15.7678 0
    endloop
  endfacet
  facet normal 0 0 -1
    outer loop
      vertex 14.3494 15.304 0
      vertex 16.2322 15.7678 0
      vertex 14.4339 15.2784 0
    endloop
  endfacet
  facet normal -0 0 -1
    outer loop
      vertex 16.2322 15.7678 0
      vertex 14.3494 15.304 0
      vertex 16.3516 15.8796 0
    endloop
  endfacet
  facet normal 0 0 -1
    outer loop
      vertex 14.2634 15.3241 0
      vertex 16.3516 15.8796 0
      vertex 14.3494 15.304 0
    endloop
  endfacet
  facet normal -0 0 -1
    outer loop
      vertex 16.3516 15.8796 0
      vertex 14.2634 15.3241 0
      vertex 16.4781 15.9834 0
    endloop
  endfacet
  facet normal 0 0 -1
    outer loop
      vertex 14.1762 15.3385 0
      vertex 16.4781 15.9834 0
      vertex 14.2634 15.3241 0
    endloop
  endfacet
  facet normal 0 0 -1
    outer loop
      vertex 14.0883 15.3471 0
      vertex 16.4781 15.9834 0
      vertex 14.1762 15.3385 0
    endloop
  endfacet
  facet normal -0 0 -1
    outer loop
      vertex 16.4781 15.9834 0
      vertex 14.0883 15.3471 0
      vertex 16.6111 16.0787 0
    endloop
  endfacet
  facet normal 0 0 -1
    outer loop
      vertex 14 15.35 0
      vertex 16.6111 16.0787 0
      vertex 14.0883 15.3471 0
    endloop
  endfacet
  facet normal -0 0 -1
    outer loop
      vertex 17.0433 16.3097 0
      vertex 14 15.35 0
      vertex 0 46 0
    endloop
  endfacet
  facet normal 0 0 -1
    outer loop
      vertex 0 46 0
      vertex 14 15.35 0
      vertex 6 15.35 0
    endloop
  endfacet
  facet normal 0 0 -1
    outer loop
      vertex 0 46 0
      vertex 6 15.35 0
      vertex 5.91171 15.3471 0
    endloop
  endfacet
  facet normal 0 0 -1
    outer loop
      vertex 0 46 0
      vertex 5.91171 15.3471 0
      vertex 5.82379 15.3385 0
    endloop
  endfacet
  facet normal 0 0 -1
    outer loop
      vertex 0 46 0
      vertex 5.82379 15.3385 0
      vertex 5.73663 15.3241 0
    endloop
  endfacet
  facet normal 0 0 -1
    outer loop
      vertex 0 46 0
      vertex 5.73663 15.3241 0
      vertex 5.65059 15.304 0
    endloop
  endfacet
  facet normal 0 0 -1
    outer loop
      vertex 0 46 0
      vertex 5.65059 15.304 0
      vertex 5.56606 15.2784 0
    endloop
  endfacet
  facet normal 0 0 -1
    outer loop
      vertex 0 46 0
      vertex 5.56606 15.2784 0
      vertex 5.48338 15.2472 0
    endloop
  endfacet
  facet normal 0 0 -1
    outer loop
      vertex 0 46 0
      vertex 5.48338 15.2472 0
      vertex 5.40291 15.2108 0
    endloop
  endfacet
  facet normal 0 0 -1
    outer loop
      vertex 0 0 0
      vertex 4.65289 14.0883 0
      vertex 4.65 14 0
    endloop
  endfacet
  facet normal 0 0 -1
    outer loop
      vertex 0 0 0
      vertex 4.66155 14.1762 0
      vertex 4.65289 14.0883 0
    endloop
  endfacet
  facet normal 0 0 -1
    outer loop
      vertex 0 0 0
      vertex 4.67594 14.2634 0
      vertex 4.66155 14.1762 0
    endloop
  endfacet
  facet normal 0 0 -1
    outer loop
      vertex 0 46 0
      vertex 4.67594 14.2634 0
      vertex 0 0 0
    endloop
  endfacet
  facet normal 0 0 -1
    outer loop
      vertex 4.67594 14.2634 0
      vertex 0 46 0
      vertex 4.696 14.3494 0
    endloop
  endfacet
  facet normal 0 0 -1
    outer loop
      vertex 30.0883 15.3471 0
      vertex 0 46 0
      vertex 64 46 0
    endloop
  endfacet
  facet normal 0 0 -1
    outer loop
      vertex 5.325 15.1691 0
      vertex 0 46 0
      vertex 5.40291 15.2108 0
    endloop
  endfacet
  facet normal 0 0 -1
    outer loop
      vertex 5.24998 15.1225 0
      vertex 0 46 0
      vertex 5.325 15.1691 0
    endloop
  endfacet
  facet normal 0 0 -1
    outer loop
      vertex 5.17817 15.071 0
      vertex 0 46 0
      vertex 5.24998 15.1225 0
    endloop
  endfacet
  facet normal 0 0 -1
    outer loop
      vertex 5.10988 15.015 0
      vertex 0 46 0
      vertex 5.17817 15.071 0
    endloop
  endfacet
  facet normal 0 0 -1
    outer loop
      vertex 5.04541 14.9546 0
      vertex 0 46 0
      vertex 5.10988 15.015 0
    endloop
  endfacet
  facet normal 0 0 -1
    outer loop
      vertex 4.98502 14.8901 0
      vertex 0 46 0
      vertex 5.04541 14.9546 0
    endloop
  endfacet
  facet normal 0 0 -1
    outer loop
      vertex 4.92897 14.8218 0
      vertex 0 46 0
      vertex 4.98502 14.8901 0
    endloop
  endfacet
  facet normal 0 0 -1
    outer loop
      vertex 4.87752 14.75 0
      vertex 0 46 0
      vertex 4.92897 14.8218 0
    endloop
  endfacet
  facet normal 0 0 -1
    outer loop
      vertex 4.83086 14.675 0
      vertex 0 46 0
      vertex 4.87752 14.75 0
    endloop
  endfacet
  facet normal 0 0 -1
    outer loop
      vertex 4.78922 14.5971 0
      vertex 0 46 0
      vertex 4.83086 14.675 0
    endloop
  endfacet
  facet normal 0 0 -1
    outer loop
      vertex 4.75276 14.5166 0
      vertex 0 46 0
      vertex 4.78922 14.5971 0
    endloop
  endfacet
  facet normal 0 0 -1
    outer loop
      vertex 4.72164 14.4339 0
      vertex 0 46 0
      vertex 4.75276 14.5166 0
    endloop
  endfacet
  facet normal 0 0 -1
    outer loop
      vertex 4.696 14.3494 0
      vertex 0 46 0
      vertex 4.72164 14.4339 0
    endloop
  endfacet
  facet normal 0 -1 0
    outer loop
      vertex 0 0 3
      vertex 12.6365 0 2.9
      vertex 12.6365 0 3
    endloop
  endfacet
  facet normal 0 -1 -0
    outer loop
      vertex 12.6365 0 2.9
      vertex 0 0 0
      vertex 23.3635 0 2.9
    endloop
  endfacet
  facet normal 0 -1 0
    outer loop
      vertex 0 0 0
      vertex 12.6365 0 2.9
      vertex 0 0 3
    endloop
  endfacet
  facet normal 0 -1 0
    outer loop
      vertex 23.3635 0 2.9
      vertex 64 0 3
      vertex 23.3635 0 3
    endloop
  endfacet
  facet normal 0 -1 0
    outer loop
      vertex 64 0 0
      vertex 23.3635 0 2.9
      vertex 0 0 0
    endloop
  endfacet
  facet normal 0 -1 0
    outer loop
      vertex 23.3635 0 2.9
      vertex 64 0 0
      vertex 64 0 3
    endloop
  endfacet
  facet normal -0 0 1
    outer loop
      vertex 8 43 29
      vertex 56 40 29
      vertex 56 43 29
    endloop
  endfacet
  facet normal 0 0 1
    outer loop
      vertex 56 40 29
      vertex 8 43 29
      vertex 8 40 29
    endloop
  endfacet
  facet normal 0 -1 0
    outer loop
      vertex 44.2 40 22.85
      vertex 45.9411 40 16.8981
      vertex 46 40 16.9
    endloop
  endfacet
  facet normal 0 -1 0
    outer loop
      vertex 44.2 40 22.85
      vertex 45.8825 40 16.8923
      vertex 45.9411 40 16.8981
    endloop
  endfacet
  facet normal 0 -1 0
    outer loop
      vertex 44.2 40 22.85
      vertex 45.8244 40 16.8827
      vertex 45.8825 40 16.8923
    endloop
  endfacet
  facet normal 0 -1 0
    outer loop
      vertex 44.2 40 22.85
      vertex 45.7671 40 16.8693
      vertex 45.8244 40 16.8827
    endloop
  endfacet
  facet normal 0 -1 0
    outer loop
      vertex 44.2 40 22.85
      vertex 45.7107 40 16.8522
      vertex 45.7671 40 16.8693
    endloop
  endfacet
  facet normal 0 -1 0
    outer loop
      vertex 44.2 40 22.85
      vertex 45.6556 40 16.8315
      vertex 45.7107 40 16.8522
    endloop
  endfacet
  facet normal 0 -1 0
    outer loop
      vertex 44.2 40 22.85
      vertex 45.6019 40 16.8072
      vertex 45.6556 40 16.8315
    endloop
  endfacet
  facet normal 0 -1 0
    outer loop
      vertex 44.2 40 22.85
      vertex 45.55 40 16.7794
      vertex 45.6019 40 16.8072
    endloop
  endfacet
  facet normal 0 -1 0
    outer loop
      vertex 44.2 40 22.85
      vertex 45.5 40 16.7483
      vertex 45.55 40 16.7794
    endloop
  endfacet
  facet normal 0 -1 0
    outer loop
      vertex 44.2 40 22.85
      vertex 45.4521 40 16.714
      vertex 45.5 40 16.7483
    endloop
  endfacet
  facet normal 0 -1 0
    outer loop
      vertex 44.2 40 22.85
      vertex 45.4066 40 16.6767
      vertex 45.4521 40 16.714
    endloop
  endfacet
  facet normal 0 -1 0
    outer loop
      vertex 44.2 40 22.85
      vertex 45.3636 40 16.6364
      vertex 45.4066 40 16.6767
    endloop
  endfacet
  facet normal 0 -1 0
    outer loop
      vertex 44.2 40 22.85
      vertex 45.3233 40 16.5934
      vertex 45.3636 40 16.6364
    endloop
  endfacet
  facet normal 0 -1 0
    outer loop
      vertex 44.2 40 22.85
      vertex 45.286 40 16.5479
      vertex 45.3233 40 16.5934
    endloop
  endfacet
  facet normal 0 -1 0
    outer loop
      vertex 44.2 40 22.85
      vertex 45.2517 40 16.5
      vertex 45.286 40 16.5479
    endloop
  endfacet
  facet normal 0 -1 0
    outer loop
      vertex 44.2 40 22.85
      vertex 45.2206 40 16.45
      vertex 45.2517 40 16.5
    endloop
  endfacet
  facet normal 0 -1 0
    outer loop
      vertex 44.2 40 22.85
      vertex 45.1928 40 16.3981
      vertex 45.2206 40 16.45
    endloop
  endfacet
  facet normal 0 -1 0
    outer loop
      vertex 44.2 40 22.85
      vertex 45.1685 40 16.3444
      vertex 45.1928 40 16.3981
    endloop
  endfacet
  facet normal 0 -1 0
    outer loop
      vertex 44.2 40 22.85
      vertex 45.1478 40 16.2893
      vertex 45.1685 40 16.3444
    endloop
  endfacet
  facet normal 0 -1 0
    outer loop
      vertex 44.2 40 22.85
      vertex 45.1307 40 16.2329
      vertex 45.1478 40 16.2893
    endloop
  endfacet
  facet normal 0 -1 0
    outer loop
      vertex 44.2 40 22.85
      vertex 45.1173 40 16.1756
      vertex 45.1307 40 16.2329
    endloop
  endfacet
  facet normal 0 -1 0
    outer loop
      vertex 44.2 40 22.85
      vertex 45.1077 40 16.1175
      vertex 45.1173 40 16.1756
    endloop
  endfacet
  facet normal 0 -1 0
    outer loop
      vertex 44.2 40 22.85
      vertex 45.1019 40 16.0589
      vertex 45.1077 40 16.1175
    endloop
  endfacet
  facet normal 0 -1 0
    outer loop
      vertex 44.2 40 22.85
      vertex 45.1 40 16
      vertex 45.1019 40 16.0589
    endloop
  endfacet
  facet normal 0 -1 0
    outer loop
      vertex 44.2 40 9.15
      vertex 45.1 40 16
      vertex 44.2 40 22.85
    endloop
  endfacet
  facet normal 0 -1 -0
    outer loop
      vertex 45.1 40 16
      vertex 44.2 40 9.15
      vertex 45.1019 40 15.9411
    endloop
  endfacet
  facet normal 0 -1 -0
    outer loop
      vertex 45.1019 40 15.9411
      vertex 44.2 40 9.15
      vertex 45.1077 40 15.8825
    endloop
  endfacet
  facet normal 0 -1 0
    outer loop
      vertex 44.2 40 9.15
      vertex 45.1173 40 15.8244
      vertex 45.1077 40 15.8825
    endloop
  endfacet
  facet normal 0 -1 0
    outer loop
      vertex 44.2 40 9.15
      vertex 45.1307 40 15.7671
      vertex 45.1173 40 15.8244
    endloop
  endfacet
  facet normal 0 -1 0
    outer loop
      vertex 44.2 40 9.15
      vertex 45.1478 40 15.7107
      vertex 45.1307 40 15.7671
    endloop
  endfacet
  facet normal 0 -1 0
    outer loop
      vertex 44.2 40 9.15
      vertex 45.1685 40 15.6556
      vertex 45.1478 40 15.7107
    endloop
  endfacet
  facet normal 0 -1 0
    outer loop
      vertex 44.2 40 9.15
      vertex 45.1928 40 15.6019
      vertex 45.1685 40 15.6556
    endloop
  endfacet
  facet normal 0 -1 0
    outer loop
      vertex 44.2 40 9.15
      vertex 45.2206 40 15.55
      vertex 45.1928 40 15.6019
    endloop
  endfacet
  facet normal 0 -1 0
    outer loop
      vertex 44.2 40 9.15
      vertex 45.2517 40 15.5
      vertex 45.2206 40 15.55
    endloop
  endfacet
  facet normal 0 -1 0
    outer loop
      vertex 44.2 40 9.15
      vertex 45.286 40 15.4521
      vertex 45.2517 40 15.5
    endloop
  endfacet
  facet normal 0 -1 0
    outer loop
      vertex 44.2 40 9.15
      vertex 45.3233 40 15.4066
      vertex 45.286 40 15.4521
    endloop
  endfacet
  facet normal 0 -1 0
    outer loop
      vertex 44.2 40 9.15
      vertex 45.3636 40 15.3636
      vertex 45.3233 40 15.4066
    endloop
  endfacet
  facet normal 0 -1 0
    outer loop
      vertex 44.2 40 9.15
      vertex 45.4066 40 15.3233
      vertex 45.3636 40 15.3636
    endloop
  endfacet
  facet normal 0 -1 0
    outer loop
      vertex 44.2 40 9.15
      vertex 45.4521 40 15.286
      vertex 45.4066 40 15.3233
    endloop
  endfacet
  facet normal 0 -1 0
    outer loop
      vertex 44.2 40 9.15
      vertex 45.5 40 15.2517
      vertex 45.4521 40 15.286
    endloop
  endfacet
  facet normal 0 -1 0
    outer loop
      vertex 44.2 40 9.15
      vertex 45.55 40 15.2206
      vertex 45.5 40 15.2517
    endloop
  endfacet
  facet normal 0 -1 0
    outer loop
      vertex 44.2 40 9.15
      vertex 45.6019 40 15.1928
      vertex 45.55 40 15.2206
    endloop
  endfacet
  facet normal 0 -1 0
    outer loop
      vertex 44.2 40 9.15
      vertex 45.6556 40 15.1685
      vertex 45.6019 40 15.1928
    endloop
  endfacet
  facet normal 0 -1 0
    outer loop
      vertex 44.2 40 9.15
      vertex 45.7107 40 15.1478
      vertex 45.6556 40 15.1685
    endloop
  endfacet
  facet normal 0 -1 0
    outer loop
      vertex 44.2 40 9.15
      vertex 45.7671 40 15.1307
      vertex 45.7107 40 15.1478
    endloop
  endfacet
  facet normal 0 -1 0
    outer loop
      vertex 44.2 40 9.15
      vertex 45.8244 40 15.1173
      vertex 45.7671 40 15.1307
    endloop
  endfacet
  facet normal 0 -1 0
    outer loop
      vertex 44.2 40 9.15
      vertex 45.8825 40 15.1077
      vertex 45.8244 40 15.1173
    endloop
  endfacet
  facet normal 0 -1 0
    outer loop
      vertex 44.2 40 9.15
      vertex 45.9411 40 15.1019
      vertex 45.8825 40 15.1077
    endloop
  endfacet
  facet normal 0 -1 0
    outer loop
      vertex 44.2 40 9.15
      vertex 46 40 15.1
      vertex 45.9411 40 15.1019
    endloop
  endfacet
  facet normal 0 -1 -0
    outer loop
      vertex 46.5 40 15.2517
      vertex 44.2 40 9.15
      vertex 53 40 14.9
    endloop
  endfacet
  facet normal 0 -1 0
    outer loop
      vertex 44.2 40 9.15
      vertex 53 40 3
      vertex 53 40 14.9
    endloop
  endfacet
  facet normal 0 -1 0
    outer loop
      vertex 53 40 3
      vertex 44.2 40 9.15
      vertex 11 40 3
    endloop
  endfacet
  facet normal 0 -1 0
    outer loop
      vertex 8 40 29
      vertex 19.8 40 22.85
      vertex 56 40 29
    endloop
  endfacet
  facet normal 0 -1 0
    outer loop
      vertex 11 40 14.9
      vertex 19.8 40 22.85
      vertex 8 40 29
    endloop
  endfacet
  facet normal 0 -1 0
    outer loop
      vertex 19.8 40 22.85
      vertex 17.9411 40 16.8981
      vertex 18 40 16.9
    endloop
  endfacet
  facet normal 0 -1 0
    outer loop
      vertex 19.8 40 22.85
      vertex 17.8825 40 16.8923
      vertex 17.9411 40 16.8981
    endloop
  endfacet
  facet normal 0 -1 0
    outer loop
      vertex 19.8 40 22.85
      vertex 17.8244 40 16.8827
      vertex 17.8825 40 16.8923
    endloop
  endfacet
  facet normal 0 -1 0
    outer loop
      vertex 19.8 40 22.85
      vertex 17.7671 40 16.8693
      vertex 17.8244 40 16.8827
    endloop
  endfacet
  facet normal 0 -1 0
    outer loop
      vertex 19.8 40 22.85
      vertex 17.7107 40 16.8522
      vertex 17.7671 40 16.8693
    endloop
  endfacet
  facet normal 0 -1 0
    outer loop
      vertex 19.8 40 22.85
      vertex 17.6556 40 16.8315
      vertex 17.7107 40 16.8522
    endloop
  endfacet
  facet normal 0 -1 0
    outer loop
      vertex 19.8 40 22.85
      vertex 17.6019 40 16.8072
      vertex 17.6556 40 16.8315
    endloop
  endfacet
  facet normal 0 -1 0
    outer loop
      vertex 19.8 40 22.85
      vertex 17.55 40 16.7794
      vertex 17.6019 40 16.8072
    endloop
  endfacet
  facet normal 0 -1 0
    outer loop
      vertex 19.8 40 22.85
      vertex 17.5 40 16.7483
      vertex 17.55 40 16.7794
    endloop
  endfacet
  facet normal 0 -1 0
    outer loop
      vertex 19.8 40 22.85
      vertex 17.4521 40 16.714
      vertex 17.5 40 16.7483
    endloop
  endfacet
  facet normal 0 -1 0
    outer loop
      vertex 19.8 40 22.85
      vertex 17.4066 40 16.6767
      vertex 17.4521 40 16.714
    endloop
  endfacet
  facet normal 0 -1 0
    outer loop
      vertex 19.8 40 22.85
      vertex 11 40 14.9
      vertex 17.4066 40 16.6767
    endloop
  endfacet
  facet normal 0 -1 0
    outer loop
      vertex 17.4066 40 16.6767
      vertex 11 40 14.9
      vertex 17.3636 40 16.6364
    endloop
  endfacet
  facet normal 0 -1 0
    outer loop
      vertex 17.3636 40 16.6364
      vertex 11 40 14.9
      vertex 17.3233 40 16.5934
    endloop
  endfacet
  facet normal 0 -1 0
    outer loop
      vertex 17.3233 40 16.5934
      vertex 11 40 14.9
      vertex 17.286 40 16.5479
    endloop
  endfacet
  facet normal 0 -1 0
    outer loop
      vertex 17.286 40 16.5479
      vertex 11 40 14.9
      vertex 17.2517 40 16.5
    endloop
  endfacet
  facet normal 0 -1 0
    outer loop
      vertex 17.2517 40 16.5
      vertex 11 40 14.9
      vertex 17.2206 40 16.45
    endloop
  endfacet
  facet normal 0 -1 0
    outer loop
      vertex 17.2206 40 16.45
      vertex 11 40 14.9
      vertex 17.1928 40 16.3981
    endloop
  endfacet
  facet normal 0 -1 0
    outer loop
      vertex 17.1928 40 16.3981
      vertex 11 40 14.9
      vertex 17.1685 40 16.3444
    endloop
  endfacet
  facet normal 0 -1 0
    outer loop
      vertex 17.1685 40 16.3444
      vertex 11 40 14.9
      vertex 17.1478 40 16.2893
    endloop
  endfacet
  facet normal 0 -1 0
    outer loop
      vertex 17.1478 40 16.2893
      vertex 11 40 14.9
      vertex 17.1307 40 16.2329
    endloop
  endfacet
  facet normal 0 -1 0
    outer loop
      vertex 17.1307 40 16.2329
      vertex 11 40 14.9
      vertex 17.1173 40 16.1756
    endloop
  endfacet
  facet normal 0 -1 0
    outer loop
      vertex 17.1173 40 16.1756
      vertex 11 40 14.9
      vertex 17.1077 40 16.1175
    endloop
  endfacet
  facet normal 0 -1 0
    outer loop
      vertex 17.1077 40 16.1175
      vertex 11 40 14.9
      vertex 17.1019 40 16.0589
    endloop
  endfacet
  facet normal 0 -1 0
    outer loop
      vertex 17.1019 40 16.0589
      vertex 11 40 14.9
      vertex 17.1 40 16
    endloop
  endfacet
  facet normal 0 -1 -0
    outer loop
      vertex 17.1 40 16
      vertex 11 40 14.9
      vertex 17.1019 40 15.9411
    endloop
  endfacet
  facet normal 0 -1 -0
    outer loop
      vertex 17.1019 40 15.9411
      vertex 11 40 14.9
      vertex 17.1077 40 15.8825
    endloop
  endfacet
  facet normal 0 -1 -0
    outer loop
      vertex 17.1077 40 15.8825
      vertex 11 40 14.9
      vertex 17.1173 40 15.8244
    endloop
  endfacet
  facet normal 0 -1 -0
    outer loop
      vertex 17.1173 40 15.8244
      vertex 11 40 14.9
      vertex 17.1307 40 15.7671
    endloop
  endfacet
  facet normal 0 -1 -0
    outer loop
      vertex 17.1307 40 15.7671
      vertex 11 40 14.9
      vertex 17.1478 40 15.7107
    endloop
  endfacet
  facet normal 0 -1 -0
    outer loop
      vertex 17.1478 40 15.7107
      vertex 11 40 14.9
      vertex 17.1685 40 15.6556
    endloop
  endfacet
  facet normal 0 -1 -0
    outer loop
      vertex 17.1685 40 15.6556
      vertex 11 40 14.9
      vertex 17.1928 40 15.6019
    endloop
  endfacet
  facet normal 0 -1 -0
    outer loop
      vertex 17.1928 40 15.6019
      vertex 11 40 14.9
      vertex 17.2206 40 15.55
    endloop
  endfacet
  facet normal 0 -1 0
    outer loop
      vertex 17.8244 40 15.1173
      vertex 19.8 40 9.15
      vertex 17.8825 40 15.1077
    endloop
  endfacet
  facet normal 0 -1 0
    outer loop
      vertex 17.7671 40 15.1307
      vertex 19.8 40 9.15
      vertex 17.8244 40 15.1173
    endloop
  endfacet
  facet normal 0 -1 0
    outer loop
      vertex 17.7107 40 15.1478
      vertex 19.8 40 9.15
      vertex 17.7671 40 15.1307
    endloop
  endfacet
  facet normal 0 -1 0
    outer loop
      vertex 17.6556 40 15.1685
      vertex 19.8 40 9.15
      vertex 17.7107 40 15.1478
    endloop
  endfacet
  facet normal 0 -1 0
    outer loop
      vertex 17.6019 40 15.1928
      vertex 19.8 40 9.15
      vertex 17.6556 40 15.1685
    endloop
  endfacet
  facet normal 0 -1 0
    outer loop
      vertex 17.55 40 15.2206
      vertex 19.8 40 9.15
      vertex 17.6019 40 15.1928
    endloop
  endfacet
  facet normal 0 -1 0
    outer loop
      vertex 17.5 40 15.2517
      vertex 19.8 40 9.15
      vertex 17.55 40 15.2206
    endloop
  endfacet
  facet normal 0 -1 0
    outer loop
      vertex 19.8 40 9.15
      vertex 17.5 40 15.2517
      vertex 11 40 14.9
    endloop
  endfacet
  facet normal 0 -1 -0
    outer loop
      vertex 17.4521 40 15.286
      vertex 11 40 14.9
      vertex 17.5 40 15.2517
    endloop
  endfacet
  facet normal 0 -1 -0
    outer loop
      vertex 17.4066 40 15.3233
      vertex 11 40 14.9
      vertex 17.4521 40 15.286
    endloop
  endfacet
  facet normal 0 -1 -0
    outer loop
      vertex 17.3636 40 15.3636
      vertex 11 40 14.9
      vertex 17.4066 40 15.3233
    endloop
  endfacet
  facet normal 0 -1 -0
    outer loop
      vertex 17.3233 40 15.4066
      vertex 11 40 14.9
      vertex 17.3636 40 15.3636
    endloop
  endfacet
  facet normal 0 -1 -0
    outer loop
      vertex 17.286 40 15.4521
      vertex 11 40 14.9
      vertex 17.3233 40 15.4066
    endloop
  endfacet
  facet normal 0 -1 -0
    outer loop
      vertex 17.2517 40 15.5
      vertex 11 40 14.9
      vertex 17.286 40 15.4521
    endloop
  endfacet
  facet normal 0 -1 -0
    outer loop
      vertex 17.2206 40 15.55
      vertex 11 40 14.9
      vertex 17.2517 40 15.5
    endloop
  endfacet
  facet normal 0 -1 0
    outer loop
      vertex 11 40 14.9
      vertex 8 40 29
      vertex 8 40 14.9
    endloop
  endfacet
  facet normal 0 -1 0
    outer loop
      vertex 44.2 40 22.85
      vertex 56 40 29
      vertex 19.8 40 22.85
    endloop
  endfacet
  facet normal 0 -1 0
    outer loop
      vertex 46.0589 40 16.8981
      vertex 44.2 40 22.85
      vertex 46 40 16.9
    endloop
  endfacet
  facet normal 0 -1 0
    outer loop
      vertex 46.1175 40 16.8923
      vertex 44.2 40 22.85
      vertex 46.0589 40 16.8981
    endloop
  endfacet
  facet normal 0 -1 0
    outer loop
      vertex 46.1756 40 16.8827
      vertex 44.2 40 22.85
      vertex 46.1175 40 16.8923
    endloop
  endfacet
  facet normal 0 -1 0
    outer loop
      vertex 46.2329 40 16.8693
      vertex 44.2 40 22.85
      vertex 46.1756 40 16.8827
    endloop
  endfacet
  facet normal 0 -1 0
    outer loop
      vertex 46.2893 40 16.8522
      vertex 44.2 40 22.85
      vertex 46.2329 40 16.8693
    endloop
  endfacet
  facet normal 0 -1 0
    outer loop
      vertex 46.3444 40 16.8315
      vertex 44.2 40 22.85
      vertex 46.2893 40 16.8522
    endloop
  endfacet
  facet normal 0 -1 0
    outer loop
      vertex 46.3981 40 16.8072
      vertex 44.2 40 22.85
      vertex 46.3444 40 16.8315
    endloop
  endfacet
  facet normal 0 -1 0
    outer loop
      vertex 46.45 40 16.7794
      vertex 44.2 40 22.85
      vertex 46.3981 40 16.8072
    endloop
  endfacet
  facet normal 0 -1 0
    outer loop
      vertex 46.5 40 16.7483
      vertex 44.2 40 22.85
      vertex 46.45 40 16.7794
    endloop
  endfacet
  facet normal 0 -1 0
    outer loop
      vertex 46.5479 40 16.714
      vertex 44.2 40 22.85
      vertex 46.5 40 16.7483
    endloop
  endfacet
  facet normal 0 -1 0
    outer loop
      vertex 46.5934 40 16.6767
      vertex 44.2 40 22.85
      vertex 46.5479 40 16.714
    endloop
  endfacet
  facet normal 0 -1 0
    outer loop
      vertex 53 40 14.9
      vertex 44.2 40 22.85
      vertex 46.5934 40 16.6767
    endloop
  endfacet
  facet normal 0 -1 0
    outer loop
      vertex 53 40 14.9
      vertex 46.5934 40 16.6767
      vertex 46.6364 40 16.6364
    endloop
  endfacet
  facet normal 0 -1 0
    outer loop
      vertex 53 40 14.9
      vertex 46.6364 40 16.6364
      vertex 46.6767 40 16.5934
    endloop
  endfacet
  facet normal 0 -1 0
    outer loop
      vertex 53 40 14.9
      vertex 46.6767 40 16.5934
      vertex 46.714 40 16.5479
    endloop
  endfacet
  facet normal 0 -1 0
    outer loop
      vertex 53 40 14.9
      vertex 46.714 40 16.5479
      vertex 46.7483 40 16.5
    endloop
  endfacet
  facet normal 0 -1 0
    outer loop
      vertex 53 40 14.9
      vertex 46.7483 40 16.5
      vertex 46.7794 40 16.45
    endloop
  endfacet
  facet normal 0 -1 0
    outer loop
      vertex 53 40 14.9
      vertex 46.7794 40 16.45
      vertex 46.8072 40 16.3981
    endloop
  endfacet
  facet normal 0 -1 0
    outer loop
      vertex 53 40 14.9
      vertex 46.8072 40 16.3981
      vertex 46.8315 40 16.3444
    endloop
  endfacet
  facet normal 0 -1 0
    outer loop
      vertex 53 40 14.9
      vertex 46.8315 40 16.3444
      vertex 46.8522 40 16.2893
    endloop
  endfacet
  facet normal 0 -1 0
    outer loop
      vertex 53 40 14.9
      vertex 46.8522 40 16.2893
      vertex 46.8693 40 16.2329
    endloop
  endfacet
  facet normal 0 -1 0
    outer loop
      vertex 53 40 14.9
      vertex 46.8693 40 16.2329
      vertex 46.8827 40 16.1756
    endloop
  endfacet
  facet normal 0 -1 0
    outer loop
      vertex 53 40 14.9
      vertex 46.8827 40 16.1756
      vertex 46.8923 40 16.1175
    endloop
  endfacet
  facet normal 0 -1 0
    outer loop
      vertex 53 40 14.9
      vertex 46.8923 40 16.1175
      vertex 46.8981 40 16.0589
    endloop
  endfacet
  facet normal 0 -1 0
    outer loop
      vertex 53 40 14.9
      vertex 46.8981 40 16.0589
      vertex 46.9 40 16
    endloop
  endfacet
  facet normal 0 -1 0
    outer loop
      vertex 53 40 14.9
      vertex 46.9 40 16
      vertex 46.8981 40 15.9411
    endloop
  endfacet
  facet normal 0 -1 0
    outer loop
      vertex 53 40 14.9
      vertex 46.8981 40 15.9411
      vertex 46.8923 40 15.8825
    endloop
  endfacet
  facet normal 0 -1 0
    outer loop
      vertex 53 40 14.9
      vertex 46.8923 40 15.8825
      vertex 46.8827 40 15.8244
    endloop
  endfacet
  facet normal 0 -1 0
    outer loop
      vertex 53 40 14.9
      vertex 46.8827 40 15.8244
      vertex 46.8693 40 15.7671
    endloop
  endfacet
  facet normal 0 -1 0
    outer loop
      vertex 53 40 14.9
      vertex 46.8693 40 15.7671
      vertex 46.8522 40 15.7107
    endloop
  endfacet
  facet normal 0 -1 0
    outer loop
      vertex 53 40 14.9
      vertex 46.8522 40 15.7107
      vertex 46.8315 40 15.6556
    endloop
  endfacet
  facet normal 0 -1 0
    outer loop
      vertex 53 40 14.9
      vertex 46.8315 40 15.6556
      vertex 46.8072 40 15.6019
    endloop
  endfacet
  facet normal 0 -1 0
    outer loop
      vertex 53 40 14.9
      vertex 46.8072 40 15.6019
      vertex 46.7794 40 15.55
    endloop
  endfacet
  facet normal 0 -1 0
    outer loop
      vertex 53 40 14.9
      vertex 46.7794 40 15.55
      vertex 46.7483 40 15.5
    endloop
  endfacet
  facet normal 0 -1 0
    outer loop
      vertex 44.2 40 9.15
      vertex 46.0589 40 15.1019
      vertex 46 40 15.1
    endloop
  endfacet
  facet normal 0 -1 0
    outer loop
      vertex 44.2 40 9.15
      vertex 46.1175 40 15.1077
      vertex 46.0589 40 15.1019
    endloop
  endfacet
  facet normal 0 -1 0
    outer loop
      vertex 44.2 40 9.15
      vertex 46.1756 40 15.1173
      vertex 46.1175 40 15.1077
    endloop
  endfacet
  facet normal 0 -1 0
    outer loop
      vertex 44.2 40 9.15
      vertex 46.2329 40 15.1307
      vertex 46.1756 40 15.1173
    endloop
  endfacet
  facet normal 0 -1 0
    outer loop
      vertex 44.2 40 9.15
      vertex 46.2893 40 15.1478
      vertex 46.2329 40 15.1307
    endloop
  endfacet
  facet normal 0 -1 0
    outer loop
      vertex 44.2 40 9.15
      vertex 46.3444 40 15.1685
      vertex 46.2893 40 15.1478
    endloop
  endfacet
  facet normal 0 -1 0
    outer loop
      vertex 44.2 40 9.15
      vertex 46.3981 40 15.1928
      vertex 46.3444 40 15.1685
    endloop
  endfacet
  facet normal 0 -1 0
    outer loop
      vertex 44.2 40 9.15
      vertex 46.45 40 15.2206
      vertex 46.3981 40 15.1928
    endloop
  endfacet
  facet normal 0 -1 0
    outer loop
      vertex 44.2 40 9.15
      vertex 46.5 40 15.2517
      vertex 46.45 40 15.2206
    endloop
  endfacet
  facet normal 0 -1 0
    outer loop
      vertex 53 40 14.9
      vertex 46.5479 40 15.286
      vertex 46.5 40 15.2517
    endloop
  endfacet
  facet normal 0 -1 0
    outer loop
      vertex 53 40 14.9
      vertex 46.5934 40 15.3233
      vertex 46.5479 40 15.286
    endloop
  endfacet
  facet normal 0 -1 0
    outer loop
      vertex 53 40 14.9
      vertex 46.6364 40 15.3636
      vertex 46.5934 40 15.3233
    endloop
  endfacet
  facet normal 0 -1 0
    outer loop
      vertex 53 40 14.9
      vertex 46.6767 40 15.4066
      vertex 46.6364 40 15.3636
    endloop
  endfacet
  facet normal 0 -1 0
    outer loop
      vertex 53 40 14.9
      vertex 46.714 40 15.4521
      vertex 46.6767 40 15.4066
    endloop
  endfacet
  facet normal 0 -1 0
    outer loop
      vertex 53 40 14.9
      vertex 46.7483 40 15.5
      vertex 46.714 40 15.4521
    endloop
  endfacet
  facet normal 0 -1 0
    outer loop
      vertex 44.2 40 22.85
      vertex 53 40 14.9
      vertex 56 40 29
    endloop
  endfacet
  facet normal 0 -1 -0
    outer loop
      vertex 56 40 29
      vertex 53 40 14.9
      vertex 56 40 14.9
    endloop
  endfacet
  facet normal 0 -1 0
    outer loop
      vertex 18.0589 40 16.8981
      vertex 19.8 40 22.85
      vertex 18 40 16.9
    endloop
  endfacet
  facet normal 0 -1 0
    outer loop
      vertex 18.1175 40 16.8923
      vertex 19.8 40 22.85
      vertex 18.0589 40 16.8981
    endloop
  endfacet
  facet normal 0 -1 0
    outer loop
      vertex 18.1756 40 16.8827
      vertex 19.8 40 22.85
      vertex 18.1175 40 16.8923
    endloop
  endfacet
  facet normal 0 -1 0
    outer loop
      vertex 18.2329 40 16.8693
      vertex 19.8 40 22.85
      vertex 18.1756 40 16.8827
    endloop
  endfacet
  facet normal 0 -1 0
    outer loop
      vertex 18.2893 40 16.8522
      vertex 19.8 40 22.85
      vertex 18.2329 40 16.8693
    endloop
  endfacet
  facet normal 0 -1 0
    outer loop
      vertex 18.3444 40 16.8315
      vertex 19.8 40 22.85
      vertex 18.2893 40 16.8522
    endloop
  endfacet
  facet normal 0 -1 0
    outer loop
      vertex 18.3981 40 16.8072
      vertex 19.8 40 22.85
      vertex 18.3444 40 16.8315
    endloop
  endfacet
  facet normal 0 -1 0
    outer loop
      vertex 18.45 40 16.7794
      vertex 19.8 40 22.85
      vertex 18.3981 40 16.8072
    endloop
  endfacet
  facet normal 0 -1 0
    outer loop
      vertex 18.5 40 16.7483
      vertex 19.8 40 22.85
      vertex 18.45 40 16.7794
    endloop
  endfacet
  facet normal 0 -1 0
    outer loop
      vertex 18.5479 40 16.714
      vertex 19.8 40 22.85
      vertex 18.5 40 16.7483
    endloop
  endfacet
  facet normal 0 -1 0
    outer loop
      vertex 18.5934 40 16.6767
      vertex 19.8 40 22.85
      vertex 18.5479 40 16.714
    endloop
  endfacet
  facet normal 0 -1 0
    outer loop
      vertex 18.6364 40 16.6364
      vertex 19.8 40 22.85
      vertex 18.5934 40 16.6767
    endloop
  endfacet
  facet normal 0 -1 0
    outer loop
      vertex 18.6767 40 16.5934
      vertex 19.8 40 22.85
      vertex 18.6364 40 16.6364
    endloop
  endfacet
  facet normal 0 -1 0
    outer loop
      vertex 18.714 40 16.5479
      vertex 19.8 40 22.85
      vertex 18.6767 40 16.5934
    endloop
  endfacet
  facet normal 0 -1 0
    outer loop
      vertex 18.7483 40 16.5
      vertex 19.8 40 22.85
      vertex 18.714 40 16.5479
    endloop
  endfacet
  facet normal 0 -1 0
    outer loop
      vertex 18.7794 40 16.45
      vertex 19.8 40 22.85
      vertex 18.7483 40 16.5
    endloop
  endfacet
  facet normal 0 -1 0
    outer loop
      vertex 18.8072 40 16.3981
      vertex 19.8 40 22.85
      vertex 18.7794 40 16.45
    endloop
  endfacet
  facet normal 0 -1 0
    outer loop
      vertex 18.8315 40 16.3444
      vertex 19.8 40 22.85
      vertex 18.8072 40 16.3981
    endloop
  endfacet
  facet normal 0 -1 0
    outer loop
      vertex 18.8522 40 16.2893
      vertex 19.8 40 22.85
      vertex 18.8315 40 16.3444
    endloop
  endfacet
  facet normal 0 -1 0
    outer loop
      vertex 18.8693 40 16.2329
      vertex 19.8 40 22.85
      vertex 18.8522 40 16.2893
    endloop
  endfacet
  facet normal 0 -1 0
    outer loop
      vertex 18.8827 40 16.1756
      vertex 19.8 40 22.85
      vertex 18.8693 40 16.2329
    endloop
  endfacet
  facet normal 0 -1 0
    outer loop
      vertex 18.8923 40 16.1175
      vertex 19.8 40 22.85
      vertex 18.8827 40 16.1756
    endloop
  endfacet
  facet normal 0 -1 0
    outer loop
      vertex 18.8981 40 16.0589
      vertex 19.8 40 22.85
      vertex 18.8923 40 16.1175
    endloop
  endfacet
  facet normal 0 -1 0
    outer loop
      vertex 18.9 40 16
      vertex 19.8 40 22.85
      vertex 18.8981 40 16.0589
    endloop
  endfacet
  facet normal 0 -1 0
    outer loop
      vertex 19.8 40 9.15
      vertex 18.9 40 16
      vertex 18.8981 40 15.9411
    endloop
  endfacet
  facet normal 0 -1 0
    outer loop
      vertex 19.8 40 9.15
      vertex 18.8981 40 15.9411
      vertex 18.8923 40 15.8825
    endloop
  endfacet
  facet normal 0 -1 0
    outer loop
      vertex 17.8825 40 15.1077
      vertex 19.8 40 9.15
      vertex 17.9411 40 15.1019
    endloop
  endfacet
  facet normal 0 -1 0
    outer loop
      vertex 18.9 40 16
      vertex 19.8 40 9.15
      vertex 19.8 40 22.85
    endloop
  endfacet
  facet normal 0 -1 0
    outer loop
      vertex 18.8827 40 15.8244
      vertex 19.8 40 9.15
      vertex 18.8923 40 15.8825
    endloop
  endfacet
  facet normal 0 -1 0
    outer loop
      vertex 18.8693 40 15.7671
      vertex 19.8 40 9.15
      vertex 18.8827 40 15.8244
    endloop
  endfacet
  facet normal 0 -1 0
    outer loop
      vertex 18.8522 40 15.7107
      vertex 19.8 40 9.15
      vertex 18.8693 40 15.7671
    endloop
  endfacet
  facet normal 0 -1 0
    outer loop
      vertex 18.8315 40 15.6556
      vertex 19.8 40 9.15
      vertex 18.8522 40 15.7107
    endloop
  endfacet
  facet normal 0 -1 0
    outer loop
      vertex 18.8072 40 15.6019
      vertex 19.8 40 9.15
      vertex 18.8315 40 15.6556
    endloop
  endfacet
  facet normal 0 -1 0
    outer loop
      vertex 18.7794 40 15.55
      vertex 19.8 40 9.15
      vertex 18.8072 40 15.6019
    endloop
  endfacet
  facet normal 0 -1 0
    outer loop
      vertex 18.7483 40 15.5
      vertex 19.8 40 9.15
      vertex 18.7794 40 15.55
    endloop
  endfacet
  facet normal 0 -1 0
    outer loop
      vertex 18.714 40 15.4521
      vertex 19.8 40 9.15
      vertex 18.7483 40 15.5
    endloop
  endfacet
  facet normal 0 -1 0
    outer loop
      vertex 18.6767 40 15.4066
      vertex 19.8 40 9.15
      vertex 18.714 40 15.4521
    endloop
  endfacet
  facet normal 0 -1 0
    outer loop
      vertex 18.6364 40 15.3636
      vertex 19.8 40 9.15
      vertex 18.6767 40 15.4066
    endloop
  endfacet
  facet normal 0 -1 0
    outer loop
      vertex 18.5934 40 15.3233
      vertex 19.8 40 9.15
      vertex 18.6364 40 15.3636
    endloop
  endfacet
  facet normal 0 -1 0
    outer loop
      vertex 18.5479 40 15.286
      vertex 19.8 40 9.15
      vertex 18.5934 40 15.3233
    endloop
  endfacet
  facet normal 0 -1 0
    outer loop
      vertex 18.5 40 15.2517
      vertex 19.8 40 9.15
      vertex 18.5479 40 15.286
    endloop
  endfacet
  facet normal 0 -1 0
    outer loop
      vertex 18.45 40 15.2206
      vertex 19.8 40 9.15
      vertex 18.5 40 15.2517
    endloop
  endfacet
  facet normal 0 -1 0
    outer loop
      vertex 18.3981 40 15.1928
      vertex 19.8 40 9.15
      vertex 18.45 40 15.2206
    endloop
  endfacet
  facet normal 0 -1 0
    outer loop
      vertex 18.3444 40 15.1685
      vertex 19.8 40 9.15
      vertex 18.3981 40 15.1928
    endloop
  endfacet
  facet normal 0 -1 0
    outer loop
      vertex 18.2893 40 15.1478
      vertex 19.8 40 9.15
      vertex 18.3444 40 15.1685
    endloop
  endfacet
  facet normal 0 -1 0
    outer loop
      vertex 18.2329 40 15.1307
      vertex 19.8 40 9.15
      vertex 18.2893 40 15.1478
    endloop
  endfacet
  facet normal 0 -1 0
    outer loop
      vertex 18.1756 40 15.1173
      vertex 19.8 40 9.15
      vertex 18.2329 40 15.1307
    endloop
  endfacet
  facet normal 0 -1 0
    outer loop
      vertex 18.1175 40 15.1077
      vertex 19.8 40 9.15
      vertex 18.1756 40 15.1173
    endloop
  endfacet
  facet normal 0 -1 0
    outer loop
      vertex 18.0589 40 15.1019
      vertex 19.8 40 9.15
      vertex 18.1175 40 15.1077
    endloop
  endfacet
  facet normal 0 -1 0
    outer loop
      vertex 18 40 15.1
      vertex 19.8 40 9.15
      vertex 18.0589 40 15.1019
    endloop
  endfacet
  facet normal 0 -1 0
    outer loop
      vertex 17.9411 40 15.1019
      vertex 19.8 40 9.15
      vertex 18 40 15.1
    endloop
  endfacet
  facet normal 0 -1 -0
    outer loop
      vertex 19.8 40 9.15
      vertex 11 40 3
      vertex 44.2 40 9.15
    endloop
  endfacet
  facet normal 0 -1 0
    outer loop
      vertex 11 40 3
      vertex 19.8 40 9.15
      vertex 11 40 14.9
    endloop
  endfacet
  facet normal 0.999465 0.0327042 0
    outer loop
      vertex 33 14 5
      vertex 32.9679 14.981 3
      vertex 32.9679 14.981 5
    endloop
  endfacet
  facet normal 0.999465 0.0327042 0
    outer loop
      vertex 32.9679 14.981 3
      vertex 33 14 5
      vertex 33 14 3
    endloop
  endfacet
  facet normal -0.0327042 0.999465 0
    outer loop
      vertex 18 29 3
      vertex 17.019 28.9679 5
      vertex 18 29 5
    endloop
  endfacet
  facet normal -0.0327042 0.999465 0
    outer loop
      vertex 17.019 28.9679 5
      vertex 18 29 3
      vertex 17.019 28.9679 3
    endloop
  endfacet
  facet normal 0.0327215 -0.999465 0
    outer loop
      vertex 18 -1 2.9
      vertex 18.981 -0.967883 5
      vertex 18 -1 5
    endloop
  endfacet
  facet normal 0.0327215 -0.999465 0
    outer loop
      vertex 18.981 -0.967883 5
      vertex 18 -1 2.9
      vertex 18.981 -0.967883 2.9
    endloop
  endfacet
  facet normal 0.683602 0.729855 -0
    outer loop
      vertex 28.6066 24.6066 3
      vertex 27.8902 25.2776 5
      vertex 28.6066 24.6066 5
    endloop
  endfacet
  facet normal 0.683602 0.729855 0
    outer loop
      vertex 27.8902 25.2776 5
      vertex 28.6066 24.6066 3
      vertex 27.8902 25.2776 3
    endloop
  endfacet
  facet normal -0.729855 0.683602 0
    outer loop
      vertex 6.7224 23.8902 3
      vertex 7.3934 24.6066 5
      vertex 7.3934 24.6066 3
    endloop
  endfacet
  facet normal -0.729855 0.683602 0
    outer loop
      vertex 7.3934 24.6066 5
      vertex 6.7224 23.8902 3
      vertex 6.7224 23.8902 5
    endloop
  endfacet
  facet normal -0.412736 0.910851 0
    outer loop
      vertex 12.2597 27.8582 3
      vertex 11.3657 27.4531 5
      vertex 12.2597 27.8582 5
    endloop
  endfacet
  facet normal -0.412736 0.910851 0
    outer loop
      vertex 11.3657 27.4531 5
      vertex 12.2597 27.8582 3
      vertex 11.3657 27.4531 3
    endloop
  endfacet
  facet normal 0.910868 0.412697 0
    outer loop
      vertex 31.8582 19.7402 5
      vertex 31.4531 20.6343 3
      vertex 31.4531 20.6343 5
    endloop
  endfacet
  facet normal 0.910868 0.412697 0
    outer loop
      vertex 31.4531 20.6343 3
      vertex 31.8582 19.7402 5
      vertex 31.8582 19.7402 3
    endloop
  endfacet
  facet normal 0.352307 0.935885 -0
    outer loop
      vertex 23.7402 27.8582 3
      vertex 22.8216 28.204 5
      vertex 23.7402 27.8582 5
    endloop
  endfacet
  facet normal 0.352307 0.935885 0
    outer loop
      vertex 22.8216 28.204 5
      vertex 23.7402 27.8582 3
      vertex 22.8216 28.204 3
    endloop
  endfacet
  facet normal 0.528093 0.849187 -0
    outer loop
      vertex 26.3336 26.472 3
      vertex 25.5 26.9904 5
      vertex 26.3336 26.472 5
    endloop
  endfacet
  facet normal 0.528093 0.849187 0
    outer loop
      vertex 25.5 26.9904 5
      vertex 26.3336 26.472 3
      vertex 25.5 26.9904 3
    endloop
  endfacet
  facet normal -0.935898 0.352271 0
    outer loop
      vertex 3.79605 18.8216 3
      vertex 4.14181 19.7402 5
      vertex 4.14181 19.7402 3
    endloop
  endfacet
  facet normal -0.935898 0.352271 0
    outer loop
      vertex 4.14181 19.7402 5
      vertex 3.79605 18.8216 3
      vertex 3.79605 18.8216 5
    endloop
  endfacet
  facet normal -0.227091 0.973874 0
    outer loop
      vertex 15.0736 28.7118 3
      vertex 14.1177 28.4889 5
      vertex 15.0736 28.7118 5
    endloop
  endfacet
  facet normal -0.227091 0.973874 0
    outer loop
      vertex 14.1177 28.4889 5
      vertex 15.0736 28.7118 3
      vertex 14.1177 28.4889 3
    endloop
  endfacet
  facet normal 0.290286 -0.95694 0
    outer loop
      vertex 21.8823 -0.488887 2.9
      vertex 22.8216 -0.203952 5
      vertex 21.8823 -0.488887 5
    endloop
  endfacet
  facet normal 0.290286 -0.95694 0
    outer loop
      vertex 22.8216 -0.203952 5
      vertex 21.8823 -0.488887 2.9
      vertex 22.8216 -0.203952 2.9
    endloop
  endfacet
  facet normal 0.227083 -0.973875 0
    outer loop
      vertex 20.9264 -0.711779 2.9
      vertex 21.8823 -0.488887 5
      vertex 20.9264 -0.711779 5
    endloop
  endfacet
  facet normal 0.227083 -0.973875 0
    outer loop
      vertex 21.8823 -0.488887 5
      vertex 20.9264 -0.711779 2.9
      vertex 21.8823 -0.488887 2.9
    endloop
  endfacet
  facet normal 0.973874 0.227091 0
    outer loop
      vertex 32.7118 16.9264 5
      vertex 32.4889 17.8823 3
      vertex 32.4889 17.8823 5
    endloop
  endfacet
  facet normal 0.973874 0.227091 0
    outer loop
      vertex 32.4889 17.8823 3
      vertex 32.7118 16.9264 5
      vertex 32.7118 16.9264 3
    endloop
  endfacet
  facet normal 0.995186 0.0980007 0
    outer loop
      vertex 32.9679 14.981 5
      vertex 32.8717 15.9579 3
      vertex 32.8717 15.9579 5
    endloop
  endfacet
  facet normal 0.995186 0.0980007 0
    outer loop
      vertex 32.8717 15.9579 3
      vertex 32.9679 14.981 5
      vertex 32.9679 14.981 3
    endloop
  endfacet
  facet normal 0.95695 0.290253 0
    outer loop
      vertex 32.4889 17.8823 5
      vertex 32.204 18.8216 3
      vertex 32.204 18.8216 5
    endloop
  endfacet
  facet normal 0.95695 0.290253 0
    outer loop
      vertex 32.204 18.8216 3
      vertex 32.4889 17.8823 5
      vertex 32.4889 17.8823 3
    endloop
  endfacet
  facet normal 0.812844 0.582481 0
    outer loop
      vertex 30.472 22.3336 5
      vertex 29.9003 23.1314 3
      vertex 29.9003 23.1314 5
    endloop
  endfacet
  facet normal 0.812844 0.582481 0
    outer loop
      vertex 29.9003 23.1314 3
      vertex 30.472 22.3336 5
      vertex 30.472 22.3336 3
    endloop
  endfacet
  facet normal 0.849187 0.528093 0
    outer loop
      vertex 30.9904 21.5 5
      vertex 30.472 22.3336 3
      vertex 30.472 22.3336 5
    endloop
  endfacet
  facet normal 0.849187 0.528093 0
    outer loop
      vertex 30.472 22.3336 3
      vertex 30.9904 21.5 5
      vertex 30.9904 21.5 3
    endloop
  endfacet
  facet normal 0.162895 0.986643 -0
    outer loop
      vertex 20.9264 28.7118 3
      vertex 19.9579 28.8717 5
      vertex 20.9264 28.7118 5
    endloop
  endfacet
  facet normal 0.162895 0.986643 0
    outer loop
      vertex 19.9579 28.8717 5
      vertex 20.9264 28.7118 3
      vertex 19.9579 28.8717 3
    endloop
  endfacet
  facet normal 0.471376 0.881932 -0
    outer loop
      vertex 25.5 26.9904 3
      vertex 24.6343 27.4531 5
      vertex 25.5 26.9904 5
    endloop
  endfacet
  facet normal 0.471376 0.881932 0
    outer loop
      vertex 24.6343 27.4531 5
      vertex 25.5 26.9904 3
      vertex 24.6343 27.4531 3
    endloop
  endfacet
  facet normal 0.634374 0.773026 -0
    outer loop
      vertex 27.8902 25.2776 3
      vertex 27.1314 25.9003 5
      vertex 27.8902 25.2776 5
    endloop
  endfacet
  facet normal 0.634374 0.773026 0
    outer loop
      vertex 27.1314 25.9003 5
      vertex 27.8902 25.2776 3
      vertex 27.1314 25.9003 3
    endloop
  endfacet
  facet normal -0.986645 0.162886 0
    outer loop
      vertex 3.12833 15.9579 3
      vertex 3.28822 16.9264 5
      vertex 3.28822 16.9264 3
    endloop
  endfacet
  facet normal -0.986645 0.162886 0
    outer loop
      vertex 3.28822 16.9264 5
      vertex 3.12833 15.9579 3
      vertex 3.12833 15.9579 5
    endloop
  endfacet
  facet normal -0.849214 0.528049 0
    outer loop
      vertex 5.00962 21.5 3
      vertex 5.52796 22.3336 5
      vertex 5.52796 22.3336 3
    endloop
  endfacet
  facet normal -0.849214 0.528049 0
    outer loop
      vertex 5.52796 22.3336 5
      vertex 5.00962 21.5 3
      vertex 5.00962 21.5 5
    endloop
  endfacet
  facet normal -0.773026 0.634374 0
    outer loop
      vertex 6.0997 23.1314 3
      vertex 6.7224 23.8902 5
      vertex 6.7224 23.8902 3
    endloop
  endfacet
  facet normal -0.773026 0.634374 0
    outer loop
      vertex 6.7224 23.8902 5
      vertex 6.0997 23.1314 3
      vertex 6.0997 23.1314 5
    endloop
  endfacet
  facet normal -0.881928 0.471384 0
    outer loop
      vertex 4.54691 20.6343 3
      vertex 5.00962 21.5 5
      vertex 5.00962 21.5 3
    endloop
  endfacet
  facet normal -0.881928 0.471384 0
    outer loop
      vertex 5.00962 21.5 5
      vertex 4.54691 20.6343 3
      vertex 4.54691 20.6343 5
    endloop
  endfacet
  facet normal -0.995185 0.0980108 0
    outer loop
      vertex 3.03212 14.981 3
      vertex 3.12833 15.9579 5
      vertex 3.12833 15.9579 3
    endloop
  endfacet
  facet normal -0.995185 0.0980108 0
    outer loop
      vertex 3.12833 15.9579 5
      vertex 3.03212 14.981 3
      vertex 3.03212 14.981 5
    endloop
  endfacet
  facet normal -0.582447 0.812869 0
    outer loop
      vertex 9.66645 26.472 3
      vertex 8.86858 25.9003 5
      vertex 9.66645 26.472 5
    endloop
  endfacet
  facet normal -0.582447 0.812869 0
    outer loop
      vertex 8.86858 25.9003 5
      vertex 9.66645 26.472 3
      vertex 8.86858 25.9003 3
    endloop
  endfacet
  facet normal -0.290253 0.95695 0
    outer loop
      vertex 14.1177 28.4889 3
      vertex 13.1784 28.204 5
      vertex 14.1177 28.4889 5
    endloop
  endfacet
  facet normal -0.290253 0.95695 0
    outer loop
      vertex 13.1784 28.204 5
      vertex 14.1177 28.4889 3
      vertex 13.1784 28.204 3
    endloop
  endfacet
  facet normal -0.0980007 0.995186 0
    outer loop
      vertex 17.019 28.9679 3
      vertex 16.0421 28.8717 5
      vertex 17.019 28.9679 5
    endloop
  endfacet
  facet normal -0.0980007 0.995186 0
    outer loop
      vertex 16.0421 28.8717 5
      vertex 17.019 28.9679 3
      vertex 16.0421 28.8717 3
    endloop
  endfacet
  facet normal 0.72986 -0.683597 0
    outer loop
      vertex 28.6066 3.3934 5
      vertex 29.2776 4.10981 3
      vertex 29.2776 4.10981 5
    endloop
  endfacet
  facet normal 0.72986 -0.683597 0
    outer loop
      vertex 29.2776 4.10981 3
      vertex 28.6066 3.3934 5
      vertex 28.6066 3.3934 3
    endloop
  endfacet
  facet normal 0.935892 -0.352287 0
    outer loop
      vertex 31.8582 8.25975 5
      vertex 32.204 9.17841 3
      vertex 32.204 9.17841 5
    endloop
  endfacet
  facet normal 0.935892 -0.352287 0
    outer loop
      vertex 32.204 9.17841 3
      vertex 31.8582 8.25975 5
      vertex 31.8582 8.25975 3
    endloop
  endfacet
  facet normal 0.849172 -0.528116 0
    outer loop
      vertex 30.472 5.66645 5
      vertex 30.9904 6.5 3
      vertex 30.9904 6.5 5
    endloop
  endfacet
  facet normal 0.849172 -0.528116 0
    outer loop
      vertex 30.9904 6.5 3
      vertex 30.472 5.66645 5
      vertex 30.472 5.66645 3
    endloop
  endfacet
  facet normal 0.986643 0.162895 0
    outer loop
      vertex 32.8717 15.9579 5
      vertex 32.7118 16.9264 3
      vertex 32.7118 16.9264 5
    endloop
  endfacet
  facet normal 0.986643 0.162895 0
    outer loop
      vertex 32.7118 16.9264 3
      vertex 32.8717 15.9579 5
      vertex 32.8717 15.9579 3
    endloop
  endfacet
  facet normal 0.935885 0.352307 0
    outer loop
      vertex 32.204 18.8216 5
      vertex 31.8582 19.7402 3
      vertex 31.8582 19.7402 5
    endloop
  endfacet
  facet normal 0.935885 0.352307 0
    outer loop
      vertex 31.8582 19.7402 3
      vertex 32.204 18.8216 5
      vertex 32.204 18.8216 3
    endloop
  endfacet
  facet normal 0.773026 0.634374 0
    outer loop
      vertex 29.9003 23.1314 5
      vertex 29.2776 23.8902 3
      vertex 29.2776 23.8902 5
    endloop
  endfacet
  facet normal 0.773026 0.634374 0
    outer loop
      vertex 29.2776 23.8902 3
      vertex 29.9003 23.1314 5
      vertex 29.9003 23.1314 3
    endloop
  endfacet
  facet normal 0.729855 0.683602 0
    outer loop
      vertex 29.2776 23.8902 5
      vertex 28.6066 24.6066 3
      vertex 28.6066 24.6066 5
    endloop
  endfacet
  facet normal 0.729855 0.683602 0
    outer loop
      vertex 28.6066 24.6066 3
      vertex 29.2776 23.8902 5
      vertex 29.2776 23.8902 3
    endloop
  endfacet
  facet normal 0.881932 0.471376 0
    outer loop
      vertex 31.4531 20.6343 5
      vertex 30.9904 21.5 3
      vertex 30.9904 21.5 5
    endloop
  endfacet
  facet normal 0.881932 0.471376 0
    outer loop
      vertex 30.9904 21.5 3
      vertex 31.4531 20.6343 5
      vertex 31.4531 20.6343 3
    endloop
  endfacet
  facet normal 0.227091 0.973874 -0
    outer loop
      vertex 21.8823 28.4889 3
      vertex 20.9264 28.7118 5
      vertex 21.8823 28.4889 5
    endloop
  endfacet
  facet normal 0.227091 0.973874 0
    outer loop
      vertex 20.9264 28.7118 5
      vertex 21.8823 28.4889 3
      vertex 20.9264 28.7118 3
    endloop
  endfacet
  facet normal 0.290253 0.95695 -0
    outer loop
      vertex 22.8216 28.204 3
      vertex 21.8823 28.4889 5
      vertex 22.8216 28.204 5
    endloop
  endfacet
  facet normal 0.290253 0.95695 0
    outer loop
      vertex 21.8823 28.4889 5
      vertex 22.8216 28.204 3
      vertex 21.8823 28.4889 3
    endloop
  endfacet
  facet normal 0.0980007 0.995186 -0
    outer loop
      vertex 19.9579 28.8717 3
      vertex 18.981 28.9679 5
      vertex 19.9579 28.8717 5
    endloop
  endfacet
  facet normal 0.0980007 0.995186 0
    outer loop
      vertex 18.981 28.9679 5
      vertex 19.9579 28.8717 3
      vertex 18.981 28.9679 3
    endloop
  endfacet
  facet normal 0.0327042 0.999465 -0
    outer loop
      vertex 18.981 28.9679 3
      vertex 18 29 5
      vertex 18.981 28.9679 5
    endloop
  endfacet
  facet normal 0.0327042 0.999465 0
    outer loop
      vertex 18 29 5
      vertex 18.981 28.9679 3
      vertex 18 29 3
    endloop
  endfacet
  facet normal 0.412697 0.910868 -0
    outer loop
      vertex 24.6343 27.4531 3
      vertex 23.7402 27.8582 5
      vertex 24.6343 27.4531 5
    endloop
  endfacet
  facet normal 0.412697 0.910868 0
    outer loop
      vertex 23.7402 27.8582 5
      vertex 24.6343 27.4531 3
      vertex 23.7402 27.8582 3
    endloop
  endfacet
  facet normal 0.582481 0.812844 -0
    outer loop
      vertex 27.1314 25.9003 3
      vertex 26.3336 26.472 5
      vertex 27.1314 25.9003 5
    endloop
  endfacet
  facet normal 0.582481 0.812844 0
    outer loop
      vertex 26.3336 26.472 5
      vertex 27.1314 25.9003 3
      vertex 26.3336 26.472 3
    endloop
  endfacet
  facet normal 0 0 -1
    outer loop
      vertex 21.8823 -0.488887 2.9
      vertex 23.3635 0 2.9
      vertex 22.8216 -0.203952 2.9
    endloop
  endfacet
  facet normal 0 0 -1
    outer loop
      vertex 20.9264 -0.711779 2.9
      vertex 23.3635 0 2.9
      vertex 21.8823 -0.488887 2.9
    endloop
  endfacet
  facet normal 0 0 -1
    outer loop
      vertex 19.9579 -0.871673 2.9
      vertex 23.3635 0 2.9
      vertex 20.9264 -0.711779 2.9
    endloop
  endfacet
  facet normal 0 0 -1
    outer loop
      vertex 18.981 -0.967883 2.9
      vertex 23.3635 0 2.9
      vertex 19.9579 -0.871673 2.9
    endloop
  endfacet
  facet normal 0 0 -1
    outer loop
      vertex 18 -1 2.9
      vertex 23.3635 0 2.9
      vertex 18.981 -0.967883 2.9
    endloop
  endfacet
  facet normal 0 0 -1
    outer loop
      vertex 17.019 -0.967883 2.9
      vertex 23.3635 0 2.9
      vertex 18 -1 2.9
    endloop
  endfacet
  facet normal 0 0 -1
    outer loop
      vertex 16.0421 -0.871673 2.9
      vertex 23.3635 0 2.9
      vertex 17.019 -0.967883 2.9
    endloop
  endfacet
  facet normal 0 0 -1
    outer loop
      vertex 15.0736 -0.711779 2.9
      vertex 23.3635 0 2.9
      vertex 16.0421 -0.871673 2.9
    endloop
  endfacet
  facet normal 0 0 -1
    outer loop
      vertex 14.1177 -0.488887 2.9
      vertex 23.3635 0 2.9
      vertex 15.0736 -0.711779 2.9
    endloop
  endfacet
  facet normal 0 0 -1
    outer loop
      vertex 12.6365 0 2.9
      vertex 14.1177 -0.488887 2.9
      vertex 13.1784 -0.203952 2.9
    endloop
  endfacet
  facet normal 0 0 -1
    outer loop
      vertex 14.1177 -0.488887 2.9
      vertex 12.6365 0 2.9
      vertex 23.3635 0 2.9
    endloop
  endfacet
  facet normal -0.812825 0.582508 0
    outer loop
      vertex 5.52796 22.3336 3
      vertex 6.0997 23.1314 5
      vertex 6.0997 23.1314 3
    endloop
  endfacet
  facet normal -0.812825 0.582508 0
    outer loop
      vertex 6.0997 23.1314 5
      vertex 5.52796 22.3336 3
      vertex 5.52796 22.3336 5
    endloop
  endfacet
  facet normal -0.910868 0.412697 0
    outer loop
      vertex 4.14181 19.7402 3
      vertex 4.54691 20.6343 5
      vertex 4.54691 20.6343 3
    endloop
  endfacet
  facet normal -0.910868 0.412697 0
    outer loop
      vertex 4.54691 20.6343 5
      vertex 4.14181 19.7402 3
      vertex 4.14181 19.7402 5
    endloop
  endfacet
  facet normal -0.973876 0.227081 0
    outer loop
      vertex 3.28822 16.9264 3
      vertex 3.51111 17.8823 5
      vertex 3.51111 17.8823 3
    endloop
  endfacet
  facet normal -0.973876 0.227081 0
    outer loop
      vertex 3.51111 17.8823 5
      vertex 3.28822 16.9264 3
      vertex 3.28822 16.9264 5
    endloop
  endfacet
  facet normal -0.956939 0.290291 0
    outer loop
      vertex 3.51111 17.8823 3
      vertex 3.79605 18.8216 5
      vertex 3.79605 18.8216 3
    endloop
  endfacet
  facet normal -0.956939 0.290291 0
    outer loop
      vertex 3.79605 18.8216 5
      vertex 3.51111 17.8823 3
      vertex 3.51111 17.8823 5
    endloop
  endfacet
  facet normal -0.999464 0.0327246 0
    outer loop
      vertex 3 14 3
      vertex 3.03212 14.981 5
      vertex 3.03212 14.981 3
    endloop
  endfacet
  facet normal -0.999464 0.0327246 0
    outer loop
      vertex 3.03212 14.981 5
      vertex 3 14 3
      vertex 3 14 5
    endloop
  endfacet
  facet normal -0 0 1
    outer loop
      vertex 31.3241 14.2634 5
      vertex 33 14 5
      vertex 32.9679 14.981 5
    endloop
  endfacet
  facet normal 0 0 1
    outer loop
      vertex 31.1225 14.75 5
      vertex 32.9679 14.981 5
      vertex 32.8717 15.9579 5
    endloop
  endfacet
  facet normal 0 0 1
    outer loop
      vertex 33 14 5
      vertex 31.3241 14.2634 5
      vertex 31.3385 14.1762 5
    endloop
  endfacet
  facet normal 0 0 1
    outer loop
      vertex 30.75 15.1225 5
      vertex 32.8717 15.9579 5
      vertex 32.7118 16.9264 5
    endloop
  endfacet
  facet normal 0 0 1
    outer loop
      vertex 33 14 5
      vertex 31.3471 14.0883 5
      vertex 31.35 14 5
    endloop
  endfacet
  facet normal 0 0 1
    outer loop
      vertex 30.4339 15.2784 5
      vertex 32.7118 16.9264 5
      vertex 32.4889 17.8823 5
    endloop
  endfacet
  facet normal 0 0 1
    outer loop
      vertex 31.3385 13.8238 5
      vertex 33 14 5
      vertex 31.3471 13.9117 5
    endloop
  endfacet
  facet normal 0 0 1
    outer loop
      vertex 30.0883 15.3471 5
      vertex 32.4889 17.8823 5
      vertex 32.204 18.8216 5
    endloop
  endfacet
  facet normal 0 0 1
    outer loop
      vertex 31.3241 13.7366 5
      vertex 33 14 5
      vertex 31.3385 13.8238 5
    endloop
  endfacet
  facet normal 0 0 1
    outer loop
      vertex 30 15.35 5
      vertex 32.204 18.8216 5
      vertex 31.8582 19.7402 5
    endloop
  endfacet
  facet normal 0 0 1
    outer loop
      vertex 33 14 5
      vertex 31.3241 13.7366 5
      vertex 32.9679 13.019 5
    endloop
  endfacet
  facet normal 0 0 1
    outer loop
      vertex 30 15.35 5
      vertex 31.8582 19.7402 5
      vertex 31.4531 20.6343 5
    endloop
  endfacet
  facet normal -0 0 1
    outer loop
      vertex 31.2784 13.5661 5
      vertex 32.9679 13.019 5
      vertex 31.304 13.6506 5
    endloop
  endfacet
  facet normal -0 0 1
    outer loop
      vertex 31.2472 13.4834 5
      vertex 32.9679 13.019 5
      vertex 31.2784 13.5661 5
    endloop
  endfacet
  facet normal -0 0 1
    outer loop
      vertex 31.304 13.6506 5
      vertex 32.9679 13.019 5
      vertex 31.3241 13.7366 5
    endloop
  endfacet
  facet normal 0 0 1
    outer loop
      vertex 31.3471 13.9117 5
      vertex 33 14 5
      vertex 31.35 14 5
    endloop
  endfacet
  facet normal 0 0 1
    outer loop
      vertex 33 14 5
      vertex 31.3385 14.1762 5
      vertex 31.3471 14.0883 5
    endloop
  endfacet
  facet normal 0 0 1
    outer loop
      vertex 32.9679 14.981 5
      vertex 31.304 14.3494 5
      vertex 31.3241 14.2634 5
    endloop
  endfacet
  facet normal 0 0 1
    outer loop
      vertex 32.9679 14.981 5
      vertex 31.2784 14.4339 5
      vertex 31.304 14.3494 5
    endloop
  endfacet
  facet normal 0 0 1
    outer loop
      vertex 32.9679 14.981 5
      vertex 31.2472 14.5166 5
      vertex 31.2784 14.4339 5
    endloop
  endfacet
  facet normal 0 0 1
    outer loop
      vertex 32.9679 14.981 5
      vertex 31.2108 14.5971 5
      vertex 31.2472 14.5166 5
    endloop
  endfacet
  facet normal 0 0 1
    outer loop
      vertex 32.9679 14.981 5
      vertex 31.1691 14.675 5
      vertex 31.2108 14.5971 5
    endloop
  endfacet
  facet normal 0 0 1
    outer loop
      vertex 32.9679 14.981 5
      vertex 31.1225 14.75 5
      vertex 31.1691 14.675 5
    endloop
  endfacet
  facet normal 0 0 1
    outer loop
      vertex 32.8717 15.9579 5
      vertex 31.071 14.8218 5
      vertex 31.1225 14.75 5
    endloop
  endfacet
  facet normal 0 0 1
    outer loop
      vertex 32.8717 15.9579 5
      vertex 31.015 14.8901 5
      vertex 31.071 14.8218 5
    endloop
  endfacet
  facet normal 0 0 1
    outer loop
      vertex 30 15.35 5
      vertex 31.4531 20.6343 5
      vertex 30.9904 21.5 5
    endloop
  endfacet
  facet normal 0 0 1
    outer loop
      vertex 32.8717 15.9579 5
      vertex 30.9546 14.9546 5
      vertex 31.015 14.8901 5
    endloop
  endfacet
  facet normal 0 0 1
    outer loop
      vertex 32.8717 15.9579 5
      vertex 30.8901 15.015 5
      vertex 30.9546 14.9546 5
    endloop
  endfacet
  facet normal 0 0 1
    outer loop
      vertex 32.8717 15.9579 5
      vertex 30.8218 15.071 5
      vertex 30.8901 15.015 5
    endloop
  endfacet
  facet normal 0 0 1
    outer loop
      vertex 32.8717 15.9579 5
      vertex 30.75 15.1225 5
      vertex 30.8218 15.071 5
    endloop
  endfacet
  facet normal 0 0 1
    outer loop
      vertex 32.7118 16.9264 5
      vertex 30.675 15.1691 5
      vertex 30.75 15.1225 5
    endloop
  endfacet
  facet normal 0 0 1
    outer loop
      vertex 32.7118 16.9264 5
      vertex 30.5971 15.2108 5
      vertex 30.675 15.1691 5
    endloop
  endfacet
  facet normal 0 0 1
    outer loop
      vertex 32.7118 16.9264 5
      vertex 30.5166 15.2472 5
      vertex 30.5971 15.2108 5
    endloop
  endfacet
  facet normal 0 0 1
    outer loop
      vertex 30 15.35 5
      vertex 30.9904 21.5 5
      vertex 30.472 22.3336 5
    endloop
  endfacet
  facet normal 0 0 1
    outer loop
      vertex 32.7118 16.9264 5
      vertex 30.4339 15.2784 5
      vertex 30.5166 15.2472 5
    endloop
  endfacet
  facet normal 0 0 1
    outer loop
      vertex 32.4889 17.8823 5
      vertex 30.3494 15.304 5
      vertex 30.4339 15.2784 5
    endloop
  endfacet
  facet normal 0 0 1
    outer loop
      vertex 32.4889 17.8823 5
      vertex 30.2634 15.3241 5
      vertex 30.3494 15.304 5
    endloop
  endfacet
  facet normal 0 0 1
    outer loop
      vertex 32.4889 17.8823 5
      vertex 30.1762 15.3385 5
      vertex 30.2634 15.3241 5
    endloop
  endfacet
  facet normal 0 0 1
    outer loop
      vertex 32.4889 17.8823 5
      vertex 30.0883 15.3471 5
      vertex 30.1762 15.3385 5
    endloop
  endfacet
  facet normal 0 0 1
    outer loop
      vertex 32.204 18.8216 5
      vertex 30 15.35 5
      vertex 30.0883 15.3471 5
    endloop
  endfacet
  facet normal 0 0 1
    outer loop
      vertex 22 15.35 5
      vertex 30.472 22.3336 5
      vertex 29.9003 23.1314 5
    endloop
  endfacet
  facet normal 0 0 1
    outer loop
      vertex 22 15.35 5
      vertex 29.9003 23.1314 5
      vertex 29.2776 23.8902 5
    endloop
  endfacet
  facet normal 0 0 1
    outer loop
      vertex 22 15.35 5
      vertex 29.2776 23.8902 5
      vertex 28.6066 24.6066 5
    endloop
  endfacet
  facet normal 0 0 1
    outer loop
      vertex 22 15.35 5
      vertex 28.6066 24.6066 5
      vertex 27.8902 25.2776 5
    endloop
  endfacet
  facet normal 0 0 1
    outer loop
      vertex 22 15.35 5
      vertex 27.8902 25.2776 5
      vertex 27.1314 25.9003 5
    endloop
  endfacet
  facet normal 0 0 1
    outer loop
      vertex 22 15.35 5
      vertex 27.1314 25.9003 5
      vertex 26.3336 26.472 5
    endloop
  endfacet
  facet normal 0 0 1
    outer loop
      vertex 22 15.35 5
      vertex 26.3336 26.472 5
      vertex 25.5 26.9904 5
    endloop
  endfacet
  facet normal 0 0 1
    outer loop
      vertex 19.25 16.1651 5
      vertex 25.5 26.9904 5
      vertex 24.6343 27.4531 5
    endloop
  endfacet
  facet normal 0 0 1
    outer loop
      vertex 19.1057 16.2422 5
      vertex 24.6343 27.4531 5
      vertex 23.7402 27.8582 5
    endloop
  endfacet
  facet normal 0 0 1
    outer loop
      vertex 18.9567 16.3097 5
      vertex 23.7402 27.8582 5
      vertex 22.8216 28.204 5
    endloop
  endfacet
  facet normal 0 0 1
    outer loop
      vertex 30.472 22.3336 5
      vertex 22 15.35 5
      vertex 30 15.35 5
    endloop
  endfacet
  facet normal 0 0 1
    outer loop
      vertex 25.5 26.9904 5
      vertex 19.25 16.1651 5
      vertex 22 15.35 5
    endloop
  endfacet
  facet normal 0 0 1
    outer loop
      vertex 18.8036 16.3673 5
      vertex 22.8216 28.204 5
      vertex 21.8823 28.4889 5
    endloop
  endfacet
  facet normal -0 -0 1
    outer loop
      vertex 19.3889 16.0787 5
      vertex 22 15.35 5
      vertex 19.25 16.1651 5
    endloop
  endfacet
  facet normal 0 0 1
    outer loop
      vertex 22 15.35 5
      vertex 19.3889 16.0787 5
      vertex 21.9117 15.3471 5
    endloop
  endfacet
  facet normal -0 -0 1
    outer loop
      vertex 19.5219 15.9834 5
      vertex 21.9117 15.3471 5
      vertex 19.3889 16.0787 5
    endloop
  endfacet
  facet normal 0 0 1
    outer loop
      vertex 21.9117 15.3471 5
      vertex 19.5219 15.9834 5
      vertex 21.8238 15.3385 5
    endloop
  endfacet
  facet normal 0 0 1
    outer loop
      vertex 21.8238 15.3385 5
      vertex 19.5219 15.9834 5
      vertex 21.7366 15.3241 5
    endloop
  endfacet
  facet normal 0 0 1
    outer loop
      vertex 21.7366 15.3241 5
      vertex 19.6484 15.8796 5
      vertex 21.6506 15.304 5
    endloop
  endfacet
  facet normal -0 -0 1
    outer loop
      vertex 19.7678 15.7678 5
      vertex 21.6506 15.304 5
      vertex 19.6484 15.8796 5
    endloop
  endfacet
  facet normal 0 0 1
    outer loop
      vertex 21.6506 15.304 5
      vertex 19.7678 15.7678 5
      vertex 21.5661 15.2784 5
    endloop
  endfacet
  facet normal 0 0 1
    outer loop
      vertex 21.5661 15.2784 5
      vertex 19.8796 15.6484 5
      vertex 21.4834 15.2472 5
    endloop
  endfacet
  facet normal 0 0 1
    outer loop
      vertex 21.4834 15.2472 5
      vertex 19.8796 15.6484 5
      vertex 21.4029 15.2108 5
    endloop
  endfacet
  facet normal -0 -0 1
    outer loop
      vertex 19.9834 15.5219 5
      vertex 21.4029 15.2108 5
      vertex 19.8796 15.6484 5
    endloop
  endfacet
  facet normal -0 -0 1
    outer loop
      vertex 20.0787 15.3889 5
      vertex 21.325 15.1691 5
      vertex 19.9834 15.5219 5
    endloop
  endfacet
  facet normal 0 0 1
    outer loop
      vertex 21.325 15.1691 5
      vertex 20.0787 15.3889 5
      vertex 21.25 15.1225 5
    endloop
  endfacet
  facet normal 0 0 1
    outer loop
      vertex 18.647 16.4148 5
      vertex 21.8823 28.4889 5
      vertex 20.9264 28.7118 5
    endloop
  endfacet
  facet normal -0 -0 1
    outer loop
      vertex 20.1651 15.25 5
      vertex 21.1782 15.071 5
      vertex 20.0787 15.3889 5
    endloop
  endfacet
  facet normal -0 -0 1
    outer loop
      vertex 20.2422 15.1057 5
      vertex 21.1099 15.015 5
      vertex 20.1651 15.25 5
    endloop
  endfacet
  facet normal 0 0 1
    outer loop
      vertex 21.1099 15.015 5
      vertex 20.2422 15.1057 5
      vertex 21.0454 14.9546 5
    endloop
  endfacet
  facet normal -0 -0 1
    outer loop
      vertex 20.3097 14.9567 5
      vertex 20.985 14.8901 5
      vertex 20.2422 15.1057 5
    endloop
  endfacet
  facet normal 0 -0 1
    outer loop
      vertex 20.3673 14.8036 5
      vertex 20.929 14.8218 5
      vertex 20.3097 14.9567 5
    endloop
  endfacet
  facet normal 0 0 1
    outer loop
      vertex 20.8775 14.75 5
      vertex 20.3673 14.8036 5
      vertex 20.8309 14.675 5
    endloop
  endfacet
  facet normal 0 0 1
    outer loop
      vertex 20.8309 14.675 5
      vertex 20.4148 14.647 5
      vertex 20.7892 14.5971 5
    endloop
  endfacet
  facet normal 0 0 1
    outer loop
      vertex 20.7892 14.5971 5
      vertex 20.4148 14.647 5
      vertex 20.7528 14.5166 5
    endloop
  endfacet
  facet normal 0 0 1
    outer loop
      vertex 20.7528 14.5166 5
      vertex 20.452 14.4877 5
      vertex 20.7216 14.4339 5
    endloop
  endfacet
  facet normal 0 -0 1
    outer loop
      vertex 20.4786 14.3263 5
      vertex 20.696 14.3494 5
      vertex 20.452 14.4877 5
    endloop
  endfacet
  facet normal 0 0 1
    outer loop
      vertex 20.696 14.3494 5
      vertex 20.4786 14.3263 5
      vertex 20.6759 14.2634 5
    endloop
  endfacet
  facet normal 0 0 1
    outer loop
      vertex 20.6529 14.0883 5
      vertex 20.5 14 5
      vertex 20.65 14 5
    endloop
  endfacet
  facet normal 0 -0 1
    outer loop
      vertex 20.5 14 5
      vertex 20.6529 14.0883 5
      vertex 20.4946 14.1635 5
    endloop
  endfacet
  facet normal 0 0 1
    outer loop
      vertex 20.6615 14.1762 5
      vertex 20.4946 14.1635 5
      vertex 20.6529 14.0883 5
    endloop
  endfacet
  facet normal 0 0 1
    outer loop
      vertex 20.6759 14.2634 5
      vertex 20.4946 14.1635 5
      vertex 20.6615 14.1762 5
    endloop
  endfacet
  facet normal 0 -0 1
    outer loop
      vertex 20.4946 14.1635 5
      vertex 20.6759 14.2634 5
      vertex 20.4786 14.3263 5
    endloop
  endfacet
  facet normal 0 0 1
    outer loop
      vertex 20.7216 14.4339 5
      vertex 20.452 14.4877 5
      vertex 20.696 14.3494 5
    endloop
  endfacet
  facet normal 0 -0 1
    outer loop
      vertex 20.452 14.4877 5
      vertex 20.7528 14.5166 5
      vertex 20.4148 14.647 5
    endloop
  endfacet
  facet normal 0 -0 1
    outer loop
      vertex 20.4148 14.647 5
      vertex 20.8309 14.675 5
      vertex 20.3673 14.8036 5
    endloop
  endfacet
  facet normal 0 0 1
    outer loop
      vertex 20.929 14.8218 5
      vertex 20.3673 14.8036 5
      vertex 20.8775 14.75 5
    endloop
  endfacet
  facet normal 0 0 1
    outer loop
      vertex 20.985 14.8901 5
      vertex 20.3097 14.9567 5
      vertex 20.929 14.8218 5
    endloop
  endfacet
  facet normal 0 0 1
    outer loop
      vertex 18.4877 16.452 5
      vertex 20.9264 28.7118 5
      vertex 19.9579 28.8717 5
    endloop
  endfacet
  facet normal 0 0 1
    outer loop
      vertex 21.0454 14.9546 5
      vertex 20.2422 15.1057 5
      vertex 20.985 14.8901 5
    endloop
  endfacet
  facet normal 0 0 1
    outer loop
      vertex 21.1782 15.071 5
      vertex 20.1651 15.25 5
      vertex 21.1099 15.015 5
    endloop
  endfacet
  facet normal 0 0 1
    outer loop
      vertex 21.25 15.1225 5
      vertex 20.0787 15.3889 5
      vertex 21.1782 15.071 5
    endloop
  endfacet
  facet normal 0 0 1
    outer loop
      vertex 21.4029 15.2108 5
      vertex 19.9834 15.5219 5
      vertex 21.325 15.1691 5
    endloop
  endfacet
  facet normal -0 -0 1
    outer loop
      vertex 19.8796 15.6484 5
      vertex 21.5661 15.2784 5
      vertex 19.7678 15.7678 5
    endloop
  endfacet
  facet normal -0 -0 1
    outer loop
      vertex 19.6484 15.8796 5
      vertex 21.7366 15.3241 5
      vertex 19.5219 15.9834 5
    endloop
  endfacet
  facet normal 0 0 1
    outer loop
      vertex 24.6343 27.4531 5
      vertex 19.1057 16.2422 5
      vertex 19.25 16.1651 5
    endloop
  endfacet
  facet normal 0 0 1
    outer loop
      vertex 18.3263 16.4786 5
      vertex 19.9579 28.8717 5
      vertex 18.981 28.9679 5
    endloop
  endfacet
  facet normal 0 0 1
    outer loop
      vertex 23.7402 27.8582 5
      vertex 18.9567 16.3097 5
      vertex 19.1057 16.2422 5
    endloop
  endfacet
  facet normal 0 0 1
    outer loop
      vertex 22.8216 28.204 5
      vertex 18.8036 16.3673 5
      vertex 18.9567 16.3097 5
    endloop
  endfacet
  facet normal 0 0 1
    outer loop
      vertex 21.8823 28.4889 5
      vertex 18.647 16.4148 5
      vertex 18.8036 16.3673 5
    endloop
  endfacet
  facet normal 0 0 1
    outer loop
      vertex 20.9264 28.7118 5
      vertex 18.4877 16.452 5
      vertex 18.647 16.4148 5
    endloop
  endfacet
  facet normal 0 0 1
    outer loop
      vertex 19.9579 28.8717 5
      vertex 18.3263 16.4786 5
      vertex 18.4877 16.452 5
    endloop
  endfacet
  facet normal 0 0 1
    outer loop
      vertex 18.981 28.9679 5
      vertex 18.1635 16.4946 5
      vertex 18.3263 16.4786 5
    endloop
  endfacet
  facet normal 0 0 1
    outer loop
      vertex 18 29 5
      vertex 18.1635 16.4946 5
      vertex 18.981 28.9679 5
    endloop
  endfacet
  facet normal 0 0 1
    outer loop
      vertex 18 29 5
      vertex 18 16.5 5
      vertex 18.1635 16.4946 5
    endloop
  endfacet
  facet normal 0 0 1
    outer loop
      vertex 18 29 5
      vertex 17.8365 16.4946 5
      vertex 18 16.5 5
    endloop
  endfacet
  facet normal -0 0 1
    outer loop
      vertex 17.019 28.9679 5
      vertex 17.8365 16.4946 5
      vertex 18 29 5
    endloop
  endfacet
  facet normal 0 0 1
    outer loop
      vertex 17.8365 16.4946 5
      vertex 17.019 28.9679 5
      vertex 17.6737 16.4786 5
    endloop
  endfacet
  facet normal -0 0 1
    outer loop
      vertex 16.0421 28.8717 5
      vertex 17.6737 16.4786 5
      vertex 17.019 28.9679 5
    endloop
  endfacet
  facet normal 0 0 1
    outer loop
      vertex 17.6737 16.4786 5
      vertex 16.0421 28.8717 5
      vertex 17.5123 16.452 5
    endloop
  endfacet
  facet normal -0 0 1
    outer loop
      vertex 15.0736 28.7118 5
      vertex 17.5123 16.452 5
      vertex 16.0421 28.8717 5
    endloop
  endfacet
  facet normal 0 0 1
    outer loop
      vertex 17.5123 16.452 5
      vertex 15.0736 28.7118 5
      vertex 17.353 16.4148 5
    endloop
  endfacet
  facet normal -0 0 1
    outer loop
      vertex 14.1177 28.4889 5
      vertex 17.353 16.4148 5
      vertex 15.0736 28.7118 5
    endloop
  endfacet
  facet normal 0 0 1
    outer loop
      vertex 17.353 16.4148 5
      vertex 14.1177 28.4889 5
      vertex 17.1964 16.3673 5
    endloop
  endfacet
  facet normal -0 0 1
    outer loop
      vertex 13.1784 28.204 5
      vertex 17.1964 16.3673 5
      vertex 14.1177 28.4889 5
    endloop
  endfacet
  facet normal 0 0 1
    outer loop
      vertex 17.1964 16.3673 5
      vertex 13.1784 28.204 5
      vertex 17.0433 16.3097 5
    endloop
  endfacet
  facet normal -0 0 1
    outer loop
      vertex 12.2597 27.8582 5
      vertex 17.0433 16.3097 5
      vertex 13.1784 28.204 5
    endloop
  endfacet
  facet normal 0 0 1
    outer loop
      vertex 17.0433 16.3097 5
      vertex 12.2597 27.8582 5
      vertex 16.8943 16.2422 5
    endloop
  endfacet
  facet normal -0 0 1
    outer loop
      vertex 11.3657 27.4531 5
      vertex 16.8943 16.2422 5
      vertex 12.2597 27.8582 5
    endloop
  endfacet
  facet normal 0 0 1
    outer loop
      vertex 16.8943 16.2422 5
      vertex 11.3657 27.4531 5
      vertex 16.75 16.1651 5
    endloop
  endfacet
  facet normal -0 0 1
    outer loop
      vertex 10.5 26.9904 5
      vertex 16.75 16.1651 5
      vertex 11.3657 27.4531 5
    endloop
  endfacet
  facet normal 0 -0 1
    outer loop
      vertex 14 15.35 5
      vertex 16.75 16.1651 5
      vertex 10.5 26.9904 5
    endloop
  endfacet
  facet normal 0 0 1
    outer loop
      vertex 16.75 16.1651 5
      vertex 14 15.35 5
      vertex 16.6111 16.0787 5
    endloop
  endfacet
  facet normal 0 -0 1
    outer loop
      vertex 14.0883 15.3471 5
      vertex 16.6111 16.0787 5
      vertex 14 15.35 5
    endloop
  endfacet
  facet normal 0 -0 1
    outer loop
      vertex 14.1762 15.3385 5
      vertex 16.4781 15.9834 5
      vertex 14.0883 15.3471 5
    endloop
  endfacet
  facet normal 0 0 1
    outer loop
      vertex 16.0166 15.5219 5
      vertex 14.675 15.1691 5
      vertex 15.9213 15.3889 5
    endloop
  endfacet
  facet normal 0 -0 1
    outer loop
      vertex 14.8218 15.071 5
      vertex 15.8349 15.25 5
      vertex 14.75 15.1225 5
    endloop
  endfacet
  facet normal 0 -0 1
    outer loop
      vertex 14.9546 14.9546 5
      vertex 15.7578 15.1057 5
      vertex 14.8901 15.015 5
    endloop
  endfacet
  facet normal 0 -0 1
    outer loop
      vertex 15.071 14.8218 5
      vertex 15.6903 14.9567 5
      vertex 15.015 14.8901 5
    endloop
  endfacet
  facet normal 0 -0 1
    outer loop
      vertex 15.1691 14.675 5
      vertex 15.6327 14.8036 5
      vertex 15.1225 14.75 5
    endloop
  endfacet
  facet normal -0 0 1
    outer loop
      vertex 15.3471 14.0883 5
      vertex 15.5 14 5
      vertex 15.5054 14.1635 5
    endloop
  endfacet
  facet normal 0 0 1
    outer loop
      vertex 15.5852 14.647 5
      vertex 15.2472 14.5166 5
      vertex 15.548 14.4877 5
    endloop
  endfacet
  facet normal 0 0 1
    outer loop
      vertex 15.5 14 5
      vertex 15.3471 14.0883 5
      vertex 15.35 14 5
    endloop
  endfacet
  facet normal 0 0 1
    outer loop
      vertex 15.5054 14.1635 5
      vertex 15.3385 14.1762 5
      vertex 15.3471 14.0883 5
    endloop
  endfacet
  facet normal 0 0 1
    outer loop
      vertex 15.5054 14.1635 5
      vertex 15.3241 14.2634 5
      vertex 15.3385 14.1762 5
    endloop
  endfacet
  facet normal 0 0 1
    outer loop
      vertex 15.5214 14.3263 5
      vertex 15.3241 14.2634 5
      vertex 15.5054 14.1635 5
    endloop
  endfacet
  facet normal 0 -0 1
    outer loop
      vertex 15.3241 14.2634 5
      vertex 15.5214 14.3263 5
      vertex 15.304 14.3494 5
    endloop
  endfacet
  facet normal 0 0 1
    outer loop
      vertex 15.548 14.4877 5
      vertex 15.304 14.3494 5
      vertex 15.5214 14.3263 5
    endloop
  endfacet
  facet normal 0 -0 1
    outer loop
      vertex 15.304 14.3494 5
      vertex 15.548 14.4877 5
      vertex 15.2784 14.4339 5
    endloop
  endfacet
  facet normal 0 -0 1
    outer loop
      vertex 15.2784 14.4339 5
      vertex 15.548 14.4877 5
      vertex 15.2472 14.5166 5
    endloop
  endfacet
  facet normal 0 -0 1
    outer loop
      vertex 15.2472 14.5166 5
      vertex 15.5852 14.647 5
      vertex 15.2108 14.5971 5
    endloop
  endfacet
  facet normal 0 -0 1
    outer loop
      vertex 14.3494 15.304 5
      vertex 16.3516 15.8796 5
      vertex 14.2634 15.3241 5
    endloop
  endfacet
  facet normal 0 -0 1
    outer loop
      vertex 15.2108 14.5971 5
      vertex 15.5852 14.647 5
      vertex 15.1691 14.675 5
    endloop
  endfacet
  facet normal 0 0 1
    outer loop
      vertex 15.6327 14.8036 5
      vertex 15.1691 14.675 5
      vertex 15.5852 14.647 5
    endloop
  endfacet
  facet normal 0 -0 1
    outer loop
      vertex 15.1225 14.75 5
      vertex 15.6327 14.8036 5
      vertex 15.071 14.8218 5
    endloop
  endfacet
  facet normal 0 0 1
    outer loop
      vertex 15.6903 14.9567 5
      vertex 15.071 14.8218 5
      vertex 15.6327 14.8036 5
    endloop
  endfacet
  facet normal 0 0 1
    outer loop
      vertex 15.7578 15.1057 5
      vertex 15.015 14.8901 5
      vertex 15.6903 14.9567 5
    endloop
  endfacet
  facet normal 0 -0 1
    outer loop
      vertex 15.015 14.8901 5
      vertex 15.7578 15.1057 5
      vertex 14.9546 14.9546 5
    endloop
  endfacet
  facet normal 0 0 1
    outer loop
      vertex 15.8349 15.25 5
      vertex 14.8901 15.015 5
      vertex 15.7578 15.1057 5
    endloop
  endfacet
  facet normal 0 -0 1
    outer loop
      vertex 14.8901 15.015 5
      vertex 15.8349 15.25 5
      vertex 14.8218 15.071 5
    endloop
  endfacet
  facet normal 0 0 1
    outer loop
      vertex 15.9213 15.3889 5
      vertex 14.75 15.1225 5
      vertex 15.8349 15.25 5
    endloop
  endfacet
  facet normal 0 -0 1
    outer loop
      vertex 14.75 15.1225 5
      vertex 15.9213 15.3889 5
      vertex 14.675 15.1691 5
    endloop
  endfacet
  facet normal 0 -0 1
    outer loop
      vertex 14.675 15.1691 5
      vertex 16.0166 15.5219 5
      vertex 14.5971 15.2108 5
    endloop
  endfacet
  facet normal 0 -0 1
    outer loop
      vertex 14.5971 15.2108 5
      vertex 16.0166 15.5219 5
      vertex 14.5166 15.2472 5
    endloop
  endfacet
  facet normal 0 0 1
    outer loop
      vertex 16.1204 15.6484 5
      vertex 14.5166 15.2472 5
      vertex 16.0166 15.5219 5
    endloop
  endfacet
  facet normal 0 -0 1
    outer loop
      vertex 14.5166 15.2472 5
      vertex 16.1204 15.6484 5
      vertex 14.4339 15.2784 5
    endloop
  endfacet
  facet normal 0 0 1
    outer loop
      vertex 16.2322 15.7678 5
      vertex 14.4339 15.2784 5
      vertex 16.1204 15.6484 5
    endloop
  endfacet
  facet normal 0 -0 1
    outer loop
      vertex 14.4339 15.2784 5
      vertex 16.2322 15.7678 5
      vertex 14.3494 15.304 5
    endloop
  endfacet
  facet normal 0 0 1
    outer loop
      vertex 16.3516 15.8796 5
      vertex 14.3494 15.304 5
      vertex 16.2322 15.7678 5
    endloop
  endfacet
  facet normal 0 0 1
    outer loop
      vertex 16.4781 15.9834 5
      vertex 14.1762 15.3385 5
      vertex 16.3516 15.8796 5
    endloop
  endfacet
  facet normal 0 -0 1
    outer loop
      vertex 14.2634 15.3241 5
      vertex 16.3516 15.8796 5
      vertex 14.1762 15.3385 5
    endloop
  endfacet
  facet normal 0 0 1
    outer loop
      vertex 16.6111 16.0787 5
      vertex 14.0883 15.3471 5
      vertex 16.4781 15.9834 5
    endloop
  endfacet
  facet normal -0 0 1
    outer loop
      vertex 9.66645 26.472 5
      vertex 14 15.35 5
      vertex 10.5 26.9904 5
    endloop
  endfacet
  facet normal -0 0 1
    outer loop
      vertex 8.86858 25.9003 5
      vertex 14 15.35 5
      vertex 9.66645 26.472 5
    endloop
  endfacet
  facet normal -0 0 1
    outer loop
      vertex 8.10981 25.2776 5
      vertex 14 15.35 5
      vertex 8.86858 25.9003 5
    endloop
  endfacet
  facet normal -0 0 1
    outer loop
      vertex 7.3934 24.6066 5
      vertex 14 15.35 5
      vertex 8.10981 25.2776 5
    endloop
  endfacet
  facet normal -0 0 1
    outer loop
      vertex 6.7224 23.8902 5
      vertex 14 15.35 5
      vertex 7.3934 24.6066 5
    endloop
  endfacet
  facet normal -0 0 1
    outer loop
      vertex 6.0997 23.1314 5
      vertex 14 15.35 5
      vertex 6.7224 23.8902 5
    endloop
  endfacet
  facet normal -0 0 1
    outer loop
      vertex 5.52796 22.3336 5
      vertex 14 15.35 5
      vertex 6.0997 23.1314 5
    endloop
  endfacet
  facet normal 0 0 1
    outer loop
      vertex 14 15.35 5
      vertex 5.52796 22.3336 5
      vertex 6 15.35 5
    endloop
  endfacet
  facet normal -0 0 1
    outer loop
      vertex 5.00962 21.5 5
      vertex 6 15.35 5
      vertex 5.52796 22.3336 5
    endloop
  endfacet
  facet normal -0 0 1
    outer loop
      vertex 4.54691 20.6343 5
      vertex 6 15.35 5
      vertex 5.00962 21.5 5
    endloop
  endfacet
  facet normal -0 0 1
    outer loop
      vertex 4.14181 19.7402 5
      vertex 6 15.35 5
      vertex 4.54691 20.6343 5
    endloop
  endfacet
  facet normal -0 0 1
    outer loop
      vertex 3.79605 18.8216 5
      vertex 6 15.35 5
      vertex 4.14181 19.7402 5
    endloop
  endfacet
  facet normal 0 0 1
    outer loop
      vertex 6 15.35 5
      vertex 3.79605 18.8216 5
      vertex 5.91171 15.3471 5
    endloop
  endfacet
  facet normal -0 0 1
    outer loop
      vertex 3.51111 17.8823 5
      vertex 5.91171 15.3471 5
      vertex 3.79605 18.8216 5
    endloop
  endfacet
  facet normal 0 0 1
    outer loop
      vertex 5.91171 15.3471 5
      vertex 3.51111 17.8823 5
      vertex 5.82379 15.3385 5
    endloop
  endfacet
  facet normal 0 0 1
    outer loop
      vertex 5.82379 15.3385 5
      vertex 3.51111 17.8823 5
      vertex 5.73663 15.3241 5
    endloop
  endfacet
  facet normal 0 0 1
    outer loop
      vertex 5.73663 15.3241 5
      vertex 3.51111 17.8823 5
      vertex 5.65059 15.304 5
    endloop
  endfacet
  facet normal 0 0 1
    outer loop
      vertex 5.65059 15.304 5
      vertex 3.51111 17.8823 5
      vertex 5.56606 15.2784 5
    endloop
  endfacet
  facet normal -0 0 1
    outer loop
      vertex 3.28822 16.9264 5
      vertex 5.56606 15.2784 5
      vertex 3.51111 17.8823 5
    endloop
  endfacet
  facet normal 0 0 1
    outer loop
      vertex 5.56606 15.2784 5
      vertex 3.28822 16.9264 5
      vertex 5.48338 15.2472 5
    endloop
  endfacet
  facet normal 0 0 1
    outer loop
      vertex 5.48338 15.2472 5
      vertex 3.28822 16.9264 5
      vertex 5.40291 15.2108 5
    endloop
  endfacet
  facet normal 0 0 1
    outer loop
      vertex 5.40291 15.2108 5
      vertex 3.28822 16.9264 5
      vertex 5.325 15.1691 5
    endloop
  endfacet
  facet normal 0 0 1
    outer loop
      vertex 5.325 15.1691 5
      vertex 3.28822 16.9264 5
      vertex 5.24998 15.1225 5
    endloop
  endfacet
  facet normal -0 0 1
    outer loop
      vertex 3.12833 15.9579 5
      vertex 5.24998 15.1225 5
      vertex 3.28822 16.9264 5
    endloop
  endfacet
  facet normal 0 0 1
    outer loop
      vertex 5.24998 15.1225 5
      vertex 3.12833 15.9579 5
      vertex 5.17817 15.071 5
    endloop
  endfacet
  facet normal 0 0 1
    outer loop
      vertex 5.17817 15.071 5
      vertex 3.12833 15.9579 5
      vertex 5.10988 15.015 5
    endloop
  endfacet
  facet normal 0 0 1
    outer loop
      vertex 5.10988 15.015 5
      vertex 3.12833 15.9579 5
      vertex 5.04541 14.9546 5
    endloop
  endfacet
  facet normal 0 0 1
    outer loop
      vertex 5.04541 14.9546 5
      vertex 3.12833 15.9579 5
      vertex 4.98502 14.8901 5
    endloop
  endfacet
  facet normal 0 0 1
    outer loop
      vertex 4.98502 14.8901 5
      vertex 3.12833 15.9579 5
      vertex 4.92897 14.8218 5
    endloop
  endfacet
  facet normal 0 0 1
    outer loop
      vertex 4.92897 14.8218 5
      vertex 3.12833 15.9579 5
      vertex 4.87752 14.75 5
    endloop
  endfacet
  facet normal -0 0 1
    outer loop
      vertex 3.03212 14.981 5
      vertex 4.87752 14.75 5
      vertex 3.12833 15.9579 5
    endloop
  endfacet
  facet normal 0 0 1
    outer loop
      vertex 4.87752 14.75 5
      vertex 3.03212 14.981 5
      vertex 4.83086 14.675 5
    endloop
  endfacet
  facet normal 0 0 1
    outer loop
      vertex 4.78922 14.5971 5
      vertex 3.03212 14.981 5
      vertex 4.75276 14.5166 5
    endloop
  endfacet
  facet normal 0 0 1
    outer loop
      vertex 4.83086 14.675 5
      vertex 3.03212 14.981 5
      vertex 4.78922 14.5971 5
    endloop
  endfacet
  facet normal -0 0 1
    outer loop
      vertex 31.2108 13.4029 5
      vertex 32.9679 13.019 5
      vertex 31.2472 13.4834 5
    endloop
  endfacet
  facet normal -0 0 1
    outer loop
      vertex 31.1691 13.325 5
      vertex 32.9679 13.019 5
      vertex 31.2108 13.4029 5
    endloop
  endfacet
  facet normal -0 0 1
    outer loop
      vertex 31.1225 13.25 5
      vertex 32.9679 13.019 5
      vertex 31.1691 13.325 5
    endloop
  endfacet
  facet normal 0 0 1
    outer loop
      vertex 32.9679 13.019 5
      vertex 31.1225 13.25 5
      vertex 32.8717 12.0421 5
    endloop
  endfacet
  facet normal -0 0 1
    outer loop
      vertex 31.071 13.1782 5
      vertex 32.8717 12.0421 5
      vertex 31.1225 13.25 5
    endloop
  endfacet
  facet normal -0 0 1
    outer loop
      vertex 31.015 13.1099 5
      vertex 32.8717 12.0421 5
      vertex 31.071 13.1782 5
    endloop
  endfacet
  facet normal -0 0 1
    outer loop
      vertex 30.9546 13.0454 5
      vertex 32.8717 12.0421 5
      vertex 31.015 13.1099 5
    endloop
  endfacet
  facet normal -0 0 1
    outer loop
      vertex 30.8901 12.985 5
      vertex 32.8717 12.0421 5
      vertex 30.9546 13.0454 5
    endloop
  endfacet
  facet normal -0 0 1
    outer loop
      vertex 30.8218 12.929 5
      vertex 32.8717 12.0421 5
      vertex 30.8901 12.985 5
    endloop
  endfacet
  facet normal -0 0 1
    outer loop
      vertex 30.75 12.8775 5
      vertex 32.8717 12.0421 5
      vertex 30.8218 12.929 5
    endloop
  endfacet
  facet normal 0 0 1
    outer loop
      vertex 32.8717 12.0421 5
      vertex 30.75 12.8775 5
      vertex 32.7118 11.0736 5
    endloop
  endfacet
  facet normal -0 0 1
    outer loop
      vertex 30.675 12.8309 5
      vertex 32.7118 11.0736 5
      vertex 30.75 12.8775 5
    endloop
  endfacet
  facet normal -0 0 1
    outer loop
      vertex 30.5971 12.7892 5
      vertex 32.7118 11.0736 5
      vertex 30.675 12.8309 5
    endloop
  endfacet
  facet normal -0 0 1
    outer loop
      vertex 30.5166 12.7528 5
      vertex 32.7118 11.0736 5
      vertex 30.5971 12.7892 5
    endloop
  endfacet
  facet normal -0 0 1
    outer loop
      vertex 30.4339 12.7216 5
      vertex 32.7118 11.0736 5
      vertex 30.5166 12.7528 5
    endloop
  endfacet
  facet normal 0 0 1
    outer loop
      vertex 32.7118 11.0736 5
      vertex 30.4339 12.7216 5
      vertex 32.4889 10.1177 5
    endloop
  endfacet
  facet normal -0 0 1
    outer loop
      vertex 30.3494 12.696 5
      vertex 32.4889 10.1177 5
      vertex 30.4339 12.7216 5
    endloop
  endfacet
  facet normal -0 0 1
    outer loop
      vertex 30.2634 12.6759 5
      vertex 32.4889 10.1177 5
      vertex 30.3494 12.696 5
    endloop
  endfacet
  facet normal -0 0 1
    outer loop
      vertex 30.1762 12.6615 5
      vertex 32.4889 10.1177 5
      vertex 30.2634 12.6759 5
    endloop
  endfacet
  facet normal -0 0 1
    outer loop
      vertex 30.0883 12.6529 5
      vertex 32.4889 10.1177 5
      vertex 30.1762 12.6615 5
    endloop
  endfacet
  facet normal 0 0 1
    outer loop
      vertex 32.4889 10.1177 5
      vertex 30.0883 12.6529 5
      vertex 32.204 9.17841 5
    endloop
  endfacet
  facet normal -0 0 1
    outer loop
      vertex 30 12.65 5
      vertex 32.204 9.17841 5
      vertex 30.0883 12.6529 5
    endloop
  endfacet
  facet normal 0 0 1
    outer loop
      vertex 32.204 9.17841 5
      vertex 30 12.65 5
      vertex 31.8582 8.25975 5
    endloop
  endfacet
  facet normal 0 0 1
    outer loop
      vertex 31.8582 8.25975 5
      vertex 30 12.65 5
      vertex 31.4531 7.36567 5
    endloop
  endfacet
  facet normal 0 0 1
    outer loop
      vertex 31.4531 7.36567 5
      vertex 30 12.65 5
      vertex 30.9904 6.5 5
    endloop
  endfacet
  facet normal 0 0 1
    outer loop
      vertex 30.9904 6.5 5
      vertex 30 12.65 5
      vertex 30.472 5.66645 5
    endloop
  endfacet
  facet normal -0 0 1
    outer loop
      vertex 22 12.65 5
      vertex 30.472 5.66645 5
      vertex 30 12.65 5
    endloop
  endfacet
  facet normal 0 0 1
    outer loop
      vertex 30.472 5.66645 5
      vertex 22 12.65 5
      vertex 29.9003 4.86858 5
    endloop
  endfacet
  facet normal 0 0 1
    outer loop
      vertex 29.9003 4.86858 5
      vertex 22 12.65 5
      vertex 29.2776 4.10981 5
    endloop
  endfacet
  facet normal 0 0 1
    outer loop
      vertex 29.2776 4.10981 5
      vertex 22 12.65 5
      vertex 28.6066 3.3934 5
    endloop
  endfacet
  facet normal 0 0 1
    outer loop
      vertex 28.6066 3.3934 5
      vertex 22 12.65 5
      vertex 27.8902 2.7224 5
    endloop
  endfacet
  facet normal 0 0 1
    outer loop
      vertex 27.8902 2.7224 5
      vertex 22 12.65 5
      vertex 27.1314 2.0997 5
    endloop
  endfacet
  facet normal 0 0 1
    outer loop
      vertex 27.1314 2.0997 5
      vertex 22 12.65 5
      vertex 26.3336 1.52796 5
    endloop
  endfacet
  facet normal 0 0 1
    outer loop
      vertex 26.3336 1.52796 5
      vertex 22 12.65 5
      vertex 25.5 1.00962 5
    endloop
  endfacet
  facet normal -0 0 1
    outer loop
      vertex 19.25 11.8349 5
      vertex 25.5 1.00962 5
      vertex 22 12.65 5
    endloop
  endfacet
  facet normal 0 0 1
    outer loop
      vertex 25.5 1.00962 5
      vertex 19.25 11.8349 5
      vertex 24.6343 0.546908 5
    endloop
  endfacet
  facet normal -0 0 1
    outer loop
      vertex 19.1057 11.7578 5
      vertex 24.6343 0.546908 5
      vertex 19.25 11.8349 5
    endloop
  endfacet
  facet normal 0 0 1
    outer loop
      vertex 19.3889 11.9213 5
      vertex 22 12.65 5
      vertex 21.9117 12.6529 5
    endloop
  endfacet
  facet normal 0 0 1
    outer loop
      vertex 24.6343 0.546908 5
      vertex 19.1057 11.7578 5
      vertex 23.7402 0.141807 5
    endloop
  endfacet
  facet normal 0 0 1
    outer loop
      vertex 19.5219 12.0166 5
      vertex 21.9117 12.6529 5
      vertex 21.8238 12.6615 5
    endloop
  endfacet
  facet normal 0 0 1
    outer loop
      vertex 19.5219 12.0166 5
      vertex 21.8238 12.6615 5
      vertex 21.7366 12.6759 5
    endloop
  endfacet
  facet normal 0 0 1
    outer loop
      vertex 19.6484 12.1204 5
      vertex 21.7366 12.6759 5
      vertex 21.6506 12.696 5
    endloop
  endfacet
  facet normal 0 0 1
    outer loop
      vertex 19.7678 12.2322 5
      vertex 21.6506 12.696 5
      vertex 21.5661 12.7216 5
    endloop
  endfacet
  facet normal 0 0 1
    outer loop
      vertex 19.8796 12.3516 5
      vertex 21.5661 12.7216 5
      vertex 21.4834 12.7528 5
    endloop
  endfacet
  facet normal 0 0 1
    outer loop
      vertex 19.8796 12.3516 5
      vertex 21.4834 12.7528 5
      vertex 21.4029 12.7892 5
    endloop
  endfacet
  facet normal 0 0 1
    outer loop
      vertex 19.9834 12.4781 5
      vertex 21.4029 12.7892 5
      vertex 21.325 12.8309 5
    endloop
  endfacet
  facet normal 0 0 1
    outer loop
      vertex 20.0787 12.6111 5
      vertex 21.325 12.8309 5
      vertex 21.25 12.8775 5
    endloop
  endfacet
  facet normal 0 0 1
    outer loop
      vertex 20.0787 12.6111 5
      vertex 21.25 12.8775 5
      vertex 21.1782 12.929 5
    endloop
  endfacet
  facet normal 0 0 1
    outer loop
      vertex 20.1651 12.75 5
      vertex 21.1782 12.929 5
      vertex 21.1099 12.985 5
    endloop
  endfacet
  facet normal 0 0 1
    outer loop
      vertex 20.2422 12.8943 5
      vertex 21.1099 12.985 5
      vertex 21.0454 13.0454 5
    endloop
  endfacet
  facet normal 0 0 1
    outer loop
      vertex 20.2422 12.8943 5
      vertex 21.0454 13.0454 5
      vertex 20.985 13.1099 5
    endloop
  endfacet
  facet normal 0 0 1
    outer loop
      vertex 20.3097 13.0433 5
      vertex 20.985 13.1099 5
      vertex 20.929 13.1782 5
    endloop
  endfacet
  facet normal 0 0 1
    outer loop
      vertex 21.6506 12.696 5
      vertex 19.7678 12.2322 5
      vertex 19.6484 12.1204 5
    endloop
  endfacet
  facet normal -0 0 1
    outer loop
      vertex 20.3673 13.1964 5
      vertex 20.929 13.1782 5
      vertex 20.8775 13.25 5
    endloop
  endfacet
  facet normal 0 0 1
    outer loop
      vertex 20.3673 13.1964 5
      vertex 20.8775 13.25 5
      vertex 20.8309 13.325 5
    endloop
  endfacet
  facet normal -0 0 1
    outer loop
      vertex 20.4148 13.353 5
      vertex 20.8309 13.325 5
      vertex 20.7892 13.4029 5
    endloop
  endfacet
  facet normal 0 0 1
    outer loop
      vertex 20.4148 13.353 5
      vertex 20.7892 13.4029 5
      vertex 20.7528 13.4834 5
    endloop
  endfacet
  facet normal -0 0 1
    outer loop
      vertex 20.452 13.5123 5
      vertex 20.7528 13.4834 5
      vertex 20.7216 13.5661 5
    endloop
  endfacet
  facet normal 0 0 1
    outer loop
      vertex 20.452 13.5123 5
      vertex 20.7216 13.5661 5
      vertex 20.696 13.6506 5
    endloop
  endfacet
  facet normal -0 0 1
    outer loop
      vertex 20.4786 13.6737 5
      vertex 20.696 13.6506 5
      vertex 20.6759 13.7366 5
    endloop
  endfacet
  facet normal 0 0 1
    outer loop
      vertex 20.4946 13.8365 5
      vertex 20.6759 13.7366 5
      vertex 20.6615 13.8238 5
    endloop
  endfacet
  facet normal -0 0 1
    outer loop
      vertex 20.4946 13.8365 5
      vertex 20.6615 13.8238 5
      vertex 20.6529 13.9117 5
    endloop
  endfacet
  facet normal -0 0 1
    outer loop
      vertex 20.5 14 5
      vertex 20.6529 13.9117 5
      vertex 20.65 14 5
    endloop
  endfacet
  facet normal 0 0 1
    outer loop
      vertex 20.6529 13.9117 5
      vertex 20.5 14 5
      vertex 20.4946 13.8365 5
    endloop
  endfacet
  facet normal 0 0 1
    outer loop
      vertex 20.6759 13.7366 5
      vertex 20.4946 13.8365 5
      vertex 20.4786 13.6737 5
    endloop
  endfacet
  facet normal 0 0 1
    outer loop
      vertex 20.696 13.6506 5
      vertex 20.4786 13.6737 5
      vertex 20.452 13.5123 5
    endloop
  endfacet
  facet normal 0 0 1
    outer loop
      vertex 20.7528 13.4834 5
      vertex 20.452 13.5123 5
      vertex 20.4148 13.353 5
    endloop
  endfacet
  facet normal 0 0 1
    outer loop
      vertex 20.8309 13.325 5
      vertex 20.4148 13.353 5
      vertex 20.3673 13.1964 5
    endloop
  endfacet
  facet normal 0 0 1
    outer loop
      vertex 20.929 13.1782 5
      vertex 20.3673 13.1964 5
      vertex 20.3097 13.0433 5
    endloop
  endfacet
  facet normal 0 0 1
    outer loop
      vertex 20.985 13.1099 5
      vertex 20.3097 13.0433 5
      vertex 20.2422 12.8943 5
    endloop
  endfacet
  facet normal 0 0 1
    outer loop
      vertex 21.1099 12.985 5
      vertex 20.2422 12.8943 5
      vertex 20.1651 12.75 5
    endloop
  endfacet
  facet normal 0 0 1
    outer loop
      vertex 21.1782 12.929 5
      vertex 20.1651 12.75 5
      vertex 20.0787 12.6111 5
    endloop
  endfacet
  facet normal 0 0 1
    outer loop
      vertex 21.325 12.8309 5
      vertex 20.0787 12.6111 5
      vertex 19.9834 12.4781 5
    endloop
  endfacet
  facet normal 0 0 1
    outer loop
      vertex 21.4029 12.7892 5
      vertex 19.9834 12.4781 5
      vertex 19.8796 12.3516 5
    endloop
  endfacet
  facet normal 0 0 1
    outer loop
      vertex 21.5661 12.7216 5
      vertex 19.8796 12.3516 5
      vertex 19.7678 12.2322 5
    endloop
  endfacet
  facet normal 0 0 1
    outer loop
      vertex 21.7366 12.6759 5
      vertex 19.6484 12.1204 5
      vertex 19.5219 12.0166 5
    endloop
  endfacet
  facet normal 0 0 1
    outer loop
      vertex 21.9117 12.6529 5
      vertex 19.5219 12.0166 5
      vertex 19.3889 11.9213 5
    endloop
  endfacet
  facet normal 0 0 1
    outer loop
      vertex 22 12.65 5
      vertex 19.3889 11.9213 5
      vertex 19.25 11.8349 5
    endloop
  endfacet
  facet normal -0 0 1
    outer loop
      vertex 18.9567 11.6903 5
      vertex 23.7402 0.141807 5
      vertex 19.1057 11.7578 5
    endloop
  endfacet
  facet normal 0 0 1
    outer loop
      vertex 23.7402 0.141807 5
      vertex 18.9567 11.6903 5
      vertex 22.8216 -0.203952 5
    endloop
  endfacet
  facet normal -0 0 1
    outer loop
      vertex 18.8036 11.6327 5
      vertex 22.8216 -0.203952 5
      vertex 18.9567 11.6903 5
    endloop
  endfacet
  facet normal 0 0 1
    outer loop
      vertex 22.8216 -0.203952 5
      vertex 18.8036 11.6327 5
      vertex 21.8823 -0.488887 5
    endloop
  endfacet
  facet normal -0 0 1
    outer loop
      vertex 18.647 11.5852 5
      vertex 21.8823 -0.488887 5
      vertex 18.8036 11.6327 5
    endloop
  endfacet
  facet normal 0 0 1
    outer loop
      vertex 21.8823 -0.488887 5
      vertex 18.647 11.5852 5
      vertex 20.9264 -0.711779 5
    endloop
  endfacet
  facet normal -0 0 1
    outer loop
      vertex 18.4877 11.548 5
      vertex 20.9264 -0.711779 5
      vertex 18.647 11.5852 5
    endloop
  endfacet
  facet normal 0 0 1
    outer loop
      vertex 20.9264 -0.711779 5
      vertex 18.4877 11.548 5
      vertex 19.9579 -0.871673 5
    endloop
  endfacet
  facet normal -0 0 1
    outer loop
      vertex 18.3263 11.5214 5
      vertex 19.9579 -0.871673 5
      vertex 18.4877 11.548 5
    endloop
  endfacet
  facet normal 0 0 1
    outer loop
      vertex 19.9579 -0.871673 5
      vertex 18.3263 11.5214 5
      vertex 18.981 -0.967883 5
    endloop
  endfacet
  facet normal -0 0 1
    outer loop
      vertex 18.1635 11.5054 5
      vertex 18.981 -0.967883 5
      vertex 18.3263 11.5214 5
    endloop
  endfacet
  facet normal -0 0 1
    outer loop
      vertex 18 11.5 5
      vertex 18.981 -0.967883 5
      vertex 18.1635 11.5054 5
    endloop
  endfacet
  facet normal 0 0 1
    outer loop
      vertex 18 11.5 5
      vertex 18 -1 5
      vertex 18.981 -0.967883 5
    endloop
  endfacet
  facet normal 0 0 1
    outer loop
      vertex 17.8365 11.5054 5
      vertex 18 -1 5
      vertex 18 11.5 5
    endloop
  endfacet
  facet normal 0 0 1
    outer loop
      vertex 17.019 -0.967883 5
      vertex 17.8365 11.5054 5
      vertex 17.6737 11.5214 5
    endloop
  endfacet
  facet normal 0 0 1
    outer loop
      vertex 16.0421 -0.871673 5
      vertex 17.6737 11.5214 5
      vertex 17.5123 11.548 5
    endloop
  endfacet
  facet normal 0 0 1
    outer loop
      vertex 15.0736 -0.711779 5
      vertex 17.5123 11.548 5
      vertex 17.353 11.5852 5
    endloop
  endfacet
  facet normal 0 0 1
    outer loop
      vertex 14.1177 -0.488887 5
      vertex 17.353 11.5852 5
      vertex 17.1964 11.6327 5
    endloop
  endfacet
  facet normal 0 0 1
    outer loop
      vertex 13.1784 -0.203952 5
      vertex 17.1964 11.6327 5
      vertex 17.0433 11.6903 5
    endloop
  endfacet
  facet normal 0 0 1
    outer loop
      vertex 17.8365 11.5054 5
      vertex 17.019 -0.967883 5
      vertex 18 -1 5
    endloop
  endfacet
  facet normal 0 0 1
    outer loop
      vertex 12.2597 0.141807 5
      vertex 17.0433 11.6903 5
      vertex 16.8943 11.7578 5
    endloop
  endfacet
  facet normal 0 0 1
    outer loop
      vertex 11.3657 0.546908 5
      vertex 16.8943 11.7578 5
      vertex 16.75 11.8349 5
    endloop
  endfacet
  facet normal 0 0 1
    outer loop
      vertex 14 12.65 5
      vertex 16.75 11.8349 5
      vertex 16.6111 11.9213 5
    endloop
  endfacet
  facet normal 0 0 1
    outer loop
      vertex 14.0883 12.6529 5
      vertex 16.6111 11.9213 5
      vertex 16.4781 12.0166 5
    endloop
  endfacet
  facet normal 0 0 1
    outer loop
      vertex 14.1762 12.6615 5
      vertex 16.4781 12.0166 5
      vertex 16.3516 12.1204 5
    endloop
  endfacet
  facet normal 0 0 1
    outer loop
      vertex 14.3494 12.696 5
      vertex 16.3516 12.1204 5
      vertex 16.2322 12.2322 5
    endloop
  endfacet
  facet normal 0 0 1
    outer loop
      vertex 14.4339 12.7216 5
      vertex 16.2322 12.2322 5
      vertex 16.1204 12.3516 5
    endloop
  endfacet
  facet normal 0 0 1
    outer loop
      vertex 17.6737 11.5214 5
      vertex 16.0421 -0.871673 5
      vertex 17.019 -0.967883 5
    endloop
  endfacet
  facet normal 0 0 1
    outer loop
      vertex 14.5166 12.7528 5
      vertex 16.1204 12.3516 5
      vertex 16.0166 12.4781 5
    endloop
  endfacet
  facet normal 0 0 1
    outer loop
      vertex 14.675 12.8309 5
      vertex 16.0166 12.4781 5
      vertex 15.9213 12.6111 5
    endloop
  endfacet
  facet normal 0 0 1
    outer loop
      vertex 14.75 12.8775 5
      vertex 15.9213 12.6111 5
      vertex 15.8349 12.75 5
    endloop
  endfacet
  facet normal 0 0 1
    outer loop
      vertex 14.8901 12.985 5
      vertex 15.8349 12.75 5
      vertex 15.7578 12.8943 5
    endloop
  endfacet
  facet normal 0 0 1
    outer loop
      vertex 15.015 13.1099 5
      vertex 15.7578 12.8943 5
      vertex 15.6903 13.0433 5
    endloop
  endfacet
  facet normal -0 0 1
    outer loop
      vertex 15.071 13.1782 5
      vertex 15.6903 13.0433 5
      vertex 15.6327 13.1964 5
    endloop
  endfacet
  facet normal -0 0 1
    outer loop
      vertex 15.1691 13.325 5
      vertex 15.6327 13.1964 5
      vertex 15.5852 13.353 5
    endloop
  endfacet
  facet normal -0 0 1
    outer loop
      vertex 15.2472 13.4834 5
      vertex 15.5852 13.353 5
      vertex 15.548 13.5123 5
    endloop
  endfacet
  facet normal -0 0 1
    outer loop
      vertex 15.304 13.6506 5
      vertex 15.548 13.5123 5
      vertex 15.5214 13.6737 5
    endloop
  endfacet
  facet normal -0 0 1
    outer loop
      vertex 15.3241 13.7366 5
      vertex 15.5214 13.6737 5
      vertex 15.5054 13.8365 5
    endloop
  endfacet
  facet normal 0 0 1
    outer loop
      vertex 15.3471 13.9117 5
      vertex 15.5 14 5
      vertex 15.35 14 5
    endloop
  endfacet
  facet normal 0 0 1
    outer loop
      vertex 15.5 14 5
      vertex 15.3471 13.9117 5
      vertex 15.5054 13.8365 5
    endloop
  endfacet
  facet normal 0 0 1
    outer loop
      vertex 15.3385 13.8238 5
      vertex 15.5054 13.8365 5
      vertex 15.3471 13.9117 5
    endloop
  endfacet
  facet normal 0 0 1
    outer loop
      vertex 15.3241 13.7366 5
      vertex 15.5054 13.8365 5
      vertex 15.3385 13.8238 5
    endloop
  endfacet
  facet normal 0 0 1
    outer loop
      vertex 15.5214 13.6737 5
      vertex 15.3241 13.7366 5
      vertex 15.304 13.6506 5
    endloop
  endfacet
  facet normal 0 0 1
    outer loop
      vertex 15.548 13.5123 5
      vertex 15.304 13.6506 5
      vertex 15.2784 13.5661 5
    endloop
  endfacet
  facet normal 0 0 1
    outer loop
      vertex 15.548 13.5123 5
      vertex 15.2784 13.5661 5
      vertex 15.2472 13.4834 5
    endloop
  endfacet
  facet normal 0 0 1
    outer loop
      vertex 15.5852 13.353 5
      vertex 15.2472 13.4834 5
      vertex 15.2108 13.4029 5
    endloop
  endfacet
  facet normal 0 0 1
    outer loop
      vertex 15.5852 13.353 5
      vertex 15.2108 13.4029 5
      vertex 15.1691 13.325 5
    endloop
  endfacet
  facet normal 0 0 1
    outer loop
      vertex 15.6327 13.1964 5
      vertex 15.1691 13.325 5
      vertex 15.1225 13.25 5
    endloop
  endfacet
  facet normal 0 0 1
    outer loop
      vertex 15.6327 13.1964 5
      vertex 15.1225 13.25 5
      vertex 15.071 13.1782 5
    endloop
  endfacet
  facet normal 0 0 1
    outer loop
      vertex 15.6903 13.0433 5
      vertex 15.071 13.1782 5
      vertex 15.015 13.1099 5
    endloop
  endfacet
  facet normal 0 0 1
    outer loop
      vertex 15.7578 12.8943 5
      vertex 15.015 13.1099 5
      vertex 14.9546 13.0454 5
    endloop
  endfacet
  facet normal 0 0 1
    outer loop
      vertex 15.7578 12.8943 5
      vertex 14.9546 13.0454 5
      vertex 14.8901 12.985 5
    endloop
  endfacet
  facet normal 0 0 1
    outer loop
      vertex 15.8349 12.75 5
      vertex 14.8901 12.985 5
      vertex 14.8218 12.929 5
    endloop
  endfacet
  facet normal 0 0 1
    outer loop
      vertex 15.8349 12.75 5
      vertex 14.8218 12.929 5
      vertex 14.75 12.8775 5
    endloop
  endfacet
  facet normal 0 0 1
    outer loop
      vertex 15.9213 12.6111 5
      vertex 14.75 12.8775 5
      vertex 14.675 12.8309 5
    endloop
  endfacet
  facet normal 0 0 1
    outer loop
      vertex 16.0166 12.4781 5
      vertex 14.675 12.8309 5
      vertex 14.5971 12.7892 5
    endloop
  endfacet
  facet normal 0 0 1
    outer loop
      vertex 16.0166 12.4781 5
      vertex 14.5971 12.7892 5
      vertex 14.5166 12.7528 5
    endloop
  endfacet
  facet normal 0 0 1
    outer loop
      vertex 16.1204 12.3516 5
      vertex 14.5166 12.7528 5
      vertex 14.4339 12.7216 5
    endloop
  endfacet
  facet normal 0 0 1
    outer loop
      vertex 16.2322 12.2322 5
      vertex 14.4339 12.7216 5
      vertex 14.3494 12.696 5
    endloop
  endfacet
  facet normal 0 0 1
    outer loop
      vertex 17.5123 11.548 5
      vertex 15.0736 -0.711779 5
      vertex 16.0421 -0.871673 5
    endloop
  endfacet
  facet normal 0 0 1
    outer loop
      vertex 16.3516 12.1204 5
      vertex 14.3494 12.696 5
      vertex 14.2634 12.6759 5
    endloop
  endfacet
  facet normal 0 0 1
    outer loop
      vertex 16.3516 12.1204 5
      vertex 14.2634 12.6759 5
      vertex 14.1762 12.6615 5
    endloop
  endfacet
  facet normal 0 0 1
    outer loop
      vertex 16.4781 12.0166 5
      vertex 14.1762 12.6615 5
      vertex 14.0883 12.6529 5
    endloop
  endfacet
  facet normal 0 0 1
    outer loop
      vertex 17.353 11.5852 5
      vertex 14.1177 -0.488887 5
      vertex 15.0736 -0.711779 5
    endloop
  endfacet
  facet normal 0 0 1
    outer loop
      vertex 16.6111 11.9213 5
      vertex 14.0883 12.6529 5
      vertex 14 12.65 5
    endloop
  endfacet
  facet normal 0 0 1
    outer loop
      vertex 16.75 11.8349 5
      vertex 14 12.65 5
      vertex 10.5 1.00962 5
    endloop
  endfacet
  facet normal 0 0 1
    outer loop
      vertex 17.1964 11.6327 5
      vertex 13.1784 -0.203952 5
      vertex 14.1177 -0.488887 5
    endloop
  endfacet
  facet normal 0 0 1
    outer loop
      vertex 17.0433 11.6903 5
      vertex 12.2597 0.141807 5
      vertex 13.1784 -0.203952 5
    endloop
  endfacet
  facet normal 0 0 1
    outer loop
      vertex 16.8943 11.7578 5
      vertex 11.3657 0.546908 5
      vertex 12.2597 0.141807 5
    endloop
  endfacet
  facet normal 0 0 1
    outer loop
      vertex 16.75 11.8349 5
      vertex 10.5 1.00962 5
      vertex 11.3657 0.546908 5
    endloop
  endfacet
  facet normal 0 0 1
    outer loop
      vertex 14 12.65 5
      vertex 9.66645 1.52796 5
      vertex 10.5 1.00962 5
    endloop
  endfacet
  facet normal 0 0 1
    outer loop
      vertex 14 12.65 5
      vertex 8.86858 2.0997 5
      vertex 9.66645 1.52796 5
    endloop
  endfacet
  facet normal 0 0 1
    outer loop
      vertex 14 12.65 5
      vertex 8.10981 2.7224 5
      vertex 8.86858 2.0997 5
    endloop
  endfacet
  facet normal 0 0 1
    outer loop
      vertex 14 12.65 5
      vertex 7.3934 3.3934 5
      vertex 8.10981 2.7224 5
    endloop
  endfacet
  facet normal 0 0 1
    outer loop
      vertex 14 12.65 5
      vertex 6.7224 4.10981 5
      vertex 7.3934 3.3934 5
    endloop
  endfacet
  facet normal 0 0 1
    outer loop
      vertex 14 12.65 5
      vertex 6.0997 4.86858 5
      vertex 6.7224 4.10981 5
    endloop
  endfacet
  facet normal 0 0 1
    outer loop
      vertex 5.52796 5.66645 5
      vertex 14 12.65 5
      vertex 6 12.65 5
    endloop
  endfacet
  facet normal 0 0 1
    outer loop
      vertex 3.79605 9.17841 5
      vertex 6 12.65 5
      vertex 5.91171 12.6529 5
    endloop
  endfacet
  facet normal 0 0 1
    outer loop
      vertex 3.51111 10.1177 5
      vertex 5.91171 12.6529 5
      vertex 5.82379 12.6615 5
    endloop
  endfacet
  facet normal 0 0 1
    outer loop
      vertex 3.51111 10.1177 5
      vertex 5.82379 12.6615 5
      vertex 5.73663 12.6759 5
    endloop
  endfacet
  facet normal 0 0 1
    outer loop
      vertex 3.51111 10.1177 5
      vertex 5.73663 12.6759 5
      vertex 5.65059 12.696 5
    endloop
  endfacet
  facet normal 0 0 1
    outer loop
      vertex 3.51111 10.1177 5
      vertex 5.65059 12.696 5
      vertex 5.56606 12.7216 5
    endloop
  endfacet
  facet normal 0 0 1
    outer loop
      vertex 14 12.65 5
      vertex 5.52796 5.66645 5
      vertex 6.0997 4.86858 5
    endloop
  endfacet
  facet normal 0 0 1
    outer loop
      vertex 3.28822 11.0736 5
      vertex 5.56606 12.7216 5
      vertex 5.48338 12.7528 5
    endloop
  endfacet
  facet normal 0 0 1
    outer loop
      vertex 3.28822 11.0736 5
      vertex 5.48338 12.7528 5
      vertex 5.40291 12.7892 5
    endloop
  endfacet
  facet normal 0 0 1
    outer loop
      vertex 3.28822 11.0736 5
      vertex 5.40291 12.7892 5
      vertex 5.325 12.8309 5
    endloop
  endfacet
  facet normal 0 0 1
    outer loop
      vertex 3.28822 11.0736 5
      vertex 5.325 12.8309 5
      vertex 5.24998 12.8775 5
    endloop
  endfacet
  facet normal 0 0 1
    outer loop
      vertex 3.12833 12.0421 5
      vertex 5.24998 12.8775 5
      vertex 5.17817 12.929 5
    endloop
  endfacet
  facet normal 0 0 1
    outer loop
      vertex 3.12833 12.0421 5
      vertex 5.17817 12.929 5
      vertex 5.10988 12.985 5
    endloop
  endfacet
  facet normal 0 0 1
    outer loop
      vertex 3.12833 12.0421 5
      vertex 5.10988 12.985 5
      vertex 5.04541 13.0454 5
    endloop
  endfacet
  facet normal 0 0 1
    outer loop
      vertex 6 12.65 5
      vertex 5.00962 6.5 5
      vertex 5.52796 5.66645 5
    endloop
  endfacet
  facet normal 0 0 1
    outer loop
      vertex 3.12833 12.0421 5
      vertex 5.04541 13.0454 5
      vertex 4.98502 13.1099 5
    endloop
  endfacet
  facet normal 0 0 1
    outer loop
      vertex 3.12833 12.0421 5
      vertex 4.98502 13.1099 5
      vertex 4.92897 13.1782 5
    endloop
  endfacet
  facet normal 0 0 1
    outer loop
      vertex 3.12833 12.0421 5
      vertex 4.92897 13.1782 5
      vertex 4.87752 13.25 5
    endloop
  endfacet
  facet normal 0 0 1
    outer loop
      vertex 3.03212 13.019 5
      vertex 4.87752 13.25 5
      vertex 4.83086 13.325 5
    endloop
  endfacet
  facet normal 0 0 1
    outer loop
      vertex 3.03212 13.019 5
      vertex 4.83086 13.325 5
      vertex 4.78922 13.4029 5
    endloop
  endfacet
  facet normal 0 0 1
    outer loop
      vertex 3.03212 13.019 5
      vertex 4.78922 13.4029 5
      vertex 4.75276 13.4834 5
    endloop
  endfacet
  facet normal 0 0 1
    outer loop
      vertex 3.03212 13.019 5
      vertex 4.75276 13.4834 5
      vertex 4.72164 13.5661 5
    endloop
  endfacet
  facet normal 0 0 1
    outer loop
      vertex 3.03212 13.019 5
      vertex 4.72164 13.5661 5
      vertex 4.696 13.6506 5
    endloop
  endfacet
  facet normal 0 0 1
    outer loop
      vertex 3.03212 13.019 5
      vertex 4.696 13.6506 5
      vertex 4.67594 13.7366 5
    endloop
  endfacet
  facet normal 0 0 1
    outer loop
      vertex 3 14 5
      vertex 4.67594 13.7366 5
      vertex 4.66155 13.8238 5
    endloop
  endfacet
  facet normal 0 0 1
    outer loop
      vertex 3 14 5
      vertex 4.66155 13.8238 5
      vertex 4.65289 13.9117 5
    endloop
  endfacet
  facet normal 0 0 1
    outer loop
      vertex 6 12.65 5
      vertex 4.54691 7.36567 5
      vertex 5.00962 6.5 5
    endloop
  endfacet
  facet normal -0 0 1
    outer loop
      vertex 3 14 5
      vertex 4.65289 13.9117 5
      vertex 4.65 14 5
    endloop
  endfacet
  facet normal 0 0 1
    outer loop
      vertex 4.75276 14.5166 5
      vertex 3.03212 14.981 5
      vertex 4.72164 14.4339 5
    endloop
  endfacet
  facet normal 0 0 1
    outer loop
      vertex 4.72164 14.4339 5
      vertex 3.03212 14.981 5
      vertex 4.696 14.3494 5
    endloop
  endfacet
  facet normal 0 0 1
    outer loop
      vertex 6 12.65 5
      vertex 4.14181 8.25975 5
      vertex 4.54691 7.36567 5
    endloop
  endfacet
  facet normal 0 0 1
    outer loop
      vertex 4.696 14.3494 5
      vertex 3.03212 14.981 5
      vertex 4.67594 14.2634 5
    endloop
  endfacet
  facet normal 0 0 1
    outer loop
      vertex 6 12.65 5
      vertex 3.79605 9.17841 5
      vertex 4.14181 8.25975 5
    endloop
  endfacet
  facet normal 0 0 1
    outer loop
      vertex 3 14 5
      vertex 4.67594 14.2634 5
      vertex 3.03212 14.981 5
    endloop
  endfacet
  facet normal 0 0 1
    outer loop
      vertex 5.91171 12.6529 5
      vertex 3.51111 10.1177 5
      vertex 3.79605 9.17841 5
    endloop
  endfacet
  facet normal 0 0 1
    outer loop
      vertex 4.67594 14.2634 5
      vertex 3 14 5
      vertex 4.66155 14.1762 5
    endloop
  endfacet
  facet normal 0 0 1
    outer loop
      vertex 5.56606 12.7216 5
      vertex 3.28822 11.0736 5
      vertex 3.51111 10.1177 5
    endloop
  endfacet
  facet normal 0 0 1
    outer loop
      vertex 4.66155 14.1762 5
      vertex 3 14 5
      vertex 4.65289 14.0883 5
    endloop
  endfacet
  facet normal 0 0 1
    outer loop
      vertex 5.24998 12.8775 5
      vertex 3.12833 12.0421 5
      vertex 3.28822 11.0736 5
    endloop
  endfacet
  facet normal 0 0 1
    outer loop
      vertex 4.65289 14.0883 5
      vertex 3 14 5
      vertex 4.65 14 5
    endloop
  endfacet
  facet normal 0 0 1
    outer loop
      vertex 4.87752 13.25 5
      vertex 3.03212 13.019 5
      vertex 3.12833 12.0421 5
    endloop
  endfacet
  facet normal 0 0 1
    outer loop
      vertex 4.67594 13.7366 5
      vertex 3 14 5
      vertex 3.03212 13.019 5
    endloop
  endfacet
  facet normal -0.528116 0.849172 0
    outer loop
      vertex 10.5 26.9904 3
      vertex 9.66645 26.472 5
      vertex 10.5 26.9904 5
    endloop
  endfacet
  facet normal -0.528116 0.849172 0
    outer loop
      vertex 9.66645 26.472 5
      vertex 10.5 26.9904 3
      vertex 9.66645 26.472 3
    endloop
  endfacet
  facet normal -0.471376 0.881932 0
    outer loop
      vertex 11.3657 27.4531 3
      vertex 10.5 26.9904 5
      vertex 11.3657 27.4531 5
    endloop
  endfacet
  facet normal -0.471376 0.881932 0
    outer loop
      vertex 10.5 26.9904 5
      vertex 11.3657 27.4531 3
      vertex 10.5 26.9904 3
    endloop
  endfacet
  facet normal -0.634389 0.773014 0
    outer loop
      vertex 8.86858 25.9003 3
      vertex 8.10981 25.2776 5
      vertex 8.86858 25.9003 5
    endloop
  endfacet
  facet normal -0.634389 0.773014 0
    outer loop
      vertex 8.10981 25.2776 5
      vertex 8.86858 25.9003 3
      vertex 8.10981 25.2776 3
    endloop
  endfacet
  facet normal -0.683597 0.72986 0
    outer loop
      vertex 8.10981 25.2776 3
      vertex 7.3934 24.6066 5
      vertex 8.10981 25.2776 5
    endloop
  endfacet
  facet normal -0.683597 0.72986 0
    outer loop
      vertex 7.3934 24.6066 5
      vertex 8.10981 25.2776 3
      vertex 7.3934 24.6066 3
    endloop
  endfacet
  facet normal -0.352273 0.935897 0
    outer loop
      vertex 13.1784 28.204 3
      vertex 12.2597 27.8582 5
      vertex 13.1784 28.204 5
    endloop
  endfacet
  facet normal -0.352273 0.935897 0
    outer loop
      vertex 12.2597 27.8582 5
      vertex 13.1784 28.204 3
      vertex 12.2597 27.8582 3
    endloop
  endfacet
  facet normal -0.162895 0.986643 0
    outer loop
      vertex 16.0421 28.8717 3
      vertex 15.0736 28.7118 5
      vertex 16.0421 28.8717 5
    endloop
  endfacet
  facet normal -0.162895 0.986643 0
    outer loop
      vertex 15.0736 28.7118 5
      vertex 16.0421 28.8717 3
      vertex 15.0736 28.7118 3
    endloop
  endfacet
  facet normal 0.986643 -0.162895 0
    outer loop
      vertex 32.7118 11.0736 5
      vertex 32.8717 12.0421 3
      vertex 32.8717 12.0421 5
    endloop
  endfacet
  facet normal 0.986643 -0.162895 0
    outer loop
      vertex 32.8717 12.0421 3
      vertex 32.7118 11.0736 5
      vertex 32.7118 11.0736 3
    endloop
  endfacet
  facet normal 0.995186 -0.0980007 0
    outer loop
      vertex 32.8717 12.0421 5
      vertex 32.9679 13.019 3
      vertex 32.9679 13.019 5
    endloop
  endfacet
  facet normal 0.995186 -0.0980007 0
    outer loop
      vertex 32.9679 13.019 3
      vertex 32.8717 12.0421 5
      vertex 32.8717 12.0421 3
    endloop
  endfacet
  facet normal 0.773014 -0.634389 0
    outer loop
      vertex 29.2776 4.10981 5
      vertex 29.9003 4.86858 3
      vertex 29.9003 4.86858 5
    endloop
  endfacet
  facet normal 0.773014 -0.634389 0
    outer loop
      vertex 29.9003 4.86858 3
      vertex 29.2776 4.10981 5
      vertex 29.2776 4.10981 3
    endloop
  endfacet
  facet normal 0.471385 -0.881927 0
    outer loop
      vertex 24.6343 0.546908 3
      vertex 25.5 1.00962 5
      vertex 24.6343 0.546908 5
    endloop
  endfacet
  facet normal 0.471385 -0.881927 0
    outer loop
      vertex 25.5 1.00962 5
      vertex 24.6343 0.546908 3
      vertex 25.5 1.00962 3
    endloop
  endfacet
  facet normal 0.881926 -0.471389 0
    outer loop
      vertex 30.9904 6.5 5
      vertex 31.4531 7.36567 3
      vertex 31.4531 7.36567 5
    endloop
  endfacet
  facet normal 0.881926 -0.471389 0
    outer loop
      vertex 31.4531 7.36567 3
      vertex 30.9904 6.5 5
      vertex 30.9904 6.5 3
    endloop
  endfacet
  facet normal -0.956938 -0.290294 0
    outer loop
      vertex 3.79605 9.17841 3
      vertex 3.51111 10.1177 5
      vertex 3.51111 10.1177 3
    endloop
  endfacet
  facet normal -0.956938 -0.290294 0
    outer loop
      vertex 3.51111 10.1177 5
      vertex 3.79605 9.17841 3
      vertex 3.79605 9.17841 5
    endloop
  endfacet
  facet normal -0.935906 -0.352251 0
    outer loop
      vertex 4.14181 8.25975 3
      vertex 3.79605 9.17841 5
      vertex 3.79605 9.17841 3
    endloop
  endfacet
  facet normal -0.935906 -0.352251 0
    outer loop
      vertex 3.79605 9.17841 5
      vertex 4.14181 8.25975 3
      vertex 4.14181 8.25975 5
    endloop
  endfacet
  facet normal 0.35227 -0.935898 8.40276e-06
    outer loop
      vertex 22.8216 -0.203952 5
      vertex 23.3635 0 3
      vertex 23.7402 0.141807 5
    endloop
  endfacet
  facet normal 0.352243 -0.935909 0
    outer loop
      vertex 22.8216 -0.203952 2.9
      vertex 23.3635 0 3
      vertex 22.8216 -0.203952 5
    endloop
  endfacet
  facet normal 0.352243 -0.935909 0
    outer loop
      vertex 23.3635 0 3
      vertex 22.8216 -0.203952 2.9
      vertex 23.3635 0 2.9
    endloop
  endfacet
  facet normal 0.352309 -0.935884 0
    outer loop
      vertex 23.7402 0.141807 5
      vertex 23.3635 0 3
      vertex 23.7402 0.141807 3
    endloop
  endfacet
  facet normal -0.999464 -0.0327246 0
    outer loop
      vertex 3.03212 13.019 3
      vertex 3 14 5
      vertex 3 14 3
    endloop
  endfacet
  facet normal -0.999464 -0.0327246 0
    outer loop
      vertex 3 14 5
      vertex 3.03212 13.019 3
      vertex 3.03212 13.019 5
    endloop
  endfacet
  facet normal 0.999465 -0.0327042 0
    outer loop
      vertex 32.9679 13.019 5
      vertex 33 14 3
      vertex 33 14 5
    endloop
  endfacet
  facet normal 0.999465 -0.0327042 0
    outer loop
      vertex 33 14 3
      vertex 32.9679 13.019 5
      vertex 32.9679 13.019 3
    endloop
  endfacet
  facet normal 0.582508 -0.812825 0
    outer loop
      vertex 26.3336 1.52796 3
      vertex 27.1314 2.0997 5
      vertex 26.3336 1.52796 5
    endloop
  endfacet
  facet normal 0.582508 -0.812825 0
    outer loop
      vertex 27.1314 2.0997 5
      vertex 26.3336 1.52796 3
      vertex 27.1314 2.0997 3
    endloop
  endfacet
  facet normal 0.910865 -0.412705 0
    outer loop
      vertex 31.4531 7.36567 5
      vertex 31.8582 8.25975 3
      vertex 31.8582 8.25975 5
    endloop
  endfacet
  facet normal 0.910865 -0.412705 0
    outer loop
      vertex 31.8582 8.25975 3
      vertex 31.4531 7.36567 5
      vertex 31.4531 7.36567 3
    endloop
  endfacet
  facet normal -0.352227 -0.935915 0
    outer loop
      vertex 12.6365 0 3
      vertex 12.2597 0.141807 5
      vertex 12.2597 0.141807 3
    endloop
  endfacet
  facet normal -0.352236 -0.935911 -1.98668e-06
    outer loop
      vertex 12.2597 0.141807 5
      vertex 12.6365 0 3
      vertex 13.1784 -0.203952 5
    endloop
  endfacet
  facet normal -0.352243 -0.935909 0
    outer loop
      vertex 13.1784 -0.203952 2.9
      vertex 12.6365 0 3
      vertex 12.6365 0 2.9
    endloop
  endfacet
  facet normal -0.352243 -0.935909 0
    outer loop
      vertex 12.6365 0 3
      vertex 13.1784 -0.203952 2.9
      vertex 13.1784 -0.203952 5
    endloop
  endfacet
  facet normal -0.683597 -0.72986 0
    outer loop
      vertex 7.3934 3.3934 3
      vertex 8.10981 2.7224 5
      vertex 7.3934 3.3934 5
    endloop
  endfacet
  facet normal -0.683597 -0.72986 -0
    outer loop
      vertex 8.10981 2.7224 5
      vertex 7.3934 3.3934 3
      vertex 8.10981 2.7224 3
    endloop
  endfacet
  facet normal -0.910865 -0.412705 0
    outer loop
      vertex 4.54691 7.36567 3
      vertex 4.14181 8.25975 5
      vertex 4.14181 8.25975 3
    endloop
  endfacet
  facet normal -0.910865 -0.412705 0
    outer loop
      vertex 4.14181 8.25975 5
      vertex 4.54691 7.36567 3
      vertex 4.54691 7.36567 5
    endloop
  endfacet
  facet normal -0.986645 -0.162886 0
    outer loop
      vertex 3.28822 11.0736 3
      vertex 3.12833 12.0421 5
      vertex 3.12833 12.0421 3
    endloop
  endfacet
  facet normal -0.986645 -0.162886 0
    outer loop
      vertex 3.12833 12.0421 5
      vertex 3.28822 11.0736 3
      vertex 3.28822 11.0736 5
    endloop
  endfacet
  facet normal -0.995185 -0.0980108 0
    outer loop
      vertex 3.12833 12.0421 3
      vertex 3.03212 13.019 5
      vertex 3.03212 13.019 3
    endloop
  endfacet
  facet normal -0.995185 -0.0980108 0
    outer loop
      vertex 3.03212 13.019 5
      vertex 3.12833 12.0421 3
      vertex 3.12833 12.0421 5
    endloop
  endfacet
  facet normal -0.973876 -0.227081 0
    outer loop
      vertex 3.51111 10.1177 3
      vertex 3.28822 11.0736 5
      vertex 3.28822 11.0736 3
    endloop
  endfacet
  facet normal -0.973876 -0.227081 0
    outer loop
      vertex 3.28822 11.0736 5
      vertex 3.51111 10.1177 3
      vertex 3.51111 10.1177 5
    endloop
  endfacet
  facet normal 0.412698 -0.910868 0
    outer loop
      vertex 23.7402 0.141807 3
      vertex 24.6343 0.546908 5
      vertex 23.7402 0.141807 5
    endloop
  endfacet
  facet normal 0.412698 -0.910868 0
    outer loop
      vertex 24.6343 0.546908 5
      vertex 23.7402 0.141807 3
      vertex 24.6343 0.546908 3
    endloop
  endfacet
  facet normal 0.16289 -0.986644 0
    outer loop
      vertex 19.9579 -0.871673 2.9
      vertex 20.9264 -0.711779 5
      vertex 19.9579 -0.871673 5
    endloop
  endfacet
  facet normal 0.16289 -0.986644 0
    outer loop
      vertex 20.9264 -0.711779 5
      vertex 19.9579 -0.871673 2.9
      vertex 20.9264 -0.711779 2.9
    endloop
  endfacet
  facet normal 0.0980108 -0.995185 0
    outer loop
      vertex 18.981 -0.967883 2.9
      vertex 19.9579 -0.871673 5
      vertex 18.981 -0.967883 5
    endloop
  endfacet
  facet normal 0.0980108 -0.995185 0
    outer loop
      vertex 19.9579 -0.871673 5
      vertex 18.981 -0.967883 2.9
      vertex 19.9579 -0.871673 2.9
    endloop
  endfacet
  facet normal 0.973874 -0.227091 0
    outer loop
      vertex 32.4889 10.1177 5
      vertex 32.7118 11.0736 3
      vertex 32.7118 11.0736 5
    endloop
  endfacet
  facet normal 0.973874 -0.227091 0
    outer loop
      vertex 32.7118 11.0736 3
      vertex 32.4889 10.1177 5
      vertex 32.4889 10.1177 3
    endloop
  endfacet
  facet normal 0.956949 -0.290256 0
    outer loop
      vertex 32.204 9.17841 5
      vertex 32.4889 10.1177 3
      vertex 32.4889 10.1177 5
    endloop
  endfacet
  facet normal 0.956949 -0.290256 0
    outer loop
      vertex 32.4889 10.1177 3
      vertex 32.204 9.17841 5
      vertex 32.204 9.17841 3
    endloop
  endfacet
  facet normal 0.812869 -0.582447 0
    outer loop
      vertex 29.9003 4.86858 5
      vertex 30.472 5.66645 3
      vertex 30.472 5.66645 5
    endloop
  endfacet
  facet normal 0.812869 -0.582447 0
    outer loop
      vertex 30.472 5.66645 3
      vertex 29.9003 4.86858 5
      vertex 29.9003 4.86858 3
    endloop
  endfacet
  facet normal 0.634374 -0.773026 0
    outer loop
      vertex 27.1314 2.0997 3
      vertex 27.8902 2.7224 5
      vertex 27.1314 2.0997 5
    endloop
  endfacet
  facet normal 0.634374 -0.773026 0
    outer loop
      vertex 27.8902 2.7224 5
      vertex 27.1314 2.0997 3
      vertex 27.8902 2.7224 3
    endloop
  endfacet
  facet normal -0.0327215 -0.999465 0
    outer loop
      vertex 17.019 -0.967883 2.9
      vertex 18 -1 5
      vertex 17.019 -0.967883 5
    endloop
  endfacet
  facet normal -0.0327215 -0.999465 -0
    outer loop
      vertex 18 -1 5
      vertex 17.019 -0.967883 2.9
      vertex 18 -1 2.9
    endloop
  endfacet
  facet normal -0.16289 -0.986644 0
    outer loop
      vertex 15.0736 -0.711779 2.9
      vertex 16.0421 -0.871673 5
      vertex 15.0736 -0.711779 5
    endloop
  endfacet
  facet normal -0.16289 -0.986644 -0
    outer loop
      vertex 16.0421 -0.871673 5
      vertex 15.0736 -0.711779 2.9
      vertex 16.0421 -0.871673 2.9
    endloop
  endfacet
  facet normal -0.0980108 -0.995185 0
    outer loop
      vertex 16.0421 -0.871673 2.9
      vertex 17.019 -0.967883 5
      vertex 16.0421 -0.871673 5
    endloop
  endfacet
  facet normal -0.0980108 -0.995185 -0
    outer loop
      vertex 17.019 -0.967883 5
      vertex 16.0421 -0.871673 2.9
      vertex 17.019 -0.967883 2.9
    endloop
  endfacet
  facet normal -0.812849 -0.582474 0
    outer loop
      vertex 6.0997 4.86858 3
      vertex 5.52796 5.66645 5
      vertex 5.52796 5.66645 3
    endloop
  endfacet
  facet normal -0.812849 -0.582474 0
    outer loop
      vertex 5.52796 5.66645 5
      vertex 6.0997 4.86858 3
      vertex 6.0997 4.86858 5
    endloop
  endfacet
  facet normal -0.773014 -0.634389 0
    outer loop
      vertex 6.7224 4.10981 3
      vertex 6.0997 4.86858 5
      vertex 6.0997 4.86858 3
    endloop
  endfacet
  facet normal -0.773014 -0.634389 0
    outer loop
      vertex 6.0997 4.86858 5
      vertex 6.7224 4.10981 3
      vertex 6.7224 4.10981 5
    endloop
  endfacet
  facet normal -0.72986 -0.683597 0
    outer loop
      vertex 7.3934 3.3934 3
      vertex 6.7224 4.10981 5
      vertex 6.7224 4.10981 3
    endloop
  endfacet
  facet normal -0.72986 -0.683597 0
    outer loop
      vertex 6.7224 4.10981 5
      vertex 7.3934 3.3934 3
      vertex 7.3934 3.3934 5
    endloop
  endfacet
  facet normal 0.683602 -0.729855 0
    outer loop
      vertex 27.8902 2.7224 3
      vertex 28.6066 3.3934 5
      vertex 27.8902 2.7224 5
    endloop
  endfacet
  facet normal 0.683602 -0.729855 0
    outer loop
      vertex 28.6066 3.3934 5
      vertex 27.8902 2.7224 3
      vertex 28.6066 3.3934 3
    endloop
  endfacet
  facet normal 0.528049 -0.849214 0
    outer loop
      vertex 25.5 1.00962 3
      vertex 26.3336 1.52796 5
      vertex 25.5 1.00962 5
    endloop
  endfacet
  facet normal 0.528049 -0.849214 0
    outer loop
      vertex 26.3336 1.52796 5
      vertex 25.5 1.00962 3
      vertex 26.3336 1.52796 3
    endloop
  endfacet
  facet normal -0.582474 -0.812849 0
    outer loop
      vertex 8.86858 2.0997 3
      vertex 9.66645 1.52796 5
      vertex 8.86858 2.0997 5
    endloop
  endfacet
  facet normal -0.582474 -0.812849 -0
    outer loop
      vertex 9.66645 1.52796 5
      vertex 8.86858 2.0997 3
      vertex 9.66645 1.52796 3
    endloop
  endfacet
  facet normal -0.634389 -0.773014 0
    outer loop
      vertex 8.10981 2.7224 3
      vertex 8.86858 2.0997 5
      vertex 8.10981 2.7224 5
    endloop
  endfacet
  facet normal -0.634389 -0.773014 -0
    outer loop
      vertex 8.86858 2.0997 5
      vertex 8.10981 2.7224 3
      vertex 8.86858 2.0997 3
    endloop
  endfacet
  facet normal -0.8492 -0.528072 0
    outer loop
      vertex 5.52796 5.66645 3
      vertex 5.00962 6.5 5
      vertex 5.00962 6.5 3
    endloop
  endfacet
  facet normal -0.8492 -0.528072 0
    outer loop
      vertex 5.00962 6.5 5
      vertex 5.52796 5.66645 3
      vertex 5.52796 5.66645 5
    endloop
  endfacet
  facet normal -0.881921 -0.471397 0
    outer loop
      vertex 5.00962 6.5 3
      vertex 4.54691 7.36567 5
      vertex 4.54691 7.36567 3
    endloop
  endfacet
  facet normal -0.881921 -0.471397 0
    outer loop
      vertex 4.54691 7.36567 5
      vertex 5.00962 6.5 3
      vertex 5.00962 6.5 5
    endloop
  endfacet
  facet normal -0.528072 -0.8492 0
    outer loop
      vertex 9.66645 1.52796 3
      vertex 10.5 1.00962 5
      vertex 9.66645 1.52796 5
    endloop
  endfacet
  facet normal -0.528072 -0.8492 -0
    outer loop
      vertex 10.5 1.00962 5
      vertex 9.66645 1.52796 3
      vertex 10.5 1.00962 3
    endloop
  endfacet
  facet normal -0.412737 -0.91085 0
    outer loop
      vertex 11.3657 0.546908 3
      vertex 12.2597 0.141807 5
      vertex 11.3657 0.546908 5
    endloop
  endfacet
  facet normal -0.412737 -0.91085 -0
    outer loop
      vertex 12.2597 0.141807 5
      vertex 11.3657 0.546908 3
      vertex 12.2597 0.141807 3
    endloop
  endfacet
  facet normal -0.227083 -0.973875 0
    outer loop
      vertex 14.1177 -0.488887 2.9
      vertex 15.0736 -0.711779 5
      vertex 14.1177 -0.488887 5
    endloop
  endfacet
  facet normal -0.227083 -0.973875 -0
    outer loop
      vertex 15.0736 -0.711779 5
      vertex 14.1177 -0.488887 2.9
      vertex 15.0736 -0.711779 2.9
    endloop
  endfacet
  facet normal -0.290286 -0.95694 0
    outer loop
      vertex 13.1784 -0.203952 2.9
      vertex 14.1177 -0.488887 5
      vertex 13.1784 -0.203952 5
    endloop
  endfacet
  facet normal -0.290286 -0.95694 -0
    outer loop
      vertex 14.1177 -0.488887 5
      vertex 13.1784 -0.203952 2.9
      vertex 14.1177 -0.488887 2.9
    endloop
  endfacet
  facet normal -0.471385 -0.881927 0
    outer loop
      vertex 10.5 1.00962 3
      vertex 11.3657 0.546908 5
      vertex 10.5 1.00962 5
    endloop
  endfacet
  facet normal -0.471385 -0.881927 -0
    outer loop
      vertex 11.3657 0.546908 5
      vertex 10.5 1.00962 3
      vertex 11.3657 0.546908 3
    endloop
  endfacet
  facet normal -0.99948 0 0.0322413
    outer loop
      vertex 18.8981 40 15.9411
      vertex 18.9 43 16
      vertex 18.8981 43 15.9411
    endloop
  endfacet
  facet normal -0.99948 0 0.0322413
    outer loop
      vertex 18.9 43 16
      vertex 18.8981 40 15.9411
      vertex 18.9 40 16
    endloop
  endfacet
  facet normal 0.99948 -0 0.0322413
    outer loop
      vertex 17.1 40 16
      vertex 17.1019 43 15.9411
      vertex 17.1 43 16
    endloop
  endfacet
  facet normal 0.99948 0 0.0322413
    outer loop
      vertex 17.1019 43 15.9411
      vertex 17.1 40 16
      vertex 17.1019 40 15.9411
    endloop
  endfacet
  facet normal -0.0322413 0 0.99948
    outer loop
      vertex 18 43 15.1
      vertex 18.0589 40 15.1019
      vertex 18.0589 43 15.1019
    endloop
  endfacet
  facet normal -0.0322413 0 0.99948
    outer loop
      vertex 18.0589 40 15.1019
      vertex 18 43 15.1
      vertex 18 40 15.1
    endloop
  endfacet
  facet normal -0.683828 0 0.729643
    outer loop
      vertex 18.5934 43 15.3233
      vertex 18.6364 40 15.3636
      vertex 18.6364 43 15.3636
    endloop
  endfacet
  facet normal -0.683828 0 0.729643
    outer loop
      vertex 18.6364 40 15.3636
      vertex 18.5934 43 15.3233
      vertex 18.5934 40 15.3233
    endloop
  endfacet
  facet normal 0.683828 0 0.729643
    outer loop
      vertex 17.3636 43 15.3636
      vertex 17.4066 40 15.3233
      vertex 17.4066 43 15.3233
    endloop
  endfacet
  facet normal 0.683828 0 0.729643
    outer loop
      vertex 17.4066 40 15.3233
      vertex 17.3636 43 15.3636
      vertex 17.3636 40 15.3636
    endloop
  endfacet
  facet normal 0.351682 0 0.93612
    outer loop
      vertex 17.6556 43 15.1685
      vertex 17.7107 40 15.1478
      vertex 17.7107 43 15.1478
    endloop
  endfacet
  facet normal 0.351682 0 0.93612
    outer loop
      vertex 17.7107 40 15.1478
      vertex 17.6556 43 15.1685
      vertex 17.6556 40 15.1685
    endloop
  endfacet
  facet normal -0.911062 0 0.412268
    outer loop
      vertex 18.8072 40 15.6019
      vertex 18.8315 43 15.6556
      vertex 18.8072 43 15.6019
    endloop
  endfacet
  facet normal -0.911062 0 0.412268
    outer loop
      vertex 18.8315 43 15.6556
      vertex 18.8072 40 15.6019
      vertex 18.8315 40 15.6556
    endloop
  endfacet
  facet normal -0.412268 0 0.911062
    outer loop
      vertex 18.3444 43 15.1685
      vertex 18.3981 40 15.1928
      vertex 18.3981 43 15.1928
    endloop
  endfacet
  facet normal -0.412268 0 0.911062
    outer loop
      vertex 18.3981 40 15.1928
      vertex 18.3444 43 15.1685
      vertex 18.3444 40 15.1685
    endloop
  endfacet
  facet normal -0.528166 0 0.849141
    outer loop
      vertex 18.45 43 15.2206
      vertex 18.5 40 15.2517
      vertex 18.5 43 15.2517
    endloop
  endfacet
  facet normal -0.528166 0 0.849141
    outer loop
      vertex 18.5 40 15.2517
      vertex 18.45 43 15.2206
      vertex 18.45 40 15.2206
    endloop
  endfacet
  facet normal 0.911062 -0 0.412268
    outer loop
      vertex 17.1685 40 15.6556
      vertex 17.1928 43 15.6019
      vertex 17.1685 43 15.6556
    endloop
  endfacet
  facet normal 0.911062 0 0.412268
    outer loop
      vertex 17.1928 43 15.6019
      vertex 17.1685 40 15.6556
      vertex 17.1928 40 15.6019
    endloop
  endfacet
  facet normal 0.163022 0 0.986622
    outer loop
      vertex 17.8244 43 15.1173
      vertex 17.8825 40 15.1077
      vertex 17.8825 43 15.1077
    endloop
  endfacet
  facet normal 0.163022 0 0.986622
    outer loop
      vertex 17.8825 40 15.1077
      vertex 17.8244 43 15.1173
      vertex 17.8244 40 15.1173
    endloop
  endfacet
  facet normal 0.995138 0 -0.0984948
    outer loop
      vertex 17.1077 40 16.1175
      vertex 17.1019 43 16.0589
      vertex 17.1077 43 16.1175
    endloop
  endfacet
  facet normal 0.995138 0 -0.0984948
    outer loop
      vertex 17.1019 43 16.0589
      vertex 17.1077 40 16.1175
      vertex 17.1019 40 16.0589
    endloop
  endfacet
  facet normal -0.973728 0 0.227713
    outer loop
      vertex 18.8693 40 15.7671
      vertex 18.8827 43 15.8244
      vertex 18.8693 43 15.7671
    endloop
  endfacet
  facet normal -0.973728 0 0.227713
    outer loop
      vertex 18.8827 43 15.8244
      vertex 18.8693 40 15.7671
      vertex 18.8827 40 15.8244
    endloop
  endfacet
  facet normal -0.813045 0 0.582201
    outer loop
      vertex 18.714 40 15.4521
      vertex 18.7483 43 15.5
      vertex 18.714 43 15.4521
    endloop
  endfacet
  facet normal -0.813045 0 0.582201
    outer loop
      vertex 18.7483 43 15.5
      vertex 18.714 40 15.4521
      vertex 18.7483 40 15.5
    endloop
  endfacet
  facet normal -0.773351 0 0.633978
    outer loop
      vertex 18.6767 40 15.4066
      vertex 18.714 43 15.4521
      vertex 18.6767 43 15.4066
    endloop
  endfacet
  facet normal -0.773351 0 0.633978
    outer loop
      vertex 18.714 43 15.4521
      vertex 18.6767 40 15.4066
      vertex 18.714 40 15.4521
    endloop
  endfacet
  facet normal -0.881505 0 0.472174
    outer loop
      vertex 18.7794 40 15.55
      vertex 18.8072 43 15.6019
      vertex 18.7794 43 15.55
    endloop
  endfacet
  facet normal -0.881505 0 0.472174
    outer loop
      vertex 18.8072 43 15.6019
      vertex 18.7794 40 15.55
      vertex 18.8072 40 15.6019
    endloop
  endfacet
  facet normal -0.227713 0 0.973728
    outer loop
      vertex 18.1756 43 15.1173
      vertex 18.2329 40 15.1307
      vertex 18.2329 43 15.1307
    endloop
  endfacet
  facet normal -0.227713 0 0.973728
    outer loop
      vertex 18.2329 40 15.1307
      vertex 18.1756 43 15.1173
      vertex 18.1756 40 15.1173
    endloop
  endfacet
  facet normal -0.351682 0 0.93612
    outer loop
      vertex 18.2893 43 15.1478
      vertex 18.3444 40 15.1685
      vertex 18.3444 43 15.1685
    endloop
  endfacet
  facet normal -0.351682 0 0.93612
    outer loop
      vertex 18.3444 40 15.1685
      vertex 18.2893 43 15.1478
      vertex 18.2893 40 15.1478
    endloop
  endfacet
  facet normal -0.472174 0 0.881505
    outer loop
      vertex 18.3981 43 15.1928
      vertex 18.45 40 15.2206
      vertex 18.45 43 15.2206
    endloop
  endfacet
  facet normal -0.472174 0 0.881505
    outer loop
      vertex 18.45 40 15.2206
      vertex 18.3981 43 15.1928
      vertex 18.3981 40 15.1928
    endloop
  endfacet
  facet normal -0.633978 0 0.773351
    outer loop
      vertex 18.5479 43 15.286
      vertex 18.5934 40 15.3233
      vertex 18.5934 43 15.3233
    endloop
  endfacet
  facet normal -0.633978 0 0.773351
    outer loop
      vertex 18.5934 40 15.3233
      vertex 18.5479 43 15.286
      vertex 18.5479 40 15.286
    endloop
  endfacet
  facet normal 0.973728 -0 0.227713
    outer loop
      vertex 17.1173 40 15.8244
      vertex 17.1307 43 15.7671
      vertex 17.1173 43 15.8244
    endloop
  endfacet
  facet normal 0.973728 0 0.227713
    outer loop
      vertex 17.1307 43 15.7671
      vertex 17.1173 40 15.8244
      vertex 17.1307 40 15.7671
    endloop
  endfacet
  facet normal 0.813045 -0 0.582201
    outer loop
      vertex 17.2517 40 15.5
      vertex 17.286 43 15.4521
      vertex 17.2517 43 15.5
    endloop
  endfacet
  facet normal 0.813045 0 0.582201
    outer loop
      vertex 17.286 43 15.4521
      vertex 17.2517 40 15.5
      vertex 17.286 40 15.4521
    endloop
  endfacet
  facet normal 0.849141 -0 0.528166
    outer loop
      vertex 17.2206 40 15.55
      vertex 17.2517 43 15.5
      vertex 17.2206 43 15.55
    endloop
  endfacet
  facet normal 0.849141 0 0.528166
    outer loop
      vertex 17.2517 43 15.5
      vertex 17.2206 40 15.55
      vertex 17.2517 40 15.5
    endloop
  endfacet
  facet normal 0.93612 -0 0.351682
    outer loop
      vertex 17.1478 40 15.7107
      vertex 17.1685 43 15.6556
      vertex 17.1478 43 15.7107
    endloop
  endfacet
  facet normal 0.93612 0 0.351682
    outer loop
      vertex 17.1685 43 15.6556
      vertex 17.1478 40 15.7107
      vertex 17.1685 40 15.6556
    endloop
  endfacet
  facet normal 0.528166 0 0.849141
    outer loop
      vertex 17.5 43 15.2517
      vertex 17.55 40 15.2206
      vertex 17.55 43 15.2206
    endloop
  endfacet
  facet normal 0.528166 0 0.849141
    outer loop
      vertex 17.55 40 15.2206
      vertex 17.5 43 15.2517
      vertex 17.5 40 15.2517
    endloop
  endfacet
  facet normal 0.582201 0 0.813045
    outer loop
      vertex 17.4521 43 15.286
      vertex 17.5 40 15.2517
      vertex 17.5 43 15.2517
    endloop
  endfacet
  facet normal 0.582201 0 0.813045
    outer loop
      vertex 17.5 40 15.2517
      vertex 17.4521 43 15.286
      vertex 17.4521 40 15.286
    endloop
  endfacet
  facet normal 0.0322413 0 0.99948
    outer loop
      vertex 17.9411 43 15.1019
      vertex 18 40 15.1
      vertex 18 43 15.1
    endloop
  endfacet
  facet normal 0.0322413 0 0.99948
    outer loop
      vertex 18 40 15.1
      vertex 17.9411 43 15.1019
      vertex 17.9411 40 15.1019
    endloop
  endfacet
  facet normal -0.986622 0 -0.163022
    outer loop
      vertex 18.8923 40 16.1175
      vertex 18.8827 43 16.1756
      vertex 18.8923 43 16.1175
    endloop
  endfacet
  facet normal -0.986622 -0 -0.163022
    outer loop
      vertex 18.8827 43 16.1756
      vertex 18.8923 40 16.1175
      vertex 18.8827 40 16.1756
    endloop
  endfacet
  facet normal -0.0322413 0 -0.99948
    outer loop
      vertex 18 40 16.9
      vertex 18.0589 43 16.8981
      vertex 18.0589 40 16.8981
    endloop
  endfacet
  facet normal -0.0322413 0 -0.99948
    outer loop
      vertex 18.0589 43 16.8981
      vertex 18 40 16.9
      vertex 18 43 16.9
    endloop
  endfacet
  facet normal -0.633978 0 -0.773351
    outer loop
      vertex 18.5479 40 16.714
      vertex 18.5934 43 16.6767
      vertex 18.5934 40 16.6767
    endloop
  endfacet
  facet normal -0.633978 0 -0.773351
    outer loop
      vertex 18.5934 43 16.6767
      vertex 18.5479 40 16.714
      vertex 18.5479 43 16.714
    endloop
  endfacet
  facet normal -0.773351 0 -0.633978
    outer loop
      vertex 18.714 40 16.5479
      vertex 18.6767 43 16.5934
      vertex 18.714 43 16.5479
    endloop
  endfacet
  facet normal -0.773351 -0 -0.633978
    outer loop
      vertex 18.6767 43 16.5934
      vertex 18.714 40 16.5479
      vertex 18.6767 40 16.5934
    endloop
  endfacet
  facet normal 0.412268 0 -0.911062
    outer loop
      vertex 17.6019 40 16.8072
      vertex 17.6556 43 16.8315
      vertex 17.6556 40 16.8315
    endloop
  endfacet
  facet normal 0.412268 0 -0.911062
    outer loop
      vertex 17.6556 43 16.8315
      vertex 17.6019 40 16.8072
      vertex 17.6019 43 16.8072
    endloop
  endfacet
  facet normal 0.528166 0 -0.849141
    outer loop
      vertex 17.5 40 16.7483
      vertex 17.55 43 16.7794
      vertex 17.55 40 16.7794
    endloop
  endfacet
  facet normal 0.528166 0 -0.849141
    outer loop
      vertex 17.55 43 16.7794
      vertex 17.5 40 16.7483
      vertex 17.5 43 16.7483
    endloop
  endfacet
  facet normal 0.351682 0 -0.93612
    outer loop
      vertex 17.6556 40 16.8315
      vertex 17.7107 43 16.8522
      vertex 17.7107 40 16.8522
    endloop
  endfacet
  facet normal 0.351682 0 -0.93612
    outer loop
      vertex 17.7107 43 16.8522
      vertex 17.6556 40 16.8315
      vertex 17.6556 43 16.8315
    endloop
  endfacet
  facet normal 0.849141 0 -0.528166
    outer loop
      vertex 17.2517 40 16.5
      vertex 17.2206 43 16.45
      vertex 17.2517 43 16.5
    endloop
  endfacet
  facet normal 0.849141 0 -0.528166
    outer loop
      vertex 17.2206 43 16.45
      vertex 17.2517 40 16.5
      vertex 17.2206 40 16.45
    endloop
  endfacet
  facet normal 0.813045 0 -0.582201
    outer loop
      vertex 17.286 40 16.5479
      vertex 17.2517 43 16.5
      vertex 17.286 43 16.5479
    endloop
  endfacet
  facet normal 0.813045 0 -0.582201
    outer loop
      vertex 17.2517 43 16.5
      vertex 17.286 40 16.5479
      vertex 17.2517 40 16.5
    endloop
  endfacet
  facet normal 0.93612 0 -0.351682
    outer loop
      vertex 17.1685 40 16.3444
      vertex 17.1478 43 16.2893
      vertex 17.1685 43 16.3444
    endloop
  endfacet
  facet normal 0.93612 0 -0.351682
    outer loop
      vertex 17.1478 43 16.2893
      vertex 17.1685 40 16.3444
      vertex 17.1478 40 16.2893
    endloop
  endfacet
  facet normal 0.99948 0 -0.0322413
    outer loop
      vertex 17.1019 40 16.0589
      vertex 17.1 43 16
      vertex 17.1019 43 16.0589
    endloop
  endfacet
  facet normal 0.99948 0 -0.0322413
    outer loop
      vertex 17.1 43 16
      vertex 17.1019 40 16.0589
      vertex 17.1 40 16
    endloop
  endfacet
  facet normal -0.986622 0 0.163022
    outer loop
      vertex 18.8827 40 15.8244
      vertex 18.8923 43 15.8825
      vertex 18.8827 43 15.8244
    endloop
  endfacet
  facet normal -0.986622 0 0.163022
    outer loop
      vertex 18.8923 43 15.8825
      vertex 18.8827 40 15.8244
      vertex 18.8923 40 15.8825
    endloop
  endfacet
  facet normal -0.995138 0 0.0984948
    outer loop
      vertex 18.8923 40 15.8825
      vertex 18.8981 43 15.9411
      vertex 18.8923 43 15.8825
    endloop
  endfacet
  facet normal -0.995138 0 0.0984948
    outer loop
      vertex 18.8981 43 15.9411
      vertex 18.8923 40 15.8825
      vertex 18.8981 40 15.9411
    endloop
  endfacet
  facet normal -0.93612 0 0.351682
    outer loop
      vertex 18.8315 40 15.6556
      vertex 18.8522 43 15.7107
      vertex 18.8315 43 15.6556
    endloop
  endfacet
  facet normal -0.93612 0 0.351682
    outer loop
      vertex 18.8522 43 15.7107
      vertex 18.8315 40 15.6556
      vertex 18.8522 40 15.7107
    endloop
  endfacet
  facet normal -0.956982 0 0.290149
    outer loop
      vertex 18.8522 40 15.7107
      vertex 18.8693 43 15.7671
      vertex 18.8522 43 15.7107
    endloop
  endfacet
  facet normal -0.956982 0 0.290149
    outer loop
      vertex 18.8693 43 15.7671
      vertex 18.8522 40 15.7107
      vertex 18.8693 40 15.7671
    endloop
  endfacet
  facet normal -0.729643 0 0.683828
    outer loop
      vertex 18.6364 40 15.3636
      vertex 18.6767 43 15.4066
      vertex 18.6364 43 15.3636
    endloop
  endfacet
  facet normal -0.729643 0 0.683828
    outer loop
      vertex 18.6767 43 15.4066
      vertex 18.6364 40 15.3636
      vertex 18.6767 40 15.4066
    endloop
  endfacet
  facet normal -0.290149 0 0.956982
    outer loop
      vertex 18.2329 43 15.1307
      vertex 18.2893 40 15.1478
      vertex 18.2893 43 15.1478
    endloop
  endfacet
  facet normal -0.290149 0 0.956982
    outer loop
      vertex 18.2893 40 15.1478
      vertex 18.2329 43 15.1307
      vertex 18.2329 40 15.1307
    endloop
  endfacet
  facet normal -0.163022 0 0.986622
    outer loop
      vertex 18.1175 43 15.1077
      vertex 18.1756 40 15.1173
      vertex 18.1756 43 15.1173
    endloop
  endfacet
  facet normal -0.163022 0 0.986622
    outer loop
      vertex 18.1756 40 15.1173
      vertex 18.1175 43 15.1077
      vertex 18.1175 40 15.1077
    endloop
  endfacet
  facet normal -0.0984948 0 0.995138
    outer loop
      vertex 18.0589 43 15.1019
      vertex 18.1175 40 15.1077
      vertex 18.1175 43 15.1077
    endloop
  endfacet
  facet normal -0.0984948 0 0.995138
    outer loop
      vertex 18.1175 40 15.1077
      vertex 18.0589 43 15.1019
      vertex 18.0589 40 15.1019
    endloop
  endfacet
  facet normal 0.773351 -0 0.633978
    outer loop
      vertex 17.286 40 15.4521
      vertex 17.3233 43 15.4066
      vertex 17.286 43 15.4521
    endloop
  endfacet
  facet normal 0.773351 0 0.633978
    outer loop
      vertex 17.3233 43 15.4066
      vertex 17.286 40 15.4521
      vertex 17.3233 40 15.4066
    endloop
  endfacet
  facet normal 0.729643 -0 0.683828
    outer loop
      vertex 17.3233 40 15.4066
      vertex 17.3636 43 15.3636
      vertex 17.3233 43 15.4066
    endloop
  endfacet
  facet normal 0.729643 0 0.683828
    outer loop
      vertex 17.3636 43 15.3636
      vertex 17.3233 40 15.4066
      vertex 17.3636 40 15.3636
    endloop
  endfacet
  facet normal 0.881505 -0 0.472174
    outer loop
      vertex 17.1928 40 15.6019
      vertex 17.2206 43 15.55
      vertex 17.1928 43 15.6019
    endloop
  endfacet
  facet normal 0.881505 0 0.472174
    outer loop
      vertex 17.2206 43 15.55
      vertex 17.1928 40 15.6019
      vertex 17.2206 40 15.55
    endloop
  endfacet
  facet normal 0.956982 -0 0.290149
    outer loop
      vertex 17.1307 40 15.7671
      vertex 17.1478 43 15.7107
      vertex 17.1307 43 15.7671
    endloop
  endfacet
  facet normal 0.956982 0 0.290149
    outer loop
      vertex 17.1478 43 15.7107
      vertex 17.1307 40 15.7671
      vertex 17.1478 40 15.7107
    endloop
  endfacet
  facet normal 0.995138 -0 0.0984948
    outer loop
      vertex 17.1019 40 15.9411
      vertex 17.1077 43 15.8825
      vertex 17.1019 43 15.9411
    endloop
  endfacet
  facet normal 0.995138 0 0.0984948
    outer loop
      vertex 17.1077 43 15.8825
      vertex 17.1019 40 15.9411
      vertex 17.1077 40 15.8825
    endloop
  endfacet
  facet normal 0.472174 0 0.881505
    outer loop
      vertex 17.55 43 15.2206
      vertex 17.6019 40 15.1928
      vertex 17.6019 43 15.1928
    endloop
  endfacet
  facet normal 0.472174 0 0.881505
    outer loop
      vertex 17.6019 40 15.1928
      vertex 17.55 43 15.2206
      vertex 17.55 40 15.2206
    endloop
  endfacet
  facet normal 0.412268 0 0.911062
    outer loop
      vertex 17.6019 43 15.1928
      vertex 17.6556 40 15.1685
      vertex 17.6556 43 15.1685
    endloop
  endfacet
  facet normal 0.412268 0 0.911062
    outer loop
      vertex 17.6556 40 15.1685
      vertex 17.6019 43 15.1928
      vertex 17.6019 40 15.1928
    endloop
  endfacet
  facet normal 0.633978 0 0.773351
    outer loop
      vertex 17.4066 43 15.3233
      vertex 17.4521 40 15.286
      vertex 17.4521 43 15.286
    endloop
  endfacet
  facet normal 0.633978 0 0.773351
    outer loop
      vertex 17.4521 40 15.286
      vertex 17.4066 43 15.3233
      vertex 17.4066 40 15.3233
    endloop
  endfacet
  facet normal 0.227713 0 0.973728
    outer loop
      vertex 17.7671 43 15.1307
      vertex 17.8244 40 15.1173
      vertex 17.8244 43 15.1173
    endloop
  endfacet
  facet normal 0.227713 0 0.973728
    outer loop
      vertex 17.8244 40 15.1173
      vertex 17.7671 43 15.1307
      vertex 17.7671 40 15.1307
    endloop
  endfacet
  facet normal 0.290149 0 0.956982
    outer loop
      vertex 17.7107 43 15.1478
      vertex 17.7671 40 15.1307
      vertex 17.7671 43 15.1307
    endloop
  endfacet
  facet normal 0.290149 0 0.956982
    outer loop
      vertex 17.7671 40 15.1307
      vertex 17.7107 43 15.1478
      vertex 17.7107 40 15.1478
    endloop
  endfacet
  facet normal -0.0984948 0 -0.995138
    outer loop
      vertex 18.0589 40 16.8981
      vertex 18.1175 43 16.8923
      vertex 18.1175 40 16.8923
    endloop
  endfacet
  facet normal -0.0984948 0 -0.995138
    outer loop
      vertex 18.1175 43 16.8923
      vertex 18.0589 40 16.8981
      vertex 18.0589 43 16.8981
    endloop
  endfacet
  facet normal -0.351682 0 -0.93612
    outer loop
      vertex 18.2893 40 16.8522
      vertex 18.3444 43 16.8315
      vertex 18.3444 40 16.8315
    endloop
  endfacet
  facet normal -0.351682 0 -0.93612
    outer loop
      vertex 18.3444 43 16.8315
      vertex 18.2893 40 16.8522
      vertex 18.2893 43 16.8522
    endloop
  endfacet
  facet normal -0.227713 0 -0.973728
    outer loop
      vertex 18.1756 40 16.8827
      vertex 18.2329 43 16.8693
      vertex 18.2329 40 16.8693
    endloop
  endfacet
  facet normal -0.227713 0 -0.973728
    outer loop
      vertex 18.2329 43 16.8693
      vertex 18.1756 40 16.8827
      vertex 18.1756 43 16.8827
    endloop
  endfacet
  facet normal -0.683828 0 -0.729643
    outer loop
      vertex 18.5934 40 16.6767
      vertex 18.6364 43 16.6364
      vertex 18.6364 40 16.6364
    endloop
  endfacet
  facet normal -0.683828 0 -0.729643
    outer loop
      vertex 18.6364 43 16.6364
      vertex 18.5934 40 16.6767
      vertex 18.5934 43 16.6767
    endloop
  endfacet
  facet normal -0.528166 0 -0.849141
    outer loop
      vertex 18.45 40 16.7794
      vertex 18.5 43 16.7483
      vertex 18.5 40 16.7483
    endloop
  endfacet
  facet normal -0.528166 0 -0.849141
    outer loop
      vertex 18.5 43 16.7483
      vertex 18.45 40 16.7794
      vertex 18.45 43 16.7794
    endloop
  endfacet
  facet normal -0.582201 0 -0.813045
    outer loop
      vertex 18.5 40 16.7483
      vertex 18.5479 43 16.714
      vertex 18.5479 40 16.714
    endloop
  endfacet
  facet normal -0.582201 0 -0.813045
    outer loop
      vertex 18.5479 43 16.714
      vertex 18.5 40 16.7483
      vertex 18.5 43 16.7483
    endloop
  endfacet
  facet normal -0.412268 0 -0.911062
    outer loop
      vertex 18.3444 40 16.8315
      vertex 18.3981 43 16.8072
      vertex 18.3981 40 16.8072
    endloop
  endfacet
  facet normal -0.412268 0 -0.911062
    outer loop
      vertex 18.3981 43 16.8072
      vertex 18.3444 40 16.8315
      vertex 18.3444 43 16.8315
    endloop
  endfacet
  facet normal -0.813045 0 -0.582201
    outer loop
      vertex 18.7483 40 16.5
      vertex 18.714 43 16.5479
      vertex 18.7483 43 16.5
    endloop
  endfacet
  facet normal -0.813045 -0 -0.582201
    outer loop
      vertex 18.714 43 16.5479
      vertex 18.7483 40 16.5
      vertex 18.714 40 16.5479
    endloop
  endfacet
  facet normal -0.911062 0 -0.412268
    outer loop
      vertex 18.8315 40 16.3444
      vertex 18.8072 43 16.3981
      vertex 18.8315 43 16.3444
    endloop
  endfacet
  facet normal -0.911062 -0 -0.412268
    outer loop
      vertex 18.8072 43 16.3981
      vertex 18.8315 40 16.3444
      vertex 18.8072 40 16.3981
    endloop
  endfacet
  facet normal -0.93612 0 -0.351682
    outer loop
      vertex 18.8522 40 16.2893
      vertex 18.8315 43 16.3444
      vertex 18.8522 43 16.2893
    endloop
  endfacet
  facet normal -0.93612 -0 -0.351682
    outer loop
      vertex 18.8315 43 16.3444
      vertex 18.8522 40 16.2893
      vertex 18.8315 40 16.3444
    endloop
  endfacet
  facet normal -0.881505 0 -0.472174
    outer loop
      vertex 18.8072 40 16.3981
      vertex 18.7794 43 16.45
      vertex 18.8072 43 16.3981
    endloop
  endfacet
  facet normal -0.881505 -0 -0.472174
    outer loop
      vertex 18.7794 43 16.45
      vertex 18.8072 40 16.3981
      vertex 18.7794 40 16.45
    endloop
  endfacet
  facet normal -0.956982 0 -0.290149
    outer loop
      vertex 18.8693 40 16.2329
      vertex 18.8522 43 16.2893
      vertex 18.8693 43 16.2329
    endloop
  endfacet
  facet normal -0.956982 -0 -0.290149
    outer loop
      vertex 18.8522 43 16.2893
      vertex 18.8693 40 16.2329
      vertex 18.8522 40 16.2893
    endloop
  endfacet
  facet normal 0.683828 0 -0.729643
    outer loop
      vertex 17.3636 40 16.6364
      vertex 17.4066 43 16.6767
      vertex 17.4066 40 16.6767
    endloop
  endfacet
  facet normal 0.683828 0 -0.729643
    outer loop
      vertex 17.4066 43 16.6767
      vertex 17.3636 40 16.6364
      vertex 17.3636 43 16.6364
    endloop
  endfacet
  facet normal 0.582201 0 -0.813045
    outer loop
      vertex 17.4521 40 16.714
      vertex 17.5 43 16.7483
      vertex 17.5 40 16.7483
    endloop
  endfacet
  facet normal 0.582201 0 -0.813045
    outer loop
      vertex 17.5 43 16.7483
      vertex 17.4521 40 16.714
      vertex 17.4521 43 16.714
    endloop
  endfacet
  facet normal 0.472174 0 -0.881505
    outer loop
      vertex 17.55 40 16.7794
      vertex 17.6019 43 16.8072
      vertex 17.6019 40 16.8072
    endloop
  endfacet
  facet normal 0.472174 0 -0.881505
    outer loop
      vertex 17.6019 43 16.8072
      vertex 17.55 40 16.7794
      vertex 17.55 43 16.7794
    endloop
  endfacet
  facet normal 0.290149 0 -0.956982
    outer loop
      vertex 17.7107 40 16.8522
      vertex 17.7671 43 16.8693
      vertex 17.7671 40 16.8693
    endloop
  endfacet
  facet normal 0.290149 0 -0.956982
    outer loop
      vertex 17.7671 43 16.8693
      vertex 17.7107 40 16.8522
      vertex 17.7107 43 16.8522
    endloop
  endfacet
  facet normal 0.0984948 0 -0.995138
    outer loop
      vertex 17.8825 40 16.8923
      vertex 17.9411 43 16.8981
      vertex 17.9411 40 16.8981
    endloop
  endfacet
  facet normal 0.0984948 0 -0.995138
    outer loop
      vertex 17.9411 43 16.8981
      vertex 17.8825 40 16.8923
      vertex 17.8825 43 16.8923
    endloop
  endfacet
  facet normal 0.163022 0 -0.986622
    outer loop
      vertex 17.8244 40 16.8827
      vertex 17.8825 43 16.8923
      vertex 17.8825 40 16.8923
    endloop
  endfacet
  facet normal 0.163022 0 -0.986622
    outer loop
      vertex 17.8825 43 16.8923
      vertex 17.8244 40 16.8827
      vertex 17.8244 43 16.8827
    endloop
  endfacet
  facet normal 0.0322413 0 -0.99948
    outer loop
      vertex 17.9411 40 16.8981
      vertex 18 43 16.9
      vertex 18 40 16.9
    endloop
  endfacet
  facet normal 0.0322413 0 -0.99948
    outer loop
      vertex 18 43 16.9
      vertex 17.9411 40 16.8981
      vertex 17.9411 43 16.8981
    endloop
  endfacet
  facet normal 0.911062 0 -0.412268
    outer loop
      vertex 17.1928 40 16.3981
      vertex 17.1685 43 16.3444
      vertex 17.1928 43 16.3981
    endloop
  endfacet
  facet normal 0.911062 0 -0.412268
    outer loop
      vertex 17.1685 43 16.3444
      vertex 17.1928 40 16.3981
      vertex 17.1685 40 16.3444
    endloop
  endfacet
  facet normal 0.881505 0 -0.472174
    outer loop
      vertex 17.2206 40 16.45
      vertex 17.1928 43 16.3981
      vertex 17.2206 43 16.45
    endloop
  endfacet
  facet normal 0.881505 0 -0.472174
    outer loop
      vertex 17.1928 43 16.3981
      vertex 17.2206 40 16.45
      vertex 17.1928 40 16.3981
    endloop
  endfacet
  facet normal 0.773351 0 -0.633978
    outer loop
      vertex 17.3233 40 16.5934
      vertex 17.286 43 16.5479
      vertex 17.3233 43 16.5934
    endloop
  endfacet
  facet normal 0.773351 0 -0.633978
    outer loop
      vertex 17.286 43 16.5479
      vertex 17.3233 40 16.5934
      vertex 17.286 40 16.5479
    endloop
  endfacet
  facet normal 0.973728 0 -0.227713
    outer loop
      vertex 17.1307 40 16.2329
      vertex 17.1173 43 16.1756
      vertex 17.1307 43 16.2329
    endloop
  endfacet
  facet normal 0.973728 0 -0.227713
    outer loop
      vertex 17.1173 43 16.1756
      vertex 17.1307 40 16.2329
      vertex 17.1173 40 16.1756
    endloop
  endfacet
  facet normal -0.849141 0 0.528166
    outer loop
      vertex 18.7483 40 15.5
      vertex 18.7794 43 15.55
      vertex 18.7483 43 15.5
    endloop
  endfacet
  facet normal -0.849141 0 0.528166
    outer loop
      vertex 18.7794 43 15.55
      vertex 18.7483 40 15.5
      vertex 18.7794 40 15.55
    endloop
  endfacet
  facet normal -0.582201 0 0.813045
    outer loop
      vertex 18.5 43 15.2517
      vertex 18.5479 40 15.286
      vertex 18.5479 43 15.286
    endloop
  endfacet
  facet normal -0.582201 0 0.813045
    outer loop
      vertex 18.5479 40 15.286
      vertex 18.5 43 15.2517
      vertex 18.5 40 15.2517
    endloop
  endfacet
  facet normal 0.986622 -0 0.163022
    outer loop
      vertex 17.1077 40 15.8825
      vertex 17.1173 43 15.8244
      vertex 17.1077 43 15.8825
    endloop
  endfacet
  facet normal 0.986622 0 0.163022
    outer loop
      vertex 17.1173 43 15.8244
      vertex 17.1077 40 15.8825
      vertex 17.1173 40 15.8244
    endloop
  endfacet
  facet normal 0.0984948 0 0.995138
    outer loop
      vertex 17.8825 43 15.1077
      vertex 17.9411 40 15.1019
      vertex 17.9411 43 15.1019
    endloop
  endfacet
  facet normal 0.0984948 0 0.995138
    outer loop
      vertex 17.9411 40 15.1019
      vertex 17.8825 43 15.1077
      vertex 17.8825 40 15.1077
    endloop
  endfacet
  facet normal -0.163022 0 -0.986622
    outer loop
      vertex 18.1175 40 16.8923
      vertex 18.1756 43 16.8827
      vertex 18.1756 40 16.8827
    endloop
  endfacet
  facet normal -0.163022 0 -0.986622
    outer loop
      vertex 18.1756 43 16.8827
      vertex 18.1175 40 16.8923
      vertex 18.1175 43 16.8923
    endloop
  endfacet
  facet normal -0.290149 0 -0.956982
    outer loop
      vertex 18.2329 40 16.8693
      vertex 18.2893 43 16.8522
      vertex 18.2893 40 16.8522
    endloop
  endfacet
  facet normal -0.290149 0 -0.956982
    outer loop
      vertex 18.2893 43 16.8522
      vertex 18.2329 40 16.8693
      vertex 18.2329 43 16.8693
    endloop
  endfacet
  facet normal -0.729643 0 -0.683828
    outer loop
      vertex 18.6767 40 16.5934
      vertex 18.6364 43 16.6364
      vertex 18.6767 43 16.5934
    endloop
  endfacet
  facet normal -0.729643 -0 -0.683828
    outer loop
      vertex 18.6364 43 16.6364
      vertex 18.6767 40 16.5934
      vertex 18.6364 40 16.6364
    endloop
  endfacet
  facet normal -0.472174 0 -0.881505
    outer loop
      vertex 18.3981 40 16.8072
      vertex 18.45 43 16.7794
      vertex 18.45 40 16.7794
    endloop
  endfacet
  facet normal -0.472174 0 -0.881505
    outer loop
      vertex 18.45 43 16.7794
      vertex 18.3981 40 16.8072
      vertex 18.3981 43 16.8072
    endloop
  endfacet
  facet normal -0.849141 0 -0.528166
    outer loop
      vertex 18.7794 40 16.45
      vertex 18.7483 43 16.5
      vertex 18.7794 43 16.45
    endloop
  endfacet
  facet normal -0.849141 -0 -0.528166
    outer loop
      vertex 18.7483 43 16.5
      vertex 18.7794 40 16.45
      vertex 18.7483 40 16.5
    endloop
  endfacet
  facet normal -0.995138 0 -0.0984948
    outer loop
      vertex 18.8981 40 16.0589
      vertex 18.8923 43 16.1175
      vertex 18.8981 43 16.0589
    endloop
  endfacet
  facet normal -0.995138 -0 -0.0984948
    outer loop
      vertex 18.8923 43 16.1175
      vertex 18.8981 40 16.0589
      vertex 18.8923 40 16.1175
    endloop
  endfacet
  facet normal -0.973728 0 -0.227713
    outer loop
      vertex 18.8827 40 16.1756
      vertex 18.8693 43 16.2329
      vertex 18.8827 43 16.1756
    endloop
  endfacet
  facet normal -0.973728 -0 -0.227713
    outer loop
      vertex 18.8693 43 16.2329
      vertex 18.8827 40 16.1756
      vertex 18.8693 40 16.2329
    endloop
  endfacet
  facet normal 0.633978 0 -0.773351
    outer loop
      vertex 17.4066 40 16.6767
      vertex 17.4521 43 16.714
      vertex 17.4521 40 16.714
    endloop
  endfacet
  facet normal 0.633978 0 -0.773351
    outer loop
      vertex 17.4521 43 16.714
      vertex 17.4066 40 16.6767
      vertex 17.4066 43 16.6767
    endloop
  endfacet
  facet normal 0.227713 0 -0.973728
    outer loop
      vertex 17.7671 40 16.8693
      vertex 17.8244 43 16.8827
      vertex 17.8244 40 16.8827
    endloop
  endfacet
  facet normal 0.227713 0 -0.973728
    outer loop
      vertex 17.8244 43 16.8827
      vertex 17.7671 40 16.8693
      vertex 17.7671 43 16.8693
    endloop
  endfacet
  facet normal 0.729643 0 -0.683828
    outer loop
      vertex 17.3636 40 16.6364
      vertex 17.3233 43 16.5934
      vertex 17.3636 43 16.6364
    endloop
  endfacet
  facet normal 0.729643 0 -0.683828
    outer loop
      vertex 17.3233 43 16.5934
      vertex 17.3636 40 16.6364
      vertex 17.3233 40 16.5934
    endloop
  endfacet
  facet normal 0.956982 0 -0.290149
    outer loop
      vertex 17.1478 40 16.2893
      vertex 17.1307 43 16.2329
      vertex 17.1478 43 16.2893
    endloop
  endfacet
  facet normal 0.956982 0 -0.290149
    outer loop
      vertex 17.1307 43 16.2329
      vertex 17.1478 40 16.2893
      vertex 17.1307 40 16.2329
    endloop
  endfacet
  facet normal 0.986622 0 -0.163022
    outer loop
      vertex 17.1173 40 16.1756
      vertex 17.1077 43 16.1175
      vertex 17.1173 43 16.1756
    endloop
  endfacet
  facet normal 0.986622 0 -0.163022
    outer loop
      vertex 17.1077 43 16.1175
      vertex 17.1173 40 16.1756
      vertex 17.1077 40 16.1175
    endloop
  endfacet
  facet normal -0.99948 0 -0.0322413
    outer loop
      vertex 18.9 40 16
      vertex 18.8981 43 16.0589
      vertex 18.9 43 16
    endloop
  endfacet
  facet normal -0.99948 -0 -0.0322413
    outer loop
      vertex 18.8981 43 16.0589
      vertex 18.9 40 16
      vertex 18.8981 40 16.0589
    endloop
  endfacet
  facet normal -0.633978 0 0.773351
    outer loop
      vertex 46.5479 43 15.286
      vertex 46.5934 40 15.3233
      vertex 46.5934 43 15.3233
    endloop
  endfacet
  facet normal -0.633978 0 0.773351
    outer loop
      vertex 46.5934 40 15.3233
      vertex 46.5479 43 15.286
      vertex 46.5479 40 15.286
    endloop
  endfacet
  facet normal 0.351682 0 0.93612
    outer loop
      vertex 45.6556 43 15.1685
      vertex 45.7107 40 15.1478
      vertex 45.7107 43 15.1478
    endloop
  endfacet
  facet normal 0.351682 0 0.93612
    outer loop
      vertex 45.7107 40 15.1478
      vertex 45.6556 43 15.1685
      vertex 45.6556 40 15.1685
    endloop
  endfacet
  facet normal 0.911062 -0 0.412268
    outer loop
      vertex 45.1685 40 15.6556
      vertex 45.1928 43 15.6019
      vertex 45.1685 43 15.6556
    endloop
  endfacet
  facet normal 0.911062 0 0.412268
    outer loop
      vertex 45.1928 43 15.6019
      vertex 45.1685 40 15.6556
      vertex 45.1928 40 15.6019
    endloop
  endfacet
  facet normal -0.911062 0 0.412268
    outer loop
      vertex 46.8072 40 15.6019
      vertex 46.8315 43 15.6556
      vertex 46.8072 43 15.6019
    endloop
  endfacet
  facet normal -0.911062 0 0.412268
    outer loop
      vertex 46.8315 43 15.6556
      vertex 46.8072 40 15.6019
      vertex 46.8315 40 15.6556
    endloop
  endfacet
  facet normal -0.881505 0 0.472174
    outer loop
      vertex 46.7794 40 15.55
      vertex 46.8072 43 15.6019
      vertex 46.7794 43 15.55
    endloop
  endfacet
  facet normal -0.881505 0 0.472174
    outer loop
      vertex 46.8072 43 15.6019
      vertex 46.7794 40 15.55
      vertex 46.8072 40 15.6019
    endloop
  endfacet
  facet normal -0.412268 0 0.911062
    outer loop
      vertex 46.3444 43 15.1685
      vertex 46.3981 40 15.1928
      vertex 46.3981 43 15.1928
    endloop
  endfacet
  facet normal -0.412268 0 0.911062
    outer loop
      vertex 46.3981 40 15.1928
      vertex 46.3444 43 15.1685
      vertex 46.3444 40 15.1685
    endloop
  endfacet
  facet normal 0.163022 0 0.986622
    outer loop
      vertex 45.8244 43 15.1173
      vertex 45.8825 40 15.1077
      vertex 45.8825 43 15.1077
    endloop
  endfacet
  facet normal 0.163022 0 0.986622
    outer loop
      vertex 45.8825 40 15.1077
      vertex 45.8244 43 15.1173
      vertex 45.8244 40 15.1173
    endloop
  endfacet
  facet normal 0.683828 0 -0.729643
    outer loop
      vertex 45.3636 40 16.6364
      vertex 45.4066 43 16.6767
      vertex 45.4066 40 16.6767
    endloop
  endfacet
  facet normal 0.683828 0 -0.729643
    outer loop
      vertex 45.4066 43 16.6767
      vertex 45.3636 40 16.6364
      vertex 45.3636 43 16.6364
    endloop
  endfacet
  facet normal 0.813045 0 -0.582201
    outer loop
      vertex 45.286 40 16.5479
      vertex 45.2517 43 16.5
      vertex 45.286 43 16.5479
    endloop
  endfacet
  facet normal 0.813045 0 -0.582201
    outer loop
      vertex 45.2517 43 16.5
      vertex 45.286 40 16.5479
      vertex 45.2517 40 16.5
    endloop
  endfacet
  facet normal -0.986622 0 0.163022
    outer loop
      vertex 46.8827 40 15.8244
      vertex 46.8923 43 15.8825
      vertex 46.8827 43 15.8244
    endloop
  endfacet
  facet normal -0.986622 0 0.163022
    outer loop
      vertex 46.8923 43 15.8825
      vertex 46.8827 40 15.8244
      vertex 46.8923 40 15.8825
    endloop
  endfacet
  facet normal -0.973728 0 0.227713
    outer loop
      vertex 46.8693 40 15.7671
      vertex 46.8827 43 15.8244
      vertex 46.8693 43 15.7671
    endloop
  endfacet
  facet normal -0.973728 0 0.227713
    outer loop
      vertex 46.8827 43 15.8244
      vertex 46.8693 40 15.7671
      vertex 46.8827 40 15.8244
    endloop
  endfacet
  facet normal -0.773351 0 0.633978
    outer loop
      vertex 46.6767 40 15.4066
      vertex 46.714 43 15.4521
      vertex 46.6767 43 15.4066
    endloop
  endfacet
  facet normal -0.773351 0 0.633978
    outer loop
      vertex 46.714 43 15.4521
      vertex 46.6767 40 15.4066
      vertex 46.714 40 15.4521
    endloop
  endfacet
  facet normal -0.813045 0 0.582201
    outer loop
      vertex 46.714 40 15.4521
      vertex 46.7483 43 15.5
      vertex 46.714 43 15.4521
    endloop
  endfacet
  facet normal -0.813045 0 0.582201
    outer loop
      vertex 46.7483 43 15.5
      vertex 46.714 40 15.4521
      vertex 46.7483 40 15.5
    endloop
  endfacet
  facet normal -0.729643 0 0.683828
    outer loop
      vertex 46.6364 40 15.3636
      vertex 46.6767 43 15.4066
      vertex 46.6364 43 15.3636
    endloop
  endfacet
  facet normal -0.729643 0 0.683828
    outer loop
      vertex 46.6767 43 15.4066
      vertex 46.6364 40 15.3636
      vertex 46.6767 40 15.4066
    endloop
  endfacet
  facet normal -0.582201 0 0.813045
    outer loop
      vertex 46.5 43 15.2517
      vertex 46.5479 40 15.286
      vertex 46.5479 43 15.286
    endloop
  endfacet
  facet normal -0.582201 0 0.813045
    outer loop
      vertex 46.5479 40 15.286
      vertex 46.5 43 15.2517
      vertex 46.5 40 15.2517
    endloop
  endfacet
  facet normal -0.0322413 0 0.99948
    outer loop
      vertex 46 43 15.1
      vertex 46.0589 40 15.1019
      vertex 46.0589 43 15.1019
    endloop
  endfacet
  facet normal -0.0322413 0 0.99948
    outer loop
      vertex 46.0589 40 15.1019
      vertex 46 43 15.1
      vertex 46 40 15.1
    endloop
  endfacet
  facet normal -0.472174 0 0.881505
    outer loop
      vertex 46.3981 43 15.1928
      vertex 46.45 40 15.2206
      vertex 46.45 43 15.2206
    endloop
  endfacet
  facet normal -0.472174 0 0.881505
    outer loop
      vertex 46.45 40 15.2206
      vertex 46.3981 43 15.1928
      vertex 46.3981 40 15.1928
    endloop
  endfacet
  facet normal -0.0984948 0 0.995138
    outer loop
      vertex 46.0589 43 15.1019
      vertex 46.1175 40 15.1077
      vertex 46.1175 43 15.1077
    endloop
  endfacet
  facet normal -0.0984948 0 0.995138
    outer loop
      vertex 46.1175 40 15.1077
      vertex 46.0589 43 15.1019
      vertex 46.0589 40 15.1019
    endloop
  endfacet
  facet normal -0.351682 0 0.93612
    outer loop
      vertex 46.2893 43 15.1478
      vertex 46.3444 40 15.1685
      vertex 46.3444 43 15.1685
    endloop
  endfacet
  facet normal -0.351682 0 0.93612
    outer loop
      vertex 46.3444 40 15.1685
      vertex 46.2893 43 15.1478
      vertex 46.2893 40 15.1478
    endloop
  endfacet
  facet normal -0.290149 0 0.956982
    outer loop
      vertex 46.2329 43 15.1307
      vertex 46.2893 40 15.1478
      vertex 46.2893 43 15.1478
    endloop
  endfacet
  facet normal -0.290149 0 0.956982
    outer loop
      vertex 46.2893 40 15.1478
      vertex 46.2329 43 15.1307
      vertex 46.2329 40 15.1307
    endloop
  endfacet
  facet normal 0.99948 -0 0.0322413
    outer loop
      vertex 45.1 40 16
      vertex 45.1019 43 15.9411
      vertex 45.1 43 16
    endloop
  endfacet
  facet normal 0.99948 0 0.0322413
    outer loop
      vertex 45.1019 43 15.9411
      vertex 45.1 40 16
      vertex 45.1019 40 15.9411
    endloop
  endfacet
  facet normal 0.995138 -0 0.0984948
    outer loop
      vertex 45.1019 40 15.9411
      vertex 45.1077 43 15.8825
      vertex 45.1019 43 15.9411
    endloop
  endfacet
  facet normal 0.995138 0 0.0984948
    outer loop
      vertex 45.1077 43 15.8825
      vertex 45.1019 40 15.9411
      vertex 45.1077 40 15.8825
    endloop
  endfacet
  facet normal 0.93612 -0 0.351682
    outer loop
      vertex 45.1478 40 15.7107
      vertex 45.1685 43 15.6556
      vertex 45.1478 43 15.7107
    endloop
  endfacet
  facet normal 0.93612 0 0.351682
    outer loop
      vertex 45.1685 43 15.6556
      vertex 45.1478 40 15.7107
      vertex 45.1685 40 15.6556
    endloop
  endfacet
  facet normal 0.956982 -0 0.290149
    outer loop
      vertex 45.1307 40 15.7671
      vertex 45.1478 43 15.7107
      vertex 45.1307 43 15.7671
    endloop
  endfacet
  facet normal 0.956982 0 0.290149
    outer loop
      vertex 45.1478 43 15.7107
      vertex 45.1307 40 15.7671
      vertex 45.1478 40 15.7107
    endloop
  endfacet
  facet normal 0.849141 -0 0.528166
    outer loop
      vertex 45.2206 40 15.55
      vertex 45.2517 43 15.5
      vertex 45.2206 43 15.55
    endloop
  endfacet
  facet normal 0.849141 0 0.528166
    outer loop
      vertex 45.2517 43 15.5
      vertex 45.2206 40 15.55
      vertex 45.2517 40 15.5
    endloop
  endfacet
  facet normal 0.813045 -0 0.582201
    outer loop
      vertex 45.2517 40 15.5
      vertex 45.286 43 15.4521
      vertex 45.2517 43 15.5
    endloop
  endfacet
  facet normal 0.813045 0 0.582201
    outer loop
      vertex 45.286 43 15.4521
      vertex 45.2517 40 15.5
      vertex 45.286 40 15.4521
    endloop
  endfacet
  facet normal 0.773351 -0 0.633978
    outer loop
      vertex 45.286 40 15.4521
      vertex 45.3233 43 15.4066
      vertex 45.286 43 15.4521
    endloop
  endfacet
  facet normal 0.773351 0 0.633978
    outer loop
      vertex 45.3233 43 15.4066
      vertex 45.286 40 15.4521
      vertex 45.3233 40 15.4066
    endloop
  endfacet
  facet normal 0.290149 0 0.956982
    outer loop
      vertex 45.7107 43 15.1478
      vertex 45.7671 40 15.1307
      vertex 45.7671 43 15.1307
    endloop
  endfacet
  facet normal 0.290149 0 0.956982
    outer loop
      vertex 45.7671 40 15.1307
      vertex 45.7107 43 15.1478
      vertex 45.7107 40 15.1478
    endloop
  endfacet
  facet normal 0.0322413 0 0.99948
    outer loop
      vertex 45.9411 43 15.1019
      vertex 46 40 15.1
      vertex 46 43 15.1
    endloop
  endfacet
  facet normal 0.0322413 0 0.99948
    outer loop
      vertex 46 40 15.1
      vertex 45.9411 43 15.1019
      vertex 45.9411 40 15.1019
    endloop
  endfacet
  facet normal 0.528166 0 0.849141
    outer loop
      vertex 45.5 43 15.2517
      vertex 45.55 40 15.2206
      vertex 45.55 43 15.2206
    endloop
  endfacet
  facet normal 0.528166 0 0.849141
    outer loop
      vertex 45.55 40 15.2206
      vertex 45.5 43 15.2517
      vertex 45.5 40 15.2517
    endloop
  endfacet
  facet normal 0.582201 0 0.813045
    outer loop
      vertex 45.4521 43 15.286
      vertex 45.5 40 15.2517
      vertex 45.5 43 15.2517
    endloop
  endfacet
  facet normal 0.582201 0 0.813045
    outer loop
      vertex 45.5 40 15.2517
      vertex 45.4521 43 15.286
      vertex 45.4521 40 15.286
    endloop
  endfacet
  facet normal 0.412268 0 0.911062
    outer loop
      vertex 45.6019 43 15.1928
      vertex 45.6556 40 15.1685
      vertex 45.6556 43 15.1685
    endloop
  endfacet
  facet normal 0.412268 0 0.911062
    outer loop
      vertex 45.6556 40 15.1685
      vertex 45.6019 43 15.1928
      vertex 45.6019 40 15.1928
    endloop
  endfacet
  facet normal 0.633978 0 0.773351
    outer loop
      vertex 45.4066 43 15.3233
      vertex 45.4521 40 15.286
      vertex 45.4521 43 15.286
    endloop
  endfacet
  facet normal 0.633978 0 0.773351
    outer loop
      vertex 45.4521 40 15.286
      vertex 45.4066 43 15.3233
      vertex 45.4066 40 15.3233
    endloop
  endfacet
  facet normal -0.99948 0 0.0322413
    outer loop
      vertex 46.8981 40 15.9411
      vertex 46.9 43 16
      vertex 46.8981 43 15.9411
    endloop
  endfacet
  facet normal -0.99948 0 0.0322413
    outer loop
      vertex 46.9 43 16
      vertex 46.8981 40 15.9411
      vertex 46.9 40 16
    endloop
  endfacet
  facet normal -0.0322413 0 -0.99948
    outer loop
      vertex 46 40 16.9
      vertex 46.0589 43 16.8981
      vertex 46.0589 40 16.8981
    endloop
  endfacet
  facet normal -0.0322413 0 -0.99948
    outer loop
      vertex 46.0589 43 16.8981
      vertex 46 40 16.9
      vertex 46 43 16.9
    endloop
  endfacet
  facet normal -0.973728 0 -0.227713
    outer loop
      vertex 46.8827 40 16.1756
      vertex 46.8693 43 16.2329
      vertex 46.8827 43 16.1756
    endloop
  endfacet
  facet normal -0.973728 -0 -0.227713
    outer loop
      vertex 46.8693 43 16.2329
      vertex 46.8827 40 16.1756
      vertex 46.8693 40 16.2329
    endloop
  endfacet
  facet normal -0.773351 0 -0.633978
    outer loop
      vertex 46.714 40 16.5479
      vertex 46.6767 43 16.5934
      vertex 46.714 43 16.5479
    endloop
  endfacet
  facet normal -0.773351 -0 -0.633978
    outer loop
      vertex 46.6767 43 16.5934
      vertex 46.714 40 16.5479
      vertex 46.6767 40 16.5934
    endloop
  endfacet
  facet normal -0.911062 0 -0.412268
    outer loop
      vertex 46.8315 40 16.3444
      vertex 46.8072 43 16.3981
      vertex 46.8315 43 16.3444
    endloop
  endfacet
  facet normal -0.911062 -0 -0.412268
    outer loop
      vertex 46.8072 43 16.3981
      vertex 46.8315 40 16.3444
      vertex 46.8072 40 16.3981
    endloop
  endfacet
  facet normal -0.0984948 0 -0.995138
    outer loop
      vertex 46.0589 40 16.8981
      vertex 46.1175 43 16.8923
      vertex 46.1175 40 16.8923
    endloop
  endfacet
  facet normal -0.0984948 0 -0.995138
    outer loop
      vertex 46.1175 43 16.8923
      vertex 46.0589 40 16.8981
      vertex 46.0589 43 16.8981
    endloop
  endfacet
  facet normal -0.633978 0 -0.773351
    outer loop
      vertex 46.5479 40 16.714
      vertex 46.5934 43 16.6767
      vertex 46.5934 40 16.6767
    endloop
  endfacet
  facet normal -0.633978 0 -0.773351
    outer loop
      vertex 46.5934 43 16.6767
      vertex 46.5479 40 16.714
      vertex 46.5479 43 16.714
    endloop
  endfacet
  facet normal -0.729643 0 -0.683828
    outer loop
      vertex 46.6767 40 16.5934
      vertex 46.6364 43 16.6364
      vertex 46.6767 43 16.5934
    endloop
  endfacet
  facet normal -0.729643 -0 -0.683828
    outer loop
      vertex 46.6364 43 16.6364
      vertex 46.6767 40 16.5934
      vertex 46.6364 40 16.6364
    endloop
  endfacet
  facet normal -0.582201 0 -0.813045
    outer loop
      vertex 46.5 40 16.7483
      vertex 46.5479 43 16.714
      vertex 46.5479 40 16.714
    endloop
  endfacet
  facet normal -0.582201 0 -0.813045
    outer loop
      vertex 46.5479 43 16.714
      vertex 46.5 40 16.7483
      vertex 46.5 43 16.7483
    endloop
  endfacet
  facet normal 0.351682 0 -0.93612
    outer loop
      vertex 45.6556 40 16.8315
      vertex 45.7107 43 16.8522
      vertex 45.7107 40 16.8522
    endloop
  endfacet
  facet normal 0.351682 0 -0.93612
    outer loop
      vertex 45.7107 43 16.8522
      vertex 45.6556 40 16.8315
      vertex 45.6556 43 16.8315
    endloop
  endfacet
  facet normal 0.290149 0 -0.956982
    outer loop
      vertex 45.7107 40 16.8522
      vertex 45.7671 43 16.8693
      vertex 45.7671 40 16.8693
    endloop
  endfacet
  facet normal 0.290149 0 -0.956982
    outer loop
      vertex 45.7671 43 16.8693
      vertex 45.7107 40 16.8522
      vertex 45.7107 43 16.8522
    endloop
  endfacet
  facet normal 0.528166 0 -0.849141
    outer loop
      vertex 45.5 40 16.7483
      vertex 45.55 43 16.7794
      vertex 45.55 40 16.7794
    endloop
  endfacet
  facet normal 0.528166 0 -0.849141
    outer loop
      vertex 45.55 43 16.7794
      vertex 45.5 40 16.7483
      vertex 45.5 43 16.7483
    endloop
  endfacet
  facet normal 0.412268 0 -0.911062
    outer loop
      vertex 45.6019 40 16.8072
      vertex 45.6556 43 16.8315
      vertex 45.6556 40 16.8315
    endloop
  endfacet
  facet normal 0.412268 0 -0.911062
    outer loop
      vertex 45.6556 43 16.8315
      vertex 45.6019 40 16.8072
      vertex 45.6019 43 16.8072
    endloop
  endfacet
  facet normal 0.986622 0 -0.163022
    outer loop
      vertex 45.1173 40 16.1756
      vertex 45.1077 43 16.1175
      vertex 45.1173 43 16.1756
    endloop
  endfacet
  facet normal 0.986622 0 -0.163022
    outer loop
      vertex 45.1077 43 16.1175
      vertex 45.1173 40 16.1756
      vertex 45.1077 40 16.1175
    endloop
  endfacet
  facet normal 0.99948 0 -0.0322413
    outer loop
      vertex 45.1019 40 16.0589
      vertex 45.1 43 16
      vertex 45.1019 43 16.0589
    endloop
  endfacet
  facet normal 0.99948 0 -0.0322413
    outer loop
      vertex 45.1 43 16
      vertex 45.1019 40 16.0589
      vertex 45.1 40 16
    endloop
  endfacet
  facet normal 0.729643 0 -0.683828
    outer loop
      vertex 45.3636 40 16.6364
      vertex 45.3233 43 16.5934
      vertex 45.3636 43 16.6364
    endloop
  endfacet
  facet normal 0.729643 0 -0.683828
    outer loop
      vertex 45.3233 43 16.5934
      vertex 45.3636 40 16.6364
      vertex 45.3233 40 16.5934
    endloop
  endfacet
  facet normal -0.995138 0 0.0984948
    outer loop
      vertex 46.8923 40 15.8825
      vertex 46.8981 43 15.9411
      vertex 46.8923 43 15.8825
    endloop
  endfacet
  facet normal -0.995138 0 0.0984948
    outer loop
      vertex 46.8981 43 15.9411
      vertex 46.8923 40 15.8825
      vertex 46.8981 40 15.9411
    endloop
  endfacet
  facet normal -0.956982 0 0.290149
    outer loop
      vertex 46.8522 40 15.7107
      vertex 46.8693 43 15.7671
      vertex 46.8522 43 15.7107
    endloop
  endfacet
  facet normal -0.956982 0 0.290149
    outer loop
      vertex 46.8693 43 15.7671
      vertex 46.8522 40 15.7107
      vertex 46.8693 40 15.7671
    endloop
  endfacet
  facet normal -0.93612 0 0.351682
    outer loop
      vertex 46.8315 40 15.6556
      vertex 46.8522 43 15.7107
      vertex 46.8315 43 15.6556
    endloop
  endfacet
  facet normal -0.93612 0 0.351682
    outer loop
      vertex 46.8522 43 15.7107
      vertex 46.8315 40 15.6556
      vertex 46.8522 40 15.7107
    endloop
  endfacet
  facet normal -0.849141 0 0.528166
    outer loop
      vertex 46.7483 40 15.5
      vertex 46.7794 43 15.55
      vertex 46.7483 43 15.5
    endloop
  endfacet
  facet normal -0.849141 0 0.528166
    outer loop
      vertex 46.7794 43 15.55
      vertex 46.7483 40 15.5
      vertex 46.7794 40 15.55
    endloop
  endfacet
  facet normal -0.683828 0 0.729643
    outer loop
      vertex 46.5934 43 15.3233
      vertex 46.6364 40 15.3636
      vertex 46.6364 43 15.3636
    endloop
  endfacet
  facet normal -0.683828 0 0.729643
    outer loop
      vertex 46.6364 40 15.3636
      vertex 46.5934 43 15.3233
      vertex 46.5934 40 15.3233
    endloop
  endfacet
  facet normal -0.528166 0 0.849141
    outer loop
      vertex 46.45 43 15.2206
      vertex 46.5 40 15.2517
      vertex 46.5 43 15.2517
    endloop
  endfacet
  facet normal -0.528166 0 0.849141
    outer loop
      vertex 46.5 40 15.2517
      vertex 46.45 43 15.2206
      vertex 46.45 40 15.2206
    endloop
  endfacet
  facet normal -0.163022 0 0.986622
    outer loop
      vertex 46.1175 43 15.1077
      vertex 46.1756 40 15.1173
      vertex 46.1756 43 15.1173
    endloop
  endfacet
  facet normal -0.163022 0 0.986622
    outer loop
      vertex 46.1756 40 15.1173
      vertex 46.1175 43 15.1077
      vertex 46.1175 40 15.1077
    endloop
  endfacet
  facet normal -0.227713 0 0.973728
    outer loop
      vertex 46.1756 43 15.1173
      vertex 46.2329 40 15.1307
      vertex 46.2329 43 15.1307
    endloop
  endfacet
  facet normal -0.227713 0 0.973728
    outer loop
      vertex 46.2329 40 15.1307
      vertex 46.1756 43 15.1173
      vertex 46.1756 40 15.1173
    endloop
  endfacet
  facet normal 0.986622 -0 0.163022
    outer loop
      vertex 45.1077 40 15.8825
      vertex 45.1173 43 15.8244
      vertex 45.1077 43 15.8825
    endloop
  endfacet
  facet normal 0.986622 0 0.163022
    outer loop
      vertex 45.1173 43 15.8244
      vertex 45.1077 40 15.8825
      vertex 45.1173 40 15.8244
    endloop
  endfacet
  facet normal 0.973728 -0 0.227713
    outer loop
      vertex 45.1173 40 15.8244
      vertex 45.1307 43 15.7671
      vertex 45.1173 43 15.8244
    endloop
  endfacet
  facet normal 0.973728 0 0.227713
    outer loop
      vertex 45.1307 43 15.7671
      vertex 45.1173 40 15.8244
      vertex 45.1307 40 15.7671
    endloop
  endfacet
  facet normal 0.881505 -0 0.472174
    outer loop
      vertex 45.1928 40 15.6019
      vertex 45.2206 43 15.55
      vertex 45.1928 43 15.6019
    endloop
  endfacet
  facet normal 0.881505 0 0.472174
    outer loop
      vertex 45.2206 43 15.55
      vertex 45.1928 40 15.6019
      vertex 45.2206 40 15.55
    endloop
  endfacet
  facet normal 0.227713 0 0.973728
    outer loop
      vertex 45.7671 43 15.1307
      vertex 45.8244 40 15.1173
      vertex 45.8244 43 15.1173
    endloop
  endfacet
  facet normal 0.227713 0 0.973728
    outer loop
      vertex 45.8244 40 15.1173
      vertex 45.7671 43 15.1307
      vertex 45.7671 40 15.1307
    endloop
  endfacet
  facet normal 0.0984948 0 0.995138
    outer loop
      vertex 45.8825 43 15.1077
      vertex 45.9411 40 15.1019
      vertex 45.9411 43 15.1019
    endloop
  endfacet
  facet normal 0.0984948 0 0.995138
    outer loop
      vertex 45.9411 40 15.1019
      vertex 45.8825 43 15.1077
      vertex 45.8825 40 15.1077
    endloop
  endfacet
  facet normal 0.472174 0 0.881505
    outer loop
      vertex 45.55 43 15.2206
      vertex 45.6019 40 15.1928
      vertex 45.6019 43 15.1928
    endloop
  endfacet
  facet normal 0.472174 0 0.881505
    outer loop
      vertex 45.6019 40 15.1928
      vertex 45.55 43 15.2206
      vertex 45.55 40 15.2206
    endloop
  endfacet
  facet normal 0.683828 0 0.729643
    outer loop
      vertex 45.3636 43 15.3636
      vertex 45.4066 40 15.3233
      vertex 45.4066 43 15.3233
    endloop
  endfacet
  facet normal 0.683828 0 0.729643
    outer loop
      vertex 45.4066 40 15.3233
      vertex 45.3636 43 15.3636
      vertex 45.3636 40 15.3636
    endloop
  endfacet
  facet normal -0.99948 0 -0.0322413
    outer loop
      vertex 46.9 40 16
      vertex 46.8981 43 16.0589
      vertex 46.9 43 16
    endloop
  endfacet
  facet normal -0.99948 -0 -0.0322413
    outer loop
      vertex 46.8981 43 16.0589
      vertex 46.9 40 16
      vertex 46.8981 40 16.0589
    endloop
  endfacet
  facet normal -0.986622 0 -0.163022
    outer loop
      vertex 46.8923 40 16.1175
      vertex 46.8827 43 16.1756
      vertex 46.8923 43 16.1175
    endloop
  endfacet
  facet normal -0.986622 -0 -0.163022
    outer loop
      vertex 46.8827 43 16.1756
      vertex 46.8923 40 16.1175
      vertex 46.8827 40 16.1756
    endloop
  endfacet
  facet normal -0.881505 0 -0.472174
    outer loop
      vertex 46.8072 40 16.3981
      vertex 46.7794 43 16.45
      vertex 46.8072 43 16.3981
    endloop
  endfacet
  facet normal -0.881505 -0 -0.472174
    outer loop
      vertex 46.7794 43 16.45
      vertex 46.8072 40 16.3981
      vertex 46.7794 40 16.45
    endloop
  endfacet
  facet normal -0.227713 0 -0.973728
    outer loop
      vertex 46.1756 40 16.8827
      vertex 46.2329 43 16.8693
      vertex 46.2329 40 16.8693
    endloop
  endfacet
  facet normal -0.227713 0 -0.973728
    outer loop
      vertex 46.2329 43 16.8693
      vertex 46.1756 40 16.8827
      vertex 46.1756 43 16.8827
    endloop
  endfacet
  facet normal -0.351682 0 -0.93612
    outer loop
      vertex 46.2893 40 16.8522
      vertex 46.3444 43 16.8315
      vertex 46.3444 40 16.8315
    endloop
  endfacet
  facet normal -0.351682 0 -0.93612
    outer loop
      vertex 46.3444 43 16.8315
      vertex 46.2893 40 16.8522
      vertex 46.2893 43 16.8522
    endloop
  endfacet
  facet normal -0.683828 0 -0.729643
    outer loop
      vertex 46.5934 40 16.6767
      vertex 46.6364 43 16.6364
      vertex 46.6364 40 16.6364
    endloop
  endfacet
  facet normal -0.683828 0 -0.729643
    outer loop
      vertex 46.6364 43 16.6364
      vertex 46.5934 40 16.6767
      vertex 46.5934 43 16.6767
    endloop
  endfacet
  facet normal -0.412268 0 -0.911062
    outer loop
      vertex 46.3444 40 16.8315
      vertex 46.3981 43 16.8072
      vertex 46.3981 40 16.8072
    endloop
  endfacet
  facet normal -0.412268 0 -0.911062
    outer loop
      vertex 46.3981 43 16.8072
      vertex 46.3444 40 16.8315
      vertex 46.3444 43 16.8315
    endloop
  endfacet
  facet normal -0.528166 0 -0.849141
    outer loop
      vertex 46.45 40 16.7794
      vertex 46.5 43 16.7483
      vertex 46.5 40 16.7483
    endloop
  endfacet
  facet normal -0.528166 0 -0.849141
    outer loop
      vertex 46.5 43 16.7483
      vertex 46.45 40 16.7794
      vertex 46.45 43 16.7794
    endloop
  endfacet
  facet normal 0.0322413 0 -0.99948
    outer loop
      vertex 45.9411 40 16.8981
      vertex 46 43 16.9
      vertex 46 40 16.9
    endloop
  endfacet
  facet normal 0.0322413 0 -0.99948
    outer loop
      vertex 46 43 16.9
      vertex 45.9411 40 16.8981
      vertex 45.9411 43 16.8981
    endloop
  endfacet
  facet normal 0.163022 0 -0.986622
    outer loop
      vertex 45.8244 40 16.8827
      vertex 45.8825 43 16.8923
      vertex 45.8825 40 16.8923
    endloop
  endfacet
  facet normal 0.163022 0 -0.986622
    outer loop
      vertex 45.8825 43 16.8923
      vertex 45.8244 40 16.8827
      vertex 45.8244 43 16.8827
    endloop
  endfacet
  facet normal 0.0984948 0 -0.995138
    outer loop
      vertex 45.8825 40 16.8923
      vertex 45.9411 43 16.8981
      vertex 45.9411 40 16.8981
    endloop
  endfacet
  facet normal 0.0984948 0 -0.995138
    outer loop
      vertex 45.9411 43 16.8981
      vertex 45.8825 40 16.8923
      vertex 45.8825 43 16.8923
    endloop
  endfacet
  facet normal 0.472174 0 -0.881505
    outer loop
      vertex 45.55 40 16.7794
      vertex 45.6019 43 16.8072
      vertex 45.6019 40 16.8072
    endloop
  endfacet
  facet normal 0.472174 0 -0.881505
    outer loop
      vertex 45.6019 43 16.8072
      vertex 45.55 40 16.7794
      vertex 45.55 43 16.7794
    endloop
  endfacet
  facet normal 0.582201 0 -0.813045
    outer loop
      vertex 45.4521 40 16.714
      vertex 45.5 43 16.7483
      vertex 45.5 40 16.7483
    endloop
  endfacet
  facet normal 0.582201 0 -0.813045
    outer loop
      vertex 45.5 43 16.7483
      vertex 45.4521 40 16.714
      vertex 45.4521 43 16.714
    endloop
  endfacet
  facet normal 0.633978 0 -0.773351
    outer loop
      vertex 45.4066 40 16.6767
      vertex 45.4521 43 16.714
      vertex 45.4521 40 16.714
    endloop
  endfacet
  facet normal 0.633978 0 -0.773351
    outer loop
      vertex 45.4521 43 16.714
      vertex 45.4066 40 16.6767
      vertex 45.4066 43 16.6767
    endloop
  endfacet
  facet normal 0.93612 0 -0.351682
    outer loop
      vertex 45.1685 40 16.3444
      vertex 45.1478 43 16.2893
      vertex 45.1685 43 16.3444
    endloop
  endfacet
  facet normal 0.93612 0 -0.351682
    outer loop
      vertex 45.1478 43 16.2893
      vertex 45.1685 40 16.3444
      vertex 45.1478 40 16.2893
    endloop
  endfacet
  facet normal 0.973728 0 -0.227713
    outer loop
      vertex 45.1307 40 16.2329
      vertex 45.1173 43 16.1756
      vertex 45.1307 43 16.2329
    endloop
  endfacet
  facet normal 0.973728 0 -0.227713
    outer loop
      vertex 45.1173 43 16.1756
      vertex 45.1307 40 16.2329
      vertex 45.1173 40 16.1756
    endloop
  endfacet
  facet normal 0.956982 0 -0.290149
    outer loop
      vertex 45.1478 40 16.2893
      vertex 45.1307 43 16.2329
      vertex 45.1478 43 16.2893
    endloop
  endfacet
  facet normal 0.956982 0 -0.290149
    outer loop
      vertex 45.1307 43 16.2329
      vertex 45.1478 40 16.2893
      vertex 45.1307 40 16.2329
    endloop
  endfacet
  facet normal 0.995138 0 -0.0984948
    outer loop
      vertex 45.1077 40 16.1175
      vertex 45.1019 43 16.0589
      vertex 45.1077 43 16.1175
    endloop
  endfacet
  facet normal 0.995138 0 -0.0984948
    outer loop
      vertex 45.1019 43 16.0589
      vertex 45.1077 40 16.1175
      vertex 45.1019 40 16.0589
    endloop
  endfacet
  facet normal 0.849141 0 -0.528166
    outer loop
      vertex 45.2517 40 16.5
      vertex 45.2206 43 16.45
      vertex 45.2517 43 16.5
    endloop
  endfacet
  facet normal 0.849141 0 -0.528166
    outer loop
      vertex 45.2206 43 16.45
      vertex 45.2517 40 16.5
      vertex 45.2206 40 16.45
    endloop
  endfacet
  facet normal 0.911062 0 -0.412268
    outer loop
      vertex 45.1928 40 16.3981
      vertex 45.1685 43 16.3444
      vertex 45.1928 43 16.3981
    endloop
  endfacet
  facet normal 0.911062 0 -0.412268
    outer loop
      vertex 45.1685 43 16.3444
      vertex 45.1928 40 16.3981
      vertex 45.1685 40 16.3444
    endloop
  endfacet
  facet normal 0.773351 0 -0.633978
    outer loop
      vertex 45.3233 40 16.5934
      vertex 45.286 43 16.5479
      vertex 45.3233 43 16.5934
    endloop
  endfacet
  facet normal 0.773351 0 -0.633978
    outer loop
      vertex 45.286 43 16.5479
      vertex 45.3233 40 16.5934
      vertex 45.286 40 16.5479
    endloop
  endfacet
  facet normal 0.729643 -0 0.683828
    outer loop
      vertex 45.3233 40 15.4066
      vertex 45.3636 43 15.3636
      vertex 45.3233 43 15.4066
    endloop
  endfacet
  facet normal 0.729643 0 0.683828
    outer loop
      vertex 45.3636 43 15.3636
      vertex 45.3233 40 15.4066
      vertex 45.3636 40 15.3636
    endloop
  endfacet
  facet normal -0.995138 0 -0.0984948
    outer loop
      vertex 46.8981 40 16.0589
      vertex 46.8923 43 16.1175
      vertex 46.8981 43 16.0589
    endloop
  endfacet
  facet normal -0.995138 -0 -0.0984948
    outer loop
      vertex 46.8923 43 16.1175
      vertex 46.8981 40 16.0589
      vertex 46.8923 40 16.1175
    endloop
  endfacet
  facet normal -0.956982 0 -0.290149
    outer loop
      vertex 46.8693 40 16.2329
      vertex 46.8522 43 16.2893
      vertex 46.8693 43 16.2329
    endloop
  endfacet
  facet normal -0.956982 -0 -0.290149
    outer loop
      vertex 46.8522 43 16.2893
      vertex 46.8693 40 16.2329
      vertex 46.8522 40 16.2893
    endloop
  endfacet
  facet normal -0.93612 0 -0.351682
    outer loop
      vertex 46.8522 40 16.2893
      vertex 46.8315 43 16.3444
      vertex 46.8522 43 16.2893
    endloop
  endfacet
  facet normal -0.93612 -0 -0.351682
    outer loop
      vertex 46.8315 43 16.3444
      vertex 46.8522 40 16.2893
      vertex 46.8315 40 16.3444
    endloop
  endfacet
  facet normal -0.849141 0 -0.528166
    outer loop
      vertex 46.7794 40 16.45
      vertex 46.7483 43 16.5
      vertex 46.7794 43 16.45
    endloop
  endfacet
  facet normal -0.849141 -0 -0.528166
    outer loop
      vertex 46.7483 43 16.5
      vertex 46.7794 40 16.45
      vertex 46.7483 40 16.5
    endloop
  endfacet
  facet normal -0.163022 0 -0.986622
    outer loop
      vertex 46.1175 40 16.8923
      vertex 46.1756 43 16.8827
      vertex 46.1756 40 16.8827
    endloop
  endfacet
  facet normal -0.163022 0 -0.986622
    outer loop
      vertex 46.1756 43 16.8827
      vertex 46.1175 40 16.8923
      vertex 46.1175 43 16.8923
    endloop
  endfacet
  facet normal -0.290149 0 -0.956982
    outer loop
      vertex 46.2329 40 16.8693
      vertex 46.2893 43 16.8522
      vertex 46.2893 40 16.8522
    endloop
  endfacet
  facet normal -0.290149 0 -0.956982
    outer loop
      vertex 46.2893 43 16.8522
      vertex 46.2329 40 16.8693
      vertex 46.2329 43 16.8693
    endloop
  endfacet
  facet normal -0.472174 0 -0.881505
    outer loop
      vertex 46.3981 40 16.8072
      vertex 46.45 43 16.7794
      vertex 46.45 40 16.7794
    endloop
  endfacet
  facet normal -0.472174 0 -0.881505
    outer loop
      vertex 46.45 43 16.7794
      vertex 46.3981 40 16.8072
      vertex 46.3981 43 16.8072
    endloop
  endfacet
  facet normal 0.227713 0 -0.973728
    outer loop
      vertex 45.7671 40 16.8693
      vertex 45.8244 43 16.8827
      vertex 45.8244 40 16.8827
    endloop
  endfacet
  facet normal 0.227713 0 -0.973728
    outer loop
      vertex 45.8244 43 16.8827
      vertex 45.7671 40 16.8693
      vertex 45.7671 43 16.8693
    endloop
  endfacet
  facet normal 0.881505 0 -0.472174
    outer loop
      vertex 45.2206 40 16.45
      vertex 45.1928 43 16.3981
      vertex 45.2206 43 16.45
    endloop
  endfacet
  facet normal 0.881505 0 -0.472174
    outer loop
      vertex 45.1928 43 16.3981
      vertex 45.2206 40 16.45
      vertex 45.1928 40 16.3981
    endloop
  endfacet
  facet normal -0.813045 0 -0.582201
    outer loop
      vertex 46.7483 40 16.5
      vertex 46.714 43 16.5479
      vertex 46.7483 43 16.5
    endloop
  endfacet
  facet normal -0.813045 -0 -0.582201
    outer loop
      vertex 46.714 43 16.5479
      vertex 46.7483 40 16.5
      vertex 46.714 40 16.5479
    endloop
  endfacet
  facet normal -0.995248 -0.0973735 0
    outer loop
      vertex 15.3471 14.0883 0
      vertex 15.3385 14.1762 5
      vertex 15.3385 14.1762 0
    endloop
  endfacet
  facet normal -0.995248 -0.0973735 0
    outer loop
      vertex 15.3385 14.1762 5
      vertex 15.3471 14.0883 0
      vertex 15.3471 14.0883 5
    endloop
  endfacet
  facet normal 0 -1 0
    outer loop
      vertex 6 15.35 0
      vertex 14 15.35 5
      vertex 6 15.35 5
    endloop
  endfacet
  facet normal 0 -1 -0
    outer loop
      vertex 14 15.35 5
      vertex 6 15.35 0
      vertex 14 15.35 0
    endloop
  endfacet
  facet normal -0.729925 0.683527 0
    outer loop
      vertex 14.9546 13.0454 0
      vertex 15.015 13.1099 5
      vertex 15.015 13.1099 0
    endloop
  endfacet
  facet normal -0.729925 0.683527 0
    outer loop
      vertex 15.015 13.1099 5
      vertex 14.9546 13.0454 0
      vertex 14.9546 13.0454 5
    endloop
  endfacet
  facet normal -0.162931 -0.986637 0
    outer loop
      vertex 14.1762 15.3385 0
      vertex 14.2634 15.3241 5
      vertex 14.1762 15.3385 5
    endloop
  endfacet
  facet normal -0.162931 -0.986637 -0
    outer loop
      vertex 14.2634 15.3241 5
      vertex 14.1762 15.3385 0
      vertex 14.2634 15.3241 0
    endloop
  endfacet
  facet normal 0.729982 -0.683467 0
    outer loop
      vertex 4.98502 14.8901 5
      vertex 5.04541 14.9546 0
      vertex 5.04541 14.9546 5
    endloop
  endfacet
  facet normal 0.729982 -0.683467 0
    outer loop
      vertex 5.04541 14.9546 0
      vertex 4.98502 14.8901 5
      vertex 4.98502 14.8901 0
    endloop
  endfacet
  facet normal 0.0973516 0.99525 -0
    outer loop
      vertex 5.91171 12.6529 0
      vertex 5.82379 12.6615 5
      vertex 5.91171 12.6529 5
    endloop
  endfacet
  facet normal 0.0973516 0.99525 0
    outer loop
      vertex 5.82379 12.6615 5
      vertex 5.91171 12.6529 0
      vertex 5.82379 12.6615 0
    endloop
  endfacet
  facet normal 0 1 -0
    outer loop
      vertex 14 12.65 0
      vertex 6 12.65 5
      vertex 14 12.65 5
    endloop
  endfacet
  facet normal 0 1 0
    outer loop
      vertex 6 12.65 5
      vertex 14 12.65 0
      vertex 6 12.65 0
    endloop
  endfacet
  facet normal -0.957043 0.289945 0
    outer loop
      vertex 15.2784 13.5661 0
      vertex 15.304 13.6506 5
      vertex 15.304 13.6506 0
    endloop
  endfacet
  facet normal -0.957043 0.289945 0
    outer loop
      vertex 15.304 13.6506 5
      vertex 15.2784 13.5661 0
      vertex 15.2784 13.5661 5
    endloop
  endfacet
  facet normal -0.773301 -0.634039 0
    outer loop
      vertex 15.071 14.8218 0
      vertex 15.015 14.8901 5
      vertex 15.015 14.8901 0
    endloop
  endfacet
  facet normal -0.773301 -0.634039 0
    outer loop
      vertex 15.015 14.8901 5
      vertex 15.071 14.8218 0
      vertex 15.071 14.8218 5
    endloop
  endfacet
  facet normal 0.935929 -0.35219 0
    outer loop
      vertex 4.72164 14.4339 5
      vertex 4.75276 14.5166 0
      vertex 4.75276 14.5166 5
    endloop
  endfacet
  facet normal 0.935929 -0.35219 0
    outer loop
      vertex 4.75276 14.5166 0
      vertex 4.72164 14.4339 5
      vertex 4.72164 14.4339 0
    endloop
  endfacet
  facet normal -0.0328249 -0.999461 0
    outer loop
      vertex 14 15.35 0
      vertex 14.0883 15.3471 5
      vertex 14 15.35 5
    endloop
  endfacet
  facet normal -0.0328249 -0.999461 -0
    outer loop
      vertex 14.0883 15.3471 5
      vertex 14 15.35 0
      vertex 14.0883 15.3471 0
    endloop
  endfacet
  facet normal -0.0973735 -0.995248 0
    outer loop
      vertex 14.0883 15.3471 0
      vertex 14.1762 15.3385 5
      vertex 14.0883 15.3471 5
    endloop
  endfacet
  facet normal -0.0973735 -0.995248 -0
    outer loop
      vertex 14.1762 15.3385 5
      vertex 14.0883 15.3471 0
      vertex 14.1762 15.3385 0
    endloop
  endfacet
  facet normal 0.353057 -0.935602 0
    outer loop
      vertex 5.48338 15.2472 0
      vertex 5.56606 15.2784 5
      vertex 5.48338 15.2472 5
    endloop
  endfacet
  facet normal 0.353057 -0.935602 0
    outer loop
      vertex 5.56606 15.2784 5
      vertex 5.48338 15.2472 0
      vertex 5.56606 15.2784 0
    endloop
  endfacet
  facet normal 0.0328286 0.999461 -0
    outer loop
      vertex 6 12.65 0
      vertex 5.91171 12.6529 5
      vertex 6 12.65 5
    endloop
  endfacet
  facet normal 0.0328286 0.999461 0
    outer loop
      vertex 5.91171 12.6529 5
      vertex 6 12.65 0
      vertex 5.91171 12.6529 0
    endloop
  endfacet
  facet normal -0.999461 -0.0328249 0
    outer loop
      vertex 15.35 14 0
      vertex 15.3471 14.0883 5
      vertex 15.3471 14.0883 0
    endloop
  endfacet
  facet normal -0.999461 -0.0328249 0
    outer loop
      vertex 15.3471 14.0883 5
      vertex 15.35 14 0
      vertex 15.35 14 5
    endloop
  endfacet
  facet normal -0.973758 -0.227588 0
    outer loop
      vertex 15.3241 14.2634 0
      vertex 15.304 14.3494 5
      vertex 15.304 14.3494 0
    endloop
  endfacet
  facet normal -0.973758 -0.227588 0
    outer loop
      vertex 15.304 14.3494 5
      vertex 15.3241 14.2634 0
      vertex 15.3241 14.2634 5
    endloop
  endfacet
  facet normal 0.986656 -0.162821 0
    outer loop
      vertex 4.66155 14.1762 5
      vertex 4.67594 14.2634 0
      vertex 4.67594 14.2634 5
    endloop
  endfacet
  facet normal 0.986656 -0.162821 0
    outer loop
      vertex 4.67594 14.2634 0
      vertex 4.66155 14.1762 5
      vertex 4.66155 14.1762 0
    endloop
  endfacet
  facet normal -0.527757 -0.849395 0
    outer loop
      vertex 14.675 15.1691 0
      vertex 14.75 15.1225 5
      vertex 14.675 15.1691 5
    endloop
  endfacet
  facet normal -0.527757 -0.849395 -0
    outer loop
      vertex 14.75 15.1225 5
      vertex 14.675 15.1691 0
      vertex 14.75 15.1225 0
    endloop
  endfacet
  facet normal 0.163004 -0.986625 0
    outer loop
      vertex 5.73663 15.3241 0
      vertex 5.82379 15.3385 5
      vertex 5.73663 15.3241 5
    endloop
  endfacet
  facet normal 0.163004 -0.986625 0
    outer loop
      vertex 5.82379 15.3385 5
      vertex 5.73663 15.3241 0
      vertex 5.82379 15.3385 0
    endloop
  endfacet
  facet normal 0.582789 -0.812623 0
    outer loop
      vertex 5.17817 15.071 0
      vertex 5.24998 15.1225 5
      vertex 5.17817 15.071 5
    endloop
  endfacet
  facet normal 0.582789 -0.812623 0
    outer loop
      vertex 5.24998 15.1225 5
      vertex 5.17817 15.071 0
      vertex 5.24998 15.1225 0
    endloop
  endfacet
  facet normal 0.634094 -0.773256 0
    outer loop
      vertex 5.10988 15.015 0
      vertex 5.17817 15.071 5
      vertex 5.10988 15.015 5
    endloop
  endfacet
  facet normal 0.634094 -0.773256 0
    outer loop
      vertex 5.17817 15.071 5
      vertex 5.10988 15.015 0
      vertex 5.17817 15.071 0
    endloop
  endfacet
  facet normal 0.812853 -0.582469 0
    outer loop
      vertex 4.87752 14.75 5
      vertex 4.92897 14.8218 0
      vertex 4.92897 14.8218 5
    endloop
  endfacet
  facet normal 0.812853 -0.582469 0
    outer loop
      vertex 4.92897 14.8218 0
      vertex 4.87752 14.75 5
      vertex 4.87752 14.75 0
    endloop
  endfacet
  facet normal 0.773024 -0.634377 0
    outer loop
      vertex 4.92897 14.8218 5
      vertex 4.98502 14.8901 0
      vertex 4.98502 14.8901 5
    endloop
  endfacet
  facet normal 0.773024 -0.634377 0
    outer loop
      vertex 4.98502 14.8901 0
      vertex 4.92897 14.8218 5
      vertex 4.92897 14.8218 0
    endloop
  endfacet
  facet normal 0.973858 -0.227158 0
    outer loop
      vertex 4.67594 14.2634 5
      vertex 4.696 14.3494 0
      vertex 4.696 14.3494 5
    endloop
  endfacet
  facet normal 0.973858 -0.227158 0
    outer loop
      vertex 4.696 14.3494 0
      vertex 4.67594 14.2634 5
      vertex 4.67594 14.2634 0
    endloop
  endfacet
  facet normal 0.582789 0.812623 -0
    outer loop
      vertex 5.24998 12.8775 0
      vertex 5.17817 12.929 5
      vertex 5.24998 12.8775 5
    endloop
  endfacet
  facet normal 0.582789 0.812623 0
    outer loop
      vertex 5.17817 12.929 5
      vertex 5.24998 12.8775 0
      vertex 5.17817 12.929 0
    endloop
  endfacet
  facet normal 0.910924 0.412575 0
    outer loop
      vertex 4.78922 13.4029 5
      vertex 4.75276 13.4834 0
      vertex 4.75276 13.4834 5
    endloop
  endfacet
  facet normal 0.910924 0.412575 0
    outer loop
      vertex 4.75276 13.4834 0
      vertex 4.78922 13.4029 5
      vertex 4.78922 13.4029 0
    endloop
  endfacet
  facet normal 0.995182 0.0980464 0
    outer loop
      vertex 4.66155 13.8238 5
      vertex 4.65289 13.9117 0
      vertex 4.65289 13.9117 5
    endloop
  endfacet
  facet normal 0.995182 0.0980464 0
    outer loop
      vertex 4.65289 13.9117 0
      vertex 4.66155 13.8238 5
      vertex 4.66155 13.8238 0
    endloop
  endfacet
  facet normal -0.227588 0.973758 0
    outer loop
      vertex 14.3494 12.696 0
      vertex 14.2634 12.6759 5
      vertex 14.3494 12.696 5
    endloop
  endfacet
  facet normal -0.227588 0.973758 0
    outer loop
      vertex 14.2634 12.6759 5
      vertex 14.3494 12.696 0
      vertex 14.2634 12.6759 0
    endloop
  endfacet
  facet normal -0.849395 0.527757 0
    outer loop
      vertex 15.1225 13.25 0
      vertex 15.1691 13.325 5
      vertex 15.1691 13.325 0
    endloop
  endfacet
  facet normal -0.849395 0.527757 0
    outer loop
      vertex 15.1691 13.325 5
      vertex 15.1225 13.25 0
      vertex 15.1225 13.25 5
    endloop
  endfacet
  facet normal -0.773301 0.634039 0
    outer loop
      vertex 15.015 13.1099 0
      vertex 15.071 13.1782 5
      vertex 15.071 13.1782 0
    endloop
  endfacet
  facet normal -0.773301 0.634039 0
    outer loop
      vertex 15.071 13.1782 5
      vertex 15.015 13.1099 0
      vertex 15.015 13.1099 5
    endloop
  endfacet
  facet normal -0.986637 0.162931 0
    outer loop
      vertex 15.3241 13.7366 0
      vertex 15.3385 13.8238 5
      vertex 15.3385 13.8238 0
    endloop
  endfacet
  facet normal -0.986637 0.162931 0
    outer loop
      vertex 15.3385 13.8238 5
      vertex 15.3241 13.7366 0
      vertex 15.3241 13.7366 5
    endloop
  endfacet
  facet normal -0.973758 0.227588 0
    outer loop
      vertex 15.304 13.6506 0
      vertex 15.3241 13.7366 5
      vertex 15.3241 13.7366 0
    endloop
  endfacet
  facet normal -0.973758 0.227588 0
    outer loop
      vertex 15.3241 13.7366 5
      vertex 15.304 13.6506 0
      vertex 15.304 13.6506 5
    endloop
  endfacet
  facet normal -0.995248 0.0973735 0
    outer loop
      vertex 15.3385 13.8238 0
      vertex 15.3471 13.9117 5
      vertex 15.3471 13.9117 0
    endloop
  endfacet
  facet normal -0.995248 0.0973735 0
    outer loop
      vertex 15.3471 13.9117 5
      vertex 15.3385 13.8238 0
      vertex 15.3385 13.8238 5
    endloop
  endfacet
  facet normal -0.986637 -0.162931 0
    outer loop
      vertex 15.3385 14.1762 0
      vertex 15.3241 14.2634 5
      vertex 15.3241 14.2634 0
    endloop
  endfacet
  facet normal -0.986637 -0.162931 0
    outer loop
      vertex 15.3241 14.2634 5
      vertex 15.3385 14.1762 0
      vertex 15.3385 14.1762 5
    endloop
  endfacet
  facet normal -0.93563 -0.352983 0
    outer loop
      vertex 15.2784 14.4339 0
      vertex 15.2472 14.5166 5
      vertex 15.2472 14.5166 0
    endloop
  endfacet
  facet normal -0.93563 -0.352983 0
    outer loop
      vertex 15.2472 14.5166 5
      vertex 15.2784 14.4339 0
      vertex 15.2784 14.4339 5
    endloop
  endfacet
  facet normal -0.911179 -0.412011 0
    outer loop
      vertex 15.2472 14.5166 0
      vertex 15.2108 14.5971 5
      vertex 15.2108 14.5971 0
    endloop
  endfacet
  facet normal -0.911179 -0.412011 0
    outer loop
      vertex 15.2108 14.5971 5
      vertex 15.2472 14.5166 0
      vertex 15.2472 14.5166 5
    endloop
  endfacet
  facet normal -0.812585 -0.582843 0
    outer loop
      vertex 15.1225 14.75 0
      vertex 15.071 14.8218 5
      vertex 15.071 14.8218 0
    endloop
  endfacet
  facet normal -0.812585 -0.582843 0
    outer loop
      vertex 15.071 14.8218 5
      vertex 15.1225 14.75 0
      vertex 15.1225 14.75 5
    endloop
  endfacet
  facet normal -0.881631 -0.471939 0
    outer loop
      vertex 15.2108 14.5971 0
      vertex 15.1691 14.675 5
      vertex 15.1691 14.675 0
    endloop
  endfacet
  facet normal -0.881631 -0.471939 0
    outer loop
      vertex 15.1691 14.675 5
      vertex 15.2108 14.5971 0
      vertex 15.2108 14.5971 5
    endloop
  endfacet
  facet normal -0.352983 -0.93563 0
    outer loop
      vertex 14.4339 15.2784 0
      vertex 14.5166 15.2472 5
      vertex 14.4339 15.2784 5
    endloop
  endfacet
  facet normal -0.352983 -0.93563 -0
    outer loop
      vertex 14.5166 15.2472 5
      vertex 14.4339 15.2784 0
      vertex 14.5166 15.2472 0
    endloop
  endfacet
  facet normal -0.227588 -0.973758 0
    outer loop
      vertex 14.2634 15.3241 0
      vertex 14.3494 15.304 5
      vertex 14.2634 15.3241 5
    endloop
  endfacet
  facet normal -0.227588 -0.973758 -0
    outer loop
      vertex 14.3494 15.304 5
      vertex 14.2634 15.3241 0
      vertex 14.3494 15.304 0
    endloop
  endfacet
  facet normal -0.683527 -0.729925 0
    outer loop
      vertex 14.8901 15.015 0
      vertex 14.9546 14.9546 5
      vertex 14.8901 15.015 5
    endloop
  endfacet
  facet normal -0.683527 -0.729925 -0
    outer loop
      vertex 14.9546 14.9546 5
      vertex 14.8901 15.015 0
      vertex 14.9546 14.9546 0
    endloop
  endfacet
  facet normal -0.582843 -0.812585 0
    outer loop
      vertex 14.75 15.1225 0
      vertex 14.8218 15.071 5
      vertex 14.75 15.1225 5
    endloop
  endfacet
  facet normal -0.582843 -0.812585 -0
    outer loop
      vertex 14.8218 15.071 5
      vertex 14.75 15.1225 0
      vertex 14.8218 15.071 0
    endloop
  endfacet
  facet normal -0.634039 -0.773301 0
    outer loop
      vertex 14.8218 15.071 0
      vertex 14.8901 15.015 5
      vertex 14.8218 15.071 5
    endloop
  endfacet
  facet normal -0.634039 -0.773301 -0
    outer loop
      vertex 14.8901 15.015 5
      vertex 14.8218 15.071 0
      vertex 14.8901 15.015 0
    endloop
  endfacet
  facet normal 0.0973516 -0.99525 0
    outer loop
      vertex 5.82379 15.3385 0
      vertex 5.91171 15.3471 5
      vertex 5.82379 15.3385 5
    endloop
  endfacet
  facet normal 0.0973516 -0.99525 0
    outer loop
      vertex 5.91171 15.3471 5
      vertex 5.82379 15.3385 0
      vertex 5.91171 15.3471 0
    endloop
  endfacet
  facet normal 0.0328286 -0.999461 0
    outer loop
      vertex 5.91171 15.3471 0
      vertex 6 15.35 5
      vertex 5.91171 15.3471 5
    endloop
  endfacet
  facet normal 0.0328286 -0.999461 0
    outer loop
      vertex 6 15.35 5
      vertex 5.91171 15.3471 0
      vertex 6 15.35 0
    endloop
  endfacet
  facet normal 0.227487 -0.973781 0
    outer loop
      vertex 5.65059 15.304 0
      vertex 5.73663 15.3241 5
      vertex 5.65059 15.304 5
    endloop
  endfacet
  facet normal 0.227487 -0.973781 0
    outer loop
      vertex 5.73663 15.3241 5
      vertex 5.65059 15.304 0
      vertex 5.73663 15.3241 0
    endloop
  endfacet
  facet normal 0.28985 -0.957072 0
    outer loop
      vertex 5.56606 15.2784 0
      vertex 5.65059 15.304 5
      vertex 5.56606 15.2784 5
    endloop
  endfacet
  facet normal 0.28985 -0.957072 0
    outer loop
      vertex 5.65059 15.304 5
      vertex 5.56606 15.2784 0
      vertex 5.65059 15.304 0
    endloop
  endfacet
  facet normal 0.683696 -0.729767 0
    outer loop
      vertex 5.04541 14.9546 0
      vertex 5.10988 15.015 5
      vertex 5.04541 14.9546 5
    endloop
  endfacet
  facet normal 0.683696 -0.729767 0
    outer loop
      vertex 5.10988 15.015 5
      vertex 5.04541 14.9546 0
      vertex 5.10988 15.015 0
    endloop
  endfacet
  facet normal 0.412139 -0.911121 0
    outer loop
      vertex 5.40291 15.2108 0
      vertex 5.48338 15.2472 5
      vertex 5.40291 15.2108 5
    endloop
  endfacet
  facet normal 0.412139 -0.911121 0
    outer loop
      vertex 5.48338 15.2472 5
      vertex 5.40291 15.2108 0
      vertex 5.48338 15.2472 0
    endloop
  endfacet
  facet normal 0.527656 -0.849458 0
    outer loop
      vertex 5.24998 15.1225 0
      vertex 5.325 15.1691 5
      vertex 5.24998 15.1225 5
    endloop
  endfacet
  facet normal 0.527656 -0.849458 0
    outer loop
      vertex 5.325 15.1691 5
      vertex 5.24998 15.1225 0
      vertex 5.325 15.1691 0
    endloop
  endfacet
  facet normal 0.471892 -0.881657 0
    outer loop
      vertex 5.325 15.1691 0
      vertex 5.40291 15.2108 5
      vertex 5.325 15.1691 5
    endloop
  endfacet
  facet normal 0.471892 -0.881657 0
    outer loop
      vertex 5.40291 15.2108 5
      vertex 5.325 15.1691 0
      vertex 5.40291 15.2108 0
    endloop
  endfacet
  facet normal 0.84909 -0.528247 0
    outer loop
      vertex 4.83086 14.675 5
      vertex 4.87752 14.75 0
      vertex 4.87752 14.75 5
    endloop
  endfacet
  facet normal 0.84909 -0.528247 0
    outer loop
      vertex 4.87752 14.75 0
      vertex 4.83086 14.675 5
      vertex 4.83086 14.675 0
    endloop
  endfacet
  facet normal 0.881914 -0.471411 0
    outer loop
      vertex 4.78922 14.5971 5
      vertex 4.83086 14.675 0
      vertex 4.83086 14.675 5
    endloop
  endfacet
  facet normal 0.881914 -0.471411 0
    outer loop
      vertex 4.83086 14.675 0
      vertex 4.78922 14.5971 5
      vertex 4.78922 14.5971 0
    endloop
  endfacet
  facet normal 0.910924 -0.412575 0
    outer loop
      vertex 4.75276 14.5166 5
      vertex 4.78922 14.5971 0
      vertex 4.78922 14.5971 5
    endloop
  endfacet
  facet normal 0.910924 -0.412575 0
    outer loop
      vertex 4.78922 14.5971 0
      vertex 4.75276 14.5166 5
      vertex 4.75276 14.5166 0
    endloop
  endfacet
  facet normal 0.956918 -0.290359 0
    outer loop
      vertex 4.696 14.3494 5
      vertex 4.72164 14.4339 0
      vertex 4.72164 14.4339 5
    endloop
  endfacet
  facet normal 0.956918 -0.290359 0
    outer loop
      vertex 4.72164 14.4339 0
      vertex 4.696 14.3494 5
      vertex 4.696 14.3494 0
    endloop
  endfacet
  facet normal 0.995182 -0.0980464 0
    outer loop
      vertex 4.65289 14.0883 5
      vertex 4.66155 14.1762 0
      vertex 4.66155 14.1762 5
    endloop
  endfacet
  facet normal 0.995182 -0.0980464 0
    outer loop
      vertex 4.66155 14.1762 0
      vertex 4.65289 14.0883 5
      vertex 4.65289 14.0883 0
    endloop
  endfacet
  facet normal 0.999465 -0.0327118 0
    outer loop
      vertex 4.65 14 5
      vertex 4.65289 14.0883 0
      vertex 4.65289 14.0883 5
    endloop
  endfacet
  facet normal 0.999465 -0.0327118 0
    outer loop
      vertex 4.65289 14.0883 0
      vertex 4.65 14 5
      vertex 4.65 14 0
    endloop
  endfacet
  facet normal 0.999465 0.0327118 0
    outer loop
      vertex 4.65289 13.9117 5
      vertex 4.65 14 0
      vertex 4.65 14 5
    endloop
  endfacet
  facet normal 0.999465 0.0327118 0
    outer loop
      vertex 4.65 14 0
      vertex 4.65289 13.9117 5
      vertex 4.65289 13.9117 0
    endloop
  endfacet
  facet normal 0.634094 0.773256 -0
    outer loop
      vertex 5.17817 12.929 0
      vertex 5.10988 12.985 5
      vertex 5.17817 12.929 5
    endloop
  endfacet
  facet normal 0.634094 0.773256 0
    outer loop
      vertex 5.10988 12.985 5
      vertex 5.17817 12.929 0
      vertex 5.10988 12.985 0
    endloop
  endfacet
  facet normal 0.729982 0.683467 0
    outer loop
      vertex 5.04541 13.0454 5
      vertex 4.98502 13.1099 0
      vertex 4.98502 13.1099 5
    endloop
  endfacet
  facet normal 0.729982 0.683467 0
    outer loop
      vertex 4.98502 13.1099 0
      vertex 5.04541 13.0454 5
      vertex 5.04541 13.0454 0
    endloop
  endfacet
  facet normal 0.683696 0.729767 -0
    outer loop
      vertex 5.10988 12.985 0
      vertex 5.04541 13.0454 5
      vertex 5.10988 12.985 5
    endloop
  endfacet
  facet normal 0.683696 0.729767 0
    outer loop
      vertex 5.04541 13.0454 5
      vertex 5.10988 12.985 0
      vertex 5.04541 13.0454 0
    endloop
  endfacet
  facet normal 0.527656 0.849458 -0
    outer loop
      vertex 5.325 12.8309 0
      vertex 5.24998 12.8775 5
      vertex 5.325 12.8309 5
    endloop
  endfacet
  facet normal 0.527656 0.849458 0
    outer loop
      vertex 5.24998 12.8775 5
      vertex 5.325 12.8309 0
      vertex 5.24998 12.8775 0
    endloop
  endfacet
  facet normal 0.353057 0.935602 -0
    outer loop
      vertex 5.56606 12.7216 0
      vertex 5.48338 12.7528 5
      vertex 5.56606 12.7216 5
    endloop
  endfacet
  facet normal 0.353057 0.935602 0
    outer loop
      vertex 5.48338 12.7528 5
      vertex 5.56606 12.7216 0
      vertex 5.48338 12.7528 0
    endloop
  endfacet
  facet normal 0.471892 0.881657 -0
    outer loop
      vertex 5.40291 12.7892 0
      vertex 5.325 12.8309 5
      vertex 5.40291 12.7892 5
    endloop
  endfacet
  facet normal 0.471892 0.881657 0
    outer loop
      vertex 5.325 12.8309 5
      vertex 5.40291 12.7892 0
      vertex 5.325 12.8309 0
    endloop
  endfacet
  facet normal 0.412139 0.911121 -0
    outer loop
      vertex 5.48338 12.7528 0
      vertex 5.40291 12.7892 5
      vertex 5.48338 12.7528 5
    endloop
  endfacet
  facet normal 0.412139 0.911121 0
    outer loop
      vertex 5.40291 12.7892 5
      vertex 5.48338 12.7528 0
      vertex 5.40291 12.7892 0
    endloop
  endfacet
  facet normal 0.163004 0.986625 -0
    outer loop
      vertex 5.82379 12.6615 0
      vertex 5.73663 12.6759 5
      vertex 5.82379 12.6615 5
    endloop
  endfacet
  facet normal 0.163004 0.986625 0
    outer loop
      vertex 5.73663 12.6759 5
      vertex 5.82379 12.6615 0
      vertex 5.73663 12.6759 0
    endloop
  endfacet
  facet normal 0.28985 0.957072 -0
    outer loop
      vertex 5.65059 12.696 0
      vertex 5.56606 12.7216 5
      vertex 5.65059 12.696 5
    endloop
  endfacet
  facet normal 0.28985 0.957072 0
    outer loop
      vertex 5.56606 12.7216 5
      vertex 5.65059 12.696 0
      vertex 5.56606 12.7216 0
    endloop
  endfacet
  facet normal 0.227487 0.973781 -0
    outer loop
      vertex 5.73663 12.6759 0
      vertex 5.65059 12.696 5
      vertex 5.73663 12.6759 5
    endloop
  endfacet
  facet normal 0.227487 0.973781 0
    outer loop
      vertex 5.65059 12.696 5
      vertex 5.73663 12.6759 0
      vertex 5.65059 12.696 0
    endloop
  endfacet
  facet normal 0.881914 0.471411 0
    outer loop
      vertex 4.83086 13.325 5
      vertex 4.78922 13.4029 0
      vertex 4.78922 13.4029 5
    endloop
  endfacet
  facet normal 0.881914 0.471411 0
    outer loop
      vertex 4.78922 13.4029 0
      vertex 4.83086 13.325 5
      vertex 4.83086 13.325 0
    endloop
  endfacet
  facet normal 0.773024 0.634377 0
    outer loop
      vertex 4.98502 13.1099 5
      vertex 4.92897 13.1782 0
      vertex 4.92897 13.1782 5
    endloop
  endfacet
  facet normal 0.773024 0.634377 0
    outer loop
      vertex 4.92897 13.1782 0
      vertex 4.98502 13.1099 5
      vertex 4.98502 13.1099 0
    endloop
  endfacet
  facet normal 0.84909 0.528247 0
    outer loop
      vertex 4.87752 13.25 5
      vertex 4.83086 13.325 0
      vertex 4.83086 13.325 5
    endloop
  endfacet
  facet normal 0.84909 0.528247 0
    outer loop
      vertex 4.83086 13.325 0
      vertex 4.87752 13.25 5
      vertex 4.87752 13.25 0
    endloop
  endfacet
  facet normal 0.812853 0.582469 0
    outer loop
      vertex 4.92897 13.1782 5
      vertex 4.87752 13.25 0
      vertex 4.87752 13.25 5
    endloop
  endfacet
  facet normal 0.812853 0.582469 0
    outer loop
      vertex 4.87752 13.25 0
      vertex 4.92897 13.1782 5
      vertex 4.92897 13.1782 0
    endloop
  endfacet
  facet normal 0.935929 0.35219 0
    outer loop
      vertex 4.75276 13.4834 5
      vertex 4.72164 13.5661 0
      vertex 4.72164 13.5661 5
    endloop
  endfacet
  facet normal 0.935929 0.35219 0
    outer loop
      vertex 4.72164 13.5661 0
      vertex 4.75276 13.4834 5
      vertex 4.75276 13.4834 0
    endloop
  endfacet
  facet normal 0.973858 0.227158 0
    outer loop
      vertex 4.696 13.6506 5
      vertex 4.67594 13.7366 0
      vertex 4.67594 13.7366 5
    endloop
  endfacet
  facet normal 0.973858 0.227158 0
    outer loop
      vertex 4.67594 13.7366 0
      vertex 4.696 13.6506 5
      vertex 4.696 13.6506 0
    endloop
  endfacet
  facet normal 0.956918 0.290359 0
    outer loop
      vertex 4.72164 13.5661 5
      vertex 4.696 13.6506 0
      vertex 4.696 13.6506 5
    endloop
  endfacet
  facet normal 0.956918 0.290359 0
    outer loop
      vertex 4.696 13.6506 0
      vertex 4.72164 13.5661 5
      vertex 4.72164 13.5661 0
    endloop
  endfacet
  facet normal 0.986656 0.162821 0
    outer loop
      vertex 4.67594 13.7366 5
      vertex 4.66155 13.8238 0
      vertex 4.66155 13.8238 5
    endloop
  endfacet
  facet normal 0.986656 0.162821 0
    outer loop
      vertex 4.66155 13.8238 0
      vertex 4.67594 13.7366 5
      vertex 4.67594 13.7366 0
    endloop
  endfacet
  facet normal -0.683527 0.729925 0
    outer loop
      vertex 14.9546 13.0454 0
      vertex 14.8901 12.985 5
      vertex 14.9546 13.0454 5
    endloop
  endfacet
  facet normal -0.683527 0.729925 0
    outer loop
      vertex 14.8901 12.985 5
      vertex 14.9546 13.0454 0
      vertex 14.8901 12.985 0
    endloop
  endfacet
  facet normal -0.352983 0.93563 0
    outer loop
      vertex 14.5166 12.7528 0
      vertex 14.4339 12.7216 5
      vertex 14.5166 12.7528 5
    endloop
  endfacet
  facet normal -0.352983 0.93563 0
    outer loop
      vertex 14.4339 12.7216 5
      vertex 14.5166 12.7528 0
      vertex 14.4339 12.7216 0
    endloop
  endfacet
  facet normal -0.162931 0.986637 0
    outer loop
      vertex 14.2634 12.6759 0
      vertex 14.1762 12.6615 5
      vertex 14.2634 12.6759 5
    endloop
  endfacet
  facet normal -0.162931 0.986637 0
    outer loop
      vertex 14.1762 12.6615 5
      vertex 14.2634 12.6759 0
      vertex 14.1762 12.6615 0
    endloop
  endfacet
  facet normal -0.0328249 0.999461 0
    outer loop
      vertex 14.0883 12.6529 0
      vertex 14 12.65 5
      vertex 14.0883 12.6529 5
    endloop
  endfacet
  facet normal -0.0328249 0.999461 0
    outer loop
      vertex 14 12.65 5
      vertex 14.0883 12.6529 0
      vertex 14 12.65 0
    endloop
  endfacet
  facet normal -0.93563 0.352983 0
    outer loop
      vertex 15.2472 13.4834 0
      vertex 15.2784 13.5661 5
      vertex 15.2784 13.5661 0
    endloop
  endfacet
  facet normal -0.93563 0.352983 0
    outer loop
      vertex 15.2784 13.5661 5
      vertex 15.2472 13.4834 0
      vertex 15.2472 13.4834 5
    endloop
  endfacet
  facet normal -0.812585 0.582843 0
    outer loop
      vertex 15.071 13.1782 0
      vertex 15.1225 13.25 5
      vertex 15.1225 13.25 0
    endloop
  endfacet
  facet normal -0.812585 0.582843 0
    outer loop
      vertex 15.1225 13.25 5
      vertex 15.071 13.1782 0
      vertex 15.071 13.1782 5
    endloop
  endfacet
  facet normal -0.999461 0.0328249 0
    outer loop
      vertex 15.3471 13.9117 0
      vertex 15.35 14 5
      vertex 15.35 14 0
    endloop
  endfacet
  facet normal -0.999461 0.0328249 0
    outer loop
      vertex 15.35 14 5
      vertex 15.3471 13.9117 0
      vertex 15.3471 13.9117 5
    endloop
  endfacet
  facet normal -0.957043 -0.289945 0
    outer loop
      vertex 15.304 14.3494 0
      vertex 15.2784 14.4339 5
      vertex 15.2784 14.4339 0
    endloop
  endfacet
  facet normal -0.957043 -0.289945 0
    outer loop
      vertex 15.2784 14.4339 5
      vertex 15.304 14.3494 0
      vertex 15.304 14.3494 5
    endloop
  endfacet
  facet normal -0.849395 -0.527757 0
    outer loop
      vertex 15.1691 14.675 0
      vertex 15.1225 14.75 5
      vertex 15.1225 14.75 0
    endloop
  endfacet
  facet normal -0.849395 -0.527757 0
    outer loop
      vertex 15.1225 14.75 5
      vertex 15.1691 14.675 0
      vertex 15.1691 14.675 5
    endloop
  endfacet
  facet normal -0.412011 -0.911179 0
    outer loop
      vertex 14.5166 15.2472 0
      vertex 14.5971 15.2108 5
      vertex 14.5166 15.2472 5
    endloop
  endfacet
  facet normal -0.412011 -0.911179 -0
    outer loop
      vertex 14.5971 15.2108 5
      vertex 14.5166 15.2472 0
      vertex 14.5971 15.2108 0
    endloop
  endfacet
  facet normal -0.289945 -0.957043 0
    outer loop
      vertex 14.3494 15.304 0
      vertex 14.4339 15.2784 5
      vertex 14.3494 15.304 5
    endloop
  endfacet
  facet normal -0.289945 -0.957043 -0
    outer loop
      vertex 14.4339 15.2784 5
      vertex 14.3494 15.304 0
      vertex 14.4339 15.2784 0
    endloop
  endfacet
  facet normal -0.729925 -0.683527 0
    outer loop
      vertex 15.015 14.8901 0
      vertex 14.9546 14.9546 5
      vertex 14.9546 14.9546 0
    endloop
  endfacet
  facet normal -0.729925 -0.683527 0
    outer loop
      vertex 14.9546 14.9546 5
      vertex 15.015 14.8901 0
      vertex 15.015 14.8901 5
    endloop
  endfacet
  facet normal -0.527757 0.849395 0
    outer loop
      vertex 14.75 12.8775 0
      vertex 14.675 12.8309 5
      vertex 14.75 12.8775 5
    endloop
  endfacet
  facet normal -0.527757 0.849395 0
    outer loop
      vertex 14.675 12.8309 5
      vertex 14.75 12.8775 0
      vertex 14.675 12.8309 0
    endloop
  endfacet
  facet normal -0.289945 0.957043 0
    outer loop
      vertex 14.4339 12.7216 0
      vertex 14.3494 12.696 5
      vertex 14.4339 12.7216 5
    endloop
  endfacet
  facet normal -0.289945 0.957043 0
    outer loop
      vertex 14.3494 12.696 5
      vertex 14.4339 12.7216 0
      vertex 14.3494 12.696 0
    endloop
  endfacet
  facet normal -0.0973735 0.995248 0
    outer loop
      vertex 14.1762 12.6615 0
      vertex 14.0883 12.6529 5
      vertex 14.1762 12.6615 5
    endloop
  endfacet
  facet normal -0.0973735 0.995248 0
    outer loop
      vertex 14.0883 12.6529 5
      vertex 14.1762 12.6615 0
      vertex 14.0883 12.6529 0
    endloop
  endfacet
  facet normal -0.881631 0.471939 0
    outer loop
      vertex 15.1691 13.325 0
      vertex 15.2108 13.4029 5
      vertex 15.2108 13.4029 0
    endloop
  endfacet
  facet normal -0.881631 0.471939 0
    outer loop
      vertex 15.2108 13.4029 5
      vertex 15.1691 13.325 0
      vertex 15.1691 13.325 5
    endloop
  endfacet
  facet normal -0.471939 -0.881631 0
    outer loop
      vertex 14.5971 15.2108 0
      vertex 14.675 15.1691 5
      vertex 14.5971 15.2108 5
    endloop
  endfacet
  facet normal -0.471939 -0.881631 -0
    outer loop
      vertex 14.675 15.1691 5
      vertex 14.5971 15.2108 0
      vertex 14.675 15.1691 0
    endloop
  endfacet
  facet normal -0.634039 0.773301 0
    outer loop
      vertex 14.8901 12.985 0
      vertex 14.8218 12.929 5
      vertex 14.8901 12.985 5
    endloop
  endfacet
  facet normal -0.634039 0.773301 0
    outer loop
      vertex 14.8218 12.929 5
      vertex 14.8901 12.985 0
      vertex 14.8218 12.929 0
    endloop
  endfacet
  facet normal -0.412011 0.911179 0
    outer loop
      vertex 14.5971 12.7892 0
      vertex 14.5166 12.7528 5
      vertex 14.5971 12.7892 5
    endloop
  endfacet
  facet normal -0.412011 0.911179 0
    outer loop
      vertex 14.5166 12.7528 5
      vertex 14.5971 12.7892 0
      vertex 14.5166 12.7528 0
    endloop
  endfacet
  facet normal -0.911179 0.412011 0
    outer loop
      vertex 15.2108 13.4029 0
      vertex 15.2472 13.4834 5
      vertex 15.2472 13.4834 0
    endloop
  endfacet
  facet normal -0.911179 0.412011 0
    outer loop
      vertex 15.2472 13.4834 5
      vertex 15.2108 13.4029 0
      vertex 15.2108 13.4029 5
    endloop
  endfacet
  facet normal -0.471939 0.881631 0
    outer loop
      vertex 14.675 12.8309 0
      vertex 14.5971 12.7892 5
      vertex 14.675 12.8309 5
    endloop
  endfacet
  facet normal -0.471939 0.881631 0
    outer loop
      vertex 14.5971 12.7892 5
      vertex 14.675 12.8309 0
      vertex 14.5971 12.7892 0
    endloop
  endfacet
  facet normal -0.582843 0.812585 0
    outer loop
      vertex 14.8218 12.929 0
      vertex 14.75 12.8775 5
      vertex 14.8218 12.929 5
    endloop
  endfacet
  facet normal -0.582843 0.812585 0
    outer loop
      vertex 14.75 12.8775 5
      vertex 14.8218 12.929 0
      vertex 14.75 12.8775 0
    endloop
  endfacet
  facet normal 0.999461 -0.0328249 0
    outer loop
      vertex 20.65 14 5
      vertex 20.6529 14.0883 0
      vertex 20.6529 14.0883 5
    endloop
  endfacet
  facet normal 0.999461 -0.0328249 0
    outer loop
      vertex 20.6529 14.0883 0
      vertex 20.65 14 5
      vertex 20.65 14 0
    endloop
  endfacet
  facet normal 0.582843 0.812585 -0
    outer loop
      vertex 21.25 12.8775 0
      vertex 21.1782 12.929 5
      vertex 21.25 12.8775 5
    endloop
  endfacet
  facet normal 0.582843 0.812585 0
    outer loop
      vertex 21.1782 12.929 5
      vertex 21.25 12.8775 0
      vertex 21.1782 12.929 0
    endloop
  endfacet
  facet normal 0.0973735 -0.995248 0
    outer loop
      vertex 21.8238 15.3385 0
      vertex 21.9117 15.3471 5
      vertex 21.8238 15.3385 5
    endloop
  endfacet
  facet normal 0.0973735 -0.995248 0
    outer loop
      vertex 21.9117 15.3471 5
      vertex 21.8238 15.3385 0
      vertex 21.9117 15.3471 0
    endloop
  endfacet
  facet normal 0 1 -0
    outer loop
      vertex 30 12.65 0
      vertex 22 12.65 5
      vertex 30 12.65 5
    endloop
  endfacet
  facet normal 0 1 0
    outer loop
      vertex 22 12.65 5
      vertex 30 12.65 0
      vertex 22 12.65 0
    endloop
  endfacet
  facet normal 0 -1 0
    outer loop
      vertex 22 15.35 0
      vertex 30 15.35 5
      vertex 22 15.35 5
    endloop
  endfacet
  facet normal 0 -1 -0
    outer loop
      vertex 30 15.35 5
      vertex 22 15.35 0
      vertex 30 15.35 0
    endloop
  endfacet
  facet normal 0.729925 0.683527 0
    outer loop
      vertex 21.0454 13.0454 5
      vertex 20.985 13.1099 0
      vertex 20.985 13.1099 5
    endloop
  endfacet
  facet normal 0.729925 0.683527 0
    outer loop
      vertex 20.985 13.1099 0
      vertex 21.0454 13.0454 5
      vertex 21.0454 13.0454 0
    endloop
  endfacet
  facet normal 0.973758 0.227588 0
    outer loop
      vertex 20.696 13.6506 5
      vertex 20.6759 13.7366 0
      vertex 20.6759 13.7366 5
    endloop
  endfacet
  facet normal 0.973758 0.227588 0
    outer loop
      vertex 20.6759 13.7366 0
      vertex 20.696 13.6506 5
      vertex 20.696 13.6506 0
    endloop
  endfacet
  facet normal 0.527757 0.849395 -0
    outer loop
      vertex 21.325 12.8309 0
      vertex 21.25 12.8775 5
      vertex 21.325 12.8309 5
    endloop
  endfacet
  facet normal 0.527757 0.849395 0
    outer loop
      vertex 21.25 12.8775 5
      vertex 21.325 12.8309 0
      vertex 21.25 12.8775 0
    endloop
  endfacet
  facet normal 0.0328249 0.999461 -0
    outer loop
      vertex 22 12.65 0
      vertex 21.9117 12.6529 5
      vertex 22 12.65 5
    endloop
  endfacet
  facet normal 0.0328249 0.999461 0
    outer loop
      vertex 21.9117 12.6529 5
      vertex 22 12.65 0
      vertex 21.9117 12.6529 0
    endloop
  endfacet
  facet normal -0.0328249 0.999461 0
    outer loop
      vertex 30.0883 12.6529 0
      vertex 30 12.65 5
      vertex 30.0883 12.6529 5
    endloop
  endfacet
  facet normal -0.0328249 0.999461 0
    outer loop
      vertex 30 12.65 5
      vertex 30.0883 12.6529 0
      vertex 30 12.65 0
    endloop
  endfacet
  facet normal -0.352983 -0.93563 0
    outer loop
      vertex 30.4339 15.2784 0
      vertex 30.5166 15.2472 5
      vertex 30.4339 15.2784 5
    endloop
  endfacet
  facet normal -0.352983 -0.93563 -0
    outer loop
      vertex 30.5166 15.2472 5
      vertex 30.4339 15.2784 0
      vertex 30.5166 15.2472 0
    endloop
  endfacet
  facet normal 0.0328249 -0.999461 0
    outer loop
      vertex 21.9117 15.3471 0
      vertex 22 15.35 5
      vertex 21.9117 15.3471 5
    endloop
  endfacet
  facet normal 0.0328249 -0.999461 0
    outer loop
      vertex 22 15.35 5
      vertex 21.9117 15.3471 0
      vertex 22 15.35 0
    endloop
  endfacet
  facet normal 0.986637 0.162931 0
    outer loop
      vertex 20.6759 13.7366 5
      vertex 20.6615 13.8238 0
      vertex 20.6615 13.8238 5
    endloop
  endfacet
  facet normal 0.986637 0.162931 0
    outer loop
      vertex 20.6615 13.8238 0
      vertex 20.6759 13.7366 5
      vertex 20.6759 13.7366 0
    endloop
  endfacet
  facet normal 0.849395 0.527757 0
    outer loop
      vertex 20.8775 13.25 5
      vertex 20.8309 13.325 0
      vertex 20.8309 13.325 5
    endloop
  endfacet
  facet normal 0.849395 0.527757 0
    outer loop
      vertex 20.8309 13.325 0
      vertex 20.8775 13.25 5
      vertex 20.8775 13.25 0
    endloop
  endfacet
  facet normal 0.812585 0.582843 0
    outer loop
      vertex 20.929 13.1782 5
      vertex 20.8775 13.25 0
      vertex 20.8775 13.25 5
    endloop
  endfacet
  facet normal 0.812585 0.582843 0
    outer loop
      vertex 20.8775 13.25 0
      vertex 20.929 13.1782 5
      vertex 20.929 13.1782 0
    endloop
  endfacet
  facet normal 0.412011 0.911179 -0
    outer loop
      vertex 21.4834 12.7528 0
      vertex 21.4029 12.7892 5
      vertex 21.4834 12.7528 5
    endloop
  endfacet
  facet normal 0.412011 0.911179 0
    outer loop
      vertex 21.4029 12.7892 5
      vertex 21.4834 12.7528 0
      vertex 21.4029 12.7892 0
    endloop
  endfacet
  facet normal 0.352983 0.93563 -0
    outer loop
      vertex 21.5661 12.7216 0
      vertex 21.4834 12.7528 5
      vertex 21.5661 12.7216 5
    endloop
  endfacet
  facet normal 0.352983 0.93563 0
    outer loop
      vertex 21.4834 12.7528 5
      vertex 21.5661 12.7216 0
      vertex 21.4834 12.7528 0
    endloop
  endfacet
  facet normal 0.289945 0.957043 -0
    outer loop
      vertex 21.6506 12.696 0
      vertex 21.5661 12.7216 5
      vertex 21.6506 12.696 5
    endloop
  endfacet
  facet normal 0.289945 0.957043 0
    outer loop
      vertex 21.5661 12.7216 5
      vertex 21.6506 12.696 0
      vertex 21.5661 12.7216 0
    endloop
  endfacet
  facet normal 0.162931 0.986637 -0
    outer loop
      vertex 21.8238 12.6615 0
      vertex 21.7366 12.6759 5
      vertex 21.8238 12.6615 5
    endloop
  endfacet
  facet normal 0.162931 0.986637 0
    outer loop
      vertex 21.7366 12.6759 5
      vertex 21.8238 12.6615 0
      vertex 21.7366 12.6759 0
    endloop
  endfacet
  facet normal -0.0973735 0.995248 0
    outer loop
      vertex 30.1762 12.6615 0
      vertex 30.0883 12.6529 5
      vertex 30.1762 12.6615 5
    endloop
  endfacet
  facet normal -0.0973735 0.995248 0
    outer loop
      vertex 30.0883 12.6529 5
      vertex 30.1762 12.6615 0
      vertex 30.0883 12.6529 0
    endloop
  endfacet
  facet normal -0.729925 -0.683527 0
    outer loop
      vertex 31.015 14.8901 0
      vertex 30.9546 14.9546 5
      vertex 30.9546 14.9546 0
    endloop
  endfacet
  facet normal -0.729925 -0.683527 0
    outer loop
      vertex 30.9546 14.9546 5
      vertex 31.015 14.8901 0
      vertex 31.015 14.8901 5
    endloop
  endfacet
  facet normal -0.999461 -0.0328249 0
    outer loop
      vertex 31.35 14 0
      vertex 31.3471 14.0883 5
      vertex 31.3471 14.0883 0
    endloop
  endfacet
  facet normal -0.999461 -0.0328249 0
    outer loop
      vertex 31.3471 14.0883 5
      vertex 31.35 14 0
      vertex 31.35 14 5
    endloop
  endfacet
  facet normal 0.911179 -0.412011 0
    outer loop
      vertex 20.7528 14.5166 5
      vertex 20.7892 14.5971 0
      vertex 20.7892 14.5971 5
    endloop
  endfacet
  facet normal 0.911179 -0.412011 0
    outer loop
      vertex 20.7892 14.5971 0
      vertex 20.7528 14.5166 5
      vertex 20.7528 14.5166 0
    endloop
  endfacet
  facet normal 0.162931 -0.986637 0
    outer loop
      vertex 21.7366 15.3241 0
      vertex 21.8238 15.3385 5
      vertex 21.7366 15.3241 5
    endloop
  endfacet
  facet normal 0.162931 -0.986637 0
    outer loop
      vertex 21.8238 15.3385 5
      vertex 21.7366 15.3241 0
      vertex 21.8238 15.3385 0
    endloop
  endfacet
  facet normal 0.352983 -0.93563 0
    outer loop
      vertex 21.4834 15.2472 0
      vertex 21.5661 15.2784 5
      vertex 21.4834 15.2472 5
    endloop
  endfacet
  facet normal 0.352983 -0.93563 0
    outer loop
      vertex 21.5661 15.2784 5
      vertex 21.4834 15.2472 0
      vertex 21.5661 15.2784 0
    endloop
  endfacet
  facet normal 0.999461 0.0328249 0
    outer loop
      vertex 20.6529 13.9117 5
      vertex 20.65 14 0
      vertex 20.65 14 5
    endloop
  endfacet
  facet normal 0.999461 0.0328249 0
    outer loop
      vertex 20.65 14 0
      vertex 20.6529 13.9117 5
      vertex 20.6529 13.9117 0
    endloop
  endfacet
  facet normal 0.911179 0.412011 0
    outer loop
      vertex 20.7892 13.4029 5
      vertex 20.7528 13.4834 0
      vertex 20.7528 13.4834 5
    endloop
  endfacet
  facet normal 0.911179 0.412011 0
    outer loop
      vertex 20.7528 13.4834 0
      vertex 20.7892 13.4029 5
      vertex 20.7892 13.4029 0
    endloop
  endfacet
  facet normal 0.773301 0.634039 0
    outer loop
      vertex 20.985 13.1099 5
      vertex 20.929 13.1782 0
      vertex 20.929 13.1782 5
    endloop
  endfacet
  facet normal 0.773301 0.634039 0
    outer loop
      vertex 20.929 13.1782 0
      vertex 20.985 13.1099 5
      vertex 20.985 13.1099 0
    endloop
  endfacet
  facet normal 0.881631 0.471939 0
    outer loop
      vertex 20.8309 13.325 5
      vertex 20.7892 13.4029 0
      vertex 20.7892 13.4029 5
    endloop
  endfacet
  facet normal 0.881631 0.471939 0
    outer loop
      vertex 20.7892 13.4029 0
      vertex 20.8309 13.325 5
      vertex 20.8309 13.325 0
    endloop
  endfacet
  facet normal 0.995248 0.0973735 0
    outer loop
      vertex 20.6615 13.8238 5
      vertex 20.6529 13.9117 0
      vertex 20.6529 13.9117 5
    endloop
  endfacet
  facet normal 0.995248 0.0973735 0
    outer loop
      vertex 20.6529 13.9117 0
      vertex 20.6615 13.8238 5
      vertex 20.6615 13.8238 0
    endloop
  endfacet
  facet normal 0.93563 0.352983 0
    outer loop
      vertex 20.7528 13.4834 5
      vertex 20.7216 13.5661 0
      vertex 20.7216 13.5661 5
    endloop
  endfacet
  facet normal 0.93563 0.352983 0
    outer loop
      vertex 20.7216 13.5661 0
      vertex 20.7528 13.4834 5
      vertex 20.7528 13.4834 0
    endloop
  endfacet
  facet normal 0.957043 0.289945 0
    outer loop
      vertex 20.7216 13.5661 5
      vertex 20.696 13.6506 0
      vertex 20.696 13.6506 5
    endloop
  endfacet
  facet normal 0.957043 0.289945 0
    outer loop
      vertex 20.696 13.6506 0
      vertex 20.7216 13.5661 5
      vertex 20.7216 13.5661 0
    endloop
  endfacet
  facet normal 0.683527 0.729925 -0
    outer loop
      vertex 21.1099 12.985 0
      vertex 21.0454 13.0454 5
      vertex 21.1099 12.985 5
    endloop
  endfacet
  facet normal 0.683527 0.729925 0
    outer loop
      vertex 21.0454 13.0454 5
      vertex 21.1099 12.985 0
      vertex 21.0454 13.0454 0
    endloop
  endfacet
  facet normal 0.634039 0.773301 -0
    outer loop
      vertex 21.1782 12.929 0
      vertex 21.1099 12.985 5
      vertex 21.1782 12.929 5
    endloop
  endfacet
  facet normal 0.634039 0.773301 0
    outer loop
      vertex 21.1099 12.985 5
      vertex 21.1782 12.929 0
      vertex 21.1099 12.985 0
    endloop
  endfacet
  facet normal 0.471939 0.881631 -0
    outer loop
      vertex 21.4029 12.7892 0
      vertex 21.325 12.8309 5
      vertex 21.4029 12.7892 5
    endloop
  endfacet
  facet normal 0.471939 0.881631 0
    outer loop
      vertex 21.325 12.8309 5
      vertex 21.4029 12.7892 0
      vertex 21.325 12.8309 0
    endloop
  endfacet
  facet normal 0.0973735 0.995248 -0
    outer loop
      vertex 21.9117 12.6529 0
      vertex 21.8238 12.6615 5
      vertex 21.9117 12.6529 5
    endloop
  endfacet
  facet normal 0.0973735 0.995248 0
    outer loop
      vertex 21.8238 12.6615 5
      vertex 21.9117 12.6529 0
      vertex 21.8238 12.6615 0
    endloop
  endfacet
  facet normal -0.995248 0.0973735 0
    outer loop
      vertex 31.3385 13.8238 0
      vertex 31.3471 13.9117 5
      vertex 31.3471 13.9117 0
    endloop
  endfacet
  facet normal -0.995248 0.0973735 0
    outer loop
      vertex 31.3471 13.9117 5
      vertex 31.3385 13.8238 0
      vertex 31.3385 13.8238 5
    endloop
  endfacet
  facet normal -0.849395 0.527757 0
    outer loop
      vertex 31.1225 13.25 0
      vertex 31.1691 13.325 5
      vertex 31.1691 13.325 0
    endloop
  endfacet
  facet normal -0.849395 0.527757 0
    outer loop
      vertex 31.1691 13.325 5
      vertex 31.1225 13.25 0
      vertex 31.1225 13.25 5
    endloop
  endfacet
  facet normal -0.634039 0.773301 0
    outer loop
      vertex 30.8901 12.985 0
      vertex 30.8218 12.929 5
      vertex 30.8901 12.985 5
    endloop
  endfacet
  facet normal -0.634039 0.773301 0
    outer loop
      vertex 30.8218 12.929 5
      vertex 30.8901 12.985 0
      vertex 30.8218 12.929 0
    endloop
  endfacet
  facet normal -0.162931 -0.986637 0
    outer loop
      vertex 30.1762 15.3385 0
      vertex 30.2634 15.3241 5
      vertex 30.1762 15.3385 5
    endloop
  endfacet
  facet normal -0.162931 -0.986637 -0
    outer loop
      vertex 30.2634 15.3241 5
      vertex 30.1762 15.3385 0
      vertex 30.2634 15.3241 0
    endloop
  endfacet
  facet normal -0.527757 -0.849395 0
    outer loop
      vertex 30.675 15.1691 0
      vertex 30.75 15.1225 5
      vertex 30.675 15.1691 5
    endloop
  endfacet
  facet normal -0.527757 -0.849395 -0
    outer loop
      vertex 30.75 15.1225 5
      vertex 30.675 15.1691 0
      vertex 30.75 15.1225 0
    endloop
  endfacet
  facet normal -0.634039 -0.773301 0
    outer loop
      vertex 30.8218 15.071 0
      vertex 30.8901 15.015 5
      vertex 30.8218 15.071 5
    endloop
  endfacet
  facet normal -0.634039 -0.773301 -0
    outer loop
      vertex 30.8901 15.015 5
      vertex 30.8218 15.071 0
      vertex 30.8901 15.015 0
    endloop
  endfacet
  facet normal -0.999461 0.0328249 0
    outer loop
      vertex 31.3471 13.9117 0
      vertex 31.35 14 5
      vertex 31.35 14 0
    endloop
  endfacet
  facet normal -0.999461 0.0328249 0
    outer loop
      vertex 31.35 14 5
      vertex 31.3471 13.9117 0
      vertex 31.3471 13.9117 5
    endloop
  endfacet
  facet normal -0.995248 -0.0973735 0
    outer loop
      vertex 31.3471 14.0883 0
      vertex 31.3385 14.1762 5
      vertex 31.3385 14.1762 0
    endloop
  endfacet
  facet normal -0.995248 -0.0973735 0
    outer loop
      vertex 31.3385 14.1762 5
      vertex 31.3471 14.0883 0
      vertex 31.3471 14.0883 5
    endloop
  endfacet
  facet normal -0.773301 -0.634039 0
    outer loop
      vertex 31.071 14.8218 0
      vertex 31.015 14.8901 5
      vertex 31.015 14.8901 0
    endloop
  endfacet
  facet normal -0.773301 -0.634039 0
    outer loop
      vertex 31.015 14.8901 5
      vertex 31.071 14.8218 0
      vertex 31.071 14.8218 5
    endloop
  endfacet
  facet normal -0.812585 -0.582843 0
    outer loop
      vertex 31.1225 14.75 0
      vertex 31.071 14.8218 5
      vertex 31.071 14.8218 0
    endloop
  endfacet
  facet normal -0.812585 -0.582843 0
    outer loop
      vertex 31.071 14.8218 5
      vertex 31.1225 14.75 0
      vertex 31.1225 14.75 5
    endloop
  endfacet
  facet normal -0.93563 -0.352983 0
    outer loop
      vertex 31.2784 14.4339 0
      vertex 31.2472 14.5166 5
      vertex 31.2472 14.5166 0
    endloop
  endfacet
  facet normal -0.93563 -0.352983 0
    outer loop
      vertex 31.2472 14.5166 5
      vertex 31.2784 14.4339 0
      vertex 31.2784 14.4339 5
    endloop
  endfacet
  facet normal -0.986637 -0.162931 0
    outer loop
      vertex 31.3385 14.1762 0
      vertex 31.3241 14.2634 5
      vertex 31.3241 14.2634 0
    endloop
  endfacet
  facet normal -0.986637 -0.162931 0
    outer loop
      vertex 31.3241 14.2634 5
      vertex 31.3385 14.1762 0
      vertex 31.3385 14.1762 5
    endloop
  endfacet
  facet normal 0.773301 -0.634039 0
    outer loop
      vertex 20.929 14.8218 5
      vertex 20.985 14.8901 0
      vertex 20.985 14.8901 5
    endloop
  endfacet
  facet normal 0.773301 -0.634039 0
    outer loop
      vertex 20.985 14.8901 0
      vertex 20.929 14.8218 5
      vertex 20.929 14.8218 0
    endloop
  endfacet
  facet normal 0.849395 -0.527757 0
    outer loop
      vertex 20.8309 14.675 5
      vertex 20.8775 14.75 0
      vertex 20.8775 14.75 5
    endloop
  endfacet
  facet normal 0.849395 -0.527757 0
    outer loop
      vertex 20.8775 14.75 0
      vertex 20.8309 14.675 5
      vertex 20.8309 14.675 0
    endloop
  endfacet
  facet normal 0.812585 -0.582843 0
    outer loop
      vertex 20.8775 14.75 5
      vertex 20.929 14.8218 0
      vertex 20.929 14.8218 5
    endloop
  endfacet
  facet normal 0.812585 -0.582843 0
    outer loop
      vertex 20.929 14.8218 0
      vertex 20.8775 14.75 5
      vertex 20.8775 14.75 0
    endloop
  endfacet
  facet normal 0.881631 -0.471939 0
    outer loop
      vertex 20.7892 14.5971 5
      vertex 20.8309 14.675 0
      vertex 20.8309 14.675 5
    endloop
  endfacet
  facet normal 0.881631 -0.471939 0
    outer loop
      vertex 20.8309 14.675 0
      vertex 20.7892 14.5971 5
      vertex 20.7892 14.5971 0
    endloop
  endfacet
  facet normal 0.995248 -0.0973735 0
    outer loop
      vertex 20.6529 14.0883 5
      vertex 20.6615 14.1762 0
      vertex 20.6615 14.1762 5
    endloop
  endfacet
  facet normal 0.995248 -0.0973735 0
    outer loop
      vertex 20.6615 14.1762 0
      vertex 20.6529 14.0883 5
      vertex 20.6529 14.0883 0
    endloop
  endfacet
  facet normal 0.986637 -0.162931 0
    outer loop
      vertex 20.6615 14.1762 5
      vertex 20.6759 14.2634 0
      vertex 20.6759 14.2634 5
    endloop
  endfacet
  facet normal 0.986637 -0.162931 0
    outer loop
      vertex 20.6759 14.2634 0
      vertex 20.6615 14.1762 5
      vertex 20.6615 14.1762 0
    endloop
  endfacet
  facet normal 0.93563 -0.352983 0
    outer loop
      vertex 20.7216 14.4339 5
      vertex 20.7528 14.5166 0
      vertex 20.7528 14.5166 5
    endloop
  endfacet
  facet normal 0.93563 -0.352983 0
    outer loop
      vertex 20.7528 14.5166 0
      vertex 20.7216 14.4339 5
      vertex 20.7216 14.4339 0
    endloop
  endfacet
  facet normal 0.634039 -0.773301 0
    outer loop
      vertex 21.1099 15.015 0
      vertex 21.1782 15.071 5
      vertex 21.1099 15.015 5
    endloop
  endfacet
  facet normal 0.634039 -0.773301 0
    outer loop
      vertex 21.1782 15.071 5
      vertex 21.1099 15.015 0
      vertex 21.1782 15.071 0
    endloop
  endfacet
  facet normal 0.582843 -0.812585 0
    outer loop
      vertex 21.1782 15.071 0
      vertex 21.25 15.1225 5
      vertex 21.1782 15.071 5
    endloop
  endfacet
  facet normal 0.582843 -0.812585 0
    outer loop
      vertex 21.25 15.1225 5
      vertex 21.1782 15.071 0
      vertex 21.25 15.1225 0
    endloop
  endfacet
  facet normal 0.527757 -0.849395 0
    outer loop
      vertex 21.25 15.1225 0
      vertex 21.325 15.1691 5
      vertex 21.25 15.1225 5
    endloop
  endfacet
  facet normal 0.527757 -0.849395 0
    outer loop
      vertex 21.325 15.1691 5
      vertex 21.25 15.1225 0
      vertex 21.325 15.1691 0
    endloop
  endfacet
  facet normal 0.289945 -0.957043 0
    outer loop
      vertex 21.5661 15.2784 0
      vertex 21.6506 15.304 5
      vertex 21.5661 15.2784 5
    endloop
  endfacet
  facet normal 0.289945 -0.957043 0
    outer loop
      vertex 21.6506 15.304 5
      vertex 21.5661 15.2784 0
      vertex 21.6506 15.304 0
    endloop
  endfacet
  facet normal 0.412011 -0.911179 0
    outer loop
      vertex 21.4029 15.2108 0
      vertex 21.4834 15.2472 5
      vertex 21.4029 15.2108 5
    endloop
  endfacet
  facet normal 0.412011 -0.911179 0
    outer loop
      vertex 21.4834 15.2472 5
      vertex 21.4029 15.2108 0
      vertex 21.4834 15.2472 0
    endloop
  endfacet
  facet normal 0.227588 0.973758 -0
    outer loop
      vertex 21.7366 12.6759 0
      vertex 21.6506 12.696 5
      vertex 21.7366 12.6759 5
    endloop
  endfacet
  facet normal 0.227588 0.973758 0
    outer loop
      vertex 21.6506 12.696 5
      vertex 21.7366 12.6759 0
      vertex 21.6506 12.696 0
    endloop
  endfacet
  facet normal -0.986637 0.162931 0
    outer loop
      vertex 31.3241 13.7366 0
      vertex 31.3385 13.8238 5
      vertex 31.3385 13.8238 0
    endloop
  endfacet
  facet normal -0.986637 0.162931 0
    outer loop
      vertex 31.3385 13.8238 5
      vertex 31.3241 13.7366 0
      vertex 31.3241 13.7366 5
    endloop
  endfacet
  facet normal -0.93563 0.352983 0
    outer loop
      vertex 31.2472 13.4834 0
      vertex 31.2784 13.5661 5
      vertex 31.2784 13.5661 0
    endloop
  endfacet
  facet normal -0.93563 0.352983 0
    outer loop
      vertex 31.2784 13.5661 5
      vertex 31.2472 13.4834 0
      vertex 31.2472 13.4834 5
    endloop
  endfacet
  facet normal -0.881631 0.471939 0
    outer loop
      vertex 31.1691 13.325 0
      vertex 31.2108 13.4029 5
      vertex 31.2108 13.4029 0
    endloop
  endfacet
  facet normal -0.881631 0.471939 0
    outer loop
      vertex 31.2108 13.4029 5
      vertex 31.1691 13.325 0
      vertex 31.1691 13.325 5
    endloop
  endfacet
  facet normal -0.812585 0.582843 0
    outer loop
      vertex 31.071 13.1782 0
      vertex 31.1225 13.25 5
      vertex 31.1225 13.25 0
    endloop
  endfacet
  facet normal -0.812585 0.582843 0
    outer loop
      vertex 31.1225 13.25 5
      vertex 31.071 13.1782 0
      vertex 31.071 13.1782 5
    endloop
  endfacet
  facet normal -0.773301 0.634039 0
    outer loop
      vertex 31.015 13.1099 0
      vertex 31.071 13.1782 5
      vertex 31.071 13.1782 0
    endloop
  endfacet
  facet normal -0.773301 0.634039 0
    outer loop
      vertex 31.071 13.1782 5
      vertex 31.015 13.1099 0
      vertex 31.015 13.1099 5
    endloop
  endfacet
  facet normal -0.729925 0.683527 0
    outer loop
      vertex 30.9546 13.0454 0
      vertex 31.015 13.1099 5
      vertex 31.015 13.1099 0
    endloop
  endfacet
  facet normal -0.729925 0.683527 0
    outer loop
      vertex 31.015 13.1099 5
      vertex 30.9546 13.0454 0
      vertex 30.9546 13.0454 5
    endloop
  endfacet
  facet normal -0.227588 -0.973758 0
    outer loop
      vertex 30.2634 15.3241 0
      vertex 30.3494 15.304 5
      vertex 30.2634 15.3241 5
    endloop
  endfacet
  facet normal -0.227588 -0.973758 -0
    outer loop
      vertex 30.3494 15.304 5
      vertex 30.2634 15.3241 0
      vertex 30.3494 15.304 0
    endloop
  endfacet
  facet normal -0.289945 -0.957043 0
    outer loop
      vertex 30.3494 15.304 0
      vertex 30.4339 15.2784 5
      vertex 30.3494 15.304 5
    endloop
  endfacet
  facet normal -0.289945 -0.957043 -0
    outer loop
      vertex 30.4339 15.2784 5
      vertex 30.3494 15.304 0
      vertex 30.4339 15.2784 0
    endloop
  endfacet
  facet normal -0.0328249 -0.999461 0
    outer loop
      vertex 30 15.35 0
      vertex 30.0883 15.3471 5
      vertex 30 15.35 5
    endloop
  endfacet
  facet normal -0.0328249 -0.999461 -0
    outer loop
      vertex 30.0883 15.3471 5
      vertex 30 15.35 0
      vertex 30.0883 15.3471 0
    endloop
  endfacet
  facet normal -0.0973735 -0.995248 0
    outer loop
      vertex 30.0883 15.3471 0
      vertex 30.1762 15.3385 5
      vertex 30.0883 15.3471 5
    endloop
  endfacet
  facet normal -0.0973735 -0.995248 -0
    outer loop
      vertex 30.1762 15.3385 5
      vertex 30.0883 15.3471 0
      vertex 30.1762 15.3385 0
    endloop
  endfacet
  facet normal -0.412011 -0.911179 0
    outer loop
      vertex 30.5166 15.2472 0
      vertex 30.5971 15.2108 5
      vertex 30.5166 15.2472 5
    endloop
  endfacet
  facet normal -0.412011 -0.911179 -0
    outer loop
      vertex 30.5971 15.2108 5
      vertex 30.5166 15.2472 0
      vertex 30.5971 15.2108 0
    endloop
  endfacet
  facet normal -0.471939 -0.881631 0
    outer loop
      vertex 30.5971 15.2108 0
      vertex 30.675 15.1691 5
      vertex 30.5971 15.2108 5
    endloop
  endfacet
  facet normal -0.471939 -0.881631 -0
    outer loop
      vertex 30.675 15.1691 5
      vertex 30.5971 15.2108 0
      vertex 30.675 15.1691 0
    endloop
  endfacet
  facet normal -0.582843 -0.812585 0
    outer loop
      vertex 30.75 15.1225 0
      vertex 30.8218 15.071 5
      vertex 30.75 15.1225 5
    endloop
  endfacet
  facet normal -0.582843 -0.812585 -0
    outer loop
      vertex 30.8218 15.071 5
      vertex 30.75 15.1225 0
      vertex 30.8218 15.071 0
    endloop
  endfacet
  facet normal -0.683527 -0.729925 0
    outer loop
      vertex 30.8901 15.015 0
      vertex 30.9546 14.9546 5
      vertex 30.8901 15.015 5
    endloop
  endfacet
  facet normal -0.683527 -0.729925 -0
    outer loop
      vertex 30.9546 14.9546 5
      vertex 30.8901 15.015 0
      vertex 30.9546 14.9546 0
    endloop
  endfacet
  facet normal -0.849395 -0.527757 0
    outer loop
      vertex 31.1691 14.675 0
      vertex 31.1225 14.75 5
      vertex 31.1225 14.75 0
    endloop
  endfacet
  facet normal -0.849395 -0.527757 0
    outer loop
      vertex 31.1225 14.75 5
      vertex 31.1691 14.675 0
      vertex 31.1691 14.675 5
    endloop
  endfacet
  facet normal -0.881631 -0.471939 0
    outer loop
      vertex 31.2108 14.5971 0
      vertex 31.1691 14.675 5
      vertex 31.1691 14.675 0
    endloop
  endfacet
  facet normal -0.881631 -0.471939 0
    outer loop
      vertex 31.1691 14.675 5
      vertex 31.2108 14.5971 0
      vertex 31.2108 14.5971 5
    endloop
  endfacet
  facet normal -0.911179 -0.412011 0
    outer loop
      vertex 31.2472 14.5166 0
      vertex 31.2108 14.5971 5
      vertex 31.2108 14.5971 0
    endloop
  endfacet
  facet normal -0.911179 -0.412011 0
    outer loop
      vertex 31.2108 14.5971 5
      vertex 31.2472 14.5166 0
      vertex 31.2472 14.5166 5
    endloop
  endfacet
  facet normal -0.957043 -0.289945 0
    outer loop
      vertex 31.304 14.3494 0
      vertex 31.2784 14.4339 5
      vertex 31.2784 14.4339 0
    endloop
  endfacet
  facet normal -0.957043 -0.289945 0
    outer loop
      vertex 31.2784 14.4339 5
      vertex 31.304 14.3494 0
      vertex 31.304 14.3494 5
    endloop
  endfacet
  facet normal -0.973758 -0.227588 0
    outer loop
      vertex 31.3241 14.2634 0
      vertex 31.304 14.3494 5
      vertex 31.304 14.3494 0
    endloop
  endfacet
  facet normal -0.973758 -0.227588 0
    outer loop
      vertex 31.304 14.3494 5
      vertex 31.3241 14.2634 0
      vertex 31.3241 14.2634 5
    endloop
  endfacet
  facet normal 0.973758 -0.227588 0
    outer loop
      vertex 20.6759 14.2634 5
      vertex 20.696 14.3494 0
      vertex 20.696 14.3494 5
    endloop
  endfacet
  facet normal 0.973758 -0.227588 0
    outer loop
      vertex 20.696 14.3494 0
      vertex 20.6759 14.2634 5
      vertex 20.6759 14.2634 0
    endloop
  endfacet
  facet normal 0.957043 -0.289945 0
    outer loop
      vertex 20.696 14.3494 5
      vertex 20.7216 14.4339 0
      vertex 20.7216 14.4339 5
    endloop
  endfacet
  facet normal 0.957043 -0.289945 0
    outer loop
      vertex 20.7216 14.4339 0
      vertex 20.696 14.3494 5
      vertex 20.696 14.3494 0
    endloop
  endfacet
  facet normal 0.729925 -0.683527 0
    outer loop
      vertex 20.985 14.8901 5
      vertex 21.0454 14.9546 0
      vertex 21.0454 14.9546 5
    endloop
  endfacet
  facet normal 0.729925 -0.683527 0
    outer loop
      vertex 21.0454 14.9546 0
      vertex 20.985 14.8901 5
      vertex 20.985 14.8901 0
    endloop
  endfacet
  facet normal 0.683527 -0.729925 0
    outer loop
      vertex 21.0454 14.9546 0
      vertex 21.1099 15.015 5
      vertex 21.0454 14.9546 5
    endloop
  endfacet
  facet normal 0.683527 -0.729925 0
    outer loop
      vertex 21.1099 15.015 5
      vertex 21.0454 14.9546 0
      vertex 21.1099 15.015 0
    endloop
  endfacet
  facet normal 0.227588 -0.973758 0
    outer loop
      vertex 21.6506 15.304 0
      vertex 21.7366 15.3241 5
      vertex 21.6506 15.304 5
    endloop
  endfacet
  facet normal 0.227588 -0.973758 0
    outer loop
      vertex 21.7366 15.3241 5
      vertex 21.6506 15.304 0
      vertex 21.7366 15.3241 0
    endloop
  endfacet
  facet normal 0.471939 -0.881631 0
    outer loop
      vertex 21.325 15.1691 0
      vertex 21.4029 15.2108 5
      vertex 21.325 15.1691 5
    endloop
  endfacet
  facet normal 0.471939 -0.881631 0
    outer loop
      vertex 21.4029 15.2108 5
      vertex 21.325 15.1691 0
      vertex 21.4029 15.2108 0
    endloop
  endfacet
  facet normal -0.957043 0.289945 0
    outer loop
      vertex 31.2784 13.5661 0
      vertex 31.304 13.6506 5
      vertex 31.304 13.6506 0
    endloop
  endfacet
  facet normal -0.957043 0.289945 0
    outer loop
      vertex 31.304 13.6506 5
      vertex 31.2784 13.5661 0
      vertex 31.2784 13.5661 5
    endloop
  endfacet
  facet normal -0.973758 0.227588 0
    outer loop
      vertex 31.304 13.6506 0
      vertex 31.3241 13.7366 5
      vertex 31.3241 13.7366 0
    endloop
  endfacet
  facet normal -0.973758 0.227588 0
    outer loop
      vertex 31.3241 13.7366 5
      vertex 31.304 13.6506 0
      vertex 31.304 13.6506 5
    endloop
  endfacet
  facet normal -0.911179 0.412011 0
    outer loop
      vertex 31.2108 13.4029 0
      vertex 31.2472 13.4834 5
      vertex 31.2472 13.4834 0
    endloop
  endfacet
  facet normal -0.911179 0.412011 0
    outer loop
      vertex 31.2472 13.4834 5
      vertex 31.2108 13.4029 0
      vertex 31.2108 13.4029 5
    endloop
  endfacet
  facet normal -0.683527 0.729925 0
    outer loop
      vertex 30.9546 13.0454 0
      vertex 30.8901 12.985 5
      vertex 30.9546 13.0454 5
    endloop
  endfacet
  facet normal -0.683527 0.729925 0
    outer loop
      vertex 30.8901 12.985 5
      vertex 30.9546 13.0454 0
      vertex 30.8901 12.985 0
    endloop
  endfacet
  facet normal -0.471939 0.881631 0
    outer loop
      vertex 30.675 12.8309 0
      vertex 30.5971 12.7892 5
      vertex 30.675 12.8309 5
    endloop
  endfacet
  facet normal -0.471939 0.881631 0
    outer loop
      vertex 30.5971 12.7892 5
      vertex 30.675 12.8309 0
      vertex 30.5971 12.7892 0
    endloop
  endfacet
  facet normal -0.412011 0.911179 0
    outer loop
      vertex 30.5971 12.7892 0
      vertex 30.5166 12.7528 5
      vertex 30.5971 12.7892 5
    endloop
  endfacet
  facet normal -0.412011 0.911179 0
    outer loop
      vertex 30.5166 12.7528 5
      vertex 30.5971 12.7892 0
      vertex 30.5166 12.7528 0
    endloop
  endfacet
  facet normal -0.582843 0.812585 0
    outer loop
      vertex 30.8218 12.929 0
      vertex 30.75 12.8775 5
      vertex 30.8218 12.929 5
    endloop
  endfacet
  facet normal -0.582843 0.812585 0
    outer loop
      vertex 30.75 12.8775 5
      vertex 30.8218 12.929 0
      vertex 30.75 12.8775 0
    endloop
  endfacet
  facet normal -0.289945 0.957043 0
    outer loop
      vertex 30.4339 12.7216 0
      vertex 30.3494 12.696 5
      vertex 30.4339 12.7216 5
    endloop
  endfacet
  facet normal -0.289945 0.957043 0
    outer loop
      vertex 30.3494 12.696 5
      vertex 30.4339 12.7216 0
      vertex 30.3494 12.696 0
    endloop
  endfacet
  facet normal -0.227588 0.973758 0
    outer loop
      vertex 30.3494 12.696 0
      vertex 30.2634 12.6759 5
      vertex 30.3494 12.696 5
    endloop
  endfacet
  facet normal -0.227588 0.973758 0
    outer loop
      vertex 30.2634 12.6759 5
      vertex 30.3494 12.696 0
      vertex 30.2634 12.6759 0
    endloop
  endfacet
  facet normal -0.162931 0.986637 0
    outer loop
      vertex 30.2634 12.6759 0
      vertex 30.1762 12.6615 5
      vertex 30.2634 12.6759 5
    endloop
  endfacet
  facet normal -0.162931 0.986637 0
    outer loop
      vertex 30.1762 12.6615 5
      vertex 30.2634 12.6759 0
      vertex 30.1762 12.6615 0
    endloop
  endfacet
  facet normal -0.352983 0.93563 0
    outer loop
      vertex 30.5166 12.7528 0
      vertex 30.4339 12.7216 5
      vertex 30.5166 12.7528 5
    endloop
  endfacet
  facet normal -0.352983 0.93563 0
    outer loop
      vertex 30.4339 12.7216 5
      vertex 30.5166 12.7528 0
      vertex 30.4339 12.7216 0
    endloop
  endfacet
  facet normal -0.527757 0.849395 0
    outer loop
      vertex 30.75 12.8775 0
      vertex 30.675 12.8309 5
      vertex 30.75 12.8775 5
    endloop
  endfacet
  facet normal -0.527757 0.849395 0
    outer loop
      vertex 30.675 12.8309 5
      vertex 30.75 12.8775 0
      vertex 30.675 12.8309 0
    endloop
  endfacet
  facet normal 1 -0 0
    outer loop
      vertex 19.8 40 22.85
      vertex 19.8 43 9.15
      vertex 19.8 43 22.85
    endloop
  endfacet
  facet normal 1 0 0
    outer loop
      vertex 19.8 43 9.15
      vertex 19.8 40 22.85
      vertex 19.8 40 9.15
    endloop
  endfacet
  facet normal 0 0 -1
    outer loop
      vertex 19.8 40 22.85
      vertex 44.2 43 22.85
      vertex 44.2 40 22.85
    endloop
  endfacet
  facet normal -0 0 -1
    outer loop
      vertex 44.2 43 22.85
      vertex 19.8 40 22.85
      vertex 19.8 43 22.85
    endloop
  endfacet
  facet normal -1 0 0
    outer loop
      vertex 44.2 40 9.15
      vertex 44.2 43 22.85
      vertex 44.2 43 9.15
    endloop
  endfacet
  facet normal -1 -0 0
    outer loop
      vertex 44.2 43 22.85
      vertex 44.2 40 9.15
      vertex 44.2 40 22.85
    endloop
  endfacet
  facet normal -0 0 1
    outer loop
      vertex 19.8 43 9.15
      vertex 44.2 40 9.15
      vertex 44.2 43 9.15
    endloop
  endfacet
  facet normal 0 0 1
    outer loop
      vertex 44.2 40 9.15
      vertex 19.8 43 9.15
      vertex 19.8 40 9.15
    endloop
  endfacet
  facet normal -0.999455 -0.0330095 0
    outer loop
      vertex 20.5 14 0
      vertex 20.4946 14.1635 5
      vertex 20.4946 14.1635 0
    endloop
  endfacet
  facet normal -0.999455 -0.0330095 0
    outer loop
      vertex 20.4946 14.1635 5
      vertex 20.5 14 0
      vertex 20.5 14 5
    endloop
  endfacet
  facet normal 0.999455 0.0330095 0
    outer loop
      vertex 15.5054 13.8365 5
      vertex 15.5 14 0
      vertex 15.5 14 5
    endloop
  endfacet
  facet normal 0.999455 0.0330095 0
    outer loop
      vertex 15.5 14 0
      vertex 15.5054 13.8365 5
      vertex 15.5054 13.8365 0
    endloop
  endfacet
  facet normal 0.0330095 -0.999455 0
    outer loop
      vertex 17.8365 16.4946 0
      vertex 18 16.5 5
      vertex 17.8365 16.4946 5
    endloop
  endfacet
  facet normal 0.0330095 -0.999455 0
    outer loop
      vertex 18 16.5 5
      vertex 17.8365 16.4946 0
      vertex 18 16.5 0
    endloop
  endfacet
  facet normal -0.683494 -0.729956 0
    outer loop
      vertex 19.6484 15.8796 0
      vertex 19.7678 15.7678 5
      vertex 19.6484 15.8796 5
    endloop
  endfacet
  facet normal -0.683494 -0.729956 -0
    outer loop
      vertex 19.7678 15.7678 5
      vertex 19.6484 15.8796 0
      vertex 19.7678 15.7678 0
    endloop
  endfacet
  facet normal 0.729956 -0.683494 0
    outer loop
      vertex 16.1204 15.6484 5
      vertex 16.2322 15.7678 0
      vertex 16.2322 15.7678 5
    endloop
  endfacet
  facet normal 0.729956 -0.683494 0
    outer loop
      vertex 16.2322 15.7678 0
      vertex 16.1204 15.6484 5
      vertex 16.1204 15.6484 0
    endloop
  endfacet
  facet normal 0.956947 0.290262 0
    outer loop
      vertex 15.6327 13.1964 5
      vertex 15.5852 13.353 0
      vertex 15.5852 13.353 5
    endloop
  endfacet
  facet normal 0.956947 0.290262 0
    outer loop
      vertex 15.5852 13.353 0
      vertex 15.6327 13.1964 5
      vertex 15.6327 13.1964 0
    endloop
  endfacet
  facet normal -0.910889 -0.412651 0
    outer loop
      vertex 20.3097 14.9567 0
      vertex 20.2422 15.1057 5
      vertex 20.2422 15.1057 0
    endloop
  endfacet
  facet normal -0.910889 -0.412651 0
    outer loop
      vertex 20.2422 15.1057 5
      vertex 20.3097 14.9567 0
      vertex 20.3097 14.9567 5
    endloop
  endfacet
  facet normal -0.412651 -0.910889 0
    outer loop
      vertex 18.9567 16.3097 0
      vertex 19.1057 16.2422 5
      vertex 18.9567 16.3097 5
    endloop
  endfacet
  facet normal -0.412651 -0.910889 -0
    outer loop
      vertex 19.1057 16.2422 5
      vertex 18.9567 16.3097 0
      vertex 19.1057 16.2422 0
    endloop
  endfacet
  facet normal 0.881997 -0.471254 0
    outer loop
      vertex 15.7578 15.1057 5
      vertex 15.8349 15.25 0
      vertex 15.8349 15.25 5
    endloop
  endfacet
  facet normal 0.881997 -0.471254 0
    outer loop
      vertex 15.8349 15.25 0
      vertex 15.7578 15.1057 5
      vertex 15.7578 15.1057 0
    endloop
  endfacet
  facet normal 0.162614 -0.98669 0
    outer loop
      vertex 17.5123 16.452 0
      vertex 17.6737 16.4786 5
      vertex 17.5123 16.452 5
    endloop
  endfacet
  facet normal 0.162614 -0.98669 0
    outer loop
      vertex 17.6737 16.4786 5
      vertex 17.5123 16.452 0
      vertex 17.6737 16.4786 0
    endloop
  endfacet
  facet normal -0.881997 0.471254 0
    outer loop
      vertex 20.1651 12.75 0
      vertex 20.2422 12.8943 5
      vertex 20.2422 12.8943 0
    endloop
  endfacet
  facet normal -0.881997 0.471254 0
    outer loop
      vertex 20.2422 12.8943 5
      vertex 20.1651 12.75 0
      vertex 20.1651 12.75 5
    endloop
  endfacet
  facet normal -0.290262 0.956947 0
    outer loop
      vertex 18.8036 11.6327 0
      vertex 18.647 11.5852 5
      vertex 18.8036 11.6327 5
    endloop
  endfacet
  facet normal -0.290262 0.956947 0
    outer loop
      vertex 18.647 11.5852 5
      vertex 18.8036 11.6327 0
      vertex 18.647 11.5852 0
    endloop
  endfacet
  facet normal -0.729956 0.683494 0
    outer loop
      vertex 19.7678 12.2322 0
      vertex 19.8796 12.3516 5
      vertex 19.8796 12.3516 0
    endloop
  endfacet
  facet normal -0.729956 0.683494 0
    outer loop
      vertex 19.8796 12.3516 5
      vertex 19.7678 12.2322 0
      vertex 19.7678 12.2322 5
    endloop
  endfacet
  facet normal -0.956947 0.290262 0
    outer loop
      vertex 20.3673 13.1964 0
      vertex 20.4148 13.353 5
      vertex 20.4148 13.353 0
    endloop
  endfacet
  facet normal -0.956947 0.290262 0
    outer loop
      vertex 20.4148 13.353 5
      vertex 20.3673 13.1964 0
      vertex 20.3673 13.1964 5
    endloop
  endfacet
  facet normal 0.290262 0.956947 -0
    outer loop
      vertex 17.353 11.5852 0
      vertex 17.1964 11.6327 5
      vertex 17.353 11.5852 5
    endloop
  endfacet
  facet normal 0.290262 0.956947 0
    outer loop
      vertex 17.1964 11.6327 5
      vertex 17.353 11.5852 0
      vertex 17.1964 11.6327 0
    endloop
  endfacet
  facet normal -0.995205 -0.0978089 0
    outer loop
      vertex 20.4946 14.1635 0
      vertex 20.4786 14.3263 5
      vertex 20.4786 14.3263 0
    endloop
  endfacet
  facet normal -0.995205 -0.0978089 0
    outer loop
      vertex 20.4786 14.3263 5
      vertex 20.4946 14.1635 0
      vertex 20.4946 14.1635 5
    endloop
  endfacet
  facet normal -0.956947 -0.290262 0
    outer loop
      vertex 20.4148 14.647 0
      vertex 20.3673 14.8036 5
      vertex 20.3673 14.8036 0
    endloop
  endfacet
  facet normal -0.956947 -0.290262 0
    outer loop
      vertex 20.3673 14.8036 5
      vertex 20.4148 14.647 0
      vertex 20.4148 14.647 5
    endloop
  endfacet
  facet normal -0.812865 -0.582452 0
    outer loop
      vertex 20.0787 15.3889 0
      vertex 19.9834 15.5219 5
      vertex 19.9834 15.5219 0
    endloop
  endfacet
  facet normal -0.812865 -0.582452 0
    outer loop
      vertex 19.9834 15.5219 5
      vertex 20.0787 15.3889 0
      vertex 20.0787 15.3889 5
    endloop
  endfacet
  facet normal -0.729956 -0.683494 0
    outer loop
      vertex 19.8796 15.6484 0
      vertex 19.7678 15.7678 5
      vertex 19.7678 15.7678 0
    endloop
  endfacet
  facet normal -0.729956 -0.683494 0
    outer loop
      vertex 19.7678 15.7678 5
      vertex 19.8796 15.6484 0
      vertex 19.8796 15.6484 5
    endloop
  endfacet
  facet normal -0.162614 -0.98669 0
    outer loop
      vertex 18.3263 16.4786 0
      vertex 18.4877 16.452 5
      vertex 18.3263 16.4786 5
    endloop
  endfacet
  facet normal -0.162614 -0.98669 -0
    outer loop
      vertex 18.4877 16.452 5
      vertex 18.3263 16.4786 0
      vertex 18.4877 16.452 0
    endloop
  endfacet
  facet normal -0.290262 -0.956947 0
    outer loop
      vertex 18.647 16.4148 0
      vertex 18.8036 16.3673 5
      vertex 18.647 16.4148 5
    endloop
  endfacet
  facet normal -0.290262 -0.956947 -0
    outer loop
      vertex 18.8036 16.3673 5
      vertex 18.647 16.4148 0
      vertex 18.8036 16.3673 0
    endloop
  endfacet
  facet normal -0.471254 -0.881997 0
    outer loop
      vertex 19.1057 16.2422 0
      vertex 19.25 16.1651 5
      vertex 19.1057 16.2422 5
    endloop
  endfacet
  facet normal -0.471254 -0.881997 -0
    outer loop
      vertex 19.25 16.1651 5
      vertex 19.1057 16.2422 0
      vertex 19.25 16.1651 0
    endloop
  endfacet
  facet normal -0.634335 -0.773058 0
    outer loop
      vertex 19.5219 15.9834 0
      vertex 19.6484 15.8796 5
      vertex 19.5219 15.9834 5
    endloop
  endfacet
  facet normal -0.634335 -0.773058 -0
    outer loop
      vertex 19.6484 15.8796 5
      vertex 19.5219 15.9834 0
      vertex 19.6484 15.8796 0
    endloop
  endfacet
  facet normal 0.98669 -0.162614 0
    outer loop
      vertex 15.5214 14.3263 5
      vertex 15.548 14.4877 0
      vertex 15.548 14.4877 5
    endloop
  endfacet
  facet normal 0.98669 -0.162614 0
    outer loop
      vertex 15.548 14.4877 0
      vertex 15.5214 14.3263 5
      vertex 15.5214 14.3263 0
    endloop
  endfacet
  facet normal 0.956947 -0.290262 0
    outer loop
      vertex 15.5852 14.647 5
      vertex 15.6327 14.8036 0
      vertex 15.6327 14.8036 5
    endloop
  endfacet
  facet normal 0.956947 -0.290262 0
    outer loop
      vertex 15.6327 14.8036 0
      vertex 15.5852 14.647 5
      vertex 15.5852 14.647 0
    endloop
  endfacet
  facet normal 0.995205 -0.0978089 0
    outer loop
      vertex 15.5054 14.1635 5
      vertex 15.5214 14.3263 0
      vertex 15.5214 14.3263 5
    endloop
  endfacet
  facet normal 0.995205 -0.0978089 0
    outer loop
      vertex 15.5214 14.3263 0
      vertex 15.5054 14.1635 5
      vertex 15.5054 14.1635 0
    endloop
  endfacet
  facet normal 0.582452 -0.812865 0
    outer loop
      vertex 16.4781 15.9834 0
      vertex 16.6111 16.0787 5
      vertex 16.4781 15.9834 5
    endloop
  endfacet
  facet normal 0.582452 -0.812865 0
    outer loop
      vertex 16.6111 16.0787 5
      vertex 16.4781 15.9834 0
      vertex 16.6111 16.0787 0
    endloop
  endfacet
  facet normal 0.683494 -0.729956 0
    outer loop
      vertex 16.2322 15.7678 0
      vertex 16.3516 15.8796 5
      vertex 16.2322 15.7678 5
    endloop
  endfacet
  facet normal 0.683494 -0.729956 0
    outer loop
      vertex 16.3516 15.8796 5
      vertex 16.2322 15.7678 0
      vertex 16.3516 15.8796 0
    endloop
  endfacet
  facet normal 0.352128 -0.935952 0
    outer loop
      vertex 17.0433 16.3097 0
      vertex 17.1964 16.3673 5
      vertex 17.0433 16.3097 5
    endloop
  endfacet
  facet normal 0.352128 -0.935952 0
    outer loop
      vertex 17.1964 16.3673 5
      vertex 17.0433 16.3097 0
      vertex 17.1964 16.3673 0
    endloop
  endfacet
  facet normal 0.0978089 -0.995205 0
    outer loop
      vertex 17.6737 16.4786 0
      vertex 17.8365 16.4946 5
      vertex 17.6737 16.4786 5
    endloop
  endfacet
  facet normal 0.0978089 -0.995205 0
    outer loop
      vertex 17.8365 16.4946 5
      vertex 17.6737 16.4786 0
      vertex 17.8365 16.4946 0
    endloop
  endfacet
  facet normal -0.0978089 0.995205 0
    outer loop
      vertex 18.3263 11.5214 0
      vertex 18.1635 11.5054 5
      vertex 18.3263 11.5214 5
    endloop
  endfacet
  facet normal -0.0978089 0.995205 0
    outer loop
      vertex 18.1635 11.5054 5
      vertex 18.3263 11.5214 0
      vertex 18.1635 11.5054 0
    endloop
  endfacet
  facet normal -0.773058 0.634335 0
    outer loop
      vertex 19.8796 12.3516 0
      vertex 19.9834 12.4781 5
      vertex 19.9834 12.4781 0
    endloop
  endfacet
  facet normal -0.773058 0.634335 0
    outer loop
      vertex 19.9834 12.4781 5
      vertex 19.8796 12.3516 0
      vertex 19.8796 12.3516 5
    endloop
  endfacet
  facet normal 0.634335 0.773058 -0
    outer loop
      vertex 16.4781 12.0166 0
      vertex 16.3516 12.1204 5
      vertex 16.4781 12.0166 5
    endloop
  endfacet
  facet normal 0.634335 0.773058 0
    outer loop
      vertex 16.3516 12.1204 5
      vertex 16.4781 12.0166 0
      vertex 16.3516 12.1204 0
    endloop
  endfacet
  facet normal 0.471254 0.881997 -0
    outer loop
      vertex 16.8943 11.7578 0
      vertex 16.75 11.8349 5
      vertex 16.8943 11.7578 5
    endloop
  endfacet
  facet normal 0.471254 0.881997 0
    outer loop
      vertex 16.75 11.8349 5
      vertex 16.8943 11.7578 0
      vertex 16.75 11.8349 0
    endloop
  endfacet
  facet normal 0.0978089 0.995205 -0
    outer loop
      vertex 17.8365 11.5054 0
      vertex 17.6737 11.5214 5
      vertex 17.8365 11.5054 5
    endloop
  endfacet
  facet normal 0.0978089 0.995205 0
    outer loop
      vertex 17.6737 11.5214 5
      vertex 17.8365 11.5054 0
      vertex 17.6737 11.5214 0
    endloop
  endfacet
  facet normal 0.881997 0.471254 0
    outer loop
      vertex 15.8349 12.75 5
      vertex 15.7578 12.8943 0
      vertex 15.7578 12.8943 5
    endloop
  endfacet
  facet normal 0.881997 0.471254 0
    outer loop
      vertex 15.7578 12.8943 0
      vertex 15.8349 12.75 5
      vertex 15.8349 12.75 0
    endloop
  endfacet
  facet normal 0.995205 0.0978089 0
    outer loop
      vertex 15.5214 13.6737 5
      vertex 15.5054 13.8365 0
      vertex 15.5054 13.8365 5
    endloop
  endfacet
  facet normal 0.995205 0.0978089 0
    outer loop
      vertex 15.5054 13.8365 0
      vertex 15.5214 13.6737 5
      vertex 15.5214 13.6737 0
    endloop
  endfacet
  facet normal -0.973801 -0.227404 0
    outer loop
      vertex 20.452 14.4877 0
      vertex 20.4148 14.647 5
      vertex 20.4148 14.647 0
    endloop
  endfacet
  facet normal -0.973801 -0.227404 0
    outer loop
      vertex 20.4148 14.647 5
      vertex 20.452 14.4877 0
      vertex 20.452 14.4877 5
    endloop
  endfacet
  facet normal -0.98669 -0.162614 0
    outer loop
      vertex 20.4786 14.3263 0
      vertex 20.452 14.4877 5
      vertex 20.452 14.4877 0
    endloop
  endfacet
  facet normal -0.98669 -0.162614 0
    outer loop
      vertex 20.452 14.4877 5
      vertex 20.4786 14.3263 0
      vertex 20.4786 14.3263 5
    endloop
  endfacet
  facet normal -0.935952 -0.352128 0
    outer loop
      vertex 20.3673 14.8036 0
      vertex 20.3097 14.9567 5
      vertex 20.3097 14.9567 0
    endloop
  endfacet
  facet normal -0.935952 -0.352128 0
    outer loop
      vertex 20.3097 14.9567 5
      vertex 20.3673 14.8036 0
      vertex 20.3673 14.8036 5
    endloop
  endfacet
  facet normal -0.773058 -0.634335 0
    outer loop
      vertex 19.9834 15.5219 0
      vertex 19.8796 15.6484 5
      vertex 19.8796 15.6484 0
    endloop
  endfacet
  facet normal -0.773058 -0.634335 0
    outer loop
      vertex 19.8796 15.6484 5
      vertex 19.9834 15.5219 0
      vertex 19.9834 15.5219 5
    endloop
  endfacet
  facet normal -0.84913 -0.528184 0
    outer loop
      vertex 20.1651 15.25 0
      vertex 20.0787 15.3889 5
      vertex 20.0787 15.3889 0
    endloop
  endfacet
  facet normal -0.84913 -0.528184 0
    outer loop
      vertex 20.0787 15.3889 5
      vertex 20.1651 15.25 0
      vertex 20.1651 15.25 5
    endloop
  endfacet
  facet normal -0.881997 -0.471254 0
    outer loop
      vertex 20.2422 15.1057 0
      vertex 20.1651 15.25 5
      vertex 20.1651 15.25 0
    endloop
  endfacet
  facet normal -0.881997 -0.471254 0
    outer loop
      vertex 20.1651 15.25 5
      vertex 20.2422 15.1057 0
      vertex 20.2422 15.1057 5
    endloop
  endfacet
  facet normal -0.227404 -0.973801 0
    outer loop
      vertex 18.4877 16.452 0
      vertex 18.647 16.4148 5
      vertex 18.4877 16.452 5
    endloop
  endfacet
  facet normal -0.227404 -0.973801 -0
    outer loop
      vertex 18.647 16.4148 5
      vertex 18.4877 16.452 0
      vertex 18.647 16.4148 0
    endloop
  endfacet
  facet normal -0.0978089 -0.995205 0
    outer loop
      vertex 18.1635 16.4946 0
      vertex 18.3263 16.4786 5
      vertex 18.1635 16.4946 5
    endloop
  endfacet
  facet normal -0.0978089 -0.995205 -0
    outer loop
      vertex 18.3263 16.4786 5
      vertex 18.1635 16.4946 0
      vertex 18.3263 16.4786 0
    endloop
  endfacet
  facet normal -0.0330095 -0.999455 0
    outer loop
      vertex 18 16.5 0
      vertex 18.1635 16.4946 5
      vertex 18 16.5 5
    endloop
  endfacet
  facet normal -0.0330095 -0.999455 -0
    outer loop
      vertex 18.1635 16.4946 5
      vertex 18 16.5 0
      vertex 18.1635 16.4946 0
    endloop
  endfacet
  facet normal -0.352128 -0.935952 0
    outer loop
      vertex 18.8036 16.3673 0
      vertex 18.9567 16.3097 5
      vertex 18.8036 16.3673 5
    endloop
  endfacet
  facet normal -0.352128 -0.935952 -0
    outer loop
      vertex 18.9567 16.3097 5
      vertex 18.8036 16.3673 0
      vertex 18.9567 16.3097 0
    endloop
  endfacet
  facet normal -0.528184 -0.84913 0
    outer loop
      vertex 19.25 16.1651 0
      vertex 19.3889 16.0787 5
      vertex 19.25 16.1651 5
    endloop
  endfacet
  facet normal -0.528184 -0.84913 -0
    outer loop
      vertex 19.3889 16.0787 5
      vertex 19.25 16.1651 0
      vertex 19.3889 16.0787 0
    endloop
  endfacet
  facet normal -0.582452 -0.812865 0
    outer loop
      vertex 19.3889 16.0787 0
      vertex 19.5219 15.9834 5
      vertex 19.3889 16.0787 5
    endloop
  endfacet
  facet normal -0.582452 -0.812865 -0
    outer loop
      vertex 19.5219 15.9834 5
      vertex 19.3889 16.0787 0
      vertex 19.5219 15.9834 0
    endloop
  endfacet
  facet normal 0.935952 -0.352128 0
    outer loop
      vertex 15.6327 14.8036 5
      vertex 15.6903 14.9567 0
      vertex 15.6903 14.9567 5
    endloop
  endfacet
  facet normal 0.935952 -0.352128 0
    outer loop
      vertex 15.6903 14.9567 0
      vertex 15.6327 14.8036 5
      vertex 15.6327 14.8036 0
    endloop
  endfacet
  facet normal 0.910889 -0.412651 0
    outer loop
      vertex 15.6903 14.9567 5
      vertex 15.7578 15.1057 0
      vertex 15.7578 15.1057 5
    endloop
  endfacet
  facet normal 0.910889 -0.412651 0
    outer loop
      vertex 15.7578 15.1057 0
      vertex 15.6903 14.9567 5
      vertex 15.6903 14.9567 0
    endloop
  endfacet
  facet normal 0.973801 -0.227404 0
    outer loop
      vertex 15.548 14.4877 5
      vertex 15.5852 14.647 0
      vertex 15.5852 14.647 5
    endloop
  endfacet
  facet normal 0.973801 -0.227404 0
    outer loop
      vertex 15.5852 14.647 0
      vertex 15.548 14.4877 5
      vertex 15.548 14.4877 0
    endloop
  endfacet
  facet normal 0.999455 -0.0330095 0
    outer loop
      vertex 15.5 14 5
      vertex 15.5054 14.1635 0
      vertex 15.5054 14.1635 5
    endloop
  endfacet
  facet normal 0.999455 -0.0330095 0
    outer loop
      vertex 15.5054 14.1635 0
      vertex 15.5 14 5
      vertex 15.5 14 0
    endloop
  endfacet
  facet normal 0.471254 -0.881997 0
    outer loop
      vertex 16.75 16.1651 0
      vertex 16.8943 16.2422 5
      vertex 16.75 16.1651 5
    endloop
  endfacet
  facet normal 0.471254 -0.881997 0
    outer loop
      vertex 16.8943 16.2422 5
      vertex 16.75 16.1651 0
      vertex 16.8943 16.2422 0
    endloop
  endfacet
  facet normal 0.528184 -0.84913 0
    outer loop
      vertex 16.6111 16.0787 0
      vertex 16.75 16.1651 5
      vertex 16.6111 16.0787 5
    endloop
  endfacet
  facet normal 0.528184 -0.84913 0
    outer loop
      vertex 16.75 16.1651 5
      vertex 16.6111 16.0787 0
      vertex 16.75 16.1651 0
    endloop
  endfacet
  facet normal 0.634335 -0.773058 0
    outer loop
      vertex 16.3516 15.8796 0
      vertex 16.4781 15.9834 5
      vertex 16.3516 15.8796 5
    endloop
  endfacet
  facet normal 0.634335 -0.773058 0
    outer loop
      vertex 16.4781 15.9834 5
      vertex 16.3516 15.8796 0
      vertex 16.4781 15.9834 0
    endloop
  endfacet
  facet normal 0.412651 -0.910889 0
    outer loop
      vertex 16.8943 16.2422 0
      vertex 17.0433 16.3097 5
      vertex 16.8943 16.2422 5
    endloop
  endfacet
  facet normal 0.412651 -0.910889 0
    outer loop
      vertex 17.0433 16.3097 5
      vertex 16.8943 16.2422 0
      vertex 17.0433 16.3097 0
    endloop
  endfacet
  facet normal 0.290262 -0.956947 0
    outer loop
      vertex 17.1964 16.3673 0
      vertex 17.353 16.4148 5
      vertex 17.1964 16.3673 5
    endloop
  endfacet
  facet normal 0.290262 -0.956947 0
    outer loop
      vertex 17.353 16.4148 5
      vertex 17.1964 16.3673 0
      vertex 17.353 16.4148 0
    endloop
  endfacet
  facet normal 0.227404 -0.973801 0
    outer loop
      vertex 17.353 16.4148 0
      vertex 17.5123 16.452 5
      vertex 17.353 16.4148 5
    endloop
  endfacet
  facet normal 0.227404 -0.973801 0
    outer loop
      vertex 17.5123 16.452 5
      vertex 17.353 16.4148 0
      vertex 17.5123 16.452 0
    endloop
  endfacet
  facet normal -0.227404 0.973801 0
    outer loop
      vertex 18.647 11.5852 0
      vertex 18.4877 11.548 5
      vertex 18.647 11.5852 5
    endloop
  endfacet
  facet normal -0.227404 0.973801 0
    outer loop
      vertex 18.4877 11.548 5
      vertex 18.647 11.5852 0
      vertex 18.4877 11.548 0
    endloop
  endfacet
  facet normal -0.162614 0.98669 0
    outer loop
      vertex 18.4877 11.548 0
      vertex 18.3263 11.5214 5
      vertex 18.4877 11.548 5
    endloop
  endfacet
  facet normal -0.162614 0.98669 0
    outer loop
      vertex 18.3263 11.5214 5
      vertex 18.4877 11.548 0
      vertex 18.3263 11.5214 0
    endloop
  endfacet
  facet normal -0.352128 0.935952 0
    outer loop
      vertex 18.9567 11.6903 0
      vertex 18.8036 11.6327 5
      vertex 18.9567 11.6903 5
    endloop
  endfacet
  facet normal -0.352128 0.935952 0
    outer loop
      vertex 18.8036 11.6327 5
      vertex 18.9567 11.6903 0
      vertex 18.8036 11.6327 0
    endloop
  endfacet
  facet normal -0.634335 0.773058 0
    outer loop
      vertex 19.6484 12.1204 0
      vertex 19.5219 12.0166 5
      vertex 19.6484 12.1204 5
    endloop
  endfacet
  facet normal -0.634335 0.773058 0
    outer loop
      vertex 19.5219 12.0166 5
      vertex 19.6484 12.1204 0
      vertex 19.5219 12.0166 0
    endloop
  endfacet
  facet normal -0.582452 0.812865 0
    outer loop
      vertex 19.5219 12.0166 0
      vertex 19.3889 11.9213 5
      vertex 19.5219 12.0166 5
    endloop
  endfacet
  facet normal -0.582452 0.812865 0
    outer loop
      vertex 19.3889 11.9213 5
      vertex 19.5219 12.0166 0
      vertex 19.3889 11.9213 0
    endloop
  endfacet
  facet normal -0.471254 0.881997 0
    outer loop
      vertex 19.25 11.8349 0
      vertex 19.1057 11.7578 5
      vertex 19.25 11.8349 5
    endloop
  endfacet
  facet normal -0.471254 0.881997 0
    outer loop
      vertex 19.1057 11.7578 5
      vertex 19.25 11.8349 0
      vertex 19.1057 11.7578 0
    endloop
  endfacet
  facet normal -0.812865 0.582452 0
    outer loop
      vertex 19.9834 12.4781 0
      vertex 20.0787 12.6111 5
      vertex 20.0787 12.6111 0
    endloop
  endfacet
  facet normal -0.812865 0.582452 0
    outer loop
      vertex 20.0787 12.6111 5
      vertex 19.9834 12.4781 0
      vertex 19.9834 12.4781 5
    endloop
  endfacet
  facet normal -0.910889 0.412651 0
    outer loop
      vertex 20.2422 12.8943 0
      vertex 20.3097 13.0433 5
      vertex 20.3097 13.0433 0
    endloop
  endfacet
  facet normal -0.910889 0.412651 0
    outer loop
      vertex 20.3097 13.0433 5
      vertex 20.2422 12.8943 0
      vertex 20.2422 12.8943 5
    endloop
  endfacet
  facet normal -0.973801 0.227404 0
    outer loop
      vertex 20.4148 13.353 0
      vertex 20.452 13.5123 5
      vertex 20.452 13.5123 0
    endloop
  endfacet
  facet normal -0.973801 0.227404 0
    outer loop
      vertex 20.452 13.5123 5
      vertex 20.4148 13.353 0
      vertex 20.4148 13.353 5
    endloop
  endfacet
  facet normal -0.995205 0.0978089 0
    outer loop
      vertex 20.4786 13.6737 0
      vertex 20.4946 13.8365 5
      vertex 20.4946 13.8365 0
    endloop
  endfacet
  facet normal -0.995205 0.0978089 0
    outer loop
      vertex 20.4946 13.8365 5
      vertex 20.4786 13.6737 0
      vertex 20.4786 13.6737 5
    endloop
  endfacet
  facet normal 0.582452 0.812865 -0
    outer loop
      vertex 16.6111 11.9213 0
      vertex 16.4781 12.0166 5
      vertex 16.6111 11.9213 5
    endloop
  endfacet
  facet normal 0.582452 0.812865 0
    outer loop
      vertex 16.4781 12.0166 5
      vertex 16.6111 11.9213 0
      vertex 16.4781 12.0166 0
    endloop
  endfacet
  facet normal 0.412651 0.910889 -0
    outer loop
      vertex 17.0433 11.6903 0
      vertex 16.8943 11.7578 5
      vertex 17.0433 11.6903 5
    endloop
  endfacet
  facet normal 0.412651 0.910889 0
    outer loop
      vertex 16.8943 11.7578 5
      vertex 17.0433 11.6903 0
      vertex 16.8943 11.7578 0
    endloop
  endfacet
  facet normal 0.162614 0.98669 -0
    outer loop
      vertex 17.6737 11.5214 0
      vertex 17.5123 11.548 5
      vertex 17.6737 11.5214 5
    endloop
  endfacet
  facet normal 0.162614 0.98669 0
    outer loop
      vertex 17.5123 11.548 5
      vertex 17.6737 11.5214 0
      vertex 17.5123 11.548 0
    endloop
  endfacet
  facet normal 0.227404 0.973801 -0
    outer loop
      vertex 17.5123 11.548 0
      vertex 17.353 11.5852 5
      vertex 17.5123 11.548 5
    endloop
  endfacet
  facet normal 0.227404 0.973801 0
    outer loop
      vertex 17.353 11.5852 5
      vertex 17.5123 11.548 0
      vertex 17.353 11.5852 0
    endloop
  endfacet
  facet normal 0.0330095 0.999455 -0
    outer loop
      vertex 18 11.5 0
      vertex 17.8365 11.5054 5
      vertex 18 11.5 5
    endloop
  endfacet
  facet normal 0.0330095 0.999455 0
    outer loop
      vertex 17.8365 11.5054 5
      vertex 18 11.5 0
      vertex 17.8365 11.5054 0
    endloop
  endfacet
  facet normal 0.773058 0.634335 0
    outer loop
      vertex 16.1204 12.3516 5
      vertex 16.0166 12.4781 0
      vertex 16.0166 12.4781 5
    endloop
  endfacet
  facet normal 0.773058 0.634335 0
    outer loop
      vertex 16.0166 12.4781 0
      vertex 16.1204 12.3516 5
      vertex 16.1204 12.3516 0
    endloop
  endfacet
  facet normal 0.683494 0.729956 -0
    outer loop
      vertex 16.3516 12.1204 0
      vertex 16.2322 12.2322 5
      vertex 16.3516 12.1204 5
    endloop
  endfacet
  facet normal 0.683494 0.729956 0
    outer loop
      vertex 16.2322 12.2322 5
      vertex 16.3516 12.1204 0
      vertex 16.2322 12.2322 0
    endloop
  endfacet
  facet normal 0.812865 0.582452 0
    outer loop
      vertex 16.0166 12.4781 5
      vertex 15.9213 12.6111 0
      vertex 15.9213 12.6111 5
    endloop
  endfacet
  facet normal 0.812865 0.582452 0
    outer loop
      vertex 15.9213 12.6111 0
      vertex 16.0166 12.4781 5
      vertex 16.0166 12.4781 0
    endloop
  endfacet
  facet normal 0.935952 0.352128 0
    outer loop
      vertex 15.6903 13.0433 5
      vertex 15.6327 13.1964 0
      vertex 15.6327 13.1964 5
    endloop
  endfacet
  facet normal 0.935952 0.352128 0
    outer loop
      vertex 15.6327 13.1964 0
      vertex 15.6903 13.0433 5
      vertex 15.6903 13.0433 0
    endloop
  endfacet
  facet normal 0.98669 0.162614 0
    outer loop
      vertex 15.548 13.5123 5
      vertex 15.5214 13.6737 0
      vertex 15.5214 13.6737 5
    endloop
  endfacet
  facet normal 0.98669 0.162614 0
    outer loop
      vertex 15.5214 13.6737 0
      vertex 15.548 13.5123 5
      vertex 15.548 13.5123 0
    endloop
  endfacet
  facet normal 0.973801 0.227404 0
    outer loop
      vertex 15.5852 13.353 5
      vertex 15.548 13.5123 0
      vertex 15.548 13.5123 5
    endloop
  endfacet
  facet normal 0.973801 0.227404 0
    outer loop
      vertex 15.548 13.5123 0
      vertex 15.5852 13.353 5
      vertex 15.5852 13.353 0
    endloop
  endfacet
  facet normal 0.84913 -0.528184 0
    outer loop
      vertex 15.8349 15.25 5
      vertex 15.9213 15.3889 0
      vertex 15.9213 15.3889 5
    endloop
  endfacet
  facet normal 0.84913 -0.528184 0
    outer loop
      vertex 15.9213 15.3889 0
      vertex 15.8349 15.25 5
      vertex 15.8349 15.25 0
    endloop
  endfacet
  facet normal 0.812865 -0.582452 0
    outer loop
      vertex 15.9213 15.3889 5
      vertex 16.0166 15.5219 0
      vertex 16.0166 15.5219 5
    endloop
  endfacet
  facet normal 0.812865 -0.582452 0
    outer loop
      vertex 16.0166 15.5219 0
      vertex 15.9213 15.3889 5
      vertex 15.9213 15.3889 0
    endloop
  endfacet
  facet normal 0.773058 -0.634335 0
    outer loop
      vertex 16.0166 15.5219 5
      vertex 16.1204 15.6484 0
      vertex 16.1204 15.6484 5
    endloop
  endfacet
  facet normal 0.773058 -0.634335 0
    outer loop
      vertex 16.1204 15.6484 0
      vertex 16.0166 15.5219 5
      vertex 16.0166 15.5219 0
    endloop
  endfacet
  facet normal -0.412651 0.910889 0
    outer loop
      vertex 19.1057 11.7578 0
      vertex 18.9567 11.6903 5
      vertex 19.1057 11.7578 5
    endloop
  endfacet
  facet normal -0.412651 0.910889 0
    outer loop
      vertex 18.9567 11.6903 5
      vertex 19.1057 11.7578 0
      vertex 18.9567 11.6903 0
    endloop
  endfacet
  facet normal -0.683494 0.729956 0
    outer loop
      vertex 19.7678 12.2322 0
      vertex 19.6484 12.1204 5
      vertex 19.7678 12.2322 5
    endloop
  endfacet
  facet normal -0.683494 0.729956 0
    outer loop
      vertex 19.6484 12.1204 5
      vertex 19.7678 12.2322 0
      vertex 19.6484 12.1204 0
    endloop
  endfacet
  facet normal -0.528184 0.84913 0
    outer loop
      vertex 19.3889 11.9213 0
      vertex 19.25 11.8349 5
      vertex 19.3889 11.9213 5
    endloop
  endfacet
  facet normal -0.528184 0.84913 0
    outer loop
      vertex 19.25 11.8349 5
      vertex 19.3889 11.9213 0
      vertex 19.25 11.8349 0
    endloop
  endfacet
  facet normal -0.84913 0.528184 0
    outer loop
      vertex 20.0787 12.6111 0
      vertex 20.1651 12.75 5
      vertex 20.1651 12.75 0
    endloop
  endfacet
  facet normal -0.84913 0.528184 0
    outer loop
      vertex 20.1651 12.75 5
      vertex 20.0787 12.6111 0
      vertex 20.0787 12.6111 5
    endloop
  endfacet
  facet normal -0.935952 0.352128 0
    outer loop
      vertex 20.3097 13.0433 0
      vertex 20.3673 13.1964 5
      vertex 20.3673 13.1964 0
    endloop
  endfacet
  facet normal -0.935952 0.352128 0
    outer loop
      vertex 20.3673 13.1964 5
      vertex 20.3097 13.0433 0
      vertex 20.3097 13.0433 5
    endloop
  endfacet
  facet normal -0.999455 0.0330095 0
    outer loop
      vertex 20.4946 13.8365 0
      vertex 20.5 14 5
      vertex 20.5 14 0
    endloop
  endfacet
  facet normal -0.999455 0.0330095 0
    outer loop
      vertex 20.5 14 5
      vertex 20.4946 13.8365 0
      vertex 20.4946 13.8365 5
    endloop
  endfacet
  facet normal 0.528184 0.84913 -0
    outer loop
      vertex 16.75 11.8349 0
      vertex 16.6111 11.9213 5
      vertex 16.75 11.8349 5
    endloop
  endfacet
  facet normal 0.528184 0.84913 0
    outer loop
      vertex 16.6111 11.9213 5
      vertex 16.75 11.8349 0
      vertex 16.6111 11.9213 0
    endloop
  endfacet
  facet normal 0.352128 0.935952 -0
    outer loop
      vertex 17.1964 11.6327 0
      vertex 17.0433 11.6903 5
      vertex 17.1964 11.6327 5
    endloop
  endfacet
  facet normal 0.352128 0.935952 0
    outer loop
      vertex 17.0433 11.6903 5
      vertex 17.1964 11.6327 0
      vertex 17.0433 11.6903 0
    endloop
  endfacet
  facet normal -0.0330095 0.999455 0
    outer loop
      vertex 18.1635 11.5054 0
      vertex 18 11.5 5
      vertex 18.1635 11.5054 5
    endloop
  endfacet
  facet normal -0.0330095 0.999455 0
    outer loop
      vertex 18 11.5 5
      vertex 18.1635 11.5054 0
      vertex 18 11.5 0
    endloop
  endfacet
  facet normal 0.729956 0.683494 0
    outer loop
      vertex 16.2322 12.2322 5
      vertex 16.1204 12.3516 0
      vertex 16.1204 12.3516 5
    endloop
  endfacet
  facet normal 0.729956 0.683494 0
    outer loop
      vertex 16.1204 12.3516 0
      vertex 16.2322 12.2322 5
      vertex 16.2322 12.2322 0
    endloop
  endfacet
  facet normal 0.84913 0.528184 0
    outer loop
      vertex 15.9213 12.6111 5
      vertex 15.8349 12.75 0
      vertex 15.8349 12.75 5
    endloop
  endfacet
  facet normal 0.84913 0.528184 0
    outer loop
      vertex 15.8349 12.75 0
      vertex 15.9213 12.6111 5
      vertex 15.9213 12.6111 0
    endloop
  endfacet
  facet normal 0.910889 0.412651 0
    outer loop
      vertex 15.7578 12.8943 5
      vertex 15.6903 13.0433 0
      vertex 15.6903 13.0433 5
    endloop
  endfacet
  facet normal 0.910889 0.412651 0
    outer loop
      vertex 15.6903 13.0433 0
      vertex 15.7578 12.8943 5
      vertex 15.7578 12.8943 0
    endloop
  endfacet
  facet normal -0.98669 0.162614 0
    outer loop
      vertex 20.452 13.5123 0
      vertex 20.4786 13.6737 5
      vertex 20.4786 13.6737 0
    endloop
  endfacet
  facet normal -0.98669 0.162614 0
    outer loop
      vertex 20.4786 13.6737 5
      vertex 20.452 13.5123 0
      vertex 20.452 13.5123 5
    endloop
  endfacet
endsolid OpenSCAD_Model
