solid OpenSCAD_Model
  facet normal 0.99858 0.0488919 -0.0211707
    outer loop
      vertex 82.1027 8.08641 165
      vertex 81.7083 6.8883 143.63
      vertex 81.6996 7.03568 143.56
    endloop
  endfacet
  facet normal 0.998572 0.0490409 -0.0211789
    outer loop
      vertex 82.1027 8.08641 165
      vertex 81.8026 5.22512 144.225
      vertex 81.7083 6.8883 143.63
    endloop
  endfacet
  facet normal 0.998571 0.049069 -0.0211828
    outer loop
      vertex 82.1027 8.08641 165
      vertex 81.8959 3.51163 144.654
      vertex 81.8026 5.22512 144.225
    endloop
  endfacet
  facet normal 0.998572 0.049038 -0.0211758
    outer loop
      vertex 82.1027 8.08641 165
      vertex 81.9872 1.76431 144.913
      vertex 81.8959 3.51163 144.654
    endloop
  endfacet
  facet normal 0.998571 0.0490616 -0.0211832
    outer loop
      vertex 82.5 0 165
      vertex 81.9872 1.76431 144.913
      vertex 82.1027 8.08641 165
    endloop
  endfacet
  facet normal 0.998569 0.0491017 -0.0211797
    outer loop
      vertex 81.9872 1.76431 144.913
      vertex 82.5 0 165
      vertex 82.0758 0 145
    endloop
  endfacet
  facet normal 0.998556 0.0493619 -0.0211964
    outer loop
      vertex 81.0719 5.22512 109.775
      vertex 79 0 0
      vertex 81.0653 5.38268 109.831
    endloop
  endfacet
  facet normal 0.998574 0.0490106 -0.02118
    outer loop
      vertex 81.1469 3.51163 109.346
      vertex 79 0 0
      vertex 81.0719 5.22512 109.775
    endloop
  endfacet
  facet normal 0.99857 0.0490873 -0.0211824
    outer loop
      vertex 81.2273 1.76431 109.087
      vertex 79 0 0
      vertex 81.1469 3.51163 109.346
    endloop
  endfacet
  facet normal 0.998572 0.04904 -0.0211816
    outer loop
      vertex 79 0 0
      vertex 81.2273 1.76431 109.087
      vertex 81.3121 0 109
    endloop
  endfacet
  facet normal 0.998569 0.0491002 -0.0211807
    outer loop
      vertex 81.6996 7.03568 143.56
      vertex 81.6401 8.04085 143.085
      vertex 82.1027 8.08641 165
    endloop
  endfacet
  facet normal 0.998568 0.0491216 -0.0211814
    outer loop
      vertex 81.0028 6.8883 110.37
      vertex 78.6196 7.74335 0
      vertex 80.9603 7.9739 110.884
    endloop
  endfacet
  facet normal 0.998572 0.0490349 -0.0211821
    outer loop
      vertex 81.0653 5.38268 109.831
      vertex 78.6196 7.74335 0
      vertex 81.0028 6.8883 110.37
    endloop
  endfacet
  facet normal 0.998571 0.0490558 -0.0211816
    outer loop
      vertex 78.6196 7.74335 0
      vertex 81.0653 5.38268 109.831
      vertex 79 0 0
    endloop
  endfacet
  facet normal -0.671409 0.740784 -0.0211818
    outer loop
      vertex -50.1171 61.0678 0
      vertex -58.3363 58.3363 165
      vertex -52.3374 63.7734 165
    endloop
  endfacet
  facet normal 0.903785 -0.427461 -0.021182
    outer loop
      vertex 76.2201 -31.5714 165
      vertex 69.6718 -37.2403 0
      vertex 72.9865 -30.232 0
    endloop
  endfacet
  facet normal 0.146703 -0.988954 -0.0211819
    outer loop
      vertex 7.78494 -79.0418 20
      vertex 7.74335 -78.6196 0
      vertex 8.75567 -78.8978 20
    endloop
  endfacet
  facet normal 0.146679 -0.988957 -0.0211819
    outer loop
      vertex 12.0457 -79.802 85
      vertex 8.08641 -82.1027 165
      vertex 7.92008 -80.4139 85
    endloop
  endfacet
  facet normal 0.14669 -0.988956 -0.0211813
    outer loop
      vertex 8.08641 -82.1027 165
      vertex 12.0457 -79.802 85
      vertex 16.095 -80.9148 165
    endloop
  endfacet
  facet normal -0.0490616 0.998571 -0.0211818
    outer loop
      vertex 0 79 0
      vertex -8.08641 82.1027 165
      vertex 0 82.5 165
    endloop
  endfacet
  facet normal 0.969814 -0.242926 -0.0211808
    outer loop
      vertex 78.9476 -23.9485 165
      vertex 80.2965 -15.972 135.279
      vertex 80.9148 -16.095 165
    endloop
  endfacet
  facet normal 0.969802 -0.24297 -0.0211932
    outer loop
      vertex 80.2965 -15.972 135.279
      vertex 78.9476 -23.9485 165
      vertex 80.1013 -16.6298 133.888
    endloop
  endfacet
  facet normal 0.969811 -0.242937 -0.0211852
    outer loop
      vertex 80.1013 -16.6298 133.888
      vertex 78.9476 -23.9485 165
      vertex 79.9159 -17.2249 132.225
    endloop
  endfacet
  facet normal 0.969821 -0.242897 -0.0211767
    outer loop
      vertex 79.9159 -17.2249 132.225
      vertex 78.9476 -23.9485 165
      vertex 79.771 -17.6541 130.512
    endloop
  endfacet
  facet normal 0.96978 -0.243057 -0.0212045
    outer loop
      vertex 79.6679 -17.9133 128.764
      vertex 78.9476 -23.9485 165
      vertex 79.6076 -18 127
    endloop
  endfacet
  facet normal 0.969816 -0.242918 -0.0211806
    outer loop
      vertex 79.771 -17.6541 130.512
      vertex 78.9476 -23.9485 165
      vertex 79.6679 -17.9133 128.764
    endloop
  endfacet
  facet normal 0.969824 -0.242882 -0.0211819
    outer loop
      vertex 79.8004 -16.6298 120.112
      vertex 77.482 -15.4121 0
      vertex 79.9489 -15.9028 118.575
    endloop
  endfacet
  facet normal 0.96983 -0.242859 -0.0211818
    outer loop
      vertex 79.6877 -17.2249 121.775
      vertex 77.482 -15.4121 0
      vertex 79.8004 -16.6298 120.112
    endloop
  endfacet
  facet normal 0.96981 -0.242939 -0.0211826
    outer loop
      vertex 79.6176 -17.6541 123.488
      vertex 77.482 -15.4121 0
      vertex 79.6877 -17.2249 121.775
    endloop
  endfacet
  facet normal 0.96976 -0.243139 -0.0211854
    outer loop
      vertex 79.5908 -17.9133 125.236
      vertex 77.482 -15.4121 0
      vertex 79.6176 -17.6541 123.488
    endloop
  endfacet
  facet normal 0.96983 -0.242862 -0.0211731
    outer loop
      vertex 78.9476 -23.9485 165
      vertex 79.5908 -17.9133 125.236
      vertex 79.6076 -18 127
    endloop
  endfacet
  facet normal 0.969815 -0.242918 -0.0211819
    outer loop
      vertex 79.5908 -17.9133 125.236
      vertex 78.9476 -23.9485 165
      vertex 77.482 -15.4121 0
    endloop
  endfacet
  facet normal 0.595563 -0.803029 -0.0211816
    outer loop
      vertex 45.8345 -68.5962 165
      vertex 43.89 -65.6861 0
      vertex 50.1171 -61.0678 0
    endloop
  endfacet
  facet normal 0.0490558 -0.998571 -0.0211823
    outer loop
      vertex 7.74335 -78.6196 0
      vertex 0.980171 -79.3761 20
      vertex 0 -79 0
    endloop
  endfacet
  facet normal 0.0490571 -0.998571 -0.0211819
    outer loop
      vertex 0.980171 -79.3761 20
      vertex 7.74335 -78.6196 0
      vertex 7.78494 -79.0418 20
    endloop
  endfacet
  facet normal 0.0490727 -0.998571 -0.0211819
    outer loop
      vertex 8.08641 -82.1027 165
      vertex 4.16573 -80.5984 85
      vertex 7.92008 -80.4139 85
    endloop
  endfacet
  facet normal -0.427473 -0.90378 -0.0211818
    outer loop
      vertex -31.5714 -76.2201 165
      vertex -34.32 -73.0451 85
      vertex -30.922 -74.6523 85
    endloop
  endfacet
  facet normal -0.427454 -0.903789 -0.0211817
    outer loop
      vertex -37.2403 -69.6718 0
      vertex -35 -71.2001 20
      vertex -35 -72.2596 65.2071
    endloop
  endfacet
  facet normal -0.427461 -0.903785 -0.0211807
    outer loop
      vertex -30.232 -72.9865 0
      vertex -35 -71.2001 20
      vertex -37.2403 -69.6718 0
    endloop
  endfacet
  facet normal -0.427454 -0.903789 -0.0211785
    outer loop
      vertex -35 -71.2001 20
      vertex -30.232 -72.9865 0
      vertex -30.3943 -73.3784 20
    endloop
  endfacet
  facet normal -0.671409 -0.740784 -0.0211818
    outer loop
      vertex -52.3374 -63.7734 165
      vertex -58.3363 -58.3363 165
      vertex -50.1171 -61.0678 0
    endloop
  endfacet
  facet normal 0.0490558 0.998571 -0.0211815
    outer loop
      vertex 7.74335 78.6196 0
      vertex 0 79 0
      vertex 8.08641 82.1027 165
    endloop
  endfacet
  facet normal 0.998569 -0.0491017 -0.0211797
    outer loop
      vertex 82.5 0 165
      vertex 81.9872 -1.76431 144.913
      vertex 82.0758 0 145
    endloop
  endfacet
  facet normal 0.998571 -0.0490616 -0.0211832
    outer loop
      vertex 82.1027 -8.08641 165
      vertex 81.9872 -1.76431 144.913
      vertex 82.5 0 165
    endloop
  endfacet
  facet normal 0.998572 -0.049038 -0.0211758
    outer loop
      vertex 81.9872 -1.76431 144.913
      vertex 82.1027 -8.08641 165
      vertex 81.8959 -3.51163 144.654
    endloop
  endfacet
  facet normal 0.998571 -0.049069 -0.0211828
    outer loop
      vertex 81.8959 -3.51163 144.654
      vertex 82.1027 -8.08641 165
      vertex 81.8026 -5.22512 144.225
    endloop
  endfacet
  facet normal 0.998572 -0.0490409 -0.0211789
    outer loop
      vertex 81.8026 -5.22512 144.225
      vertex 82.1027 -8.08641 165
      vertex 81.7083 -6.8883 143.63
    endloop
  endfacet
  facet normal 0.99858 -0.0488919 -0.0211707
    outer loop
      vertex 81.7083 -6.8883 143.63
      vertex 82.1027 -8.08641 165
      vertex 81.6996 -7.03568 143.56
    endloop
  endfacet
  facet normal 0.998572 -0.04904 -0.0211816
    outer loop
      vertex 81.2273 -1.76431 109.087
      vertex 79 0 0
      vertex 81.3121 0 109
    endloop
  endfacet
  facet normal 0.99857 -0.0490873 -0.0211824
    outer loop
      vertex 81.1469 -3.51163 109.346
      vertex 79 0 0
      vertex 81.2273 -1.76431 109.087
    endloop
  endfacet
  facet normal 0.998574 -0.0490106 -0.02118
    outer loop
      vertex 81.0719 -5.22512 109.775
      vertex 79 0 0
      vertex 81.1469 -3.51163 109.346
    endloop
  endfacet
  facet normal 0.998556 -0.0493619 -0.0211964
    outer loop
      vertex 79 0 0
      vertex 81.0719 -5.22512 109.775
      vertex 81.0653 -5.38268 109.831
    endloop
  endfacet
  facet normal 0.941333 -0.336812 -0.021182
    outer loop
      vertex 76.2201 -31.5714 165
      vertex 72.9865 -30.232 0
      vertex 78.9476 -23.9485 165
    endloop
  endfacet
  facet normal 0.857534 -0.513992 -0.0211817
    outer loop
      vertex 72.7585 -38.8902 165
      vertex 68.5962 -45.8345 165
      vertex 69.6718 -37.2403 0
    endloop
  endfacet
  facet normal 0.998572 -0.0490349 -0.0211821
    outer loop
      vertex 78.6196 -7.74335 0
      vertex 81.0653 -5.38268 109.831
      vertex 81.0028 -6.8883 110.37
    endloop
  endfacet
  facet normal 0.998571 -0.0490558 -0.0211816
    outer loop
      vertex 81.0653 -5.38268 109.831
      vertex 78.6196 -7.74335 0
      vertex 79 0 0
    endloop
  endfacet
  facet normal 0.998568 -0.0491216 -0.0211814
    outer loop
      vertex 78.6196 -7.74335 0
      vertex 81.0028 -6.8883 110.37
      vertex 80.9603 -7.9739 110.884
    endloop
  endfacet
  facet normal 0.998569 -0.0491002 -0.0211807
    outer loop
      vertex 82.1027 -8.08641 165
      vertex 81.6401 -8.04085 143.085
      vertex 81.6996 -7.03568 143.56
    endloop
  endfacet
  facet normal 0.988956 -0.14669 -0.0211807
    outer loop
      vertex 80.9148 -16.095 165
      vertex 81.6401 -8.04085 143.085
      vertex 82.1027 -8.08641 165
    endloop
  endfacet
  facet normal 0.988955 -0.146693 -0.0211818
    outer loop
      vertex 81.6401 -8.04085 143.085
      vertex 80.9148 -16.095 165
      vertex 81.5697 -8.48514 142.875
    endloop
  endfacet
  facet normal 0.988956 -0.146685 -0.021179
    outer loop
      vertex 81.5697 -8.48514 142.875
      vertex 80.9148 -16.095 165
      vertex 81.3255 -10.0003 141.966
    endloop
  endfacet
  facet normal 0.988954 -0.146702 -0.0211836
    outer loop
      vertex 81.3255 -10.0003 141.966
      vertex 80.9148 -16.095 165
      vertex 81.0925 -11.4191 140.914
    endloop
  endfacet
  facet normal 0.988949 -0.146732 -0.0211894
    outer loop
      vertex 81.0925 -11.4191 140.914
      vertex 80.9148 -16.095 165
      vertex 80.8729 -12.7279 139.728
    endloop
  endfacet
  facet normal 0.988967 -0.146618 -0.0211743
    outer loop
      vertex 80.8729 -12.7279 139.728
      vertex 80.9148 -16.095 165
      vertex 80.669 -13.9142 138.419
    endloop
  endfacet
  facet normal 0.98895 -0.146728 -0.0211831
    outer loop
      vertex 80.669 -13.9142 138.419
      vertex 80.9148 -16.095 165
      vertex 80.5304 -14.6962 137.365
    endloop
  endfacet
  facet normal 0.988975 -0.146558 -0.0211814
    outer loop
      vertex 80.8897 -8.48514 111.125
      vertex 78.6196 -7.74335 0
      vertex 80.9603 -7.9739 110.884
    endloop
  endfacet
  facet normal 0.988953 -0.146708 -0.021182
    outer loop
      vertex 80.6844 -10.0003 112.034
      vertex 78.6196 -7.74335 0
      vertex 80.8897 -8.48514 111.125
    endloop
  endfacet
  facet normal 0.988957 -0.146679 -0.0211815
    outer loop
      vertex 80.4965 -11.4191 113.086
      vertex 78.6196 -7.74335 0
      vertex 80.6844 -10.0003 112.034
    endloop
  endfacet
  facet normal 0.988948 -0.146744 -0.0211834
    outer loop
      vertex 80.3277 -12.7279 114.272
      vertex 78.6196 -7.74335 0
      vertex 80.4965 -11.4191 113.086
    endloop
  endfacet
  facet normal 0.988953 -0.146708 -0.0211819
    outer loop
      vertex 78.6196 -7.74335 0
      vertex 80.3277 -12.7279 114.272
      vertex 80.2221 -13.5746 115.206
    endloop
  endfacet
  facet normal 0.0492027 -0.998564 -0.021181
    outer loop
      vertex 0.441076 -81.3642 112.478
      vertex 0 -82.5 165
      vertex 0 -81.3864 112.5
    endloop
  endfacet
  facet normal 0.0490616 -0.998571 -0.0211823
    outer loop
      vertex 0 -82.5 165
      vertex 0.441076 -81.3642 112.478
      vertex 8.08641 -82.1027 165
    endloop
  endfacet
  facet normal 0.0490173 -0.998573 -0.0211759
    outer loop
      vertex 0.877906 -81.3414 112.414
      vertex 8.08641 -82.1027 165
      vertex 0.441076 -81.3642 112.478
    endloop
  endfacet
  facet normal 0.0489769 -0.998576 -0.0211704
    outer loop
      vertex 1.30628 -81.3181 112.306
      vertex 8.08641 -82.1027 165
      vertex 0.877906 -81.3414 112.414
    endloop
  endfacet
  facet normal 0.0490867 -0.99857 -0.0211844
    outer loop
      vertex 1.72207 -81.2945 112.157
      vertex 8.08641 -82.1027 165
      vertex 1.30628 -81.3181 112.306
    endloop
  endfacet
  facet normal 0.0490576 -0.998571 -0.0211809
    outer loop
      vertex 2.12128 -81.2709 111.969
      vertex 8.08641 -82.1027 165
      vertex 1.72207 -81.2945 112.157
    endloop
  endfacet
  facet normal 0.0489983 -0.998574 -0.0211743
    outer loop
      vertex 2.50007 -81.2475 111.742
      vertex 8.08641 -82.1027 165
      vertex 2.12128 -81.2709 111.969
    endloop
  endfacet
  facet normal 0.0493076 -0.998558 -0.0212065
    outer loop
      vertex 2.85477 -81.2244 111.479
      vertex 8.08641 -82.1027 165
      vertex 2.50007 -81.2475 111.742
    endloop
  endfacet
  facet normal 0.0488472 -0.998582 -0.0211619
    outer loop
      vertex 3.18198 -81.2021 111.182
      vertex 8.08641 -82.1027 165
      vertex 2.85477 -81.2244 111.479
    endloop
  endfacet
  facet normal 0.0490396 -0.998572 -0.0211793
    outer loop
      vertex 3.47855 -81.1806 110.855
      vertex 8.08641 -82.1027 165
      vertex 3.18198 -81.2021 111.182
    endloop
  endfacet
  facet normal 0.0492156 -0.998563 -0.0211941
    outer loop
      vertex 3.74161 -81.1601 110.5
      vertex 8.08641 -82.1027 165
      vertex 3.47855 -81.1806 110.855
    endloop
  endfacet
  facet normal 0.0490836 -0.99857 -0.0211837
    outer loop
      vertex 3.96865 -81.1409 110.121
      vertex 8.08641 -82.1027 165
      vertex 3.74161 -81.1601 110.5
    endloop
  endfacet
  facet normal 0.0488781 -0.99858 -0.0211684
    outer loop
      vertex 4.15746 -81.1232 109.722
      vertex 8.08641 -82.1027 165
      vertex 3.96865 -81.1409 110.121
    endloop
  endfacet
  facet normal 0.0488752 -0.998581 -0.0211682
    outer loop
      vertex 4.30623 -81.1071 109.306
      vertex 8.08641 -82.1027 165
      vertex 4.15746 -81.1232 109.722
    endloop
  endfacet
  facet normal 0.0494257 -0.998553 -0.0212051
    outer loop
      vertex 4.41353 -81.0927 108.878
      vertex 8.08641 -82.1027 165
      vertex 4.30623 -81.1071 109.306
    endloop
  endfacet
  facet normal 0.0484926 -0.9986 -0.0211449
    outer loop
      vertex 4.47833 -81.0803 108.441
      vertex 8.08641 -82.1027 165
      vertex 4.41353 -81.0927 108.878
    endloop
  endfacet
  facet normal 0.050687 -0.998488 -0.0212828
    outer loop
      vertex 4.5 -81.0698 108
      vertex 8.08641 -82.1027 165
      vertex 4.47833 -81.0803 108.441
    endloop
  endfacet
  facet normal 0.0483302 -0.998607 -0.0211695
    outer loop
      vertex 4.16573 -80.5984 85
      vertex 4.5 -81.0698 108
      vertex 4.47833 -81.0615 107.559
    endloop
  endfacet
  facet normal 0.0492782 -0.99856 -0.0211857
    outer loop
      vertex 0 -80.803 85
      vertex 0.441076 -81.1742 103.522
      vertex 0 -81.1955 103.5
    endloop
  endfacet
  facet normal 0.0488219 -0.998583 -0.0211753
    outer loop
      vertex 0 -80.803 85
      vertex 0.877906 -81.1542 103.586
      vertex 0.441076 -81.1742 103.522
    endloop
  endfacet
  facet normal 0.0490449 -0.998572 -0.0211856
    outer loop
      vertex 4.16573 -80.5984 85
      vertex 0.877906 -81.1542 103.586
      vertex 0 -80.803 85
    endloop
  endfacet
  facet normal 0.04916 -0.998567 -0.0211651
    outer loop
      vertex 0.877906 -81.1542 103.586
      vertex 4.16573 -80.5984 85
      vertex 1.30628 -81.1354 103.694
    endloop
  endfacet
  facet normal 0.049134 -0.998568 -0.0211691
    outer loop
      vertex 1.30628 -81.1354 103.694
      vertex 4.16573 -80.5984 85
      vertex 1.72207 -81.1181 103.843
    endloop
  endfacet
  facet normal 0.0489989 -0.998574 -0.0211868
    outer loop
      vertex 1.72207 -81.1181 103.843
      vertex 4.16573 -80.5984 85
      vertex 2.12128 -81.1025 104.031
    endloop
  endfacet
  facet normal 0.0490717 -0.998571 -0.0211789
    outer loop
      vertex 2.12128 -81.1025 104.031
      vertex 4.16573 -80.5984 85
      vertex 2.50007 -81.0887 104.258
    endloop
  endfacet
  facet normal 0.0489328 -0.998577 -0.021191
    outer loop
      vertex 2.50007 -81.0887 104.258
      vertex 4.16573 -80.5984 85
      vertex 2.85477 -81.0769 104.521
    endloop
  endfacet
  facet normal 0.0491296 -0.998568 -0.0211776
    outer loop
      vertex 2.85477 -81.0769 104.521
      vertex 4.16573 -80.5984 85
      vertex 3.18198 -81.0671 104.818
    endloop
  endfacet
  facet normal 0.0489504 -0.998576 -0.0211867
    outer loop
      vertex 3.18198 -81.0671 104.818
      vertex 4.16573 -80.5984 85
      vertex 3.47855 -81.0595 105.145
    endloop
  endfacet
  facet normal 0.0490834 -0.99857 -0.021182
    outer loop
      vertex 3.47855 -81.0595 105.145
      vertex 4.16573 -80.5984 85
      vertex 3.74161 -81.0541 105.5
    endloop
  endfacet
  facet normal 0.0494211 -0.998554 -0.0211747
    outer loop
      vertex 3.74161 -81.0541 105.5
      vertex 4.16573 -80.5984 85
      vertex 3.96865 -81.0509 105.879
    endloop
  endfacet
  facet normal 0.0489877 -0.998575 -0.0211792
    outer loop
      vertex 3.96865 -81.0509 105.879
      vertex 4.16573 -80.5984 85
      vertex 4.15746 -81.0501 106.278
    endloop
  endfacet
  facet normal 0.0484848 -0.998599 -0.0211799
    outer loop
      vertex 4.15746 -81.0501 106.278
      vertex 4.16573 -80.5984 85
      vertex 4.30623 -81.0517 106.694
    endloop
  endfacet
  facet normal 0.0490062 -0.998574 -0.0211787
    outer loop
      vertex 4.5 -81.0698 108
      vertex 4.16573 -80.5984 85
      vertex 8.08641 -82.1027 165
    endloop
  endfacet
  facet normal 0.0504975 -0.998499 -0.0211973
    outer loop
      vertex 4.41353 -81.0555 107.122
      vertex 4.16573 -80.5984 85
      vertex 4.47833 -81.0615 107.559
    endloop
  endfacet
  facet normal 0.0491329 -0.998568 -0.0211835
    outer loop
      vertex 4.30623 -81.0517 106.694
      vertex 4.16573 -80.5984 85
      vertex 4.41353 -81.0555 107.122
    endloop
  endfacet
  facet normal 0.0490031 -0.998574 -0.0211798
    outer loop
      vertex 0.980171 -79.3761 20
      vertex 0 -79.4242 20
      vertex 0 -79 0
    endloop
  endfacet
  facet normal 0.242889 -0.969823 -0.0211827
    outer loop
      vertex 15.4949 -77.8981 20
      vertex 15.4121 -77.482 0
      vertex 16.4468 -77.6597 20
    endloop
  endfacet
  facet normal 0.242927 -0.969813 -0.0211824
    outer loop
      vertex 19.8096 -78.237 85
      vertex 16.095 -80.9148 165
      vertex 15.7639 -79.2504 85
    endloop
  endfacet
  facet normal 0.242926 -0.969814 -0.0211824
    outer loop
      vertex 16.095 -80.9148 165
      vertex 19.8096 -78.237 85
      vertex 23.9485 -78.9476 165
    endloop
  endfacet
  facet normal 0.33682 -0.941331 -0.0211821
    outer loop
      vertex 22.9325 -75.5983 0
      vertex 29.4704 -73.709 20
      vertex 23.0556 -76.0043 20
    endloop
  endfacet
  facet normal 0.336814 -0.941333 -0.0211798
    outer loop
      vertex 29.4704 -73.709 20
      vertex 22.9325 -75.5983 0
      vertex 30.232 -72.9865 0
    endloop
  endfacet
  facet normal 0.336812 -0.941334 -0.0211818
    outer loop
      vertex 23.9485 -78.9476 165
      vertex 23.4559 -77.3237 85
      vertex 26.995 -76.0574 85
    endloop
  endfacet
  facet normal -0.903783 -0.427466 -0.0211817
    outer loop
      vertex -72.7585 -38.8902 165
      vertex -76.2201 -31.5714 165
      vertex -69.6718 -37.2403 0
    endloop
  endfacet
  facet normal -0.671413 0.74078 -0.021182
    outer loop
      vertex -55.8614 55.8614 0
      vertex -58.3363 58.3363 165
      vertex -50.1171 61.0678 0
    endloop
  endfacet
  facet normal -0.857535 0.51399 -0.0211816
    outer loop
      vertex -65.6861 43.89 0
      vertex -69.6718 37.2403 0
      vertex -68.5962 45.8345 165
    endloop
  endfacet
  facet normal -0.99858 0.0488919 -0.0211707
    outer loop
      vertex -81.7083 6.8883 143.63
      vertex -82.1027 8.08641 165
      vertex -81.6996 7.03568 143.56
    endloop
  endfacet
  facet normal -0.998572 0.0490409 -0.0211789
    outer loop
      vertex -81.8026 5.22512 144.225
      vertex -82.1027 8.08641 165
      vertex -81.7083 6.8883 143.63
    endloop
  endfacet
  facet normal -0.998571 0.049069 -0.0211828
    outer loop
      vertex -81.8959 3.51163 144.654
      vertex -82.1027 8.08641 165
      vertex -81.8026 5.22512 144.225
    endloop
  endfacet
  facet normal -0.998572 0.049038 -0.0211758
    outer loop
      vertex -81.9872 1.76431 144.913
      vertex -82.1027 8.08641 165
      vertex -81.8959 3.51163 144.654
    endloop
  endfacet
  facet normal -0.998569 0.0491017 -0.0211797
    outer loop
      vertex -82.5 0 165
      vertex -81.9872 1.76431 144.913
      vertex -82.0758 0 145
    endloop
  endfacet
  facet normal -0.998571 0.0490616 -0.0211832
    outer loop
      vertex -81.9872 1.76431 144.913
      vertex -82.5 0 165
      vertex -82.1027 8.08641 165
    endloop
  endfacet
  facet normal -0.998556 0.0493619 -0.0211964
    outer loop
      vertex -79 0 0
      vertex -81.0719 5.22512 109.775
      vertex -81.0653 5.38268 109.831
    endloop
  endfacet
  facet normal -0.998574 0.0490106 -0.02118
    outer loop
      vertex -79 0 0
      vertex -81.1469 3.51163 109.346
      vertex -81.0719 5.22512 109.775
    endloop
  endfacet
  facet normal -0.99857 0.0490873 -0.0211824
    outer loop
      vertex -79 0 0
      vertex -81.2273 1.76431 109.087
      vertex -81.1469 3.51163 109.346
    endloop
  endfacet
  facet normal -0.998572 0.04904 -0.0211816
    outer loop
      vertex -81.2273 1.76431 109.087
      vertex -79 0 0
      vertex -81.3121 0 109
    endloop
  endfacet
  facet normal 0.903783 -0.427466 -0.0211817
    outer loop
      vertex 72.7585 -38.8902 165
      vertex 69.6718 -37.2403 0
      vertex 76.2201 -31.5714 165
    endloop
  endfacet
  facet normal 0.803032 -0.595559 -0.0211818
    outer loop
      vertex 63.7734 -52.3374 165
      vertex 61.0678 -50.1171 0
      vertex 68.5962 -45.8345 165
    endloop
  endfacet
  facet normal 0.740784 -0.671409 -0.0211818
    outer loop
      vertex 63.7734 -52.3374 165
      vertex 58.3363 -58.3363 165
      vertex 61.0678 -50.1171 0
    endloop
  endfacet
  facet normal 0.989042 -0.146108 -0.0211802
    outer loop
      vertex 80.3153 -15.8746 135.485
      vertex 80.9148 -16.095 165
      vertex 80.2965 -15.972 135.279
    endloop
  endfacet
  facet normal 0.988947 -0.146746 -0.021183
    outer loop
      vertex 80.4825 -14.9665 137
      vertex 80.9148 -16.095 165
      vertex 80.3153 -15.8746 135.485
    endloop
  endfacet
  facet normal 0.988961 -0.146654 -0.0211795
    outer loop
      vertex 80.9148 -16.095 165
      vertex 80.4825 -14.9665 137
      vertex 80.5304 -14.6962 137.365
    endloop
  endfacet
  facet normal 0.988972 -0.146577 -0.0211842
    outer loop
      vertex 77.482 -15.4121 0
      vertex 80.2221 -13.5746 115.206
      vertex 80.1798 -13.9142 115.581
    endloop
  endfacet
  facet normal 0.988955 -0.146697 -0.0211822
    outer loop
      vertex 77.482 -15.4121 0
      vertex 80.1798 -13.9142 115.581
      vertex 80.0541 -14.9665 117
    endloop
  endfacet
  facet normal 0.988954 -0.146704 -0.0211817
    outer loop
      vertex 80.2221 -13.5746 115.206
      vertex 77.482 -15.4121 0
      vertex 78.6196 -7.74335 0
    endloop
  endfacet
  facet normal 0.988947 -0.146746 -0.0211819
    outer loop
      vertex 79.9518 -15.8746 118.515
      vertex 77.482 -15.4121 0
      vertex 80.0541 -14.9665 117
    endloop
  endfacet
  facet normal 0.988944 -0.146768 -0.0211819
    outer loop
      vertex 77.482 -15.4121 0
      vertex 79.9518 -15.8746 118.515
      vertex 79.9489 -15.9028 118.575
    endloop
  endfacet
  facet normal 0.146704 -0.988954 -0.0211819
    outer loop
      vertex 15.4121 -77.482 0
      vertex 8.75567 -78.8978 20
      vertex 7.74335 -78.6196 0
    endloop
  endfacet
  facet normal 0.146702 -0.988954 -0.0211825
    outer loop
      vertex 8.75567 -78.8978 20
      vertex 15.4121 -77.482 0
      vertex 15.4949 -77.8981 20
    endloop
  endfacet
  facet normal 0.146712 -0.988952 -0.0211824
    outer loop
      vertex 16.095 -80.9148 165
      vertex 12.0457 -79.802 85
      vertex 15.7639 -79.2504 85
    endloop
  endfacet
  facet normal 0.336835 -0.941325 -0.0211787
    outer loop
      vertex 30.3943 -73.3784 20
      vertex 29.4704 -73.709 20
      vertex 30.232 -72.9865 0
    endloop
  endfacet
  facet normal 0.336812 -0.941333 -0.0211818
    outer loop
      vertex 26.995 -76.0574 85
      vertex 31.5714 -76.2201 165
      vertex 23.9485 -78.9476 165
    endloop
  endfacet
  facet normal 0.336814 -0.941333 -0.0211819
    outer loop
      vertex 31.5714 -76.2201 165
      vertex 26.995 -76.0574 85
      vertex 30.922 -74.6523 85
    endloop
  endfacet
  facet normal 0.51399 -0.857535 -0.0211816
    outer loop
      vertex 45.8345 -68.5962 165
      vertex 37.2403 -69.6718 0
      vertex 43.89 -65.6861 0
    endloop
  endfacet
  facet normal 0.513992 -0.857534 -0.0211817
    outer loop
      vertex 38.8902 -72.7585 165
      vertex 37.2403 -69.6718 0
      vertex 45.8345 -68.5962 165
    endloop
  endfacet
  facet normal -0.998571 -0.0490558 -0.0211816
    outer loop
      vertex -78.6196 -7.74335 0
      vertex -81.0653 -5.38268 109.831
      vertex -79 0 0
    endloop
  endfacet
  facet normal -0.998572 -0.0490349 -0.0211821
    outer loop
      vertex -81.0653 -5.38268 109.831
      vertex -78.6196 -7.74335 0
      vertex -81.0028 -6.8883 110.37
    endloop
  endfacet
  facet normal -0.998568 -0.0491216 -0.0211814
    outer loop
      vertex -81.0028 -6.8883 110.37
      vertex -78.6196 -7.74335 0
      vertex -80.9603 -7.9739 110.884
    endloop
  endfacet
  facet normal -0.998569 -0.0491002 -0.0211807
    outer loop
      vertex -81.6401 -8.04085 143.085
      vertex -82.1027 -8.08641 165
      vertex -81.6996 -7.03568 143.56
    endloop
  endfacet
  facet normal 0 0 -1
    outer loop
      vertex 75.9693 -0.0466902 0
      vertex 79 0 0
      vertex 78.6196 -7.74335 0
    endloop
  endfacet
  facet normal 0 0 -1
    outer loop
      vertex 74.5186 -14.7751 0
      vertex 78.6196 -7.74335 0
      vertex 77.482 -15.4121 0
    endloop
  endfacet
  facet normal -0 0 -1
    outer loop
      vertex 79 0 0
      vertex 75.9693 -0.0466902 0
      vertex 75.9716 0 0
    endloop
  endfacet
  facet normal 0 0 -1
    outer loop
      vertex 79 0 0
      vertex 75.9693 0.0466902 0
      vertex 78.6196 7.74335 0
    endloop
  endfacet
  facet normal 0 0 -1
    outer loop
      vertex 75.9693 0.0466902 0
      vertex 79 0 0
      vertex 75.9716 0 0
    endloop
  endfacet
  facet normal 0 0 -1
    outer loop
      vertex 78.6196 -7.74335 0
      vertex 75.6057 -7.44651 0
      vertex 75.9693 -0.0466902 0
    endloop
  endfacet
  facet normal 0 0 -1
    outer loop
      vertex 74.5004 -14.8667 0
      vertex 77.482 -15.4121 0
      vertex 75.5983 -22.9325 0
    endloop
  endfacet
  facet normal -0 0 -1
    outer loop
      vertex 78.6196 -7.74335 0
      vertex 74.5186 -14.7751 0
      vertex 75.6057 -7.44651 0
    endloop
  endfacet
  facet normal 0 0 -1
    outer loop
      vertex 77.482 -15.4121 0
      vertex 74.5118 -14.8213 0
      vertex 74.5186 -14.7751 0
    endloop
  endfacet
  facet normal 0 0 -1
    outer loop
      vertex 77.482 -15.4121 0
      vertex 74.5004 -14.8667 0
      vertex 74.5118 -14.8213 0
    endloop
  endfacet
  facet normal 0 0 -1
    outer loop
      vertex 72.6845 -22.0974 0
      vertex 75.5983 -22.9325 0
      vertex 72.9865 -30.232 0
    endloop
  endfacet
  facet normal 0 0 -1
    outer loop
      vertex 75.5983 -22.9325 0
      vertex 72.7002 -22.0534 0
      vertex 74.5004 -14.8667 0
    endloop
  endfacet
  facet normal 0 0 -1
    outer loop
      vertex 75.5983 -22.9325 0
      vertex 72.6845 -22.0974 0
      vertex 72.7002 -22.0534 0
    endloop
  endfacet
  facet normal 0 0 -1
    outer loop
      vertex 72.9865 -30.232 0
      vertex 70.1886 -29.0731 0
      vertex 72.6845 -22.0974 0
    endloop
  endfacet
  facet normal 0 0 -1
    outer loop
      vertex 67.0209 -35.7705 0
      vertex 72.9865 -30.232 0
      vertex 69.6718 -37.2403 0
    endloop
  endfacet
  facet normal -0 0 -1
    outer loop
      vertex 72.9865 -30.232 0
      vertex 67.0209 -35.7705 0
      vertex 70.1886 -29.0731 0
    endloop
  endfacet
  facet normal 0 0 -1
    outer loop
      vertex 69.6718 -37.2403 0
      vertex 67.0009 -35.8127 0
      vertex 67.0209 -35.7705 0
    endloop
  endfacet
  facet normal 0 0 -1
    outer loop
      vertex 63.1921 -42.1674 0
      vertex 69.6718 -37.2403 0
      vertex 65.6861 -43.89 0
    endloop
  endfacet
  facet normal -0 0 -1
    outer loop
      vertex 69.6718 -37.2403 0
      vertex 63.1921 -42.1674 0
      vertex 67.0009 -35.8127 0
    endloop
  endfacet
  facet normal 0 0 -1
    outer loop
      vertex 65.6861 -43.89 0
      vertex 63.168 -42.2075 0
      vertex 63.1921 -42.1674 0
    endloop
  endfacet
  facet normal 0 0 -1
    outer loop
      vertex 65.6861 -43.89 0
      vertex 63.1402 -42.2451 0
      vertex 63.168 -42.2075 0
    endloop
  endfacet
  facet normal 0 0 -1
    outer loop
      vertex 61.0678 -50.1171 0
      vertex 63.1402 -42.2451 0
      vertex 65.6861 -43.89 0
    endloop
  endfacet
  facet normal 0 0 -1
    outer loop
      vertex 61.0678 -50.1171 0
      vertex 58.7268 -48.1958 0
      vertex 63.1402 -42.2451 0
    endloop
  endfacet
  facet normal 0 0 -1
    outer loop
      vertex 61.0678 -50.1171 0
      vertex 58.6954 -48.2305 0
      vertex 58.7268 -48.1958 0
    endloop
  endfacet
  facet normal 0 0 -1
    outer loop
      vertex 55.8614 -55.8614 0
      vertex 58.6954 -48.2305 0
      vertex 61.0678 -50.1171 0
    endloop
  endfacet
  facet normal 0 0 -1
    outer loop
      vertex 55.8614 -55.8614 0
      vertex 53.72 -53.72 0
      vertex 58.6954 -48.2305 0
    endloop
  endfacet
  facet normal 0 0 -1
    outer loop
      vertex 48.2305 -58.6954 0
      vertex 55.8614 -55.8614 0
      vertex 50.1171 -61.0678 0
    endloop
  endfacet
  facet normal -0 0 -1
    outer loop
      vertex 55.8614 -55.8614 0
      vertex 48.2305 -58.6954 0
      vertex 53.72 -53.72 0
    endloop
  endfacet
  facet normal 0 0 -1
    outer loop
      vertex 50.1171 -61.0678 0
      vertex 48.1958 -58.7268 0
      vertex 48.2305 -58.6954 0
    endloop
  endfacet
  facet normal 0 0 -1
    outer loop
      vertex 42.2451 -63.1402 0
      vertex 50.1171 -61.0678 0
      vertex 43.89 -65.6861 0
    endloop
  endfacet
  facet normal -0 0 -1
    outer loop
      vertex 50.1171 -61.0678 0
      vertex 42.2451 -63.1402 0
      vertex 48.1958 -58.7268 0
    endloop
  endfacet
  facet normal 0 0 -1
    outer loop
      vertex 43.89 -65.6861 0
      vertex 42.2075 -63.168 0
      vertex 42.2451 -63.1402 0
    endloop
  endfacet
  facet normal 0 0 -1
    outer loop
      vertex 43.89 -65.6861 0
      vertex 42.1674 -63.1921 0
      vertex 42.2075 -63.168 0
    endloop
  endfacet
  facet normal 0 0 -1
    outer loop
      vertex 37.2403 -69.6718 0
      vertex 42.1674 -63.1921 0
      vertex 43.89 -65.6861 0
    endloop
  endfacet
  facet normal 0 0 -1
    outer loop
      vertex 37.2403 -69.6718 0
      vertex 35.8127 -67.0009 0
      vertex 42.1674 -63.1921 0
    endloop
  endfacet
  facet normal 0 0 -1
    outer loop
      vertex 37.2403 -69.6718 0
      vertex 35.7705 -67.0209 0
      vertex 35.8127 -67.0009 0
    endloop
  endfacet
  facet normal 0 0 -1
    outer loop
      vertex 30.232 -72.9865 0
      vertex 35.7705 -67.0209 0
      vertex 37.2403 -69.6718 0
    endloop
  endfacet
  facet normal 0 0 -1
    outer loop
      vertex 30.232 -72.9865 0
      vertex 29.0731 -70.1886 0
      vertex 35.7705 -67.0209 0
    endloop
  endfacet
  facet normal 0 0 -1
    outer loop
      vertex 22.0974 -72.6845 0
      vertex 30.232 -72.9865 0
      vertex 22.9325 -75.5983 0
    endloop
  endfacet
  facet normal 0 0 -1
    outer loop
      vertex 30.232 -72.9865 0
      vertex 22.0974 -72.6845 0
      vertex 29.0731 -70.1886 0
    endloop
  endfacet
  facet normal 0 0 -1
    outer loop
      vertex 22.9325 -75.5983 0
      vertex 22.0534 -72.7002 0
      vertex 22.0974 -72.6845 0
    endloop
  endfacet
  facet normal 0 0 -1
    outer loop
      vertex 14.8667 -74.5004 0
      vertex 22.9325 -75.5983 0
      vertex 15.4121 -77.482 0
    endloop
  endfacet
  facet normal 0 0 -1
    outer loop
      vertex 22.9325 -75.5983 0
      vertex 14.8667 -74.5004 0
      vertex 22.0534 -72.7002 0
    endloop
  endfacet
  facet normal 0 0 -1
    outer loop
      vertex 15.4121 -77.482 0
      vertex 14.8213 -74.5118 0
      vertex 14.8667 -74.5004 0
    endloop
  endfacet
  facet normal 0 0 -1
    outer loop
      vertex 15.4121 -77.482 0
      vertex 14.7751 -74.5186 0
      vertex 14.8213 -74.5118 0
    endloop
  endfacet
  facet normal 0 0 -1
    outer loop
      vertex 7.74335 -78.6196 0
      vertex 14.7751 -74.5186 0
      vertex 15.4121 -77.482 0
    endloop
  endfacet
  facet normal 0 0 -1
    outer loop
      vertex 7.74335 -78.6196 0
      vertex 7.44651 -75.6057 0
      vertex 14.7751 -74.5186 0
    endloop
  endfacet
  facet normal 0 0 -1
    outer loop
      vertex 7.74335 -78.6196 0
      vertex 0.0466902 -75.9693 0
      vertex 7.44651 -75.6057 0
    endloop
  endfacet
  facet normal 0 0 -1
    outer loop
      vertex 0 -79 0
      vertex 0.0466902 -75.9693 0
      vertex 7.74335 -78.6196 0
    endloop
  endfacet
  facet normal 0 0 -1
    outer loop
      vertex 0 -79 0
      vertex 0 -75.9716 0
      vertex 0.0466902 -75.9693 0
    endloop
  endfacet
  facet normal 0 0 -1
    outer loop
      vertex 0 -79 0
      vertex -0.0466902 -75.9693 0
      vertex 0 -75.9716 0
    endloop
  endfacet
  facet normal 0 0 -1
    outer loop
      vertex -7.74335 -78.6196 0
      vertex -0.0466902 -75.9693 0
      vertex 0 -79 0
    endloop
  endfacet
  facet normal -0 0 -1
    outer loop
      vertex -0.0466902 -75.9693 0
      vertex -7.74335 -78.6196 0
      vertex -7.44651 -75.6057 0
    endloop
  endfacet
  facet normal 0 0 -1
    outer loop
      vertex -7.74335 -78.6196 0
      vertex -14.7751 -74.5186 0
      vertex -7.44651 -75.6057 0
    endloop
  endfacet
  facet normal 0 0 -1
    outer loop
      vertex -15.4121 -77.482 0
      vertex -14.7751 -74.5186 0
      vertex -7.74335 -78.6196 0
    endloop
  endfacet
  facet normal -0 0 -1
    outer loop
      vertex -14.7751 -74.5186 0
      vertex -15.4121 -77.482 0
      vertex -14.8213 -74.5118 0
    endloop
  endfacet
  facet normal -0 0 -1
    outer loop
      vertex -14.8213 -74.5118 0
      vertex -15.4121 -77.482 0
      vertex -14.8667 -74.5004 0
    endloop
  endfacet
  facet normal 0 0 -1
    outer loop
      vertex -22.9325 -75.5983 0
      vertex -14.8667 -74.5004 0
      vertex -15.4121 -77.482 0
    endloop
  endfacet
  facet normal -0 0 -1
    outer loop
      vertex -14.8667 -74.5004 0
      vertex -22.9325 -75.5983 0
      vertex -22.0534 -72.7002 0
    endloop
  endfacet
  facet normal -0 0 -1
    outer loop
      vertex -22.0534 -72.7002 0
      vertex -22.9325 -75.5983 0
      vertex -22.0974 -72.6845 0
    endloop
  endfacet
  facet normal 0 0 -1
    outer loop
      vertex -30.232 -72.9865 0
      vertex -22.0974 -72.6845 0
      vertex -22.9325 -75.5983 0
    endloop
  endfacet
  facet normal -0 0 -1
    outer loop
      vertex -22.0974 -72.6845 0
      vertex -30.232 -72.9865 0
      vertex -29.0731 -70.1886 0
    endloop
  endfacet
  facet normal 0 0 -1
    outer loop
      vertex -30.232 -72.9865 0
      vertex -35.7705 -67.0209 0
      vertex -29.0731 -70.1886 0
    endloop
  endfacet
  facet normal 0 0 -1
    outer loop
      vertex -37.2403 -69.6718 0
      vertex -35.7705 -67.0209 0
      vertex -30.232 -72.9865 0
    endloop
  endfacet
  facet normal -0 0 -1
    outer loop
      vertex -35.7705 -67.0209 0
      vertex -37.2403 -69.6718 0
      vertex -35.8127 -67.0009 0
    endloop
  endfacet
  facet normal 0 0 -1
    outer loop
      vertex -37.2403 -69.6718 0
      vertex -42.1674 -63.1921 0
      vertex -35.8127 -67.0009 0
    endloop
  endfacet
  facet normal 0 0 -1
    outer loop
      vertex -43.89 -65.6861 0
      vertex -42.1674 -63.1921 0
      vertex -37.2403 -69.6718 0
    endloop
  endfacet
  facet normal -0 0 -1
    outer loop
      vertex -42.1674 -63.1921 0
      vertex -43.89 -65.6861 0
      vertex -42.2075 -63.168 0
    endloop
  endfacet
  facet normal -0 0 -1
    outer loop
      vertex -42.2075 -63.168 0
      vertex -43.89 -65.6861 0
      vertex -42.2451 -63.1402 0
    endloop
  endfacet
  facet normal 0 0 -1
    outer loop
      vertex -50.1171 -61.0678 0
      vertex -42.2451 -63.1402 0
      vertex -43.89 -65.6861 0
    endloop
  endfacet
  facet normal 0 0 -1
    outer loop
      vertex -42.2451 -63.1402 0
      vertex -50.1171 -61.0678 0
      vertex -48.1958 -58.7268 0
    endloop
  endfacet
  facet normal -0 0 -1
    outer loop
      vertex -48.1958 -58.7268 0
      vertex -50.1171 -61.0678 0
      vertex -48.2305 -58.6954 0
    endloop
  endfacet
  facet normal 0 0 -1
    outer loop
      vertex -55.8614 -55.8614 0
      vertex -48.2305 -58.6954 0
      vertex -50.1171 -61.0678 0
    endloop
  endfacet
  facet normal 0 0 -1
    outer loop
      vertex -48.2305 -58.6954 0
      vertex -55.8614 -55.8614 0
      vertex -53.72 -53.72 0
    endloop
  endfacet
  facet normal 0 0 -1
    outer loop
      vertex -55.8614 -55.8614 0
      vertex -58.6954 -48.2305 0
      vertex -53.72 -53.72 0
    endloop
  endfacet
  facet normal 0 0 -1
    outer loop
      vertex -61.0678 -50.1171 0
      vertex -58.6954 -48.2305 0
      vertex -55.8614 -55.8614 0
    endloop
  endfacet
  facet normal -0 0 -1
    outer loop
      vertex -58.6954 -48.2305 0
      vertex -61.0678 -50.1171 0
      vertex -58.7268 -48.1958 0
    endloop
  endfacet
  facet normal 0 0 -1
    outer loop
      vertex -61.0678 -50.1171 0
      vertex -63.1402 -42.2451 0
      vertex -58.7268 -48.1958 0
    endloop
  endfacet
  facet normal 0 0 -1
    outer loop
      vertex -65.6861 -43.89 0
      vertex -63.1402 -42.2451 0
      vertex -61.0678 -50.1171 0
    endloop
  endfacet
  facet normal -0 0 -1
    outer loop
      vertex -63.1402 -42.2451 0
      vertex -65.6861 -43.89 0
      vertex -63.168 -42.2075 0
    endloop
  endfacet
  facet normal -0 0 -1
    outer loop
      vertex -63.168 -42.2075 0
      vertex -65.6861 -43.89 0
      vertex -63.1921 -42.1674 0
    endloop
  endfacet
  facet normal 0 0 -1
    outer loop
      vertex -69.6718 -37.2403 0
      vertex -63.1921 -42.1674 0
      vertex -65.6861 -43.89 0
    endloop
  endfacet
  facet normal 0 0 -1
    outer loop
      vertex -63.1921 -42.1674 0
      vertex -69.6718 -37.2403 0
      vertex -67.0009 -35.8127 0
    endloop
  endfacet
  facet normal -0 0 -1
    outer loop
      vertex -67.0009 -35.8127 0
      vertex -69.6718 -37.2403 0
      vertex -67.0209 -35.7705 0
    endloop
  endfacet
  facet normal 0 0 -1
    outer loop
      vertex -72.9865 -30.232 0
      vertex -67.0209 -35.7705 0
      vertex -69.6718 -37.2403 0
    endloop
  endfacet
  facet normal 0 0 -1
    outer loop
      vertex -67.0209 -35.7705 0
      vertex -72.9865 -30.232 0
      vertex -70.1886 -29.0731 0
    endloop
  endfacet
  facet normal -0 0 -1
    outer loop
      vertex -70.1886 -29.0731 0
      vertex -72.9865 -30.232 0
      vertex -72.6845 -22.0974 0
    endloop
  endfacet
  facet normal 0 0 -1
    outer loop
      vertex -75.5983 -22.9325 0
      vertex -72.6845 -22.0974 0
      vertex -72.9865 -30.232 0
    endloop
  endfacet
  facet normal -0 0 -1
    outer loop
      vertex -72.6845 -22.0974 0
      vertex -75.5983 -22.9325 0
      vertex -72.7002 -22.0534 0
    endloop
  endfacet
  facet normal -0 0 -1
    outer loop
      vertex -72.7002 -22.0534 0
      vertex -75.5983 -22.9325 0
      vertex -74.5004 -14.8667 0
    endloop
  endfacet
  facet normal 0 0 -1
    outer loop
      vertex -77.482 -15.4121 0
      vertex -74.5004 -14.8667 0
      vertex -75.5983 -22.9325 0
    endloop
  endfacet
  facet normal -0 0 -1
    outer loop
      vertex -74.5004 -14.8667 0
      vertex -77.482 -15.4121 0
      vertex -74.5118 -14.8213 0
    endloop
  endfacet
  facet normal -0 0 -1
    outer loop
      vertex -74.5118 -14.8213 0
      vertex -77.482 -15.4121 0
      vertex -74.5186 -14.7751 0
    endloop
  endfacet
  facet normal 0 0 -1
    outer loop
      vertex -78.6196 -7.74335 0
      vertex -74.5186 -14.7751 0
      vertex -77.482 -15.4121 0
    endloop
  endfacet
  facet normal 0 0 -1
    outer loop
      vertex -74.5186 -14.7751 0
      vertex -78.6196 -7.74335 0
      vertex -75.6057 -7.44651 0
    endloop
  endfacet
  facet normal -0 0 -1
    outer loop
      vertex -75.6057 -7.44651 0
      vertex -78.6196 -7.74335 0
      vertex -75.9693 -0.0466902 0
    endloop
  endfacet
  facet normal 0 0 -1
    outer loop
      vertex 75.6057 7.44651 0
      vertex 78.6196 7.74335 0
      vertex 75.9693 0.0466902 0
    endloop
  endfacet
  facet normal 0 0 -1
    outer loop
      vertex 74.5186 14.7751 0
      vertex 78.6196 7.74335 0
      vertex 75.6057 7.44651 0
    endloop
  endfacet
  facet normal 0 0 -1
    outer loop
      vertex 78.6196 7.74335 0
      vertex 74.5186 14.7751 0
      vertex 77.482 15.4121 0
    endloop
  endfacet
  facet normal 0 0 -1
    outer loop
      vertex 74.5118 14.8213 0
      vertex 77.482 15.4121 0
      vertex 74.5186 14.7751 0
    endloop
  endfacet
  facet normal 0 0 -1
    outer loop
      vertex 74.5004 14.8667 0
      vertex 77.482 15.4121 0
      vertex 74.5118 14.8213 0
    endloop
  endfacet
  facet normal -0 0 -1
    outer loop
      vertex 77.482 15.4121 0
      vertex 74.5004 14.8667 0
      vertex 75.5983 22.9325 0
    endloop
  endfacet
  facet normal 0 0 -1
    outer loop
      vertex 72.7002 22.0534 0
      vertex 75.5983 22.9325 0
      vertex 74.5004 14.8667 0
    endloop
  endfacet
  facet normal 0 0 -1
    outer loop
      vertex 72.6845 22.0974 0
      vertex 75.5983 22.9325 0
      vertex 72.7002 22.0534 0
    endloop
  endfacet
  facet normal -0 0 -1
    outer loop
      vertex 75.5983 22.9325 0
      vertex 72.6845 22.0974 0
      vertex 72.9865 30.232 0
    endloop
  endfacet
  facet normal 0 0 -1
    outer loop
      vertex 70.1886 29.0731 0
      vertex 72.9865 30.232 0
      vertex 72.6845 22.0974 0
    endloop
  endfacet
  facet normal 0 0 -1
    outer loop
      vertex 67.0209 35.7705 0
      vertex 72.9865 30.232 0
      vertex 70.1886 29.0731 0
    endloop
  endfacet
  facet normal 0 0 -1
    outer loop
      vertex 72.9865 30.232 0
      vertex 67.0209 35.7705 0
      vertex 69.6718 37.2403 0
    endloop
  endfacet
  facet normal 0 0 -1
    outer loop
      vertex 67.0009 35.8127 0
      vertex 69.6718 37.2403 0
      vertex 67.0209 35.7705 0
    endloop
  endfacet
  facet normal 0 0 -1
    outer loop
      vertex 63.1921 42.1674 0
      vertex 69.6718 37.2403 0
      vertex 67.0009 35.8127 0
    endloop
  endfacet
  facet normal 0 0 -1
    outer loop
      vertex 69.6718 37.2403 0
      vertex 63.1921 42.1674 0
      vertex 65.6861 43.89 0
    endloop
  endfacet
  facet normal 0 0 -1
    outer loop
      vertex 63.168 42.2075 0
      vertex 65.6861 43.89 0
      vertex 63.1921 42.1674 0
    endloop
  endfacet
  facet normal 0 0 -1
    outer loop
      vertex 63.1402 42.2451 0
      vertex 65.6861 43.89 0
      vertex 63.168 42.2075 0
    endloop
  endfacet
  facet normal 0 0 -1
    outer loop
      vertex 63.1402 42.2451 0
      vertex 61.0678 50.1171 0
      vertex 65.6861 43.89 0
    endloop
  endfacet
  facet normal 0 0 -1
    outer loop
      vertex 58.7268 48.1958 0
      vertex 61.0678 50.1171 0
      vertex 63.1402 42.2451 0
    endloop
  endfacet
  facet normal 0 0 -1
    outer loop
      vertex 58.6954 48.2305 0
      vertex 61.0678 50.1171 0
      vertex 58.7268 48.1958 0
    endloop
  endfacet
  facet normal 0 0 -1
    outer loop
      vertex 58.6954 48.2305 0
      vertex 55.8614 55.8614 0
      vertex 61.0678 50.1171 0
    endloop
  endfacet
  facet normal 0 0 -1
    outer loop
      vertex 53.72 53.72 0
      vertex 55.8614 55.8614 0
      vertex 58.6954 48.2305 0
    endloop
  endfacet
  facet normal 0 0 -1
    outer loop
      vertex 48.2305 58.6954 0
      vertex 55.8614 55.8614 0
      vertex 53.72 53.72 0
    endloop
  endfacet
  facet normal 0 0 -1
    outer loop
      vertex 55.8614 55.8614 0
      vertex 48.2305 58.6954 0
      vertex 50.1171 61.0678 0
    endloop
  endfacet
  facet normal 0 0 -1
    outer loop
      vertex 48.1958 58.7268 0
      vertex 50.1171 61.0678 0
      vertex 48.2305 58.6954 0
    endloop
  endfacet
  facet normal 0 0 -1
    outer loop
      vertex 42.2451 63.1402 0
      vertex 50.1171 61.0678 0
      vertex 48.1958 58.7268 0
    endloop
  endfacet
  facet normal 0 0 -1
    outer loop
      vertex 50.1171 61.0678 0
      vertex 42.2451 63.1402 0
      vertex 43.89 65.6861 0
    endloop
  endfacet
  facet normal 0 0 -1
    outer loop
      vertex 42.2075 63.168 0
      vertex 43.89 65.6861 0
      vertex 42.2451 63.1402 0
    endloop
  endfacet
  facet normal 0 0 -1
    outer loop
      vertex 42.1674 63.1921 0
      vertex 43.89 65.6861 0
      vertex 42.2075 63.168 0
    endloop
  endfacet
  facet normal 0 0 -1
    outer loop
      vertex 42.1674 63.1921 0
      vertex 37.2403 69.6718 0
      vertex 43.89 65.6861 0
    endloop
  endfacet
  facet normal 0 0 -1
    outer loop
      vertex 35.8127 67.0009 0
      vertex 37.2403 69.6718 0
      vertex 42.1674 63.1921 0
    endloop
  endfacet
  facet normal 0 0 -1
    outer loop
      vertex 35.7705 67.0209 0
      vertex 37.2403 69.6718 0
      vertex 35.8127 67.0009 0
    endloop
  endfacet
  facet normal 0 0 -1
    outer loop
      vertex 35.7705 67.0209 0
      vertex 30.232 72.9865 0
      vertex 37.2403 69.6718 0
    endloop
  endfacet
  facet normal 0 0 -1
    outer loop
      vertex 29.0731 70.1886 0
      vertex 30.232 72.9865 0
      vertex 35.7705 67.0209 0
    endloop
  endfacet
  facet normal 0 0 -1
    outer loop
      vertex 22.0974 72.6845 0
      vertex 30.232 72.9865 0
      vertex 29.0731 70.1886 0
    endloop
  endfacet
  facet normal -0 0 -1
    outer loop
      vertex 30.232 72.9865 0
      vertex 22.0974 72.6845 0
      vertex 22.9325 75.5983 0
    endloop
  endfacet
  facet normal 0 0 -1
    outer loop
      vertex 22.0534 72.7002 0
      vertex 22.9325 75.5983 0
      vertex 22.0974 72.6845 0
    endloop
  endfacet
  facet normal 0 0 -1
    outer loop
      vertex 14.8667 74.5004 0
      vertex 22.9325 75.5983 0
      vertex 22.0534 72.7002 0
    endloop
  endfacet
  facet normal -0 0 -1
    outer loop
      vertex 22.9325 75.5983 0
      vertex 14.8667 74.5004 0
      vertex 15.4121 77.482 0
    endloop
  endfacet
  facet normal 0 0 -1
    outer loop
      vertex 14.8213 74.5118 0
      vertex 15.4121 77.482 0
      vertex 14.8667 74.5004 0
    endloop
  endfacet
  facet normal 0 0 -1
    outer loop
      vertex 14.7751 74.5186 0
      vertex 15.4121 77.482 0
      vertex 14.8213 74.5118 0
    endloop
  endfacet
  facet normal 0 0 -1
    outer loop
      vertex 14.7751 74.5186 0
      vertex 7.74335 78.6196 0
      vertex 15.4121 77.482 0
    endloop
  endfacet
  facet normal 0 0 -1
    outer loop
      vertex 7.44651 75.6057 0
      vertex 7.74335 78.6196 0
      vertex 14.7751 74.5186 0
    endloop
  endfacet
  facet normal 0 0 -1
    outer loop
      vertex 0.0466902 75.9693 0
      vertex 7.74335 78.6196 0
      vertex 7.44651 75.6057 0
    endloop
  endfacet
  facet normal 0 0 -1
    outer loop
      vertex 0 79 0
      vertex 0.0466902 75.9693 0
      vertex 0 75.9716 0
    endloop
  endfacet
  facet normal 0 0 -1
    outer loop
      vertex 0.0466902 75.9693 0
      vertex 0 79 0
      vertex 7.74335 78.6196 0
    endloop
  endfacet
  facet normal 0 0 -1
    outer loop
      vertex -0.0466902 75.9693 0
      vertex 0 79 0
      vertex 0 75.9716 0
    endloop
  endfacet
  facet normal 0 0 -1
    outer loop
      vertex -7.74335 78.6196 0
      vertex -0.0466902 75.9693 0
      vertex -7.44651 75.6057 0
    endloop
  endfacet
  facet normal 0 0 -1
    outer loop
      vertex -0.0466902 75.9693 0
      vertex -7.74335 78.6196 0
      vertex 0 79 0
    endloop
  endfacet
  facet normal 0 0 -1
    outer loop
      vertex -14.7751 74.5186 0
      vertex -7.74335 78.6196 0
      vertex -7.44651 75.6057 0
    endloop
  endfacet
  facet normal 0 0 -1
    outer loop
      vertex -15.4121 77.482 0
      vertex -14.7751 74.5186 0
      vertex -14.8213 74.5118 0
    endloop
  endfacet
  facet normal 0 0 -1
    outer loop
      vertex -15.4121 77.482 0
      vertex -14.8213 74.5118 0
      vertex -14.8667 74.5004 0
    endloop
  endfacet
  facet normal 0 0 -1
    outer loop
      vertex -14.7751 74.5186 0
      vertex -15.4121 77.482 0
      vertex -7.74335 78.6196 0
    endloop
  endfacet
  facet normal 0 0 -1
    outer loop
      vertex -22.9325 75.5983 0
      vertex -14.8667 74.5004 0
      vertex -22.0534 72.7002 0
    endloop
  endfacet
  facet normal 0 0 -1
    outer loop
      vertex -22.9325 75.5983 0
      vertex -22.0534 72.7002 0
      vertex -22.0974 72.6845 0
    endloop
  endfacet
  facet normal 0 0 -1
    outer loop
      vertex -14.8667 74.5004 0
      vertex -22.9325 75.5983 0
      vertex -15.4121 77.482 0
    endloop
  endfacet
  facet normal 0 0 -1
    outer loop
      vertex -30.232 72.9865 0
      vertex -22.0974 72.6845 0
      vertex -29.0731 70.1886 0
    endloop
  endfacet
  facet normal 0 0 -1
    outer loop
      vertex -22.0974 72.6845 0
      vertex -30.232 72.9865 0
      vertex -22.9325 75.5983 0
    endloop
  endfacet
  facet normal 0 0 -1
    outer loop
      vertex -35.7705 67.0209 0
      vertex -30.232 72.9865 0
      vertex -29.0731 70.1886 0
    endloop
  endfacet
  facet normal 0 0 -1
    outer loop
      vertex -37.2403 69.6718 0
      vertex -35.7705 67.0209 0
      vertex -35.8127 67.0009 0
    endloop
  endfacet
  facet normal 0 0 -1
    outer loop
      vertex -35.7705 67.0209 0
      vertex -37.2403 69.6718 0
      vertex -30.232 72.9865 0
    endloop
  endfacet
  facet normal 0 0 -1
    outer loop
      vertex -42.1674 63.1921 0
      vertex -37.2403 69.6718 0
      vertex -35.8127 67.0009 0
    endloop
  endfacet
  facet normal 0 0 -1
    outer loop
      vertex -43.89 65.6861 0
      vertex -42.1674 63.1921 0
      vertex -42.2075 63.168 0
    endloop
  endfacet
  facet normal 0 0 -1
    outer loop
      vertex -43.89 65.6861 0
      vertex -42.2075 63.168 0
      vertex -42.2451 63.1402 0
    endloop
  endfacet
  facet normal 0 0 -1
    outer loop
      vertex -42.1674 63.1921 0
      vertex -43.89 65.6861 0
      vertex -37.2403 69.6718 0
    endloop
  endfacet
  facet normal 0 0 -1
    outer loop
      vertex -50.1171 61.0678 0
      vertex -42.2451 63.1402 0
      vertex -48.1958 58.7268 0
    endloop
  endfacet
  facet normal 0 0 -1
    outer loop
      vertex -50.1171 61.0678 0
      vertex -48.1958 58.7268 0
      vertex -48.2305 58.6954 0
    endloop
  endfacet
  facet normal -0 0 -1
    outer loop
      vertex -42.2451 63.1402 0
      vertex -50.1171 61.0678 0
      vertex -43.89 65.6861 0
    endloop
  endfacet
  facet normal 0 0 -1
    outer loop
      vertex -55.8614 55.8614 0
      vertex -48.2305 58.6954 0
      vertex -53.72 53.72 0
    endloop
  endfacet
  facet normal -0 0 -1
    outer loop
      vertex -48.2305 58.6954 0
      vertex -55.8614 55.8614 0
      vertex -50.1171 61.0678 0
    endloop
  endfacet
  facet normal 0 0 -1
    outer loop
      vertex -58.6954 48.2305 0
      vertex -55.8614 55.8614 0
      vertex -53.72 53.72 0
    endloop
  endfacet
  facet normal 0 0 -1
    outer loop
      vertex -61.0678 50.1171 0
      vertex -58.6954 48.2305 0
      vertex -58.7268 48.1958 0
    endloop
  endfacet
  facet normal 0 0 -1
    outer loop
      vertex -58.6954 48.2305 0
      vertex -61.0678 50.1171 0
      vertex -55.8614 55.8614 0
    endloop
  endfacet
  facet normal 0 0 -1
    outer loop
      vertex -63.1402 42.2451 0
      vertex -61.0678 50.1171 0
      vertex -58.7268 48.1958 0
    endloop
  endfacet
  facet normal 0 0 -1
    outer loop
      vertex -65.6861 43.89 0
      vertex -63.1402 42.2451 0
      vertex -63.168 42.2075 0
    endloop
  endfacet
  facet normal 0 0 -1
    outer loop
      vertex -65.6861 43.89 0
      vertex -63.168 42.2075 0
      vertex -63.1921 42.1674 0
    endloop
  endfacet
  facet normal 0 0 -1
    outer loop
      vertex -63.1402 42.2451 0
      vertex -65.6861 43.89 0
      vertex -61.0678 50.1171 0
    endloop
  endfacet
  facet normal 0 0 -1
    outer loop
      vertex -69.6718 37.2403 0
      vertex -63.1921 42.1674 0
      vertex -67.0009 35.8127 0
    endloop
  endfacet
  facet normal 0 0 -1
    outer loop
      vertex -69.6718 37.2403 0
      vertex -67.0009 35.8127 0
      vertex -67.0209 35.7705 0
    endloop
  endfacet
  facet normal -0 0 -1
    outer loop
      vertex -63.1921 42.1674 0
      vertex -69.6718 37.2403 0
      vertex -65.6861 43.89 0
    endloop
  endfacet
  facet normal 0 0 -1
    outer loop
      vertex -72.9865 30.232 0
      vertex -67.0209 35.7705 0
      vertex -70.1886 29.0731 0
    endloop
  endfacet
  facet normal 0 0 -1
    outer loop
      vertex -72.9865 30.232 0
      vertex -70.1886 29.0731 0
      vertex -72.6845 22.0974 0
    endloop
  endfacet
  facet normal 0 0 -1
    outer loop
      vertex -75.5983 22.9325 0
      vertex -72.6845 22.0974 0
      vertex -72.7002 22.0534 0
    endloop
  endfacet
  facet normal -0 0 -1
    outer loop
      vertex -67.0209 35.7705 0
      vertex -72.9865 30.232 0
      vertex -69.6718 37.2403 0
    endloop
  endfacet
  facet normal 0 0 -1
    outer loop
      vertex -75.5983 22.9325 0
      vertex -72.7002 22.0534 0
      vertex -74.5004 14.8667 0
    endloop
  endfacet
  facet normal 0 0 -1
    outer loop
      vertex -77.482 15.4121 0
      vertex -74.5004 14.8667 0
      vertex -74.5118 14.8213 0
    endloop
  endfacet
  facet normal 0 0 -1
    outer loop
      vertex -77.482 15.4121 0
      vertex -74.5118 14.8213 0
      vertex -74.5186 14.7751 0
    endloop
  endfacet
  facet normal 0 0 -1
    outer loop
      vertex -72.6845 22.0974 0
      vertex -75.5983 22.9325 0
      vertex -72.9865 30.232 0
    endloop
  endfacet
  facet normal 0 0 -1
    outer loop
      vertex -78.6196 7.74335 0
      vertex -74.5186 14.7751 0
      vertex -75.6057 7.44651 0
    endloop
  endfacet
  facet normal 0 0 -1
    outer loop
      vertex -78.6196 7.74335 0
      vertex -75.6057 7.44651 0
      vertex -75.9693 0.0466902 0
    endloop
  endfacet
  facet normal 0 0 -1
    outer loop
      vertex -79 0 0
      vertex -75.9693 0.0466902 0
      vertex -75.9716 0 0
    endloop
  endfacet
  facet normal 0 0 -1
    outer loop
      vertex -79 0 0
      vertex -75.9693 -0.0466902 0
      vertex -78.6196 -7.74335 0
    endloop
  endfacet
  facet normal 0 0 -1
    outer loop
      vertex -74.5004 14.8667 0
      vertex -77.482 15.4121 0
      vertex -75.5983 22.9325 0
    endloop
  endfacet
  facet normal 0 0 -1
    outer loop
      vertex -75.9693 -0.0466902 0
      vertex -79 0 0
      vertex -75.9716 0 0
    endloop
  endfacet
  facet normal -0 0 -1
    outer loop
      vertex -74.5186 14.7751 0
      vertex -78.6196 7.74335 0
      vertex -77.482 15.4121 0
    endloop
  endfacet
  facet normal -0 0 -1
    outer loop
      vertex -75.9693 0.0466902 0
      vertex -79 0 0
      vertex -78.6196 7.74335 0
    endloop
  endfacet
  facet normal -0.857534 -0.513992 -0.0211817
    outer loop
      vertex -68.5962 -45.8345 165
      vertex -72.7585 -38.8902 165
      vertex -69.6718 -37.2403 0
    endloop
  endfacet
  facet normal -0.969824 -0.242882 -0.0211819
    outer loop
      vertex -77.482 -15.4121 0
      vertex -79.8004 -16.6298 120.112
      vertex -79.9489 -15.9028 118.575
    endloop
  endfacet
  facet normal -0.96983 -0.242859 -0.0211818
    outer loop
      vertex -77.482 -15.4121 0
      vertex -79.6877 -17.2249 121.775
      vertex -79.8004 -16.6298 120.112
    endloop
  endfacet
  facet normal -0.96981 -0.242939 -0.0211826
    outer loop
      vertex -77.482 -15.4121 0
      vertex -79.6176 -17.6541 123.488
      vertex -79.6877 -17.2249 121.775
    endloop
  endfacet
  facet normal -0.96976 -0.243139 -0.0211854
    outer loop
      vertex -77.482 -15.4121 0
      vertex -79.5908 -17.9133 125.236
      vertex -79.6176 -17.6541 123.488
    endloop
  endfacet
  facet normal -0.969815 -0.242918 -0.0211819
    outer loop
      vertex -78.9476 -23.9485 165
      vertex -79.5908 -17.9133 125.236
      vertex -77.482 -15.4121 0
    endloop
  endfacet
  facet normal -0.96983 -0.242862 -0.0211731
    outer loop
      vertex -79.5908 -17.9133 125.236
      vertex -78.9476 -23.9485 165
      vertex -79.6076 -18 127
    endloop
  endfacet
  facet normal -0.969802 -0.24297 -0.0211932
    outer loop
      vertex -78.9476 -23.9485 165
      vertex -80.2965 -15.972 135.279
      vertex -80.1013 -16.6298 133.888
    endloop
  endfacet
  facet normal -0.969811 -0.242937 -0.0211852
    outer loop
      vertex -78.9476 -23.9485 165
      vertex -80.1013 -16.6298 133.888
      vertex -79.9159 -17.2249 132.225
    endloop
  endfacet
  facet normal -0.969821 -0.242897 -0.0211767
    outer loop
      vertex -78.9476 -23.9485 165
      vertex -79.9159 -17.2249 132.225
      vertex -79.771 -17.6541 130.512
    endloop
  endfacet
  facet normal -0.969816 -0.242918 -0.0211806
    outer loop
      vertex -78.9476 -23.9485 165
      vertex -79.771 -17.6541 130.512
      vertex -79.6679 -17.9133 128.764
    endloop
  endfacet
  facet normal -0.969814 -0.242926 -0.0211808
    outer loop
      vertex -80.2965 -15.972 135.279
      vertex -78.9476 -23.9485 165
      vertex -80.9148 -16.095 165
    endloop
  endfacet
  facet normal -0.96978 -0.243057 -0.0212045
    outer loop
      vertex -78.9476 -23.9485 165
      vertex -79.6679 -17.9133 128.764
      vertex -79.6076 -18 127
    endloop
  endfacet
  facet normal -0.903785 -0.427461 -0.021182
    outer loop
      vertex -69.6718 -37.2403 0
      vertex -76.2201 -31.5714 165
      vertex -72.9865 -30.232 0
    endloop
  endfacet
  facet normal -0.51399 -0.857535 -0.0211816
    outer loop
      vertex -37.2403 -69.6718 0
      vertex -45.8345 -68.5962 165
      vertex -43.89 -65.6861 0
    endloop
  endfacet
  facet normal -0.740784 -0.671409 -0.0211818
    outer loop
      vertex -58.3363 -58.3363 165
      vertex -63.7734 -52.3374 165
      vertex -61.0678 -50.1171 0
    endloop
  endfacet
  facet normal -0.242923 -0.969814 -0.0211824
    outer loop
      vertex -22.9325 -75.5983 0
      vertex -16.4468 -77.6597 20
      vertex -23.0556 -76.0043 20
    endloop
  endfacet
  facet normal -0.242918 -0.969815 -0.0211842
    outer loop
      vertex -16.4468 -77.6597 20
      vertex -22.9325 -75.5983 0
      vertex -15.4121 -77.482 0
    endloop
  endfacet
  facet normal -0.242913 -0.969817 -0.0211818
    outer loop
      vertex -19.8096 -78.237 85
      vertex -23.9485 -78.9476 165
      vertex -23.4559 -77.3237 85
    endloop
  endfacet
  facet normal -0.336814 -0.941333 -0.0211819
    outer loop
      vertex -26.995 -76.0574 85
      vertex -31.5714 -76.2201 165
      vertex -30.922 -74.6523 85
    endloop
  endfacet
  facet normal -0.336812 -0.941333 -0.0211818
    outer loop
      vertex -31.5714 -76.2201 165
      vertex -26.995 -76.0574 85
      vertex -23.9485 -78.9476 165
    endloop
  endfacet
  facet normal -0.336835 -0.941325 -0.0211787
    outer loop
      vertex -29.4704 -73.709 20
      vertex -30.3943 -73.3784 20
      vertex -30.232 -72.9865 0
    endloop
  endfacet
  facet normal -0.0490616 -0.998571 -0.0211823
    outer loop
      vertex -0.441076 -81.3642 112.478
      vertex 0 -82.5 165
      vertex -8.08641 -82.1027 165
    endloop
  endfacet
  facet normal -0.0492027 -0.998564 -0.021181
    outer loop
      vertex 0 -82.5 165
      vertex -0.441076 -81.3642 112.478
      vertex 0 -81.3864 112.5
    endloop
  endfacet
  facet normal -0.0490173 -0.998573 -0.0211759
    outer loop
      vertex -8.08641 -82.1027 165
      vertex -0.877906 -81.3414 112.414
      vertex -0.441076 -81.3642 112.478
    endloop
  endfacet
  facet normal -0.0489769 -0.998576 -0.0211704
    outer loop
      vertex -8.08641 -82.1027 165
      vertex -1.30628 -81.3181 112.306
      vertex -0.877906 -81.3414 112.414
    endloop
  endfacet
  facet normal -0.0490867 -0.99857 -0.0211844
    outer loop
      vertex -8.08641 -82.1027 165
      vertex -1.72207 -81.2945 112.157
      vertex -1.30628 -81.3181 112.306
    endloop
  endfacet
  facet normal -0.0490576 -0.998571 -0.0211809
    outer loop
      vertex -8.08641 -82.1027 165
      vertex -2.12128 -81.2709 111.969
      vertex -1.72207 -81.2945 112.157
    endloop
  endfacet
  facet normal -0.0489983 -0.998574 -0.0211743
    outer loop
      vertex -8.08641 -82.1027 165
      vertex -2.50007 -81.2475 111.742
      vertex -2.12128 -81.2709 111.969
    endloop
  endfacet
  facet normal -0.0493076 -0.998558 -0.0212065
    outer loop
      vertex -8.08641 -82.1027 165
      vertex -2.85477 -81.2244 111.479
      vertex -2.50007 -81.2475 111.742
    endloop
  endfacet
  facet normal -0.0488472 -0.998582 -0.0211619
    outer loop
      vertex -8.08641 -82.1027 165
      vertex -3.18198 -81.2021 111.182
      vertex -2.85477 -81.2244 111.479
    endloop
  endfacet
  facet normal -0.0490396 -0.998572 -0.0211793
    outer loop
      vertex -8.08641 -82.1027 165
      vertex -3.47855 -81.1806 110.855
      vertex -3.18198 -81.2021 111.182
    endloop
  endfacet
  facet normal -0.0492156 -0.998563 -0.0211941
    outer loop
      vertex -8.08641 -82.1027 165
      vertex -3.74161 -81.1601 110.5
      vertex -3.47855 -81.1806 110.855
    endloop
  endfacet
  facet normal -0.0490836 -0.99857 -0.0211837
    outer loop
      vertex -8.08641 -82.1027 165
      vertex -3.96865 -81.1409 110.121
      vertex -3.74161 -81.1601 110.5
    endloop
  endfacet
  facet normal -0.0488781 -0.99858 -0.0211684
    outer loop
      vertex -8.08641 -82.1027 165
      vertex -4.15746 -81.1232 109.722
      vertex -3.96865 -81.1409 110.121
    endloop
  endfacet
  facet normal -0.0488752 -0.998581 -0.0211682
    outer loop
      vertex -8.08641 -82.1027 165
      vertex -4.30623 -81.1071 109.306
      vertex -4.15746 -81.1232 109.722
    endloop
  endfacet
  facet normal -0.0494257 -0.998553 -0.0212051
    outer loop
      vertex -8.08641 -82.1027 165
      vertex -4.41353 -81.0927 108.878
      vertex -4.30623 -81.1071 109.306
    endloop
  endfacet
  facet normal -0.0484926 -0.9986 -0.0211449
    outer loop
      vertex -8.08641 -82.1027 165
      vertex -4.47833 -81.0803 108.441
      vertex -4.41353 -81.0927 108.878
    endloop
  endfacet
  facet normal -0.050687 -0.998488 -0.0212828
    outer loop
      vertex -8.08641 -82.1027 165
      vertex -4.5 -81.0698 108
      vertex -4.47833 -81.0803 108.441
    endloop
  endfacet
  facet normal -0.0490062 -0.998574 -0.0211787
    outer loop
      vertex -4.16573 -80.5984 85
      vertex -4.5 -81.0698 108
      vertex -8.08641 -82.1027 165
    endloop
  endfacet
  facet normal -0.0483302 -0.998607 -0.0211695
    outer loop
      vertex -4.5 -81.0698 108
      vertex -4.16573 -80.5984 85
      vertex -4.47833 -81.0615 107.559
    endloop
  endfacet
  facet normal -0.0504975 -0.998499 -0.0211973
    outer loop
      vertex -4.16573 -80.5984 85
      vertex -4.41353 -81.0555 107.122
      vertex -4.47833 -81.0615 107.559
    endloop
  endfacet
  facet normal -0.0491329 -0.998568 -0.0211835
    outer loop
      vertex -4.16573 -80.5984 85
      vertex -4.30623 -81.0517 106.694
      vertex -4.41353 -81.0555 107.122
    endloop
  endfacet
  facet normal -0.0484848 -0.998599 -0.0211799
    outer loop
      vertex -4.16573 -80.5984 85
      vertex -4.15746 -81.0501 106.278
      vertex -4.30623 -81.0517 106.694
    endloop
  endfacet
  facet normal -0.0489877 -0.998575 -0.0211792
    outer loop
      vertex -4.16573 -80.5984 85
      vertex -3.96865 -81.0509 105.879
      vertex -4.15746 -81.0501 106.278
    endloop
  endfacet
  facet normal -0.0494211 -0.998554 -0.0211747
    outer loop
      vertex -4.16573 -80.5984 85
      vertex -3.74161 -81.0541 105.5
      vertex -3.96865 -81.0509 105.879
    endloop
  endfacet
  facet normal -0.0490834 -0.99857 -0.021182
    outer loop
      vertex -4.16573 -80.5984 85
      vertex -3.47855 -81.0595 105.145
      vertex -3.74161 -81.0541 105.5
    endloop
  endfacet
  facet normal -0.0489504 -0.998576 -0.0211867
    outer loop
      vertex -4.16573 -80.5984 85
      vertex -3.18198 -81.0671 104.818
      vertex -3.47855 -81.0595 105.145
    endloop
  endfacet
  facet normal -0.0491296 -0.998568 -0.0211776
    outer loop
      vertex -4.16573 -80.5984 85
      vertex -2.85477 -81.0769 104.521
      vertex -3.18198 -81.0671 104.818
    endloop
  endfacet
  facet normal -0.0489328 -0.998577 -0.021191
    outer loop
      vertex -4.16573 -80.5984 85
      vertex -2.50007 -81.0887 104.258
      vertex -2.85477 -81.0769 104.521
    endloop
  endfacet
  facet normal -0.0490717 -0.998571 -0.0211789
    outer loop
      vertex -4.16573 -80.5984 85
      vertex -2.12128 -81.1025 104.031
      vertex -2.50007 -81.0887 104.258
    endloop
  endfacet
  facet normal -0.0489989 -0.998574 -0.0211868
    outer loop
      vertex -4.16573 -80.5984 85
      vertex -1.72207 -81.1181 103.843
      vertex -2.12128 -81.1025 104.031
    endloop
  endfacet
  facet normal -0.049134 -0.998568 -0.0211691
    outer loop
      vertex -4.16573 -80.5984 85
      vertex -1.30628 -81.1354 103.694
      vertex -1.72207 -81.1181 103.843
    endloop
  endfacet
  facet normal -0.04916 -0.998567 -0.0211651
    outer loop
      vertex -4.16573 -80.5984 85
      vertex -0.877906 -81.1542 103.586
      vertex -1.30628 -81.1354 103.694
    endloop
  endfacet
  facet normal -0.048829 -0.998582 -0.0212241
    outer loop
      vertex -4.16573 -80.5984 85
      vertex -0.441076 -81.1742 103.522
      vertex -0.877906 -81.1542 103.586
    endloop
  endfacet
  facet normal -0.0490449 -0.998572 -0.0211804
    outer loop
      vertex 0 -80.803 85
      vertex -0.441076 -81.1742 103.522
      vertex -4.16573 -80.5984 85
    endloop
  endfacet
  facet normal -0.0492782 -0.99856 -0.0211857
    outer loop
      vertex -0.441076 -81.1742 103.522
      vertex 0 -80.803 85
      vertex 0 -81.1955 103.5
    endloop
  endfacet
  facet normal -0.0490031 -0.998574 -0.0211798
    outer loop
      vertex 0 -79.4242 20
      vertex -0.980171 -79.3761 20
      vertex 0 -79 0
    endloop
  endfacet
  facet normal 0.242926 0.969814 -0.0211822
    outer loop
      vertex 23.9485 78.9476 165
      vertex 15.4121 77.482 0
      vertex 16.095 80.9148 165
    endloop
  endfacet
  facet normal 0.969816 0.242918 -0.0211819
    outer loop
      vertex 77.482 15.4121 0
      vertex 75.5983 22.9325 0
      vertex 78.9476 23.9485 165
    endloop
  endfacet
  facet normal 0.513992 0.857534 -0.0211817
    outer loop
      vertex 45.8345 68.5962 165
      vertex 37.2403 69.6718 0
      vertex 38.8902 72.7585 165
    endloop
  endfacet
  facet normal 0.740784 0.671409 -0.0211818
    outer loop
      vertex 61.0678 50.1171 0
      vertex 58.3363 58.3363 165
      vertex 63.7734 52.3374 165
    endloop
  endfacet
  facet normal -0.427461 0.903785 -0.021182
    outer loop
      vertex -30.232 72.9865 0
      vertex -37.2403 69.6718 0
      vertex -31.5714 76.2201 165
    endloop
  endfacet
  facet normal -0.803032 0.595559 -0.0211818
    outer loop
      vertex -61.0678 50.1171 0
      vertex -68.5962 45.8345 165
      vertex -63.7734 52.3374 165
    endloop
  endfacet
  facet normal -0.989042 0.146108 -0.0211802
    outer loop
      vertex -80.3153 15.8746 135.485
      vertex -80.9148 16.095 165
      vertex -80.2965 15.972 135.279
    endloop
  endfacet
  facet normal -0.988947 0.146746 -0.021183
    outer loop
      vertex -80.4825 14.9665 137
      vertex -80.9148 16.095 165
      vertex -80.3153 15.8746 135.485
    endloop
  endfacet
  facet normal -0.988961 0.146654 -0.0211795
    outer loop
      vertex -80.9148 16.095 165
      vertex -80.4825 14.9665 137
      vertex -80.5304 14.6962 137.365
    endloop
  endfacet
  facet normal -0.988944 0.146768 -0.0211819
    outer loop
      vertex -77.482 15.4121 0
      vertex -79.9518 15.8746 118.515
      vertex -79.9489 15.9028 118.575
    endloop
  endfacet
  facet normal -0.988947 0.146746 -0.0211819
    outer loop
      vertex -77.482 15.4121 0
      vertex -80.0541 14.9665 117
      vertex -79.9518 15.8746 118.515
    endloop
  endfacet
  facet normal -0.988955 0.146697 -0.0211822
    outer loop
      vertex -77.482 15.4121 0
      vertex -80.1798 13.9142 115.581
      vertex -80.0541 14.9665 117
    endloop
  endfacet
  facet normal -0.988972 0.146577 -0.0211842
    outer loop
      vertex -77.482 15.4121 0
      vertex -80.2221 13.5746 115.206
      vertex -80.1798 13.9142 115.581
    endloop
  endfacet
  facet normal -0.988954 0.146704 -0.0211817
    outer loop
      vertex -80.2221 13.5746 115.206
      vertex -77.482 15.4121 0
      vertex -78.6196 7.74335 0
    endloop
  endfacet
  facet normal -0.96983 0.242862 -0.0211731
    outer loop
      vertex -78.9476 23.9485 165
      vertex -79.5908 17.9133 125.236
      vertex -79.6076 18 127
    endloop
  endfacet
  facet normal -0.969815 0.242918 -0.0211819
    outer loop
      vertex -77.482 15.4121 0
      vertex -79.5908 17.9133 125.236
      vertex -78.9476 23.9485 165
    endloop
  endfacet
  facet normal -0.969824 0.242882 -0.0211819
    outer loop
      vertex -79.8004 16.6298 120.112
      vertex -77.482 15.4121 0
      vertex -79.9489 15.9028 118.575
    endloop
  endfacet
  facet normal -0.96983 0.242859 -0.0211818
    outer loop
      vertex -79.6877 17.2249 121.775
      vertex -77.482 15.4121 0
      vertex -79.8004 16.6298 120.112
    endloop
  endfacet
  facet normal -0.96981 0.242939 -0.0211826
    outer loop
      vertex -79.6176 17.6541 123.488
      vertex -77.482 15.4121 0
      vertex -79.6877 17.2249 121.775
    endloop
  endfacet
  facet normal -0.96976 0.243139 -0.0211854
    outer loop
      vertex -79.5908 17.9133 125.236
      vertex -77.482 15.4121 0
      vertex -79.6176 17.6541 123.488
    endloop
  endfacet
  facet normal -0.96978 0.243057 -0.0212045
    outer loop
      vertex -79.6679 17.9133 128.764
      vertex -78.9476 23.9485 165
      vertex -79.6076 18 127
    endloop
  endfacet
  facet normal -0.969816 0.242918 -0.0211806
    outer loop
      vertex -79.771 17.6541 130.512
      vertex -78.9476 23.9485 165
      vertex -79.6679 17.9133 128.764
    endloop
  endfacet
  facet normal -0.969821 0.242897 -0.0211767
    outer loop
      vertex -79.9159 17.2249 132.225
      vertex -78.9476 23.9485 165
      vertex -79.771 17.6541 130.512
    endloop
  endfacet
  facet normal -0.969811 0.242937 -0.0211852
    outer loop
      vertex -80.1013 16.6298 133.888
      vertex -78.9476 23.9485 165
      vertex -79.9159 17.2249 132.225
    endloop
  endfacet
  facet normal -0.969802 0.24297 -0.0211932
    outer loop
      vertex -80.2965 15.972 135.279
      vertex -78.9476 23.9485 165
      vertex -80.1013 16.6298 133.888
    endloop
  endfacet
  facet normal -0.969814 0.242926 -0.0211808
    outer loop
      vertex -78.9476 23.9485 165
      vertex -80.2965 15.972 135.279
      vertex -80.9148 16.095 165
    endloop
  endfacet
  facet normal -0.903783 0.427466 -0.0211817
    outer loop
      vertex -69.6718 37.2403 0
      vertex -76.2201 31.5714 165
      vertex -72.7585 38.8902 165
    endloop
  endfacet
  facet normal -0.998569 -0.0491017 -0.0211797
    outer loop
      vertex -81.9872 -1.76431 144.913
      vertex -82.5 0 165
      vertex -82.0758 0 145
    endloop
  endfacet
  facet normal -0.998572 -0.049038 -0.0211758
    outer loop
      vertex -82.1027 -8.08641 165
      vertex -81.9872 -1.76431 144.913
      vertex -81.8959 -3.51163 144.654
    endloop
  endfacet
  facet normal -0.998571 -0.049069 -0.0211828
    outer loop
      vertex -82.1027 -8.08641 165
      vertex -81.8959 -3.51163 144.654
      vertex -81.8026 -5.22512 144.225
    endloop
  endfacet
  facet normal -0.998572 -0.0490409 -0.0211789
    outer loop
      vertex -82.1027 -8.08641 165
      vertex -81.8026 -5.22512 144.225
      vertex -81.7083 -6.8883 143.63
    endloop
  endfacet
  facet normal -0.99858 -0.0488919 -0.0211707
    outer loop
      vertex -82.1027 -8.08641 165
      vertex -81.7083 -6.8883 143.63
      vertex -81.6996 -7.03568 143.56
    endloop
  endfacet
  facet normal -0.998571 -0.0490616 -0.0211832
    outer loop
      vertex -81.9872 -1.76431 144.913
      vertex -82.1027 -8.08641 165
      vertex -82.5 0 165
    endloop
  endfacet
  facet normal -0.998572 -0.04904 -0.0211816
    outer loop
      vertex -79 0 0
      vertex -81.2273 -1.76431 109.087
      vertex -81.3121 0 109
    endloop
  endfacet
  facet normal -0.99857 -0.0490873 -0.0211824
    outer loop
      vertex -79 0 0
      vertex -81.1469 -3.51163 109.346
      vertex -81.2273 -1.76431 109.087
    endloop
  endfacet
  facet normal -0.998574 -0.0490106 -0.02118
    outer loop
      vertex -79 0 0
      vertex -81.0719 -5.22512 109.775
      vertex -81.1469 -3.51163 109.346
    endloop
  endfacet
  facet normal -0.998556 -0.0493619 -0.0211964
    outer loop
      vertex -81.0719 -5.22512 109.775
      vertex -79 0 0
      vertex -81.0653 -5.38268 109.831
    endloop
  endfacet
  facet normal 0 0 1
    outer loop
      vertex 63 0 165
      vertex 82.5 0 165
      vertex 82.1027 8.08641 165
    endloop
  endfacet
  facet normal 0 0 1
    outer loop
      vertex 62.6966 6.17508 165
      vertex 82.1027 8.08641 165
      vertex 80.9148 16.095 165
    endloop
  endfacet
  facet normal 0 0 1
    outer loop
      vertex 82.5 0 165
      vertex 63 0 165
      vertex 82.1027 -8.08641 165
    endloop
  endfacet
  facet normal 0 0 1
    outer loop
      vertex 61.7895 12.2907 165
      vertex 80.9148 16.095 165
      vertex 78.9476 23.9485 165
    endloop
  endfacet
  facet normal -0 0 1
    outer loop
      vertex 62.6966 -6.17508 165
      vertex 82.1027 -8.08641 165
      vertex 63 0 165
    endloop
  endfacet
  facet normal 0 0 1
    outer loop
      vertex 60.2872 18.2879 165
      vertex 78.9476 23.9485 165
      vertex 76.2201 31.5714 165
    endloop
  endfacet
  facet normal 0 0 1
    outer loop
      vertex 82.1027 -8.08641 165
      vertex 62.6966 -6.17508 165
      vertex 80.9148 -16.095 165
    endloop
  endfacet
  facet normal 0 0 1
    outer loop
      vertex 58.2044 24.1091 165
      vertex 76.2201 31.5714 165
      vertex 72.7585 38.8902 165
    endloop
  endfacet
  facet normal -0 0 1
    outer loop
      vertex 61.7895 -12.2907 165
      vertex 80.9148 -16.095 165
      vertex 62.6966 -6.17508 165
    endloop
  endfacet
  facet normal 0 0 1
    outer loop
      vertex 55.561 29.698 165
      vertex 72.7585 38.8902 165
      vertex 68.5962 45.8345 165
    endloop
  endfacet
  facet normal 0 0 1
    outer loop
      vertex 80.9148 -16.095 165
      vertex 61.7895 -12.2907 165
      vertex 78.9476 -23.9485 165
    endloop
  endfacet
  facet normal 0 0 1
    outer loop
      vertex 52.3826 35.0009 165
      vertex 68.5962 45.8345 165
      vertex 63.7734 52.3374 165
    endloop
  endfacet
  facet normal -0 0 1
    outer loop
      vertex 60.2872 -18.2879 165
      vertex 78.9476 -23.9485 165
      vertex 61.7895 -12.2907 165
    endloop
  endfacet
  facet normal 0 0 1
    outer loop
      vertex 78.9476 -23.9485 165
      vertex 60.2872 -18.2879 165
      vertex 76.2201 -31.5714 165
    endloop
  endfacet
  facet normal 0 0 1
    outer loop
      vertex 82.1027 8.08641 165
      vertex 62.6966 6.17508 165
      vertex 63 0 165
    endloop
  endfacet
  facet normal 0 0 1
    outer loop
      vertex 80.9148 16.095 165
      vertex 61.7895 12.2907 165
      vertex 62.6966 6.17508 165
    endloop
  endfacet
  facet normal 0 0 1
    outer loop
      vertex 78.9476 23.9485 165
      vertex 60.2872 18.2879 165
      vertex 61.7895 12.2907 165
    endloop
  endfacet
  facet normal 0 0 1
    outer loop
      vertex 48.6997 39.9668 165
      vertex 63.7734 52.3374 165
      vertex 58.3363 58.3363 165
    endloop
  endfacet
  facet normal 0 0 1
    outer loop
      vertex 76.2201 31.5714 165
      vertex 58.2044 24.1091 165
      vertex 60.2872 18.2879 165
    endloop
  endfacet
  facet normal 0 0 1
    outer loop
      vertex 72.7585 38.8902 165
      vertex 55.561 29.698 165
      vertex 58.2044 24.1091 165
    endloop
  endfacet
  facet normal 0 0 1
    outer loop
      vertex 68.5962 45.8345 165
      vertex 52.3826 35.0009 165
      vertex 55.561 29.698 165
    endloop
  endfacet
  facet normal 0 0 1
    outer loop
      vertex 44.5477 44.5477 165
      vertex 58.3363 58.3363 165
      vertex 52.3374 63.7734 165
    endloop
  endfacet
  facet normal 0 0 1
    outer loop
      vertex 63.7734 52.3374 165
      vertex 48.6997 39.9668 165
      vertex 52.3826 35.0009 165
    endloop
  endfacet
  facet normal 0 0 1
    outer loop
      vertex 39.9668 48.6997 165
      vertex 52.3374 63.7734 165
      vertex 45.8345 68.5962 165
    endloop
  endfacet
  facet normal 0 0 1
    outer loop
      vertex 58.3363 58.3363 165
      vertex 44.5477 44.5477 165
      vertex 48.6997 39.9668 165
    endloop
  endfacet
  facet normal 0 0 1
    outer loop
      vertex 52.3374 63.7734 165
      vertex 39.9668 48.6997 165
      vertex 44.5477 44.5477 165
    endloop
  endfacet
  facet normal 0 0 1
    outer loop
      vertex 35.0009 52.3826 165
      vertex 45.8345 68.5962 165
      vertex 38.8902 72.7585 165
    endloop
  endfacet
  facet normal 0 0 1
    outer loop
      vertex 45.8345 68.5962 165
      vertex 35.0009 52.3826 165
      vertex 39.9668 48.6997 165
    endloop
  endfacet
  facet normal 0 0 1
    outer loop
      vertex 29.698 55.561 165
      vertex 38.8902 72.7585 165
      vertex 31.5714 76.2201 165
    endloop
  endfacet
  facet normal 0 0 1
    outer loop
      vertex 38.8902 72.7585 165
      vertex 29.698 55.561 165
      vertex 35.0009 52.3826 165
    endloop
  endfacet
  facet normal 0 0 1
    outer loop
      vertex 31.5714 76.2201 165
      vertex 24.1091 58.2044 165
      vertex 29.698 55.561 165
    endloop
  endfacet
  facet normal 0 0 1
    outer loop
      vertex 23.9485 78.9476 165
      vertex 24.1091 58.2044 165
      vertex 31.5714 76.2201 165
    endloop
  endfacet
  facet normal 0 0 1
    outer loop
      vertex 23.9485 78.9476 165
      vertex 18.2879 60.2872 165
      vertex 24.1091 58.2044 165
    endloop
  endfacet
  facet normal 0 0 1
    outer loop
      vertex 16.095 80.9148 165
      vertex 18.2879 60.2872 165
      vertex 23.9485 78.9476 165
    endloop
  endfacet
  facet normal 0 0 1
    outer loop
      vertex 16.095 80.9148 165
      vertex 12.2907 61.7895 165
      vertex 18.2879 60.2872 165
    endloop
  endfacet
  facet normal 0 0 1
    outer loop
      vertex 8.08641 82.1027 165
      vertex 12.2907 61.7895 165
      vertex 16.095 80.9148 165
    endloop
  endfacet
  facet normal 0 0 1
    outer loop
      vertex 8.08641 82.1027 165
      vertex 6.17508 62.6966 165
      vertex 12.2907 61.7895 165
    endloop
  endfacet
  facet normal 0 0 1
    outer loop
      vertex 0 82.5 165
      vertex 6.17508 62.6966 165
      vertex 8.08641 82.1027 165
    endloop
  endfacet
  facet normal 0 0 1
    outer loop
      vertex 0 82.5 165
      vertex 0 63 165
      vertex 6.17508 62.6966 165
    endloop
  endfacet
  facet normal 0 0 1
    outer loop
      vertex 0 82.5 165
      vertex -6.17508 62.6966 165
      vertex 0 63 165
    endloop
  endfacet
  facet normal -0 0 1
    outer loop
      vertex -8.08641 82.1027 165
      vertex -6.17508 62.6966 165
      vertex 0 82.5 165
    endloop
  endfacet
  facet normal 0 0 1
    outer loop
      vertex -8.08641 82.1027 165
      vertex -12.2907 61.7895 165
      vertex -6.17508 62.6966 165
    endloop
  endfacet
  facet normal -0 0 1
    outer loop
      vertex -16.095 80.9148 165
      vertex -12.2907 61.7895 165
      vertex -8.08641 82.1027 165
    endloop
  endfacet
  facet normal 0 0 1
    outer loop
      vertex -16.095 80.9148 165
      vertex -18.2879 60.2872 165
      vertex -12.2907 61.7895 165
    endloop
  endfacet
  facet normal -0 0 1
    outer loop
      vertex -23.9485 78.9476 165
      vertex -18.2879 60.2872 165
      vertex -16.095 80.9148 165
    endloop
  endfacet
  facet normal 0 0 1
    outer loop
      vertex -23.9485 78.9476 165
      vertex -24.1091 58.2044 165
      vertex -18.2879 60.2872 165
    endloop
  endfacet
  facet normal -0 0 1
    outer loop
      vertex -31.5714 76.2201 165
      vertex -24.1091 58.2044 165
      vertex -23.9485 78.9476 165
    endloop
  endfacet
  facet normal 0 0 1
    outer loop
      vertex -24.1091 58.2044 165
      vertex -31.5714 76.2201 165
      vertex -29.698 55.561 165
    endloop
  endfacet
  facet normal -0 0 1
    outer loop
      vertex -38.8902 72.7585 165
      vertex -29.698 55.561 165
      vertex -31.5714 76.2201 165
    endloop
  endfacet
  facet normal 0 0 1
    outer loop
      vertex -29.698 55.561 165
      vertex -38.8902 72.7585 165
      vertex -35.0009 52.3826 165
    endloop
  endfacet
  facet normal -0 0 1
    outer loop
      vertex -45.8345 68.5962 165
      vertex -35.0009 52.3826 165
      vertex -38.8902 72.7585 165
    endloop
  endfacet
  facet normal 0 0 1
    outer loop
      vertex -35.0009 52.3826 165
      vertex -45.8345 68.5962 165
      vertex -39.9668 48.6997 165
    endloop
  endfacet
  facet normal -0 0 1
    outer loop
      vertex -52.3374 63.7734 165
      vertex -39.9668 48.6997 165
      vertex -45.8345 68.5962 165
    endloop
  endfacet
  facet normal 0 0 1
    outer loop
      vertex -39.9668 48.6997 165
      vertex -52.3374 63.7734 165
      vertex -44.5477 44.5477 165
    endloop
  endfacet
  facet normal -0 0 1
    outer loop
      vertex -58.3363 58.3363 165
      vertex -44.5477 44.5477 165
      vertex -52.3374 63.7734 165
    endloop
  endfacet
  facet normal 0 0 1
    outer loop
      vertex -44.5477 44.5477 165
      vertex -58.3363 58.3363 165
      vertex -48.6997 39.9668 165
    endloop
  endfacet
  facet normal -0 0 1
    outer loop
      vertex -63.7734 52.3374 165
      vertex -48.6997 39.9668 165
      vertex -58.3363 58.3363 165
    endloop
  endfacet
  facet normal 0 0 1
    outer loop
      vertex -48.6997 39.9668 165
      vertex -63.7734 52.3374 165
      vertex -52.3826 35.0009 165
    endloop
  endfacet
  facet normal -0 0 1
    outer loop
      vertex -68.5962 45.8345 165
      vertex -52.3826 35.0009 165
      vertex -63.7734 52.3374 165
    endloop
  endfacet
  facet normal 0 0 1
    outer loop
      vertex -52.3826 35.0009 165
      vertex -68.5962 45.8345 165
      vertex -55.561 29.698 165
    endloop
  endfacet
  facet normal -0 0 1
    outer loop
      vertex -72.7585 38.8902 165
      vertex -55.561 29.698 165
      vertex -68.5962 45.8345 165
    endloop
  endfacet
  facet normal 0 0 1
    outer loop
      vertex -55.561 29.698 165
      vertex -72.7585 38.8902 165
      vertex -58.2044 24.1091 165
    endloop
  endfacet
  facet normal 0 0 1
    outer loop
      vertex -58.2044 24.1091 165
      vertex -76.2201 31.5714 165
      vertex -60.2872 18.2879 165
    endloop
  endfacet
  facet normal -0 0 1
    outer loop
      vertex -76.2201 31.5714 165
      vertex -58.2044 24.1091 165
      vertex -72.7585 38.8902 165
    endloop
  endfacet
  facet normal -0 0 1
    outer loop
      vertex 58.2044 -24.1091 165
      vertex 76.2201 -31.5714 165
      vertex 60.2872 -18.2879 165
    endloop
  endfacet
  facet normal 0 0 1
    outer loop
      vertex 76.2201 -31.5714 165
      vertex 58.2044 -24.1091 165
      vertex 72.7585 -38.8902 165
    endloop
  endfacet
  facet normal -0 0 1
    outer loop
      vertex 55.561 -29.698 165
      vertex 72.7585 -38.8902 165
      vertex 58.2044 -24.1091 165
    endloop
  endfacet
  facet normal 0 0 1
    outer loop
      vertex 72.7585 -38.8902 165
      vertex 55.561 -29.698 165
      vertex 68.5962 -45.8345 165
    endloop
  endfacet
  facet normal -0 0 1
    outer loop
      vertex 52.3826 -35.0009 165
      vertex 68.5962 -45.8345 165
      vertex 55.561 -29.698 165
    endloop
  endfacet
  facet normal 0 0 1
    outer loop
      vertex 68.5962 -45.8345 165
      vertex 52.3826 -35.0009 165
      vertex 63.7734 -52.3374 165
    endloop
  endfacet
  facet normal -0 0 1
    outer loop
      vertex 48.6997 -39.9668 165
      vertex 63.7734 -52.3374 165
      vertex 52.3826 -35.0009 165
    endloop
  endfacet
  facet normal 0 0 1
    outer loop
      vertex 63.7734 -52.3374 165
      vertex 48.6997 -39.9668 165
      vertex 58.3363 -58.3363 165
    endloop
  endfacet
  facet normal -0 0 1
    outer loop
      vertex 44.5477 -44.5477 165
      vertex 58.3363 -58.3363 165
      vertex 48.6997 -39.9668 165
    endloop
  endfacet
  facet normal 0 0 1
    outer loop
      vertex 58.3363 -58.3363 165
      vertex 44.5477 -44.5477 165
      vertex 52.3374 -63.7734 165
    endloop
  endfacet
  facet normal -0 0 1
    outer loop
      vertex 39.9668 -48.6997 165
      vertex 52.3374 -63.7734 165
      vertex 44.5477 -44.5477 165
    endloop
  endfacet
  facet normal 0 0 1
    outer loop
      vertex 52.3374 -63.7734 165
      vertex 39.9668 -48.6997 165
      vertex 45.8345 -68.5962 165
    endloop
  endfacet
  facet normal -0 0 1
    outer loop
      vertex 35.0009 -52.3826 165
      vertex 45.8345 -68.5962 165
      vertex 39.9668 -48.6997 165
    endloop
  endfacet
  facet normal 0 0 1
    outer loop
      vertex 45.8345 -68.5962 165
      vertex 35.0009 -52.3826 165
      vertex 38.8902 -72.7585 165
    endloop
  endfacet
  facet normal -0 0 1
    outer loop
      vertex 29.698 -55.561 165
      vertex 38.8902 -72.7585 165
      vertex 35.0009 -52.3826 165
    endloop
  endfacet
  facet normal 0 0 1
    outer loop
      vertex 38.8902 -72.7585 165
      vertex 29.698 -55.561 165
      vertex 31.5714 -76.2201 165
    endloop
  endfacet
  facet normal -0 0 1
    outer loop
      vertex 24.1091 -58.2044 165
      vertex 31.5714 -76.2201 165
      vertex 29.698 -55.561 165
    endloop
  endfacet
  facet normal 0 0 1
    outer loop
      vertex 24.1091 -58.2044 165
      vertex 23.9485 -78.9476 165
      vertex 31.5714 -76.2201 165
    endloop
  endfacet
  facet normal -0 0 1
    outer loop
      vertex 18.2879 -60.2872 165
      vertex 23.9485 -78.9476 165
      vertex 24.1091 -58.2044 165
    endloop
  endfacet
  facet normal 0 0 1
    outer loop
      vertex 18.2879 -60.2872 165
      vertex 16.095 -80.9148 165
      vertex 23.9485 -78.9476 165
    endloop
  endfacet
  facet normal -0 0 1
    outer loop
      vertex 12.2907 -61.7895 165
      vertex 16.095 -80.9148 165
      vertex 18.2879 -60.2872 165
    endloop
  endfacet
  facet normal 0 0 1
    outer loop
      vertex 12.2907 -61.7895 165
      vertex 8.08641 -82.1027 165
      vertex 16.095 -80.9148 165
    endloop
  endfacet
  facet normal -0 0 1
    outer loop
      vertex 6.17508 -62.6966 165
      vertex 8.08641 -82.1027 165
      vertex 12.2907 -61.7895 165
    endloop
  endfacet
  facet normal -0 0 1
    outer loop
      vertex 0 -63 165
      vertex 8.08641 -82.1027 165
      vertex 6.17508 -62.6966 165
    endloop
  endfacet
  facet normal 0 0 1
    outer loop
      vertex 0 -63 165
      vertex 0 -82.5 165
      vertex 8.08641 -82.1027 165
    endloop
  endfacet
  facet normal 0 0 1
    outer loop
      vertex -6.17508 -62.6966 165
      vertex 0 -82.5 165
      vertex 0 -63 165
    endloop
  endfacet
  facet normal 0 0 1
    outer loop
      vertex -6.17508 -62.6966 165
      vertex -8.08641 -82.1027 165
      vertex 0 -82.5 165
    endloop
  endfacet
  facet normal 0 0 1
    outer loop
      vertex -12.2907 -61.7895 165
      vertex -8.08641 -82.1027 165
      vertex -6.17508 -62.6966 165
    endloop
  endfacet
  facet normal 0 0 1
    outer loop
      vertex -12.2907 -61.7895 165
      vertex -16.095 -80.9148 165
      vertex -8.08641 -82.1027 165
    endloop
  endfacet
  facet normal 0 0 1
    outer loop
      vertex -18.2879 -60.2872 165
      vertex -16.095 -80.9148 165
      vertex -12.2907 -61.7895 165
    endloop
  endfacet
  facet normal 0 0 1
    outer loop
      vertex -18.2879 -60.2872 165
      vertex -23.9485 -78.9476 165
      vertex -16.095 -80.9148 165
    endloop
  endfacet
  facet normal 0 0 1
    outer loop
      vertex -24.1091 -58.2044 165
      vertex -23.9485 -78.9476 165
      vertex -18.2879 -60.2872 165
    endloop
  endfacet
  facet normal 0 0 1
    outer loop
      vertex -31.5714 -76.2201 165
      vertex -24.1091 -58.2044 165
      vertex -29.698 -55.561 165
    endloop
  endfacet
  facet normal 0 0 1
    outer loop
      vertex -24.1091 -58.2044 165
      vertex -31.5714 -76.2201 165
      vertex -23.9485 -78.9476 165
    endloop
  endfacet
  facet normal 0 0 1
    outer loop
      vertex -38.8902 -72.7585 165
      vertex -29.698 -55.561 165
      vertex -35.0009 -52.3826 165
    endloop
  endfacet
  facet normal 0 0 1
    outer loop
      vertex -29.698 -55.561 165
      vertex -38.8902 -72.7585 165
      vertex -31.5714 -76.2201 165
    endloop
  endfacet
  facet normal 0 0 1
    outer loop
      vertex -45.8345 -68.5962 165
      vertex -35.0009 -52.3826 165
      vertex -39.9668 -48.6997 165
    endloop
  endfacet
  facet normal 0 0 1
    outer loop
      vertex -52.3374 -63.7734 165
      vertex -39.9668 -48.6997 165
      vertex -44.5477 -44.5477 165
    endloop
  endfacet
  facet normal 0 0 1
    outer loop
      vertex -35.0009 -52.3826 165
      vertex -45.8345 -68.5962 165
      vertex -38.8902 -72.7585 165
    endloop
  endfacet
  facet normal 0 0 1
    outer loop
      vertex -58.3363 -58.3363 165
      vertex -44.5477 -44.5477 165
      vertex -48.6997 -39.9668 165
    endloop
  endfacet
  facet normal 0 0 1
    outer loop
      vertex -39.9668 -48.6997 165
      vertex -52.3374 -63.7734 165
      vertex -45.8345 -68.5962 165
    endloop
  endfacet
  facet normal 0 0 1
    outer loop
      vertex -63.7734 -52.3374 165
      vertex -48.6997 -39.9668 165
      vertex -52.3826 -35.0009 165
    endloop
  endfacet
  facet normal 0 0 1
    outer loop
      vertex -68.5962 -45.8345 165
      vertex -52.3826 -35.0009 165
      vertex -55.561 -29.698 165
    endloop
  endfacet
  facet normal 0 0 1
    outer loop
      vertex -72.7585 -38.8902 165
      vertex -55.561 -29.698 165
      vertex -58.2044 -24.1091 165
    endloop
  endfacet
  facet normal 0 0 1
    outer loop
      vertex -44.5477 -44.5477 165
      vertex -58.3363 -58.3363 165
      vertex -52.3374 -63.7734 165
    endloop
  endfacet
  facet normal 0 0 1
    outer loop
      vertex -76.2201 -31.5714 165
      vertex -58.2044 -24.1091 165
      vertex -60.2872 -18.2879 165
    endloop
  endfacet
  facet normal 0 0 1
    outer loop
      vertex -78.9476 -23.9485 165
      vertex -60.2872 -18.2879 165
      vertex -61.7895 -12.2907 165
    endloop
  endfacet
  facet normal 0 0 1
    outer loop
      vertex -80.9148 -16.095 165
      vertex -61.7895 -12.2907 165
      vertex -62.6966 -6.17508 165
    endloop
  endfacet
  facet normal 0 0 1
    outer loop
      vertex -48.6997 -39.9668 165
      vertex -63.7734 -52.3374 165
      vertex -58.3363 -58.3363 165
    endloop
  endfacet
  facet normal 0 0 1
    outer loop
      vertex -82.1027 -8.08641 165
      vertex -62.6966 -6.17508 165
      vertex -63 0 165
    endloop
  endfacet
  facet normal -0 0 1
    outer loop
      vertex -78.9476 23.9485 165
      vertex -60.2872 18.2879 165
      vertex -76.2201 31.5714 165
    endloop
  endfacet
  facet normal 0 0 1
    outer loop
      vertex -60.2872 18.2879 165
      vertex -78.9476 23.9485 165
      vertex -61.7895 12.2907 165
    endloop
  endfacet
  facet normal 0 0 1
    outer loop
      vertex -52.3826 -35.0009 165
      vertex -68.5962 -45.8345 165
      vertex -63.7734 -52.3374 165
    endloop
  endfacet
  facet normal -0 0 1
    outer loop
      vertex -80.9148 16.095 165
      vertex -61.7895 12.2907 165
      vertex -78.9476 23.9485 165
    endloop
  endfacet
  facet normal 0 0 1
    outer loop
      vertex -55.561 -29.698 165
      vertex -72.7585 -38.8902 165
      vertex -68.5962 -45.8345 165
    endloop
  endfacet
  facet normal 0 0 1
    outer loop
      vertex -61.7895 12.2907 165
      vertex -80.9148 16.095 165
      vertex -62.6966 6.17508 165
    endloop
  endfacet
  facet normal 0 0 1
    outer loop
      vertex -58.2044 -24.1091 165
      vertex -76.2201 -31.5714 165
      vertex -72.7585 -38.8902 165
    endloop
  endfacet
  facet normal -0 0 1
    outer loop
      vertex -82.1027 8.08641 165
      vertex -62.6966 6.17508 165
      vertex -80.9148 16.095 165
    endloop
  endfacet
  facet normal 0 0 1
    outer loop
      vertex -60.2872 -18.2879 165
      vertex -78.9476 -23.9485 165
      vertex -76.2201 -31.5714 165
    endloop
  endfacet
  facet normal 0 0 1
    outer loop
      vertex -62.6966 6.17508 165
      vertex -82.1027 8.08641 165
      vertex -63 0 165
    endloop
  endfacet
  facet normal 0 0 1
    outer loop
      vertex -61.7895 -12.2907 165
      vertex -80.9148 -16.095 165
      vertex -78.9476 -23.9485 165
    endloop
  endfacet
  facet normal 0 0 1
    outer loop
      vertex -82.5 0 165
      vertex -63 0 165
      vertex -82.1027 8.08641 165
    endloop
  endfacet
  facet normal 0 0 1
    outer loop
      vertex -62.6966 -6.17508 165
      vertex -82.1027 -8.08641 165
      vertex -80.9148 -16.095 165
    endloop
  endfacet
  facet normal 0 0 1
    outer loop
      vertex -63 0 165
      vertex -82.5 0 165
      vertex -82.1027 -8.08641 165
    endloop
  endfacet
  facet normal 0.74078 -0.671413 -0.021182
    outer loop
      vertex 58.3363 -58.3363 165
      vertex 55.8614 -55.8614 0
      vertex 61.0678 -50.1171 0
    endloop
  endfacet
  facet normal 0.803029 -0.595563 -0.0211816
    outer loop
      vertex 68.5962 -45.8345 165
      vertex 61.0678 -50.1171 0
      vertex 65.6861 -43.89 0
    endloop
  endfacet
  facet normal 0.969816 -0.242918 -0.0211819
    outer loop
      vertex 78.9476 -23.9485 165
      vertex 75.5983 -22.9325 0
      vertex 77.482 -15.4121 0
    endloop
  endfacet
  facet normal 0.941333 -0.336814 -0.0211819
    outer loop
      vertex 78.9476 -23.9485 165
      vertex 72.9865 -30.232 0
      vertex 75.5983 -22.9325 0
    endloop
  endfacet
  facet normal 0.242918 -0.969815 -0.0211842
    outer loop
      vertex 22.9325 -75.5983 0
      vertex 16.4468 -77.6597 20
      vertex 15.4121 -77.482 0
    endloop
  endfacet
  facet normal 0.242923 -0.969814 -0.0211824
    outer loop
      vertex 16.4468 -77.6597 20
      vertex 22.9325 -75.5983 0
      vertex 23.0556 -76.0043 20
    endloop
  endfacet
  facet normal 0.242913 -0.969817 -0.0211818
    outer loop
      vertex 23.9485 -78.9476 165
      vertex 19.8096 -78.237 85
      vertex 23.4559 -77.3237 85
    endloop
  endfacet
  facet normal 0.671413 -0.74078 -0.021182
    outer loop
      vertex 58.3363 -58.3363 165
      vertex 50.1171 -61.0678 0
      vertex 55.8614 -55.8614 0
    endloop
  endfacet
  facet normal 0.427442 -0.903795 -0.0211835
    outer loop
      vertex 35 -72.7235 85
      vertex 31.5714 -76.2201 165
      vertex 34.32 -73.0451 85
    endloop
  endfacet
  facet normal 0.427466 -0.903783 -0.021182
    outer loop
      vertex 31.5714 -76.2201 165
      vertex 35 -72.7235 85
      vertex 38.8902 -72.7585 165
    endloop
  endfacet
  facet normal 0.427476 -0.903779 -0.0211825
    outer loop
      vertex 35 -72.2596 65.2071
      vertex 38.8902 -72.7585 165
      vertex 35 -72.7235 85
    endloop
  endfacet
  facet normal 0.427455 -0.903789 -0.0211817
    outer loop
      vertex 38.8902 -72.7585 165
      vertex 35 -72.2596 65.2071
      vertex 37.2403 -69.6718 0
    endloop
  endfacet
  facet normal 0.427454 -0.903789 -0.0211785
    outer loop
      vertex 30.3943 -73.3784 20
      vertex 30.232 -72.9865 0
      vertex 35 -71.2001 20
    endloop
  endfacet
  facet normal 0.427454 -0.903789 -0.0211817
    outer loop
      vertex 35 -71.2001 20
      vertex 37.2403 -69.6718 0
      vertex 35 -72.2596 65.2071
    endloop
  endfacet
  facet normal 0.427461 -0.903785 -0.0211807
    outer loop
      vertex 37.2403 -69.6718 0
      vertex 35 -71.2001 20
      vertex 30.232 -72.9865 0
    endloop
  endfacet
  facet normal 0.427473 -0.90378 -0.0211818
    outer loop
      vertex 31.5714 -76.2201 165
      vertex 30.922 -74.6523 85
      vertex 34.32 -73.0451 85
    endloop
  endfacet
  facet normal -0.941333 -0.336812 -0.021182
    outer loop
      vertex -76.2201 -31.5714 165
      vertex -78.9476 -23.9485 165
      vertex -72.9865 -30.232 0
    endloop
  endfacet
  facet normal -0.988955 -0.146693 -0.0211818
    outer loop
      vertex -80.9148 -16.095 165
      vertex -81.6401 -8.04085 143.085
      vertex -81.5697 -8.48514 142.875
    endloop
  endfacet
  facet normal -0.988956 -0.146685 -0.021179
    outer loop
      vertex -80.9148 -16.095 165
      vertex -81.5697 -8.48514 142.875
      vertex -81.3255 -10.0003 141.966
    endloop
  endfacet
  facet normal -0.988954 -0.146702 -0.0211836
    outer loop
      vertex -80.9148 -16.095 165
      vertex -81.3255 -10.0003 141.966
      vertex -81.0925 -11.4191 140.914
    endloop
  endfacet
  facet normal -0.988949 -0.146732 -0.0211894
    outer loop
      vertex -80.9148 -16.095 165
      vertex -81.0925 -11.4191 140.914
      vertex -80.8729 -12.7279 139.728
    endloop
  endfacet
  facet normal -0.988967 -0.146618 -0.0211743
    outer loop
      vertex -80.9148 -16.095 165
      vertex -80.8729 -12.7279 139.728
      vertex -80.669 -13.9142 138.419
    endloop
  endfacet
  facet normal -0.98895 -0.146728 -0.0211831
    outer loop
      vertex -80.9148 -16.095 165
      vertex -80.669 -13.9142 138.419
      vertex -80.5304 -14.6962 137.365
    endloop
  endfacet
  facet normal -0.988956 -0.14669 -0.0211807
    outer loop
      vertex -81.6401 -8.04085 143.085
      vertex -80.9148 -16.095 165
      vertex -82.1027 -8.08641 165
    endloop
  endfacet
  facet normal -0.988975 -0.146558 -0.0211814
    outer loop
      vertex -78.6196 -7.74335 0
      vertex -80.8897 -8.48514 111.125
      vertex -80.9603 -7.9739 110.884
    endloop
  endfacet
  facet normal -0.988953 -0.146708 -0.021182
    outer loop
      vertex -78.6196 -7.74335 0
      vertex -80.6844 -10.0003 112.034
      vertex -80.8897 -8.48514 111.125
    endloop
  endfacet
  facet normal -0.988957 -0.146679 -0.0211815
    outer loop
      vertex -78.6196 -7.74335 0
      vertex -80.4965 -11.4191 113.086
      vertex -80.6844 -10.0003 112.034
    endloop
  endfacet
  facet normal -0.988948 -0.146744 -0.0211834
    outer loop
      vertex -78.6196 -7.74335 0
      vertex -80.3277 -12.7279 114.272
      vertex -80.4965 -11.4191 113.086
    endloop
  endfacet
  facet normal -0.988953 -0.146708 -0.0211819
    outer loop
      vertex -80.3277 -12.7279 114.272
      vertex -78.6196 -7.74335 0
      vertex -80.2221 -13.5746 115.206
    endloop
  endfacet
  facet normal -0.988961 -0.146654 -0.0211795
    outer loop
      vertex -80.4825 -14.9665 137
      vertex -80.9148 -16.095 165
      vertex -80.5304 -14.6962 137.365
    endloop
  endfacet
  facet normal -0.988947 -0.146746 -0.021183
    outer loop
      vertex -80.3153 -15.8746 135.485
      vertex -80.9148 -16.095 165
      vertex -80.4825 -14.9665 137
    endloop
  endfacet
  facet normal -0.989042 -0.146108 -0.0211802
    outer loop
      vertex -80.9148 -16.095 165
      vertex -80.3153 -15.8746 135.485
      vertex -80.2965 -15.972 135.279
    endloop
  endfacet
  facet normal -0.988954 -0.146704 -0.0211817
    outer loop
      vertex -77.482 -15.4121 0
      vertex -80.2221 -13.5746 115.206
      vertex -78.6196 -7.74335 0
    endloop
  endfacet
  facet normal -0.988972 -0.146577 -0.0211842
    outer loop
      vertex -80.2221 -13.5746 115.206
      vertex -77.482 -15.4121 0
      vertex -80.1798 -13.9142 115.581
    endloop
  endfacet
  facet normal -0.988955 -0.146697 -0.0211822
    outer loop
      vertex -80.1798 -13.9142 115.581
      vertex -77.482 -15.4121 0
      vertex -80.0541 -14.9665 117
    endloop
  endfacet
  facet normal -0.988947 -0.146746 -0.0211819
    outer loop
      vertex -77.482 -15.4121 0
      vertex -79.9518 -15.8746 118.515
      vertex -80.0541 -14.9665 117
    endloop
  endfacet
  facet normal -0.988944 -0.146768 -0.0211819
    outer loop
      vertex -79.9518 -15.8746 118.515
      vertex -77.482 -15.4121 0
      vertex -79.9489 -15.9028 118.575
    endloop
  endfacet
  facet normal -0.969816 -0.242918 -0.0211819
    outer loop
      vertex -75.5983 -22.9325 0
      vertex -78.9476 -23.9485 165
      vertex -77.482 -15.4121 0
    endloop
  endfacet
  facet normal -0.513992 -0.857534 -0.0211817
    outer loop
      vertex -38.8902 -72.7585 165
      vertex -45.8345 -68.5962 165
      vertex -37.2403 -69.6718 0
    endloop
  endfacet
  facet normal -0.427466 -0.903783 -0.021182
    outer loop
      vertex -38.8902 -72.7585 165
      vertex -35 -72.7235 85
      vertex -31.5714 -76.2201 165
    endloop
  endfacet
  facet normal -0.427476 -0.903779 -0.0211825
    outer loop
      vertex -38.8902 -72.7585 165
      vertex -35 -72.2596 65.2071
      vertex -35 -72.7235 85
    endloop
  endfacet
  facet normal -0.427455 -0.903789 -0.0211817
    outer loop
      vertex -35 -72.2596 65.2071
      vertex -38.8902 -72.7585 165
      vertex -37.2403 -69.6718 0
    endloop
  endfacet
  facet normal -0.427442 -0.903795 -0.0211835
    outer loop
      vertex -31.5714 -76.2201 165
      vertex -35 -72.7235 85
      vertex -34.32 -73.0451 85
    endloop
  endfacet
  facet normal -0.671413 -0.74078 -0.021182
    outer loop
      vertex -50.1171 -61.0678 0
      vertex -58.3363 -58.3363 165
      vertex -55.8614 -55.8614 0
    endloop
  endfacet
  facet normal -0.74078 -0.671413 -0.021182
    outer loop
      vertex -58.3363 -58.3363 165
      vertex -61.0678 -50.1171 0
      vertex -55.8614 -55.8614 0
    endloop
  endfacet
  facet normal -0.336814 -0.941333 -0.0211798
    outer loop
      vertex -22.9325 -75.5983 0
      vertex -29.4704 -73.709 20
      vertex -30.232 -72.9865 0
    endloop
  endfacet
  facet normal -0.33682 -0.941331 -0.0211821
    outer loop
      vertex -29.4704 -73.709 20
      vertex -22.9325 -75.5983 0
      vertex -23.0556 -76.0043 20
    endloop
  endfacet
  facet normal -0.336812 -0.941334 -0.0211818
    outer loop
      vertex -23.9485 -78.9476 165
      vertex -26.995 -76.0574 85
      vertex -23.4559 -77.3237 85
    endloop
  endfacet
  facet normal -0.146702 -0.988954 -0.0211825
    outer loop
      vertex -15.4121 -77.482 0
      vertex -8.75567 -78.8978 20
      vertex -15.4949 -77.8981 20
    endloop
  endfacet
  facet normal -0.146704 -0.988954 -0.0211819
    outer loop
      vertex -8.75567 -78.8978 20
      vertex -15.4121 -77.482 0
      vertex -7.74335 -78.6196 0
    endloop
  endfacet
  facet normal -0.146712 -0.988952 -0.0211824
    outer loop
      vertex -12.0457 -79.802 85
      vertex -16.095 -80.9148 165
      vertex -15.7639 -79.2504 85
    endloop
  endfacet
  facet normal -0.242889 -0.969823 -0.0211827
    outer loop
      vertex -15.4949 -77.8981 20
      vertex -16.4468 -77.6597 20
      vertex -15.4121 -77.482 0
    endloop
  endfacet
  facet normal -0.242926 -0.969814 -0.0211824
    outer loop
      vertex -19.8096 -78.237 85
      vertex -16.095 -80.9148 165
      vertex -23.9485 -78.9476 165
    endloop
  endfacet
  facet normal -0.242927 -0.969813 -0.0211824
    outer loop
      vertex -16.095 -80.9148 165
      vertex -19.8096 -78.237 85
      vertex -15.7639 -79.2504 85
    endloop
  endfacet
  facet normal 0.0490616 0.998571 -0.0211818
    outer loop
      vertex 8.08641 82.1027 165
      vertex 0 79 0
      vertex 0 82.5 165
    endloop
  endfacet
  facet normal 0.98895 0.146728 -0.0211831
    outer loop
      vertex 80.9148 16.095 165
      vertex 80.669 13.9142 138.419
      vertex 80.5304 14.6962 137.365
    endloop
  endfacet
  facet normal 0.988967 0.146618 -0.0211743
    outer loop
      vertex 80.9148 16.095 165
      vertex 80.8729 12.7279 139.728
      vertex 80.669 13.9142 138.419
    endloop
  endfacet
  facet normal 0.988949 0.146732 -0.0211894
    outer loop
      vertex 80.9148 16.095 165
      vertex 81.0925 11.4191 140.914
      vertex 80.8729 12.7279 139.728
    endloop
  endfacet
  facet normal 0.988954 0.146702 -0.0211836
    outer loop
      vertex 80.9148 16.095 165
      vertex 81.3255 10.0003 141.966
      vertex 81.0925 11.4191 140.914
    endloop
  endfacet
  facet normal 0.988956 0.146685 -0.021179
    outer loop
      vertex 80.9148 16.095 165
      vertex 81.5697 8.48514 142.875
      vertex 81.3255 10.0003 141.966
    endloop
  endfacet
  facet normal 0.988956 0.14669 -0.0211807
    outer loop
      vertex 81.6401 8.04085 143.085
      vertex 80.9148 16.095 165
      vertex 82.1027 8.08641 165
    endloop
  endfacet
  facet normal 0.988955 0.146693 -0.0211818
    outer loop
      vertex 80.9148 16.095 165
      vertex 81.6401 8.04085 143.085
      vertex 81.5697 8.48514 142.875
    endloop
  endfacet
  facet normal 0.988953 0.146708 -0.0211819
    outer loop
      vertex 80.3277 12.7279 114.272
      vertex 78.6196 7.74335 0
      vertex 80.2221 13.5746 115.206
    endloop
  endfacet
  facet normal 0.988948 0.146744 -0.0211834
    outer loop
      vertex 80.4965 11.4191 113.086
      vertex 78.6196 7.74335 0
      vertex 80.3277 12.7279 114.272
    endloop
  endfacet
  facet normal 0.988957 0.146679 -0.0211815
    outer loop
      vertex 80.6844 10.0003 112.034
      vertex 78.6196 7.74335 0
      vertex 80.4965 11.4191 113.086
    endloop
  endfacet
  facet normal 0.988953 0.146708 -0.021182
    outer loop
      vertex 80.8897 8.48514 111.125
      vertex 78.6196 7.74335 0
      vertex 80.6844 10.0003 112.034
    endloop
  endfacet
  facet normal 0.988975 0.146558 -0.0211814
    outer loop
      vertex 78.6196 7.74335 0
      vertex 80.8897 8.48514 111.125
      vertex 80.9603 7.9739 110.884
    endloop
  endfacet
  facet normal 0.242918 0.969816 -0.0211819
    outer loop
      vertex 22.9325 75.5983 0
      vertex 15.4121 77.482 0
      vertex 23.9485 78.9476 165
    endloop
  endfacet
  facet normal 0.51399 0.857535 -0.0211816
    outer loop
      vertex 43.89 65.6861 0
      vertex 37.2403 69.6718 0
      vertex 45.8345 68.5962 165
    endloop
  endfacet
  facet normal 0.427466 0.903783 -0.0211817
    outer loop
      vertex 37.2403 69.6718 0
      vertex 31.5714 76.2201 165
      vertex 38.8902 72.7585 165
    endloop
  endfacet
  facet normal 0.903783 0.427466 -0.0211817
    outer loop
      vertex 76.2201 31.5714 165
      vertex 69.6718 37.2403 0
      vertex 72.7585 38.8902 165
    endloop
  endfacet
  facet normal 0.903785 0.427461 -0.021182
    outer loop
      vertex 72.9865 30.232 0
      vertex 69.6718 37.2403 0
      vertex 76.2201 31.5714 165
    endloop
  endfacet
  facet normal 0.595563 0.803029 -0.0211816
    outer loop
      vertex 50.1171 61.0678 0
      vertex 43.89 65.6861 0
      vertex 45.8345 68.5962 165
    endloop
  endfacet
  facet normal 0.595559 0.803032 -0.0211818
    outer loop
      vertex 50.1171 61.0678 0
      vertex 45.8345 68.5962 165
      vertex 52.3374 63.7734 165
    endloop
  endfacet
  facet normal -0.336814 0.941333 -0.0211819
    outer loop
      vertex -22.9325 75.5983 0
      vertex -30.232 72.9865 0
      vertex -23.9485 78.9476 165
    endloop
  endfacet
  facet normal -0.427466 0.903783 -0.0211817
    outer loop
      vertex -37.2403 69.6718 0
      vertex -38.8902 72.7585 165
      vertex -31.5714 76.2201 165
    endloop
  endfacet
  facet normal -0.74078 0.671413 -0.021182
    outer loop
      vertex -55.8614 55.8614 0
      vertex -61.0678 50.1171 0
      vertex -58.3363 58.3363 165
    endloop
  endfacet
  facet normal -0.740784 0.671409 -0.0211818
    outer loop
      vertex -61.0678 50.1171 0
      vertex -63.7734 52.3374 165
      vertex -58.3363 58.3363 165
    endloop
  endfacet
  facet normal -0.857534 0.513992 -0.0211817
    outer loop
      vertex -69.6718 37.2403 0
      vertex -72.7585 38.8902 165
      vertex -68.5962 45.8345 165
    endloop
  endfacet
  facet normal -0.941333 0.336814 -0.0211819
    outer loop
      vertex -75.5983 22.9325 0
      vertex -78.9476 23.9485 165
      vertex -72.9865 30.232 0
    endloop
  endfacet
  facet normal -0.998568 0.0491216 -0.0211814
    outer loop
      vertex -78.6196 7.74335 0
      vertex -81.0028 6.8883 110.37
      vertex -80.9603 7.9739 110.884
    endloop
  endfacet
  facet normal -0.998572 0.0490349 -0.0211821
    outer loop
      vertex -78.6196 7.74335 0
      vertex -81.0653 5.38268 109.831
      vertex -81.0028 6.8883 110.37
    endloop
  endfacet
  facet normal -0.998571 0.0490558 -0.0211816
    outer loop
      vertex -81.0653 5.38268 109.831
      vertex -78.6196 7.74335 0
      vertex -79 0 0
    endloop
  endfacet
  facet normal -0.998569 0.0491002 -0.0211807
    outer loop
      vertex -81.6996 7.03568 143.56
      vertex -82.1027 8.08641 165
      vertex -81.6401 8.04085 143.085
    endloop
  endfacet
  facet normal -0.98895 0.146728 -0.0211831
    outer loop
      vertex -80.669 13.9142 138.419
      vertex -80.9148 16.095 165
      vertex -80.5304 14.6962 137.365
    endloop
  endfacet
  facet normal -0.988967 0.146618 -0.0211743
    outer loop
      vertex -80.8729 12.7279 139.728
      vertex -80.9148 16.095 165
      vertex -80.669 13.9142 138.419
    endloop
  endfacet
  facet normal -0.988949 0.146732 -0.0211894
    outer loop
      vertex -81.0925 11.4191 140.914
      vertex -80.9148 16.095 165
      vertex -80.8729 12.7279 139.728
    endloop
  endfacet
  facet normal -0.988954 0.146702 -0.0211836
    outer loop
      vertex -81.3255 10.0003 141.966
      vertex -80.9148 16.095 165
      vertex -81.0925 11.4191 140.914
    endloop
  endfacet
  facet normal -0.988956 0.146685 -0.021179
    outer loop
      vertex -81.5697 8.48514 142.875
      vertex -80.9148 16.095 165
      vertex -81.3255 10.0003 141.966
    endloop
  endfacet
  facet normal -0.988955 0.146693 -0.0211818
    outer loop
      vertex -81.6401 8.04085 143.085
      vertex -80.9148 16.095 165
      vertex -81.5697 8.48514 142.875
    endloop
  endfacet
  facet normal -0.988956 0.14669 -0.0211807
    outer loop
      vertex -80.9148 16.095 165
      vertex -81.6401 8.04085 143.085
      vertex -82.1027 8.08641 165
    endloop
  endfacet
  facet normal -0.988975 0.146558 -0.0211814
    outer loop
      vertex -80.8897 8.48514 111.125
      vertex -78.6196 7.74335 0
      vertex -80.9603 7.9739 110.884
    endloop
  endfacet
  facet normal -0.988953 0.146708 -0.021182
    outer loop
      vertex -80.6844 10.0003 112.034
      vertex -78.6196 7.74335 0
      vertex -80.8897 8.48514 111.125
    endloop
  endfacet
  facet normal -0.988957 0.146679 -0.0211815
    outer loop
      vertex -80.4965 11.4191 113.086
      vertex -78.6196 7.74335 0
      vertex -80.6844 10.0003 112.034
    endloop
  endfacet
  facet normal -0.988948 0.146744 -0.0211834
    outer loop
      vertex -80.3277 12.7279 114.272
      vertex -78.6196 7.74335 0
      vertex -80.4965 11.4191 113.086
    endloop
  endfacet
  facet normal -0.988953 0.146708 -0.0211819
    outer loop
      vertex -78.6196 7.74335 0
      vertex -80.3277 12.7279 114.272
      vertex -80.2221 13.5746 115.206
    endloop
  endfacet
  facet normal 0.857535 -0.51399 -0.0211816
    outer loop
      vertex 68.5962 -45.8345 165
      vertex 65.6861 -43.89 0
      vertex 69.6718 -37.2403 0
    endloop
  endfacet
  facet normal 0.671409 -0.740784 -0.0211818
    outer loop
      vertex 52.3374 -63.7734 165
      vertex 50.1171 -61.0678 0
      vertex 58.3363 -58.3363 165
    endloop
  endfacet
  facet normal 0.595559 -0.803032 -0.0211818
    outer loop
      vertex 52.3374 -63.7734 165
      vertex 45.8345 -68.5962 165
      vertex 50.1171 -61.0678 0
    endloop
  endfacet
  facet normal -0.941333 -0.336814 -0.0211819
    outer loop
      vertex -72.9865 -30.232 0
      vertex -78.9476 -23.9485 165
      vertex -75.5983 -22.9325 0
    endloop
  endfacet
  facet normal -0.595563 -0.803029 -0.0211816
    outer loop
      vertex -45.8345 -68.5962 165
      vertex -50.1171 -61.0678 0
      vertex -43.89 -65.6861 0
    endloop
  endfacet
  facet normal -0.595559 -0.803032 -0.0211818
    outer loop
      vertex -45.8345 -68.5962 165
      vertex -52.3374 -63.7734 165
      vertex -50.1171 -61.0678 0
    endloop
  endfacet
  facet normal -0.803032 -0.595559 -0.0211818
    outer loop
      vertex -63.7734 -52.3374 165
      vertex -68.5962 -45.8345 165
      vertex -61.0678 -50.1171 0
    endloop
  endfacet
  facet normal -0.0490571 -0.998571 -0.0211819
    outer loop
      vertex -7.74335 -78.6196 0
      vertex -0.980171 -79.3761 20
      vertex -7.78494 -79.0418 20
    endloop
  endfacet
  facet normal -0.0490558 -0.998571 -0.0211823
    outer loop
      vertex -0.980171 -79.3761 20
      vertex -7.74335 -78.6196 0
      vertex 0 -79 0
    endloop
  endfacet
  facet normal -0.0490727 -0.998571 -0.0211819
    outer loop
      vertex -4.16573 -80.5984 85
      vertex -8.08641 -82.1027 165
      vertex -7.92008 -80.4139 85
    endloop
  endfacet
  facet normal -0.14669 -0.988956 -0.0211813
    outer loop
      vertex -12.0457 -79.802 85
      vertex -8.08641 -82.1027 165
      vertex -16.095 -80.9148 165
    endloop
  endfacet
  facet normal -0.146679 -0.988957 -0.0211819
    outer loop
      vertex -8.08641 -82.1027 165
      vertex -12.0457 -79.802 85
      vertex -7.92008 -80.4139 85
    endloop
  endfacet
  facet normal -0.146703 -0.988954 -0.0211819
    outer loop
      vertex -7.78494 -79.0418 20
      vertex -8.75567 -78.8978 20
      vertex -7.74335 -78.6196 0
    endloop
  endfacet
  facet normal 0.96978 0.243057 -0.0212045
    outer loop
      vertex 78.9476 23.9485 165
      vertex 79.6679 17.9133 128.764
      vertex 79.6076 18 127
    endloop
  endfacet
  facet normal 0.969816 0.242918 -0.0211806
    outer loop
      vertex 78.9476 23.9485 165
      vertex 79.771 17.6541 130.512
      vertex 79.6679 17.9133 128.764
    endloop
  endfacet
  facet normal 0.969821 0.242897 -0.0211767
    outer loop
      vertex 78.9476 23.9485 165
      vertex 79.9159 17.2249 132.225
      vertex 79.771 17.6541 130.512
    endloop
  endfacet
  facet normal 0.969811 0.242937 -0.0211852
    outer loop
      vertex 78.9476 23.9485 165
      vertex 80.1013 16.6298 133.888
      vertex 79.9159 17.2249 132.225
    endloop
  endfacet
  facet normal 0.969814 0.242926 -0.0211808
    outer loop
      vertex 80.2965 15.972 135.279
      vertex 78.9476 23.9485 165
      vertex 80.9148 16.095 165
    endloop
  endfacet
  facet normal 0.969802 0.24297 -0.0211932
    outer loop
      vertex 78.9476 23.9485 165
      vertex 80.2965 15.972 135.279
      vertex 80.1013 16.6298 133.888
    endloop
  endfacet
  facet normal 0.96983 0.242862 -0.0211731
    outer loop
      vertex 79.5908 17.9133 125.236
      vertex 78.9476 23.9485 165
      vertex 79.6076 18 127
    endloop
  endfacet
  facet normal 0.96976 0.243139 -0.0211854
    outer loop
      vertex 77.482 15.4121 0
      vertex 79.5908 17.9133 125.236
      vertex 79.6176 17.6541 123.488
    endloop
  endfacet
  facet normal 0.969815 0.242918 -0.0211819
    outer loop
      vertex 79.5908 17.9133 125.236
      vertex 77.482 15.4121 0
      vertex 78.9476 23.9485 165
    endloop
  endfacet
  facet normal 0.96981 0.242939 -0.0211826
    outer loop
      vertex 79.6877 17.2249 121.775
      vertex 77.482 15.4121 0
      vertex 79.6176 17.6541 123.488
    endloop
  endfacet
  facet normal 0.96983 0.242859 -0.0211818
    outer loop
      vertex 79.8004 16.6298 120.112
      vertex 77.482 15.4121 0
      vertex 79.6877 17.2249 121.775
    endloop
  endfacet
  facet normal 0.969824 0.242882 -0.0211819
    outer loop
      vertex 77.482 15.4121 0
      vertex 79.8004 16.6298 120.112
      vertex 79.9489 15.9028 118.575
    endloop
  endfacet
  facet normal 0.988944 0.146768 -0.0211819
    outer loop
      vertex 79.9518 15.8746 118.515
      vertex 77.482 15.4121 0
      vertex 79.9489 15.9028 118.575
    endloop
  endfacet
  facet normal 0.988947 0.146746 -0.0211819
    outer loop
      vertex 80.0541 14.9665 117
      vertex 77.482 15.4121 0
      vertex 79.9518 15.8746 118.515
    endloop
  endfacet
  facet normal 0.988955 0.146697 -0.0211822
    outer loop
      vertex 80.1798 13.9142 115.581
      vertex 77.482 15.4121 0
      vertex 80.0541 14.9665 117
    endloop
  endfacet
  facet normal 0.988972 0.146577 -0.0211842
    outer loop
      vertex 80.2221 13.5746 115.206
      vertex 77.482 15.4121 0
      vertex 80.1798 13.9142 115.581
    endloop
  endfacet
  facet normal 0.988954 0.146704 -0.0211817
    outer loop
      vertex 77.482 15.4121 0
      vertex 80.2221 13.5746 115.206
      vertex 78.6196 7.74335 0
    endloop
  endfacet
  facet normal 0.989042 0.146108 -0.0211802
    outer loop
      vertex 80.9148 16.095 165
      vertex 80.3153 15.8746 135.485
      vertex 80.2965 15.972 135.279
    endloop
  endfacet
  facet normal 0.988947 0.146746 -0.021183
    outer loop
      vertex 80.9148 16.095 165
      vertex 80.4825 14.9665 137
      vertex 80.3153 15.8746 135.485
    endloop
  endfacet
  facet normal 0.988961 0.146654 -0.0211795
    outer loop
      vertex 80.4825 14.9665 137
      vertex 80.9148 16.095 165
      vertex 80.5304 14.6962 137.365
    endloop
  endfacet
  facet normal 0.146704 0.988954 -0.0211822
    outer loop
      vertex 15.4121 77.482 0
      vertex 7.74335 78.6196 0
      vertex 16.095 80.9148 165
    endloop
  endfacet
  facet normal 0.14669 0.988956 -0.0211815
    outer loop
      vertex 16.095 80.9148 165
      vertex 7.74335 78.6196 0
      vertex 8.08641 82.1027 165
    endloop
  endfacet
  facet normal 0.336812 0.941333 -0.021182
    outer loop
      vertex 30.232 72.9865 0
      vertex 23.9485 78.9476 165
      vertex 31.5714 76.2201 165
    endloop
  endfacet
  facet normal 0.427461 0.903785 -0.021182
    outer loop
      vertex 37.2403 69.6718 0
      vertex 30.232 72.9865 0
      vertex 31.5714 76.2201 165
    endloop
  endfacet
  facet normal 0.803032 0.595559 -0.0211818
    outer loop
      vertex 68.5962 45.8345 165
      vertex 61.0678 50.1171 0
      vertex 63.7734 52.3374 165
    endloop
  endfacet
  facet normal 0.671409 0.740784 -0.0211818
    outer loop
      vertex 58.3363 58.3363 165
      vertex 50.1171 61.0678 0
      vertex 52.3374 63.7734 165
    endloop
  endfacet
  facet normal 0.941333 0.336812 -0.021182
    outer loop
      vertex 78.9476 23.9485 165
      vertex 72.9865 30.232 0
      vertex 76.2201 31.5714 165
    endloop
  endfacet
  facet normal -0.146704 0.988954 -0.0211822
    outer loop
      vertex -15.4121 77.482 0
      vertex -16.095 80.9148 165
      vertex -7.74335 78.6196 0
    endloop
  endfacet
  facet normal -0.336812 0.941333 -0.021182
    outer loop
      vertex -30.232 72.9865 0
      vertex -31.5714 76.2201 165
      vertex -23.9485 78.9476 165
    endloop
  endfacet
  facet normal -0.595563 0.803029 -0.0211816
    outer loop
      vertex -43.89 65.6861 0
      vertex -50.1171 61.0678 0
      vertex -45.8345 68.5962 165
    endloop
  endfacet
  facet normal -0.595559 0.803032 -0.0211818
    outer loop
      vertex -50.1171 61.0678 0
      vertex -52.3374 63.7734 165
      vertex -45.8345 68.5962 165
    endloop
  endfacet
  facet normal -0.51399 0.857535 -0.0211816
    outer loop
      vertex -43.89 65.6861 0
      vertex -45.8345 68.5962 165
      vertex -37.2403 69.6718 0
    endloop
  endfacet
  facet normal -0.513992 0.857534 -0.0211817
    outer loop
      vertex -37.2403 69.6718 0
      vertex -45.8345 68.5962 165
      vertex -38.8902 72.7585 165
    endloop
  endfacet
  facet normal -0.803029 0.595563 -0.0211816
    outer loop
      vertex -65.6861 43.89 0
      vertex -68.5962 45.8345 165
      vertex -61.0678 50.1171 0
    endloop
  endfacet
  facet normal -0.903785 0.427461 -0.021182
    outer loop
      vertex -72.9865 30.232 0
      vertex -76.2201 31.5714 165
      vertex -69.6718 37.2403 0
    endloop
  endfacet
  facet normal -0.941333 0.336812 -0.021182
    outer loop
      vertex -72.9865 30.232 0
      vertex -78.9476 23.9485 165
      vertex -76.2201 31.5714 165
    endloop
  endfacet
  facet normal -0.969816 0.242918 -0.0211819
    outer loop
      vertex -77.482 15.4121 0
      vertex -78.9476 23.9485 165
      vertex -75.5983 22.9325 0
    endloop
  endfacet
  facet normal -0.803029 -0.595563 -0.0211816
    outer loop
      vertex -61.0678 -50.1171 0
      vertex -68.5962 -45.8345 165
      vertex -65.6861 -43.89 0
    endloop
  endfacet
  facet normal -0.857535 -0.51399 -0.0211816
    outer loop
      vertex -68.5962 -45.8345 165
      vertex -69.6718 -37.2403 0
      vertex -65.6861 -43.89 0
    endloop
  endfacet
  facet normal 0.941333 0.336814 -0.0211819
    outer loop
      vertex 75.5983 22.9325 0
      vertex 72.9865 30.232 0
      vertex 78.9476 23.9485 165
    endloop
  endfacet
  facet normal 0.336814 0.941333 -0.0211819
    outer loop
      vertex 30.232 72.9865 0
      vertex 22.9325 75.5983 0
      vertex 23.9485 78.9476 165
    endloop
  endfacet
  facet normal 0.803029 0.595563 -0.0211816
    outer loop
      vertex 65.6861 43.89 0
      vertex 61.0678 50.1171 0
      vertex 68.5962 45.8345 165
    endloop
  endfacet
  facet normal 0.857534 0.513992 -0.0211817
    outer loop
      vertex 69.6718 37.2403 0
      vertex 68.5962 45.8345 165
      vertex 72.7585 38.8902 165
    endloop
  endfacet
  facet normal 0.671413 0.74078 -0.021182
    outer loop
      vertex 55.8614 55.8614 0
      vertex 50.1171 61.0678 0
      vertex 58.3363 58.3363 165
    endloop
  endfacet
  facet normal 0.74078 0.671413 -0.021182
    outer loop
      vertex 61.0678 50.1171 0
      vertex 55.8614 55.8614 0
      vertex 58.3363 58.3363 165
    endloop
  endfacet
  facet normal -0.242918 0.969816 -0.0211819
    outer loop
      vertex -22.9325 75.5983 0
      vertex -23.9485 78.9476 165
      vertex -15.4121 77.482 0
    endloop
  endfacet
  facet normal -0.242926 0.969814 -0.0211822
    outer loop
      vertex -15.4121 77.482 0
      vertex -23.9485 78.9476 165
      vertex -16.095 80.9148 165
    endloop
  endfacet
  facet normal -0.14669 0.988956 -0.0211815
    outer loop
      vertex -7.74335 78.6196 0
      vertex -16.095 80.9148 165
      vertex -8.08641 82.1027 165
    endloop
  endfacet
  facet normal -0.0490558 0.998571 -0.0211815
    outer loop
      vertex -7.74335 78.6196 0
      vertex -8.08641 82.1027 165
      vertex 0 79 0
    endloop
  endfacet
  facet normal 0.857535 0.51399 -0.0211816
    outer loop
      vertex 69.6718 37.2403 0
      vertex 65.6861 43.89 0
      vertex 68.5962 45.8345 165
    endloop
  endfacet
  facet normal -0.740779 0.671404 0.0215262
    outer loop
      vertex 53.72 -53.72 0
      vertex 56.3093 -56.0571 162
      vertex 58.6954 -48.2305 0
    endloop
  endfacet
  facet normal -0.740807 0.671373 0.0215262
    outer loop
      vertex 56.3093 -56.0571 162
      vertex 53.72 -53.72 0
      vertex 56.1894 -56.1894 162
    endloop
  endfacet
  facet normal -0.998563 -0.0490814 0.0215305
    outer loop
      vertex 78.1562 3.51163 109.346
      vertex 77.8194 1 88
      vertex 78.2365 1.76431 109.087
    endloop
  endfacet
  facet normal -0.998563 -0.0490719 0.0215294
    outer loop
      vertex 78.0836 5.17148 109.762
      vertex 77.8194 1 88
      vertex 78.1562 3.51163 109.346
    endloop
  endfacet
  facet normal -0.998564 -0.049049 0.021525
    outer loop
      vertex 75.9693 0.0466902 0
      vertex 77.8194 1 88
      vertex 78.0836 5.17148 109.762
    endloop
  endfacet
  facet normal -0.998557 -0.0491898 0.0215257
    outer loop
      vertex 77.8686 0 88
      vertex 75.9693 0.0466902 0
      vertex 75.9716 0 0
    endloop
  endfacet
  facet normal -0.99856 -0.0491292 0.0215258
    outer loop
      vertex 75.9693 0.0466902 0
      vertex 77.8686 0 88
      vertex 77.8194 1 88
    endloop
  endfacet
  facet normal -0.998566 -0.0490186 0.0215283
    outer loop
      vertex 78.2365 1.76431 109.087
      vertex 77.8194 1 88
      vertex 78.2732 1 109.049
    endloop
  endfacet
  facet normal -0.998562 -0.0490866 0.0215307
    outer loop
      vertex 78.8239 5.22512 144.225
      vertex 79.0899 7.6105 162
      vertex 78.7369 6.75502 143.678
    endloop
  endfacet
  facet normal -0.998565 -0.0490414 0.0215246
    outer loop
      vertex 78.9173 3.51163 144.654
      vertex 79.0899 7.6105 162
      vertex 78.8239 5.22512 144.225
    endloop
  endfacet
  facet normal -0.998562 -0.0490981 0.021538
    outer loop
      vertex 79.0088 1.76431 144.913
      vertex 79.0899 7.6105 162
      vertex 78.9173 3.51163 144.654
    endloop
  endfacet
  facet normal -0.998565 -0.0490277 0.0215279
    outer loop
      vertex 79.4638 0 162
      vertex 79.0088 1.76431 144.913
      vertex 79.0973 0 145
    endloop
  endfacet
  facet normal -0.998564 -0.0490589 0.0215246
    outer loop
      vertex 79.0088 1.76431 144.913
      vertex 79.4638 0 162
      vertex 79.0899 7.6105 162
    endloop
  endfacet
  facet normal -0.998566 -0.0490126 0.0215266
    outer loop
      vertex 75.6057 7.44651 0
      vertex 78.0124 6.8883 110.37
      vertex 77.9816 7.68051 110.745
    endloop
  endfacet
  facet normal -0.998563 -0.0490681 0.0215263
    outer loop
      vertex 75.6057 7.44651 0
      vertex 78.0813 5.22512 109.775
      vertex 78.0124 6.8883 110.37
    endloop
  endfacet
  facet normal -0.998613 -0.0480413 0.0215481
    outer loop
      vertex 75.6057 7.44651 0
      vertex 78.0836 5.17148 109.762
      vertex 78.0813 5.22512 109.775
    endloop
  endfacet
  facet normal -0.998564 -0.0490658 0.0215258
    outer loop
      vertex 78.0836 5.17148 109.762
      vertex 75.6057 7.44651 0
      vertex 75.9693 0.0466902 0
    endloop
  endfacet
  facet normal -0.998562 -0.0490985 0.0215247
    outer loop
      vertex 78.7294 6.8883 143.63
      vertex 79.0811 7.78881 162
      vertex 78.6783 7.74914 143.223
    endloop
  endfacet
  facet normal -0.998594 -0.0484526 0.0214936
    outer loop
      vertex 78.7369 6.75502 143.678
      vertex 79.0811 7.78881 162
      vertex 78.7294 6.8883 143.63
    endloop
  endfacet
  facet normal -0.998553 -0.0492808 0.0215396
    outer loop
      vertex 79.0811 7.78881 162
      vertex 78.7369 6.75502 143.678
      vertex 79.0899 7.6105 162
    endloop
  endfacet
  facet normal -0.998564 0.0490658 0.0215257
    outer loop
      vertex 75.6057 -7.44651 0
      vertex 77.6644 -4.15543 88
      vertex 75.9693 -0.0466902 0
    endloop
  endfacet
  facet normal -0.998564 0.049052 0.0215263
    outer loop
      vertex 77.6644 -4.15543 88
      vertex 75.6057 -7.44651 0
      vertex 77.4936 -7.63245 88
    endloop
  endfacet
  facet normal -0.998594 0.0484526 0.0214936
    outer loop
      vertex 79.0811 -7.78881 162
      vertex 78.7369 -6.75502 143.678
      vertex 78.7294 -6.8883 143.63
    endloop
  endfacet
  facet normal -0.998562 0.0490985 0.0215247
    outer loop
      vertex 79.0811 -7.78881 162
      vertex 78.7294 -6.8883 143.63
      vertex 78.6783 -7.74914 143.223
    endloop
  endfacet
  facet normal -0.998553 0.0492808 0.0215396
    outer loop
      vertex 78.7369 -6.75502 143.678
      vertex 79.0811 -7.78881 162
      vertex 79.0899 -7.6105 162
    endloop
  endfacet
  facet normal 0.998564 0.0490658 0.0215257
    outer loop
      vertex -77.6644 -4.15543 88
      vertex -75.6057 -7.44651 0
      vertex -75.9693 -0.0466902 0
    endloop
  endfacet
  facet normal 0.998564 0.049052 0.0215263
    outer loop
      vertex -75.6057 -7.44651 0
      vertex -77.6644 -4.15543 88
      vertex -77.4936 -7.63245 88
    endloop
  endfacet
  facet normal 0.998553 0.0492808 0.0215396
    outer loop
      vertex -79.0811 -7.78881 162
      vertex -78.7369 -6.75502 143.678
      vertex -79.0899 -7.6105 162
    endloop
  endfacet
  facet normal 0.998594 0.0484526 0.0214936
    outer loop
      vertex -78.7369 -6.75502 143.678
      vertex -79.0811 -7.78881 162
      vertex -78.7294 -6.8883 143.63
    endloop
  endfacet
  facet normal 0.998562 0.0490985 0.0215247
    outer loop
      vertex -78.7294 -6.8883 143.63
      vertex -79.0811 -7.78881 162
      vertex -78.6783 -7.74914 143.223
    endloop
  endfacet
  facet normal 0.998566 -0.0490126 0.0215266
    outer loop
      vertex -78.0124 6.8883 110.37
      vertex -75.6057 7.44651 0
      vertex -77.9816 7.68051 110.745
    endloop
  endfacet
  facet normal 0.998563 -0.0490681 0.0215263
    outer loop
      vertex -78.0813 5.22512 109.775
      vertex -75.6057 7.44651 0
      vertex -78.0124 6.8883 110.37
    endloop
  endfacet
  facet normal 0.998613 -0.0480413 0.0215481
    outer loop
      vertex -78.0836 5.17148 109.762
      vertex -75.6057 7.44651 0
      vertex -78.0813 5.22512 109.775
    endloop
  endfacet
  facet normal 0.998564 -0.0490658 0.0215258
    outer loop
      vertex -75.6057 7.44651 0
      vertex -78.0836 5.17148 109.762
      vertex -75.9693 0.0466902 0
    endloop
  endfacet
  facet normal 0.998553 -0.0492808 0.0215396
    outer loop
      vertex -78.7369 6.75502 143.678
      vertex -79.0811 7.78881 162
      vertex -79.0899 7.6105 162
    endloop
  endfacet
  facet normal 0.998562 -0.0490985 0.0215247
    outer loop
      vertex -79.0811 7.78881 162
      vertex -78.7294 6.8883 143.63
      vertex -78.6783 7.74914 143.223
    endloop
  endfacet
  facet normal 0.998594 -0.0484526 0.0214936
    outer loop
      vertex -79.0811 7.78881 162
      vertex -78.7369 6.75502 143.678
      vertex -78.7294 6.8883 143.63
    endloop
  endfacet
  facet normal -0.0490515 0.998564 0.0215278
    outer loop
      vertex 7.44651 -75.6057 0
      vertex 0.980494 -76.3545 20
      vertex 7.48877 -76.0348 20
    endloop
  endfacet
  facet normal -0.0490658 0.998564 0.0215232
    outer loop
      vertex 0.980494 -76.3545 20
      vertex 7.44651 -75.6057 0
      vertex 0.0466902 -75.9693 0
    endloop
  endfacet
  facet normal -0.0490362 0.998565 0.0215353
    outer loop
      vertex 7.62611 -77.4292 85
      vertex 4.38888 -77.7607 93
      vertex 7.64302 -77.6009 93
    endloop
  endfacet
  facet normal -0.0490605 0.998564 0.0215255
    outer loop
      vertex 4.38888 -77.7607 93
      vertex 7.62611 -77.4292 85
      vertex 4.01536 -77.6066 85
    endloop
  endfacet
  facet normal -0.0492808 0.998553 0.021526
    outer loop
      vertex 7.64746 -77.6459 95.1
      vertex 7.6105 -79.0899 162
      vertex 7.78881 -79.0811 162
    endloop
  endfacet
  facet normal -0.0490667 0.998564 0.0215263
    outer loop
      vertex 7.6105 -79.0899 162
      vertex 7.64746 -77.6459 95.1
      vertex 4.48693 -77.8012 95.1
    endloop
  endfacet
  facet normal -0.988949 0.146685 0.0215269
    outer loop
      vertex 74.5186 -14.7751 0
      vertex 76.5491 -14 88
      vertex 76.9828 -11.076 88
    endloop
  endfacet
  facet normal -0.989111 0.145584 0.0215403
    outer loop
      vertex 74.5118 -14.8213 0
      vertex 76.5491 -14 88
      vertex 74.5186 -14.7751 0
    endloop
  endfacet
  facet normal -0.988943 0.146724 0.0215258
    outer loop
      vertex 76.9978 -15.3158 117.583
      vertex 76.5491 -14 88
      vertex 74.5118 -14.8213 0
    endloop
  endfacet
  facet normal -0.988949 0.146688 0.0215236
    outer loop
      vertex 76.5491 -14 88
      vertex 77.0369 -14.9665 117
      vertex 77.1519 -14 115.697
    endloop
  endfacet
  facet normal -0.988958 0.146623 0.0215215
    outer loop
      vertex 76.5491 -14 88
      vertex 76.9978 -15.3158 117.583
      vertex 77.0369 -14.9665 117
    endloop
  endfacet
  facet normal -0.988945 0.146708 0.0215301
    outer loop
      vertex 77.9369 -15.5026 162
      vertex 78.5145 -8.77669 142.7
      vertex 78.317 -10.0003 141.966
    endloop
  endfacet
  facet normal -0.988952 0.146663 0.0215177
    outer loop
      vertex 77.9369 -15.5026 162
      vertex 78.317 -10.0003 141.966
      vertex 78.0837 -11.4191 140.914
    endloop
  endfacet
  facet normal -0.988943 0.146725 0.0215296
    outer loop
      vertex 77.9369 -15.5026 162
      vertex 78.0837 -11.4191 140.914
      vertex 77.8637 -12.7279 139.728
    endloop
  endfacet
  facet normal -0.988943 0.146723 0.0215294
    outer loop
      vertex 77.9369 -15.5026 162
      vertex 77.8637 -12.7279 139.728
      vertex 77.6592 -13.9142 138.419
    endloop
  endfacet
  facet normal -0.988958 0.146626 0.021523
    outer loop
      vertex 77.9369 -15.5026 162
      vertex 77.6592 -13.9142 138.419
      vertex 77.4723 -14.9665 137
    endloop
  endfacet
  facet normal -0.988924 0.146854 0.0215273
    outer loop
      vertex 77.9369 -15.5026 162
      vertex 77.4723 -14.9665 137
      vertex 77.3932 -15.3945 136.286
    endloop
  endfacet
  facet normal -0.988948 0.146692 0.0215243
    outer loop
      vertex 78.5145 -8.77669 142.7
      vertex 77.9369 -15.5026 162
      vertex 79.0549 -7.9654 162
    endloop
  endfacet
  facet normal -0.803901 0.594374 0.0215277
    outer loop
      vertex 63.1402 -42.2451 0
      vertex 66.0717 -44.1477 162
      vertex 63.168 -42.2075 0
    endloop
  endfacet
  facet normal -0.803025 0.595557 0.0215258
    outer loop
      vertex 66.0717 -44.1477 162
      vertex 63.1402 -42.2451 0
      vertex 61.5327 -50.2679 162
    endloop
  endfacet
  facet normal 0.0490658 0.998564 0.0215232
    outer loop
      vertex -7.44651 -75.6057 0
      vertex -0.980494 -76.3545 20
      vertex -0.0466902 -75.9693 0
    endloop
  endfacet
  facet normal 0.0490515 0.998564 0.0215278
    outer loop
      vertex -0.980494 -76.3545 20
      vertex -7.44651 -75.6057 0
      vertex -7.48877 -76.0348 20
    endloop
  endfacet
  facet normal 0.0490605 0.998564 0.0215255
    outer loop
      vertex -7.62611 -77.4292 85
      vertex -4.38888 -77.7607 93
      vertex -4.01536 -77.6066 85
    endloop
  endfacet
  facet normal 0.0490362 0.998565 0.0215353
    outer loop
      vertex -4.38888 -77.7607 93
      vertex -7.62611 -77.4292 85
      vertex -7.64302 -77.6009 93
    endloop
  endfacet
  facet normal 0.0490667 0.998564 0.0215263
    outer loop
      vertex -7.64746 -77.6459 95.1
      vertex -7.6105 -79.0899 162
      vertex -4.48693 -77.8012 95.1
    endloop
  endfacet
  facet normal 0.0492808 0.998553 0.021526
    outer loop
      vertex -7.6105 -79.0899 162
      vertex -7.64746 -77.6459 95.1
      vertex -7.78881 -79.0811 162
    endloop
  endfacet
  facet normal 0.988949 0.146688 0.0215236
    outer loop
      vertex -77.0369 -14.9665 117
      vertex -76.5491 -14 88
      vertex -77.1519 -14 115.697
    endloop
  endfacet
  facet normal 0.989111 0.145584 0.0215403
    outer loop
      vertex -76.5491 -14 88
      vertex -74.5118 -14.8213 0
      vertex -74.5186 -14.7751 0
    endloop
  endfacet
  facet normal 0.988958 0.146623 0.0215215
    outer loop
      vertex -76.9978 -15.3158 117.583
      vertex -76.5491 -14 88
      vertex -77.0369 -14.9665 117
    endloop
  endfacet
  facet normal 0.988943 0.146724 0.0215258
    outer loop
      vertex -76.5491 -14 88
      vertex -76.9978 -15.3158 117.583
      vertex -74.5118 -14.8213 0
    endloop
  endfacet
  facet normal 0.988949 0.146685 0.0215269
    outer loop
      vertex -76.9828 -11.076 88
      vertex -76.5491 -14 88
      vertex -74.5186 -14.7751 0
    endloop
  endfacet
  facet normal 0.988948 0.146692 0.0215243
    outer loop
      vertex -77.9369 -15.5026 162
      vertex -78.5145 -8.77669 142.7
      vertex -79.0549 -7.9654 162
    endloop
  endfacet
  facet normal 0.988945 0.146708 0.0215301
    outer loop
      vertex -78.5145 -8.77669 142.7
      vertex -77.9369 -15.5026 162
      vertex -78.317 -10.0003 141.966
    endloop
  endfacet
  facet normal 0.988952 0.146663 0.0215177
    outer loop
      vertex -78.317 -10.0003 141.966
      vertex -77.9369 -15.5026 162
      vertex -78.0837 -11.4191 140.914
    endloop
  endfacet
  facet normal 0.988943 0.146725 0.0215296
    outer loop
      vertex -78.0837 -11.4191 140.914
      vertex -77.9369 -15.5026 162
      vertex -77.8637 -12.7279 139.728
    endloop
  endfacet
  facet normal 0.988943 0.146723 0.0215294
    outer loop
      vertex -77.8637 -12.7279 139.728
      vertex -77.9369 -15.5026 162
      vertex -77.6592 -13.9142 138.419
    endloop
  endfacet
  facet normal 0.988958 0.146626 0.021523
    outer loop
      vertex -77.6592 -13.9142 138.419
      vertex -77.9369 -15.5026 162
      vertex -77.4723 -14.9665 137
    endloop
  endfacet
  facet normal 0.988924 0.146854 0.0215273
    outer loop
      vertex -77.4723 -14.9665 137
      vertex -77.9369 -15.5026 162
      vertex -77.3932 -15.3945 136.286
    endloop
  endfacet
  facet normal 0.594374 0.803901 0.0215277
    outer loop
      vertex -42.2451 -63.1402 0
      vertex -44.1477 -66.0717 162
      vertex -42.2075 -63.168 0
    endloop
  endfacet
  facet normal 0.595557 0.803025 0.0215258
    outer loop
      vertex -44.1477 -66.0717 162
      vertex -42.2451 -63.1402 0
      vertex -50.2679 -61.5327 162
    endloop
  endfacet
  facet normal -0.0490658 -0.998564 0.0215262
    outer loop
      vertex 7.44651 75.6057 0
      vertex 7.6105 79.0899 162
      vertex 0.0466902 75.9693 0
    endloop
  endfacet
  facet normal -0.0492808 -0.998553 0.0215262
    outer loop
      vertex 7.6105 79.0899 162
      vertex 7.44651 75.6057 0
      vertex 7.78881 79.0811 162
    endloop
  endfacet
  facet normal 0.0492808 -0.998553 0.0215262
    outer loop
      vertex -7.44651 75.6057 0
      vertex -7.6105 79.0899 162
      vertex -7.78881 79.0811 162
    endloop
  endfacet
  facet normal 0.0490658 -0.998564 0.0215262
    outer loop
      vertex -7.6105 79.0899 162
      vertex -7.44651 75.6057 0
      vertex -0.0466902 75.9693 0
    endloop
  endfacet
  facet normal 0.941326 -0.336811 0.0215259
    outer loop
      vertex -76.0421 23.0671 162
      vertex -72.6845 22.0974 0
      vertex -73.4751 30.2414 162
    endloop
  endfacet
  facet normal 0.94162 -0.335987 0.0215271
    outer loop
      vertex -72.6845 22.0974 0
      vertex -76.0421 23.0671 162
      vertex -72.7002 22.0534 0
    endloop
  endfacet
  facet normal -0.941328 0.336806 0.0215257
    outer loop
      vertex 70.1886 -29.0731 0
      vertex 73.4751 -30.2414 162
      vertex 72.6845 -22.0974 0
    endloop
  endfacet
  facet normal -0.94141 0.336578 0.0215257
    outer loop
      vertex 73.4751 -30.2414 162
      vertex 70.1886 -29.0731 0
      vertex 73.415 -30.4095 162
    endloop
  endfacet
  facet normal -0.998557 0.0491898 0.0215257
    outer loop
      vertex 75.9693 -0.0466902 0
      vertex 77.8686 0 88
      vertex 75.9716 0 0
    endloop
  endfacet
  facet normal -0.998563 0.0490699 0.0215259
    outer loop
      vertex 77.8686 0 88
      vertex 75.9693 -0.0466902 0
      vertex 77.6644 -4.15543 88
    endloop
  endfacet
  facet normal -0.998565 0.0490277 0.0215279
    outer loop
      vertex 79.0088 -1.76431 144.913
      vertex 79.4638 0 162
      vertex 79.0973 0 145
    endloop
  endfacet
  facet normal -0.998562 0.0490981 0.021538
    outer loop
      vertex 79.0899 -7.6105 162
      vertex 79.0088 -1.76431 144.913
      vertex 78.9173 -3.51163 144.654
    endloop
  endfacet
  facet normal -0.998565 0.0490414 0.0215246
    outer loop
      vertex 79.0899 -7.6105 162
      vertex 78.9173 -3.51163 144.654
      vertex 78.8239 -5.22512 144.225
    endloop
  endfacet
  facet normal -0.998562 0.0490866 0.0215307
    outer loop
      vertex 79.0899 -7.6105 162
      vertex 78.8239 -5.22512 144.225
      vertex 78.7369 -6.75502 143.678
    endloop
  endfacet
  facet normal -0.998564 0.0490589 0.0215246
    outer loop
      vertex 79.0088 -1.76431 144.913
      vertex 79.0899 -7.6105 162
      vertex 79.4638 0 162
    endloop
  endfacet
  facet normal -0.903642 0.427746 0.0215256
    outer loop
      vertex 70.1886 -29.0731 0
      vertex 73.3386 -30.5709 162
      vertex 73.415 -30.4095 162
    endloop
  endfacet
  facet normal -0.903776 0.427463 0.0215256
    outer loop
      vertex 73.3386 -30.5709 162
      vertex 70.1886 -29.0731 0
      vertex 67.0209 -35.7705 0
    endloop
  endfacet
  facet normal -0.145584 0.989112 0.021522
    outer loop
      vertex 14.7751 -74.5186 0
      vertex 14.9054 -74.9346 20
      vertex 14.8213 -74.5118 0
    endloop
  endfacet
  facet normal -0.146762 0.988938 0.0215261
    outer loop
      vertex 14.9054 -74.9346 20
      vertex 14.7751 -74.5186 0
      vertex 13.9344 -75.0787 20
    endloop
  endfacet
  facet normal -0.146699 0.988947 0.0215324
    outer loop
      vertex 11.2021 -76.8988 85
      vertex 15.2124 -76.4781 93
      vertex 15.1788 -76.3089 85
    endloop
  endfacet
  facet normal -0.146684 0.988949 0.0215244
    outer loop
      vertex 15.2124 -76.4781 93
      vertex 11.2021 -76.8988 85
      vertex 10.8658 -77.1228 93
    endloop
  endfacet
  facet normal -0.14668 0.98895 0.0215251
    outer loop
      vertex 10.7775 -77.1816 95.1
      vertex 15.5026 -77.9369 162
      vertex 15.2213 -76.5225 95.1
    endloop
  endfacet
  facet normal -0.146692 0.988948 0.0215259
    outer loop
      vertex 15.5026 -77.9369 162
      vertex 10.7775 -77.1816 95.1
      vertex 7.9654 -79.0549 162
    endloop
  endfacet
  facet normal -0.515005 0.856917 0.0215274
    outer loop
      vertex 42.1674 -63.1921 0
      vertex 44.1477 -66.0717 162
      vertex 42.2075 -63.168 0
    endloop
  endfacet
  facet normal -0.513985 0.857529 0.0215258
    outer loop
      vertex 44.1477 -66.0717 162
      vertex 42.1674 -63.1921 0
      vertex 37.6121 -69.989 162
    endloop
  endfacet
  facet normal -0.513978 0.857533 0.0215262
    outer loop
      vertex 35.8127 -67.0009 0
      vertex 37.6121 -69.989 162
      vertex 42.1674 -63.1921 0
    endloop
  endfacet
  facet normal -0.514129 0.857442 0.0215262
    outer loop
      vertex 37.6121 -69.989 162
      vertex 35.8127 -67.0009 0
      vertex 37.459 -70.0808 162
    endloop
  endfacet
  facet normal 0.94162 0.335987 0.0215271
    outer loop
      vertex -76.0421 -23.0671 162
      vertex -72.6845 -22.0974 0
      vertex -72.7002 -22.0534 0
    endloop
  endfacet
  facet normal 0.941326 0.336811 0.0215259
    outer loop
      vertex -72.6845 -22.0974 0
      vertex -76.0421 -23.0671 162
      vertex -73.4751 -30.2414 162
    endloop
  endfacet
  facet normal 0.803018 0.595567 0.0215263
    outer loop
      vertex -61.5327 -50.2679 162
      vertex -58.7268 -48.1958 0
      vertex -63.1402 -42.2451 0
    endloop
  endfacet
  facet normal 0.802895 0.595732 0.0215263
    outer loop
      vertex -58.7268 -48.1958 0
      vertex -61.5327 -50.2679 162
      vertex -61.4263 -50.4113 162
    endloop
  endfacet
  facet normal 0.146762 0.988938 0.0215261
    outer loop
      vertex -14.7751 -74.5186 0
      vertex -14.9054 -74.9346 20
      vertex -13.9344 -75.0787 20
    endloop
  endfacet
  facet normal 0.145584 0.989112 0.021522
    outer loop
      vertex -14.9054 -74.9346 20
      vertex -14.7751 -74.5186 0
      vertex -14.8213 -74.5118 0
    endloop
  endfacet
  facet normal 0.146684 0.988949 0.0215244
    outer loop
      vertex -11.2021 -76.8988 85
      vertex -15.2124 -76.4781 93
      vertex -10.8658 -77.1228 93
    endloop
  endfacet
  facet normal 0.146699 0.988947 0.0215324
    outer loop
      vertex -15.2124 -76.4781 93
      vertex -11.2021 -76.8988 85
      vertex -15.1788 -76.3089 85
    endloop
  endfacet
  facet normal 0.146692 0.988948 0.0215259
    outer loop
      vertex -10.7775 -77.1816 95.1
      vertex -15.5026 -77.9369 162
      vertex -7.9654 -79.0549 162
    endloop
  endfacet
  facet normal 0.14668 0.98895 0.0215251
    outer loop
      vertex -15.5026 -77.9369 162
      vertex -10.7775 -77.1816 95.1
      vertex -15.2213 -76.5225 95.1
    endloop
  endfacet
  facet normal -0.856917 -0.515005 0.0215274
    outer loop
      vertex 63.1921 42.1674 0
      vertex 66.0717 44.1477 162
      vertex 63.168 42.2075 0
    endloop
  endfacet
  facet normal -0.857529 -0.513985 0.0215258
    outer loop
      vertex 66.0717 44.1477 162
      vertex 63.1921 42.1674 0
      vertex 69.989 37.6121 162
    endloop
  endfacet
  facet normal -0.427746 -0.903642 0.0215256
    outer loop
      vertex 29.0731 70.1886 0
      vertex 30.5709 73.3386 162
      vertex 30.4095 73.415 162
    endloop
  endfacet
  facet normal -0.427463 -0.903776 0.0215256
    outer loop
      vertex 30.5709 73.3386 162
      vertex 29.0731 70.1886 0
      vertex 35.7705 67.0209 0
    endloop
  endfacet
  facet normal 0.145584 -0.989112 0.0215246
    outer loop
      vertex -14.7751 74.5186 0
      vertex -15.5026 77.9369 162
      vertex -14.8213 74.5118 0
    endloop
  endfacet
  facet normal 0.146692 -0.988948 0.0215262
    outer loop
      vertex -15.5026 77.9369 162
      vertex -14.7751 74.5186 0
      vertex -7.9654 79.0549 162
    endloop
  endfacet
  facet normal 0.243006 -0.969786 0.0215263
    outer loop
      vertex -22.0534 72.7002 0
      vertex -22.8939 76.0855 162
      vertex -23.0671 76.0421 162
    endloop
  endfacet
  facet normal 0.242927 -0.969806 0.0215263
    outer loop
      vertex -22.8939 76.0855 162
      vertex -22.0534 72.7002 0
      vertex -14.8667 74.5004 0
    endloop
  endfacet
  facet normal 0.988957 -0.14663 0.0215257
    outer loop
      vertex -77.0369 14.9665 117
      vertex -74.5118 14.8213 0
      vertex -76.9978 15.3158 117.583
    endloop
  endfacet
  facet normal 0.988948 -0.146689 0.0215256
    outer loop
      vertex -77.1621 13.9142 115.581
      vertex -74.5118 14.8213 0
      vertex -77.0369 14.9665 117
    endloop
  endfacet
  facet normal 0.988945 -0.146713 0.0215253
    outer loop
      vertex -77.3096 12.7279 114.272
      vertex -74.5118 14.8213 0
      vertex -77.1621 13.9142 115.581
    endloop
  endfacet
  facet normal 0.98895 -0.146677 0.0215261
    outer loop
      vertex -77.4779 11.4191 113.086
      vertex -74.5118 14.8213 0
      vertex -77.3096 12.7279 114.272
    endloop
  endfacet
  facet normal 0.988944 -0.146721 0.0215246
    outer loop
      vertex -77.6571 10.0638 112.081
      vertex -74.5118 14.8213 0
      vertex -77.4779 11.4191 113.086
    endloop
  endfacet
  facet normal 0.989111 -0.145583 0.0215776
    outer loop
      vertex -74.5118 14.8213 0
      vertex -77.6571 10.0638 112.081
      vertex -74.5186 14.7751 0
    endloop
  endfacet
  facet normal 0.988924 -0.146854 0.0215273
    outer loop
      vertex -77.9369 15.5026 162
      vertex -77.4723 14.9665 137
      vertex -77.3932 15.3945 136.286
    endloop
  endfacet
  facet normal 0.988958 -0.146626 0.021523
    outer loop
      vertex -77.9369 15.5026 162
      vertex -77.6592 13.9142 138.419
      vertex -77.4723 14.9665 137
    endloop
  endfacet
  facet normal 0.988943 -0.146723 0.0215294
    outer loop
      vertex -77.9369 15.5026 162
      vertex -77.8637 12.7279 139.728
      vertex -77.6592 13.9142 138.419
    endloop
  endfacet
  facet normal 0.988943 -0.146725 0.0215296
    outer loop
      vertex -77.9369 15.5026 162
      vertex -78.0837 11.4191 140.914
      vertex -77.8637 12.7279 139.728
    endloop
  endfacet
  facet normal 0.988952 -0.146663 0.0215177
    outer loop
      vertex -77.9369 15.5026 162
      vertex -78.317 10.0003 141.966
      vertex -78.0837 11.4191 140.914
    endloop
  endfacet
  facet normal 0.988945 -0.146708 0.0215301
    outer loop
      vertex -77.9369 15.5026 162
      vertex -78.5145 8.77669 142.7
      vertex -78.317 10.0003 141.966
    endloop
  endfacet
  facet normal 0.988948 -0.146692 0.0215243
    outer loop
      vertex -78.5145 8.77669 142.7
      vertex -77.9369 15.5026 162
      vertex -79.0549 7.9654 162
    endloop
  endfacet
  facet normal -0.988947 0.146696 0.0215263
    outer loop
      vertex 75.6057 -7.44651 0
      vertex 76.9828 -11.076 88
      vertex 77.4936 -7.63245 88
    endloop
  endfacet
  facet normal -0.988947 0.146697 0.0215263
    outer loop
      vertex 76.9828 -11.076 88
      vertex 75.6057 -7.44651 0
      vertex 74.5186 -14.7751 0
    endloop
  endfacet
  facet normal -0.988943 0.146726 0.0215246
    outer loop
      vertex 78.6783 -7.74914 143.223
      vertex 79.0549 -7.9654 162
      vertex 79.0811 -7.78881 162
    endloop
  endfacet
  facet normal -0.988938 0.146763 0.0215249
    outer loop
      vertex 78.5615 -8.48514 142.875
      vertex 79.0549 -7.9654 162
      vertex 78.6783 -7.74914 143.223
    endloop
  endfacet
  facet normal -0.988976 0.146505 0.0215329
    outer loop
      vertex 79.0549 -7.9654 162
      vertex 78.5615 -8.48514 142.875
      vertex 78.5145 -8.77669 142.7
    endloop
  endfacet
  facet normal -0.969665 0.243484 0.0215532
    outer loop
      vertex 75.0303 -17.55 54.1529
      vertex 74.5118 -14.8213 0
      vertex 74.5004 -14.8667 0
    endloop
  endfacet
  facet normal -0.96981 0.24291 0.0215258
    outer loop
      vertex 74.5118 -14.8213 0
      vertex 75.1157 -17.55 58
      vertex 76.9978 -15.3158 117.583
    endloop
  endfacet
  facet normal -0.969738 0.243198 0.0215127
    outer loop
      vertex 75.0679 -17.7406 58
      vertex 76.9978 -15.3158 117.583
      vertex 75.1157 -17.55 58
    endloop
  endfacet
  facet normal -0.969801 0.242947 0.021525
    outer loop
      vertex 76.9978 -15.3158 117.583
      vertex 75.0679 -17.7406 58
      vertex 76.8785 -15.8746 118.515
    endloop
  endfacet
  facet normal -0.969797 0.242961 0.0215281
    outer loop
      vertex 74.5118 -14.8213 0
      vertex 75.0303 -17.55 54.1529
      vertex 75.1157 -17.55 58
    endloop
  endfacet
  facet normal -0.969812 0.2429 0.0215267
    outer loop
      vertex 76.8785 -15.8746 118.515
      vertex 75.0679 -17.7406 58
      vertex 76.7248 -16.6298 120.112
    endloop
  endfacet
  facet normal -0.969789 0.242994 0.0215244
    outer loop
      vertex 76.7248 -16.6298 120.112
      vertex 75.0679 -17.7406 58
      vertex 76.6126 -17.2249 121.775
    endloop
  endfacet
  facet normal -0.969852 0.242743 0.021528
    outer loop
      vertex 76.6126 -17.2249 121.775
      vertex 75.0679 -17.7406 58
      vertex 76.5432 -17.6541 123.488
    endloop
  endfacet
  facet normal -0.969742 0.243182 0.0215249
    outer loop
      vertex 75.0679 -17.7406 58
      vertex 76.517 -17.9133 125.236
      vertex 76.5432 -17.6541 123.488
    endloop
  endfacet
  facet normal -0.96981 0.242911 0.0215257
    outer loop
      vertex 76.0855 -22.8939 162
      vertex 76.517 -17.9133 125.236
      vertex 75.0679 -17.7406 58
    endloop
  endfacet
  facet normal -0.969715 0.243286 0.0215776
    outer loop
      vertex 76.517 -17.9133 125.236
      vertex 76.0855 -22.8939 162
      vertex 76.5345 -18 127
    endloop
  endfacet
  facet normal -0.969819 0.242873 0.0215125
    outer loop
      vertex 76.0855 -22.8939 162
      vertex 77.3932 -15.3945 136.286
      vertex 77.2552 -15.8746 135.485
    endloop
  endfacet
  facet normal -0.96981 0.242912 0.0215231
    outer loop
      vertex 76.0855 -22.8939 162
      vertex 77.2552 -15.8746 135.485
      vertex 77.0306 -16.6298 133.888
    endloop
  endfacet
  facet normal -0.969801 0.242946 0.0215309
    outer loop
      vertex 76.0855 -22.8939 162
      vertex 77.0306 -16.6298 133.888
      vertex 76.8446 -17.2249 132.225
    endloop
  endfacet
  facet normal -0.969816 0.242885 0.021519
    outer loop
      vertex 76.0855 -22.8939 162
      vertex 76.8446 -17.2249 132.225
      vertex 76.6991 -17.6541 130.512
    endloop
  endfacet
  facet normal -0.969775 0.243049 0.0215471
    outer loop
      vertex 76.0855 -22.8939 162
      vertex 76.6991 -17.6541 130.512
      vertex 76.5953 -17.9133 128.764
    endloop
  endfacet
  facet normal -0.969807 0.242921 0.0215269
    outer loop
      vertex 77.3932 -15.3945 136.286
      vertex 76.0855 -22.8939 162
      vertex 77.9369 -15.5026 162
    endloop
  endfacet
  facet normal -0.969856 0.24273 0.021498
    outer loop
      vertex 76.0855 -22.8939 162
      vertex 76.5953 -17.9133 128.764
      vertex 76.5345 -18 127
    endloop
  endfacet
  facet normal -0.803018 0.595567 0.0215263
    outer loop
      vertex 58.7268 -48.1958 0
      vertex 61.5327 -50.2679 162
      vertex 63.1402 -42.2451 0
    endloop
  endfacet
  facet normal -0.802895 0.595732 0.0215263
    outer loop
      vertex 61.5327 -50.2679 162
      vertex 58.7268 -48.1958 0
      vertex 61.4263 -50.4113 162
    endloop
  endfacet
  facet normal -0.741313 0.670814 0.0215269
    outer loop
      vertex 58.6954 -48.2305 0
      vertex 61.4263 -50.4113 162
      vertex 58.7268 -48.1958 0
    endloop
  endfacet
  facet normal -0.740783 0.671399 0.0215259
    outer loop
      vertex 61.4263 -50.4113 162
      vertex 58.6954 -48.2305 0
      vertex 56.3093 -56.0571 162
    endloop
  endfacet
  facet normal -0.903441 0.428171 0.0215272
    outer loop
      vertex 70.0808 -37.459 162
      vertex 67.0209 -35.7705 0
      vertex 67.0009 -35.8127 0
    endloop
  endfacet
  facet normal -0.903781 0.427453 0.0215261
    outer loop
      vertex 67.0209 -35.7705 0
      vertex 70.0808 -37.459 162
      vertex 73.3386 -30.5709 162
    endloop
  endfacet
  facet normal -0.242927 0.969806 0.0215266
    outer loop
      vertex 22.0534 -72.7002 0
      vertex 15.8577 -74.6961 20
      vertex 22.1785 -73.1128 20
    endloop
  endfacet
  facet normal -0.242927 0.969806 0.0215266
    outer loop
      vertex 15.8577 -74.6961 20
      vertex 22.0534 -72.7002 0
      vertex 14.8667 -74.5004 0
    endloop
  endfacet
  facet normal -0.243006 0.969786 0.0215258
    outer loop
      vertex 22.5853 -74.4537 85
      vertex 22.8939 -76.0855 162
      vertex 23.0671 -76.0421 162
    endloop
  endfacet
  facet normal -0.242922 0.969807 0.0215259
    outer loop
      vertex 22.8939 -76.0855 162
      vertex 22.5853 -74.4537 85
      vertex 19.0785 -75.3321 85
    endloop
  endfacet
  facet normal -0.595557 0.803025 0.0215258
    outer loop
      vertex 42.2451 -63.1402 0
      vertex 44.1477 -66.0717 162
      vertex 50.2679 -61.5327 162
    endloop
  endfacet
  facet normal -0.594374 0.803901 0.0215277
    outer loop
      vertex 44.1477 -66.0717 162
      vertex 42.2451 -63.1402 0
      vertex 42.2075 -63.168 0
    endloop
  endfacet
  facet normal -0.336794 0.941332 0.0215243
    outer loop
      vertex 22.0974 -72.6845 0
      vertex 22.1785 -73.1128 20
      vertex 23.1028 -72.7821 20
    endloop
  endfacet
  facet normal -0.335987 0.94162 0.0215272
    outer loop
      vertex 22.1785 -73.1128 20
      vertex 22.0974 -72.6845 0
      vertex 22.0534 -72.7002 0
    endloop
  endfacet
  facet normal -0.336811 0.941326 0.0215261
    outer loop
      vertex 26.3705 -73.0993 85
      vertex 23.0671 -76.0421 162
      vertex 30.2414 -73.4751 162
    endloop
  endfacet
  facet normal -0.336819 0.941323 0.0215257
    outer loop
      vertex 23.0671 -76.0421 162
      vertex 26.3705 -73.0993 85
      vertex 22.5853 -74.4537 85
    endloop
  endfacet
  facet normal 0.969802 0.242941 0.0215261
    outer loop
      vertex -74.3642 -20.55 58
      vertex -72.7002 -22.0534 0
      vertex -73.1434 -20.55 3
    endloop
  endfacet
  facet normal 0.969808 0.242918 0.021526
    outer loop
      vertex -76.0855 -22.8939 162
      vertex -74.3642 -20.55 58
      vertex -75.0679 -17.7406 58
    endloop
  endfacet
  facet normal 0.969786 0.243006 0.0215276
    outer loop
      vertex -76.0421 -23.0671 162
      vertex -74.3642 -20.55 58
      vertex -76.0855 -22.8939 162
    endloop
  endfacet
  facet normal 0.969803 0.242937 0.0215262
    outer loop
      vertex -74.3642 -20.55 58
      vertex -76.0421 -23.0671 162
      vertex -72.7002 -22.0534 0
    endloop
  endfacet
  facet normal 0.96981 0.242909 0.0215261
    outer loop
      vertex -73.8949 -17.55 3
      vertex -74.5004 -14.8667 0
      vertex -75.0303 -17.55 54.1529
    endloop
  endfacet
  facet normal 0.969803 0.242936 0.0215291
    outer loop
      vertex -72.7002 -22.0534 0
      vertex -73.8949 -17.55 3
      vertex -73.1434 -20.55 3
    endloop
  endfacet
  facet normal 0.969805 0.242927 0.021543
    outer loop
      vertex -73.8949 -17.55 3
      vertex -72.7002 -22.0534 0
      vertex -74.5004 -14.8667 0
    endloop
  endfacet
  facet normal 0.335987 0.94162 0.0215272
    outer loop
      vertex -22.0974 -72.6845 0
      vertex -22.1785 -73.1128 20
      vertex -22.0534 -72.7002 0
    endloop
  endfacet
  facet normal 0.336794 0.941332 0.0215243
    outer loop
      vertex -22.1785 -73.1128 20
      vertex -22.0974 -72.6845 0
      vertex -23.1028 -72.7821 20
    endloop
  endfacet
  facet normal 0.336819 0.941323 0.0215257
    outer loop
      vertex -26.3705 -73.0993 85
      vertex -23.0671 -76.0421 162
      vertex -22.5853 -74.4537 85
    endloop
  endfacet
  facet normal 0.336811 0.941326 0.0215261
    outer loop
      vertex -23.0671 -76.0421 162
      vertex -26.3705 -73.0993 85
      vertex -30.2414 -73.4751 162
    endloop
  endfacet
  facet normal 0.903642 0.427746 0.0215256
    outer loop
      vertex -73.3386 -30.5709 162
      vertex -70.1886 -29.0731 0
      vertex -73.415 -30.4095 162
    endloop
  endfacet
  facet normal 0.903776 0.427463 0.0215256
    outer loop
      vertex -70.1886 -29.0731 0
      vertex -73.3386 -30.5709 162
      vertex -67.0209 -35.7705 0
    endloop
  endfacet
  facet normal 0.941328 0.336806 0.0215257
    outer loop
      vertex -73.4751 -30.2414 162
      vertex -70.1886 -29.0731 0
      vertex -72.6845 -22.0974 0
    endloop
  endfacet
  facet normal 0.94141 0.336578 0.0215257
    outer loop
      vertex -70.1886 -29.0731 0
      vertex -73.4751 -30.2414 162
      vertex -73.415 -30.4095 162
    endloop
  endfacet
  facet normal 0.0491898 0.998558 0.0215239
    outer loop
      vertex -0.0466902 -75.9693 0
      vertex 0 -76.4027 20
      vertex 0 -75.9716 0
    endloop
  endfacet
  facet normal 0.0490882 0.998562 0.0215243
    outer loop
      vertex 0 -76.4027 20
      vertex -0.0466902 -75.9693 0
      vertex -0.980494 -76.3545 20
    endloop
  endfacet
  facet normal 0.0490657 0.998564 0.021519
    outer loop
      vertex -4.01536 -77.6066 85
      vertex 0 -77.9763 93
      vertex 0 -77.8039 85
    endloop
  endfacet
  facet normal 0.0490536 0.998564 0.0215252
    outer loop
      vertex 0 -77.9763 93
      vertex -4.01536 -77.6066 85
      vertex -4.38888 -77.7607 93
    endloop
  endfacet
  facet normal 0.0489593 0.998569 0.0215267
    outer loop
      vertex -0.441076 -78.3746 112.478
      vertex 0 -79.4638 162
      vertex 0 -78.3967 112.5
    endloop
  endfacet
  facet normal 0.0490589 0.998564 0.0215257
    outer loop
      vertex 0 -79.4638 162
      vertex -0.441076 -78.3746 112.478
      vertex -7.6105 -79.0899 162
    endloop
  endfacet
  facet normal 0.049191 0.998557 0.0215447
    outer loop
      vertex -0.877906 -78.3517 112.414
      vertex -7.6105 -79.0899 162
      vertex -0.441076 -78.3746 112.478
    endloop
  endfacet
  facet normal 0.0488925 0.998573 0.0215044
    outer loop
      vertex -1.30628 -78.3284 112.306
      vertex -7.6105 -79.0899 162
      vertex -0.877906 -78.3517 112.414
    endloop
  endfacet
  facet normal 0.0491977 0.998557 0.0215429
    outer loop
      vertex -1.72207 -78.3047 112.157
      vertex -7.6105 -79.0899 162
      vertex -1.30628 -78.3284 112.306
    endloop
  endfacet
  facet normal 0.0491397 0.99856 0.0215361
    outer loop
      vertex -2.12128 -78.281 111.969
      vertex -7.6105 -79.0899 162
      vertex -1.72207 -78.3047 112.157
    endloop
  endfacet
  facet normal 0.0490503 0.998564 0.0215264
    outer loop
      vertex -2.50007 -78.2575 111.742
      vertex -7.6105 -79.0899 162
      vertex -2.12128 -78.281 111.969
    endloop
  endfacet
  facet normal 0.0490693 0.998563 0.0215283
    outer loop
      vertex -2.85477 -78.2344 111.479
      vertex -7.6105 -79.0899 162
      vertex -2.50007 -78.2575 111.742
    endloop
  endfacet
  facet normal 0.0488389 0.998575 0.0215068
    outer loop
      vertex -3.18198 -78.212 111.182
      vertex -7.6105 -79.0899 162
      vertex -2.85477 -78.2344 111.479
    endloop
  endfacet
  facet normal 0.0489995 0.998567 0.0215207
    outer loop
      vertex -3.47855 -78.1904 110.855
      vertex -7.6105 -79.0899 162
      vertex -3.18198 -78.212 111.182
    endloop
  endfacet
  facet normal 0.0491391 0.99856 0.0215318
    outer loop
      vertex -3.74161 -78.1698 110.5
      vertex -7.6105 -79.0899 162
      vertex -3.47855 -78.1904 110.855
    endloop
  endfacet
  facet normal 0.0489638 0.998569 0.0215188
    outer loop
      vertex -3.96865 -78.1505 110.121
      vertex -7.6105 -79.0899 162
      vertex -3.74161 -78.1698 110.5
    endloop
  endfacet
  facet normal 0.049164 0.998559 0.0215327
    outer loop
      vertex -4.15746 -78.1326 109.722
      vertex -7.6105 -79.0899 162
      vertex -3.96865 -78.1505 110.121
    endloop
  endfacet
  facet normal 0.0491911 0.998557 0.0215344
    outer loop
      vertex -4.30623 -78.1163 109.306
      vertex -7.6105 -79.0899 162
      vertex -4.15746 -78.1326 109.722
    endloop
  endfacet
  facet normal 0.0490731 0.998563 0.0215272
    outer loop
      vertex -4.41353 -78.1018 108.878
      vertex -7.6105 -79.0899 162
      vertex -4.30623 -78.1163 109.306
    endloop
  endfacet
  facet normal 0.0490139 0.998566 0.0215236
    outer loop
      vertex -4.47833 -78.0892 108.441
      vertex -7.6105 -79.0899 162
      vertex -4.41353 -78.1018 108.878
    endloop
  endfacet
  facet normal 0.04966 0.998533 0.0215608
    outer loop
      vertex -4.5 -78.0786 108
      vertex -7.6105 -79.0899 162
      vertex -4.47833 -78.0892 108.441
    endloop
  endfacet
  facet normal 0.0509608 0.998469 0.0215226
    outer loop
      vertex -4.48693 -77.8012 95.1
      vertex -4.5 -78.0786 108
      vertex -4.47833 -78.0702 107.559
    endloop
  endfacet
  facet normal 0.049069 0.998563 0.0215286
    outer loop
      vertex 0 -78.0216 95.1
      vertex -0.441076 -78.1815 103.522
      vertex 0 -78.2027 103.5
    endloop
  endfacet
  facet normal 0.0491015 0.998562 0.0215302
    outer loop
      vertex 0 -78.0216 95.1
      vertex -0.877906 -78.1614 103.586
      vertex -0.441076 -78.1815 103.522
    endloop
  endfacet
  facet normal 0.0490168 0.998566 0.0215215
    outer loop
      vertex 0 -78.0216 95.1
      vertex -1.30628 -78.1427 103.694
      vertex -0.877906 -78.1614 103.586
    endloop
  endfacet
  facet normal 0.0490499 0.998564 0.0215265
    outer loop
      vertex -4.48693 -77.8012 95.1
      vertex -1.30628 -78.1427 103.694
      vertex 0 -78.0216 95.1
    endloop
  endfacet
  facet normal 0.0490251 0.998565 0.0215358
    outer loop
      vertex -1.30628 -78.1427 103.694
      vertex -4.48693 -77.8012 95.1
      vertex -1.72207 -78.1255 103.843
    endloop
  endfacet
  facet normal 0.0491448 0.99856 0.0214977
    outer loop
      vertex -1.72207 -78.1255 103.843
      vertex -4.48693 -77.8012 95.1
      vertex -2.12128 -78.1099 104.031
    endloop
  endfacet
  facet normal 0.0490191 0.998566 0.0215312
    outer loop
      vertex -2.12128 -78.1099 104.031
      vertex -4.48693 -77.8012 95.1
      vertex -2.50007 -78.0962 104.258
    endloop
  endfacet
  facet normal 0.0489194 0.99857 0.021553
    outer loop
      vertex -2.50007 -78.0962 104.258
      vertex -4.48693 -77.8012 95.1
      vertex -2.85477 -78.0845 104.521
    endloop
  endfacet
  facet normal 0.0491314 0.998561 0.021516
    outer loop
      vertex -2.85477 -78.0845 104.521
      vertex -4.48693 -77.8012 95.1
      vertex -3.18198 -78.0748 104.818
    endloop
  endfacet
  facet normal 0.0489967 0.998567 0.0215342
    outer loop
      vertex -3.18198 -78.0748 104.818
      vertex -4.48693 -77.8012 95.1
      vertex -3.47855 -78.0673 105.145
    endloop
  endfacet
  facet normal 0.049157 0.998559 0.0215179
    outer loop
      vertex -3.47855 -78.0673 105.145
      vertex -4.48693 -77.8012 95.1
      vertex -3.74161 -78.062 105.5
    endloop
  endfacet
  facet normal 0.0491192 0.998561 0.0215207
    outer loop
      vertex -3.74161 -78.062 105.5
      vertex -4.48693 -77.8012 95.1
      vertex -3.96865 -78.059 105.879
    endloop
  endfacet
  facet normal 0.0489872 0.998567 0.0215227
    outer loop
      vertex -4.5 -78.0786 108
      vertex -4.48693 -77.8012 95.1
      vertex -7.6105 -79.0899 162
    endloop
  endfacet
  facet normal 0.0480914 0.998611 0.0215276
    outer loop
      vertex -4.41353 -78.0639 107.122
      vertex -4.48693 -77.8012 95.1
      vertex -4.47833 -78.0702 107.559
    endloop
  endfacet
  facet normal 0.0495348 0.998541 0.0215173
    outer loop
      vertex -4.30623 -78.06 106.694
      vertex -4.48693 -77.8012 95.1
      vertex -4.41353 -78.0639 107.122
    endloop
  endfacet
  facet normal 0.0487918 0.998577 0.0215297
    outer loop
      vertex -4.15746 -78.0583 106.278
      vertex -4.48693 -77.8012 95.1
      vertex -4.30623 -78.06 106.694
    endloop
  endfacet
  facet normal 0.0491746 0.998558 0.021518
    outer loop
      vertex -3.96865 -78.059 105.879
      vertex -4.48693 -77.8012 95.1
      vertex -4.15746 -78.0583 106.278
    endloop
  endfacet
  facet normal -0.0490882 0.998562 0.0215243
    outer loop
      vertex 0.0466902 -75.9693 0
      vertex 0 -76.4027 20
      vertex 0.980494 -76.3545 20
    endloop
  endfacet
  facet normal -0.0491898 0.998558 0.0215239
    outer loop
      vertex 0 -76.4027 20
      vertex 0.0466902 -75.9693 0
      vertex 0 -75.9716 0
    endloop
  endfacet
  facet normal -0.0490536 0.998564 0.0215252
    outer loop
      vertex 4.01536 -77.6066 85
      vertex 0 -77.9763 93
      vertex 4.38888 -77.7607 93
    endloop
  endfacet
  facet normal -0.0490657 0.998564 0.021519
    outer loop
      vertex 0 -77.9763 93
      vertex 4.01536 -77.6066 85
      vertex 0 -77.8039 85
    endloop
  endfacet
  facet normal -0.0490589 0.998564 0.0215257
    outer loop
      vertex 0.441076 -78.3746 112.478
      vertex 0 -79.4638 162
      vertex 7.6105 -79.0899 162
    endloop
  endfacet
  facet normal -0.0489593 0.998569 0.0215267
    outer loop
      vertex 0 -79.4638 162
      vertex 0.441076 -78.3746 112.478
      vertex 0 -78.3967 112.5
    endloop
  endfacet
  facet normal -0.049191 0.998557 0.0215447
    outer loop
      vertex 7.6105 -79.0899 162
      vertex 0.877906 -78.3517 112.414
      vertex 0.441076 -78.3746 112.478
    endloop
  endfacet
  facet normal -0.0488925 0.998573 0.0215044
    outer loop
      vertex 7.6105 -79.0899 162
      vertex 1.30628 -78.3284 112.306
      vertex 0.877906 -78.3517 112.414
    endloop
  endfacet
  facet normal -0.0491977 0.998557 0.0215429
    outer loop
      vertex 7.6105 -79.0899 162
      vertex 1.72207 -78.3047 112.157
      vertex 1.30628 -78.3284 112.306
    endloop
  endfacet
  facet normal -0.0491397 0.99856 0.0215361
    outer loop
      vertex 7.6105 -79.0899 162
      vertex 2.12128 -78.281 111.969
      vertex 1.72207 -78.3047 112.157
    endloop
  endfacet
  facet normal -0.0490503 0.998564 0.0215264
    outer loop
      vertex 7.6105 -79.0899 162
      vertex 2.50007 -78.2575 111.742
      vertex 2.12128 -78.281 111.969
    endloop
  endfacet
  facet normal -0.0490693 0.998563 0.0215283
    outer loop
      vertex 7.6105 -79.0899 162
      vertex 2.85477 -78.2344 111.479
      vertex 2.50007 -78.2575 111.742
    endloop
  endfacet
  facet normal -0.0488389 0.998575 0.0215068
    outer loop
      vertex 7.6105 -79.0899 162
      vertex 3.18198 -78.212 111.182
      vertex 2.85477 -78.2344 111.479
    endloop
  endfacet
  facet normal -0.0489995 0.998567 0.0215207
    outer loop
      vertex 7.6105 -79.0899 162
      vertex 3.47855 -78.1904 110.855
      vertex 3.18198 -78.212 111.182
    endloop
  endfacet
  facet normal -0.0491391 0.99856 0.0215318
    outer loop
      vertex 7.6105 -79.0899 162
      vertex 3.74161 -78.1698 110.5
      vertex 3.47855 -78.1904 110.855
    endloop
  endfacet
  facet normal -0.0489638 0.998569 0.0215188
    outer loop
      vertex 7.6105 -79.0899 162
      vertex 3.96865 -78.1505 110.121
      vertex 3.74161 -78.1698 110.5
    endloop
  endfacet
  facet normal -0.049164 0.998559 0.0215327
    outer loop
      vertex 7.6105 -79.0899 162
      vertex 4.15746 -78.1326 109.722
      vertex 3.96865 -78.1505 110.121
    endloop
  endfacet
  facet normal -0.0491911 0.998557 0.0215344
    outer loop
      vertex 7.6105 -79.0899 162
      vertex 4.30623 -78.1163 109.306
      vertex 4.15746 -78.1326 109.722
    endloop
  endfacet
  facet normal -0.0490731 0.998563 0.0215272
    outer loop
      vertex 7.6105 -79.0899 162
      vertex 4.41353 -78.1018 108.878
      vertex 4.30623 -78.1163 109.306
    endloop
  endfacet
  facet normal -0.0490139 0.998566 0.0215236
    outer loop
      vertex 7.6105 -79.0899 162
      vertex 4.47833 -78.0892 108.441
      vertex 4.41353 -78.1018 108.878
    endloop
  endfacet
  facet normal -0.04966 0.998533 0.0215608
    outer loop
      vertex 7.6105 -79.0899 162
      vertex 4.5 -78.0786 108
      vertex 4.47833 -78.0892 108.441
    endloop
  endfacet
  facet normal -0.0489872 0.998567 0.0215227
    outer loop
      vertex 4.48693 -77.8012 95.1
      vertex 4.5 -78.0786 108
      vertex 7.6105 -79.0899 162
    endloop
  endfacet
  facet normal -0.0509608 0.998469 0.0215226
    outer loop
      vertex 4.5 -78.0786 108
      vertex 4.48693 -77.8012 95.1
      vertex 4.47833 -78.0702 107.559
    endloop
  endfacet
  facet normal -0.0480914 0.998611 0.0215276
    outer loop
      vertex 4.48693 -77.8012 95.1
      vertex 4.41353 -78.0639 107.122
      vertex 4.47833 -78.0702 107.559
    endloop
  endfacet
  facet normal -0.0495348 0.998541 0.0215173
    outer loop
      vertex 4.48693 -77.8012 95.1
      vertex 4.30623 -78.06 106.694
      vertex 4.41353 -78.0639 107.122
    endloop
  endfacet
  facet normal -0.0487918 0.998577 0.0215297
    outer loop
      vertex 4.48693 -77.8012 95.1
      vertex 4.15746 -78.0583 106.278
      vertex 4.30623 -78.06 106.694
    endloop
  endfacet
  facet normal -0.0491746 0.998558 0.021518
    outer loop
      vertex 4.48693 -77.8012 95.1
      vertex 3.96865 -78.059 105.879
      vertex 4.15746 -78.0583 106.278
    endloop
  endfacet
  facet normal -0.0491192 0.998561 0.0215207
    outer loop
      vertex 4.48693 -77.8012 95.1
      vertex 3.74161 -78.062 105.5
      vertex 3.96865 -78.059 105.879
    endloop
  endfacet
  facet normal -0.049157 0.998559 0.0215179
    outer loop
      vertex 4.48693 -77.8012 95.1
      vertex 3.47855 -78.0673 105.145
      vertex 3.74161 -78.062 105.5
    endloop
  endfacet
  facet normal -0.0489967 0.998567 0.0215342
    outer loop
      vertex 4.48693 -77.8012 95.1
      vertex 3.18198 -78.0748 104.818
      vertex 3.47855 -78.0673 105.145
    endloop
  endfacet
  facet normal -0.0491314 0.998561 0.021516
    outer loop
      vertex 4.48693 -77.8012 95.1
      vertex 2.85477 -78.0845 104.521
      vertex 3.18198 -78.0748 104.818
    endloop
  endfacet
  facet normal -0.0489194 0.99857 0.021553
    outer loop
      vertex 4.48693 -77.8012 95.1
      vertex 2.50007 -78.0962 104.258
      vertex 2.85477 -78.0845 104.521
    endloop
  endfacet
  facet normal -0.0490191 0.998566 0.0215312
    outer loop
      vertex 4.48693 -77.8012 95.1
      vertex 2.12128 -78.1099 104.031
      vertex 2.50007 -78.0962 104.258
    endloop
  endfacet
  facet normal -0.0491448 0.99856 0.0214977
    outer loop
      vertex 4.48693 -77.8012 95.1
      vertex 1.72207 -78.1255 103.843
      vertex 2.12128 -78.1099 104.031
    endloop
  endfacet
  facet normal -0.0490251 0.998565 0.0215358
    outer loop
      vertex 4.48693 -77.8012 95.1
      vertex 1.30628 -78.1427 103.694
      vertex 1.72207 -78.1255 103.843
    endloop
  endfacet
  facet normal -0.0490207 0.998566 0.0215374
    outer loop
      vertex 4.48693 -77.8012 95.1
      vertex 0.877906 -78.1614 103.586
      vertex 1.30628 -78.1427 103.694
    endloop
  endfacet
  facet normal -0.0490499 0.998564 0.0215249
    outer loop
      vertex 0 -78.0216 95.1
      vertex 0.877906 -78.1614 103.586
      vertex 4.48693 -77.8012 95.1
    endloop
  endfacet
  facet normal -0.0491015 0.998562 0.0215302
    outer loop
      vertex 0.877906 -78.1614 103.586
      vertex 0 -78.0216 95.1
      vertex 0.441076 -78.1815 103.522
    endloop
  endfacet
  facet normal -0.049069 0.998563 0.0215286
    outer loop
      vertex 0.441076 -78.1815 103.522
      vertex 0 -78.0216 95.1
      vertex 0 -78.2027 103.5
    endloop
  endfacet
  facet normal -0.514129 -0.857442 0.0215262
    outer loop
      vertex 35.8127 67.0009 0
      vertex 37.6121 69.989 162
      vertex 37.459 70.0808 162
    endloop
  endfacet
  facet normal -0.513978 -0.857533 0.0215262
    outer loop
      vertex 37.6121 69.989 162
      vertex 35.8127 67.0009 0
      vertex 42.1674 63.1921 0
    endloop
  endfacet
  facet normal -0.146692 -0.988948 0.0215262
    outer loop
      vertex 14.7751 74.5186 0
      vertex 15.5026 77.9369 162
      vertex 7.9654 79.0549 162
    endloop
  endfacet
  facet normal -0.145584 -0.989112 0.0215246
    outer loop
      vertex 15.5026 77.9369 162
      vertex 14.7751 74.5186 0
      vertex 14.8213 74.5118 0
    endloop
  endfacet
  facet normal 0.671399 -0.740783 0.0215259
    outer loop
      vertex -48.2305 58.6954 0
      vertex -50.4113 61.4263 162
      vertex -56.0571 56.3093 162
    endloop
  endfacet
  facet normal 0.670814 -0.741313 0.0215269
    outer loop
      vertex -50.4113 61.4263 162
      vertex -48.2305 58.6954 0
      vertex -48.1958 58.7268 0
    endloop
  endfacet
  facet normal 0.336578 -0.94141 0.0215257
    outer loop
      vertex -29.0731 70.1886 0
      vertex -30.2414 73.4751 162
      vertex -30.4095 73.415 162
    endloop
  endfacet
  facet normal 0.336806 -0.941328 0.0215257
    outer loop
      vertex -30.2414 73.4751 162
      vertex -29.0731 70.1886 0
      vertex -22.0974 72.6845 0
    endloop
  endfacet
  facet normal 0.428171 -0.903441 0.0215272
    outer loop
      vertex -35.7705 67.0209 0
      vertex -37.459 70.0808 162
      vertex -35.8127 67.0009 0
    endloop
  endfacet
  facet normal 0.427453 -0.903781 0.0215261
    outer loop
      vertex -37.459 70.0808 162
      vertex -35.7705 67.0209 0
      vertex -30.5709 73.3386 162
    endloop
  endfacet
  facet normal 0.998566 -0.0490186 0.0215283
    outer loop
      vertex -77.8194 1 88
      vertex -78.2365 1.76431 109.087
      vertex -78.2732 1 109.049
    endloop
  endfacet
  facet normal 0.998563 -0.0490814 0.0215305
    outer loop
      vertex -77.8194 1 88
      vertex -78.1562 3.51163 109.346
      vertex -78.2365 1.76431 109.087
    endloop
  endfacet
  facet normal 0.998563 -0.0490719 0.0215294
    outer loop
      vertex -77.8194 1 88
      vertex -78.0836 5.17148 109.762
      vertex -78.1562 3.51163 109.346
    endloop
  endfacet
  facet normal 0.998564 -0.049049 0.021525
    outer loop
      vertex -77.8194 1 88
      vertex -75.9693 0.0466902 0
      vertex -78.0836 5.17148 109.762
    endloop
  endfacet
  facet normal 0.99856 -0.0491292 0.0215258
    outer loop
      vertex -77.8686 0 88
      vertex -75.9693 0.0466902 0
      vertex -77.8194 1 88
    endloop
  endfacet
  facet normal 0.998557 -0.0491898 0.0215257
    outer loop
      vertex -75.9693 0.0466902 0
      vertex -77.8686 0 88
      vertex -75.9716 0 0
    endloop
  endfacet
  facet normal 0.998562 -0.0490866 0.0215307
    outer loop
      vertex -79.0899 7.6105 162
      vertex -78.8239 5.22512 144.225
      vertex -78.7369 6.75502 143.678
    endloop
  endfacet
  facet normal 0.998565 -0.0490414 0.0215246
    outer loop
      vertex -79.0899 7.6105 162
      vertex -78.9173 3.51163 144.654
      vertex -78.8239 5.22512 144.225
    endloop
  endfacet
  facet normal 0.998562 -0.0490981 0.021538
    outer loop
      vertex -79.0899 7.6105 162
      vertex -79.0088 1.76431 144.913
      vertex -78.9173 3.51163 144.654
    endloop
  endfacet
  facet normal 0.998564 -0.0490589 0.0215246
    outer loop
      vertex -79.4638 0 162
      vertex -79.0088 1.76431 144.913
      vertex -79.0899 7.6105 162
    endloop
  endfacet
  facet normal 0.998565 -0.0490277 0.0215279
    outer loop
      vertex -79.0088 1.76431 144.913
      vertex -79.4638 0 162
      vertex -79.0973 0 145
    endloop
  endfacet
  facet normal 0.998557 0.0491898 0.0215257
    outer loop
      vertex -77.8686 0 88
      vertex -75.9693 -0.0466902 0
      vertex -75.9716 0 0
    endloop
  endfacet
  facet normal 0.998563 0.0490699 0.0215259
    outer loop
      vertex -75.9693 -0.0466902 0
      vertex -77.8686 0 88
      vertex -77.6644 -4.15543 88
    endloop
  endfacet
  facet normal 0.998565 0.0490277 0.0215279
    outer loop
      vertex -79.4638 0 162
      vertex -79.0088 -1.76431 144.913
      vertex -79.0973 0 145
    endloop
  endfacet
  facet normal 0.998564 0.0490589 0.0215246
    outer loop
      vertex -79.0899 -7.6105 162
      vertex -79.0088 -1.76431 144.913
      vertex -79.4638 0 162
    endloop
  endfacet
  facet normal 0.998562 0.0490981 0.021538
    outer loop
      vertex -79.0088 -1.76431 144.913
      vertex -79.0899 -7.6105 162
      vertex -78.9173 -3.51163 144.654
    endloop
  endfacet
  facet normal 0.998565 0.0490414 0.0215246
    outer loop
      vertex -78.9173 -3.51163 144.654
      vertex -79.0899 -7.6105 162
      vertex -78.8239 -5.22512 144.225
    endloop
  endfacet
  facet normal 0.998562 0.0490866 0.0215307
    outer loop
      vertex -78.8239 -5.22512 144.225
      vertex -79.0899 -7.6105 162
      vertex -78.7369 -6.75502 143.678
    endloop
  endfacet
  facet normal -0.969805 0.242927 0.021543
    outer loop
      vertex 72.7002 -22.0534 0
      vertex 73.8949 -17.55 3
      vertex 74.5004 -14.8667 0
    endloop
  endfacet
  facet normal -0.969802 0.242941 0.0215261
    outer loop
      vertex 73.1434 -20.55 3
      vertex 72.7002 -22.0534 0
      vertex 74.3642 -20.55 58
    endloop
  endfacet
  facet normal -0.969803 0.242936 0.0215291
    outer loop
      vertex 73.8949 -17.55 3
      vertex 72.7002 -22.0534 0
      vertex 73.1434 -20.55 3
    endloop
  endfacet
  facet normal -0.96981 0.242909 0.0215261
    outer loop
      vertex 74.5004 -14.8667 0
      vertex 73.8949 -17.55 3
      vertex 75.0303 -17.55 54.1529
    endloop
  endfacet
  facet normal -0.969808 0.242918 0.021526
    outer loop
      vertex 74.3642 -20.55 58
      vertex 76.0855 -22.8939 162
      vertex 75.0679 -17.7406 58
    endloop
  endfacet
  facet normal -0.969803 0.242937 0.0215262
    outer loop
      vertex 76.0421 -23.0671 162
      vertex 74.3642 -20.55 58
      vertex 72.7002 -22.0534 0
    endloop
  endfacet
  facet normal -0.969786 0.243006 0.0215276
    outer loop
      vertex 74.3642 -20.55 58
      vertex 76.0421 -23.0671 162
      vertex 76.0855 -22.8939 162
    endloop
  endfacet
  facet normal -0.94162 0.335987 0.0215271
    outer loop
      vertex 72.6845 -22.0974 0
      vertex 76.0421 -23.0671 162
      vertex 72.7002 -22.0534 0
    endloop
  endfacet
  facet normal -0.941326 0.336811 0.0215259
    outer loop
      vertex 76.0421 -23.0671 162
      vertex 72.6845 -22.0974 0
      vertex 73.4751 -30.2414 162
    endloop
  endfacet
  facet normal -0.857442 0.514129 0.0215262
    outer loop
      vertex 67.0009 -35.8127 0
      vertex 69.989 -37.6121 162
      vertex 70.0808 -37.459 162
    endloop
  endfacet
  facet normal -0.857533 0.513978 0.0215262
    outer loop
      vertex 69.989 -37.6121 162
      vertex 67.0009 -35.8127 0
      vertex 63.1921 -42.1674 0
    endloop
  endfacet
  facet normal -0.856917 0.515005 0.0215274
    outer loop
      vertex 66.0717 -44.1477 162
      vertex 63.1921 -42.1674 0
      vertex 63.168 -42.2075 0
    endloop
  endfacet
  facet normal -0.857529 0.513985 0.0215258
    outer loop
      vertex 63.1921 -42.1674 0
      vertex 66.0717 -44.1477 162
      vertex 69.989 -37.6121 162
    endloop
  endfacet
  facet normal -0.146697 0.988947 0.021529
    outer loop
      vertex 7.44651 -75.6057 0
      vertex 13.9344 -75.0787 20
      vertex 14.7751 -74.5186 0
    endloop
  endfacet
  facet normal -0.146694 0.988948 0.0215278
    outer loop
      vertex 13.9344 -75.0787 20
      vertex 7.44651 -75.6057 0
      vertex 7.48877 -76.0348 20
    endloop
  endfacet
  facet normal -0.146683 0.988949 0.0215244
    outer loop
      vertex 7.62611 -77.4292 85
      vertex 10.8658 -77.1228 93
      vertex 11.2021 -76.8988 85
    endloop
  endfacet
  facet normal -0.14671 0.988945 0.0215353
    outer loop
      vertex 10.8658 -77.1228 93
      vertex 7.62611 -77.4292 85
      vertex 7.64302 -77.6009 93
    endloop
  endfacet
  facet normal -0.146697 0.988947 0.0215257
    outer loop
      vertex 7.64746 -77.6459 95.1
      vertex 7.9654 -79.0549 162
      vertex 10.7775 -77.1816 95.1
    endloop
  endfacet
  facet normal -0.146726 0.988943 0.0215257
    outer loop
      vertex 7.9654 -79.0549 162
      vertex 7.64746 -77.6459 95.1
      vertex 7.78881 -79.0811 162
    endloop
  endfacet
  facet normal -0.671399 0.740783 0.0215259
    outer loop
      vertex 48.2305 -58.6954 0
      vertex 50.4113 -61.4263 162
      vertex 56.0571 -56.3093 162
    endloop
  endfacet
  facet normal -0.670814 0.741313 0.0215269
    outer loop
      vertex 50.4113 -61.4263 162
      vertex 48.2305 -58.6954 0
      vertex 48.1958 -58.7268 0
    endloop
  endfacet
  facet normal -0.595732 0.802895 0.0215263
    outer loop
      vertex 48.1958 -58.7268 0
      vertex 50.2679 -61.5327 162
      vertex 50.4113 -61.4263 162
    endloop
  endfacet
  facet normal -0.595567 0.803018 0.0215263
    outer loop
      vertex 50.2679 -61.5327 162
      vertex 48.1958 -58.7268 0
      vertex 42.2451 -63.1402 0
    endloop
  endfacet
  facet normal -0.427467 0.903774 0.0215265
    outer loop
      vertex 35.7705 -67.0209 0
      vertex 35 -67.8617 20
      vertex 35 -67.9571 24.0053
    endloop
  endfacet
  facet normal -0.427463 0.903776 0.0215267
    outer loop
      vertex 29.0731 -70.1886 0
      vertex 35 -67.8617 20
      vertex 35.7705 -67.0209 0
    endloop
  endfacet
  facet normal -0.427453 0.903781 0.0215232
    outer loop
      vertex 35 -67.8617 20
      vertex 29.0731 -70.1886 0
      vertex 29.238 -70.5869 20
    endloop
  endfacet
  facet normal -0.427445 0.903785 0.021526
    outer loop
      vertex 29.7743 -71.8814 85
      vertex 30.5709 -73.3386 162
      vertex 33.0423 -70.3358 85
    endloop
  endfacet
  facet normal -0.427746 0.903642 0.0215264
    outer loop
      vertex 30.5709 -73.3386 162
      vertex 29.7743 -71.8814 85
      vertex 30.4095 -73.415 162
    endloop
  endfacet
  facet normal -0.242887 0.969816 0.0215247
    outer loop
      vertex 14.8667 -74.5004 0
      vertex 14.9054 -74.9346 20
      vertex 15.8577 -74.6961 20
    endloop
  endfacet
  facet normal -0.243484 0.969666 0.0215226
    outer loop
      vertex 14.9054 -74.9346 20
      vertex 14.8667 -74.5004 0
      vertex 14.8213 -74.5118 0
    endloop
  endfacet
  facet normal -0.242921 0.969807 0.0215268
    outer loop
      vertex 22.8939 -76.0855 162
      vertex 17.5 -76.5709 123
      vertex 15.5026 -77.9369 162
    endloop
  endfacet
  facet normal -0.242911 0.96981 0.0215254
    outer loop
      vertex 19.0785 -75.3321 85
      vertex 17.5 -76.5709 123
      vertex 22.8939 -76.0855 162
    endloop
  endfacet
  facet normal -0.242885 0.969816 0.0215267
    outer loop
      vertex 17.5 -76.5709 123
      vertex 19.0785 -75.3321 85
      vertex 17.5 -75.905 93
    endloop
  endfacet
  facet normal -0.242918 0.969808 0.0215196
    outer loop
      vertex 15.1788 -76.3089 85
      vertex 17.5 -75.905 93
      vertex 19.0785 -75.3321 85
    endloop
  endfacet
  facet normal -0.242958 0.969798 0.0215316
    outer loop
      vertex 17.5 -75.905 93
      vertex 15.1788 -76.3089 85
      vertex 15.2124 -76.4781 93
    endloop
  endfacet
  facet normal -0.242958 0.969798 0.0215246
    outer loop
      vertex 15.4 -77.097 123
      vertex 15.5026 -77.9369 162
      vertex 17.5 -76.5709 123
    endloop
  endfacet
  facet normal -0.242706 0.969861 0.0215253
    outer loop
      vertex 15.4 -77.097 123
      vertex 15.2213 -76.5225 95.1
      vertex 15.5026 -77.9369 162
    endloop
  endfacet
  facet normal -0.243118 0.969758 0.0215258
    outer loop
      vertex 15.2213 -76.5225 95.1
      vertex 15.4 -77.097 123
      vertex 15.4 -76.4777 95.1
    endloop
  endfacet
  facet normal -0.427453 0.903781 0.0215265
    outer loop
      vertex 37.459 -70.0808 162
      vertex 35 -69.4098 85
      vertex 30.5709 -73.3386 162
    endloop
  endfacet
  facet normal -0.427446 0.903784 0.0215264
    outer loop
      vertex 35.8127 -67.0009 0
      vertex 35 -69.4098 85
      vertex 37.459 -70.0808 162
    endloop
  endfacet
  facet normal -0.427539 0.903741 0.0215242
    outer loop
      vertex 35 -69.4098 85
      vertex 35.8127 -67.0009 0
      vertex 35 -67.9571 24.0053
    endloop
  endfacet
  facet normal -0.428172 0.903442 0.0214909
    outer loop
      vertex 35 -67.9571 24.0053
      vertex 35.8127 -67.0009 0
      vertex 35.7705 -67.0209 0
    endloop
  endfacet
  facet normal -0.427485 0.903766 0.0215239
    outer loop
      vertex 30.5709 -73.3386 162
      vertex 35 -69.4098 85
      vertex 33.0423 -70.3358 85
    endloop
  endfacet
  facet normal 0.988947 0.146696 0.0215263
    outer loop
      vertex -76.9828 -11.076 88
      vertex -75.6057 -7.44651 0
      vertex -77.4936 -7.63245 88
    endloop
  endfacet
  facet normal 0.988947 0.146697 0.0215263
    outer loop
      vertex -75.6057 -7.44651 0
      vertex -76.9828 -11.076 88
      vertex -74.5186 -14.7751 0
    endloop
  endfacet
  facet normal 0.988943 0.146726 0.0215246
    outer loop
      vertex -79.0549 -7.9654 162
      vertex -78.6783 -7.74914 143.223
      vertex -79.0811 -7.78881 162
    endloop
  endfacet
  facet normal 0.988938 0.146763 0.0215249
    outer loop
      vertex -79.0549 -7.9654 162
      vertex -78.5615 -8.48514 142.875
      vertex -78.6783 -7.74914 143.223
    endloop
  endfacet
  facet normal 0.988976 0.146505 0.0215329
    outer loop
      vertex -78.5615 -8.48514 142.875
      vertex -79.0549 -7.9654 162
      vertex -78.5145 -8.77669 142.7
    endloop
  endfacet
  facet normal 0.242927 0.969806 0.0215266
    outer loop
      vertex -22.0534 -72.7002 0
      vertex -15.8577 -74.6961 20
      vertex -14.8667 -74.5004 0
    endloop
  endfacet
  facet normal 0.242927 0.969806 0.0215266
    outer loop
      vertex -15.8577 -74.6961 20
      vertex -22.0534 -72.7002 0
      vertex -22.1785 -73.1128 20
    endloop
  endfacet
  facet normal 0.242922 0.969807 0.0215259
    outer loop
      vertex -22.5853 -74.4537 85
      vertex -22.8939 -76.0855 162
      vertex -19.0785 -75.3321 85
    endloop
  endfacet
  facet normal 0.243006 0.969786 0.0215258
    outer loop
      vertex -22.8939 -76.0855 162
      vertex -22.5853 -74.4537 85
      vertex -23.0671 -76.0421 162
    endloop
  endfacet
  facet normal 0.513985 0.857529 0.0215258
    outer loop
      vertex -42.1674 -63.1921 0
      vertex -44.1477 -66.0717 162
      vertex -37.6121 -69.989 162
    endloop
  endfacet
  facet normal 0.515005 0.856917 0.0215274
    outer loop
      vertex -44.1477 -66.0717 162
      vertex -42.1674 -63.1921 0
      vertex -42.2075 -63.168 0
    endloop
  endfacet
  facet normal 0.514129 0.857442 0.0215262
    outer loop
      vertex -35.8127 -67.0009 0
      vertex -37.6121 -69.989 162
      vertex -37.459 -70.0808 162
    endloop
  endfacet
  facet normal 0.513978 0.857533 0.0215262
    outer loop
      vertex -37.6121 -69.989 162
      vertex -35.8127 -67.0009 0
      vertex -42.1674 -63.1921 0
    endloop
  endfacet
  facet normal 0.427453 0.903781 0.0215255
    outer loop
      vertex -33.0423 -70.3358 85
      vertex -37.459 -70.0808 162
      vertex -30.5709 -73.3386 162
    endloop
  endfacet
  facet normal 0.427485 0.903766 0.0215274
    outer loop
      vertex -35 -69.4098 85
      vertex -37.459 -70.0808 162
      vertex -33.0423 -70.3358 85
    endloop
  endfacet
  facet normal 0.427539 0.903741 0.0215242
    outer loop
      vertex -35.8127 -67.0009 0
      vertex -35 -69.4098 85
      vertex -35 -67.9571 24.0053
    endloop
  endfacet
  facet normal 0.428172 0.903442 0.0214909
    outer loop
      vertex -35.8127 -67.0009 0
      vertex -35 -67.9571 24.0053
      vertex -35.7705 -67.0209 0
    endloop
  endfacet
  facet normal 0.427446 0.903784 0.0215264
    outer loop
      vertex -35 -69.4098 85
      vertex -35.8127 -67.0009 0
      vertex -37.459 -70.0808 162
    endloop
  endfacet
  facet normal 0.336806 0.941328 0.0215249
    outer loop
      vertex -29.0731 -70.1886 0
      vertex -23.1028 -72.7821 20
      vertex -22.0974 -72.6845 0
    endloop
  endfacet
  facet normal 0.33681 0.941326 0.0215235
    outer loop
      vertex -23.1028 -72.7821 20
      vertex -29.0731 -70.1886 0
      vertex -29.238 -70.5869 20
    endloop
  endfacet
  facet normal 0.336812 0.941326 0.0215262
    outer loop
      vertex -29.7743 -71.8814 85
      vertex -30.2414 -73.4751 162
      vertex -26.3705 -73.0993 85
    endloop
  endfacet
  facet normal 0.336578 0.94141 0.0215265
    outer loop
      vertex -30.2414 -73.4751 162
      vertex -29.7743 -71.8814 85
      vertex -30.4095 -73.415 162
    endloop
  endfacet
  facet normal 0.741313 0.670814 0.0215269
    outer loop
      vertex -61.4263 -50.4113 162
      vertex -58.6954 -48.2305 0
      vertex -58.7268 -48.1958 0
    endloop
  endfacet
  facet normal 0.740783 0.671399 0.0215259
    outer loop
      vertex -58.6954 -48.2305 0
      vertex -61.4263 -50.4113 162
      vertex -56.3093 -56.0571 162
    endloop
  endfacet
  facet normal 0.857442 0.514129 0.0215262
    outer loop
      vertex -69.989 -37.6121 162
      vertex -67.0009 -35.8127 0
      vertex -70.0808 -37.459 162
    endloop
  endfacet
  facet normal 0.857533 0.513978 0.0215262
    outer loop
      vertex -67.0009 -35.8127 0
      vertex -69.989 -37.6121 162
      vertex -63.1921 -42.1674 0
    endloop
  endfacet
  facet normal 0.670814 0.741313 0.0215269
    outer loop
      vertex -48.2305 -58.6954 0
      vertex -50.4113 -61.4263 162
      vertex -48.1958 -58.7268 0
    endloop
  endfacet
  facet normal 0.671399 0.740783 0.0215259
    outer loop
      vertex -50.4113 -61.4263 162
      vertex -48.2305 -58.6954 0
      vertex -56.0571 -56.3093 162
    endloop
  endfacet
  facet normal 0.969807 0.242921 0.0215269
    outer loop
      vertex -76.0855 -22.8939 162
      vertex -77.3932 -15.3945 136.286
      vertex -77.9369 -15.5026 162
    endloop
  endfacet
  facet normal 0.969819 0.242873 0.0215125
    outer loop
      vertex -77.3932 -15.3945 136.286
      vertex -76.0855 -22.8939 162
      vertex -77.2552 -15.8746 135.485
    endloop
  endfacet
  facet normal 0.96981 0.242912 0.0215231
    outer loop
      vertex -77.2552 -15.8746 135.485
      vertex -76.0855 -22.8939 162
      vertex -77.0306 -16.6298 133.888
    endloop
  endfacet
  facet normal 0.969801 0.242946 0.0215309
    outer loop
      vertex -77.0306 -16.6298 133.888
      vertex -76.0855 -22.8939 162
      vertex -76.8446 -17.2249 132.225
    endloop
  endfacet
  facet normal 0.969816 0.242885 0.021519
    outer loop
      vertex -76.8446 -17.2249 132.225
      vertex -76.0855 -22.8939 162
      vertex -76.6991 -17.6541 130.512
    endloop
  endfacet
  facet normal 0.969856 0.24273 0.021498
    outer loop
      vertex -76.5953 -17.9133 128.764
      vertex -76.0855 -22.8939 162
      vertex -76.5345 -18 127
    endloop
  endfacet
  facet normal 0.969775 0.243049 0.0215471
    outer loop
      vertex -76.6991 -17.6541 130.512
      vertex -76.0855 -22.8939 162
      vertex -76.5953 -17.9133 128.764
    endloop
  endfacet
  facet normal 0.969852 0.242743 0.021528
    outer loop
      vertex -75.0679 -17.7406 58
      vertex -76.6126 -17.2249 121.775
      vertex -76.5432 -17.6541 123.488
    endloop
  endfacet
  facet normal 0.969738 0.243198 0.0215216
    outer loop
      vertex -76.6126 -17.2249 121.775
      vertex -75.0679 -17.7406 58
      vertex -75.1157 -17.55 58
    endloop
  endfacet
  facet normal 0.969742 0.243182 0.0215249
    outer loop
      vertex -76.517 -17.9133 125.236
      vertex -75.0679 -17.7406 58
      vertex -76.5432 -17.6541 123.488
    endloop
  endfacet
  facet normal 0.969715 0.243286 0.0215776
    outer loop
      vertex -76.0855 -22.8939 162
      vertex -76.517 -17.9133 125.236
      vertex -76.5345 -18 127
    endloop
  endfacet
  facet normal 0.96981 0.242911 0.0215257
    outer loop
      vertex -76.517 -17.9133 125.236
      vertex -76.0855 -22.8939 162
      vertex -75.0679 -17.7406 58
    endloop
  endfacet
  facet normal 0.96981 0.24291 0.0215258
    outer loop
      vertex -75.1157 -17.55 58
      vertex -74.5118 -14.8213 0
      vertex -76.9978 -15.3158 117.583
    endloop
  endfacet
  facet normal 0.969801 0.242945 0.0215242
    outer loop
      vertex -75.1157 -17.55 58
      vertex -76.9978 -15.3158 117.583
      vertex -76.8785 -15.8746 118.515
    endloop
  endfacet
  facet normal 0.969813 0.242898 0.0215258
    outer loop
      vertex -75.1157 -17.55 58
      vertex -76.8785 -15.8746 118.515
      vertex -76.7248 -16.6298 120.112
    endloop
  endfacet
  facet normal 0.969789 0.242992 0.0215238
    outer loop
      vertex -75.1157 -17.55 58
      vertex -76.7248 -16.6298 120.112
      vertex -76.6126 -17.2249 121.775
    endloop
  endfacet
  facet normal 0.969797 0.242961 0.0215281
    outer loop
      vertex -75.0303 -17.55 54.1529
      vertex -74.5118 -14.8213 0
      vertex -75.1157 -17.55 58
    endloop
  endfacet
  facet normal 0.969665 0.243484 0.0215532
    outer loop
      vertex -74.5118 -14.8213 0
      vertex -75.0303 -17.55 54.1529
      vertex -74.5004 -14.8667 0
    endloop
  endfacet
  facet normal 0.903781 0.427453 0.0215261
    outer loop
      vertex -70.0808 -37.459 162
      vertex -67.0209 -35.7705 0
      vertex -73.3386 -30.5709 162
    endloop
  endfacet
  facet normal 0.903441 0.428171 0.0215272
    outer loop
      vertex -67.0209 -35.7705 0
      vertex -70.0808 -37.459 162
      vertex -67.0009 -35.8127 0
    endloop
  endfacet
  facet normal -0.857533 -0.513978 0.0215262
    outer loop
      vertex 67.0009 35.8127 0
      vertex 69.989 37.6121 162
      vertex 63.1921 42.1674 0
    endloop
  endfacet
  facet normal -0.857442 -0.514129 0.0215262
    outer loop
      vertex 69.989 37.6121 162
      vertex 67.0009 35.8127 0
      vertex 70.0808 37.459 162
    endloop
  endfacet
  facet normal -0.803016 -0.595568 0.0215429
    outer loop
      vertex 58.7268 48.1958 0
      vertex 58.9525 48 3
      vertex 58.7768 48.2369 3
    endloop
  endfacet
  facet normal -0.803022 -0.595561 0.0215258
    outer loop
      vertex 58.9525 48 3
      vertex 63.1402 42.2451 0
      vertex 60.2928 48 53
    endloop
  endfacet
  facet normal -0.803017 -0.595566 0.021543
    outer loop
      vertex 63.1402 42.2451 0
      vertex 58.9525 48 3
      vertex 58.7268 48.1958 0
    endloop
  endfacet
  facet normal -0.802895 -0.595732 0.0215257
    outer loop
      vertex 59.61 48.9207 53
      vertex 61.5327 50.2679 162
      vertex 61.4263 50.4113 162
    endloop
  endfacet
  facet normal -0.803037 -0.59554 0.0215258
    outer loop
      vertex 60.2928 48 53
      vertex 61.5327 50.2679 162
      vertex 59.61 48.9207 53
    endloop
  endfacet
  facet normal -0.803021 -0.595562 0.0215261
    outer loop
      vertex 61.5327 50.2679 162
      vertex 60.2928 48 53
      vertex 63.1402 42.2451 0
    endloop
  endfacet
  facet normal -0.903441 -0.428171 0.0215272
    outer loop
      vertex 67.0209 35.7705 0
      vertex 70.0808 37.459 162
      vertex 67.0009 35.8127 0
    endloop
  endfacet
  facet normal -0.903781 -0.427453 0.0215261
    outer loop
      vertex 70.0808 37.459 162
      vertex 67.0209 35.7705 0
      vertex 73.3386 30.5709 162
    endloop
  endfacet
  facet normal -0.335987 -0.94162 0.0215271
    outer loop
      vertex 22.0974 72.6845 0
      vertex 23.0671 76.0421 162
      vertex 22.0534 72.7002 0
    endloop
  endfacet
  facet normal -0.336811 -0.941326 0.0215259
    outer loop
      vertex 23.0671 76.0421 162
      vertex 22.0974 72.6845 0
      vertex 30.2414 73.4751 162
    endloop
  endfacet
  facet normal -0.671404 -0.740779 0.0215262
    outer loop
      vertex 53.72 53.72 0
      vertex 56.0571 56.3093 162
      vertex 48.2305 58.6954 0
    endloop
  endfacet
  facet normal -0.671373 -0.740807 0.0215262
    outer loop
      vertex 56.0571 56.3093 162
      vertex 53.72 53.72 0
      vertex 56.1894 56.1894 162
    endloop
  endfacet
  facet normal -0.0491898 -0.998557 0.0215257
    outer loop
      vertex 0.0466902 75.9693 0
      vertex 0 79.4638 162
      vertex 0 75.9716 0
    endloop
  endfacet
  facet normal -0.0490589 -0.998564 0.0215259
    outer loop
      vertex 0 79.4638 162
      vertex 0.0466902 75.9693 0
      vertex 7.6105 79.0899 162
    endloop
  endfacet
  facet normal 0.0490589 -0.998564 0.0215259
    outer loop
      vertex -0.0466902 75.9693 0
      vertex 0 79.4638 162
      vertex -7.6105 79.0899 162
    endloop
  endfacet
  facet normal 0.0491898 -0.998557 0.0215257
    outer loop
      vertex 0 79.4638 162
      vertex -0.0466902 75.9693 0
      vertex 0 75.9716 0
    endloop
  endfacet
  facet normal 0.96981 -0.242909 0.0215261
    outer loop
      vertex -75.0303 17.55 54.1529
      vertex -74.5004 14.8667 0
      vertex -73.8949 17.55 3
    endloop
  endfacet
  facet normal 0.969786 -0.243006 0.0215276
    outer loop
      vertex -74.4752 20.55 63
      vertex -76.0421 23.0671 162
      vertex -76.0855 22.8939 162
    endloop
  endfacet
  facet normal 0.969801 -0.242945 0.0215262
    outer loop
      vertex -76.0421 23.0671 162
      vertex -74.4752 20.55 63
      vertex -72.7002 22.0534 0
    endloop
  endfacet
  facet normal 0.969811 -0.242907 0.0215256
    outer loop
      vertex -74.4752 20.55 63
      vertex -76.0855 22.8939 162
      vertex -75.1168 17.9884 63
    endloop
  endfacet
  facet normal 0.969802 -0.242941 0.0215264
    outer loop
      vertex -73.1434 20.55 3
      vertex -72.7002 22.0534 0
      vertex -74.4752 20.55 63
    endloop
  endfacet
  facet normal 0.969803 -0.242936 0.0215291
    outer loop
      vertex -73.8949 17.55 3
      vertex -72.7002 22.0534 0
      vertex -73.1434 20.55 3
    endloop
  endfacet
  facet normal 0.969805 -0.242927 0.021543
    outer loop
      vertex -72.7002 22.0534 0
      vertex -73.8949 17.55 3
      vertex -74.5004 14.8667 0
    endloop
  endfacet
  facet normal 0.903441 -0.428171 0.0215272
    outer loop
      vertex -70.0808 37.459 162
      vertex -67.0209 35.7705 0
      vertex -67.0009 35.8127 0
    endloop
  endfacet
  facet normal 0.903781 -0.427453 0.0215261
    outer loop
      vertex -67.0209 35.7705 0
      vertex -70.0808 37.459 162
      vertex -73.3386 30.5709 162
    endloop
  endfacet
  facet normal 0.803025 -0.595557 0.0215258
    outer loop
      vertex -66.0717 44.1477 162
      vertex -63.1402 42.2451 0
      vertex -61.5327 50.2679 162
    endloop
  endfacet
  facet normal 0.803901 -0.594374 0.0215277
    outer loop
      vertex -63.1402 42.2451 0
      vertex -66.0717 44.1477 162
      vertex -63.168 42.2075 0
    endloop
  endfacet
  facet normal 0.856917 -0.515005 0.0215274
    outer loop
      vertex -66.0717 44.1477 162
      vertex -63.1921 42.1674 0
      vertex -63.168 42.2075 0
    endloop
  endfacet
  facet normal 0.857529 -0.513985 0.0215258
    outer loop
      vertex -63.1921 42.1674 0
      vertex -66.0717 44.1477 162
      vertex -69.989 37.6121 162
    endloop
  endfacet
  facet normal 0.857442 -0.514129 0.0215262
    outer loop
      vertex -67.0009 35.8127 0
      vertex -69.989 37.6121 162
      vertex -70.0808 37.459 162
    endloop
  endfacet
  facet normal 0.857533 -0.513978 0.0215262
    outer loop
      vertex -69.989 37.6121 162
      vertex -67.0009 35.8127 0
      vertex -63.1921 42.1674 0
    endloop
  endfacet
  facet normal 0.513978 -0.857533 0.0215262
    outer loop
      vertex -35.8127 67.0009 0
      vertex -37.6121 69.989 162
      vertex -42.1674 63.1921 0
    endloop
  endfacet
  facet normal 0.514129 -0.857442 0.0215262
    outer loop
      vertex -37.6121 69.989 162
      vertex -35.8127 67.0009 0
      vertex -37.459 70.0808 162
    endloop
  endfacet
  facet normal 0.595732 -0.802895 0.0215263
    outer loop
      vertex -48.1958 58.7268 0
      vertex -50.2679 61.5327 162
      vertex -50.4113 61.4263 162
    endloop
  endfacet
  facet normal 0.595567 -0.803018 0.0215263
    outer loop
      vertex -50.2679 61.5327 162
      vertex -48.1958 58.7268 0
      vertex -42.2451 63.1402 0
    endloop
  endfacet
  facet normal 0.671373 -0.740807 0.0215262
    outer loop
      vertex -53.72 53.72 0
      vertex -56.0571 56.3093 162
      vertex -56.1894 56.1894 162
    endloop
  endfacet
  facet normal 0.671404 -0.740779 0.0215262
    outer loop
      vertex -56.0571 56.3093 162
      vertex -53.72 53.72 0
      vertex -48.2305 58.6954 0
    endloop
  endfacet
  facet normal 0.146697 -0.988947 0.0215259
    outer loop
      vertex -7.44651 75.6057 0
      vertex -7.9654 79.0549 162
      vertex -14.7751 74.5186 0
    endloop
  endfacet
  facet normal 0.146726 -0.988943 0.0215259
    outer loop
      vertex -7.9654 79.0549 162
      vertex -7.44651 75.6057 0
      vertex -7.78881 79.0811 162
    endloop
  endfacet
  facet normal 0.336811 -0.941326 0.0215259
    outer loop
      vertex -22.0974 72.6845 0
      vertex -23.0671 76.0421 162
      vertex -30.2414 73.4751 162
    endloop
  endfacet
  facet normal 0.335987 -0.94162 0.0215271
    outer loop
      vertex -23.0671 76.0421 162
      vertex -22.0974 72.6845 0
      vertex -22.0534 72.7002 0
    endloop
  endfacet
  facet normal 0.427463 -0.903776 0.0215256
    outer loop
      vertex -29.0731 70.1886 0
      vertex -30.5709 73.3386 162
      vertex -35.7705 67.0209 0
    endloop
  endfacet
  facet normal 0.427746 -0.903642 0.0215256
    outer loop
      vertex -30.5709 73.3386 162
      vertex -29.0731 70.1886 0
      vertex -30.4095 73.415 162
    endloop
  endfacet
  facet normal -0.671373 0.740807 0.0215262
    outer loop
      vertex 53.72 -53.72 0
      vertex 56.0571 -56.3093 162
      vertex 56.1894 -56.1894 162
    endloop
  endfacet
  facet normal -0.671404 0.740779 0.0215262
    outer loop
      vertex 56.0571 -56.3093 162
      vertex 53.72 -53.72 0
      vertex 48.2305 -58.6954 0
    endloop
  endfacet
  facet normal -0.33681 0.941326 0.0215235
    outer loop
      vertex 29.0731 -70.1886 0
      vertex 23.1028 -72.7821 20
      vertex 29.238 -70.5869 20
    endloop
  endfacet
  facet normal -0.336806 0.941328 0.0215249
    outer loop
      vertex 23.1028 -72.7821 20
      vertex 29.0731 -70.1886 0
      vertex 22.0974 -72.6845 0
    endloop
  endfacet
  facet normal -0.336578 0.94141 0.0215265
    outer loop
      vertex 29.7743 -71.8814 85
      vertex 30.2414 -73.4751 162
      vertex 30.4095 -73.415 162
    endloop
  endfacet
  facet normal -0.336812 0.941326 0.0215262
    outer loop
      vertex 30.2414 -73.4751 162
      vertex 29.7743 -71.8814 85
      vertex 26.3705 -73.0993 85
    endloop
  endfacet
  facet normal 0.146694 0.988948 0.0215278
    outer loop
      vertex -7.44651 -75.6057 0
      vertex -13.9344 -75.0787 20
      vertex -7.48877 -76.0348 20
    endloop
  endfacet
  facet normal 0.146697 0.988947 0.021529
    outer loop
      vertex -13.9344 -75.0787 20
      vertex -7.44651 -75.6057 0
      vertex -14.7751 -74.5186 0
    endloop
  endfacet
  facet normal 0.14671 0.988945 0.0215353
    outer loop
      vertex -7.62611 -77.4292 85
      vertex -10.8658 -77.1228 93
      vertex -7.64302 -77.6009 93
    endloop
  endfacet
  facet normal 0.146683 0.988949 0.0215244
    outer loop
      vertex -10.8658 -77.1228 93
      vertex -7.62611 -77.4292 85
      vertex -11.2021 -76.8988 85
    endloop
  endfacet
  facet normal 0.146726 0.988943 0.0215257
    outer loop
      vertex -7.64746 -77.6459 95.1
      vertex -7.9654 -79.0549 162
      vertex -7.78881 -79.0811 162
    endloop
  endfacet
  facet normal 0.146697 0.988947 0.0215257
    outer loop
      vertex -7.9654 -79.0549 162
      vertex -7.64746 -77.6459 95.1
      vertex -10.7775 -77.1816 95.1
    endloop
  endfacet
  facet normal 0.243484 0.969666 0.0215226
    outer loop
      vertex -14.8667 -74.5004 0
      vertex -14.9054 -74.9346 20
      vertex -14.8213 -74.5118 0
    endloop
  endfacet
  facet normal 0.242887 0.969816 0.0215247
    outer loop
      vertex -14.9054 -74.9346 20
      vertex -14.8667 -74.5004 0
      vertex -15.8577 -74.6961 20
    endloop
  endfacet
  facet normal 0.242958 0.969798 0.0215316
    outer loop
      vertex -15.2124 -76.4781 93
      vertex -15.1788 -76.3089 85
      vertex -17.5 -75.905 93
    endloop
  endfacet
  facet normal 0.242958 0.969798 0.0215246
    outer loop
      vertex -17.5 -76.5709 123
      vertex -15.5026 -77.9369 162
      vertex -15.4 -77.097 123
    endloop
  endfacet
  facet normal 0.242706 0.969861 0.0215253
    outer loop
      vertex -15.2213 -76.5225 95.1
      vertex -15.4 -77.097 123
      vertex -15.5026 -77.9369 162
    endloop
  endfacet
  facet normal 0.243118 0.969758 0.0215258
    outer loop
      vertex -15.4 -77.097 123
      vertex -15.2213 -76.5225 95.1
      vertex -15.4 -76.4777 95.1
    endloop
  endfacet
  facet normal 0.242921 0.969807 0.0215268
    outer loop
      vertex -15.5026 -77.9369 162
      vertex -17.5 -76.5709 123
      vertex -22.8939 -76.0855 162
    endloop
  endfacet
  facet normal 0.242885 0.969816 0.0215267
    outer loop
      vertex -19.0785 -75.3321 85
      vertex -17.5 -76.5709 123
      vertex -17.5 -75.905 93
    endloop
  endfacet
  facet normal 0.242911 0.96981 0.0215254
    outer loop
      vertex -17.5 -76.5709 123
      vertex -19.0785 -75.3321 85
      vertex -22.8939 -76.0855 162
    endloop
  endfacet
  facet normal 0.242918 0.969808 0.0215196
    outer loop
      vertex -19.0785 -75.3321 85
      vertex -17.5 -75.905 93
      vertex -15.1788 -76.3089 85
    endloop
  endfacet
  facet normal 0.427453 0.903781 0.0215232
    outer loop
      vertex -29.238 -70.5869 20
      vertex -29.0731 -70.1886 0
      vertex -35 -67.8617 20
    endloop
  endfacet
  facet normal 0.427467 0.903774 0.0215265
    outer loop
      vertex -35 -67.8617 20
      vertex -35.7705 -67.0209 0
      vertex -35 -67.9571 24.0053
    endloop
  endfacet
  facet normal 0.427463 0.903776 0.0215267
    outer loop
      vertex -35.7705 -67.0209 0
      vertex -35 -67.8617 20
      vertex -29.0731 -70.1886 0
    endloop
  endfacet
  facet normal 0.427746 0.903642 0.0215264
    outer loop
      vertex -29.7743 -71.8814 85
      vertex -30.5709 -73.3386 162
      vertex -30.4095 -73.415 162
    endloop
  endfacet
  facet normal 0.427445 0.903785 0.021526
    outer loop
      vertex -30.5709 -73.3386 162
      vertex -29.7743 -71.8814 85
      vertex -33.0423 -70.3358 85
    endloop
  endfacet
  facet normal 0.857529 0.513985 0.0215258
    outer loop
      vertex -66.0717 -44.1477 162
      vertex -63.1921 -42.1674 0
      vertex -69.989 -37.6121 162
    endloop
  endfacet
  facet normal 0.856917 0.515005 0.0215274
    outer loop
      vertex -63.1921 -42.1674 0
      vertex -66.0717 -44.1477 162
      vertex -63.168 -42.2075 0
    endloop
  endfacet
  facet normal 0.803901 0.594374 0.0215277
    outer loop
      vertex -66.0717 -44.1477 162
      vertex -63.1402 -42.2451 0
      vertex -63.168 -42.2075 0
    endloop
  endfacet
  facet normal 0.803025 0.595557 0.0215258
    outer loop
      vertex -63.1402 -42.2451 0
      vertex -66.0717 -44.1477 162
      vertex -61.5327 -50.2679 162
    endloop
  endfacet
  facet normal 0.740779 0.671404 0.0215262
    outer loop
      vertex -56.3093 -56.0571 162
      vertex -53.72 -53.72 0
      vertex -58.6954 -48.2305 0
    endloop
  endfacet
  facet normal 0.740807 0.671373 0.0215262
    outer loop
      vertex -53.72 -53.72 0
      vertex -56.3093 -56.0571 162
      vertex -56.1894 -56.1894 162
    endloop
  endfacet
  facet normal 0.671404 0.740779 0.0215262
    outer loop
      vertex -53.72 -53.72 0
      vertex -56.0571 -56.3093 162
      vertex -48.2305 -58.6954 0
    endloop
  endfacet
  facet normal 0.671373 0.740807 0.0215262
    outer loop
      vertex -56.0571 -56.3093 162
      vertex -53.72 -53.72 0
      vertex -56.1894 -56.1894 162
    endloop
  endfacet
  facet normal 0.595567 0.803018 0.0215263
    outer loop
      vertex -48.1958 -58.7268 0
      vertex -50.2679 -61.5327 162
      vertex -42.2451 -63.1402 0
    endloop
  endfacet
  facet normal 0.595732 0.802895 0.0215263
    outer loop
      vertex -50.2679 -61.5327 162
      vertex -48.1958 -58.7268 0
      vertex -50.4113 -61.4263 162
    endloop
  endfacet
  facet normal -0.969803 -0.242936 0.0215291
    outer loop
      vertex 72.7002 22.0534 0
      vertex 73.8949 17.55 3
      vertex 73.1434 20.55 3
    endloop
  endfacet
  facet normal -0.96981 -0.242909 0.0215261
    outer loop
      vertex 73.8949 17.55 3
      vertex 74.5004 14.8667 0
      vertex 75.0303 17.55 54.1529
    endloop
  endfacet
  facet normal -0.969805 -0.242927 0.021543
    outer loop
      vertex 74.5004 14.8667 0
      vertex 73.8949 17.55 3
      vertex 72.7002 22.0534 0
    endloop
  endfacet
  facet normal -0.969801 -0.242945 0.0215262
    outer loop
      vertex 74.4752 20.55 63
      vertex 76.0421 23.0671 162
      vertex 72.7002 22.0534 0
    endloop
  endfacet
  facet normal -0.969802 -0.242941 0.0215264
    outer loop
      vertex 74.4752 20.55 63
      vertex 72.7002 22.0534 0
      vertex 73.1434 20.55 3
    endloop
  endfacet
  facet normal -0.969786 -0.243006 0.0215276
    outer loop
      vertex 76.0421 23.0671 162
      vertex 74.4752 20.55 63
      vertex 76.0855 22.8939 162
    endloop
  endfacet
  facet normal -0.969811 -0.242907 0.0215256
    outer loop
      vertex 76.0855 22.8939 162
      vertex 74.4752 20.55 63
      vertex 75.1168 17.9884 63
    endloop
  endfacet
  facet normal -0.242927 -0.969806 0.0215263
    outer loop
      vertex 22.0534 72.7002 0
      vertex 22.8939 76.0855 162
      vertex 14.8667 74.5004 0
    endloop
  endfacet
  facet normal -0.243006 -0.969786 0.0215263
    outer loop
      vertex 22.8939 76.0855 162
      vertex 22.0534 72.7002 0
      vertex 23.0671 76.0421 162
    endloop
  endfacet
  facet normal -0.427453 -0.903781 0.0215261
    outer loop
      vertex 35.7705 67.0209 0
      vertex 37.459 70.0808 162
      vertex 30.5709 73.3386 162
    endloop
  endfacet
  facet normal -0.428171 -0.903441 0.0215272
    outer loop
      vertex 37.459 70.0808 162
      vertex 35.7705 67.0209 0
      vertex 35.8127 67.0009 0
    endloop
  endfacet
  facet normal -0.594374 -0.803901 0.0215277
    outer loop
      vertex 42.2451 63.1402 0
      vertex 44.1477 66.0717 162
      vertex 42.2075 63.168 0
    endloop
  endfacet
  facet normal -0.595557 -0.803025 0.0215258
    outer loop
      vertex 44.1477 66.0717 162
      vertex 42.2451 63.1402 0
      vertex 50.2679 61.5327 162
    endloop
  endfacet
  facet normal -0.513985 -0.857529 0.0215258
    outer loop
      vertex 42.1674 63.1921 0
      vertex 44.1477 66.0717 162
      vertex 37.6121 69.989 162
    endloop
  endfacet
  facet normal -0.515005 -0.856917 0.0215274
    outer loop
      vertex 44.1477 66.0717 162
      vertex 42.1674 63.1921 0
      vertex 42.2075 63.168 0
    endloop
  endfacet
  facet normal -0.595567 -0.803018 0.0215263
    outer loop
      vertex 48.1958 58.7268 0
      vertex 50.2679 61.5327 162
      vertex 42.2451 63.1402 0
    endloop
  endfacet
  facet normal -0.595732 -0.802895 0.0215263
    outer loop
      vertex 50.2679 61.5327 162
      vertex 48.1958 58.7268 0
      vertex 50.4113 61.4263 162
    endloop
  endfacet
  facet normal -0.670814 -0.741313 0.0215269
    outer loop
      vertex 48.2305 58.6954 0
      vertex 50.4113 61.4263 162
      vertex 48.1958 58.7268 0
    endloop
  endfacet
  facet normal -0.671399 -0.740783 0.0215259
    outer loop
      vertex 50.4113 61.4263 162
      vertex 48.2305 58.6954 0
      vertex 56.0571 56.3093 162
    endloop
  endfacet
  facet normal 0.988939 -0.146751 0.0215237
    outer loop
      vertex -77.6655 10.0003 112.034
      vertex -74.5186 14.7751 0
      vertex -77.6571 10.0638 112.081
    endloop
  endfacet
  facet normal 0.988944 -0.146717 0.0215253
    outer loop
      vertex -77.8705 8.48514 111.125
      vertex -74.5186 14.7751 0
      vertex -77.6655 10.0003 112.034
    endloop
  endfacet
  facet normal 0.988945 -0.146715 0.0215254
    outer loop
      vertex -77.9816 7.68051 110.745
      vertex -74.5186 14.7751 0
      vertex -77.8705 8.48514 111.125
    endloop
  endfacet
  facet normal 0.988947 -0.146697 0.0215266
    outer loop
      vertex -74.5186 14.7751 0
      vertex -77.9816 7.68051 110.745
      vertex -75.6057 7.44651 0
    endloop
  endfacet
  facet normal 0.988976 -0.146505 0.0215329
    outer loop
      vertex -79.0549 7.9654 162
      vertex -78.5615 8.48514 142.875
      vertex -78.5145 8.77669 142.7
    endloop
  endfacet
  facet normal 0.988943 -0.146726 0.0215246
    outer loop
      vertex -78.6783 7.74914 143.223
      vertex -79.0549 7.9654 162
      vertex -79.0811 7.78881 162
    endloop
  endfacet
  facet normal 0.988938 -0.146763 0.0215249
    outer loop
      vertex -79.0549 7.9654 162
      vertex -78.6783 7.74914 143.223
      vertex -78.5615 8.48514 142.875
    endloop
  endfacet
  facet normal 0.969856 -0.24273 0.021498
    outer loop
      vertex -76.0855 22.8939 162
      vertex -76.5953 17.9133 128.764
      vertex -76.5345 18 127
    endloop
  endfacet
  facet normal 0.969775 -0.243049 0.0215471
    outer loop
      vertex -76.0855 22.8939 162
      vertex -76.6991 17.6541 130.512
      vertex -76.5953 17.9133 128.764
    endloop
  endfacet
  facet normal 0.969816 -0.242885 0.021519
    outer loop
      vertex -76.0855 22.8939 162
      vertex -76.8446 17.2249 132.225
      vertex -76.6991 17.6541 130.512
    endloop
  endfacet
  facet normal 0.969801 -0.242946 0.0215309
    outer loop
      vertex -76.0855 22.8939 162
      vertex -77.0306 16.6298 133.888
      vertex -76.8446 17.2249 132.225
    endloop
  endfacet
  facet normal 0.96981 -0.242912 0.0215231
    outer loop
      vertex -76.0855 22.8939 162
      vertex -77.2552 15.8746 135.485
      vertex -77.0306 16.6298 133.888
    endloop
  endfacet
  facet normal 0.969807 -0.242921 0.0215269
    outer loop
      vertex -77.3932 15.3945 136.286
      vertex -76.0855 22.8939 162
      vertex -77.9369 15.5026 162
    endloop
  endfacet
  facet normal 0.969819 -0.242873 0.0215125
    outer loop
      vertex -76.0855 22.8939 162
      vertex -77.3932 15.3945 136.286
      vertex -77.2552 15.8746 135.485
    endloop
  endfacet
  facet normal 0.969715 -0.243286 0.0215776
    outer loop
      vertex -76.517 17.9133 125.236
      vertex -76.0855 22.8939 162
      vertex -76.5345 18 127
    endloop
  endfacet
  facet normal 0.969809 -0.242912 0.0215259
    outer loop
      vertex -76.0855 22.8939 162
      vertex -76.517 17.9133 125.236
      vertex -75.1168 17.9884 63
    endloop
  endfacet
  facet normal 0.969743 -0.243176 0.0215241
    outer loop
      vertex -76.5432 17.6541 123.488
      vertex -75.1168 17.9884 63
      vertex -76.517 17.9133 125.236
    endloop
  endfacet
  facet normal 0.969851 -0.242746 0.021529
    outer loop
      vertex -76.6126 17.2249 121.775
      vertex -75.1168 17.9884 63
      vertex -76.5432 17.6541 123.488
    endloop
  endfacet
  facet normal 0.969789 -0.242993 0.0215242
    outer loop
      vertex -76.7248 16.6298 120.112
      vertex -75.1168 17.9884 63
      vertex -76.6126 17.2249 121.775
    endloop
  endfacet
  facet normal 0.969812 -0.242901 0.021527
    outer loop
      vertex -76.8785 15.8746 118.515
      vertex -75.1168 17.9884 63
      vertex -76.7248 16.6298 120.112
    endloop
  endfacet
  facet normal 0.969801 -0.242946 0.021525
    outer loop
      vertex -76.9978 15.3158 117.583
      vertex -75.1168 17.9884 63
      vertex -76.8785 15.8746 118.515
    endloop
  endfacet
  facet normal 0.969813 -0.242896 0.0215279
    outer loop
      vertex -75.1168 17.9884 63
      vertex -76.9978 15.3158 117.583
      vertex -75.2266 17.55 63
    endloop
  endfacet
  facet normal 0.969758 -0.243116 0.0215171
    outer loop
      vertex -75.2266 17.55 63
      vertex -76.9978 15.3158 117.583
      vertex -75.0303 17.55 54.1529
    endloop
  endfacet
  facet normal 0.969809 -0.242913 0.0215258
    outer loop
      vertex -74.5118 14.8213 0
      vertex -75.0303 17.55 54.1529
      vertex -76.9978 15.3158 117.583
    endloop
  endfacet
  facet normal 0.969665 -0.243484 0.0215532
    outer loop
      vertex -75.0303 17.55 54.1529
      vertex -74.5118 14.8213 0
      vertex -74.5004 14.8667 0
    endloop
  endfacet
  facet normal 0.94141 -0.336578 0.0215257
    outer loop
      vertex -73.4751 30.2414 162
      vertex -70.1886 29.0731 0
      vertex -73.415 30.4095 162
    endloop
  endfacet
  facet normal 0.941328 -0.336806 0.0215257
    outer loop
      vertex -70.1886 29.0731 0
      vertex -73.4751 30.2414 162
      vertex -72.6845 22.0974 0
    endloop
  endfacet
  facet normal 0.903642 -0.427746 0.0215256
    outer loop
      vertex -70.1886 29.0731 0
      vertex -73.3386 30.5709 162
      vertex -73.415 30.4095 162
    endloop
  endfacet
  facet normal 0.903776 -0.427463 0.0215256
    outer loop
      vertex -73.3386 30.5709 162
      vertex -70.1886 29.0731 0
      vertex -67.0209 35.7705 0
    endloop
  endfacet
  facet normal 0.515005 -0.856917 0.0215274
    outer loop
      vertex -42.1674 63.1921 0
      vertex -44.1477 66.0717 162
      vertex -42.2075 63.168 0
    endloop
  endfacet
  facet normal 0.513985 -0.857529 0.0215258
    outer loop
      vertex -44.1477 66.0717 162
      vertex -42.1674 63.1921 0
      vertex -37.6121 69.989 162
    endloop
  endfacet
  facet normal 0.595557 -0.803025 0.0215258
    outer loop
      vertex -42.2451 63.1402 0
      vertex -44.1477 66.0717 162
      vertex -50.2679 61.5327 162
    endloop
  endfacet
  facet normal 0.594374 -0.803901 0.0215277
    outer loop
      vertex -44.1477 66.0717 162
      vertex -42.2451 63.1402 0
      vertex -42.2075 63.168 0
    endloop
  endfacet
  facet normal 0.802895 -0.595732 0.0215257
    outer loop
      vertex -61.5327 50.2679 162
      vertex -59.61 48.9207 53
      vertex -61.4263 50.4113 162
    endloop
  endfacet
  facet normal 0.803037 -0.59554 0.0215258
    outer loop
      vertex -61.5327 50.2679 162
      vertex -60.2928 48 53
      vertex -59.61 48.9207 53
    endloop
  endfacet
  facet normal 0.803022 -0.595561 0.0215258
    outer loop
      vertex -60.2928 48 53
      vertex -63.1402 42.2451 0
      vertex -58.9525 48 3
    endloop
  endfacet
  facet normal 0.803021 -0.595562 0.0215261
    outer loop
      vertex -63.1402 42.2451 0
      vertex -60.2928 48 53
      vertex -61.5327 50.2679 162
    endloop
  endfacet
  facet normal 0.803016 -0.595568 0.0215429
    outer loop
      vertex -58.9525 48 3
      vertex -58.7268 48.1958 0
      vertex -58.7768 48.2369 3
    endloop
  endfacet
  facet normal 0.803017 -0.595566 0.021543
    outer loop
      vertex -58.7268 48.1958 0
      vertex -58.9525 48 3
      vertex -63.1402 42.2451 0
    endloop
  endfacet
  facet normal 0.740591 -0.671611 0.0215275
    outer loop
      vertex -58.7768 48.2369 3
      vertex -58.6954 48.2305 0
      vertex -58.6512 48.3754 3
    endloop
  endfacet
  facet normal 0.741313 -0.670814 0.0215454
    outer loop
      vertex -58.6954 48.2305 0
      vertex -58.7768 48.2369 3
      vertex -58.7268 48.1958 0
    endloop
  endfacet
  facet normal 0.740783 -0.671399 0.021526
    outer loop
      vertex -61.4263 50.4113 162
      vertex -57.9148 50.791 53
      vertex -56.3093 56.0571 162
    endloop
  endfacet
  facet normal 0.740768 -0.671416 0.0215254
    outer loop
      vertex -57.9148 50.791 53
      vertex -61.4263 50.4113 162
      vertex -59.61 48.9207 53
    endloop
  endfacet
  facet normal 0.740807 -0.671373 0.0215243
    outer loop
      vertex -57.7254 51 53
      vertex -56.1894 56.1894 162
      vertex -56.3093 56.0571 162
    endloop
  endfacet
  facet normal 0.740778 -0.671405 0.0215262
    outer loop
      vertex -56.1894 56.1894 162
      vertex -57.7254 51 53
      vertex -53.72 53.72 0
    endloop
  endfacet
  facet normal 0.740826 -0.671352 0.021523
    outer loop
      vertex -57.7254 51 53
      vertex -56.3093 56.0571 162
      vertex -57.9148 50.791 53
    endloop
  endfacet
  facet normal 0.740785 -0.671397 0.0215272
    outer loop
      vertex -56.2724 51 3
      vertex -53.72 53.72 0
      vertex -57.7254 51 53
    endloop
  endfacet
  facet normal 0.740779 -0.671404 0.0215146
    outer loop
      vertex -58.6954 48.2305 0
      vertex -56.2724 51 3
      vertex -58.6512 48.3754 3
    endloop
  endfacet
  facet normal 0.740779 -0.671404 0.0215152
    outer loop
      vertex -56.2724 51 3
      vertex -58.6954 48.2305 0
      vertex -53.72 53.72 0
    endloop
  endfacet
  facet normal 0.242921 -0.969807 0.021526
    outer loop
      vertex -14.8667 74.5004 0
      vertex -15.5026 77.9369 162
      vertex -22.8939 76.0855 162
    endloop
  endfacet
  facet normal 0.243484 -0.969666 0.0215252
    outer loop
      vertex -15.5026 77.9369 162
      vertex -14.8667 74.5004 0
      vertex -14.8213 74.5118 0
    endloop
  endfacet
  facet normal -0.740591 -0.671611 0.0215275
    outer loop
      vertex 58.6954 48.2305 0
      vertex 58.7768 48.2369 3
      vertex 58.6512 48.3754 3
    endloop
  endfacet
  facet normal -0.741313 -0.670814 0.0215454
    outer loop
      vertex 58.7768 48.2369 3
      vertex 58.6954 48.2305 0
      vertex 58.7268 48.1958 0
    endloop
  endfacet
  facet normal -0.740783 -0.671399 0.021526
    outer loop
      vertex 57.9148 50.791 53
      vertex 61.4263 50.4113 162
      vertex 56.3093 56.0571 162
    endloop
  endfacet
  facet normal -0.740768 -0.671416 0.0215254
    outer loop
      vertex 61.4263 50.4113 162
      vertex 57.9148 50.791 53
      vertex 59.61 48.9207 53
    endloop
  endfacet
  facet normal -0.803025 -0.595557 0.0215258
    outer loop
      vertex 63.1402 42.2451 0
      vertex 66.0717 44.1477 162
      vertex 61.5327 50.2679 162
    endloop
  endfacet
  facet normal -0.803901 -0.594374 0.0215277
    outer loop
      vertex 66.0717 44.1477 162
      vertex 63.1402 42.2451 0
      vertex 63.168 42.2075 0
    endloop
  endfacet
  facet normal -0.941326 -0.336811 0.0215259
    outer loop
      vertex 72.6845 22.0974 0
      vertex 76.0421 23.0671 162
      vertex 73.4751 30.2414 162
    endloop
  endfacet
  facet normal -0.94162 -0.335987 0.0215271
    outer loop
      vertex 76.0421 23.0671 162
      vertex 72.6845 22.0974 0
      vertex 72.7002 22.0534 0
    endloop
  endfacet
  facet normal -0.969758 -0.243116 0.0215171
    outer loop
      vertex 76.9978 15.3158 117.583
      vertex 75.2266 17.55 63
      vertex 75.0303 17.55 54.1529
    endloop
  endfacet
  facet normal -0.969789 -0.242995 0.021525
    outer loop
      vertex 75.2266 17.55 63
      vertex 76.7248 16.6298 120.112
      vertex 76.6126 17.2249 121.775
    endloop
  endfacet
  facet normal -0.969812 -0.242901 0.0215271
    outer loop
      vertex 75.2266 17.55 63
      vertex 76.8785 15.8746 118.515
      vertex 76.7248 16.6298 120.112
    endloop
  endfacet
  facet normal -0.969801 -0.242947 0.0215254
    outer loop
      vertex 75.2266 17.55 63
      vertex 76.9978 15.3158 117.583
      vertex 76.8785 15.8746 118.515
    endloop
  endfacet
  facet normal -0.969665 -0.243484 0.0215532
    outer loop
      vertex 74.5118 14.8213 0
      vertex 75.0303 17.55 54.1529
      vertex 74.5004 14.8667 0
    endloop
  endfacet
  facet normal -0.969809 -0.242913 0.0215258
    outer loop
      vertex 75.0303 17.55 54.1529
      vertex 74.5118 14.8213 0
      vertex 76.9978 15.3158 117.583
    endloop
  endfacet
  facet normal -0.969809 -0.242912 0.0215259
    outer loop
      vertex 76.517 17.9133 125.236
      vertex 76.0855 22.8939 162
      vertex 75.1168 17.9884 63
    endloop
  endfacet
  facet normal -0.969715 -0.243286 0.0215776
    outer loop
      vertex 76.0855 22.8939 162
      vertex 76.517 17.9133 125.236
      vertex 76.5345 18 127
    endloop
  endfacet
  facet normal -0.969743 -0.243176 0.0215241
    outer loop
      vertex 75.1168 17.9884 63
      vertex 76.5432 17.6541 123.488
      vertex 76.517 17.9133 125.236
    endloop
  endfacet
  facet normal -0.969814 -0.242896 0.0215261
    outer loop
      vertex 76.6126 17.2249 121.775
      vertex 75.1168 17.9884 63
      vertex 75.2266 17.55 63
    endloop
  endfacet
  facet normal -0.969851 -0.242746 0.021529
    outer loop
      vertex 75.1168 17.9884 63
      vertex 76.6126 17.2249 121.775
      vertex 76.5432 17.6541 123.488
    endloop
  endfacet
  facet normal -0.969856 -0.24273 0.021498
    outer loop
      vertex 76.5953 17.9133 128.764
      vertex 76.0855 22.8939 162
      vertex 76.5345 18 127
    endloop
  endfacet
  facet normal -0.969775 -0.243049 0.0215471
    outer loop
      vertex 76.6991 17.6541 130.512
      vertex 76.0855 22.8939 162
      vertex 76.5953 17.9133 128.764
    endloop
  endfacet
  facet normal -0.969816 -0.242885 0.021519
    outer loop
      vertex 76.8446 17.2249 132.225
      vertex 76.0855 22.8939 162
      vertex 76.6991 17.6541 130.512
    endloop
  endfacet
  facet normal -0.969801 -0.242946 0.0215309
    outer loop
      vertex 77.0306 16.6298 133.888
      vertex 76.0855 22.8939 162
      vertex 76.8446 17.2249 132.225
    endloop
  endfacet
  facet normal -0.96981 -0.242912 0.0215231
    outer loop
      vertex 77.2552 15.8746 135.485
      vertex 76.0855 22.8939 162
      vertex 77.0306 16.6298 133.888
    endloop
  endfacet
  facet normal -0.969819 -0.242873 0.0215125
    outer loop
      vertex 77.3932 15.3945 136.286
      vertex 76.0855 22.8939 162
      vertex 77.2552 15.8746 135.485
    endloop
  endfacet
  facet normal -0.969807 -0.242921 0.0215269
    outer loop
      vertex 76.0855 22.8939 162
      vertex 77.3932 15.3945 136.286
      vertex 77.9369 15.5026 162
    endloop
  endfacet
  facet normal -0.146726 -0.988943 0.0215259
    outer loop
      vertex 7.44651 75.6057 0
      vertex 7.9654 79.0549 162
      vertex 7.78881 79.0811 162
    endloop
  endfacet
  facet normal -0.146697 -0.988947 0.0215259
    outer loop
      vertex 7.9654 79.0549 162
      vertex 7.44651 75.6057 0
      vertex 14.7751 74.5186 0
    endloop
  endfacet
  facet normal -0.243484 -0.969666 0.0215252
    outer loop
      vertex 14.8667 74.5004 0
      vertex 15.5026 77.9369 162
      vertex 14.8213 74.5118 0
    endloop
  endfacet
  facet normal -0.242921 -0.969807 0.021526
    outer loop
      vertex 15.5026 77.9369 162
      vertex 14.8667 74.5004 0
      vertex 22.8939 76.0855 162
    endloop
  endfacet
  facet normal -0.336806 -0.941328 0.0215257
    outer loop
      vertex 29.0731 70.1886 0
      vertex 30.2414 73.4751 162
      vertex 22.0974 72.6845 0
    endloop
  endfacet
  facet normal -0.336578 -0.94141 0.0215257
    outer loop
      vertex 30.2414 73.4751 162
      vertex 29.0731 70.1886 0
      vertex 30.4095 73.415 162
    endloop
  endfacet
  facet normal -0.740779 -0.671404 0.0215152
    outer loop
      vertex 58.6954 48.2305 0
      vertex 56.2724 51 3
      vertex 53.72 53.72 0
    endloop
  endfacet
  facet normal -0.740779 -0.671404 0.0215146
    outer loop
      vertex 56.2724 51 3
      vertex 58.6954 48.2305 0
      vertex 58.6512 48.3754 3
    endloop
  endfacet
  facet normal -0.740778 -0.671405 0.0215262
    outer loop
      vertex 57.7254 51 53
      vertex 56.1894 56.1894 162
      vertex 53.72 53.72 0
    endloop
  endfacet
  facet normal -0.740785 -0.671397 0.0215272
    outer loop
      vertex 57.7254 51 53
      vertex 53.72 53.72 0
      vertex 56.2724 51 3
    endloop
  endfacet
  facet normal -0.740807 -0.671373 0.0215243
    outer loop
      vertex 56.1894 56.1894 162
      vertex 57.7254 51 53
      vertex 56.3093 56.0571 162
    endloop
  endfacet
  facet normal -0.740826 -0.671352 0.021523
    outer loop
      vertex 56.3093 56.0571 162
      vertex 57.7254 51 53
      vertex 57.9148 50.791 53
    endloop
  endfacet
  facet normal -0.903776 -0.427463 0.0215256
    outer loop
      vertex 70.1886 29.0731 0
      vertex 73.3386 30.5709 162
      vertex 67.0209 35.7705 0
    endloop
  endfacet
  facet normal -0.903642 -0.427746 0.0215256
    outer loop
      vertex 73.3386 30.5709 162
      vertex 70.1886 29.0731 0
      vertex 73.415 30.4095 162
    endloop
  endfacet
  facet normal -0.94141 -0.336578 0.0215257
    outer loop
      vertex 70.1886 29.0731 0
      vertex 73.4751 30.2414 162
      vertex 73.415 30.4095 162
    endloop
  endfacet
  facet normal -0.941328 -0.336806 0.0215257
    outer loop
      vertex 73.4751 30.2414 162
      vertex 70.1886 29.0731 0
      vertex 72.6845 22.0974 0
    endloop
  endfacet
  facet normal -0.988957 -0.14663 0.0215257
    outer loop
      vertex 74.5118 14.8213 0
      vertex 77.0369 14.9665 117
      vertex 76.9978 15.3158 117.583
    endloop
  endfacet
  facet normal -0.989111 -0.145583 0.0215776
    outer loop
      vertex 77.6571 10.0638 112.081
      vertex 74.5118 14.8213 0
      vertex 74.5186 14.7751 0
    endloop
  endfacet
  facet normal -0.988948 -0.146689 0.0215256
    outer loop
      vertex 74.5118 14.8213 0
      vertex 77.1621 13.9142 115.581
      vertex 77.0369 14.9665 117
    endloop
  endfacet
  facet normal -0.988945 -0.146713 0.0215253
    outer loop
      vertex 74.5118 14.8213 0
      vertex 77.3096 12.7279 114.272
      vertex 77.1621 13.9142 115.581
    endloop
  endfacet
  facet normal -0.98895 -0.146677 0.0215261
    outer loop
      vertex 74.5118 14.8213 0
      vertex 77.4779 11.4191 113.086
      vertex 77.3096 12.7279 114.272
    endloop
  endfacet
  facet normal -0.988944 -0.146721 0.0215246
    outer loop
      vertex 74.5118 14.8213 0
      vertex 77.6571 10.0638 112.081
      vertex 77.4779 11.4191 113.086
    endloop
  endfacet
  facet normal -0.988924 -0.146854 0.0215273
    outer loop
      vertex 77.4723 14.9665 137
      vertex 77.9369 15.5026 162
      vertex 77.3932 15.3945 136.286
    endloop
  endfacet
  facet normal -0.988958 -0.146626 0.021523
    outer loop
      vertex 77.6592 13.9142 138.419
      vertex 77.9369 15.5026 162
      vertex 77.4723 14.9665 137
    endloop
  endfacet
  facet normal -0.988943 -0.146723 0.0215294
    outer loop
      vertex 77.8637 12.7279 139.728
      vertex 77.9369 15.5026 162
      vertex 77.6592 13.9142 138.419
    endloop
  endfacet
  facet normal -0.988943 -0.146725 0.0215296
    outer loop
      vertex 78.0837 11.4191 140.914
      vertex 77.9369 15.5026 162
      vertex 77.8637 12.7279 139.728
    endloop
  endfacet
  facet normal -0.988952 -0.146663 0.0215177
    outer loop
      vertex 78.317 10.0003 141.966
      vertex 77.9369 15.5026 162
      vertex 78.0837 11.4191 140.914
    endloop
  endfacet
  facet normal -0.988945 -0.146708 0.0215301
    outer loop
      vertex 78.5145 8.77669 142.7
      vertex 77.9369 15.5026 162
      vertex 78.317 10.0003 141.966
    endloop
  endfacet
  facet normal -0.988948 -0.146692 0.0215243
    outer loop
      vertex 77.9369 15.5026 162
      vertex 78.5145 8.77669 142.7
      vertex 79.0549 7.9654 162
    endloop
  endfacet
  facet normal -0.988939 -0.146751 0.0215237
    outer loop
      vertex 74.5186 14.7751 0
      vertex 77.6655 10.0003 112.034
      vertex 77.6571 10.0638 112.081
    endloop
  endfacet
  facet normal -0.988944 -0.146717 0.0215253
    outer loop
      vertex 74.5186 14.7751 0
      vertex 77.8705 8.48514 111.125
      vertex 77.6655 10.0003 112.034
    endloop
  endfacet
  facet normal -0.988945 -0.146715 0.0215254
    outer loop
      vertex 74.5186 14.7751 0
      vertex 77.9816 7.68051 110.745
      vertex 77.8705 8.48514 111.125
    endloop
  endfacet
  facet normal -0.988947 -0.146697 0.0215266
    outer loop
      vertex 77.9816 7.68051 110.745
      vertex 74.5186 14.7751 0
      vertex 75.6057 7.44651 0
    endloop
  endfacet
  facet normal -0.988976 -0.146505 0.0215329
    outer loop
      vertex 78.5615 8.48514 142.875
      vertex 79.0549 7.9654 162
      vertex 78.5145 8.77669 142.7
    endloop
  endfacet
  facet normal -0.988938 -0.146763 0.0215249
    outer loop
      vertex 78.6783 7.74914 143.223
      vertex 79.0549 7.9654 162
      vertex 78.5615 8.48514 142.875
    endloop
  endfacet
  facet normal -0.988943 -0.146726 0.0215246
    outer loop
      vertex 79.0549 7.9654 162
      vertex 78.6783 7.74914 143.223
      vertex 79.0811 7.78881 162
    endloop
  endfacet
  facet normal 0 0 -1
    outer loop
      vertex 60 0 162
      vertex 79.4638 0 162
      vertex 79.0899 -7.6105 162
    endloop
  endfacet
  facet normal 0 0 -1
    outer loop
      vertex 79.0549 -7.9654 162
      vertex 79.0899 -7.6105 162
      vertex 79.0811 -7.78881 162
    endloop
  endfacet
  facet normal 0 0 -1
    outer loop
      vertex 79.4638 0 162
      vertex 60 0 162
      vertex 79.0899 7.6105 162
    endloop
  endfacet
  facet normal -0 0 -1
    outer loop
      vertex 79.0899 -7.6105 162
      vertex 79.0549 -7.9654 162
      vertex 59.7111 -5.88103 162
    endloop
  endfacet
  facet normal 0 0 -1
    outer loop
      vertex 59.7111 5.88103 162
      vertex 79.0899 7.6105 162
      vertex 60 0 162
    endloop
  endfacet
  facet normal 0 0 -1
    outer loop
      vertex 59.7111 -5.88103 162
      vertex 79.0549 -7.9654 162
      vertex 77.9369 -15.5026 162
    endloop
  endfacet
  facet normal 0 -0 -1
    outer loop
      vertex 79.0549 7.9654 162
      vertex 79.0899 7.6105 162
      vertex 59.7111 5.88103 162
    endloop
  endfacet
  facet normal 0 0 -1
    outer loop
      vertex 58.8471 -11.7054 162
      vertex 77.9369 -15.5026 162
      vertex 76.0855 -22.8939 162
    endloop
  endfacet
  facet normal 0 0 -1
    outer loop
      vertex 79.0899 7.6105 162
      vertex 79.0549 7.9654 162
      vertex 79.0811 7.78881 162
    endloop
  endfacet
  facet normal 0 0 -1
    outer loop
      vertex 57.4164 -17.4171 162
      vertex 76.0855 -22.8939 162
      vertex 76.0421 -23.0671 162
    endloop
  endfacet
  facet normal -0 0 -1
    outer loop
      vertex 79.0549 7.9654 162
      vertex 59.7111 5.88103 162
      vertex 77.9369 15.5026 162
    endloop
  endfacet
  facet normal 0 0 -1
    outer loop
      vertex 57.4164 -17.4171 162
      vertex 76.0421 -23.0671 162
      vertex 73.4751 -30.2414 162
    endloop
  endfacet
  facet normal 0 0 -1
    outer loop
      vertex 58.8471 11.7054 162
      vertex 77.9369 15.5026 162
      vertex 59.7111 5.88103 162
    endloop
  endfacet
  facet normal 0 0 -1
    outer loop
      vertex 73.3386 -30.5709 162
      vertex 73.4751 -30.2414 162
      vertex 73.415 -30.4095 162
    endloop
  endfacet
  facet normal -0 0 -1
    outer loop
      vertex 77.9369 15.5026 162
      vertex 58.8471 11.7054 162
      vertex 76.0855 22.8939 162
    endloop
  endfacet
  facet normal -0 0 -1
    outer loop
      vertex 73.4751 -30.2414 162
      vertex 73.3386 -30.5709 162
      vertex 55.4328 -22.961 162
    endloop
  endfacet
  facet normal 0 0 -1
    outer loop
      vertex 57.4164 17.4171 162
      vertex 76.0855 22.8939 162
      vertex 58.8471 11.7054 162
    endloop
  endfacet
  facet normal 0 0 -1
    outer loop
      vertex 55.4328 -22.961 162
      vertex 73.3386 -30.5709 162
      vertex 70.0808 -37.459 162
    endloop
  endfacet
  facet normal -0 0 -1
    outer loop
      vertex 76.0855 22.8939 162
      vertex 57.4164 17.4171 162
      vertex 76.0421 23.0671 162
    endloop
  endfacet
  facet normal 0 0 -1
    outer loop
      vertex 52.9153 -28.2838 162
      vertex 70.0808 -37.459 162
      vertex 69.989 -37.6121 162
    endloop
  endfacet
  facet normal -0 0 -1
    outer loop
      vertex 76.0421 23.0671 162
      vertex 57.4164 17.4171 162
      vertex 73.4751 30.2414 162
    endloop
  endfacet
  facet normal 0 0 -1
    outer loop
      vertex 52.9153 -28.2838 162
      vertex 69.989 -37.6121 162
      vertex 66.0717 -44.1477 162
    endloop
  endfacet
  facet normal 0 0 -1
    outer loop
      vertex 55.4328 22.961 162
      vertex 73.4751 30.2414 162
      vertex 57.4164 17.4171 162
    endloop
  endfacet
  facet normal 0 0 -1
    outer loop
      vertex 49.8882 -33.3342 162
      vertex 66.0717 -44.1477 162
      vertex 61.5327 -50.2679 162
    endloop
  endfacet
  facet normal 0 -0 -1
    outer loop
      vertex 73.3386 30.5709 162
      vertex 73.4751 30.2414 162
      vertex 55.4328 22.961 162
    endloop
  endfacet
  facet normal 0 0 -1
    outer loop
      vertex 46.3806 -38.0636 162
      vertex 61.5327 -50.2679 162
      vertex 61.4263 -50.4113 162
    endloop
  endfacet
  facet normal 0 0 -1
    outer loop
      vertex 73.4751 30.2414 162
      vertex 73.3386 30.5709 162
      vertex 73.415 30.4095 162
    endloop
  endfacet
  facet normal -0 0 -1
    outer loop
      vertex 73.3386 30.5709 162
      vertex 55.4328 22.961 162
      vertex 70.0808 37.459 162
    endloop
  endfacet
  facet normal 0 0 -1
    outer loop
      vertex 79.0899 -7.6105 162
      vertex 59.7111 -5.88103 162
      vertex 60 0 162
    endloop
  endfacet
  facet normal 0 0 -1
    outer loop
      vertex 77.9369 -15.5026 162
      vertex 58.8471 -11.7054 162
      vertex 59.7111 -5.88103 162
    endloop
  endfacet
  facet normal 0 0 -1
    outer loop
      vertex 76.0855 -22.8939 162
      vertex 57.4164 -17.4171 162
      vertex 58.8471 -11.7054 162
    endloop
  endfacet
  facet normal 0 0 -1
    outer loop
      vertex 46.3806 -38.0636 162
      vertex 61.4263 -50.4113 162
      vertex 56.3093 -56.0571 162
    endloop
  endfacet
  facet normal 0 0 -1
    outer loop
      vertex 56.0571 -56.3093 162
      vertex 56.3093 -56.0571 162
      vertex 56.1894 -56.1894 162
    endloop
  endfacet
  facet normal -0 0 -1
    outer loop
      vertex 56.3093 -56.0571 162
      vertex 56.0571 -56.3093 162
      vertex 42.4264 -42.4264 162
    endloop
  endfacet
  facet normal 0 0 -1
    outer loop
      vertex 73.4751 -30.2414 162
      vertex 55.4328 -22.961 162
      vertex 57.4164 -17.4171 162
    endloop
  endfacet
  facet normal 0 0 -1
    outer loop
      vertex 70.0808 -37.459 162
      vertex 52.9153 -28.2838 162
      vertex 55.4328 -22.961 162
    endloop
  endfacet
  facet normal 0 0 -1
    outer loop
      vertex 42.4264 -42.4264 162
      vertex 56.0571 -56.3093 162
      vertex 50.4113 -61.4263 162
    endloop
  endfacet
  facet normal 0 0 -1
    outer loop
      vertex 38.0636 -46.3806 162
      vertex 50.4113 -61.4263 162
      vertex 50.2679 -61.5327 162
    endloop
  endfacet
  facet normal 0 0 -1
    outer loop
      vertex 66.0717 -44.1477 162
      vertex 49.8882 -33.3342 162
      vertex 52.9153 -28.2838 162
    endloop
  endfacet
  facet normal 0 0 -1
    outer loop
      vertex 61.5327 -50.2679 162
      vertex 46.3806 -38.0636 162
      vertex 49.8882 -33.3342 162
    endloop
  endfacet
  facet normal 0 0 -1
    outer loop
      vertex 38.0636 -46.3806 162
      vertex 50.2679 -61.5327 162
      vertex 44.1477 -66.0717 162
    endloop
  endfacet
  facet normal 0 0 -1
    outer loop
      vertex 56.3093 -56.0571 162
      vertex 42.4264 -42.4264 162
      vertex 46.3806 -38.0636 162
    endloop
  endfacet
  facet normal 0 0 -1
    outer loop
      vertex 50.4113 -61.4263 162
      vertex 38.0636 -46.3806 162
      vertex 42.4264 -42.4264 162
    endloop
  endfacet
  facet normal 0 0 -1
    outer loop
      vertex 33.3342 -49.8882 162
      vertex 44.1477 -66.0717 162
      vertex 37.6121 -69.989 162
    endloop
  endfacet
  facet normal 0 0 -1
    outer loop
      vertex 28.2838 -52.9153 162
      vertex 37.6121 -69.989 162
      vertex 37.459 -70.0808 162
    endloop
  endfacet
  facet normal 0 0 -1
    outer loop
      vertex 44.1477 -66.0717 162
      vertex 33.3342 -49.8882 162
      vertex 38.0636 -46.3806 162
    endloop
  endfacet
  facet normal 0 0 -1
    outer loop
      vertex 28.2838 -52.9153 162
      vertex 37.459 -70.0808 162
      vertex 30.5709 -73.3386 162
    endloop
  endfacet
  facet normal 0 0 -1
    outer loop
      vertex 30.2414 -73.4751 162
      vertex 30.5709 -73.3386 162
      vertex 30.4095 -73.415 162
    endloop
  endfacet
  facet normal -0 0 -1
    outer loop
      vertex 30.5709 -73.3386 162
      vertex 30.2414 -73.4751 162
      vertex 22.961 -55.4328 162
    endloop
  endfacet
  facet normal 0 0 -1
    outer loop
      vertex 37.6121 -69.989 162
      vertex 28.2838 -52.9153 162
      vertex 33.3342 -49.8882 162
    endloop
  endfacet
  facet normal 0 0 -1
    outer loop
      vertex 22.961 -55.4328 162
      vertex 30.2414 -73.4751 162
      vertex 23.0671 -76.0421 162
    endloop
  endfacet
  facet normal 0 0 -1
    outer loop
      vertex 30.5709 -73.3386 162
      vertex 22.961 -55.4328 162
      vertex 28.2838 -52.9153 162
    endloop
  endfacet
  facet normal 0 0 -1
    outer loop
      vertex 17.4171 -57.4164 162
      vertex 23.0671 -76.0421 162
      vertex 22.8939 -76.0855 162
    endloop
  endfacet
  facet normal 0 0 -1
    outer loop
      vertex 23.0671 -76.0421 162
      vertex 17.4171 -57.4164 162
      vertex 22.961 -55.4328 162
    endloop
  endfacet
  facet normal 0 0 -1
    outer loop
      vertex 15.5026 -77.9369 162
      vertex 17.4171 -57.4164 162
      vertex 22.8939 -76.0855 162
    endloop
  endfacet
  facet normal 0 0 -1
    outer loop
      vertex 15.5026 -77.9369 162
      vertex 11.7054 -58.8471 162
      vertex 17.4171 -57.4164 162
    endloop
  endfacet
  facet normal 0 0 -1
    outer loop
      vertex 7.9654 -79.0549 162
      vertex 11.7054 -58.8471 162
      vertex 15.5026 -77.9369 162
    endloop
  endfacet
  facet normal 0 0 -1
    outer loop
      vertex 7.6105 -79.0899 162
      vertex 7.9654 -79.0549 162
      vertex 7.78881 -79.0811 162
    endloop
  endfacet
  facet normal -0 0 -1
    outer loop
      vertex 7.9654 -79.0549 162
      vertex 7.6105 -79.0899 162
      vertex 5.88103 -59.7111 162
    endloop
  endfacet
  facet normal 0 0 -1
    outer loop
      vertex 7.9654 -79.0549 162
      vertex 5.88103 -59.7111 162
      vertex 11.7054 -58.8471 162
    endloop
  endfacet
  facet normal 0 0 -1
    outer loop
      vertex 0 -79.4638 162
      vertex 5.88103 -59.7111 162
      vertex 7.6105 -79.0899 162
    endloop
  endfacet
  facet normal 0 0 -1
    outer loop
      vertex 0 -79.4638 162
      vertex 0 -60 162
      vertex 5.88103 -59.7111 162
    endloop
  endfacet
  facet normal 0 0 -1
    outer loop
      vertex 0 -79.4638 162
      vertex -5.88103 -59.7111 162
      vertex 0 -60 162
    endloop
  endfacet
  facet normal 0 0 -1
    outer loop
      vertex -7.6105 -79.0899 162
      vertex -5.88103 -59.7111 162
      vertex 0 -79.4638 162
    endloop
  endfacet
  facet normal 0 0 -1
    outer loop
      vertex -7.9654 -79.0549 162
      vertex -7.6105 -79.0899 162
      vertex -7.78881 -79.0811 162
    endloop
  endfacet
  facet normal 0 0 -1
    outer loop
      vertex -7.6105 -79.0899 162
      vertex -7.9654 -79.0549 162
      vertex -5.88103 -59.7111 162
    endloop
  endfacet
  facet normal 0 0 -1
    outer loop
      vertex -7.9654 -79.0549 162
      vertex -11.7054 -58.8471 162
      vertex -5.88103 -59.7111 162
    endloop
  endfacet
  facet normal 0 0 -1
    outer loop
      vertex -15.5026 -77.9369 162
      vertex -11.7054 -58.8471 162
      vertex -7.9654 -79.0549 162
    endloop
  endfacet
  facet normal 0 0 -1
    outer loop
      vertex -15.5026 -77.9369 162
      vertex -17.4171 -57.4164 162
      vertex -11.7054 -58.8471 162
    endloop
  endfacet
  facet normal 0 0 -1
    outer loop
      vertex -22.8939 -76.0855 162
      vertex -17.4171 -57.4164 162
      vertex -15.5026 -77.9369 162
    endloop
  endfacet
  facet normal 0 0 -1
    outer loop
      vertex -23.0671 -76.0421 162
      vertex -17.4171 -57.4164 162
      vertex -22.8939 -76.0855 162
    endloop
  endfacet
  facet normal -0 0 -1
    outer loop
      vertex -17.4171 -57.4164 162
      vertex -23.0671 -76.0421 162
      vertex -22.961 -55.4328 162
    endloop
  endfacet
  facet normal 0 0 -1
    outer loop
      vertex -30.2414 -73.4751 162
      vertex -22.961 -55.4328 162
      vertex -23.0671 -76.0421 162
    endloop
  endfacet
  facet normal 0 0 -1
    outer loop
      vertex -30.5709 -73.3386 162
      vertex -22.961 -55.4328 162
      vertex -30.2414 -73.4751 162
    endloop
  endfacet
  facet normal 0 0 -1
    outer loop
      vertex -30.5709 -73.3386 162
      vertex -30.2414 -73.4751 162
      vertex -30.4095 -73.415 162
    endloop
  endfacet
  facet normal -0 0 -1
    outer loop
      vertex -22.961 -55.4328 162
      vertex -30.5709 -73.3386 162
      vertex -28.2838 -52.9153 162
    endloop
  endfacet
  facet normal 0 0 -1
    outer loop
      vertex -37.459 -70.0808 162
      vertex -28.2838 -52.9153 162
      vertex -30.5709 -73.3386 162
    endloop
  endfacet
  facet normal 0 0 -1
    outer loop
      vertex -37.6121 -69.989 162
      vertex -28.2838 -52.9153 162
      vertex -37.459 -70.0808 162
    endloop
  endfacet
  facet normal -0 0 -1
    outer loop
      vertex -28.2838 -52.9153 162
      vertex -37.6121 -69.989 162
      vertex -33.3342 -49.8882 162
    endloop
  endfacet
  facet normal 0 0 -1
    outer loop
      vertex -44.1477 -66.0717 162
      vertex -33.3342 -49.8882 162
      vertex -37.6121 -69.989 162
    endloop
  endfacet
  facet normal -0 0 -1
    outer loop
      vertex -33.3342 -49.8882 162
      vertex -44.1477 -66.0717 162
      vertex -38.0636 -46.3806 162
    endloop
  endfacet
  facet normal 0 0 -1
    outer loop
      vertex -50.2679 -61.5327 162
      vertex -38.0636 -46.3806 162
      vertex -44.1477 -66.0717 162
    endloop
  endfacet
  facet normal 0 0 -1
    outer loop
      vertex -50.4113 -61.4263 162
      vertex -38.0636 -46.3806 162
      vertex -50.2679 -61.5327 162
    endloop
  endfacet
  facet normal -0 0 -1
    outer loop
      vertex -38.0636 -46.3806 162
      vertex -50.4113 -61.4263 162
      vertex -42.4264 -42.4264 162
    endloop
  endfacet
  facet normal 0 0 -1
    outer loop
      vertex -56.0571 -56.3093 162
      vertex -42.4264 -42.4264 162
      vertex -50.4113 -61.4263 162
    endloop
  endfacet
  facet normal 0 0 -1
    outer loop
      vertex -56.3093 -56.0571 162
      vertex -42.4264 -42.4264 162
      vertex -56.0571 -56.3093 162
    endloop
  endfacet
  facet normal -0 0 -1
    outer loop
      vertex -42.4264 -42.4264 162
      vertex -56.3093 -56.0571 162
      vertex -46.3806 -38.0636 162
    endloop
  endfacet
  facet normal 0 0 -1
    outer loop
      vertex -61.4263 -50.4113 162
      vertex -46.3806 -38.0636 162
      vertex -56.3093 -56.0571 162
    endloop
  endfacet
  facet normal 0 0 -1
    outer loop
      vertex -61.5327 -50.2679 162
      vertex -46.3806 -38.0636 162
      vertex -61.4263 -50.4113 162
    endloop
  endfacet
  facet normal 0 0 -1
    outer loop
      vertex -56.3093 -56.0571 162
      vertex -56.0571 -56.3093 162
      vertex -56.1894 -56.1894 162
    endloop
  endfacet
  facet normal -0 0 -1
    outer loop
      vertex -46.3806 -38.0636 162
      vertex -61.5327 -50.2679 162
      vertex -49.8882 -33.3342 162
    endloop
  endfacet
  facet normal 0 0 -1
    outer loop
      vertex -66.0717 -44.1477 162
      vertex -49.8882 -33.3342 162
      vertex -61.5327 -50.2679 162
    endloop
  endfacet
  facet normal -0 0 -1
    outer loop
      vertex -49.8882 -33.3342 162
      vertex -66.0717 -44.1477 162
      vertex -52.9153 -28.2838 162
    endloop
  endfacet
  facet normal 0 0 -1
    outer loop
      vertex -69.989 -37.6121 162
      vertex -52.9153 -28.2838 162
      vertex -66.0717 -44.1477 162
    endloop
  endfacet
  facet normal -0 0 -1
    outer loop
      vertex -52.9153 -28.2838 162
      vertex -70.0808 -37.459 162
      vertex -55.4328 -22.961 162
    endloop
  endfacet
  facet normal 0 0 -1
    outer loop
      vertex -70.0808 -37.459 162
      vertex -52.9153 -28.2838 162
      vertex -69.989 -37.6121 162
    endloop
  endfacet
  facet normal 0 0 -1
    outer loop
      vertex 52.9153 28.2838 162
      vertex 70.0808 37.459 162
      vertex 55.4328 22.961 162
    endloop
  endfacet
  facet normal -0 0 -1
    outer loop
      vertex 70.0808 37.459 162
      vertex 52.9153 28.2838 162
      vertex 69.989 37.6121 162
    endloop
  endfacet
  facet normal -0 0 -1
    outer loop
      vertex 69.989 37.6121 162
      vertex 52.9153 28.2838 162
      vertex 66.0717 44.1477 162
    endloop
  endfacet
  facet normal 0 0 -1
    outer loop
      vertex 49.8882 33.3342 162
      vertex 66.0717 44.1477 162
      vertex 52.9153 28.2838 162
    endloop
  endfacet
  facet normal -0 0 -1
    outer loop
      vertex 66.0717 44.1477 162
      vertex 49.8882 33.3342 162
      vertex 61.5327 50.2679 162
    endloop
  endfacet
  facet normal 0 0 -1
    outer loop
      vertex 46.3806 38.0636 162
      vertex 61.5327 50.2679 162
      vertex 49.8882 33.3342 162
    endloop
  endfacet
  facet normal -0 0 -1
    outer loop
      vertex 61.5327 50.2679 162
      vertex 46.3806 38.0636 162
      vertex 61.4263 50.4113 162
    endloop
  endfacet
  facet normal -0 0 -1
    outer loop
      vertex 61.4263 50.4113 162
      vertex 46.3806 38.0636 162
      vertex 56.3093 56.0571 162
    endloop
  endfacet
  facet normal 0 0 -1
    outer loop
      vertex 42.4264 42.4264 162
      vertex 56.3093 56.0571 162
      vertex 46.3806 38.0636 162
    endloop
  endfacet
  facet normal 0 -0 -1
    outer loop
      vertex 56.0571 56.3093 162
      vertex 56.3093 56.0571 162
      vertex 42.4264 42.4264 162
    endloop
  endfacet
  facet normal 0 0 -1
    outer loop
      vertex 56.3093 56.0571 162
      vertex 56.0571 56.3093 162
      vertex 56.1894 56.1894 162
    endloop
  endfacet
  facet normal -0 0 -1
    outer loop
      vertex 56.0571 56.3093 162
      vertex 42.4264 42.4264 162
      vertex 50.4113 61.4263 162
    endloop
  endfacet
  facet normal 0 0 -1
    outer loop
      vertex 38.0636 46.3806 162
      vertex 50.4113 61.4263 162
      vertex 42.4264 42.4264 162
    endloop
  endfacet
  facet normal -0 0 -1
    outer loop
      vertex 50.4113 61.4263 162
      vertex 38.0636 46.3806 162
      vertex 50.2679 61.5327 162
    endloop
  endfacet
  facet normal -0 0 -1
    outer loop
      vertex 50.2679 61.5327 162
      vertex 38.0636 46.3806 162
      vertex 44.1477 66.0717 162
    endloop
  endfacet
  facet normal 0 0 -1
    outer loop
      vertex 33.3342 49.8882 162
      vertex 44.1477 66.0717 162
      vertex 38.0636 46.3806 162
    endloop
  endfacet
  facet normal -0 0 -1
    outer loop
      vertex 44.1477 66.0717 162
      vertex 33.3342 49.8882 162
      vertex 37.6121 69.989 162
    endloop
  endfacet
  facet normal 0 0 -1
    outer loop
      vertex 28.2838 52.9153 162
      vertex 37.6121 69.989 162
      vertex 33.3342 49.8882 162
    endloop
  endfacet
  facet normal -0 0 -1
    outer loop
      vertex 37.6121 69.989 162
      vertex 28.2838 52.9153 162
      vertex 37.459 70.0808 162
    endloop
  endfacet
  facet normal -0 0 -1
    outer loop
      vertex 37.459 70.0808 162
      vertex 28.2838 52.9153 162
      vertex 30.5709 73.3386 162
    endloop
  endfacet
  facet normal 0 0 -1
    outer loop
      vertex 22.961 55.4328 162
      vertex 30.5709 73.3386 162
      vertex 28.2838 52.9153 162
    endloop
  endfacet
  facet normal 0 -0 -1
    outer loop
      vertex 30.2414 73.4751 162
      vertex 30.5709 73.3386 162
      vertex 22.961 55.4328 162
    endloop
  endfacet
  facet normal 0 0 -1
    outer loop
      vertex 30.5709 73.3386 162
      vertex 30.2414 73.4751 162
      vertex 30.4095 73.415 162
    endloop
  endfacet
  facet normal -0 0 -1
    outer loop
      vertex 30.2414 73.4751 162
      vertex 22.961 55.4328 162
      vertex 23.0671 76.0421 162
    endloop
  endfacet
  facet normal 0 0 -1
    outer loop
      vertex 17.4171 57.4164 162
      vertex 23.0671 76.0421 162
      vertex 22.961 55.4328 162
    endloop
  endfacet
  facet normal -0 0 -1
    outer loop
      vertex 23.0671 76.0421 162
      vertex 17.4171 57.4164 162
      vertex 22.8939 76.0855 162
    endloop
  endfacet
  facet normal 0 0 -1
    outer loop
      vertex 17.4171 57.4164 162
      vertex 15.5026 77.9369 162
      vertex 22.8939 76.0855 162
    endloop
  endfacet
  facet normal 0 0 -1
    outer loop
      vertex 11.7054 58.8471 162
      vertex 15.5026 77.9369 162
      vertex 17.4171 57.4164 162
    endloop
  endfacet
  facet normal 0 0 -1
    outer loop
      vertex 11.7054 58.8471 162
      vertex 7.9654 79.0549 162
      vertex 15.5026 77.9369 162
    endloop
  endfacet
  facet normal 0 0 -1
    outer loop
      vertex 5.88103 59.7111 162
      vertex 7.9654 79.0549 162
      vertex 11.7054 58.8471 162
    endloop
  endfacet
  facet normal 0 -0 -1
    outer loop
      vertex 7.6105 79.0899 162
      vertex 7.9654 79.0549 162
      vertex 5.88103 59.7111 162
    endloop
  endfacet
  facet normal 0 0 -1
    outer loop
      vertex 7.9654 79.0549 162
      vertex 7.6105 79.0899 162
      vertex 7.78881 79.0811 162
    endloop
  endfacet
  facet normal 0 0 -1
    outer loop
      vertex 0 60 162
      vertex 7.6105 79.0899 162
      vertex 5.88103 59.7111 162
    endloop
  endfacet
  facet normal 0 0 -1
    outer loop
      vertex 0 60 162
      vertex 0 79.4638 162
      vertex 7.6105 79.0899 162
    endloop
  endfacet
  facet normal 0 0 -1
    outer loop
      vertex -5.88103 59.7111 162
      vertex 0 79.4638 162
      vertex 0 60 162
    endloop
  endfacet
  facet normal 0 0 -1
    outer loop
      vertex -5.88103 59.7111 162
      vertex -7.6105 79.0899 162
      vertex 0 79.4638 162
    endloop
  endfacet
  facet normal 0 0 -1
    outer loop
      vertex -7.9654 79.0549 162
      vertex -7.6105 79.0899 162
      vertex -5.88103 59.7111 162
    endloop
  endfacet
  facet normal 0 0 -1
    outer loop
      vertex -7.6105 79.0899 162
      vertex -7.9654 79.0549 162
      vertex -7.78881 79.0811 162
    endloop
  endfacet
  facet normal 0 0 -1
    outer loop
      vertex -11.7054 58.8471 162
      vertex -7.9654 79.0549 162
      vertex -5.88103 59.7111 162
    endloop
  endfacet
  facet normal 0 0 -1
    outer loop
      vertex -11.7054 58.8471 162
      vertex -15.5026 77.9369 162
      vertex -7.9654 79.0549 162
    endloop
  endfacet
  facet normal 0 0 -1
    outer loop
      vertex -17.4171 57.4164 162
      vertex -15.5026 77.9369 162
      vertex -11.7054 58.8471 162
    endloop
  endfacet
  facet normal 0 0 -1
    outer loop
      vertex -17.4171 57.4164 162
      vertex -22.8939 76.0855 162
      vertex -15.5026 77.9369 162
    endloop
  endfacet
  facet normal 0 0 -1
    outer loop
      vertex -23.0671 76.0421 162
      vertex -17.4171 57.4164 162
      vertex -22.961 55.4328 162
    endloop
  endfacet
  facet normal 0 0 -1
    outer loop
      vertex -17.4171 57.4164 162
      vertex -23.0671 76.0421 162
      vertex -22.8939 76.0855 162
    endloop
  endfacet
  facet normal 0 0 -1
    outer loop
      vertex -30.5709 73.3386 162
      vertex -22.961 55.4328 162
      vertex -28.2838 52.9153 162
    endloop
  endfacet
  facet normal 0 0 -1
    outer loop
      vertex -22.961 55.4328 162
      vertex -30.2414 73.4751 162
      vertex -23.0671 76.0421 162
    endloop
  endfacet
  facet normal 0 0 -1
    outer loop
      vertex -22.961 55.4328 162
      vertex -30.5709 73.3386 162
      vertex -30.2414 73.4751 162
    endloop
  endfacet
  facet normal 0 0 -1
    outer loop
      vertex -30.2414 73.4751 162
      vertex -30.5709 73.3386 162
      vertex -30.4095 73.415 162
    endloop
  endfacet
  facet normal 0 0 -1
    outer loop
      vertex -37.6121 69.989 162
      vertex -28.2838 52.9153 162
      vertex -33.3342 49.8882 162
    endloop
  endfacet
  facet normal 0 0 -1
    outer loop
      vertex -28.2838 52.9153 162
      vertex -37.459 70.0808 162
      vertex -30.5709 73.3386 162
    endloop
  endfacet
  facet normal 0 0 -1
    outer loop
      vertex -28.2838 52.9153 162
      vertex -37.6121 69.989 162
      vertex -37.459 70.0808 162
    endloop
  endfacet
  facet normal 0 0 -1
    outer loop
      vertex -44.1477 66.0717 162
      vertex -33.3342 49.8882 162
      vertex -38.0636 46.3806 162
    endloop
  endfacet
  facet normal 0 0 -1
    outer loop
      vertex -50.4113 61.4263 162
      vertex -38.0636 46.3806 162
      vertex -42.4264 42.4264 162
    endloop
  endfacet
  facet normal 0 0 -1
    outer loop
      vertex -33.3342 49.8882 162
      vertex -44.1477 66.0717 162
      vertex -37.6121 69.989 162
    endloop
  endfacet
  facet normal 0 0 -1
    outer loop
      vertex -56.3093 56.0571 162
      vertex -42.4264 42.4264 162
      vertex -46.3806 38.0636 162
    endloop
  endfacet
  facet normal 0 0 -1
    outer loop
      vertex -61.5327 50.2679 162
      vertex -46.3806 38.0636 162
      vertex -49.8882 33.3342 162
    endloop
  endfacet
  facet normal 0 0 -1
    outer loop
      vertex -38.0636 46.3806 162
      vertex -50.2679 61.5327 162
      vertex -44.1477 66.0717 162
    endloop
  endfacet
  facet normal 0 0 -1
    outer loop
      vertex -38.0636 46.3806 162
      vertex -50.4113 61.4263 162
      vertex -50.2679 61.5327 162
    endloop
  endfacet
  facet normal 0 0 -1
    outer loop
      vertex -66.0717 44.1477 162
      vertex -49.8882 33.3342 162
      vertex -52.9153 28.2838 162
    endloop
  endfacet
  facet normal 0 0 -1
    outer loop
      vertex -70.0808 37.459 162
      vertex -52.9153 28.2838 162
      vertex -55.4328 22.961 162
    endloop
  endfacet
  facet normal 0 0 -1
    outer loop
      vertex -42.4264 42.4264 162
      vertex -56.0571 56.3093 162
      vertex -50.4113 61.4263 162
    endloop
  endfacet
  facet normal 0 0 -1
    outer loop
      vertex -42.4264 42.4264 162
      vertex -56.3093 56.0571 162
      vertex -56.0571 56.3093 162
    endloop
  endfacet
  facet normal 0 0 -1
    outer loop
      vertex -56.0571 56.3093 162
      vertex -56.3093 56.0571 162
      vertex -56.1894 56.1894 162
    endloop
  endfacet
  facet normal 0 0 -1
    outer loop
      vertex -73.4751 30.2414 162
      vertex -55.4328 22.961 162
      vertex -57.4164 17.4171 162
    endloop
  endfacet
  facet normal 0 0 -1
    outer loop
      vertex -76.0855 22.8939 162
      vertex -57.4164 17.4171 162
      vertex -58.8471 11.7054 162
    endloop
  endfacet
  facet normal 0 0 -1
    outer loop
      vertex -77.9369 15.5026 162
      vertex -58.8471 11.7054 162
      vertex -59.7111 5.88103 162
    endloop
  endfacet
  facet normal 0 0 -1
    outer loop
      vertex -46.3806 38.0636 162
      vertex -61.4263 50.4113 162
      vertex -56.3093 56.0571 162
    endloop
  endfacet
  facet normal 0 0 -1
    outer loop
      vertex -79.0899 7.6105 162
      vertex -59.7111 5.88103 162
      vertex -60 0 162
    endloop
  endfacet
  facet normal 0 0 -1
    outer loop
      vertex -73.3386 -30.5709 162
      vertex -55.4328 -22.961 162
      vertex -70.0808 -37.459 162
    endloop
  endfacet
  facet normal 0 0 -1
    outer loop
      vertex -73.4751 -30.2414 162
      vertex -55.4328 -22.961 162
      vertex -73.3386 -30.5709 162
    endloop
  endfacet
  facet normal 0 0 -1
    outer loop
      vertex -46.3806 38.0636 162
      vertex -61.5327 50.2679 162
      vertex -61.4263 50.4113 162
    endloop
  endfacet
  facet normal -0 0 -1
    outer loop
      vertex -55.4328 -22.961 162
      vertex -73.4751 -30.2414 162
      vertex -57.4164 -17.4171 162
    endloop
  endfacet
  facet normal 0 0 -1
    outer loop
      vertex -49.8882 33.3342 162
      vertex -66.0717 44.1477 162
      vertex -61.5327 50.2679 162
    endloop
  endfacet
  facet normal 0 0 -1
    outer loop
      vertex -76.0421 -23.0671 162
      vertex -57.4164 -17.4171 162
      vertex -73.4751 -30.2414 162
    endloop
  endfacet
  facet normal 0 0 -1
    outer loop
      vertex -52.9153 28.2838 162
      vertex -69.989 37.6121 162
      vertex -66.0717 44.1477 162
    endloop
  endfacet
  facet normal 0 0 -1
    outer loop
      vertex -76.0855 -22.8939 162
      vertex -57.4164 -17.4171 162
      vertex -76.0421 -23.0671 162
    endloop
  endfacet
  facet normal -0 0 -1
    outer loop
      vertex -57.4164 -17.4171 162
      vertex -76.0855 -22.8939 162
      vertex -58.8471 -11.7054 162
    endloop
  endfacet
  facet normal 0 0 -1
    outer loop
      vertex -55.4328 22.961 162
      vertex -73.3386 30.5709 162
      vertex -70.0808 37.459 162
    endloop
  endfacet
  facet normal 0 0 -1
    outer loop
      vertex -52.9153 28.2838 162
      vertex -70.0808 37.459 162
      vertex -69.989 37.6121 162
    endloop
  endfacet
  facet normal 0 0 -1
    outer loop
      vertex -73.4751 -30.2414 162
      vertex -73.3386 -30.5709 162
      vertex -73.415 -30.4095 162
    endloop
  endfacet
  facet normal 0 0 -1
    outer loop
      vertex -77.9369 -15.5026 162
      vertex -58.8471 -11.7054 162
      vertex -76.0855 -22.8939 162
    endloop
  endfacet
  facet normal 0 0 -1
    outer loop
      vertex -55.4328 22.961 162
      vertex -73.4751 30.2414 162
      vertex -73.3386 30.5709 162
    endloop
  endfacet
  facet normal 0 0 -1
    outer loop
      vertex -73.3386 30.5709 162
      vertex -73.4751 30.2414 162
      vertex -73.415 30.4095 162
    endloop
  endfacet
  facet normal -0 0 -1
    outer loop
      vertex -58.8471 -11.7054 162
      vertex -77.9369 -15.5026 162
      vertex -59.7111 -5.88103 162
    endloop
  endfacet
  facet normal 0 0 -1
    outer loop
      vertex -79.0549 -7.9654 162
      vertex -59.7111 -5.88103 162
      vertex -77.9369 -15.5026 162
    endloop
  endfacet
  facet normal 0 0 -1
    outer loop
      vertex -57.4164 17.4171 162
      vertex -76.0855 22.8939 162
      vertex -76.0421 23.0671 162
    endloop
  endfacet
  facet normal 0 0 -1
    outer loop
      vertex -57.4164 17.4171 162
      vertex -76.0421 23.0671 162
      vertex -73.4751 30.2414 162
    endloop
  endfacet
  facet normal 0 0 -1
    outer loop
      vertex -79.0899 -7.6105 162
      vertex -59.7111 -5.88103 162
      vertex -79.0549 -7.9654 162
    endloop
  endfacet
  facet normal 0 0 -1
    outer loop
      vertex -58.8471 11.7054 162
      vertex -77.9369 15.5026 162
      vertex -76.0855 22.8939 162
    endloop
  endfacet
  facet normal -0 0 -1
    outer loop
      vertex -59.7111 -5.88103 162
      vertex -79.0899 -7.6105 162
      vertex -60 0 162
    endloop
  endfacet
  facet normal 0 0 -1
    outer loop
      vertex -59.7111 5.88103 162
      vertex -79.0549 7.9654 162
      vertex -77.9369 15.5026 162
    endloop
  endfacet
  facet normal 0 0 -1
    outer loop
      vertex -79.0899 -7.6105 162
      vertex -79.0549 -7.9654 162
      vertex -79.0811 -7.78881 162
    endloop
  endfacet
  facet normal 0 0 -1
    outer loop
      vertex -79.4638 0 162
      vertex -60 0 162
      vertex -79.0899 -7.6105 162
    endloop
  endfacet
  facet normal 0 0 -1
    outer loop
      vertex -59.7111 5.88103 162
      vertex -79.0899 7.6105 162
      vertex -79.0549 7.9654 162
    endloop
  endfacet
  facet normal 0 0 -1
    outer loop
      vertex -79.0549 7.9654 162
      vertex -79.0899 7.6105 162
      vertex -79.0811 7.78881 162
    endloop
  endfacet
  facet normal 0 0 -1
    outer loop
      vertex -60 0 162
      vertex -79.4638 0 162
      vertex -79.0899 7.6105 162
    endloop
  endfacet
  facet normal -0.671558 -0.740952 0
    outer loop
      vertex 38.0636 46.3806 162
      vertex 42.4264 42.4264 163
      vertex 38.0636 46.3806 163
    endloop
  endfacet
  facet normal -0.671558 -0.740952 -0
    outer loop
      vertex 42.4264 42.4264 163
      vertex 38.0636 46.3806 162
      vertex 42.4264 42.4264 162
    endloop
  endfacet
  facet normal -0.998796 0.0490649 0
    outer loop
      vertex 59.7111 -5.88103 162
      vertex 60 0 163
      vertex 60 0 162
    endloop
  endfacet
  facet normal -0.998796 0.0490649 0
    outer loop
      vertex 60 0 163
      vertex 59.7111 -5.88103 162
      vertex 59.7111 -5.88103 163
    endloop
  endfacet
  facet normal 0.336884 -0.941546 0
    outer loop
      vertex -22.961 55.4328 162
      vertex -17.4171 57.4164 163
      vertex -22.961 55.4328 163
    endloop
  endfacet
  facet normal 0.336884 -0.941546 0
    outer loop
      vertex -17.4171 57.4164 163
      vertex -22.961 55.4328 162
      vertex -17.4171 57.4164 162
    endloop
  endfacet
  facet normal 0.903989 -0.427556 0
    outer loop
      vertex -55.4328 22.961 163
      vertex -52.9153 28.2838 162
      vertex -52.9153 28.2838 163
    endloop
  endfacet
  facet normal 0.903989 -0.427556 0
    outer loop
      vertex -52.9153 28.2838 162
      vertex -55.4328 22.961 163
      vertex -55.4328 22.961 162
    endloop
  endfacet
  facet normal -0.903989 -0.427556 0
    outer loop
      vertex 55.4328 22.961 162
      vertex 52.9153 28.2838 163
      vertex 52.9153 28.2838 162
    endloop
  endfacet
  facet normal -0.903989 -0.427556 0
    outer loop
      vertex 52.9153 28.2838 163
      vertex 55.4328 22.961 162
      vertex 55.4328 22.961 163
    endloop
  endfacet
  facet normal -0.857728 -0.514104 0
    outer loop
      vertex 52.9153 28.2838 162
      vertex 49.8882 33.3342 163
      vertex 49.8882 33.3342 162
    endloop
  endfacet
  facet normal -0.857728 -0.514104 0
    outer loop
      vertex 49.8882 33.3342 163
      vertex 52.9153 28.2838 162
      vertex 52.9153 28.2838 163
    endloop
  endfacet
  facet normal -0.740952 -0.671558 0
    outer loop
      vertex 46.3806 38.0636 162
      vertex 42.4264 42.4264 163
      vertex 42.4264 42.4264 162
    endloop
  endfacet
  facet normal -0.740952 -0.671558 0
    outer loop
      vertex 42.4264 42.4264 163
      vertex 46.3806 38.0636 162
      vertex 46.3806 38.0636 163
    endloop
  endfacet
  facet normal -0.427556 -0.903989 0
    outer loop
      vertex 22.961 55.4328 162
      vertex 28.2838 52.9153 163
      vertex 22.961 55.4328 163
    endloop
  endfacet
  facet normal -0.427556 -0.903989 -0
    outer loop
      vertex 28.2838 52.9153 163
      vertex 22.961 55.4328 162
      vertex 28.2838 52.9153 162
    endloop
  endfacet
  facet normal -0.146737 -0.989176 0
    outer loop
      vertex 5.88103 59.7111 162
      vertex 11.7054 58.8471 163
      vertex 5.88103 59.7111 163
    endloop
  endfacet
  facet normal -0.146737 -0.989176 -0
    outer loop
      vertex 11.7054 58.8471 163
      vertex 5.88103 59.7111 162
      vertex 11.7054 58.8471 162
    endloop
  endfacet
  facet normal 0.989176 -0.146737 0
    outer loop
      vertex -59.7111 5.88103 163
      vertex -58.8471 11.7054 162
      vertex -58.8471 11.7054 163
    endloop
  endfacet
  facet normal 0.989176 -0.146737 0
    outer loop
      vertex -58.8471 11.7054 162
      vertex -59.7111 5.88103 163
      vertex -59.7111 5.88103 162
    endloop
  endfacet
  facet normal 0.740952 -0.671558 0
    outer loop
      vertex -46.3806 38.0636 163
      vertex -42.4264 42.4264 162
      vertex -42.4264 42.4264 163
    endloop
  endfacet
  facet normal 0.740952 -0.671558 0
    outer loop
      vertex -42.4264 42.4264 162
      vertex -46.3806 38.0636 163
      vertex -46.3806 38.0636 162
    endloop
  endfacet
  facet normal 0.146737 -0.989176 0
    outer loop
      vertex -11.7054 58.8471 162
      vertex -5.88103 59.7111 163
      vertex -11.7054 58.8471 163
    endloop
  endfacet
  facet normal 0.146737 -0.989176 0
    outer loop
      vertex -5.88103 59.7111 163
      vertex -11.7054 58.8471 162
      vertex -5.88103 59.7111 162
    endloop
  endfacet
  facet normal -0.941546 0.336884 0
    outer loop
      vertex 55.4328 -22.961 162
      vertex 57.4164 -17.4171 163
      vertex 57.4164 -17.4171 162
    endloop
  endfacet
  facet normal -0.941546 0.336884 0
    outer loop
      vertex 57.4164 -17.4171 163
      vertex 55.4328 -22.961 162
      vertex 55.4328 -22.961 163
    endloop
  endfacet
  facet normal 0.146737 0.989176 -0
    outer loop
      vertex -5.88103 -59.7111 162
      vertex -11.7054 -58.8471 163
      vertex -5.88103 -59.7111 163
    endloop
  endfacet
  facet normal 0.146737 0.989176 0
    outer loop
      vertex -11.7054 -58.8471 163
      vertex -5.88103 -59.7111 162
      vertex -11.7054 -58.8471 162
    endloop
  endfacet
  facet normal 0.671558 0.740952 -0
    outer loop
      vertex -38.0636 -46.3806 162
      vertex -42.4264 -42.4264 163
      vertex -38.0636 -46.3806 163
    endloop
  endfacet
  facet normal 0.671558 0.740952 0
    outer loop
      vertex -42.4264 -42.4264 163
      vertex -38.0636 -46.3806 162
      vertex -42.4264 -42.4264 162
    endloop
  endfacet
  facet normal -0.989176 -0.146737 0
    outer loop
      vertex 59.7111 5.88103 162
      vertex 58.8471 11.7054 163
      vertex 58.8471 11.7054 162
    endloop
  endfacet
  facet normal -0.989176 -0.146737 0
    outer loop
      vertex 58.8471 11.7054 163
      vertex 59.7111 5.88103 162
      vertex 59.7111 5.88103 163
    endloop
  endfacet
  facet normal -0.970032 -0.242979 0
    outer loop
      vertex 58.8471 11.7054 162
      vertex 57.4164 17.4171 163
      vertex 57.4164 17.4171 162
    endloop
  endfacet
  facet normal -0.970032 -0.242979 0
    outer loop
      vertex 57.4164 17.4171 163
      vertex 58.8471 11.7054 162
      vertex 58.8471 11.7054 163
    endloop
  endfacet
  facet normal -0.941546 -0.336884 0
    outer loop
      vertex 57.4164 17.4171 162
      vertex 55.4328 22.961 163
      vertex 55.4328 22.961 162
    endloop
  endfacet
  facet normal -0.941546 -0.336884 0
    outer loop
      vertex 55.4328 22.961 163
      vertex 57.4164 17.4171 162
      vertex 57.4164 17.4171 163
    endloop
  endfacet
  facet normal -0.803204 -0.595703 0
    outer loop
      vertex 49.8882 33.3342 162
      vertex 46.3806 38.0636 163
      vertex 46.3806 38.0636 162
    endloop
  endfacet
  facet normal -0.803204 -0.595703 0
    outer loop
      vertex 46.3806 38.0636 163
      vertex 49.8882 33.3342 162
      vertex 49.8882 33.3342 163
    endloop
  endfacet
  facet normal -0.595703 -0.803204 0
    outer loop
      vertex 33.3342 49.8882 162
      vertex 38.0636 46.3806 163
      vertex 33.3342 49.8882 163
    endloop
  endfacet
  facet normal -0.595703 -0.803204 -0
    outer loop
      vertex 38.0636 46.3806 163
      vertex 33.3342 49.8882 162
      vertex 38.0636 46.3806 162
    endloop
  endfacet
  facet normal -0.0490649 -0.998796 0
    outer loop
      vertex 0 60 162
      vertex 5.88103 59.7111 163
      vertex 0 60 163
    endloop
  endfacet
  facet normal -0.0490649 -0.998796 -0
    outer loop
      vertex 5.88103 59.7111 163
      vertex 0 60 162
      vertex 5.88103 59.7111 162
    endloop
  endfacet
  facet normal -0.514104 -0.857728 0
    outer loop
      vertex 28.2838 52.9153 162
      vertex 33.3342 49.8882 163
      vertex 28.2838 52.9153 163
    endloop
  endfacet
  facet normal -0.514104 -0.857728 -0
    outer loop
      vertex 33.3342 49.8882 163
      vertex 28.2838 52.9153 162
      vertex 33.3342 49.8882 162
    endloop
  endfacet
  facet normal -0.336884 -0.941546 0
    outer loop
      vertex 17.4171 57.4164 162
      vertex 22.961 55.4328 163
      vertex 17.4171 57.4164 163
    endloop
  endfacet
  facet normal -0.336884 -0.941546 -0
    outer loop
      vertex 22.961 55.4328 163
      vertex 17.4171 57.4164 162
      vertex 22.961 55.4328 162
    endloop
  endfacet
  facet normal -0.242979 -0.970032 0
    outer loop
      vertex 11.7054 58.8471 162
      vertex 17.4171 57.4164 163
      vertex 11.7054 58.8471 163
    endloop
  endfacet
  facet normal -0.242979 -0.970032 -0
    outer loop
      vertex 17.4171 57.4164 163
      vertex 11.7054 58.8471 162
      vertex 17.4171 57.4164 162
    endloop
  endfacet
  facet normal 0.998796 -0.0490649 0
    outer loop
      vertex -60 0 163
      vertex -59.7111 5.88103 162
      vertex -59.7111 5.88103 163
    endloop
  endfacet
  facet normal 0.998796 -0.0490649 0
    outer loop
      vertex -59.7111 5.88103 162
      vertex -60 0 163
      vertex -60 0 162
    endloop
  endfacet
  facet normal 0.941546 -0.336884 0
    outer loop
      vertex -57.4164 17.4171 163
      vertex -55.4328 22.961 162
      vertex -55.4328 22.961 163
    endloop
  endfacet
  facet normal 0.941546 -0.336884 0
    outer loop
      vertex -55.4328 22.961 162
      vertex -57.4164 17.4171 163
      vertex -57.4164 17.4171 162
    endloop
  endfacet
  facet normal 0.970032 -0.242979 0
    outer loop
      vertex -58.8471 11.7054 163
      vertex -57.4164 17.4171 162
      vertex -57.4164 17.4171 163
    endloop
  endfacet
  facet normal 0.970032 -0.242979 0
    outer loop
      vertex -57.4164 17.4171 162
      vertex -58.8471 11.7054 163
      vertex -58.8471 11.7054 162
    endloop
  endfacet
  facet normal 0.857728 -0.514104 0
    outer loop
      vertex -52.9153 28.2838 163
      vertex -49.8882 33.3342 162
      vertex -49.8882 33.3342 163
    endloop
  endfacet
  facet normal 0.857728 -0.514104 0
    outer loop
      vertex -49.8882 33.3342 162
      vertex -52.9153 28.2838 163
      vertex -52.9153 28.2838 162
    endloop
  endfacet
  facet normal 0.803204 -0.595703 0
    outer loop
      vertex -49.8882 33.3342 163
      vertex -46.3806 38.0636 162
      vertex -46.3806 38.0636 163
    endloop
  endfacet
  facet normal 0.803204 -0.595703 0
    outer loop
      vertex -46.3806 38.0636 162
      vertex -49.8882 33.3342 163
      vertex -49.8882 33.3342 162
    endloop
  endfacet
  facet normal 0.242979 -0.970032 0
    outer loop
      vertex -17.4171 57.4164 162
      vertex -11.7054 58.8471 163
      vertex -17.4171 57.4164 163
    endloop
  endfacet
  facet normal 0.242979 -0.970032 0
    outer loop
      vertex -11.7054 58.8471 163
      vertex -17.4171 57.4164 162
      vertex -11.7054 58.8471 162
    endloop
  endfacet
  facet normal 0.0490649 -0.998796 0
    outer loop
      vertex -5.88103 59.7111 162
      vertex 0 60 163
      vertex -5.88103 59.7111 163
    endloop
  endfacet
  facet normal 0.0490649 -0.998796 0
    outer loop
      vertex 0 60 163
      vertex -5.88103 59.7111 162
      vertex 0 60 162
    endloop
  endfacet
  facet normal 0.514104 -0.857728 0
    outer loop
      vertex -33.3342 49.8882 162
      vertex -28.2838 52.9153 163
      vertex -33.3342 49.8882 163
    endloop
  endfacet
  facet normal 0.514104 -0.857728 0
    outer loop
      vertex -28.2838 52.9153 163
      vertex -33.3342 49.8882 162
      vertex -28.2838 52.9153 162
    endloop
  endfacet
  facet normal 0.595703 -0.803204 0
    outer loop
      vertex -38.0636 46.3806 162
      vertex -33.3342 49.8882 163
      vertex -38.0636 46.3806 163
    endloop
  endfacet
  facet normal 0.595703 -0.803204 0
    outer loop
      vertex -33.3342 49.8882 163
      vertex -38.0636 46.3806 162
      vertex -33.3342 49.8882 162
    endloop
  endfacet
  facet normal 0.427556 -0.903989 0
    outer loop
      vertex -28.2838 52.9153 162
      vertex -22.961 55.4328 163
      vertex -28.2838 52.9153 163
    endloop
  endfacet
  facet normal 0.427556 -0.903989 0
    outer loop
      vertex -22.961 55.4328 163
      vertex -28.2838 52.9153 162
      vertex -22.961 55.4328 162
    endloop
  endfacet
  facet normal 0.671558 -0.740952 0
    outer loop
      vertex -42.4264 42.4264 162
      vertex -38.0636 46.3806 163
      vertex -42.4264 42.4264 163
    endloop
  endfacet
  facet normal 0.671558 -0.740952 0
    outer loop
      vertex -38.0636 46.3806 163
      vertex -42.4264 42.4264 162
      vertex -38.0636 46.3806 162
    endloop
  endfacet
  facet normal -0.998796 -0.0490649 0
    outer loop
      vertex 60 0 162
      vertex 59.7111 5.88103 163
      vertex 59.7111 5.88103 162
    endloop
  endfacet
  facet normal -0.998796 -0.0490649 0
    outer loop
      vertex 59.7111 5.88103 163
      vertex 60 0 162
      vertex 60 0 163
    endloop
  endfacet
  facet normal -0.970032 0.242979 0
    outer loop
      vertex 57.4164 -17.4171 162
      vertex 58.8471 -11.7054 163
      vertex 58.8471 -11.7054 162
    endloop
  endfacet
  facet normal -0.970032 0.242979 0
    outer loop
      vertex 58.8471 -11.7054 163
      vertex 57.4164 -17.4171 162
      vertex 57.4164 -17.4171 163
    endloop
  endfacet
  facet normal -0.0490649 0.998796 0
    outer loop
      vertex 5.88103 -59.7111 162
      vertex 0 -60 163
      vertex 5.88103 -59.7111 163
    endloop
  endfacet
  facet normal -0.0490649 0.998796 0
    outer loop
      vertex 0 -60 163
      vertex 5.88103 -59.7111 162
      vertex 0 -60 162
    endloop
  endfacet
  facet normal -0.242979 0.970032 0
    outer loop
      vertex 17.4171 -57.4164 162
      vertex 11.7054 -58.8471 163
      vertex 17.4171 -57.4164 163
    endloop
  endfacet
  facet normal -0.242979 0.970032 0
    outer loop
      vertex 11.7054 -58.8471 163
      vertex 17.4171 -57.4164 162
      vertex 11.7054 -58.8471 162
    endloop
  endfacet
  facet normal -0.595703 0.803204 0
    outer loop
      vertex 38.0636 -46.3806 162
      vertex 33.3342 -49.8882 163
      vertex 38.0636 -46.3806 163
    endloop
  endfacet
  facet normal -0.595703 0.803204 0
    outer loop
      vertex 33.3342 -49.8882 163
      vertex 38.0636 -46.3806 162
      vertex 33.3342 -49.8882 162
    endloop
  endfacet
  facet normal -0.427556 0.903989 0
    outer loop
      vertex 28.2838 -52.9153 162
      vertex 22.961 -55.4328 163
      vertex 28.2838 -52.9153 163
    endloop
  endfacet
  facet normal -0.427556 0.903989 0
    outer loop
      vertex 22.961 -55.4328 163
      vertex 28.2838 -52.9153 162
      vertex 22.961 -55.4328 162
    endloop
  endfacet
  facet normal 0.336884 0.941546 -0
    outer loop
      vertex -17.4171 -57.4164 162
      vertex -22.961 -55.4328 163
      vertex -17.4171 -57.4164 163
    endloop
  endfacet
  facet normal 0.336884 0.941546 0
    outer loop
      vertex -22.961 -55.4328 163
      vertex -17.4171 -57.4164 162
      vertex -22.961 -55.4328 162
    endloop
  endfacet
  facet normal 0.514104 0.857728 -0
    outer loop
      vertex -28.2838 -52.9153 162
      vertex -33.3342 -49.8882 163
      vertex -28.2838 -52.9153 163
    endloop
  endfacet
  facet normal 0.514104 0.857728 0
    outer loop
      vertex -33.3342 -49.8882 163
      vertex -28.2838 -52.9153 162
      vertex -33.3342 -49.8882 162
    endloop
  endfacet
  facet normal 0.970032 0.242979 0
    outer loop
      vertex -57.4164 -17.4171 163
      vertex -58.8471 -11.7054 162
      vertex -58.8471 -11.7054 163
    endloop
  endfacet
  facet normal 0.970032 0.242979 0
    outer loop
      vertex -58.8471 -11.7054 162
      vertex -57.4164 -17.4171 163
      vertex -57.4164 -17.4171 162
    endloop
  endfacet
  facet normal 0.998796 0.0490649 0
    outer loop
      vertex -59.7111 -5.88103 163
      vertex -60 0 162
      vertex -60 0 163
    endloop
  endfacet
  facet normal 0.998796 0.0490649 0
    outer loop
      vertex -60 0 162
      vertex -59.7111 -5.88103 163
      vertex -59.7111 -5.88103 162
    endloop
  endfacet
  facet normal 0.803204 0.595703 0
    outer loop
      vertex -46.3806 -38.0636 163
      vertex -49.8882 -33.3342 162
      vertex -49.8882 -33.3342 163
    endloop
  endfacet
  facet normal 0.803204 0.595703 0
    outer loop
      vertex -49.8882 -33.3342 162
      vertex -46.3806 -38.0636 163
      vertex -46.3806 -38.0636 162
    endloop
  endfacet
  facet normal 0.903989 0.427556 0
    outer loop
      vertex -52.9153 -28.2838 163
      vertex -55.4328 -22.961 162
      vertex -55.4328 -22.961 163
    endloop
  endfacet
  facet normal 0.903989 0.427556 0
    outer loop
      vertex -55.4328 -22.961 162
      vertex -52.9153 -28.2838 163
      vertex -52.9153 -28.2838 162
    endloop
  endfacet
  facet normal -0.989176 0.146737 0
    outer loop
      vertex 58.8471 -11.7054 162
      vertex 59.7111 -5.88103 163
      vertex 59.7111 -5.88103 162
    endloop
  endfacet
  facet normal -0.989176 0.146737 0
    outer loop
      vertex 59.7111 -5.88103 163
      vertex 58.8471 -11.7054 162
      vertex 58.8471 -11.7054 163
    endloop
  endfacet
  facet normal -0.146737 0.989176 0
    outer loop
      vertex 11.7054 -58.8471 162
      vertex 5.88103 -59.7111 163
      vertex 11.7054 -58.8471 163
    endloop
  endfacet
  facet normal -0.146737 0.989176 0
    outer loop
      vertex 5.88103 -59.7111 163
      vertex 11.7054 -58.8471 162
      vertex 5.88103 -59.7111 162
    endloop
  endfacet
  facet normal -0.336884 0.941546 0
    outer loop
      vertex 22.961 -55.4328 162
      vertex 17.4171 -57.4164 163
      vertex 22.961 -55.4328 163
    endloop
  endfacet
  facet normal -0.336884 0.941546 0
    outer loop
      vertex 17.4171 -57.4164 163
      vertex 22.961 -55.4328 162
      vertex 17.4171 -57.4164 162
    endloop
  endfacet
  facet normal -0.671558 0.740952 0
    outer loop
      vertex 42.4264 -42.4264 162
      vertex 38.0636 -46.3806 163
      vertex 42.4264 -42.4264 163
    endloop
  endfacet
  facet normal -0.671558 0.740952 0
    outer loop
      vertex 38.0636 -46.3806 163
      vertex 42.4264 -42.4264 162
      vertex 38.0636 -46.3806 162
    endloop
  endfacet
  facet normal -0.514104 0.857728 0
    outer loop
      vertex 33.3342 -49.8882 162
      vertex 28.2838 -52.9153 163
      vertex 33.3342 -49.8882 163
    endloop
  endfacet
  facet normal -0.514104 0.857728 0
    outer loop
      vertex 28.2838 -52.9153 163
      vertex 33.3342 -49.8882 162
      vertex 28.2838 -52.9153 162
    endloop
  endfacet
  facet normal 0.0490649 0.998796 -0
    outer loop
      vertex 0 -60 162
      vertex -5.88103 -59.7111 163
      vertex 0 -60 163
    endloop
  endfacet
  facet normal 0.0490649 0.998796 0
    outer loop
      vertex -5.88103 -59.7111 163
      vertex 0 -60 162
      vertex -5.88103 -59.7111 162
    endloop
  endfacet
  facet normal 0.242979 0.970032 -0
    outer loop
      vertex -11.7054 -58.8471 162
      vertex -17.4171 -57.4164 163
      vertex -11.7054 -58.8471 163
    endloop
  endfacet
  facet normal 0.242979 0.970032 0
    outer loop
      vertex -17.4171 -57.4164 163
      vertex -11.7054 -58.8471 162
      vertex -17.4171 -57.4164 162
    endloop
  endfacet
  facet normal 0.427556 0.903989 -0
    outer loop
      vertex -22.961 -55.4328 162
      vertex -28.2838 -52.9153 163
      vertex -22.961 -55.4328 163
    endloop
  endfacet
  facet normal 0.427556 0.903989 0
    outer loop
      vertex -28.2838 -52.9153 163
      vertex -22.961 -55.4328 162
      vertex -28.2838 -52.9153 162
    endloop
  endfacet
  facet normal 0.595703 0.803204 -0
    outer loop
      vertex -33.3342 -49.8882 162
      vertex -38.0636 -46.3806 163
      vertex -33.3342 -49.8882 163
    endloop
  endfacet
  facet normal 0.595703 0.803204 0
    outer loop
      vertex -38.0636 -46.3806 163
      vertex -33.3342 -49.8882 162
      vertex -38.0636 -46.3806 162
    endloop
  endfacet
  facet normal 0.941546 0.336884 0
    outer loop
      vertex -55.4328 -22.961 163
      vertex -57.4164 -17.4171 162
      vertex -57.4164 -17.4171 163
    endloop
  endfacet
  facet normal 0.941546 0.336884 0
    outer loop
      vertex -57.4164 -17.4171 162
      vertex -55.4328 -22.961 163
      vertex -55.4328 -22.961 162
    endloop
  endfacet
  facet normal 0.989176 0.146737 0
    outer loop
      vertex -58.8471 -11.7054 163
      vertex -59.7111 -5.88103 162
      vertex -59.7111 -5.88103 163
    endloop
  endfacet
  facet normal 0.989176 0.146737 0
    outer loop
      vertex -59.7111 -5.88103 162
      vertex -58.8471 -11.7054 163
      vertex -58.8471 -11.7054 162
    endloop
  endfacet
  facet normal 0.857728 0.514104 0
    outer loop
      vertex -49.8882 -33.3342 163
      vertex -52.9153 -28.2838 162
      vertex -52.9153 -28.2838 163
    endloop
  endfacet
  facet normal 0.857728 0.514104 0
    outer loop
      vertex -52.9153 -28.2838 162
      vertex -49.8882 -33.3342 163
      vertex -49.8882 -33.3342 162
    endloop
  endfacet
  facet normal 0.740952 0.671558 0
    outer loop
      vertex -42.4264 -42.4264 163
      vertex -46.3806 -38.0636 162
      vertex -46.3806 -38.0636 163
    endloop
  endfacet
  facet normal 0.740952 0.671558 0
    outer loop
      vertex -46.3806 -38.0636 162
      vertex -42.4264 -42.4264 163
      vertex -42.4264 -42.4264 162
    endloop
  endfacet
  facet normal -0.903989 0.427556 0
    outer loop
      vertex 52.9153 -28.2838 162
      vertex 55.4328 -22.961 163
      vertex 55.4328 -22.961 162
    endloop
  endfacet
  facet normal -0.903989 0.427556 0
    outer loop
      vertex 55.4328 -22.961 163
      vertex 52.9153 -28.2838 162
      vertex 52.9153 -28.2838 163
    endloop
  endfacet
  facet normal -0.803204 0.595703 0
    outer loop
      vertex 46.3806 -38.0636 162
      vertex 49.8882 -33.3342 163
      vertex 49.8882 -33.3342 162
    endloop
  endfacet
  facet normal -0.803204 0.595703 0
    outer loop
      vertex 49.8882 -33.3342 163
      vertex 46.3806 -38.0636 162
      vertex 46.3806 -38.0636 163
    endloop
  endfacet
  facet normal -0.740952 0.671558 0
    outer loop
      vertex 42.4264 -42.4264 162
      vertex 46.3806 -38.0636 163
      vertex 46.3806 -38.0636 162
    endloop
  endfacet
  facet normal -0.740952 0.671558 0
    outer loop
      vertex 46.3806 -38.0636 163
      vertex 42.4264 -42.4264 162
      vertex 42.4264 -42.4264 163
    endloop
  endfacet
  facet normal -0.857728 0.514104 0
    outer loop
      vertex 49.8882 -33.3342 162
      vertex 52.9153 -28.2838 163
      vertex 52.9153 -28.2838 162
    endloop
  endfacet
  facet normal -0.857728 0.514104 0
    outer loop
      vertex 52.9153 -28.2838 163
      vertex 49.8882 -33.3342 162
      vertex 49.8882 -33.3342 163
    endloop
  endfacet
  facet normal -0.595693 -0.803212 0
    outer loop
      vertex 35.0009 52.3826 163
      vertex 39.9668 48.6997 165
      vertex 35.0009 52.3826 165
    endloop
  endfacet
  facet normal -0.595693 -0.803212 -0
    outer loop
      vertex 39.9668 48.6997 165
      vertex 35.0009 52.3826 163
      vertex 39.9668 48.6997 163
    endloop
  endfacet
  facet normal 0.336881 -0.941547 0
    outer loop
      vertex -24.1091 58.2044 163
      vertex -18.2879 60.2872 165
      vertex -24.1091 58.2044 165
    endloop
  endfacet
  facet normal 0.336881 -0.941547 0
    outer loop
      vertex -18.2879 60.2872 165
      vertex -24.1091 58.2044 163
      vertex -18.2879 60.2872 163
    endloop
  endfacet
  facet normal 0.903986 -0.427561 0
    outer loop
      vertex -58.2044 24.1091 165
      vertex -55.561 29.698 163
      vertex -55.561 29.698 165
    endloop
  endfacet
  facet normal 0.903986 -0.427561 0
    outer loop
      vertex -55.561 29.698 163
      vertex -58.2044 24.1091 165
      vertex -58.2044 24.1091 163
    endloop
  endfacet
  facet normal -0.941547 0.336881 0
    outer loop
      vertex 58.2044 -24.1091 163
      vertex 60.2872 -18.2879 165
      vertex 60.2872 -18.2879 163
    endloop
  endfacet
  facet normal -0.941547 0.336881 0
    outer loop
      vertex 60.2872 -18.2879 165
      vertex 58.2044 -24.1091 163
      vertex 58.2044 -24.1091 165
    endloop
  endfacet
  facet normal 0.427561 0.903986 -0
    outer loop
      vertex -24.1091 -58.2044 163
      vertex -29.698 -55.561 165
      vertex -24.1091 -58.2044 165
    endloop
  endfacet
  facet normal 0.427561 0.903986 0
    outer loop
      vertex -29.698 -55.561 165
      vertex -24.1091 -58.2044 163
      vertex -29.698 -55.561 163
    endloop
  endfacet
  facet normal -0.903986 -0.427561 0
    outer loop
      vertex 58.2044 24.1091 163
      vertex 55.561 29.698 165
      vertex 55.561 29.698 163
    endloop
  endfacet
  facet normal -0.903986 -0.427561 0
    outer loop
      vertex 55.561 29.698 165
      vertex 58.2044 24.1091 163
      vertex 58.2044 24.1091 165
    endloop
  endfacet
  facet normal -0.857731 -0.514098 0
    outer loop
      vertex 55.561 29.698 163
      vertex 52.3826 35.0009 165
      vertex 52.3826 35.0009 163
    endloop
  endfacet
  facet normal -0.857731 -0.514098 0
    outer loop
      vertex 52.3826 35.0009 165
      vertex 55.561 29.698 163
      vertex 55.561 29.698 165
    endloop
  endfacet
  facet normal -0.336881 -0.941547 0
    outer loop
      vertex 18.2879 60.2872 163
      vertex 24.1091 58.2044 165
      vertex 18.2879 60.2872 165
    endloop
  endfacet
  facet normal -0.336881 -0.941547 -0
    outer loop
      vertex 24.1091 58.2044 165
      vertex 18.2879 60.2872 163
      vertex 24.1091 58.2044 163
    endloop
  endfacet
  facet normal -0.242992 -0.970028 0
    outer loop
      vertex 12.2907 61.7895 163
      vertex 18.2879 60.2872 165
      vertex 12.2907 61.7895 165
    endloop
  endfacet
  facet normal -0.242992 -0.970028 -0
    outer loop
      vertex 18.2879 60.2872 165
      vertex 12.2907 61.7895 163
      vertex 18.2879 60.2872 163
    endloop
  endfacet
  facet normal -0.14672 -0.989178 0
    outer loop
      vertex 6.17508 62.6966 163
      vertex 12.2907 61.7895 165
      vertex 6.17508 62.6966 165
    endloop
  endfacet
  facet normal -0.14672 -0.989178 -0
    outer loop
      vertex 12.2907 61.7895 165
      vertex 6.17508 62.6966 163
      vertex 12.2907 61.7895 163
    endloop
  endfacet
  facet normal 0.740942 -0.671569 0
    outer loop
      vertex -48.6997 39.9668 165
      vertex -44.5477 44.5477 163
      vertex -44.5477 44.5477 165
    endloop
  endfacet
  facet normal 0.740942 -0.671569 0
    outer loop
      vertex -44.5477 44.5477 163
      vertex -48.6997 39.9668 165
      vertex -48.6997 39.9668 163
    endloop
  endfacet
  facet normal 0.14672 -0.989178 0
    outer loop
      vertex -12.2907 61.7895 163
      vertex -6.17508 62.6966 165
      vertex -12.2907 61.7895 165
    endloop
  endfacet
  facet normal 0.14672 -0.989178 0
    outer loop
      vertex -6.17508 62.6966 165
      vertex -12.2907 61.7895 163
      vertex -6.17508 62.6966 163
    endloop
  endfacet
  facet normal -0.998795 0.0490738 0
    outer loop
      vertex 62.6966 -6.17508 163
      vertex 63 0 165
      vertex 63 0 163
    endloop
  endfacet
  facet normal -0.998795 0.0490738 0
    outer loop
      vertex 63 0 165
      vertex 62.6966 -6.17508 163
      vertex 62.6966 -6.17508 165
    endloop
  endfacet
  facet normal -0.803212 0.595693 0
    outer loop
      vertex 48.6997 -39.9668 163
      vertex 52.3826 -35.0009 165
      vertex 52.3826 -35.0009 163
    endloop
  endfacet
  facet normal -0.803212 0.595693 0
    outer loop
      vertex 52.3826 -35.0009 165
      vertex 48.6997 -39.9668 163
      vertex 48.6997 -39.9668 165
    endloop
  endfacet
  facet normal 0.14672 0.989178 -0
    outer loop
      vertex -6.17508 -62.6966 163
      vertex -12.2907 -61.7895 165
      vertex -6.17508 -62.6966 165
    endloop
  endfacet
  facet normal 0.14672 0.989178 0
    outer loop
      vertex -12.2907 -61.7895 165
      vertex -6.17508 -62.6966 163
      vertex -12.2907 -61.7895 163
    endloop
  endfacet
  facet normal 0.671569 0.740942 -0
    outer loop
      vertex -39.9668 -48.6997 163
      vertex -44.5477 -44.5477 165
      vertex -39.9668 -48.6997 165
    endloop
  endfacet
  facet normal 0.671569 0.740942 0
    outer loop
      vertex -44.5477 -44.5477 165
      vertex -39.9668 -48.6997 163
      vertex -44.5477 -44.5477 163
    endloop
  endfacet
  facet normal 0.989178 0.14672 0
    outer loop
      vertex -61.7895 -12.2907 165
      vertex -62.6966 -6.17508 163
      vertex -62.6966 -6.17508 165
    endloop
  endfacet
  facet normal 0.989178 0.14672 0
    outer loop
      vertex -62.6966 -6.17508 163
      vertex -61.7895 -12.2907 165
      vertex -61.7895 -12.2907 163
    endloop
  endfacet
  facet normal 0 0 1
    outer loop
      vertex 60 0 163
      vertex 63 0 163
      vertex 62.6966 6.17508 163
    endloop
  endfacet
  facet normal 0 0 1
    outer loop
      vertex 59.7111 5.88103 163
      vertex 62.6966 6.17508 163
      vertex 61.7895 12.2907 163
    endloop
  endfacet
  facet normal 0 0 1
    outer loop
      vertex 63 0 163
      vertex 60 0 163
      vertex 62.6966 -6.17508 163
    endloop
  endfacet
  facet normal 0 0 1
    outer loop
      vertex 58.8471 11.7054 163
      vertex 61.7895 12.2907 163
      vertex 60.2872 18.2879 163
    endloop
  endfacet
  facet normal -0 0 1
    outer loop
      vertex 59.7111 -5.88103 163
      vertex 62.6966 -6.17508 163
      vertex 60 0 163
    endloop
  endfacet
  facet normal 0 0 1
    outer loop
      vertex 62.6966 -6.17508 163
      vertex 59.7111 -5.88103 163
      vertex 61.7895 -12.2907 163
    endloop
  endfacet
  facet normal 0 0 1
    outer loop
      vertex 62.6966 6.17508 163
      vertex 59.7111 5.88103 163
      vertex 60 0 163
    endloop
  endfacet
  facet normal 0 0 1
    outer loop
      vertex 61.7895 12.2907 163
      vertex 58.8471 11.7054 163
      vertex 59.7111 5.88103 163
    endloop
  endfacet
  facet normal 0 0 1
    outer loop
      vertex 57.4164 17.4171 163
      vertex 60.2872 18.2879 163
      vertex 58.2044 24.1091 163
    endloop
  endfacet
  facet normal 0 0 1
    outer loop
      vertex 60.2872 18.2879 163
      vertex 57.4164 17.4171 163
      vertex 58.8471 11.7054 163
    endloop
  endfacet
  facet normal 0 0 1
    outer loop
      vertex 55.4328 22.961 163
      vertex 58.2044 24.1091 163
      vertex 55.561 29.698 163
    endloop
  endfacet
  facet normal 0 0 1
    outer loop
      vertex 58.2044 24.1091 163
      vertex 55.4328 22.961 163
      vertex 57.4164 17.4171 163
    endloop
  endfacet
  facet normal 0 0 1
    outer loop
      vertex 55.561 29.698 163
      vertex 52.9153 28.2838 163
      vertex 55.4328 22.961 163
    endloop
  endfacet
  facet normal 0 0 1
    outer loop
      vertex 52.3826 35.0009 163
      vertex 52.9153 28.2838 163
      vertex 55.561 29.698 163
    endloop
  endfacet
  facet normal 0 0 1
    outer loop
      vertex 52.3826 35.0009 163
      vertex 49.8882 33.3342 163
      vertex 52.9153 28.2838 163
    endloop
  endfacet
  facet normal 0 0 1
    outer loop
      vertex 48.6997 39.9668 163
      vertex 49.8882 33.3342 163
      vertex 52.3826 35.0009 163
    endloop
  endfacet
  facet normal 0 0 1
    outer loop
      vertex 48.6997 39.9668 163
      vertex 46.3806 38.0636 163
      vertex 49.8882 33.3342 163
    endloop
  endfacet
  facet normal 0 0 1
    outer loop
      vertex 44.5477 44.5477 163
      vertex 46.3806 38.0636 163
      vertex 48.6997 39.9668 163
    endloop
  endfacet
  facet normal 0 0 1
    outer loop
      vertex 44.5477 44.5477 163
      vertex 42.4264 42.4264 163
      vertex 46.3806 38.0636 163
    endloop
  endfacet
  facet normal 0 0 1
    outer loop
      vertex 39.9668 48.6997 163
      vertex 42.4264 42.4264 163
      vertex 44.5477 44.5477 163
    endloop
  endfacet
  facet normal 0 0 1
    outer loop
      vertex 39.9668 48.6997 163
      vertex 38.0636 46.3806 163
      vertex 42.4264 42.4264 163
    endloop
  endfacet
  facet normal 0 0 1
    outer loop
      vertex 35.0009 52.3826 163
      vertex 38.0636 46.3806 163
      vertex 39.9668 48.6997 163
    endloop
  endfacet
  facet normal 0 0 1
    outer loop
      vertex 35.0009 52.3826 163
      vertex 33.3342 49.8882 163
      vertex 38.0636 46.3806 163
    endloop
  endfacet
  facet normal 0 0 1
    outer loop
      vertex 29.698 55.561 163
      vertex 33.3342 49.8882 163
      vertex 35.0009 52.3826 163
    endloop
  endfacet
  facet normal 0 0 1
    outer loop
      vertex 29.698 55.561 163
      vertex 28.2838 52.9153 163
      vertex 33.3342 49.8882 163
    endloop
  endfacet
  facet normal 0 0 1
    outer loop
      vertex 24.1091 58.2044 163
      vertex 28.2838 52.9153 163
      vertex 29.698 55.561 163
    endloop
  endfacet
  facet normal 0 0 1
    outer loop
      vertex 24.1091 58.2044 163
      vertex 22.961 55.4328 163
      vertex 28.2838 52.9153 163
    endloop
  endfacet
  facet normal 0 0 1
    outer loop
      vertex 18.2879 60.2872 163
      vertex 22.961 55.4328 163
      vertex 24.1091 58.2044 163
    endloop
  endfacet
  facet normal 0 0 1
    outer loop
      vertex 18.2879 60.2872 163
      vertex 17.4171 57.4164 163
      vertex 22.961 55.4328 163
    endloop
  endfacet
  facet normal 0 0 1
    outer loop
      vertex 12.2907 61.7895 163
      vertex 17.4171 57.4164 163
      vertex 18.2879 60.2872 163
    endloop
  endfacet
  facet normal 0 0 1
    outer loop
      vertex 12.2907 61.7895 163
      vertex 11.7054 58.8471 163
      vertex 17.4171 57.4164 163
    endloop
  endfacet
  facet normal 0 0 1
    outer loop
      vertex 6.17508 62.6966 163
      vertex 11.7054 58.8471 163
      vertex 12.2907 61.7895 163
    endloop
  endfacet
  facet normal 0 0 1
    outer loop
      vertex 6.17508 62.6966 163
      vertex 5.88103 59.7111 163
      vertex 11.7054 58.8471 163
    endloop
  endfacet
  facet normal 0 0 1
    outer loop
      vertex 0 63 163
      vertex 5.88103 59.7111 163
      vertex 6.17508 62.6966 163
    endloop
  endfacet
  facet normal 0 0 1
    outer loop
      vertex 0 63 163
      vertex 0 60 163
      vertex 5.88103 59.7111 163
    endloop
  endfacet
  facet normal 0 0 1
    outer loop
      vertex 0 63 163
      vertex -5.88103 59.7111 163
      vertex 0 60 163
    endloop
  endfacet
  facet normal -0 0 1
    outer loop
      vertex -6.17508 62.6966 163
      vertex -5.88103 59.7111 163
      vertex 0 63 163
    endloop
  endfacet
  facet normal 0 0 1
    outer loop
      vertex -6.17508 62.6966 163
      vertex -11.7054 58.8471 163
      vertex -5.88103 59.7111 163
    endloop
  endfacet
  facet normal -0 0 1
    outer loop
      vertex -12.2907 61.7895 163
      vertex -11.7054 58.8471 163
      vertex -6.17508 62.6966 163
    endloop
  endfacet
  facet normal 0 0 1
    outer loop
      vertex -12.2907 61.7895 163
      vertex -17.4171 57.4164 163
      vertex -11.7054 58.8471 163
    endloop
  endfacet
  facet normal -0 0 1
    outer loop
      vertex -18.2879 60.2872 163
      vertex -17.4171 57.4164 163
      vertex -12.2907 61.7895 163
    endloop
  endfacet
  facet normal 0 0 1
    outer loop
      vertex -18.2879 60.2872 163
      vertex -22.961 55.4328 163
      vertex -17.4171 57.4164 163
    endloop
  endfacet
  facet normal -0 0 1
    outer loop
      vertex -24.1091 58.2044 163
      vertex -22.961 55.4328 163
      vertex -18.2879 60.2872 163
    endloop
  endfacet
  facet normal 0 0 1
    outer loop
      vertex -24.1091 58.2044 163
      vertex -28.2838 52.9153 163
      vertex -22.961 55.4328 163
    endloop
  endfacet
  facet normal -0 0 1
    outer loop
      vertex -29.698 55.561 163
      vertex -28.2838 52.9153 163
      vertex -24.1091 58.2044 163
    endloop
  endfacet
  facet normal 0 0 1
    outer loop
      vertex -29.698 55.561 163
      vertex -33.3342 49.8882 163
      vertex -28.2838 52.9153 163
    endloop
  endfacet
  facet normal -0 0 1
    outer loop
      vertex -35.0009 52.3826 163
      vertex -33.3342 49.8882 163
      vertex -29.698 55.561 163
    endloop
  endfacet
  facet normal 0 0 1
    outer loop
      vertex -35.0009 52.3826 163
      vertex -38.0636 46.3806 163
      vertex -33.3342 49.8882 163
    endloop
  endfacet
  facet normal -0 0 1
    outer loop
      vertex -39.9668 48.6997 163
      vertex -38.0636 46.3806 163
      vertex -35.0009 52.3826 163
    endloop
  endfacet
  facet normal 0 0 1
    outer loop
      vertex -39.9668 48.6997 163
      vertex -42.4264 42.4264 163
      vertex -38.0636 46.3806 163
    endloop
  endfacet
  facet normal -0 0 1
    outer loop
      vertex -44.5477 44.5477 163
      vertex -42.4264 42.4264 163
      vertex -39.9668 48.6997 163
    endloop
  endfacet
  facet normal 0 0 1
    outer loop
      vertex -44.5477 44.5477 163
      vertex -46.3806 38.0636 163
      vertex -42.4264 42.4264 163
    endloop
  endfacet
  facet normal -0 0 1
    outer loop
      vertex -48.6997 39.9668 163
      vertex -46.3806 38.0636 163
      vertex -44.5477 44.5477 163
    endloop
  endfacet
  facet normal 0 0 1
    outer loop
      vertex -48.6997 39.9668 163
      vertex -49.8882 33.3342 163
      vertex -46.3806 38.0636 163
    endloop
  endfacet
  facet normal -0 0 1
    outer loop
      vertex -52.3826 35.0009 163
      vertex -49.8882 33.3342 163
      vertex -48.6997 39.9668 163
    endloop
  endfacet
  facet normal 0 0 1
    outer loop
      vertex -52.3826 35.0009 163
      vertex -52.9153 28.2838 163
      vertex -49.8882 33.3342 163
    endloop
  endfacet
  facet normal -0 0 1
    outer loop
      vertex -55.561 29.698 163
      vertex -52.9153 28.2838 163
      vertex -52.3826 35.0009 163
    endloop
  endfacet
  facet normal 0 0 1
    outer loop
      vertex -52.9153 28.2838 163
      vertex -55.561 29.698 163
      vertex -55.4328 22.961 163
    endloop
  endfacet
  facet normal -0 0 1
    outer loop
      vertex -58.2044 24.1091 163
      vertex -55.4328 22.961 163
      vertex -55.561 29.698 163
    endloop
  endfacet
  facet normal 0 0 1
    outer loop
      vertex -55.4328 22.961 163
      vertex -58.2044 24.1091 163
      vertex -57.4164 17.4171 163
    endloop
  endfacet
  facet normal -0 0 1
    outer loop
      vertex -60.2872 18.2879 163
      vertex -57.4164 17.4171 163
      vertex -58.2044 24.1091 163
    endloop
  endfacet
  facet normal 0 0 1
    outer loop
      vertex -57.4164 17.4171 163
      vertex -60.2872 18.2879 163
      vertex -58.8471 11.7054 163
    endloop
  endfacet
  facet normal 0 0 1
    outer loop
      vertex -58.8471 11.7054 163
      vertex -61.7895 12.2907 163
      vertex -59.7111 5.88103 163
    endloop
  endfacet
  facet normal -0 0 1
    outer loop
      vertex -61.7895 12.2907 163
      vertex -58.8471 11.7054 163
      vertex -60.2872 18.2879 163
    endloop
  endfacet
  facet normal -0 0 1
    outer loop
      vertex 58.8471 -11.7054 163
      vertex 61.7895 -12.2907 163
      vertex 59.7111 -5.88103 163
    endloop
  endfacet
  facet normal 0 0 1
    outer loop
      vertex 61.7895 -12.2907 163
      vertex 58.8471 -11.7054 163
      vertex 60.2872 -18.2879 163
    endloop
  endfacet
  facet normal -0 0 1
    outer loop
      vertex 57.4164 -17.4171 163
      vertex 60.2872 -18.2879 163
      vertex 58.8471 -11.7054 163
    endloop
  endfacet
  facet normal 0 0 1
    outer loop
      vertex 60.2872 -18.2879 163
      vertex 57.4164 -17.4171 163
      vertex 58.2044 -24.1091 163
    endloop
  endfacet
  facet normal -0 0 1
    outer loop
      vertex 55.4328 -22.961 163
      vertex 58.2044 -24.1091 163
      vertex 57.4164 -17.4171 163
    endloop
  endfacet
  facet normal 0 0 1
    outer loop
      vertex 58.2044 -24.1091 163
      vertex 55.4328 -22.961 163
      vertex 55.561 -29.698 163
    endloop
  endfacet
  facet normal -0 0 1
    outer loop
      vertex 52.9153 -28.2838 163
      vertex 55.561 -29.698 163
      vertex 55.4328 -22.961 163
    endloop
  endfacet
  facet normal 0 0 1
    outer loop
      vertex 52.9153 -28.2838 163
      vertex 52.3826 -35.0009 163
      vertex 55.561 -29.698 163
    endloop
  endfacet
  facet normal -0 0 1
    outer loop
      vertex 49.8882 -33.3342 163
      vertex 52.3826 -35.0009 163
      vertex 52.9153 -28.2838 163
    endloop
  endfacet
  facet normal 0 0 1
    outer loop
      vertex 49.8882 -33.3342 163
      vertex 48.6997 -39.9668 163
      vertex 52.3826 -35.0009 163
    endloop
  endfacet
  facet normal -0 0 1
    outer loop
      vertex 46.3806 -38.0636 163
      vertex 48.6997 -39.9668 163
      vertex 49.8882 -33.3342 163
    endloop
  endfacet
  facet normal 0 0 1
    outer loop
      vertex 46.3806 -38.0636 163
      vertex 44.5477 -44.5477 163
      vertex 48.6997 -39.9668 163
    endloop
  endfacet
  facet normal -0 0 1
    outer loop
      vertex 42.4264 -42.4264 163
      vertex 44.5477 -44.5477 163
      vertex 46.3806 -38.0636 163
    endloop
  endfacet
  facet normal 0 0 1
    outer loop
      vertex 42.4264 -42.4264 163
      vertex 39.9668 -48.6997 163
      vertex 44.5477 -44.5477 163
    endloop
  endfacet
  facet normal -0 0 1
    outer loop
      vertex 38.0636 -46.3806 163
      vertex 39.9668 -48.6997 163
      vertex 42.4264 -42.4264 163
    endloop
  endfacet
  facet normal 0 0 1
    outer loop
      vertex 38.0636 -46.3806 163
      vertex 35.0009 -52.3826 163
      vertex 39.9668 -48.6997 163
    endloop
  endfacet
  facet normal -0 0 1
    outer loop
      vertex 33.3342 -49.8882 163
      vertex 35.0009 -52.3826 163
      vertex 38.0636 -46.3806 163
    endloop
  endfacet
  facet normal 0 0 1
    outer loop
      vertex 33.3342 -49.8882 163
      vertex 29.698 -55.561 163
      vertex 35.0009 -52.3826 163
    endloop
  endfacet
  facet normal -0 0 1
    outer loop
      vertex 28.2838 -52.9153 163
      vertex 29.698 -55.561 163
      vertex 33.3342 -49.8882 163
    endloop
  endfacet
  facet normal 0 0 1
    outer loop
      vertex 28.2838 -52.9153 163
      vertex 24.1091 -58.2044 163
      vertex 29.698 -55.561 163
    endloop
  endfacet
  facet normal -0 0 1
    outer loop
      vertex 22.961 -55.4328 163
      vertex 24.1091 -58.2044 163
      vertex 28.2838 -52.9153 163
    endloop
  endfacet
  facet normal 0 0 1
    outer loop
      vertex 22.961 -55.4328 163
      vertex 18.2879 -60.2872 163
      vertex 24.1091 -58.2044 163
    endloop
  endfacet
  facet normal -0 0 1
    outer loop
      vertex 17.4171 -57.4164 163
      vertex 18.2879 -60.2872 163
      vertex 22.961 -55.4328 163
    endloop
  endfacet
  facet normal 0 0 1
    outer loop
      vertex 17.4171 -57.4164 163
      vertex 12.2907 -61.7895 163
      vertex 18.2879 -60.2872 163
    endloop
  endfacet
  facet normal -0 0 1
    outer loop
      vertex 11.7054 -58.8471 163
      vertex 12.2907 -61.7895 163
      vertex 17.4171 -57.4164 163
    endloop
  endfacet
  facet normal 0 0 1
    outer loop
      vertex 11.7054 -58.8471 163
      vertex 6.17508 -62.6966 163
      vertex 12.2907 -61.7895 163
    endloop
  endfacet
  facet normal -0 0 1
    outer loop
      vertex 5.88103 -59.7111 163
      vertex 6.17508 -62.6966 163
      vertex 11.7054 -58.8471 163
    endloop
  endfacet
  facet normal -0 0 1
    outer loop
      vertex 0 -60 163
      vertex 6.17508 -62.6966 163
      vertex 5.88103 -59.7111 163
    endloop
  endfacet
  facet normal 0 0 1
    outer loop
      vertex 0 -60 163
      vertex 0 -63 163
      vertex 6.17508 -62.6966 163
    endloop
  endfacet
  facet normal 0 0 1
    outer loop
      vertex -5.88103 -59.7111 163
      vertex 0 -63 163
      vertex 0 -60 163
    endloop
  endfacet
  facet normal 0 0 1
    outer loop
      vertex -5.88103 -59.7111 163
      vertex -6.17508 -62.6966 163
      vertex 0 -63 163
    endloop
  endfacet
  facet normal 0 0 1
    outer loop
      vertex -11.7054 -58.8471 163
      vertex -6.17508 -62.6966 163
      vertex -5.88103 -59.7111 163
    endloop
  endfacet
  facet normal 0 0 1
    outer loop
      vertex -11.7054 -58.8471 163
      vertex -12.2907 -61.7895 163
      vertex -6.17508 -62.6966 163
    endloop
  endfacet
  facet normal 0 0 1
    outer loop
      vertex -17.4171 -57.4164 163
      vertex -12.2907 -61.7895 163
      vertex -11.7054 -58.8471 163
    endloop
  endfacet
  facet normal 0 0 1
    outer loop
      vertex -17.4171 -57.4164 163
      vertex -18.2879 -60.2872 163
      vertex -12.2907 -61.7895 163
    endloop
  endfacet
  facet normal 0 0 1
    outer loop
      vertex -22.961 -55.4328 163
      vertex -18.2879 -60.2872 163
      vertex -17.4171 -57.4164 163
    endloop
  endfacet
  facet normal 0 0 1
    outer loop
      vertex -22.961 -55.4328 163
      vertex -24.1091 -58.2044 163
      vertex -18.2879 -60.2872 163
    endloop
  endfacet
  facet normal 0 0 1
    outer loop
      vertex -28.2838 -52.9153 163
      vertex -24.1091 -58.2044 163
      vertex -22.961 -55.4328 163
    endloop
  endfacet
  facet normal 0 0 1
    outer loop
      vertex -28.2838 -52.9153 163
      vertex -29.698 -55.561 163
      vertex -24.1091 -58.2044 163
    endloop
  endfacet
  facet normal 0 0 1
    outer loop
      vertex -33.3342 -49.8882 163
      vertex -29.698 -55.561 163
      vertex -28.2838 -52.9153 163
    endloop
  endfacet
  facet normal 0 0 1
    outer loop
      vertex -33.3342 -49.8882 163
      vertex -35.0009 -52.3826 163
      vertex -29.698 -55.561 163
    endloop
  endfacet
  facet normal 0 0 1
    outer loop
      vertex -38.0636 -46.3806 163
      vertex -35.0009 -52.3826 163
      vertex -33.3342 -49.8882 163
    endloop
  endfacet
  facet normal 0 0 1
    outer loop
      vertex -38.0636 -46.3806 163
      vertex -39.9668 -48.6997 163
      vertex -35.0009 -52.3826 163
    endloop
  endfacet
  facet normal 0 0 1
    outer loop
      vertex -42.4264 -42.4264 163
      vertex -39.9668 -48.6997 163
      vertex -38.0636 -46.3806 163
    endloop
  endfacet
  facet normal 0 0 1
    outer loop
      vertex -42.4264 -42.4264 163
      vertex -44.5477 -44.5477 163
      vertex -39.9668 -48.6997 163
    endloop
  endfacet
  facet normal 0 0 1
    outer loop
      vertex -46.3806 -38.0636 163
      vertex -44.5477 -44.5477 163
      vertex -42.4264 -42.4264 163
    endloop
  endfacet
  facet normal 0 0 1
    outer loop
      vertex -46.3806 -38.0636 163
      vertex -48.6997 -39.9668 163
      vertex -44.5477 -44.5477 163
    endloop
  endfacet
  facet normal 0 0 1
    outer loop
      vertex -49.8882 -33.3342 163
      vertex -48.6997 -39.9668 163
      vertex -46.3806 -38.0636 163
    endloop
  endfacet
  facet normal 0 0 1
    outer loop
      vertex -49.8882 -33.3342 163
      vertex -52.3826 -35.0009 163
      vertex -48.6997 -39.9668 163
    endloop
  endfacet
  facet normal 0 0 1
    outer loop
      vertex -52.9153 -28.2838 163
      vertex -52.3826 -35.0009 163
      vertex -49.8882 -33.3342 163
    endloop
  endfacet
  facet normal 0 0 1
    outer loop
      vertex -55.561 -29.698 163
      vertex -52.9153 -28.2838 163
      vertex -55.4328 -22.961 163
    endloop
  endfacet
  facet normal 0 0 1
    outer loop
      vertex -52.9153 -28.2838 163
      vertex -55.561 -29.698 163
      vertex -52.3826 -35.0009 163
    endloop
  endfacet
  facet normal 0 0 1
    outer loop
      vertex -58.2044 -24.1091 163
      vertex -55.4328 -22.961 163
      vertex -57.4164 -17.4171 163
    endloop
  endfacet
  facet normal 0 0 1
    outer loop
      vertex -55.4328 -22.961 163
      vertex -58.2044 -24.1091 163
      vertex -55.561 -29.698 163
    endloop
  endfacet
  facet normal 0 0 1
    outer loop
      vertex -60.2872 -18.2879 163
      vertex -57.4164 -17.4171 163
      vertex -58.8471 -11.7054 163
    endloop
  endfacet
  facet normal 0 0 1
    outer loop
      vertex -61.7895 -12.2907 163
      vertex -58.8471 -11.7054 163
      vertex -59.7111 -5.88103 163
    endloop
  endfacet
  facet normal 0 0 1
    outer loop
      vertex -57.4164 -17.4171 163
      vertex -60.2872 -18.2879 163
      vertex -58.2044 -24.1091 163
    endloop
  endfacet
  facet normal 0 0 1
    outer loop
      vertex -62.6966 -6.17508 163
      vertex -59.7111 -5.88103 163
      vertex -60 0 163
    endloop
  endfacet
  facet normal -0 0 1
    outer loop
      vertex -62.6966 6.17508 163
      vertex -59.7111 5.88103 163
      vertex -61.7895 12.2907 163
    endloop
  endfacet
  facet normal 0 0 1
    outer loop
      vertex -59.7111 5.88103 163
      vertex -62.6966 6.17508 163
      vertex -60 0 163
    endloop
  endfacet
  facet normal 0 0 1
    outer loop
      vertex -58.8471 -11.7054 163
      vertex -61.7895 -12.2907 163
      vertex -60.2872 -18.2879 163
    endloop
  endfacet
  facet normal 0 0 1
    outer loop
      vertex -63 0 163
      vertex -60 0 163
      vertex -62.6966 6.17508 163
    endloop
  endfacet
  facet normal 0 0 1
    outer loop
      vertex -59.7111 -5.88103 163
      vertex -62.6966 -6.17508 163
      vertex -61.7895 -12.2907 163
    endloop
  endfacet
  facet normal 0 0 1
    outer loop
      vertex -60 0 163
      vertex -63 0 163
      vertex -62.6966 -6.17508 163
    endloop
  endfacet
  facet normal -0.989178 -0.14672 0
    outer loop
      vertex 62.6966 6.17508 163
      vertex 61.7895 12.2907 165
      vertex 61.7895 12.2907 163
    endloop
  endfacet
  facet normal -0.989178 -0.14672 0
    outer loop
      vertex 61.7895 12.2907 165
      vertex 62.6966 6.17508 163
      vertex 62.6966 6.17508 165
    endloop
  endfacet
  facet normal -0.970028 -0.242992 0
    outer loop
      vertex 61.7895 12.2907 163
      vertex 60.2872 18.2879 165
      vertex 60.2872 18.2879 163
    endloop
  endfacet
  facet normal -0.970028 -0.242992 0
    outer loop
      vertex 60.2872 18.2879 165
      vertex 61.7895 12.2907 163
      vertex 61.7895 12.2907 165
    endloop
  endfacet
  facet normal -0.941547 -0.336881 0
    outer loop
      vertex 60.2872 18.2879 163
      vertex 58.2044 24.1091 165
      vertex 58.2044 24.1091 163
    endloop
  endfacet
  facet normal -0.941547 -0.336881 0
    outer loop
      vertex 58.2044 24.1091 165
      vertex 60.2872 18.2879 163
      vertex 60.2872 18.2879 165
    endloop
  endfacet
  facet normal -0.740942 -0.671569 0
    outer loop
      vertex 48.6997 39.9668 163
      vertex 44.5477 44.5477 165
      vertex 44.5477 44.5477 163
    endloop
  endfacet
  facet normal -0.740942 -0.671569 0
    outer loop
      vertex 44.5477 44.5477 165
      vertex 48.6997 39.9668 163
      vertex 48.6997 39.9668 165
    endloop
  endfacet
  facet normal -0.803212 -0.595693 0
    outer loop
      vertex 52.3826 35.0009 163
      vertex 48.6997 39.9668 165
      vertex 48.6997 39.9668 163
    endloop
  endfacet
  facet normal -0.803212 -0.595693 0
    outer loop
      vertex 48.6997 39.9668 165
      vertex 52.3826 35.0009 163
      vertex 52.3826 35.0009 165
    endloop
  endfacet
  facet normal -0.671569 -0.740942 0
    outer loop
      vertex 39.9668 48.6997 163
      vertex 44.5477 44.5477 165
      vertex 39.9668 48.6997 165
    endloop
  endfacet
  facet normal -0.671569 -0.740942 -0
    outer loop
      vertex 44.5477 44.5477 165
      vertex 39.9668 48.6997 163
      vertex 44.5477 44.5477 163
    endloop
  endfacet
  facet normal -0.514098 -0.857731 0
    outer loop
      vertex 29.698 55.561 163
      vertex 35.0009 52.3826 165
      vertex 29.698 55.561 165
    endloop
  endfacet
  facet normal -0.514098 -0.857731 -0
    outer loop
      vertex 35.0009 52.3826 165
      vertex 29.698 55.561 163
      vertex 35.0009 52.3826 163
    endloop
  endfacet
  facet normal -0.0490738 -0.998795 0
    outer loop
      vertex 0 63 163
      vertex 6.17508 62.6966 165
      vertex 0 63 165
    endloop
  endfacet
  facet normal -0.0490738 -0.998795 -0
    outer loop
      vertex 6.17508 62.6966 165
      vertex 0 63 163
      vertex 6.17508 62.6966 163
    endloop
  endfacet
  facet normal -0.427561 -0.903986 0
    outer loop
      vertex 24.1091 58.2044 163
      vertex 29.698 55.561 165
      vertex 24.1091 58.2044 165
    endloop
  endfacet
  facet normal -0.427561 -0.903986 -0
    outer loop
      vertex 29.698 55.561 165
      vertex 24.1091 58.2044 163
      vertex 29.698 55.561 163
    endloop
  endfacet
  facet normal 0.998795 -0.0490738 0
    outer loop
      vertex -63 0 165
      vertex -62.6966 6.17508 163
      vertex -62.6966 6.17508 165
    endloop
  endfacet
  facet normal 0.998795 -0.0490738 0
    outer loop
      vertex -62.6966 6.17508 163
      vertex -63 0 165
      vertex -63 0 163
    endloop
  endfacet
  facet normal 0.941547 -0.336881 0
    outer loop
      vertex -60.2872 18.2879 165
      vertex -58.2044 24.1091 163
      vertex -58.2044 24.1091 165
    endloop
  endfacet
  facet normal 0.941547 -0.336881 0
    outer loop
      vertex -58.2044 24.1091 163
      vertex -60.2872 18.2879 165
      vertex -60.2872 18.2879 163
    endloop
  endfacet
  facet normal 0.970028 -0.242992 0
    outer loop
      vertex -61.7895 12.2907 165
      vertex -60.2872 18.2879 163
      vertex -60.2872 18.2879 165
    endloop
  endfacet
  facet normal 0.970028 -0.242992 0
    outer loop
      vertex -60.2872 18.2879 163
      vertex -61.7895 12.2907 165
      vertex -61.7895 12.2907 163
    endloop
  endfacet
  facet normal 0.857731 -0.514098 0
    outer loop
      vertex -55.561 29.698 165
      vertex -52.3826 35.0009 163
      vertex -52.3826 35.0009 165
    endloop
  endfacet
  facet normal 0.857731 -0.514098 0
    outer loop
      vertex -52.3826 35.0009 163
      vertex -55.561 29.698 165
      vertex -55.561 29.698 163
    endloop
  endfacet
  facet normal 0.803212 -0.595693 0
    outer loop
      vertex -52.3826 35.0009 165
      vertex -48.6997 39.9668 163
      vertex -48.6997 39.9668 165
    endloop
  endfacet
  facet normal 0.803212 -0.595693 0
    outer loop
      vertex -48.6997 39.9668 163
      vertex -52.3826 35.0009 165
      vertex -52.3826 35.0009 163
    endloop
  endfacet
  facet normal 0.242992 -0.970028 0
    outer loop
      vertex -18.2879 60.2872 163
      vertex -12.2907 61.7895 165
      vertex -18.2879 60.2872 165
    endloop
  endfacet
  facet normal 0.242992 -0.970028 0
    outer loop
      vertex -12.2907 61.7895 165
      vertex -18.2879 60.2872 163
      vertex -12.2907 61.7895 163
    endloop
  endfacet
  facet normal 0.0490738 -0.998795 0
    outer loop
      vertex -6.17508 62.6966 163
      vertex 0 63 165
      vertex -6.17508 62.6966 165
    endloop
  endfacet
  facet normal 0.0490738 -0.998795 0
    outer loop
      vertex 0 63 165
      vertex -6.17508 62.6966 163
      vertex 0 63 163
    endloop
  endfacet
  facet normal 0.514098 -0.857731 0
    outer loop
      vertex -35.0009 52.3826 163
      vertex -29.698 55.561 165
      vertex -35.0009 52.3826 165
    endloop
  endfacet
  facet normal 0.514098 -0.857731 0
    outer loop
      vertex -29.698 55.561 165
      vertex -35.0009 52.3826 163
      vertex -29.698 55.561 163
    endloop
  endfacet
  facet normal 0.595693 -0.803212 0
    outer loop
      vertex -39.9668 48.6997 163
      vertex -35.0009 52.3826 165
      vertex -39.9668 48.6997 165
    endloop
  endfacet
  facet normal 0.595693 -0.803212 0
    outer loop
      vertex -35.0009 52.3826 165
      vertex -39.9668 48.6997 163
      vertex -35.0009 52.3826 163
    endloop
  endfacet
  facet normal 0.427561 -0.903986 0
    outer loop
      vertex -29.698 55.561 163
      vertex -24.1091 58.2044 165
      vertex -29.698 55.561 165
    endloop
  endfacet
  facet normal 0.427561 -0.903986 0
    outer loop
      vertex -24.1091 58.2044 165
      vertex -29.698 55.561 163
      vertex -24.1091 58.2044 163
    endloop
  endfacet
  facet normal 0.671569 -0.740942 0
    outer loop
      vertex -44.5477 44.5477 163
      vertex -39.9668 48.6997 165
      vertex -44.5477 44.5477 165
    endloop
  endfacet
  facet normal 0.671569 -0.740942 0
    outer loop
      vertex -39.9668 48.6997 165
      vertex -44.5477 44.5477 163
      vertex -39.9668 48.6997 163
    endloop
  endfacet
  facet normal -0.998795 -0.0490738 0
    outer loop
      vertex 63 0 163
      vertex 62.6966 6.17508 165
      vertex 62.6966 6.17508 163
    endloop
  endfacet
  facet normal -0.998795 -0.0490738 0
    outer loop
      vertex 62.6966 6.17508 165
      vertex 63 0 163
      vertex 63 0 165
    endloop
  endfacet
  facet normal -0.970028 0.242992 0
    outer loop
      vertex 60.2872 -18.2879 163
      vertex 61.7895 -12.2907 165
      vertex 61.7895 -12.2907 163
    endloop
  endfacet
  facet normal -0.970028 0.242992 0
    outer loop
      vertex 61.7895 -12.2907 165
      vertex 60.2872 -18.2879 163
      vertex 60.2872 -18.2879 165
    endloop
  endfacet
  facet normal -0.242992 0.970028 0
    outer loop
      vertex 18.2879 -60.2872 163
      vertex 12.2907 -61.7895 165
      vertex 18.2879 -60.2872 165
    endloop
  endfacet
  facet normal -0.242992 0.970028 0
    outer loop
      vertex 12.2907 -61.7895 165
      vertex 18.2879 -60.2872 163
      vertex 12.2907 -61.7895 163
    endloop
  endfacet
  facet normal -0.336881 0.941547 0
    outer loop
      vertex 24.1091 -58.2044 163
      vertex 18.2879 -60.2872 165
      vertex 24.1091 -58.2044 165
    endloop
  endfacet
  facet normal -0.336881 0.941547 0
    outer loop
      vertex 18.2879 -60.2872 165
      vertex 24.1091 -58.2044 163
      vertex 18.2879 -60.2872 163
    endloop
  endfacet
  facet normal -0.671569 0.740942 0
    outer loop
      vertex 44.5477 -44.5477 163
      vertex 39.9668 -48.6997 165
      vertex 44.5477 -44.5477 165
    endloop
  endfacet
  facet normal -0.671569 0.740942 0
    outer loop
      vertex 39.9668 -48.6997 165
      vertex 44.5477 -44.5477 163
      vertex 39.9668 -48.6997 163
    endloop
  endfacet
  facet normal -0.514098 0.857731 0
    outer loop
      vertex 35.0009 -52.3826 163
      vertex 29.698 -55.561 165
      vertex 35.0009 -52.3826 165
    endloop
  endfacet
  facet normal -0.514098 0.857731 0
    outer loop
      vertex 29.698 -55.561 165
      vertex 35.0009 -52.3826 163
      vertex 29.698 -55.561 163
    endloop
  endfacet
  facet normal -0.903986 0.427561 0
    outer loop
      vertex 55.561 -29.698 163
      vertex 58.2044 -24.1091 165
      vertex 58.2044 -24.1091 163
    endloop
  endfacet
  facet normal -0.903986 0.427561 0
    outer loop
      vertex 58.2044 -24.1091 165
      vertex 55.561 -29.698 163
      vertex 55.561 -29.698 165
    endloop
  endfacet
  facet normal 0.0490738 0.998795 -0
    outer loop
      vertex 0 -63 163
      vertex -6.17508 -62.6966 165
      vertex 0 -63 165
    endloop
  endfacet
  facet normal 0.0490738 0.998795 0
    outer loop
      vertex -6.17508 -62.6966 165
      vertex 0 -63 163
      vertex -6.17508 -62.6966 163
    endloop
  endfacet
  facet normal 0.336881 0.941547 -0
    outer loop
      vertex -18.2879 -60.2872 163
      vertex -24.1091 -58.2044 165
      vertex -18.2879 -60.2872 165
    endloop
  endfacet
  facet normal 0.336881 0.941547 0
    outer loop
      vertex -24.1091 -58.2044 165
      vertex -18.2879 -60.2872 163
      vertex -24.1091 -58.2044 163
    endloop
  endfacet
  facet normal 0.514098 0.857731 -0
    outer loop
      vertex -29.698 -55.561 163
      vertex -35.0009 -52.3826 165
      vertex -29.698 -55.561 165
    endloop
  endfacet
  facet normal 0.514098 0.857731 0
    outer loop
      vertex -35.0009 -52.3826 165
      vertex -29.698 -55.561 163
      vertex -35.0009 -52.3826 163
    endloop
  endfacet
  facet normal 0.970028 0.242992 0
    outer loop
      vertex -60.2872 -18.2879 165
      vertex -61.7895 -12.2907 163
      vertex -61.7895 -12.2907 165
    endloop
  endfacet
  facet normal 0.970028 0.242992 0
    outer loop
      vertex -61.7895 -12.2907 163
      vertex -60.2872 -18.2879 165
      vertex -60.2872 -18.2879 163
    endloop
  endfacet
  facet normal 0.998795 0.0490738 0
    outer loop
      vertex -62.6966 -6.17508 165
      vertex -63 0 163
      vertex -63 0 165
    endloop
  endfacet
  facet normal 0.998795 0.0490738 0
    outer loop
      vertex -63 0 163
      vertex -62.6966 -6.17508 165
      vertex -62.6966 -6.17508 163
    endloop
  endfacet
  facet normal 0.803212 0.595693 0
    outer loop
      vertex -48.6997 -39.9668 165
      vertex -52.3826 -35.0009 163
      vertex -52.3826 -35.0009 165
    endloop
  endfacet
  facet normal 0.803212 0.595693 0
    outer loop
      vertex -52.3826 -35.0009 163
      vertex -48.6997 -39.9668 165
      vertex -48.6997 -39.9668 163
    endloop
  endfacet
  facet normal 0.903986 0.427561 0
    outer loop
      vertex -55.561 -29.698 165
      vertex -58.2044 -24.1091 163
      vertex -58.2044 -24.1091 165
    endloop
  endfacet
  facet normal 0.903986 0.427561 0
    outer loop
      vertex -58.2044 -24.1091 163
      vertex -55.561 -29.698 165
      vertex -55.561 -29.698 163
    endloop
  endfacet
  facet normal 0.989178 -0.14672 0
    outer loop
      vertex -62.6966 6.17508 165
      vertex -61.7895 12.2907 163
      vertex -61.7895 12.2907 165
    endloop
  endfacet
  facet normal 0.989178 -0.14672 0
    outer loop
      vertex -61.7895 12.2907 163
      vertex -62.6966 6.17508 165
      vertex -62.6966 6.17508 163
    endloop
  endfacet
  facet normal -0.0490738 0.998795 0
    outer loop
      vertex 6.17508 -62.6966 163
      vertex 0 -63 165
      vertex 6.17508 -62.6966 165
    endloop
  endfacet
  facet normal -0.0490738 0.998795 0
    outer loop
      vertex 0 -63 165
      vertex 6.17508 -62.6966 163
      vertex 0 -63 163
    endloop
  endfacet
  facet normal -0.989178 0.14672 0
    outer loop
      vertex 61.7895 -12.2907 163
      vertex 62.6966 -6.17508 165
      vertex 62.6966 -6.17508 163
    endloop
  endfacet
  facet normal -0.989178 0.14672 0
    outer loop
      vertex 62.6966 -6.17508 165
      vertex 61.7895 -12.2907 163
      vertex 61.7895 -12.2907 165
    endloop
  endfacet
  facet normal -0.14672 0.989178 0
    outer loop
      vertex 12.2907 -61.7895 163
      vertex 6.17508 -62.6966 165
      vertex 12.2907 -61.7895 165
    endloop
  endfacet
  facet normal -0.14672 0.989178 0
    outer loop
      vertex 6.17508 -62.6966 165
      vertex 12.2907 -61.7895 163
      vertex 6.17508 -62.6966 163
    endloop
  endfacet
  facet normal -0.427561 0.903986 0
    outer loop
      vertex 29.698 -55.561 163
      vertex 24.1091 -58.2044 165
      vertex 29.698 -55.561 165
    endloop
  endfacet
  facet normal -0.427561 0.903986 0
    outer loop
      vertex 24.1091 -58.2044 165
      vertex 29.698 -55.561 163
      vertex 24.1091 -58.2044 163
    endloop
  endfacet
  facet normal -0.740942 0.671569 0
    outer loop
      vertex 44.5477 -44.5477 163
      vertex 48.6997 -39.9668 165
      vertex 48.6997 -39.9668 163
    endloop
  endfacet
  facet normal -0.740942 0.671569 0
    outer loop
      vertex 48.6997 -39.9668 165
      vertex 44.5477 -44.5477 163
      vertex 44.5477 -44.5477 165
    endloop
  endfacet
  facet normal -0.595693 0.803212 0
    outer loop
      vertex 39.9668 -48.6997 163
      vertex 35.0009 -52.3826 165
      vertex 39.9668 -48.6997 165
    endloop
  endfacet
  facet normal -0.595693 0.803212 0
    outer loop
      vertex 35.0009 -52.3826 165
      vertex 39.9668 -48.6997 163
      vertex 35.0009 -52.3826 163
    endloop
  endfacet
  facet normal -0.857731 0.514098 0
    outer loop
      vertex 52.3826 -35.0009 163
      vertex 55.561 -29.698 165
      vertex 55.561 -29.698 163
    endloop
  endfacet
  facet normal -0.857731 0.514098 0
    outer loop
      vertex 55.561 -29.698 165
      vertex 52.3826 -35.0009 163
      vertex 52.3826 -35.0009 165
    endloop
  endfacet
  facet normal 0.242992 0.970028 -0
    outer loop
      vertex -12.2907 -61.7895 163
      vertex -18.2879 -60.2872 165
      vertex -12.2907 -61.7895 165
    endloop
  endfacet
  facet normal 0.242992 0.970028 0
    outer loop
      vertex -18.2879 -60.2872 165
      vertex -12.2907 -61.7895 163
      vertex -18.2879 -60.2872 163
    endloop
  endfacet
  facet normal 0.595693 0.803212 -0
    outer loop
      vertex -35.0009 -52.3826 163
      vertex -39.9668 -48.6997 165
      vertex -35.0009 -52.3826 165
    endloop
  endfacet
  facet normal 0.595693 0.803212 0
    outer loop
      vertex -39.9668 -48.6997 165
      vertex -35.0009 -52.3826 163
      vertex -39.9668 -48.6997 163
    endloop
  endfacet
  facet normal 0.941547 0.336881 0
    outer loop
      vertex -58.2044 -24.1091 165
      vertex -60.2872 -18.2879 163
      vertex -60.2872 -18.2879 165
    endloop
  endfacet
  facet normal 0.941547 0.336881 0
    outer loop
      vertex -60.2872 -18.2879 163
      vertex -58.2044 -24.1091 165
      vertex -58.2044 -24.1091 163
    endloop
  endfacet
  facet normal 0.857731 0.514098 0
    outer loop
      vertex -52.3826 -35.0009 165
      vertex -55.561 -29.698 163
      vertex -55.561 -29.698 165
    endloop
  endfacet
  facet normal 0.857731 0.514098 0
    outer loop
      vertex -55.561 -29.698 163
      vertex -52.3826 -35.0009 165
      vertex -52.3826 -35.0009 163
    endloop
  endfacet
  facet normal 0.740942 0.671569 0
    outer loop
      vertex -44.5477 -44.5477 165
      vertex -48.6997 -39.9668 163
      vertex -48.6997 -39.9668 165
    endloop
  endfacet
  facet normal 0.740942 0.671569 0
    outer loop
      vertex -48.6997 -39.9668 163
      vertex -44.5477 -44.5477 165
      vertex -44.5477 -44.5477 163
    endloop
  endfacet
  facet normal -1 0 0
    outer loop
      vertex -72 -14 108
      vertex -72 -14.9665 117
      vertex -72 -14 115.697
    endloop
  endfacet
  facet normal -1 0 0
    outer loop
      vertex -72 -28 108
      vertex -72 -14.9665 117
      vertex -72 -14 108
    endloop
  endfacet
  facet normal -1 -0 0
    outer loop
      vertex -72 -14.9665 117
      vertex -72 -28 108
      vertex -72 -15.8746 118.515
    endloop
  endfacet
  facet normal -1 -0 0
    outer loop
      vertex -72 -15.8746 118.515
      vertex -72 -28 108
      vertex -72 -16.6298 120.112
    endloop
  endfacet
  facet normal -1 -0 0
    outer loop
      vertex -72 -16.6298 120.112
      vertex -72 -28 108
      vertex -72 -17.2249 121.775
    endloop
  endfacet
  facet normal -1 -0 0
    outer loop
      vertex -72 -17.9133 125.236
      vertex -72 -28 108
      vertex -72 -18 127
    endloop
  endfacet
  facet normal -1 -0 0
    outer loop
      vertex -72 -17.6541 123.488
      vertex -72 -28 108
      vertex -72 -17.9133 125.236
    endloop
  endfacet
  facet normal -1 -0 0
    outer loop
      vertex -72 -17.2249 121.775
      vertex -72 -28 108
      vertex -72 -17.6541 123.488
    endloop
  endfacet
  facet normal -1 0 0
    outer loop
      vertex -72 -28 142
      vertex -72 -18 127
      vertex -72 -28 108
    endloop
  endfacet
  facet normal -1 0 0
    outer loop
      vertex -72 -18 127
      vertex -72 -28 142
      vertex -72 -17.9133 128.764
    endloop
  endfacet
  facet normal -1 0 0
    outer loop
      vertex -72 -17.9133 128.764
      vertex -72 -28 142
      vertex -72 -17.6541 130.512
    endloop
  endfacet
  facet normal -1 0 0
    outer loop
      vertex -72 -17.6541 130.512
      vertex -72 -28 142
      vertex -72 -17.2249 132.225
    endloop
  endfacet
  facet normal -1 0 0
    outer loop
      vertex -72 -10.0003 141.966
      vertex -72 -28 142
      vertex -72 -9.94429 142
    endloop
  endfacet
  facet normal -1 0 0
    outer loop
      vertex -72 -11.4191 140.914
      vertex -72 -28 142
      vertex -72 -10.0003 141.966
    endloop
  endfacet
  facet normal -1 0 0
    outer loop
      vertex -72 -12.7279 139.728
      vertex -72 -28 142
      vertex -72 -11.4191 140.914
    endloop
  endfacet
  facet normal -1 0 0
    outer loop
      vertex -72 -13.9142 138.419
      vertex -72 -28 142
      vertex -72 -12.7279 139.728
    endloop
  endfacet
  facet normal -1 0 0
    outer loop
      vertex -72 -14.9665 137
      vertex -72 -28 142
      vertex -72 -13.9142 138.419
    endloop
  endfacet
  facet normal -1 0 0
    outer loop
      vertex -72 -15.8746 135.485
      vertex -72 -28 142
      vertex -72 -14.9665 137
    endloop
  endfacet
  facet normal -1 0 0
    outer loop
      vertex -72 -16.6298 133.888
      vertex -72 -28 142
      vertex -72 -15.8746 135.485
    endloop
  endfacet
  facet normal -1 0 0
    outer loop
      vertex -72 -17.2249 132.225
      vertex -72 -28 142
      vertex -72 -16.6298 133.888
    endloop
  endfacet
  facet normal -1 0 0
    outer loop
      vertex -72 2 108
      vertex -72 1.76431 109.087
      vertex -72 2 109.122
    endloop
  endfacet
  facet normal -1 0 0
    outer loop
      vertex -72 1 108
      vertex -72 1.76431 109.087
      vertex -72 2 108
    endloop
  endfacet
  facet normal -1 0 0
    outer loop
      vertex -72 1.76431 109.087
      vertex -72 1 108
      vertex -72 1 109.049
    endloop
  endfacet
  facet normal 0 0 1
    outer loop
      vertex -43.548 -2 142
      vertex -40 2 142
      vertex -43.548 2 142
    endloop
  endfacet
  facet normal 0 0 1
    outer loop
      vertex -40 2 142
      vertex -43.548 -2 142
      vertex -40 -28 142
    endloop
  endfacet
  facet normal 0 0 1
    outer loop
      vertex -48.58 -28 142
      vertex -43.548 -2 142
      vertex -48.58 -2 142
    endloop
  endfacet
  facet normal 0 0 1
    outer loop
      vertex -43.548 -2 142
      vertex -48.58 -28 142
      vertex -40 -28 142
    endloop
  endfacet
  facet normal 0 0 1
    outer loop
      vertex -67.5 -9.94429 142
      vertex -63.42 -2 142
      vertex -67.5 -2 142
    endloop
  endfacet
  facet normal 0 0 1
    outer loop
      vertex -63.42 -2 142
      vertex -67.5 -9.94429 142
      vertex -63.42 -28 142
    endloop
  endfacet
  facet normal 0 0 1
    outer loop
      vertex -72 -28 142
      vertex -67.5 -9.94429 142
      vertex -72 -9.94429 142
    endloop
  endfacet
  facet normal 0 0 1
    outer loop
      vertex -67.5 -9.94429 142
      vertex -72 -28 142
      vertex -63.42 -28 142
    endloop
  endfacet
  facet normal 1 0 0
    outer loop
      vertex -40 2 142
      vertex -40 -2 138.122
      vertex -40 2 138.122
    endloop
  endfacet
  facet normal 1 0 0
    outer loop
      vertex -40 -2 138.122
      vertex -40 -28 142
      vertex -40 -2 115.878
    endloop
  endfacet
  facet normal 1 -0 0
    outer loop
      vertex -40 -28 142
      vertex -40 -2 138.122
      vertex -40 2 142
    endloop
  endfacet
  facet normal 1 -0 0
    outer loop
      vertex -40 -2 115.878
      vertex -40 2 108
      vertex -40 2 115.878
    endloop
  endfacet
  facet normal 1 0 0
    outer loop
      vertex -40 -28 108
      vertex -40 -2 115.878
      vertex -40 -28 142
    endloop
  endfacet
  facet normal 1 0 0
    outer loop
      vertex -40 -2 115.878
      vertex -40 -28 108
      vertex -40 2 108
    endloop
  endfacet
  facet normal 0 1 -0
    outer loop
      vertex -40 2 108
      vertex -40.9263 2 114.629
      vertex -40 2 115.878
    endloop
  endfacet
  facet normal 0 1 0
    outer loop
      vertex -40 2 108
      vertex -42.2114 2 113.211
      vertex -40.9263 2 114.629
    endloop
  endfacet
  facet normal 0 1 0
    outer loop
      vertex -40 2 108
      vertex -43.6293 2 111.926
      vertex -42.2114 2 113.211
    endloop
  endfacet
  facet normal 0 1 0
    outer loop
      vertex -40 2 108
      vertex -45.1664 2 110.786
      vertex -43.6293 2 111.926
    endloop
  endfacet
  facet normal 0 1 0
    outer loop
      vertex -40 2 108
      vertex -46.8078 2 109.803
      vertex -45.1664 2 110.786
    endloop
  endfacet
  facet normal 0 1 0
    outer loop
      vertex -40 2 108
      vertex -48.5377 2 108.984
      vertex -46.8078 2 109.803
    endloop
  endfacet
  facet normal 0 1 0
    outer loop
      vertex -40 2 108
      vertex -50.3394 2 108.34
      vertex -48.5377 2 108.984
    endloop
  endfacet
  facet normal 0 1 0
    outer loop
      vertex -50.3394 2 108.34
      vertex -40 2 108
      vertex -51.6955 2 108
    endloop
  endfacet
  facet normal 0 1 0
    outer loop
      vertex -40 2 142
      vertex -42.2114 2 140.789
      vertex -43.548 2 142
    endloop
  endfacet
  facet normal 0 1 0
    outer loop
      vertex -40 2 142
      vertex -40.9263 2 139.371
      vertex -42.2114 2 140.789
    endloop
  endfacet
  facet normal -0 1 0
    outer loop
      vertex -40.9263 2 139.371
      vertex -40 2 142
      vertex -40 2 138.122
    endloop
  endfacet
  facet normal 0 1 0
    outer loop
      vertex -66.8336 2 110.786
      vertex -67.5 2 109.122
      vertex -67.5 2 111.281
    endloop
  endfacet
  facet normal 0 1 0
    outer loop
      vertex -65.1922 2 109.803
      vertex -67.5 2 109.122
      vertex -66.8336 2 110.786
    endloop
  endfacet
  facet normal 0 1 0
    outer loop
      vertex -63.4623 2 108.984
      vertex -67.5 2 109.122
      vertex -65.1922 2 109.803
    endloop
  endfacet
  facet normal 0 1 0
    outer loop
      vertex -61.6606 2 108.34
      vertex -67.5 2 109.122
      vertex -63.4623 2 108.984
    endloop
  endfacet
  facet normal 0 1 0
    outer loop
      vertex -67.5 2 109.122
      vertex -61.6606 2 108.34
      vertex -72 2 108
    endloop
  endfacet
  facet normal 0 1 0
    outer loop
      vertex -72 2 108
      vertex -61.6606 2 108.34
      vertex -60.3045 2 108
    endloop
  endfacet
  facet normal 0 1 0
    outer loop
      vertex -67.5 2 109.122
      vertex -72 2 108
      vertex -72 2 109.122
    endloop
  endfacet
  facet normal 0 0 -1
    outer loop
      vertex -52 -14 108
      vertex -40 2 108
      vertex -40 -28 108
    endloop
  endfacet
  facet normal 0 0 -1
    outer loop
      vertex -40 2 108
      vertex -52 -14 108
      vertex -51.6955 -2 108
    endloop
  endfacet
  facet normal 0 0 -1
    outer loop
      vertex -72 -28 108
      vertex -52 -14 108
      vertex -40 -28 108
    endloop
  endfacet
  facet normal -0 0 -1
    outer loop
      vertex -52 -14 108
      vertex -72 -28 108
      vertex -72 -14 108
    endloop
  endfacet
  facet normal -0 0 -1
    outer loop
      vertex -40 2 108
      vertex -51.6955 -2 108
      vertex -51.6955 2 108
    endloop
  endfacet
  facet normal -0 0 -1
    outer loop
      vertex -51.6955 -2 108
      vertex -52 -14 108
      vertex -52 -2 108
    endloop
  endfacet
  facet normal 0 0 -1
    outer loop
      vertex -72 1 108
      vertex -60.3045 2 108
      vertex -60.3045 1 108
    endloop
  endfacet
  facet normal -0 0 -1
    outer loop
      vertex -60.3045 2 108
      vertex -72 1 108
      vertex -72 2 108
    endloop
  endfacet
  facet normal 0 -1 0
    outer loop
      vertex -72 -28 142
      vertex -63.42 -28 110
      vertex -63.42 -28 142
    endloop
  endfacet
  facet normal 0 -1 -0
    outer loop
      vertex -63.42 -28 110
      vertex -72 -28 108
      vertex -48.58 -28 110
    endloop
  endfacet
  facet normal 0 -1 0
    outer loop
      vertex -72 -28 108
      vertex -63.42 -28 110
      vertex -72 -28 142
    endloop
  endfacet
  facet normal 0 -1 0
    outer loop
      vertex -48.58 -28 110
      vertex -40 -28 142
      vertex -48.58 -28 142
    endloop
  endfacet
  facet normal 0 -1 0
    outer loop
      vertex -48.58 -28 110
      vertex -40 -28 108
      vertex -40 -28 142
    endloop
  endfacet
  facet normal 0 -1 0
    outer loop
      vertex -40 -28 108
      vertex -48.58 -28 110
      vertex -72 -28 108
    endloop
  endfacet
  facet normal 1 0 0
    outer loop
      vertex -52 -2 108
      vertex -52 -14 108
      vertex -52 -2 107.924
    endloop
  endfacet
  facet normal 1 -0 0
    outer loop
      vertex -52 -2 107.924
      vertex -52 1 88
      vertex -52 1 107.924
    endloop
  endfacet
  facet normal 1 0 0
    outer loop
      vertex -52 -14 88
      vertex -52 -2 107.924
      vertex -52 -14 108
    endloop
  endfacet
  facet normal 1 0 0
    outer loop
      vertex -52 -2 107.924
      vertex -52 -14 88
      vertex -52 1 88
    endloop
  endfacet
  facet normal 0 1 0
    outer loop
      vertex -54.0887 1 107.594
      vertex -52 1 88
      vertex -56 1 107.5
    endloop
  endfacet
  facet normal 0 1 0
    outer loop
      vertex -52.1957 1 107.875
      vertex -52 1 88
      vertex -54.0887 1 107.594
    endloop
  endfacet
  facet normal 0 1 -0
    outer loop
      vertex -52 1 88
      vertex -52.1957 1 107.875
      vertex -52 1 107.924
    endloop
  endfacet
  facet normal 0 1 0
    outer loop
      vertex -52 1 88
      vertex -60.3045 1 108
      vertex -59.8043 1 107.875
    endloop
  endfacet
  facet normal 0 1 -0
    outer loop
      vertex -72 1 108
      vertex -78.2732 1 109.049
      vertex -72 1 109.049
    endloop
  endfacet
  facet normal 0 1 0
    outer loop
      vertex -52 1 88
      vertex -59.8043 1 107.875
      vertex -57.9113 1 107.594
    endloop
  endfacet
  facet normal 0 1 0
    outer loop
      vertex -52 1 88
      vertex -57.9113 1 107.594
      vertex -56 1 107.5
    endloop
  endfacet
  facet normal 0 1 0
    outer loop
      vertex -60.3045 1 108
      vertex -52 1 88
      vertex -77.8194 1 88
    endloop
  endfacet
  facet normal 0 1 0
    outer loop
      vertex -60.3045 1 108
      vertex -77.8194 1 88
      vertex -72 1 108
    endloop
  endfacet
  facet normal 0 1 0
    outer loop
      vertex -72 1 108
      vertex -77.8194 1 88
      vertex -78.2732 1 109.049
    endloop
  endfacet
  facet normal 0 0 -1
    outer loop
      vertex -76.9828 -11.076 88
      vertex -52 -14 88
      vertex -76.5491 -14 88
    endloop
  endfacet
  facet normal 0 0 -1
    outer loop
      vertex -77.4936 -7.63245 88
      vertex -52 -14 88
      vertex -76.9828 -11.076 88
    endloop
  endfacet
  facet normal 0 0 -1
    outer loop
      vertex -52 -14 88
      vertex -77.4936 -7.63245 88
      vertex -52 1 88
    endloop
  endfacet
  facet normal 0 0 -1
    outer loop
      vertex -77.6644 -4.15543 88
      vertex -52 1 88
      vertex -77.4936 -7.63245 88
    endloop
  endfacet
  facet normal 0 0 -1
    outer loop
      vertex -77.8686 0 88
      vertex -52 1 88
      vertex -77.6644 -4.15543 88
    endloop
  endfacet
  facet normal -0 0 -1
    outer loop
      vertex -52 1 88
      vertex -77.8686 0 88
      vertex -77.8194 1 88
    endloop
  endfacet
  facet normal 0 -1 0
    outer loop
      vertex -77.1519 -14 115.697
      vertex -72 -14 108
      vertex -72 -14 115.697
    endloop
  endfacet
  facet normal 0 -1 0
    outer loop
      vertex -76.5491 -14 88
      vertex -72 -14 108
      vertex -77.1519 -14 115.697
    endloop
  endfacet
  facet normal 0 -1 0
    outer loop
      vertex -52 -14 88
      vertex -72 -14 108
      vertex -76.5491 -14 88
    endloop
  endfacet
  facet normal 0 -1 0
    outer loop
      vertex -72 -14 108
      vertex -52 -14 88
      vertex -52 -14 108
    endloop
  endfacet
  facet normal 1 -0 0
    outer loop
      vertex -63.42 -28 142
      vertex -63.42 -2 110
      vertex -63.42 -2 142
    endloop
  endfacet
  facet normal 1 0 0
    outer loop
      vertex -63.42 -2 110
      vertex -63.42 -28 142
      vertex -63.42 -28 110
    endloop
  endfacet
  facet normal -1 0 0
    outer loop
      vertex -48.58 -28 110
      vertex -48.58 -2 142
      vertex -48.58 -2 110
    endloop
  endfacet
  facet normal -1 -0 0
    outer loop
      vertex -48.58 -2 142
      vertex -48.58 -28 110
      vertex -48.58 -28 142
    endloop
  endfacet
  facet normal -0 0 1
    outer loop
      vertex -63.42 -2 110
      vertex -48.58 -28 110
      vertex -48.58 -2 110
    endloop
  endfacet
  facet normal 0 0 1
    outer loop
      vertex -48.58 -28 110
      vertex -63.42 -2 110
      vertex -63.42 -28 110
    endloop
  endfacet
  facet normal -0.67143 0 -0.741068
    outer loop
      vertex -43.548 -2 142
      vertex -42.2114 2 140.789
      vertex -42.2114 -2 140.789
    endloop
  endfacet
  facet normal -0.67143 0 -0.741068
    outer loop
      vertex -42.2114 2 140.789
      vertex -43.548 -2 142
      vertex -43.548 2 142
    endloop
  endfacet
  facet normal -0.803214 0 -0.59569
    outer loop
      vertex -40 -2 138.122
      vertex -40.9263 2 139.371
      vertex -40 2 138.122
    endloop
  endfacet
  facet normal -0.803214 -0 -0.59569
    outer loop
      vertex -40.9263 2 139.371
      vertex -40 -2 138.122
      vertex -40.9263 -2 139.371
    endloop
  endfacet
  facet normal 0 1 0
    outer loop
      vertex -42.2114 -2 140.789
      vertex -48.58 -2 142
      vertex -43.548 -2 142
    endloop
  endfacet
  facet normal 0 1 0
    outer loop
      vertex -40.9263 -2 139.371
      vertex -48.58 -2 142
      vertex -42.2114 -2 140.789
    endloop
  endfacet
  facet normal 0 1 0
    outer loop
      vertex -40 -2 138.122
      vertex -48.58 -2 142
      vertex -40.9263 -2 139.371
    endloop
  endfacet
  facet normal 0 1 -0
    outer loop
      vertex -40 -2 115.878
      vertex -48.58 -2 142
      vertex -40 -2 138.122
    endloop
  endfacet
  facet normal 0 1 0
    outer loop
      vertex -48.58 -2 110
      vertex -40 -2 115.878
      vertex -40.9263 -2 114.629
    endloop
  endfacet
  facet normal 0 1 0
    outer loop
      vertex -48.58 -2 110
      vertex -40.9263 -2 114.629
      vertex -42.2114 -2 113.211
    endloop
  endfacet
  facet normal 0 1 0
    outer loop
      vertex -48.58 -2 110
      vertex -42.2114 -2 113.211
      vertex -43.6293 -2 111.926
    endloop
  endfacet
  facet normal 0 1 0
    outer loop
      vertex -48.58 -2 110
      vertex -43.6293 -2 111.926
      vertex -45.1664 -2 110.786
    endloop
  endfacet
  facet normal 0 1 0
    outer loop
      vertex -40 -2 115.878
      vertex -48.58 -2 110
      vertex -48.58 -2 142
    endloop
  endfacet
  facet normal 0 1 -0
    outer loop
      vertex -48.5377 -2 108.984
      vertex -48.58 -2 110
      vertex -46.8078 -2 109.803
    endloop
  endfacet
  facet normal 0 1 -0
    outer loop
      vertex -46.8078 -2 109.803
      vertex -48.58 -2 110
      vertex -45.1664 -2 110.786
    endloop
  endfacet
  facet normal 0 1 0
    outer loop
      vertex -63.42 -2 142
      vertex -67.5 -2 111.281
      vertex -67.5 -2 142
    endloop
  endfacet
  facet normal 0 1 -0
    outer loop
      vertex -63.42 -2 110
      vertex -67.5 -2 111.281
      vertex -63.42 -2 142
    endloop
  endfacet
  facet normal 0 1 0
    outer loop
      vertex -67.5 -2 111.281
      vertex -63.42 -2 110
      vertex -66.8336 -2 110.786
    endloop
  endfacet
  facet normal 0 1 0
    outer loop
      vertex -63.42 -2 110
      vertex -65.1922 -2 109.803
      vertex -66.8336 -2 110.786
    endloop
  endfacet
  facet normal 0 1 0
    outer loop
      vertex -54.0887 -2 107.594
      vertex -48.58 -2 110
      vertex -52 -2 108
    endloop
  endfacet
  facet normal 0 1 0
    outer loop
      vertex -50.3394 -2 108.34
      vertex -48.58 -2 110
      vertex -48.5377 -2 108.984
    endloop
  endfacet
  facet normal 0 1 0
    outer loop
      vertex -48.58 -2 110
      vertex -56 -2 107.5
      vertex -63.42 -2 110
    endloop
  endfacet
  facet normal 0 1 0
    outer loop
      vertex -48.58 -2 110
      vertex -50.3394 -2 108.34
      vertex -52 -2 108
    endloop
  endfacet
  facet normal 0 1 0
    outer loop
      vertex -63.42 -2 110
      vertex -63.4623 -2 108.984
      vertex -65.1922 -2 109.803
    endloop
  endfacet
  facet normal 0 1 0
    outer loop
      vertex -52 -2 108
      vertex -50.3394 -2 108.34
      vertex -51.6955 -2 108
    endloop
  endfacet
  facet normal 0 1 0
    outer loop
      vertex -63.42 -2 110
      vertex -61.6606 -2 108.34
      vertex -63.4623 -2 108.984
    endloop
  endfacet
  facet normal 0 1 0
    outer loop
      vertex -52.1957 -2 107.875
      vertex -52 -2 108
      vertex -52 -2 107.924
    endloop
  endfacet
  facet normal 0 1 0
    outer loop
      vertex -52 -2 108
      vertex -52.1957 -2 107.875
      vertex -54.0887 -2 107.594
    endloop
  endfacet
  facet normal 0 1 0
    outer loop
      vertex -63.42 -2 110
      vertex -59.8043 -2 107.875
      vertex -61.6606 -2 108.34
    endloop
  endfacet
  facet normal 0 1 0
    outer loop
      vertex -48.58 -2 110
      vertex -54.0887 -2 107.594
      vertex -56 -2 107.5
    endloop
  endfacet
  facet normal 0 1 0
    outer loop
      vertex -63.42 -2 110
      vertex -57.9113 -2 107.594
      vertex -59.8043 -2 107.875
    endloop
  endfacet
  facet normal 0 1 0
    outer loop
      vertex -63.42 -2 110
      vertex -56 -2 107.5
      vertex -57.9113 -2 107.594
    endloop
  endfacet
  facet normal -0.146833 0 0.989161
    outer loop
      vertex -54.0887 1 107.594
      vertex -52.1957 -2 107.875
      vertex -52.1957 1 107.875
    endloop
  endfacet
  facet normal -0.146833 0 0.989161
    outer loop
      vertex -52.1957 -2 107.875
      vertex -54.0887 1 107.594
      vertex -54.0887 -2 107.594
    endloop
  endfacet
  facet normal -0.740977 0 -0.67153
    outer loop
      vertex -40.9263 -2 139.371
      vertex -42.2114 2 140.789
      vertex -40.9263 2 139.371
    endloop
  endfacet
  facet normal -0.740977 -0 -0.67153
    outer loop
      vertex -42.2114 2 140.789
      vertex -40.9263 -2 139.371
      vertex -42.2114 -2 140.789
    endloop
  endfacet
  facet normal -0.803214 0 0.59569
    outer loop
      vertex -40.9263 -2 114.629
      vertex -40 2 115.878
      vertex -40.9263 2 114.629
    endloop
  endfacet
  facet normal -0.803214 0 0.59569
    outer loop
      vertex -40 2 115.878
      vertex -40.9263 -2 114.629
      vertex -40 -2 115.878
    endloop
  endfacet
  facet normal -0.513788 0 0.857917
    outer loop
      vertex -46.8078 2 109.803
      vertex -45.1664 -2 110.786
      vertex -45.1664 2 110.786
    endloop
  endfacet
  facet normal -0.513788 0 0.857917
    outer loop
      vertex -45.1664 -2 110.786
      vertex -46.8078 2 109.803
      vertex -46.8078 -2 109.803
    endloop
  endfacet
  facet normal 0.336585 0 0.941653
    outer loop
      vertex -63.4623 2 108.984
      vertex -61.6606 -2 108.34
      vertex -61.6606 2 108.34
    endloop
  endfacet
  facet normal 0.336585 0 0.941653
    outer loop
      vertex -61.6606 -2 108.34
      vertex -63.4623 2 108.984
      vertex -63.4623 -2 108.984
    endloop
  endfacet
  facet normal -0.0491218 0 0.998793
    outer loop
      vertex -56 1 107.5
      vertex -54.0887 -2 107.594
      vertex -54.0887 1 107.594
    endloop
  endfacet
  facet normal -0.0491218 0 0.998793
    outer loop
      vertex -54.0887 -2 107.594
      vertex -56 1 107.5
      vertex -56 -2 107.5
    endloop
  endfacet
  facet normal -0.336585 0 0.941653
    outer loop
      vertex -50.3394 2 108.34
      vertex -48.5377 -2 108.984
      vertex -48.5377 2 108.984
    endloop
  endfacet
  facet normal -0.336585 0 0.941653
    outer loop
      vertex -48.5377 -2 108.984
      vertex -50.3394 2 108.34
      vertex -50.3394 -2 108.34
    endloop
  endfacet
  facet normal -0.427904 0 0.903824
    outer loop
      vertex -48.5377 2 108.984
      vertex -46.8078 -2 109.803
      vertex -46.8078 2 109.803
    endloop
  endfacet
  facet normal -0.427904 0 0.903824
    outer loop
      vertex -46.8078 -2 109.803
      vertex -48.5377 2 108.984
      vertex -48.5377 -2 108.984
    endloop
  endfacet
  facet normal -0.243192 0 0.969978
    outer loop
      vertex -51.6955 2 108
      vertex -50.3394 -2 108.34
      vertex -50.3394 2 108.34
    endloop
  endfacet
  facet normal -0.243192 0 0.969978
    outer loop
      vertex -50.3394 -2 108.34
      vertex -51.6955 2 108
      vertex -51.6955 -2 108
    endloop
  endfacet
  facet normal -0.242886 0 0.970055
    outer loop
      vertex -52.1957 1 107.875
      vertex -52 -2 107.924
      vertex -52 1 107.924
    endloop
  endfacet
  facet normal -0.242886 0 0.970055
    outer loop
      vertex -52 -2 107.924
      vertex -52.1957 1 107.875
      vertex -52.1957 -2 107.875
    endloop
  endfacet
  facet normal -0.740977 0 0.67153
    outer loop
      vertex -42.2114 -2 113.211
      vertex -40.9263 2 114.629
      vertex -42.2114 2 113.211
    endloop
  endfacet
  facet normal -0.740977 0 0.67153
    outer loop
      vertex -40.9263 2 114.629
      vertex -42.2114 -2 113.211
      vertex -40.9263 -2 114.629
    endloop
  endfacet
  facet normal -0.671527 0 0.74098
    outer loop
      vertex -43.6293 2 111.926
      vertex -42.2114 -2 113.211
      vertex -42.2114 2 113.211
    endloop
  endfacet
  facet normal -0.671527 0 0.74098
    outer loop
      vertex -42.2114 -2 113.211
      vertex -43.6293 2 111.926
      vertex -43.6293 -2 111.926
    endloop
  endfacet
  facet normal -0.595702 0 0.803205
    outer loop
      vertex -45.1664 2 110.786
      vertex -43.6293 -2 111.926
      vertex -43.6293 2 111.926
    endloop
  endfacet
  facet normal -0.595702 0 0.803205
    outer loop
      vertex -43.6293 -2 111.926
      vertex -45.1664 2 110.786
      vertex -45.1664 -2 110.786
    endloop
  endfacet
  facet normal 0.243192 0 0.969978
    outer loop
      vertex -60.3045 2 108
      vertex -61.6606 2 108.34
      vertex -60.3045 1 108
    endloop
  endfacet
  facet normal 0.242444 0 0.970165
    outer loop
      vertex -60.3045 1 108
      vertex -59.8043 -2 107.875
      vertex -59.8043 1 107.875
    endloop
  endfacet
  facet normal 0.243192 -0 0.969978
    outer loop
      vertex -61.6606 -2 108.34
      vertex -60.3045 1 108
      vertex -61.6606 2 108.34
    endloop
  endfacet
  facet normal 0.242991 9.67607e-05 0.970029
    outer loop
      vertex -60.3045 1 108
      vertex -61.6606 -2 108.34
      vertex -59.8043 -2 107.875
    endloop
  endfacet
  facet normal 0.146833 0 0.989161
    outer loop
      vertex -59.8043 1 107.875
      vertex -57.9113 -2 107.594
      vertex -57.9113 1 107.594
    endloop
  endfacet
  facet normal 0.146833 0 0.989161
    outer loop
      vertex -57.9113 -2 107.594
      vertex -59.8043 1 107.875
      vertex -59.8043 -2 107.875
    endloop
  endfacet
  facet normal 0.0491218 0 0.998793
    outer loop
      vertex -57.9113 1 107.594
      vertex -56 -2 107.5
      vertex -56 1 107.5
    endloop
  endfacet
  facet normal 0.0491218 0 0.998793
    outer loop
      vertex -56 -2 107.5
      vertex -57.9113 1 107.594
      vertex -57.9113 -2 107.594
    endloop
  endfacet
  facet normal 0.596293 0 0.802767
    outer loop
      vertex -67.5 2 111.281
      vertex -66.8336 -2 110.786
      vertex -66.8336 2 110.786
    endloop
  endfacet
  facet normal 0.596293 0 0.802767
    outer loop
      vertex -66.8336 -2 110.786
      vertex -67.5 2 111.281
      vertex -67.5 -2 111.281
    endloop
  endfacet
  facet normal 0.427904 0 0.903824
    outer loop
      vertex -65.1922 2 109.803
      vertex -63.4623 -2 108.984
      vertex -63.4623 2 108.984
    endloop
  endfacet
  facet normal 0.427904 0 0.903824
    outer loop
      vertex -63.4623 -2 108.984
      vertex -65.1922 2 109.803
      vertex -65.1922 -2 109.803
    endloop
  endfacet
  facet normal 0.513788 0 0.857917
    outer loop
      vertex -66.8336 2 110.786
      vertex -65.1922 -2 109.803
      vertex -65.1922 2 109.803
    endloop
  endfacet
  facet normal 0.513788 0 0.857917
    outer loop
      vertex -65.1922 -2 109.803
      vertex -66.8336 2 110.786
      vertex -66.8336 -2 110.786
    endloop
  endfacet
  facet normal 0 -0.0496567 0.998766
    outer loop
      vertex -78.2365 1.76431 109.087
      vertex -81.2273 1.76431 109.087
      vertex -78.2732 1 109.049
    endloop
  endfacet
  facet normal 0 -0.0496567 0.998766
    outer loop
      vertex -72 1 109.049
      vertex -67.5 1.76431 109.087
      vertex -72 1.76431 109.087
    endloop
  endfacet
  facet normal -6.9041e-05 -0.0492512 0.998786
    outer loop
      vertex -67.5 1.76431 109.087
      vertex -72 1 109.049
      vertex -67.5 0 109
    endloop
  endfacet
  facet normal 0 -0.0489413 0.998802
    outer loop
      vertex -81.3121 0 109
      vertex -72 1 109.049
      vertex -78.2732 1 109.049
    endloop
  endfacet
  facet normal 0 -0.0489413 0.998802
    outer loop
      vertex -72 1 109.049
      vertex -81.3121 0 109
      vertex -67.5 0 109
    endloop
  endfacet
  facet normal 0.000103879 -0.0492562 0.998786
    outer loop
      vertex -81.3121 0 109
      vertex -78.2732 1 109.049
      vertex -81.2273 1.76431 109.087
    endloop
  endfacet
  facet normal 0 0.998794 -0.0490904
    outer loop
      vertex -67.5 -18 127
      vertex -72 -17.9133 128.764
      vertex -67.5 -17.9133 128.764
    endloop
  endfacet
  facet normal 0 0.998794 -0.0490904
    outer loop
      vertex -72 -17.9133 128.764
      vertex -67.5 -18 127
      vertex -72 -18 127
    endloop
  endfacet
  facet normal 0 0.998794 -0.0490904
    outer loop
      vertex -79.6076 -18 127
      vertex -76.5953 -17.9133 128.764
      vertex -76.5345 -18 127
    endloop
  endfacet
  facet normal 0 0.998794 -0.0490904
    outer loop
      vertex -76.5953 -17.9133 128.764
      vertex -79.6076 -18 127
      vertex -79.6679 -17.9133 128.764
    endloop
  endfacet
  facet normal 0 0.671488 -0.741015
    outer loop
      vertex -72 -12.7279 139.728
      vertex -67.5 -11.4191 140.914
      vertex -67.5 -12.7279 139.728
    endloop
  endfacet
  facet normal 0 0.671488 -0.741015
    outer loop
      vertex -67.5 -11.4191 140.914
      vertex -72 -12.7279 139.728
      vertex -72 -11.4191 140.914
    endloop
  endfacet
  facet normal 0 0.671488 -0.741015
    outer loop
      vertex -80.8729 -12.7279 139.728
      vertex -78.0837 -11.4191 140.914
      vertex -77.8637 -12.7279 139.728
    endloop
  endfacet
  facet normal 0 0.671488 -0.741015
    outer loop
      vertex -78.0837 -11.4191 140.914
      vertex -80.8729 -12.7279 139.728
      vertex -81.0925 -11.4191 140.914
    endloop
  endfacet
  facet normal 0 0.42744 0.904044
    outer loop
      vertex -67.5 -6.8883 110.37
      vertex -80.8897 -8.48514 111.125
      vertex -67.5 -8.48514 111.125
    endloop
  endfacet
  facet normal 0.000149205 0.426417 0.904527
    outer loop
      vertex -67.5 -6.8883 110.37
      vertex -80.9603 -7.9739 110.884
      vertex -80.8897 -8.48514 111.125
    endloop
  endfacet
  facet normal 0 0.427929 0.903812
    outer loop
      vertex -80.9603 -7.9739 110.884
      vertex -67.5 -6.8883 110.37
      vertex -81.0028 -6.8883 110.37
    endloop
  endfacet
  facet normal 0 0.941532 0.336925
    outer loop
      vertex -67.5 -16.6298 120.112
      vertex -72 -17.2249 121.775
      vertex -67.5 -17.2249 121.775
    endloop
  endfacet
  facet normal 0 0.941532 0.336925
    outer loop
      vertex -72 -17.2249 121.775
      vertex -67.5 -16.6298 120.112
      vertex -72 -16.6298 120.112
    endloop
  endfacet
  facet normal 0 0.941532 0.336925
    outer loop
      vertex -76.7248 -16.6298 120.112
      vertex -79.6877 -17.2249 121.775
      vertex -76.6126 -17.2249 121.775
    endloop
  endfacet
  facet normal 0 0.941532 0.336925
    outer loop
      vertex -79.6877 -17.2249 121.775
      vertex -76.7248 -16.6298 120.112
      vertex -79.8004 -16.6298 120.112
    endloop
  endfacet
  facet normal 0 0.671488 0.741015
    outer loop
      vertex -67.5 -11.4191 113.086
      vertex -80.3277 -12.7279 114.272
      vertex -67.5 -12.7279 114.272
    endloop
  endfacet
  facet normal 0 0.671488 0.741015
    outer loop
      vertex -80.3277 -12.7279 114.272
      vertex -67.5 -11.4191 113.086
      vertex -80.4965 -11.4191 113.086
    endloop
  endfacet
  facet normal 0 0.24287 0.970059
    outer loop
      vertex -67.5 -3.51163 109.346
      vertex -81.0719 -5.22512 109.775
      vertex -67.5 -5.22512 109.775
    endloop
  endfacet
  facet normal 0 0.24287 0.970059
    outer loop
      vertex -81.0719 -5.22512 109.775
      vertex -67.5 -3.51163 109.346
      vertex -81.1469 -3.51163 109.346
    endloop
  endfacet
  facet normal 0 0.904017 -0.427497
    outer loop
      vertex -67.5 -16.6298 133.888
      vertex -72 -15.8746 135.485
      vertex -67.5 -15.8746 135.485
    endloop
  endfacet
  facet normal 0 0.904017 -0.427497
    outer loop
      vertex -72 -15.8746 135.485
      vertex -67.5 -16.6298 133.888
      vertex -72 -16.6298 133.888
    endloop
  endfacet
  facet normal 0 0.904041 -0.427445
    outer loop
      vertex -77.2552 -15.8746 135.485
      vertex -80.2965 -15.972 135.279
      vertex -80.3153 -15.8746 135.485
    endloop
  endfacet
  facet normal 0 0.904017 -0.427497
    outer loop
      vertex -80.1013 -16.6298 133.888
      vertex -77.2552 -15.8746 135.485
      vertex -77.0306 -16.6298 133.888
    endloop
  endfacet
  facet normal 4.95331e-06 0.904013 -0.427505
    outer loop
      vertex -77.2552 -15.8746 135.485
      vertex -80.1013 -16.6298 133.888
      vertex -80.2965 -15.972 135.279
    endloop
  endfacet
  facet normal 0 0.941532 -0.336925
    outer loop
      vertex -67.5 -17.2249 132.225
      vertex -72 -16.6298 133.888
      vertex -67.5 -16.6298 133.888
    endloop
  endfacet
  facet normal 0 0.941532 -0.336925
    outer loop
      vertex -72 -16.6298 133.888
      vertex -67.5 -17.2249 132.225
      vertex -72 -17.2249 132.225
    endloop
  endfacet
  facet normal 0 0.941532 -0.336925
    outer loop
      vertex -79.9159 -17.2249 132.225
      vertex -77.0306 -16.6298 133.888
      vertex -76.8446 -17.2249 132.225
    endloop
  endfacet
  facet normal 0 0.941532 -0.336925
    outer loop
      vertex -77.0306 -16.6298 133.888
      vertex -79.9159 -17.2249 132.225
      vertex -80.1013 -16.6298 133.888
    endloop
  endfacet
  facet normal 0 0.595607 -0.803276
    outer loop
      vertex -72 -11.4191 140.914
      vertex -67.5 -10.0003 141.966
      vertex -67.5 -11.4191 140.914
    endloop
  endfacet
  facet normal 0 0.595607 -0.803276
    outer loop
      vertex -67.5 -10.0003 141.966
      vertex -72 -11.4191 140.914
      vertex -72 -10.0003 141.966
    endloop
  endfacet
  facet normal 0 0.595607 -0.803276
    outer loop
      vertex -81.0925 -11.4191 140.914
      vertex -78.317 -10.0003 141.966
      vertex -78.0837 -11.4191 140.914
    endloop
  endfacet
  facet normal 0 0.595607 -0.803276
    outer loop
      vertex -78.317 -10.0003 141.966
      vertex -81.0925 -11.4191 140.914
      vertex -81.3255 -10.0003 141.966
    endloop
  endfacet
  facet normal 0 -0.146889 0.989153
    outer loop
      vertex -72 2 109.122
      vertex -67.5 1.76431 109.087
      vertex -67.5 2 109.122
    endloop
  endfacet
  facet normal 0 -0.146889 0.989153
    outer loop
      vertex -67.5 1.76431 109.087
      vertex -72 2 109.122
      vertex -72 1.76431 109.087
    endloop
  endfacet
  facet normal 0 -0.146625 0.989192
    outer loop
      vertex -81.1469 3.51163 109.346
      vertex -78.2365 1.76431 109.087
      vertex -78.1562 3.51163 109.346
    endloop
  endfacet
  facet normal 0 -0.146625 0.989192
    outer loop
      vertex -78.2365 1.76431 109.087
      vertex -81.1469 3.51163 109.346
      vertex -81.2273 1.76431 109.087
    endloop
  endfacet
  facet normal 0 0.0492512 0.998786
    outer loop
      vertex -67.5 0 109
      vertex -81.2273 -1.76431 109.087
      vertex -67.5 -1.76431 109.087
    endloop
  endfacet
  facet normal 0 0.0492512 0.998786
    outer loop
      vertex -81.2273 -1.76431 109.087
      vertex -67.5 0 109
      vertex -81.3121 0 109
    endloop
  endfacet
  facet normal 0 0.857718 0.514121
    outer loop
      vertex -67.5 -14.9665 117
      vertex -72 -15.8746 118.515
      vertex -67.5 -15.8746 118.515
    endloop
  endfacet
  facet normal 0 0.857718 0.514121
    outer loop
      vertex -72 -15.8746 118.515
      vertex -67.5 -14.9665 117
      vertex -72 -14.9665 117
    endloop
  endfacet
  facet normal 0 0.857655 0.514225
    outer loop
      vertex -76.9978 -15.3158 117.583
      vertex -79.9518 -15.8746 118.515
      vertex -76.8785 -15.8746 118.515
    endloop
  endfacet
  facet normal -0 0.857817 0.513955
    outer loop
      vertex -80.0541 -14.9665 117
      vertex -76.9978 -15.3158 117.583
      vertex -77.0369 -14.9665 117
    endloop
  endfacet
  facet normal -4.36866e-05 0.857716 0.514123
    outer loop
      vertex -76.9978 -15.3158 117.583
      vertex -80.0541 -14.9665 117
      vertex -79.9518 -15.8746 118.515
    endloop
  endfacet
  facet normal 0 0.740982 0.671525
    outer loop
      vertex -67.5 -12.7279 114.272
      vertex -80.1798 -13.9142 115.581
      vertex -67.5 -13.9142 115.581
    endloop
  endfacet
  facet normal -5.02491e-05 0.741224 0.671258
    outer loop
      vertex -80.1798 -13.9142 115.581
      vertex -67.5 -12.7279 114.272
      vertex -80.2221 -13.5746 115.206
    endloop
  endfacet
  facet normal 0 0.740883 0.671634
    outer loop
      vertex -80.2221 -13.5746 115.206
      vertex -67.5 -12.7279 114.272
      vertex -80.3277 -12.7279 114.272
    endloop
  endfacet
  facet normal 0 0.803169 0.595751
    outer loop
      vertex -67.5 -14.9665 117
      vertex -72 -14 115.697
      vertex -72 -14.9665 117
    endloop
  endfacet
  facet normal -0 0.803974 0.594664
    outer loop
      vertex -80.1798 -13.9142 115.581
      vertex -72 -14 115.697
      vertex -67.5 -13.9142 115.581
    endloop
  endfacet
  facet normal 3.98253e-05 0.803235 0.595662
    outer loop
      vertex -67.5 -13.9142 115.581
      vertex -72 -14 115.697
      vertex -67.5 -14.9665 117
    endloop
  endfacet
  facet normal 0 0.803169 0.595751
    outer loop
      vertex -77.1519 -14 115.697
      vertex -80.0541 -14.9665 117
      vertex -77.0369 -14.9665 117
    endloop
  endfacet
  facet normal -5.93888e-05 0.803233 0.595665
    outer loop
      vertex -77.1519 -14 115.697
      vertex -80.1798 -13.9142 115.581
      vertex -80.0541 -14.9665 117
    endloop
  endfacet
  facet normal 0 0.803974 0.594664
    outer loop
      vertex -72 -14 115.697
      vertex -80.1798 -13.9142 115.581
      vertex -77.1519 -14 115.697
    endloop
  endfacet
  facet normal 0 0.595607 0.803276
    outer loop
      vertex -67.5 -10.0003 112.034
      vertex -80.4965 -11.4191 113.086
      vertex -67.5 -11.4191 113.086
    endloop
  endfacet
  facet normal 0 0.595607 0.803276
    outer loop
      vertex -80.4965 -11.4191 113.086
      vertex -67.5 -10.0003 112.034
      vertex -80.6844 -10.0003 112.034
    endloop
  endfacet
  facet normal 0 0.514456 0.857517
    outer loop
      vertex -67.5 -8.48514 111.125
      vertex -80.6844 -10.0003 112.034
      vertex -67.5 -10.0003 112.034
    endloop
  endfacet
  facet normal 0 0.514456 0.857517
    outer loop
      vertex -80.6844 -10.0003 112.034
      vertex -67.5 -8.48514 111.125
      vertex -80.8897 -8.48514 111.125
    endloop
  endfacet
  facet normal 0 0.970016 -0.243042
    outer loop
      vertex -67.5 -17.6541 130.512
      vertex -72 -17.2249 132.225
      vertex -67.5 -17.2249 132.225
    endloop
  endfacet
  facet normal 0 0.970016 -0.243042
    outer loop
      vertex -72 -17.2249 132.225
      vertex -67.5 -17.6541 130.512
      vertex -72 -17.6541 130.512
    endloop
  endfacet
  facet normal 0 0.970016 -0.243042
    outer loop
      vertex -79.771 -17.6541 130.512
      vertex -76.8446 -17.2249 132.225
      vertex -76.6991 -17.6541 130.512
    endloop
  endfacet
  facet normal 0 0.970016 -0.243042
    outer loop
      vertex -76.8446 -17.2249 132.225
      vertex -79.771 -17.6541 130.512
      vertex -79.9159 -17.2249 132.225
    endloop
  endfacet
  facet normal 0 0.803235 -0.595662
    outer loop
      vertex -67.5 -14.9665 137
      vertex -72 -13.9142 138.419
      vertex -67.5 -13.9142 138.419
    endloop
  endfacet
  facet normal 0 0.803235 -0.595662
    outer loop
      vertex -72 -13.9142 138.419
      vertex -67.5 -14.9665 137
      vertex -72 -14.9665 137
    endloop
  endfacet
  facet normal 0 0.803098 -0.595847
    outer loop
      vertex -77.6592 -13.9142 138.419
      vertex -80.5304 -14.6962 137.365
      vertex -80.669 -13.9142 138.419
    endloop
  endfacet
  facet normal -0.000100384 0.803229 -0.595671
    outer loop
      vertex -77.4723 -14.9665 137
      vertex -80.5304 -14.6962 137.365
      vertex -77.6592 -13.9142 138.419
    endloop
  endfacet
  facet normal 0 0.803631 -0.595128
    outer loop
      vertex -80.5304 -14.6962 137.365
      vertex -77.4723 -14.9665 137
      vertex -80.4825 -14.9665 137
    endloop
  endfacet
  facet normal 0 0.857718 -0.514121
    outer loop
      vertex -67.5 -15.8746 135.485
      vertex -72 -14.9665 137
      vertex -67.5 -14.9665 137
    endloop
  endfacet
  facet normal 0 0.857718 -0.514121
    outer loop
      vertex -72 -14.9665 137
      vertex -67.5 -15.8746 135.485
      vertex -72 -15.8746 135.485
    endloop
  endfacet
  facet normal 0 0.857705 -0.514142
    outer loop
      vertex -77.3932 -15.3945 136.286
      vertex -80.4825 -14.9665 137
      vertex -77.4723 -14.9665 137
    endloop
  endfacet
  facet normal 0 0.857729 -0.514102
    outer loop
      vertex -80.3153 -15.8746 135.485
      vertex -77.3932 -15.3945 136.286
      vertex -77.2552 -15.8746 135.485
    endloop
  endfacet
  facet normal 6.88294e-06 0.857718 -0.51412
    outer loop
      vertex -77.3932 -15.3945 136.286
      vertex -80.3153 -15.8746 135.485
      vertex -80.4825 -14.9665 137
    endloop
  endfacet
  facet normal 0 0.989184 -0.14668
    outer loop
      vertex -67.5 -17.9133 128.764
      vertex -72 -17.6541 130.512
      vertex -67.5 -17.6541 130.512
    endloop
  endfacet
  facet normal 0 0.989184 -0.14668
    outer loop
      vertex -72 -17.6541 130.512
      vertex -67.5 -17.9133 128.764
      vertex -72 -17.9133 128.764
    endloop
  endfacet
  facet normal 0 0.989184 -0.14668
    outer loop
      vertex -79.6679 -17.9133 128.764
      vertex -76.6991 -17.6541 130.512
      vertex -76.5953 -17.9133 128.764
    endloop
  endfacet
  facet normal 0 0.989184 -0.14668
    outer loop
      vertex -76.6991 -17.6541 130.512
      vertex -79.6679 -17.9133 128.764
      vertex -79.771 -17.6541 130.512
    endloop
  endfacet
  facet normal -1 0 0
    outer loop
      vertex -67.5 1.76431 109.087
      vertex -67.5 2 111.281
      vertex -67.5 2 109.122
    endloop
  endfacet
  facet normal -1 0 0
    outer loop
      vertex -67.5 0 109
      vertex -67.5 2 111.281
      vertex -67.5 1.76431 109.087
    endloop
  endfacet
  facet normal -1 0 0
    outer loop
      vertex -67.5 -2 111.281
      vertex -67.5 0 109
      vertex -67.5 -1.76431 109.087
    endloop
  endfacet
  facet normal -1 0 0
    outer loop
      vertex -67.5 0 109
      vertex -67.5 -2 111.281
      vertex -67.5 2 111.281
    endloop
  endfacet
  facet normal -1 0 0
    outer loop
      vertex -67.5 -3.51163 109.346
      vertex -67.5 -2 111.281
      vertex -67.5 -1.76431 109.087
    endloop
  endfacet
  facet normal -1 0 0
    outer loop
      vertex -67.5 -5.22512 109.775
      vertex -67.5 -2 111.281
      vertex -67.5 -3.51163 109.346
    endloop
  endfacet
  facet normal -1 0 0
    outer loop
      vertex -67.5 -6.8883 110.37
      vertex -67.5 -2 111.281
      vertex -67.5 -5.22512 109.775
    endloop
  endfacet
  facet normal -1 0 0
    outer loop
      vertex -67.5 -8.48514 111.125
      vertex -67.5 -2 111.281
      vertex -67.5 -6.8883 110.37
    endloop
  endfacet
  facet normal -1 0 0
    outer loop
      vertex -67.5 -10.0003 112.034
      vertex -67.5 -2 111.281
      vertex -67.5 -8.48514 111.125
    endloop
  endfacet
  facet normal -1 0 0
    outer loop
      vertex -67.5 -11.4191 113.086
      vertex -67.5 -2 111.281
      vertex -67.5 -10.0003 112.034
    endloop
  endfacet
  facet normal -1 0 0
    outer loop
      vertex -67.5 -12.7279 114.272
      vertex -67.5 -2 111.281
      vertex -67.5 -11.4191 113.086
    endloop
  endfacet
  facet normal -1 0 0
    outer loop
      vertex -67.5 -13.9142 115.581
      vertex -67.5 -2 111.281
      vertex -67.5 -12.7279 114.272
    endloop
  endfacet
  facet normal -1 0 -0
    outer loop
      vertex -67.5 -10.0003 141.966
      vertex -67.5 -2 142
      vertex -67.5 -11.4191 140.914
    endloop
  endfacet
  facet normal -1 -0 0
    outer loop
      vertex -67.5 -2 142
      vertex -67.5 -10.0003 141.966
      vertex -67.5 -9.94429 142
    endloop
  endfacet
  facet normal -1 0 0
    outer loop
      vertex -67.5 -14.9665 117
      vertex -67.5 -2 111.281
      vertex -67.5 -13.9142 115.581
    endloop
  endfacet
  facet normal -1 0 0
    outer loop
      vertex -67.5 -2 142
      vertex -67.5 -12.7279 139.728
      vertex -67.5 -11.4191 140.914
    endloop
  endfacet
  facet normal -1 0 0
    outer loop
      vertex -67.5 -15.8746 118.515
      vertex -67.5 -2 111.281
      vertex -67.5 -14.9665 117
    endloop
  endfacet
  facet normal -1 0 0
    outer loop
      vertex -67.5 -2 142
      vertex -67.5 -13.9142 138.419
      vertex -67.5 -12.7279 139.728
    endloop
  endfacet
  facet normal -1 0 0
    outer loop
      vertex -67.5 -16.6298 120.112
      vertex -67.5 -2 111.281
      vertex -67.5 -15.8746 118.515
    endloop
  endfacet
  facet normal -1 0 0
    outer loop
      vertex -67.5 -2 142
      vertex -67.5 -14.9665 137
      vertex -67.5 -13.9142 138.419
    endloop
  endfacet
  facet normal -1 0 0
    outer loop
      vertex -67.5 -17.2249 121.775
      vertex -67.5 -2 111.281
      vertex -67.5 -16.6298 120.112
    endloop
  endfacet
  facet normal -1 0 0
    outer loop
      vertex -67.5 -2 142
      vertex -67.5 -15.8746 135.485
      vertex -67.5 -14.9665 137
    endloop
  endfacet
  facet normal -1 0 0
    outer loop
      vertex -67.5 -17.6541 123.488
      vertex -67.5 -2 111.281
      vertex -67.5 -17.2249 121.775
    endloop
  endfacet
  facet normal -1 0 0
    outer loop
      vertex -67.5 -2 142
      vertex -67.5 -16.6298 133.888
      vertex -67.5 -15.8746 135.485
    endloop
  endfacet
  facet normal -1 0 0
    outer loop
      vertex -67.5 -2 111.281
      vertex -67.5 -17.6541 123.488
      vertex -67.5 -2 142
    endloop
  endfacet
  facet normal -1 0 0
    outer loop
      vertex -67.5 -2 142
      vertex -67.5 -17.2249 132.225
      vertex -67.5 -16.6298 133.888
    endloop
  endfacet
  facet normal -1 0 0
    outer loop
      vertex -67.5 -17.9133 125.236
      vertex -67.5 -2 142
      vertex -67.5 -17.6541 123.488
    endloop
  endfacet
  facet normal -1 0 0
    outer loop
      vertex -67.5 -2 142
      vertex -67.5 -17.6541 130.512
      vertex -67.5 -17.2249 132.225
    endloop
  endfacet
  facet normal -1 0 0
    outer loop
      vertex -67.5 -18 127
      vertex -67.5 -2 142
      vertex -67.5 -17.9133 125.236
    endloop
  endfacet
  facet normal -1 0 0
    outer loop
      vertex -67.5 -2 142
      vertex -67.5 -17.9133 128.764
      vertex -67.5 -17.6541 130.512
    endloop
  endfacet
  facet normal -1 0 0
    outer loop
      vertex -67.5 -2 142
      vertex -67.5 -18 127
      vertex -67.5 -17.9133 128.764
    endloop
  endfacet
  facet normal 0 0.51891 -0.854829
    outer loop
      vertex -72 -10.0003 141.966
      vertex -67.5 -9.94429 142
      vertex -67.5 -10.0003 141.966
    endloop
  endfacet
  facet normal 0 0.51891 -0.854829
    outer loop
      vertex -67.5 -9.94429 142
      vertex -72 -10.0003 141.966
      vertex -72 -9.94429 142
    endloop
  endfacet
  facet normal 0 0.51441 -0.857544
    outer loop
      vertex -81.3255 -10.0003 141.966
      vertex -78.5145 -8.77669 142.7
      vertex -78.317 -10.0003 141.966
    endloop
  endfacet
  facet normal -2.52199e-05 0.514453 -0.857519
    outer loop
      vertex -81.5697 -8.48514 142.875
      vertex -78.5145 -8.77669 142.7
      vertex -81.3255 -10.0003 141.966
    endloop
  endfacet
  facet normal 0 0.514647 -0.857402
    outer loop
      vertex -78.5145 -8.77669 142.7
      vertex -81.5697 -8.48514 142.875
      vertex -78.5615 -8.48514 142.875
    endloop
  endfacet
  facet normal 0 0.998794 0.0490904
    outer loop
      vertex -67.5 -17.9133 125.236
      vertex -72 -18 127
      vertex -67.5 -18 127
    endloop
  endfacet
  facet normal 0 0.998794 0.0490904
    outer loop
      vertex -72 -18 127
      vertex -67.5 -17.9133 125.236
      vertex -72 -17.9133 125.236
    endloop
  endfacet
  facet normal -0 0.998794 0.0490904
    outer loop
      vertex -79.5908 -17.9133 125.236
      vertex -76.5345 -18 127
      vertex -76.517 -17.9133 125.236
    endloop
  endfacet
  facet normal 0 0.998794 0.0490904
    outer loop
      vertex -76.5345 -18 127
      vertex -79.5908 -17.9133 125.236
      vertex -79.6076 -18 127
    endloop
  endfacet
  facet normal 0 0.970016 0.243042
    outer loop
      vertex -67.5 -17.2249 121.775
      vertex -72 -17.6541 123.488
      vertex -67.5 -17.6541 123.488
    endloop
  endfacet
  facet normal 0 0.970016 0.243042
    outer loop
      vertex -72 -17.6541 123.488
      vertex -67.5 -17.2249 121.775
      vertex -72 -17.2249 121.775
    endloop
  endfacet
  facet normal 0 0.970016 0.243042
    outer loop
      vertex -76.6126 -17.2249 121.775
      vertex -79.6176 -17.6541 123.488
      vertex -76.5432 -17.6541 123.488
    endloop
  endfacet
  facet normal 0 0.970016 0.243042
    outer loop
      vertex -79.6176 -17.6541 123.488
      vertex -76.6126 -17.2249 121.775
      vertex -79.6877 -17.2249 121.775
    endloop
  endfacet
  facet normal 0 0.904017 0.427497
    outer loop
      vertex -67.5 -15.8746 118.515
      vertex -72 -16.6298 120.112
      vertex -67.5 -16.6298 120.112
    endloop
  endfacet
  facet normal 0 0.904017 0.427497
    outer loop
      vertex -72 -16.6298 120.112
      vertex -67.5 -15.8746 118.515
      vertex -72 -15.8746 118.515
    endloop
  endfacet
  facet normal 0 0.904017 0.427497
    outer loop
      vertex -76.8785 -15.8746 118.515
      vertex -79.8004 -16.6298 120.112
      vertex -76.7248 -16.6298 120.112
    endloop
  endfacet
  facet normal 5.28838e-05 0.903979 0.427576
    outer loop
      vertex -79.8004 -16.6298 120.112
      vertex -76.8785 -15.8746 118.515
      vertex -79.9489 -15.9028 118.575
    endloop
  endfacet
  facet normal 0 0.905024 0.425361
    outer loop
      vertex -79.9489 -15.9028 118.575
      vertex -76.8785 -15.8746 118.515
      vertex -79.9518 -15.8746 118.515
    endloop
  endfacet
  facet normal 0 0.336842 0.941561
    outer loop
      vertex -67.5 -5.22512 109.775
      vertex -81.0028 -6.8883 110.37
      vertex -67.5 -6.8883 110.37
    endloop
  endfacet
  facet normal -2.8111e-05 0.337044 0.941489
    outer loop
      vertex -67.5 -5.22512 109.775
      vertex -81.0653 -5.38268 109.831
      vertex -81.0028 -6.8883 110.37
    endloop
  endfacet
  facet normal 0 0.334896 0.942255
    outer loop
      vertex -81.0653 -5.38268 109.831
      vertex -67.5 -5.22512 109.775
      vertex -81.0719 -5.22512 109.775
    endloop
  endfacet
  facet normal 0 0.146625 0.989192
    outer loop
      vertex -67.5 -1.76431 109.087
      vertex -81.1469 -3.51163 109.346
      vertex -67.5 -3.51163 109.346
    endloop
  endfacet
  facet normal 0 0.146625 0.989192
    outer loop
      vertex -81.1469 -3.51163 109.346
      vertex -67.5 -1.76431 109.087
      vertex -81.2273 -1.76431 109.087
    endloop
  endfacet
  facet normal 0 0.740982 -0.671525
    outer loop
      vertex -67.5 -13.9142 138.419
      vertex -72 -12.7279 139.728
      vertex -67.5 -12.7279 139.728
    endloop
  endfacet
  facet normal 0 0.740982 -0.671525
    outer loop
      vertex -72 -12.7279 139.728
      vertex -67.5 -13.9142 138.419
      vertex -72 -13.9142 138.419
    endloop
  endfacet
  facet normal 0 0.740982 -0.671525
    outer loop
      vertex -80.669 -13.9142 138.419
      vertex -77.8637 -12.7279 139.728
      vertex -77.6592 -13.9142 138.419
    endloop
  endfacet
  facet normal 0 0.740982 -0.671525
    outer loop
      vertex -77.8637 -12.7279 139.728
      vertex -80.669 -13.9142 138.419
      vertex -80.8729 -12.7279 139.728
    endloop
  endfacet
  facet normal 0 0.989184 0.14668
    outer loop
      vertex -67.5 -17.6541 123.488
      vertex -72 -17.9133 125.236
      vertex -67.5 -17.9133 125.236
    endloop
  endfacet
  facet normal 0 0.989184 0.14668
    outer loop
      vertex -72 -17.9133 125.236
      vertex -67.5 -17.6541 123.488
      vertex -72 -17.6541 123.488
    endloop
  endfacet
  facet normal 0 0.989184 0.14668
    outer loop
      vertex -76.5432 -17.6541 123.488
      vertex -79.5908 -17.9133 125.236
      vertex -76.517 -17.9133 125.236
    endloop
  endfacet
  facet normal 0 0.989184 0.14668
    outer loop
      vertex -79.5908 -17.9133 125.236
      vertex -76.5432 -17.6541 123.488
      vertex -79.6176 -17.6541 123.488
    endloop
  endfacet
  facet normal -1 0 0
    outer loop
      vertex 40 2 108
      vertex 40 -2 115.878
      vertex 40 2 115.878
    endloop
  endfacet
  facet normal -1 0 0
    outer loop
      vertex 40 -28 142
      vertex 40 -2 115.878
      vertex 40 -28 108
    endloop
  endfacet
  facet normal -1 0 0
    outer loop
      vertex 40 -28 108
      vertex 40 -2 115.878
      vertex 40 2 108
    endloop
  endfacet
  facet normal -1 0 0
    outer loop
      vertex 40 -2 138.122
      vertex 40 2 142
      vertex 40 2 138.122
    endloop
  endfacet
  facet normal -1 0 0
    outer loop
      vertex 40 -2 138.122
      vertex 40 -28 142
      vertex 40 2 142
    endloop
  endfacet
  facet normal -1 0 0
    outer loop
      vertex 40 -2 115.878
      vertex 40 -28 142
      vertex 40 -2 138.122
    endloop
  endfacet
  facet normal 0 0 1
    outer loop
      vertex 67.5 -2 142
      vertex 63.42 -2 142
      vertex 67.5 -9.94429 142
    endloop
  endfacet
  facet normal -0 0 1
    outer loop
      vertex 67.5 -9.94429 142
      vertex 72 -28 142
      vertex 72 -9.94429 142
    endloop
  endfacet
  facet normal 0 0 1
    outer loop
      vertex 63.42 -28 142
      vertex 67.5 -9.94429 142
      vertex 63.42 -2 142
    endloop
  endfacet
  facet normal 0 0 1
    outer loop
      vertex 67.5 -9.94429 142
      vertex 63.42 -28 142
      vertex 72 -28 142
    endloop
  endfacet
  facet normal 0 0 1
    outer loop
      vertex 43.548 2 142
      vertex 40 2 142
      vertex 43.548 -2 142
    endloop
  endfacet
  facet normal -0 0 1
    outer loop
      vertex 43.548 -2 142
      vertex 48.58 -28 142
      vertex 48.58 -2 142
    endloop
  endfacet
  facet normal 0 0 1
    outer loop
      vertex 40 -28 142
      vertex 43.548 -2 142
      vertex 40 2 142
    endloop
  endfacet
  facet normal 0 0 1
    outer loop
      vertex 43.548 -2 142
      vertex 40 -28 142
      vertex 48.58 -28 142
    endloop
  endfacet
  facet normal 1 0 0
    outer loop
      vertex 72 -17.9133 128.764
      vertex 72 -28 142
      vertex 72 -18 127
    endloop
  endfacet
  facet normal 1 0 0
    outer loop
      vertex 72 -17.6541 130.512
      vertex 72 -28 142
      vertex 72 -17.9133 128.764
    endloop
  endfacet
  facet normal 1 0 0
    outer loop
      vertex 72 -17.2249 132.225
      vertex 72 -28 142
      vertex 72 -17.6541 130.512
    endloop
  endfacet
  facet normal 1 0 0
    outer loop
      vertex 72 -16.6298 133.888
      vertex 72 -28 142
      vertex 72 -17.2249 132.225
    endloop
  endfacet
  facet normal 1 0 0
    outer loop
      vertex 72 -15.8746 135.485
      vertex 72 -28 142
      vertex 72 -16.6298 133.888
    endloop
  endfacet
  facet normal 1 0 0
    outer loop
      vertex 72 -14.9665 137
      vertex 72 -28 142
      vertex 72 -15.8746 135.485
    endloop
  endfacet
  facet normal 1 0 0
    outer loop
      vertex 72 -13.9142 138.419
      vertex 72 -28 142
      vertex 72 -14.9665 137
    endloop
  endfacet
  facet normal 1 0 0
    outer loop
      vertex 72 -12.7279 139.728
      vertex 72 -28 142
      vertex 72 -13.9142 138.419
    endloop
  endfacet
  facet normal 1 0 0
    outer loop
      vertex 72 -11.4191 140.914
      vertex 72 -28 142
      vertex 72 -12.7279 139.728
    endloop
  endfacet
  facet normal 1 0 0
    outer loop
      vertex 72 -10.0003 141.966
      vertex 72 -28 142
      vertex 72 -11.4191 140.914
    endloop
  endfacet
  facet normal 1 -0 0
    outer loop
      vertex 72 -28 142
      vertex 72 -10.0003 141.966
      vertex 72 -9.94429 142
    endloop
  endfacet
  facet normal 1 0 0
    outer loop
      vertex 72 -14.9665 117
      vertex 72 -14 108
      vertex 72 -14 115.697
    endloop
  endfacet
  facet normal 1 0 0
    outer loop
      vertex 72 -28 108
      vertex 72 -14.9665 117
      vertex 72 -15.8746 118.515
    endloop
  endfacet
  facet normal 1 0 0
    outer loop
      vertex 72 -28 108
      vertex 72 -15.8746 118.515
      vertex 72 -16.6298 120.112
    endloop
  endfacet
  facet normal 1 0 0
    outer loop
      vertex 72 -28 108
      vertex 72 -16.6298 120.112
      vertex 72 -17.2249 121.775
    endloop
  endfacet
  facet normal 1 0 0
    outer loop
      vertex 72 -28 108
      vertex 72 -17.2249 121.775
      vertex 72 -17.6541 123.488
    endloop
  endfacet
  facet normal 1 0 0
    outer loop
      vertex 72 -28 142
      vertex 72 -17.9133 125.236
      vertex 72 -18 127
    endloop
  endfacet
  facet normal 1 0 0
    outer loop
      vertex 72 -28 108
      vertex 72 -17.9133 125.236
      vertex 72 -28 142
    endloop
  endfacet
  facet normal 1 0 0
    outer loop
      vertex 72 -17.9133 125.236
      vertex 72 -28 108
      vertex 72 -17.6541 123.488
    endloop
  endfacet
  facet normal 1 0 0
    outer loop
      vertex 72 -14.9665 117
      vertex 72 -28 108
      vertex 72 -14 108
    endloop
  endfacet
  facet normal 1 -0 0
    outer loop
      vertex 72 1.76431 109.087
      vertex 72 2 108
      vertex 72 2 109.122
    endloop
  endfacet
  facet normal 1 0 0
    outer loop
      vertex 72 1 108
      vertex 72 1.76431 109.087
      vertex 72 1 109.049
    endloop
  endfacet
  facet normal 1 0 0
    outer loop
      vertex 72 1.76431 109.087
      vertex 72 1 108
      vertex 72 2 108
    endloop
  endfacet
  facet normal 0 0 -1
    outer loop
      vertex 72 -28 108
      vertex 52 -14 108
      vertex 72 -14 108
    endloop
  endfacet
  facet normal 0 0 -1
    outer loop
      vertex 52 -14 108
      vertex 51.6955 -2 108
      vertex 52 -2 108
    endloop
  endfacet
  facet normal 0 0 -1
    outer loop
      vertex 40 -28 108
      vertex 52 -14 108
      vertex 72 -28 108
    endloop
  endfacet
  facet normal 0 0 -1
    outer loop
      vertex 40 2 108
      vertex 52 -14 108
      vertex 40 -28 108
    endloop
  endfacet
  facet normal 0 0 -1
    outer loop
      vertex 52 -14 108
      vertex 40 2 108
      vertex 51.6955 -2 108
    endloop
  endfacet
  facet normal 0 0 -1
    outer loop
      vertex 51.6955 -2 108
      vertex 40 2 108
      vertex 51.6955 2 108
    endloop
  endfacet
  facet normal 0 0 -1
    outer loop
      vertex 60.3045 1 108
      vertex 72 2 108
      vertex 72 1 108
    endloop
  endfacet
  facet normal -0 0 -1
    outer loop
      vertex 72 2 108
      vertex 60.3045 1 108
      vertex 60.3045 2 108
    endloop
  endfacet
  facet normal 0 -1 0
    outer loop
      vertex 40 -28 142
      vertex 48.58 -28 110
      vertex 48.58 -28 142
    endloop
  endfacet
  facet normal 0 -1 -0
    outer loop
      vertex 48.58 -28 110
      vertex 40 -28 108
      vertex 63.42 -28 110
    endloop
  endfacet
  facet normal 0 -1 0
    outer loop
      vertex 40 -28 108
      vertex 48.58 -28 110
      vertex 40 -28 142
    endloop
  endfacet
  facet normal 0 -1 0
    outer loop
      vertex 63.42 -28 110
      vertex 72 -28 142
      vertex 63.42 -28 142
    endloop
  endfacet
  facet normal 0 -1 0
    outer loop
      vertex 63.42 -28 110
      vertex 72 -28 108
      vertex 72 -28 142
    endloop
  endfacet
  facet normal 0 -1 0
    outer loop
      vertex 72 -28 108
      vertex 63.42 -28 110
      vertex 40 -28 108
    endloop
  endfacet
  facet normal 0 1 -0
    outer loop
      vertex 72 2 108
      vertex 67.5 2 109.122
      vertex 72 2 109.122
    endloop
  endfacet
  facet normal -0 1 0
    outer loop
      vertex 61.6606 2 108.34
      vertex 67.5 2 109.122
      vertex 72 2 108
    endloop
  endfacet
  facet normal 0 1 0
    outer loop
      vertex 67.5 2 109.122
      vertex 61.6606 2 108.34
      vertex 63.4623 2 108.984
    endloop
  endfacet
  facet normal 0 1 0
    outer loop
      vertex 61.6606 2 108.34
      vertex 72 2 108
      vertex 60.3045 2 108
    endloop
  endfacet
  facet normal 0 1 -0
    outer loop
      vertex 67.5 2 109.122
      vertex 66.8336 2 110.786
      vertex 67.5 2 111.281
    endloop
  endfacet
  facet normal 0 1 0
    outer loop
      vertex 67.5 2 109.122
      vertex 65.1922 2 109.803
      vertex 66.8336 2 110.786
    endloop
  endfacet
  facet normal 0 1 0
    outer loop
      vertex 65.1922 2 109.803
      vertex 67.5 2 109.122
      vertex 63.4623 2 108.984
    endloop
  endfacet
  facet normal 0 1 -0
    outer loop
      vertex 42.2114 2 140.789
      vertex 40 2 142
      vertex 43.548 2 142
    endloop
  endfacet
  facet normal 0 1 -0
    outer loop
      vertex 40.9263 2 139.371
      vertex 40 2 142
      vertex 42.2114 2 140.789
    endloop
  endfacet
  facet normal 0 1 0
    outer loop
      vertex 40 2 142
      vertex 40.9263 2 139.371
      vertex 40 2 138.122
    endloop
  endfacet
  facet normal 0 1 0
    outer loop
      vertex 40.9263 2 114.629
      vertex 40 2 108
      vertex 40 2 115.878
    endloop
  endfacet
  facet normal 0 1 0
    outer loop
      vertex 42.2114 2 113.211
      vertex 40 2 108
      vertex 40.9263 2 114.629
    endloop
  endfacet
  facet normal 0 1 0
    outer loop
      vertex 43.6293 2 111.926
      vertex 40 2 108
      vertex 42.2114 2 113.211
    endloop
  endfacet
  facet normal 0 1 0
    outer loop
      vertex 45.1664 2 110.786
      vertex 40 2 108
      vertex 43.6293 2 111.926
    endloop
  endfacet
  facet normal 0 1 0
    outer loop
      vertex 46.8078 2 109.803
      vertex 40 2 108
      vertex 45.1664 2 110.786
    endloop
  endfacet
  facet normal 0 1 0
    outer loop
      vertex 48.5377 2 108.984
      vertex 40 2 108
      vertex 46.8078 2 109.803
    endloop
  endfacet
  facet normal 0 1 0
    outer loop
      vertex 50.3394 2 108.34
      vertex 40 2 108
      vertex 48.5377 2 108.984
    endloop
  endfacet
  facet normal 0 1 0
    outer loop
      vertex 40 2 108
      vertex 50.3394 2 108.34
      vertex 51.6955 2 108
    endloop
  endfacet
  facet normal -1 0 0
    outer loop
      vertex 52 1 88
      vertex 52 -2 107.924
      vertex 52 1 107.924
    endloop
  endfacet
  facet normal -1 0 0
    outer loop
      vertex 52 -14 88
      vertex 52 -2 107.924
      vertex 52 1 88
    endloop
  endfacet
  facet normal -1 0 0
    outer loop
      vertex 52 -14 108
      vertex 52 -2 107.924
      vertex 52 -14 88
    endloop
  endfacet
  facet normal -1 0 0
    outer loop
      vertex 52 -2 107.924
      vertex 52 -14 108
      vertex 52 -2 108
    endloop
  endfacet
  facet normal 0 0 -1
    outer loop
      vertex 52 1 88
      vertex 77.8686 0 88
      vertex 77.6644 -4.15543 88
    endloop
  endfacet
  facet normal 0 0 -1
    outer loop
      vertex 52 1 88
      vertex 77.6644 -4.15543 88
      vertex 77.4936 -7.63245 88
    endloop
  endfacet
  facet normal 0 0 -1
    outer loop
      vertex 52 -14 88
      vertex 77.4936 -7.63245 88
      vertex 76.9828 -11.076 88
    endloop
  endfacet
  facet normal 0 0 -1
    outer loop
      vertex 52 -14 88
      vertex 76.9828 -11.076 88
      vertex 76.5491 -14 88
    endloop
  endfacet
  facet normal -0 0 -1
    outer loop
      vertex 77.4936 -7.63245 88
      vertex 52 -14 88
      vertex 52 1 88
    endloop
  endfacet
  facet normal 0 0 -1
    outer loop
      vertex 77.8686 0 88
      vertex 52 1 88
      vertex 77.8194 1 88
    endloop
  endfacet
  facet normal 0 -1 0
    outer loop
      vertex 52 -14 108
      vertex 52 -14 88
      vertex 72 -14 108
    endloop
  endfacet
  facet normal 0 -1 0
    outer loop
      vertex 72 -14 108
      vertex 77.1519 -14 115.697
      vertex 72 -14 115.697
    endloop
  endfacet
  facet normal 0 -1 0
    outer loop
      vertex 72 -14 108
      vertex 76.5491 -14 88
      vertex 77.1519 -14 115.697
    endloop
  endfacet
  facet normal 0 -1 0
    outer loop
      vertex 76.5491 -14 88
      vertex 72 -14 108
      vertex 52 -14 88
    endloop
  endfacet
  facet normal 0 1 0
    outer loop
      vertex 78.2732 1 109.049
      vertex 72 1 108
      vertex 72 1 109.049
    endloop
  endfacet
  facet normal 0 1 0
    outer loop
      vertex 77.8194 1 88
      vertex 60.3045 1 108
      vertex 72 1 108
    endloop
  endfacet
  facet normal 0 1 0
    outer loop
      vertex 52 1 88
      vertex 60.3045 1 108
      vertex 77.8194 1 88
    endloop
  endfacet
  facet normal 0 1 0
    outer loop
      vertex 60.3045 1 108
      vertex 52 1 88
      vertex 59.8043 1 107.875
    endloop
  endfacet
  facet normal 0 1 0
    outer loop
      vertex 59.8043 1 107.875
      vertex 52 1 88
      vertex 57.9113 1 107.594
    endloop
  endfacet
  facet normal 0 1 -0
    outer loop
      vertex 77.8194 1 88
      vertex 72 1 108
      vertex 78.2732 1 109.049
    endloop
  endfacet
  facet normal 0 1 0
    outer loop
      vertex 57.9113 1 107.594
      vertex 52 1 88
      vertex 56 1 107.5
    endloop
  endfacet
  facet normal 0 1 0
    outer loop
      vertex 56 1 107.5
      vertex 52 1 88
      vertex 54.0887 1 107.594
    endloop
  endfacet
  facet normal 0 1 0
    outer loop
      vertex 54.0887 1 107.594
      vertex 52 1 88
      vertex 52.1957 1 107.875
    endloop
  endfacet
  facet normal 0 1 0
    outer loop
      vertex 52.1957 1 107.875
      vertex 52 1 88
      vertex 52 1 107.924
    endloop
  endfacet
  facet normal 1 -0 0
    outer loop
      vertex 48.58 -28 142
      vertex 48.58 -2 110
      vertex 48.58 -2 142
    endloop
  endfacet
  facet normal 1 0 0
    outer loop
      vertex 48.58 -2 110
      vertex 48.58 -28 142
      vertex 48.58 -28 110
    endloop
  endfacet
  facet normal -1 0 0
    outer loop
      vertex 63.42 -28 110
      vertex 63.42 -2 142
      vertex 63.42 -2 110
    endloop
  endfacet
  facet normal -1 -0 0
    outer loop
      vertex 63.42 -2 142
      vertex 63.42 -28 110
      vertex 63.42 -28 142
    endloop
  endfacet
  facet normal -0 0 1
    outer loop
      vertex 48.58 -2 110
      vertex 63.42 -28 110
      vertex 63.42 -2 110
    endloop
  endfacet
  facet normal 0 0 1
    outer loop
      vertex 63.42 -28 110
      vertex 48.58 -2 110
      vertex 48.58 -28 110
    endloop
  endfacet
  facet normal 0.242886 0 0.970055
    outer loop
      vertex 52 1 107.924
      vertex 52.1957 -2 107.875
      vertex 52.1957 1 107.875
    endloop
  endfacet
  facet normal 0.242886 0 0.970055
    outer loop
      vertex 52.1957 -2 107.875
      vertex 52 1 107.924
      vertex 52 -2 107.924
    endloop
  endfacet
  facet normal 0.243192 0 0.969978
    outer loop
      vertex 50.3394 2 108.34
      vertex 51.6955 -2 108
      vertex 51.6955 2 108
    endloop
  endfacet
  facet normal 0.243192 0 0.969978
    outer loop
      vertex 51.6955 -2 108
      vertex 50.3394 2 108.34
      vertex 50.3394 -2 108.34
    endloop
  endfacet
  facet normal 0.740977 0 -0.67153
    outer loop
      vertex 42.2114 -2 140.789
      vertex 40.9263 2 139.371
      vertex 42.2114 2 140.789
    endloop
  endfacet
  facet normal 0.740977 0 -0.67153
    outer loop
      vertex 40.9263 2 139.371
      vertex 42.2114 -2 140.789
      vertex 40.9263 -2 139.371
    endloop
  endfacet
  facet normal 0.67143 0 -0.741068
    outer loop
      vertex 42.2114 -2 140.789
      vertex 43.548 2 142
      vertex 43.548 -2 142
    endloop
  endfacet
  facet normal 0.67143 0 -0.741068
    outer loop
      vertex 43.548 2 142
      vertex 42.2114 -2 140.789
      vertex 42.2114 2 140.789
    endloop
  endfacet
  facet normal -0.146833 0 0.989161
    outer loop
      vertex 57.9113 1 107.594
      vertex 59.8043 -2 107.875
      vertex 59.8043 1 107.875
    endloop
  endfacet
  facet normal -0.146833 0 0.989161
    outer loop
      vertex 59.8043 -2 107.875
      vertex 57.9113 1 107.594
      vertex 57.9113 -2 107.594
    endloop
  endfacet
  facet normal -0.243192 0 0.969978
    outer loop
      vertex 60.3045 1 108
      vertex 61.6606 2 108.34
      vertex 60.3045 2 108
    endloop
  endfacet
  facet normal -0.243192 0 0.969978
    outer loop
      vertex 61.6606 2 108.34
      vertex 60.3045 1 108
      vertex 61.6606 -2 108.34
    endloop
  endfacet
  facet normal -0.242444 0 0.970165
    outer loop
      vertex 59.8043 -2 107.875
      vertex 60.3045 1 108
      vertex 59.8043 1 107.875
    endloop
  endfacet
  facet normal -0.242991 9.67607e-05 0.970029
    outer loop
      vertex 60.3045 1 108
      vertex 59.8043 -2 107.875
      vertex 61.6606 -2 108.34
    endloop
  endfacet
  facet normal -0.336585 0 0.941653
    outer loop
      vertex 61.6606 2 108.34
      vertex 63.4623 -2 108.984
      vertex 63.4623 2 108.984
    endloop
  endfacet
  facet normal -0.336585 0 0.941653
    outer loop
      vertex 63.4623 -2 108.984
      vertex 61.6606 2 108.34
      vertex 61.6606 -2 108.34
    endloop
  endfacet
  facet normal 0.0491218 0 0.998793
    outer loop
      vertex 54.0887 1 107.594
      vertex 56 -2 107.5
      vertex 56 1 107.5
    endloop
  endfacet
  facet normal 0.0491218 0 0.998793
    outer loop
      vertex 56 -2 107.5
      vertex 54.0887 1 107.594
      vertex 54.0887 -2 107.594
    endloop
  endfacet
  facet normal -0.0491218 0 0.998793
    outer loop
      vertex 56 1 107.5
      vertex 57.9113 -2 107.594
      vertex 57.9113 1 107.594
    endloop
  endfacet
  facet normal -0.0491218 0 0.998793
    outer loop
      vertex 57.9113 -2 107.594
      vertex 56 1 107.5
      vertex 56 -2 107.5
    endloop
  endfacet
  facet normal 0 1 -0
    outer loop
      vertex 67.5 -2 111.281
      vertex 63.42 -2 142
      vertex 67.5 -2 142
    endloop
  endfacet
  facet normal 0 1 0
    outer loop
      vertex 63.42 -2 110
      vertex 67.5 -2 111.281
      vertex 66.8336 -2 110.786
    endloop
  endfacet
  facet normal 0 1 0
    outer loop
      vertex 67.5 -2 111.281
      vertex 63.42 -2 110
      vertex 63.42 -2 142
    endloop
  endfacet
  facet normal 0 1 -0
    outer loop
      vertex 63.4623 -2 108.984
      vertex 63.42 -2 110
      vertex 65.1922 -2 109.803
    endloop
  endfacet
  facet normal 0 1 -0
    outer loop
      vertex 65.1922 -2 109.803
      vertex 63.42 -2 110
      vertex 66.8336 -2 110.786
    endloop
  endfacet
  facet normal 0 1 0
    outer loop
      vertex 48.58 -2 142
      vertex 42.2114 -2 140.789
      vertex 43.548 -2 142
    endloop
  endfacet
  facet normal 0 1 0
    outer loop
      vertex 48.58 -2 142
      vertex 40.9263 -2 139.371
      vertex 42.2114 -2 140.789
    endloop
  endfacet
  facet normal 0 1 0
    outer loop
      vertex 48.58 -2 142
      vertex 40 -2 138.122
      vertex 40.9263 -2 139.371
    endloop
  endfacet
  facet normal 0 1 0
    outer loop
      vertex 48.58 -2 142
      vertex 40 -2 115.878
      vertex 40 -2 138.122
    endloop
  endfacet
  facet normal 0 1 -0
    outer loop
      vertex 48.58 -2 110
      vertex 40 -2 115.878
      vertex 48.58 -2 142
    endloop
  endfacet
  facet normal 0 1 0
    outer loop
      vertex 40 -2 115.878
      vertex 48.58 -2 110
      vertex 40.9263 -2 114.629
    endloop
  endfacet
  facet normal 0 1 0
    outer loop
      vertex 40.9263 -2 114.629
      vertex 48.58 -2 110
      vertex 42.2114 -2 113.211
    endloop
  endfacet
  facet normal 0 1 0
    outer loop
      vertex 42.2114 -2 113.211
      vertex 48.58 -2 110
      vertex 43.6293 -2 111.926
    endloop
  endfacet
  facet normal 0 1 0
    outer loop
      vertex 43.6293 -2 111.926
      vertex 48.58 -2 110
      vertex 45.1664 -2 110.786
    endloop
  endfacet
  facet normal 0 1 0
    outer loop
      vertex 48.58 -2 110
      vertex 46.8078 -2 109.803
      vertex 45.1664 -2 110.786
    endloop
  endfacet
  facet normal 0 1 0
    outer loop
      vertex 61.6606 -2 108.34
      vertex 63.42 -2 110
      vertex 63.4623 -2 108.984
    endloop
  endfacet
  facet normal 0 1 0
    outer loop
      vertex 59.8043 -2 107.875
      vertex 63.42 -2 110
      vertex 61.6606 -2 108.34
    endloop
  endfacet
  facet normal -0 1 -0
    outer loop
      vertex 50.3394 -2 108.34
      vertex 48.58 -2 110
      vertex 52 -2 108
    endloop
  endfacet
  facet normal 0 1 0
    outer loop
      vertex 57.9113 -2 107.594
      vertex 63.42 -2 110
      vertex 59.8043 -2 107.875
    endloop
  endfacet
  facet normal 0 1 0
    outer loop
      vertex 48.58 -2 110
      vertex 48.5377 -2 108.984
      vertex 46.8078 -2 109.803
    endloop
  endfacet
  facet normal 0 1 0
    outer loop
      vertex 48.58 -2 110
      vertex 50.3394 -2 108.34
      vertex 48.5377 -2 108.984
    endloop
  endfacet
  facet normal 0 1 0
    outer loop
      vertex 56 -2 107.5
      vertex 63.42 -2 110
      vertex 57.9113 -2 107.594
    endloop
  endfacet
  facet normal 0 1 0
    outer loop
      vertex 63.42 -2 110
      vertex 56 -2 107.5
      vertex 48.58 -2 110
    endloop
  endfacet
  facet normal -0 1 -0
    outer loop
      vertex 54.0887 -2 107.594
      vertex 48.58 -2 110
      vertex 56 -2 107.5
    endloop
  endfacet
  facet normal -0 1 -0
    outer loop
      vertex 52.1957 -2 107.875
      vertex 52 -2 108
      vertex 54.0887 -2 107.594
    endloop
  endfacet
  facet normal 0 1 0
    outer loop
      vertex 52 -2 108
      vertex 52.1957 -2 107.875
      vertex 52 -2 107.924
    endloop
  endfacet
  facet normal 0 1 0
    outer loop
      vertex 48.58 -2 110
      vertex 54.0887 -2 107.594
      vertex 52 -2 108
    endloop
  endfacet
  facet normal 0 1 0
    outer loop
      vertex 50.3394 -2 108.34
      vertex 52 -2 108
      vertex 51.6955 -2 108
    endloop
  endfacet
  facet normal 0.803214 0 -0.59569
    outer loop
      vertex 40.9263 -2 139.371
      vertex 40 2 138.122
      vertex 40.9263 2 139.371
    endloop
  endfacet
  facet normal 0.803214 0 -0.59569
    outer loop
      vertex 40 2 138.122
      vertex 40.9263 -2 139.371
      vertex 40 -2 138.122
    endloop
  endfacet
  facet normal -0.427904 0 0.903824
    outer loop
      vertex 63.4623 2 108.984
      vertex 65.1922 -2 109.803
      vertex 65.1922 2 109.803
    endloop
  endfacet
  facet normal -0.427904 0 0.903824
    outer loop
      vertex 65.1922 -2 109.803
      vertex 63.4623 2 108.984
      vertex 63.4623 -2 108.984
    endloop
  endfacet
  facet normal -0.513788 0 0.857917
    outer loop
      vertex 65.1922 2 109.803
      vertex 66.8336 -2 110.786
      vertex 66.8336 2 110.786
    endloop
  endfacet
  facet normal -0.513788 0 0.857917
    outer loop
      vertex 66.8336 -2 110.786
      vertex 65.1922 2 109.803
      vertex 65.1922 -2 109.803
    endloop
  endfacet
  facet normal -0.596293 0 0.802767
    outer loop
      vertex 66.8336 2 110.786
      vertex 67.5 -2 111.281
      vertex 67.5 2 111.281
    endloop
  endfacet
  facet normal -0.596293 0 0.802767
    outer loop
      vertex 67.5 -2 111.281
      vertex 66.8336 2 110.786
      vertex 66.8336 -2 110.786
    endloop
  endfacet
  facet normal 0.146833 0 0.989161
    outer loop
      vertex 52.1957 1 107.875
      vertex 54.0887 -2 107.594
      vertex 54.0887 1 107.594
    endloop
  endfacet
  facet normal 0.146833 0 0.989161
    outer loop
      vertex 54.0887 -2 107.594
      vertex 52.1957 1 107.875
      vertex 52.1957 -2 107.875
    endloop
  endfacet
  facet normal 0.595702 0 0.803205
    outer loop
      vertex 43.6293 2 111.926
      vertex 45.1664 -2 110.786
      vertex 45.1664 2 110.786
    endloop
  endfacet
  facet normal 0.595702 0 0.803205
    outer loop
      vertex 45.1664 -2 110.786
      vertex 43.6293 2 111.926
      vertex 43.6293 -2 111.926
    endloop
  endfacet
  facet normal 0.513788 0 0.857917
    outer loop
      vertex 45.1664 2 110.786
      vertex 46.8078 -2 109.803
      vertex 46.8078 2 109.803
    endloop
  endfacet
  facet normal 0.513788 0 0.857917
    outer loop
      vertex 46.8078 -2 109.803
      vertex 45.1664 2 110.786
      vertex 45.1664 -2 110.786
    endloop
  endfacet
  facet normal 0.427904 0 0.903824
    outer loop
      vertex 46.8078 2 109.803
      vertex 48.5377 -2 108.984
      vertex 48.5377 2 108.984
    endloop
  endfacet
  facet normal 0.427904 0 0.903824
    outer loop
      vertex 48.5377 -2 108.984
      vertex 46.8078 2 109.803
      vertex 46.8078 -2 109.803
    endloop
  endfacet
  facet normal 0.336585 0 0.941653
    outer loop
      vertex 48.5377 2 108.984
      vertex 50.3394 -2 108.34
      vertex 50.3394 2 108.34
    endloop
  endfacet
  facet normal 0.336585 0 0.941653
    outer loop
      vertex 50.3394 -2 108.34
      vertex 48.5377 2 108.984
      vertex 48.5377 -2 108.984
    endloop
  endfacet
  facet normal 0.803214 -0 0.59569
    outer loop
      vertex 40 -2 115.878
      vertex 40.9263 2 114.629
      vertex 40 2 115.878
    endloop
  endfacet
  facet normal 0.803214 0 0.59569
    outer loop
      vertex 40.9263 2 114.629
      vertex 40 -2 115.878
      vertex 40.9263 -2 114.629
    endloop
  endfacet
  facet normal 0.740977 -0 0.67153
    outer loop
      vertex 40.9263 -2 114.629
      vertex 42.2114 2 113.211
      vertex 40.9263 2 114.629
    endloop
  endfacet
  facet normal 0.740977 0 0.67153
    outer loop
      vertex 42.2114 2 113.211
      vertex 40.9263 -2 114.629
      vertex 42.2114 -2 113.211
    endloop
  endfacet
  facet normal 0.671527 0 0.74098
    outer loop
      vertex 42.2114 2 113.211
      vertex 43.6293 -2 111.926
      vertex 43.6293 2 111.926
    endloop
  endfacet
  facet normal 0.671527 0 0.74098
    outer loop
      vertex 43.6293 -2 111.926
      vertex 42.2114 2 113.211
      vertex 42.2114 -2 113.211
    endloop
  endfacet
  facet normal -0 0.334896 0.942255
    outer loop
      vertex 67.5 -5.22512 109.775
      vertex 81.0653 -5.38268 109.831
      vertex 81.0719 -5.22512 109.775
    endloop
  endfacet
  facet normal 2.8111e-05 0.337044 0.941489
    outer loop
      vertex 67.5 -5.22512 109.775
      vertex 81.0028 -6.8883 110.37
      vertex 81.0653 -5.38268 109.831
    endloop
  endfacet
  facet normal 0 0.336842 0.941561
    outer loop
      vertex 81.0028 -6.8883 110.37
      vertex 67.5 -5.22512 109.775
      vertex 67.5 -6.8883 110.37
    endloop
  endfacet
  facet normal 0 0.904017 -0.427497
    outer loop
      vertex 72 -16.6298 133.888
      vertex 67.5 -15.8746 135.485
      vertex 72 -15.8746 135.485
    endloop
  endfacet
  facet normal 0 0.904017 -0.427497
    outer loop
      vertex 67.5 -15.8746 135.485
      vertex 72 -16.6298 133.888
      vertex 67.5 -16.6298 133.888
    endloop
  endfacet
  facet normal 0 0.904041 -0.427445
    outer loop
      vertex 80.2965 -15.972 135.279
      vertex 77.2552 -15.8746 135.485
      vertex 80.3153 -15.8746 135.485
    endloop
  endfacet
  facet normal -4.95331e-06 0.904013 -0.427505
    outer loop
      vertex 80.1013 -16.6298 133.888
      vertex 77.2552 -15.8746 135.485
      vertex 80.2965 -15.972 135.279
    endloop
  endfacet
  facet normal 0 0.904017 -0.427497
    outer loop
      vertex 77.2552 -15.8746 135.485
      vertex 80.1013 -16.6298 133.888
      vertex 77.0306 -16.6298 133.888
    endloop
  endfacet
  facet normal -0 0.0492512 0.998786
    outer loop
      vertex 67.5 0 109
      vertex 81.2273 -1.76431 109.087
      vertex 81.3121 0 109
    endloop
  endfacet
  facet normal 0 0.0492512 0.998786
    outer loop
      vertex 81.2273 -1.76431 109.087
      vertex 67.5 0 109
      vertex 67.5 -1.76431 109.087
    endloop
  endfacet
  facet normal -0 0.595607 0.803276
    outer loop
      vertex 67.5 -10.0003 112.034
      vertex 80.4965 -11.4191 113.086
      vertex 80.6844 -10.0003 112.034
    endloop
  endfacet
  facet normal 0 0.595607 0.803276
    outer loop
      vertex 80.4965 -11.4191 113.086
      vertex 67.5 -10.0003 112.034
      vertex 67.5 -11.4191 113.086
    endloop
  endfacet
  facet normal 0 0.989184 -0.14668
    outer loop
      vertex 72 -17.9133 128.764
      vertex 67.5 -17.6541 130.512
      vertex 72 -17.6541 130.512
    endloop
  endfacet
  facet normal 0 0.989184 -0.14668
    outer loop
      vertex 67.5 -17.6541 130.512
      vertex 72 -17.9133 128.764
      vertex 67.5 -17.9133 128.764
    endloop
  endfacet
  facet normal 0 0.989184 -0.14668
    outer loop
      vertex 79.6679 -17.9133 128.764
      vertex 76.6991 -17.6541 130.512
      vertex 79.771 -17.6541 130.512
    endloop
  endfacet
  facet normal 0 0.989184 -0.14668
    outer loop
      vertex 76.6991 -17.6541 130.512
      vertex 79.6679 -17.9133 128.764
      vertex 76.5953 -17.9133 128.764
    endloop
  endfacet
  facet normal 0 0.740982 -0.671525
    outer loop
      vertex 72 -13.9142 138.419
      vertex 67.5 -12.7279 139.728
      vertex 72 -12.7279 139.728
    endloop
  endfacet
  facet normal 0 0.740982 -0.671525
    outer loop
      vertex 67.5 -12.7279 139.728
      vertex 72 -13.9142 138.419
      vertex 67.5 -13.9142 138.419
    endloop
  endfacet
  facet normal 0 0.740982 -0.671525
    outer loop
      vertex 80.669 -13.9142 138.419
      vertex 77.8637 -12.7279 139.728
      vertex 80.8729 -12.7279 139.728
    endloop
  endfacet
  facet normal 0 0.740982 -0.671525
    outer loop
      vertex 77.8637 -12.7279 139.728
      vertex 80.669 -13.9142 138.419
      vertex 77.6592 -13.9142 138.419
    endloop
  endfacet
  facet normal 0 -0.146889 0.989153
    outer loop
      vertex 67.5 2 109.122
      vertex 72 1.76431 109.087
      vertex 72 2 109.122
    endloop
  endfacet
  facet normal 0 -0.146889 0.989153
    outer loop
      vertex 72 1.76431 109.087
      vertex 67.5 2 109.122
      vertex 67.5 1.76431 109.087
    endloop
  endfacet
  facet normal 0 -0.146625 0.989192
    outer loop
      vertex 81.1469 3.51163 109.346
      vertex 78.2365 1.76431 109.087
      vertex 81.2273 1.76431 109.087
    endloop
  endfacet
  facet normal 0 -0.146625 0.989192
    outer loop
      vertex 78.2365 1.76431 109.087
      vertex 81.1469 3.51163 109.346
      vertex 78.1562 3.51163 109.346
    endloop
  endfacet
  facet normal 0 -0.0496567 0.998766
    outer loop
      vertex 72 1.76431 109.087
      vertex 67.5 1.76431 109.087
      vertex 72 1 109.049
    endloop
  endfacet
  facet normal 0 -0.0496567 0.998766
    outer loop
      vertex 81.2273 1.76431 109.087
      vertex 78.2365 1.76431 109.087
      vertex 78.2732 1 109.049
    endloop
  endfacet
  facet normal -0.000103879 -0.0492562 0.998786
    outer loop
      vertex 78.2732 1 109.049
      vertex 81.3121 0 109
      vertex 81.2273 1.76431 109.087
    endloop
  endfacet
  facet normal 0 -0.0489413 0.998802
    outer loop
      vertex 72 1 109.049
      vertex 81.3121 0 109
      vertex 78.2732 1 109.049
    endloop
  endfacet
  facet normal 0 -0.0489413 0.998802
    outer loop
      vertex 72 1 109.049
      vertex 67.5 0 109
      vertex 81.3121 0 109
    endloop
  endfacet
  facet normal 6.9041e-05 -0.0492512 0.998786
    outer loop
      vertex 67.5 0 109
      vertex 72 1 109.049
      vertex 67.5 1.76431 109.087
    endloop
  endfacet
  facet normal -0 0.24287 0.970059
    outer loop
      vertex 67.5 -3.51163 109.346
      vertex 81.0719 -5.22512 109.775
      vertex 81.1469 -3.51163 109.346
    endloop
  endfacet
  facet normal 0 0.24287 0.970059
    outer loop
      vertex 81.0719 -5.22512 109.775
      vertex 67.5 -3.51163 109.346
      vertex 67.5 -5.22512 109.775
    endloop
  endfacet
  facet normal 0 0.970016 0.243042
    outer loop
      vertex 72 -17.2249 121.775
      vertex 67.5 -17.6541 123.488
      vertex 72 -17.6541 123.488
    endloop
  endfacet
  facet normal 0 0.970016 0.243042
    outer loop
      vertex 67.5 -17.6541 123.488
      vertex 72 -17.2249 121.775
      vertex 67.5 -17.2249 121.775
    endloop
  endfacet
  facet normal -0 0.970016 0.243042
    outer loop
      vertex 76.6126 -17.2249 121.775
      vertex 79.6176 -17.6541 123.488
      vertex 79.6877 -17.2249 121.775
    endloop
  endfacet
  facet normal 0 0.970016 0.243042
    outer loop
      vertex 79.6176 -17.6541 123.488
      vertex 76.6126 -17.2249 121.775
      vertex 76.5432 -17.6541 123.488
    endloop
  endfacet
  facet normal 0 0.941532 0.336925
    outer loop
      vertex 72 -16.6298 120.112
      vertex 67.5 -17.2249 121.775
      vertex 72 -17.2249 121.775
    endloop
  endfacet
  facet normal 0 0.941532 0.336925
    outer loop
      vertex 67.5 -17.2249 121.775
      vertex 72 -16.6298 120.112
      vertex 67.5 -16.6298 120.112
    endloop
  endfacet
  facet normal -0 0.941532 0.336925
    outer loop
      vertex 76.7248 -16.6298 120.112
      vertex 79.6877 -17.2249 121.775
      vertex 79.8004 -16.6298 120.112
    endloop
  endfacet
  facet normal 0 0.941532 0.336925
    outer loop
      vertex 79.6877 -17.2249 121.775
      vertex 76.7248 -16.6298 120.112
      vertex 76.6126 -17.2249 121.775
    endloop
  endfacet
  facet normal 5.02491e-05 0.741224 0.671258
    outer loop
      vertex 67.5 -12.7279 114.272
      vertex 80.1798 -13.9142 115.581
      vertex 80.2221 -13.5746 115.206
    endloop
  endfacet
  facet normal -0 0.740883 0.671634
    outer loop
      vertex 67.5 -12.7279 114.272
      vertex 80.2221 -13.5746 115.206
      vertex 80.3277 -12.7279 114.272
    endloop
  endfacet
  facet normal 0 0.740982 0.671525
    outer loop
      vertex 80.1798 -13.9142 115.581
      vertex 67.5 -12.7279 114.272
      vertex 67.5 -13.9142 115.581
    endloop
  endfacet
  facet normal 0 0.857718 0.514121
    outer loop
      vertex 72 -14.9665 117
      vertex 67.5 -15.8746 118.515
      vertex 72 -15.8746 118.515
    endloop
  endfacet
  facet normal 0 0.857718 0.514121
    outer loop
      vertex 67.5 -15.8746 118.515
      vertex 72 -14.9665 117
      vertex 67.5 -14.9665 117
    endloop
  endfacet
  facet normal 0 0.857655 0.514225
    outer loop
      vertex 79.9518 -15.8746 118.515
      vertex 76.9978 -15.3158 117.583
      vertex 76.8785 -15.8746 118.515
    endloop
  endfacet
  facet normal 4.36866e-05 0.857716 0.514123
    outer loop
      vertex 80.0541 -14.9665 117
      vertex 76.9978 -15.3158 117.583
      vertex 79.9518 -15.8746 118.515
    endloop
  endfacet
  facet normal 0 0.857817 0.513955
    outer loop
      vertex 76.9978 -15.3158 117.583
      vertex 80.0541 -14.9665 117
      vertex 77.0369 -14.9665 117
    endloop
  endfacet
  facet normal -0 0.427929 0.903812
    outer loop
      vertex 67.5 -6.8883 110.37
      vertex 80.9603 -7.9739 110.884
      vertex 81.0028 -6.8883 110.37
    endloop
  endfacet
  facet normal -0.000149205 0.426417 0.904527
    outer loop
      vertex 80.9603 -7.9739 110.884
      vertex 67.5 -6.8883 110.37
      vertex 80.8897 -8.48514 111.125
    endloop
  endfacet
  facet normal 0 0.42744 0.904044
    outer loop
      vertex 80.8897 -8.48514 111.125
      vertex 67.5 -6.8883 110.37
      vertex 67.5 -8.48514 111.125
    endloop
  endfacet
  facet normal 0 0.998794 -0.0490904
    outer loop
      vertex 72 -18 127
      vertex 67.5 -17.9133 128.764
      vertex 72 -17.9133 128.764
    endloop
  endfacet
  facet normal 0 0.998794 -0.0490904
    outer loop
      vertex 67.5 -17.9133 128.764
      vertex 72 -18 127
      vertex 67.5 -18 127
    endloop
  endfacet
  facet normal 0 0.998794 -0.0490904
    outer loop
      vertex 79.6076 -18 127
      vertex 76.5953 -17.9133 128.764
      vertex 79.6679 -17.9133 128.764
    endloop
  endfacet
  facet normal 0 0.998794 -0.0490904
    outer loop
      vertex 76.5953 -17.9133 128.764
      vertex 79.6076 -18 127
      vertex 76.5345 -18 127
    endloop
  endfacet
  facet normal 0 0.941532 -0.336925
    outer loop
      vertex 72 -17.2249 132.225
      vertex 67.5 -16.6298 133.888
      vertex 72 -16.6298 133.888
    endloop
  endfacet
  facet normal 0 0.941532 -0.336925
    outer loop
      vertex 67.5 -16.6298 133.888
      vertex 72 -17.2249 132.225
      vertex 67.5 -17.2249 132.225
    endloop
  endfacet
  facet normal 0 0.941532 -0.336925
    outer loop
      vertex 79.9159 -17.2249 132.225
      vertex 77.0306 -16.6298 133.888
      vertex 80.1013 -16.6298 133.888
    endloop
  endfacet
  facet normal 0 0.941532 -0.336925
    outer loop
      vertex 77.0306 -16.6298 133.888
      vertex 79.9159 -17.2249 132.225
      vertex 76.8446 -17.2249 132.225
    endloop
  endfacet
  facet normal 0 0.970016 -0.243042
    outer loop
      vertex 72 -17.6541 130.512
      vertex 67.5 -17.2249 132.225
      vertex 72 -17.2249 132.225
    endloop
  endfacet
  facet normal 0 0.970016 -0.243042
    outer loop
      vertex 67.5 -17.2249 132.225
      vertex 72 -17.6541 130.512
      vertex 67.5 -17.6541 130.512
    endloop
  endfacet
  facet normal 0 0.970016 -0.243042
    outer loop
      vertex 79.771 -17.6541 130.512
      vertex 76.8446 -17.2249 132.225
      vertex 79.9159 -17.2249 132.225
    endloop
  endfacet
  facet normal 0 0.970016 -0.243042
    outer loop
      vertex 76.8446 -17.2249 132.225
      vertex 79.771 -17.6541 130.512
      vertex 76.6991 -17.6541 130.512
    endloop
  endfacet
  facet normal 0 0.857718 -0.514121
    outer loop
      vertex 72 -15.8746 135.485
      vertex 67.5 -14.9665 137
      vertex 72 -14.9665 137
    endloop
  endfacet
  facet normal 0 0.857718 -0.514121
    outer loop
      vertex 67.5 -14.9665 137
      vertex 72 -15.8746 135.485
      vertex 67.5 -15.8746 135.485
    endloop
  endfacet
  facet normal 0 0.857705 -0.514142
    outer loop
      vertex 80.4825 -14.9665 137
      vertex 77.3932 -15.3945 136.286
      vertex 77.4723 -14.9665 137
    endloop
  endfacet
  facet normal -6.88294e-06 0.857718 -0.51412
    outer loop
      vertex 80.3153 -15.8746 135.485
      vertex 77.3932 -15.3945 136.286
      vertex 80.4825 -14.9665 137
    endloop
  endfacet
  facet normal 0 0.857729 -0.514102
    outer loop
      vertex 77.3932 -15.3945 136.286
      vertex 80.3153 -15.8746 135.485
      vertex 77.2552 -15.8746 135.485
    endloop
  endfacet
  facet normal 0 0.803235 -0.595662
    outer loop
      vertex 72 -14.9665 137
      vertex 67.5 -13.9142 138.419
      vertex 72 -13.9142 138.419
    endloop
  endfacet
  facet normal 0 0.803235 -0.595662
    outer loop
      vertex 67.5 -13.9142 138.419
      vertex 72 -14.9665 137
      vertex 67.5 -14.9665 137
    endloop
  endfacet
  facet normal 0 0.803098 -0.595847
    outer loop
      vertex 80.5304 -14.6962 137.365
      vertex 77.6592 -13.9142 138.419
      vertex 80.669 -13.9142 138.419
    endloop
  endfacet
  facet normal 0 0.803631 -0.595128
    outer loop
      vertex 77.4723 -14.9665 137
      vertex 80.5304 -14.6962 137.365
      vertex 80.4825 -14.9665 137
    endloop
  endfacet
  facet normal 0.000100384 0.803229 -0.595671
    outer loop
      vertex 80.5304 -14.6962 137.365
      vertex 77.4723 -14.9665 137
      vertex 77.6592 -13.9142 138.419
    endloop
  endfacet
  facet normal 0 0.51891 -0.854829
    outer loop
      vertex 67.5 -10.0003 141.966
      vertex 72 -9.94429 142
      vertex 72 -10.0003 141.966
    endloop
  endfacet
  facet normal 0 0.51891 -0.854829
    outer loop
      vertex 72 -9.94429 142
      vertex 67.5 -10.0003 141.966
      vertex 67.5 -9.94429 142
    endloop
  endfacet
  facet normal 2.52199e-05 0.514453 -0.857519
    outer loop
      vertex 78.5145 -8.77669 142.7
      vertex 81.5697 -8.48514 142.875
      vertex 81.3255 -10.0003 141.966
    endloop
  endfacet
  facet normal 0 0.514647 -0.857402
    outer loop
      vertex 81.5697 -8.48514 142.875
      vertex 78.5145 -8.77669 142.7
      vertex 78.5615 -8.48514 142.875
    endloop
  endfacet
  facet normal 0 0.51441 -0.857544
    outer loop
      vertex 78.5145 -8.77669 142.7
      vertex 81.3255 -10.0003 141.966
      vertex 78.317 -10.0003 141.966
    endloop
  endfacet
  facet normal 0 0.595607 -0.803276
    outer loop
      vertex 67.5 -11.4191 140.914
      vertex 72 -10.0003 141.966
      vertex 72 -11.4191 140.914
    endloop
  endfacet
  facet normal 0 0.595607 -0.803276
    outer loop
      vertex 72 -10.0003 141.966
      vertex 67.5 -11.4191 140.914
      vertex 67.5 -10.0003 141.966
    endloop
  endfacet
  facet normal 0 0.595607 -0.803276
    outer loop
      vertex 81.0925 -11.4191 140.914
      vertex 78.317 -10.0003 141.966
      vertex 81.3255 -10.0003 141.966
    endloop
  endfacet
  facet normal 0 0.595607 -0.803276
    outer loop
      vertex 78.317 -10.0003 141.966
      vertex 81.0925 -11.4191 140.914
      vertex 78.0837 -11.4191 140.914
    endloop
  endfacet
  facet normal 0 0.671488 -0.741015
    outer loop
      vertex 67.5 -12.7279 139.728
      vertex 72 -11.4191 140.914
      vertex 72 -12.7279 139.728
    endloop
  endfacet
  facet normal 0 0.671488 -0.741015
    outer loop
      vertex 72 -11.4191 140.914
      vertex 67.5 -12.7279 139.728
      vertex 67.5 -11.4191 140.914
    endloop
  endfacet
  facet normal 0 0.671488 -0.741015
    outer loop
      vertex 80.8729 -12.7279 139.728
      vertex 78.0837 -11.4191 140.914
      vertex 81.0925 -11.4191 140.914
    endloop
  endfacet
  facet normal 0 0.671488 -0.741015
    outer loop
      vertex 78.0837 -11.4191 140.914
      vertex 80.8729 -12.7279 139.728
      vertex 77.8637 -12.7279 139.728
    endloop
  endfacet
  facet normal 0 0.998794 0.0490904
    outer loop
      vertex 72 -17.9133 125.236
      vertex 67.5 -18 127
      vertex 72 -18 127
    endloop
  endfacet
  facet normal 0 0.998794 0.0490904
    outer loop
      vertex 67.5 -18 127
      vertex 72 -17.9133 125.236
      vertex 67.5 -17.9133 125.236
    endloop
  endfacet
  facet normal 0 0.998794 0.0490904
    outer loop
      vertex 79.5908 -17.9133 125.236
      vertex 76.5345 -18 127
      vertex 79.6076 -18 127
    endloop
  endfacet
  facet normal 0 0.998794 0.0490904
    outer loop
      vertex 76.5345 -18 127
      vertex 79.5908 -17.9133 125.236
      vertex 76.517 -17.9133 125.236
    endloop
  endfacet
  facet normal 1 -0 0
    outer loop
      vertex 67.5 -17.6541 123.488
      vertex 67.5 -2 111.281
      vertex 67.5 -2 142
    endloop
  endfacet
  facet normal 1 0 0
    outer loop
      vertex 67.5 -2 111.281
      vertex 67.5 -5.22512 109.775
      vertex 67.5 -3.51163 109.346
    endloop
  endfacet
  facet normal 1 0 0
    outer loop
      vertex 67.5 -2 111.281
      vertex 67.5 -6.8883 110.37
      vertex 67.5 -5.22512 109.775
    endloop
  endfacet
  facet normal 1 0 0
    outer loop
      vertex 67.5 -2 111.281
      vertex 67.5 -8.48514 111.125
      vertex 67.5 -6.8883 110.37
    endloop
  endfacet
  facet normal 1 0 0
    outer loop
      vertex 67.5 -10.0003 141.966
      vertex 67.5 -2 142
      vertex 67.5 -9.94429 142
    endloop
  endfacet
  facet normal 1 0 0
    outer loop
      vertex 67.5 -2 142
      vertex 67.5 -10.0003 141.966
      vertex 67.5 -11.4191 140.914
    endloop
  endfacet
  facet normal 1 0 0
    outer loop
      vertex 67.5 -2 111.281
      vertex 67.5 -10.0003 112.034
      vertex 67.5 -8.48514 111.125
    endloop
  endfacet
  facet normal 1 0 0
    outer loop
      vertex 67.5 -12.7279 139.728
      vertex 67.5 -2 142
      vertex 67.5 -11.4191 140.914
    endloop
  endfacet
  facet normal 1 0 0
    outer loop
      vertex 67.5 -2 111.281
      vertex 67.5 -11.4191 113.086
      vertex 67.5 -10.0003 112.034
    endloop
  endfacet
  facet normal 1 0 0
    outer loop
      vertex 67.5 -13.9142 138.419
      vertex 67.5 -2 142
      vertex 67.5 -12.7279 139.728
    endloop
  endfacet
  facet normal 1 0 0
    outer loop
      vertex 67.5 -2 111.281
      vertex 67.5 -12.7279 114.272
      vertex 67.5 -11.4191 113.086
    endloop
  endfacet
  facet normal 1 0 0
    outer loop
      vertex 67.5 -14.9665 137
      vertex 67.5 -2 142
      vertex 67.5 -13.9142 138.419
    endloop
  endfacet
  facet normal 1 0 0
    outer loop
      vertex 67.5 -2 111.281
      vertex 67.5 -13.9142 115.581
      vertex 67.5 -12.7279 114.272
    endloop
  endfacet
  facet normal 1 0 0
    outer loop
      vertex 67.5 -15.8746 135.485
      vertex 67.5 -2 142
      vertex 67.5 -14.9665 137
    endloop
  endfacet
  facet normal 1 0 0
    outer loop
      vertex 67.5 -2 111.281
      vertex 67.5 -14.9665 117
      vertex 67.5 -13.9142 115.581
    endloop
  endfacet
  facet normal 1 0 0
    outer loop
      vertex 67.5 -16.6298 133.888
      vertex 67.5 -2 142
      vertex 67.5 -15.8746 135.485
    endloop
  endfacet
  facet normal 1 0 0
    outer loop
      vertex 67.5 -2 111.281
      vertex 67.5 -15.8746 118.515
      vertex 67.5 -14.9665 117
    endloop
  endfacet
  facet normal 1 0 0
    outer loop
      vertex 67.5 -17.2249 132.225
      vertex 67.5 -2 142
      vertex 67.5 -16.6298 133.888
    endloop
  endfacet
  facet normal 1 0 0
    outer loop
      vertex 67.5 -2 111.281
      vertex 67.5 -16.6298 120.112
      vertex 67.5 -15.8746 118.515
    endloop
  endfacet
  facet normal 1 0 0
    outer loop
      vertex 67.5 -17.6541 130.512
      vertex 67.5 -2 142
      vertex 67.5 -17.2249 132.225
    endloop
  endfacet
  facet normal 1 0 0
    outer loop
      vertex 67.5 -2 111.281
      vertex 67.5 -17.2249 121.775
      vertex 67.5 -16.6298 120.112
    endloop
  endfacet
  facet normal 1 0 0
    outer loop
      vertex 67.5 -17.9133 128.764
      vertex 67.5 -2 142
      vertex 67.5 -17.6541 130.512
    endloop
  endfacet
  facet normal 1 0 0
    outer loop
      vertex 67.5 -2 111.281
      vertex 67.5 -17.6541 123.488
      vertex 67.5 -17.2249 121.775
    endloop
  endfacet
  facet normal 1 0 0
    outer loop
      vertex 67.5 -18 127
      vertex 67.5 -2 142
      vertex 67.5 -17.9133 128.764
    endloop
  endfacet
  facet normal 1 0 0
    outer loop
      vertex 67.5 -2 142
      vertex 67.5 -17.9133 125.236
      vertex 67.5 -17.6541 123.488
    endloop
  endfacet
  facet normal 1 0 0
    outer loop
      vertex 67.5 -2 142
      vertex 67.5 -18 127
      vertex 67.5 -17.9133 125.236
    endloop
  endfacet
  facet normal 1 0 0
    outer loop
      vertex 67.5 2 111.281
      vertex 67.5 1.76431 109.087
      vertex 67.5 2 109.122
    endloop
  endfacet
  facet normal 1 0 0
    outer loop
      vertex 67.5 2 111.281
      vertex 67.5 0 109
      vertex 67.5 1.76431 109.087
    endloop
  endfacet
  facet normal 1 -0 0
    outer loop
      vertex 67.5 -2 111.281
      vertex 67.5 0 109
      vertex 67.5 2 111.281
    endloop
  endfacet
  facet normal 1 0 0
    outer loop
      vertex 67.5 0 109
      vertex 67.5 -2 111.281
      vertex 67.5 -1.76431 109.087
    endloop
  endfacet
  facet normal 1 0 0
    outer loop
      vertex 67.5 -1.76431 109.087
      vertex 67.5 -2 111.281
      vertex 67.5 -3.51163 109.346
    endloop
  endfacet
  facet normal -0 0.146625 0.989192
    outer loop
      vertex 67.5 -1.76431 109.087
      vertex 81.1469 -3.51163 109.346
      vertex 81.2273 -1.76431 109.087
    endloop
  endfacet
  facet normal 0 0.146625 0.989192
    outer loop
      vertex 81.1469 -3.51163 109.346
      vertex 67.5 -1.76431 109.087
      vertex 67.5 -3.51163 109.346
    endloop
  endfacet
  facet normal 0 0.989184 0.14668
    outer loop
      vertex 72 -17.6541 123.488
      vertex 67.5 -17.9133 125.236
      vertex 72 -17.9133 125.236
    endloop
  endfacet
  facet normal 0 0.989184 0.14668
    outer loop
      vertex 67.5 -17.9133 125.236
      vertex 72 -17.6541 123.488
      vertex 67.5 -17.6541 123.488
    endloop
  endfacet
  facet normal -0 0.989184 0.14668
    outer loop
      vertex 76.5432 -17.6541 123.488
      vertex 79.5908 -17.9133 125.236
      vertex 79.6176 -17.6541 123.488
    endloop
  endfacet
  facet normal 0 0.989184 0.14668
    outer loop
      vertex 79.5908 -17.9133 125.236
      vertex 76.5432 -17.6541 123.488
      vertex 76.517 -17.9133 125.236
    endloop
  endfacet
  facet normal 0 0.904017 0.427497
    outer loop
      vertex 72 -15.8746 118.515
      vertex 67.5 -16.6298 120.112
      vertex 72 -16.6298 120.112
    endloop
  endfacet
  facet normal 0 0.904017 0.427497
    outer loop
      vertex 67.5 -16.6298 120.112
      vertex 72 -15.8746 118.515
      vertex 67.5 -15.8746 118.515
    endloop
  endfacet
  facet normal -5.28838e-05 0.903979 0.427576
    outer loop
      vertex 76.8785 -15.8746 118.515
      vertex 79.8004 -16.6298 120.112
      vertex 79.9489 -15.9028 118.575
    endloop
  endfacet
  facet normal -0 0.905024 0.425361
    outer loop
      vertex 76.8785 -15.8746 118.515
      vertex 79.9489 -15.9028 118.575
      vertex 79.9518 -15.8746 118.515
    endloop
  endfacet
  facet normal 0 0.904017 0.427497
    outer loop
      vertex 79.8004 -16.6298 120.112
      vertex 76.8785 -15.8746 118.515
      vertex 76.7248 -16.6298 120.112
    endloop
  endfacet
  facet normal -0 0.671488 0.741015
    outer loop
      vertex 67.5 -11.4191 113.086
      vertex 80.3277 -12.7279 114.272
      vertex 80.4965 -11.4191 113.086
    endloop
  endfacet
  facet normal 0 0.671488 0.741015
    outer loop
      vertex 80.3277 -12.7279 114.272
      vertex 67.5 -11.4191 113.086
      vertex 67.5 -12.7279 114.272
    endloop
  endfacet
  facet normal 0 0.803169 0.595751
    outer loop
      vertex 80.0541 -14.9665 117
      vertex 77.1519 -14 115.697
      vertex 77.0369 -14.9665 117
    endloop
  endfacet
  facet normal 0 0.803974 0.594664
    outer loop
      vertex 77.1519 -14 115.697
      vertex 80.1798 -13.9142 115.581
      vertex 72 -14 115.697
    endloop
  endfacet
  facet normal 5.93888e-05 0.803233 0.595665
    outer loop
      vertex 80.1798 -13.9142 115.581
      vertex 77.1519 -14 115.697
      vertex 80.0541 -14.9665 117
    endloop
  endfacet
  facet normal 0 0.803169 0.595751
    outer loop
      vertex 72 -14 115.697
      vertex 67.5 -14.9665 117
      vertex 72 -14.9665 117
    endloop
  endfacet
  facet normal -3.98253e-05 0.803235 0.595662
    outer loop
      vertex 72 -14 115.697
      vertex 67.5 -13.9142 115.581
      vertex 67.5 -14.9665 117
    endloop
  endfacet
  facet normal -0 0.803974 0.594664
    outer loop
      vertex 67.5 -13.9142 115.581
      vertex 72 -14 115.697
      vertex 80.1798 -13.9142 115.581
    endloop
  endfacet
  facet normal -0 0.514456 0.857517
    outer loop
      vertex 67.5 -8.48514 111.125
      vertex 80.6844 -10.0003 112.034
      vertex 80.8897 -8.48514 111.125
    endloop
  endfacet
  facet normal 0 0.514456 0.857517
    outer loop
      vertex 80.6844 -10.0003 112.034
      vertex 67.5 -8.48514 111.125
      vertex 67.5 -10.0003 112.034
    endloop
  endfacet
  facet normal -1 0 0
    outer loop
      vertex -17.5 -75.905 93
      vertex -17.5 -61.2909 123
      vertex -17.5 -61.2909 93
    endloop
  endfacet
  facet normal -1 -0 0
    outer loop
      vertex -17.5 -61.2909 123
      vertex -17.5 -75.905 93
      vertex -17.5 -76.5709 123
    endloop
  endfacet
  facet normal 0 0 1
    outer loop
      vertex 17.5 -61.2909 123
      vertex 15.4 -63.7909 123
      vertex 17.5 -76.5709 123
    endloop
  endfacet
  facet normal 0 0 1
    outer loop
      vertex 17.5 -61.2909 123
      vertex -15.4 -63.7909 123
      vertex 15.4 -63.7909 123
    endloop
  endfacet
  facet normal -0 0 1
    outer loop
      vertex -17.5 -61.2909 123
      vertex -15.4 -63.7909 123
      vertex 17.5 -61.2909 123
    endloop
  endfacet
  facet normal 0 0 1
    outer loop
      vertex -17.5 -76.5709 123
      vertex -15.4 -63.7909 123
      vertex -17.5 -61.2909 123
    endloop
  endfacet
  facet normal 0 0 1
    outer loop
      vertex -15.4 -63.7909 123
      vertex -17.5 -76.5709 123
      vertex -15.4 -77.097 123
    endloop
  endfacet
  facet normal 0 0 1
    outer loop
      vertex 17.5 -76.5709 123
      vertex 15.4 -63.7909 123
      vertex 15.4 -77.097 123
    endloop
  endfacet
  facet normal 1 0 0
    outer loop
      vertex 17.5 -61.2909 123
      vertex 17.5 -75.905 93
      vertex 17.5 -61.2909 93
    endloop
  endfacet
  facet normal 1 0 -0
    outer loop
      vertex 17.5 -75.905 93
      vertex 17.5 -61.2909 123
      vertex 17.5 -76.5709 123
    endloop
  endfacet
  facet normal 0 0 -1
    outer loop
      vertex 15.2124 -76.4781 93
      vertex 17.5 -61.2909 93
      vertex 17.5 -75.905 93
    endloop
  endfacet
  facet normal 0 0 -1
    outer loop
      vertex 10.8658 -77.1228 93
      vertex 17.5 -61.2909 93
      vertex 15.2124 -76.4781 93
    endloop
  endfacet
  facet normal 0 0 -1
    outer loop
      vertex 7.64302 -77.6009 93
      vertex 17.5 -61.2909 93
      vertex 10.8658 -77.1228 93
    endloop
  endfacet
  facet normal 0 0 -1
    outer loop
      vertex 4.38888 -77.7607 93
      vertex 17.5 -61.2909 93
      vertex 7.64302 -77.6009 93
    endloop
  endfacet
  facet normal 0 0 -1
    outer loop
      vertex 0 -77.9763 93
      vertex 17.5 -61.2909 93
      vertex 4.38888 -77.7607 93
    endloop
  endfacet
  facet normal 0 0 -1
    outer loop
      vertex -17.5 -61.2909 93
      vertex 0 -77.9763 93
      vertex -4.38888 -77.7607 93
    endloop
  endfacet
  facet normal 0 0 -1
    outer loop
      vertex -17.5 -61.2909 93
      vertex -4.38888 -77.7607 93
      vertex -7.64302 -77.6009 93
    endloop
  endfacet
  facet normal 0 0 -1
    outer loop
      vertex -17.5 -61.2909 93
      vertex -7.64302 -77.6009 93
      vertex -10.8658 -77.1228 93
    endloop
  endfacet
  facet normal 0 0 -1
    outer loop
      vertex -17.5 -61.2909 93
      vertex -10.8658 -77.1228 93
      vertex -15.2124 -76.4781 93
    endloop
  endfacet
  facet normal 0 0 -1
    outer loop
      vertex -17.5 -61.2909 93
      vertex -15.2124 -76.4781 93
      vertex -17.5 -75.905 93
    endloop
  endfacet
  facet normal 0 0 -1
    outer loop
      vertex 0 -77.9763 93
      vertex -17.5 -61.2909 93
      vertex 17.5 -61.2909 93
    endloop
  endfacet
  facet normal 0 1 0
    outer loop
      vertex 17.5 -61.2909 123
      vertex 0 -61.2909 114
      vertex -17.5 -61.2909 123
    endloop
  endfacet
  facet normal 0 1 0
    outer loop
      vertex 17.5 -61.2909 123
      vertex 0.588102 -61.2909 113.971
      vertex 0 -61.2909 114
    endloop
  endfacet
  facet normal 0 1 0
    outer loop
      vertex 17.5 -61.2909 123
      vertex 1.17054 -61.2909 113.885
      vertex 0.588102 -61.2909 113.971
    endloop
  endfacet
  facet normal 0 1 0
    outer loop
      vertex 17.5 -61.2909 123
      vertex 1.74171 -61.2909 113.742
      vertex 1.17054 -61.2909 113.885
    endloop
  endfacet
  facet normal 0 1 0
    outer loop
      vertex 17.5 -61.2909 123
      vertex 2.2961 -61.2909 113.543
      vertex 1.74171 -61.2909 113.742
    endloop
  endfacet
  facet normal 0 1 0
    outer loop
      vertex 17.5 -61.2909 123
      vertex 2.82838 -61.2909 113.292
      vertex 2.2961 -61.2909 113.543
    endloop
  endfacet
  facet normal 0 1 0
    outer loop
      vertex 17.5 -61.2909 123
      vertex 3.33342 -61.2909 112.989
      vertex 2.82838 -61.2909 113.292
    endloop
  endfacet
  facet normal 0 1 0
    outer loop
      vertex 17.5 -61.2909 123
      vertex 3.80636 -61.2909 112.638
      vertex 3.33342 -61.2909 112.989
    endloop
  endfacet
  facet normal 0 1 0
    outer loop
      vertex 17.5 -61.2909 123
      vertex 4.24264 -61.2909 112.243
      vertex 3.80636 -61.2909 112.638
    endloop
  endfacet
  facet normal 0 1 0
    outer loop
      vertex 17.5 -61.2909 123
      vertex 4.63806 -61.2909 111.806
      vertex 4.24264 -61.2909 112.243
    endloop
  endfacet
  facet normal 0 1 0
    outer loop
      vertex 17.5 -61.2909 123
      vertex 4.98882 -61.2909 111.333
      vertex 4.63806 -61.2909 111.806
    endloop
  endfacet
  facet normal 0 1 0
    outer loop
      vertex 17.5 -61.2909 123
      vertex 5.29153 -61.2909 110.828
      vertex 4.98882 -61.2909 111.333
    endloop
  endfacet
  facet normal 0 1 0
    outer loop
      vertex 17.5 -61.2909 123
      vertex 5.54328 -61.2909 110.296
      vertex 5.29153 -61.2909 110.828
    endloop
  endfacet
  facet normal 0 1 0
    outer loop
      vertex 17.5 -61.2909 123
      vertex 5.74164 -61.2909 109.742
      vertex 5.54328 -61.2909 110.296
    endloop
  endfacet
  facet normal 0 1 0
    outer loop
      vertex 17.5 -61.2909 123
      vertex 5.88471 -61.2909 109.171
      vertex 5.74164 -61.2909 109.742
    endloop
  endfacet
  facet normal 0 1 0
    outer loop
      vertex 17.5 -61.2909 123
      vertex 5.97111 -61.2909 108.588
      vertex 5.88471 -61.2909 109.171
    endloop
  endfacet
  facet normal 0 1 0
    outer loop
      vertex 17.5 -61.2909 123
      vertex 6 -61.2909 108
      vertex 5.97111 -61.2909 108.588
    endloop
  endfacet
  facet normal 0 1 -0
    outer loop
      vertex 17.5 -61.2909 93
      vertex 6 -61.2909 108
      vertex 17.5 -61.2909 123
    endloop
  endfacet
  facet normal 0 1 0
    outer loop
      vertex 6 -61.2909 108
      vertex 17.5 -61.2909 93
      vertex 5.97111 -61.2909 107.412
    endloop
  endfacet
  facet normal 0 1 0
    outer loop
      vertex 5.97111 -61.2909 107.412
      vertex 17.5 -61.2909 93
      vertex 5.88471 -61.2909 106.829
    endloop
  endfacet
  facet normal 0 1 0
    outer loop
      vertex 5.88471 -61.2909 106.829
      vertex 17.5 -61.2909 93
      vertex 5.74164 -61.2909 106.258
    endloop
  endfacet
  facet normal 0 1 0
    outer loop
      vertex 5.74164 -61.2909 106.258
      vertex 17.5 -61.2909 93
      vertex 5.54328 -61.2909 105.704
    endloop
  endfacet
  facet normal 0 1 0
    outer loop
      vertex 5.54328 -61.2909 105.704
      vertex 17.5 -61.2909 93
      vertex 5.29153 -61.2909 105.172
    endloop
  endfacet
  facet normal 0 1 0
    outer loop
      vertex 0.588102 -61.2909 102.029
      vertex 17.5 -61.2909 93
      vertex 0 -61.2909 102
    endloop
  endfacet
  facet normal 0 1 0
    outer loop
      vertex 1.17054 -61.2909 102.115
      vertex 17.5 -61.2909 93
      vertex 0.588102 -61.2909 102.029
    endloop
  endfacet
  facet normal 0 1 0
    outer loop
      vertex 1.74171 -61.2909 102.258
      vertex 17.5 -61.2909 93
      vertex 1.17054 -61.2909 102.115
    endloop
  endfacet
  facet normal 0 1 0
    outer loop
      vertex 2.2961 -61.2909 102.457
      vertex 17.5 -61.2909 93
      vertex 1.74171 -61.2909 102.258
    endloop
  endfacet
  facet normal 0 1 0
    outer loop
      vertex 2.82838 -61.2909 102.708
      vertex 17.5 -61.2909 93
      vertex 2.2961 -61.2909 102.457
    endloop
  endfacet
  facet normal 0 1 0
    outer loop
      vertex 3.33342 -61.2909 103.011
      vertex 17.5 -61.2909 93
      vertex 2.82838 -61.2909 102.708
    endloop
  endfacet
  facet normal 0 1 0
    outer loop
      vertex 3.80636 -61.2909 103.362
      vertex 17.5 -61.2909 93
      vertex 3.33342 -61.2909 103.011
    endloop
  endfacet
  facet normal 0 1 0
    outer loop
      vertex 4.24264 -61.2909 103.757
      vertex 17.5 -61.2909 93
      vertex 3.80636 -61.2909 103.362
    endloop
  endfacet
  facet normal 0 1 0
    outer loop
      vertex 4.63806 -61.2909 104.194
      vertex 17.5 -61.2909 93
      vertex 4.24264 -61.2909 103.757
    endloop
  endfacet
  facet normal 0 1 0
    outer loop
      vertex 4.98882 -61.2909 104.667
      vertex 17.5 -61.2909 93
      vertex 4.63806 -61.2909 104.194
    endloop
  endfacet
  facet normal 0 1 0
    outer loop
      vertex 5.29153 -61.2909 105.172
      vertex 17.5 -61.2909 93
      vertex 4.98882 -61.2909 104.667
    endloop
  endfacet
  facet normal 0 1 -0
    outer loop
      vertex -0.588102 -61.2909 113.971
      vertex -17.5 -61.2909 123
      vertex 0 -61.2909 114
    endloop
  endfacet
  facet normal 0 1 -0
    outer loop
      vertex -1.17054 -61.2909 113.885
      vertex -17.5 -61.2909 123
      vertex -0.588102 -61.2909 113.971
    endloop
  endfacet
  facet normal 0 1 -0
    outer loop
      vertex -1.74171 -61.2909 113.742
      vertex -17.5 -61.2909 123
      vertex -1.17054 -61.2909 113.885
    endloop
  endfacet
  facet normal 0 1 -0
    outer loop
      vertex -2.2961 -61.2909 113.543
      vertex -17.5 -61.2909 123
      vertex -1.74171 -61.2909 113.742
    endloop
  endfacet
  facet normal 0 1 -0
    outer loop
      vertex -2.82838 -61.2909 113.292
      vertex -17.5 -61.2909 123
      vertex -2.2961 -61.2909 113.543
    endloop
  endfacet
  facet normal 0 1 -0
    outer loop
      vertex -3.33342 -61.2909 112.989
      vertex -17.5 -61.2909 123
      vertex -2.82838 -61.2909 113.292
    endloop
  endfacet
  facet normal 0 1 -0
    outer loop
      vertex -3.80636 -61.2909 112.638
      vertex -17.5 -61.2909 123
      vertex -3.33342 -61.2909 112.989
    endloop
  endfacet
  facet normal 0 1 -0
    outer loop
      vertex -4.24264 -61.2909 112.243
      vertex -17.5 -61.2909 123
      vertex -3.80636 -61.2909 112.638
    endloop
  endfacet
  facet normal 0 1 -0
    outer loop
      vertex -4.63806 -61.2909 111.806
      vertex -17.5 -61.2909 123
      vertex -4.24264 -61.2909 112.243
    endloop
  endfacet
  facet normal 0 1 -0
    outer loop
      vertex -4.98882 -61.2909 111.333
      vertex -17.5 -61.2909 123
      vertex -4.63806 -61.2909 111.806
    endloop
  endfacet
  facet normal 0 1 -0
    outer loop
      vertex -5.29153 -61.2909 110.828
      vertex -17.5 -61.2909 123
      vertex -4.98882 -61.2909 111.333
    endloop
  endfacet
  facet normal 0 1 -0
    outer loop
      vertex -5.54328 -61.2909 110.296
      vertex -17.5 -61.2909 123
      vertex -5.29153 -61.2909 110.828
    endloop
  endfacet
  facet normal 0 1 -0
    outer loop
      vertex -5.74164 -61.2909 109.742
      vertex -17.5 -61.2909 123
      vertex -5.54328 -61.2909 110.296
    endloop
  endfacet
  facet normal 0 1 -0
    outer loop
      vertex -5.88471 -61.2909 109.171
      vertex -17.5 -61.2909 123
      vertex -5.74164 -61.2909 109.742
    endloop
  endfacet
  facet normal 0 1 -0
    outer loop
      vertex -5.97111 -61.2909 108.588
      vertex -17.5 -61.2909 123
      vertex -5.88471 -61.2909 109.171
    endloop
  endfacet
  facet normal 0 1 -0
    outer loop
      vertex -6 -61.2909 108
      vertex -17.5 -61.2909 123
      vertex -5.97111 -61.2909 108.588
    endloop
  endfacet
  facet normal 0 1 0
    outer loop
      vertex -17.5 -61.2909 93
      vertex -6 -61.2909 108
      vertex -5.97111 -61.2909 107.412
    endloop
  endfacet
  facet normal 0 1 0
    outer loop
      vertex -17.5 -61.2909 93
      vertex -5.97111 -61.2909 107.412
      vertex -5.88471 -61.2909 106.829
    endloop
  endfacet
  facet normal 0 1 0
    outer loop
      vertex -17.5 -61.2909 93
      vertex -5.88471 -61.2909 106.829
      vertex -5.74164 -61.2909 106.258
    endloop
  endfacet
  facet normal 0 1 0
    outer loop
      vertex -17.5 -61.2909 93
      vertex -5.74164 -61.2909 106.258
      vertex -5.54328 -61.2909 105.704
    endloop
  endfacet
  facet normal 0 1 0
    outer loop
      vertex -17.5 -61.2909 93
      vertex -5.54328 -61.2909 105.704
      vertex -5.29153 -61.2909 105.172
    endloop
  endfacet
  facet normal 0 1 0
    outer loop
      vertex -17.5 -61.2909 93
      vertex -5.29153 -61.2909 105.172
      vertex -4.98882 -61.2909 104.667
    endloop
  endfacet
  facet normal 0 1 0
    outer loop
      vertex -17.5 -61.2909 93
      vertex 0 -61.2909 102
      vertex 17.5 -61.2909 93
    endloop
  endfacet
  facet normal 0 1 0
    outer loop
      vertex 0 -61.2909 102
      vertex -17.5 -61.2909 93
      vertex -0.588102 -61.2909 102.029
    endloop
  endfacet
  facet normal 0 1 0
    outer loop
      vertex -0.588102 -61.2909 102.029
      vertex -17.5 -61.2909 93
      vertex -1.17054 -61.2909 102.115
    endloop
  endfacet
  facet normal 0 1 0
    outer loop
      vertex -1.17054 -61.2909 102.115
      vertex -17.5 -61.2909 93
      vertex -1.74171 -61.2909 102.258
    endloop
  endfacet
  facet normal 0 1 0
    outer loop
      vertex -1.74171 -61.2909 102.258
      vertex -17.5 -61.2909 93
      vertex -2.2961 -61.2909 102.457
    endloop
  endfacet
  facet normal 0 1 0
    outer loop
      vertex -6 -61.2909 108
      vertex -17.5 -61.2909 93
      vertex -17.5 -61.2909 123
    endloop
  endfacet
  facet normal 0 1 0
    outer loop
      vertex -4.63806 -61.2909 104.194
      vertex -17.5 -61.2909 93
      vertex -4.98882 -61.2909 104.667
    endloop
  endfacet
  facet normal 0 1 0
    outer loop
      vertex -4.24264 -61.2909 103.757
      vertex -17.5 -61.2909 93
      vertex -4.63806 -61.2909 104.194
    endloop
  endfacet
  facet normal 0 1 0
    outer loop
      vertex -3.80636 -61.2909 103.362
      vertex -17.5 -61.2909 93
      vertex -4.24264 -61.2909 103.757
    endloop
  endfacet
  facet normal 0 1 0
    outer loop
      vertex -3.33342 -61.2909 103.011
      vertex -17.5 -61.2909 93
      vertex -3.80636 -61.2909 103.362
    endloop
  endfacet
  facet normal 0 1 0
    outer loop
      vertex -2.82838 -61.2909 102.708
      vertex -17.5 -61.2909 93
      vertex -3.33342 -61.2909 103.011
    endloop
  endfacet
  facet normal 0 1 0
    outer loop
      vertex -2.2961 -61.2909 102.457
      vertex -17.5 -61.2909 93
      vertex -2.82838 -61.2909 102.708
    endloop
  endfacet
  facet normal 1 0 0
    outer loop
      vertex -15.4 -63.7909 123
      vertex -15.4 -76.4777 95.1
      vertex -15.4 -63.7909 95.1
    endloop
  endfacet
  facet normal 1 0 -0
    outer loop
      vertex -15.4 -76.4777 95.1
      vertex -15.4 -63.7909 123
      vertex -15.4 -77.097 123
    endloop
  endfacet
  facet normal -1 0 0
    outer loop
      vertex 15.4 -76.4777 95.1
      vertex 15.4 -63.7909 123
      vertex 15.4 -63.7909 95.1
    endloop
  endfacet
  facet normal -1 -0 0
    outer loop
      vertex 15.4 -63.7909 123
      vertex 15.4 -76.4777 95.1
      vertex 15.4 -77.097 123
    endloop
  endfacet
  facet normal 0 -1 0
    outer loop
      vertex -15.4 -63.7909 123
      vertex 0 -63.7909 114
      vertex 15.4 -63.7909 123
    endloop
  endfacet
  facet normal 0 -1 0
    outer loop
      vertex -15.4 -63.7909 123
      vertex -0.588102 -63.7909 113.971
      vertex 0 -63.7909 114
    endloop
  endfacet
  facet normal 0 -1 0
    outer loop
      vertex -15.4 -63.7909 123
      vertex -1.17054 -63.7909 113.885
      vertex -0.588102 -63.7909 113.971
    endloop
  endfacet
  facet normal 0 -1 0
    outer loop
      vertex -15.4 -63.7909 123
      vertex -1.74171 -63.7909 113.742
      vertex -1.17054 -63.7909 113.885
    endloop
  endfacet
  facet normal 0 -1 0
    outer loop
      vertex -15.4 -63.7909 123
      vertex -2.2961 -63.7909 113.543
      vertex -1.74171 -63.7909 113.742
    endloop
  endfacet
  facet normal 0 -1 0
    outer loop
      vertex -15.4 -63.7909 123
      vertex -2.82838 -63.7909 113.292
      vertex -2.2961 -63.7909 113.543
    endloop
  endfacet
  facet normal 0 -1 0
    outer loop
      vertex -15.4 -63.7909 123
      vertex -3.33342 -63.7909 112.989
      vertex -2.82838 -63.7909 113.292
    endloop
  endfacet
  facet normal 0 -1 0
    outer loop
      vertex -15.4 -63.7909 123
      vertex -3.80636 -63.7909 112.638
      vertex -3.33342 -63.7909 112.989
    endloop
  endfacet
  facet normal 0 -1 0
    outer loop
      vertex -15.4 -63.7909 123
      vertex -4.24264 -63.7909 112.243
      vertex -3.80636 -63.7909 112.638
    endloop
  endfacet
  facet normal 0 -1 0
    outer loop
      vertex -15.4 -63.7909 123
      vertex -4.63806 -63.7909 111.806
      vertex -4.24264 -63.7909 112.243
    endloop
  endfacet
  facet normal 0 -1 0
    outer loop
      vertex -15.4 -63.7909 123
      vertex -4.98882 -63.7909 111.333
      vertex -4.63806 -63.7909 111.806
    endloop
  endfacet
  facet normal 0 -1 0
    outer loop
      vertex -15.4 -63.7909 123
      vertex -5.29153 -63.7909 110.828
      vertex -4.98882 -63.7909 111.333
    endloop
  endfacet
  facet normal 0 -1 0
    outer loop
      vertex -15.4 -63.7909 123
      vertex -5.54328 -63.7909 110.296
      vertex -5.29153 -63.7909 110.828
    endloop
  endfacet
  facet normal 0 -1 0
    outer loop
      vertex -15.4 -63.7909 123
      vertex -5.74164 -63.7909 109.742
      vertex -5.54328 -63.7909 110.296
    endloop
  endfacet
  facet normal 0 -1 0
    outer loop
      vertex -15.4 -63.7909 123
      vertex -5.88471 -63.7909 109.171
      vertex -5.74164 -63.7909 109.742
    endloop
  endfacet
  facet normal 0 -1 0
    outer loop
      vertex -15.4 -63.7909 123
      vertex -5.97111 -63.7909 108.588
      vertex -5.88471 -63.7909 109.171
    endloop
  endfacet
  facet normal 0 -1 0
    outer loop
      vertex -15.4 -63.7909 123
      vertex -6 -63.7909 108
      vertex -5.97111 -63.7909 108.588
    endloop
  endfacet
  facet normal 0 -1 0
    outer loop
      vertex -15.4 -63.7909 95.1
      vertex -6 -63.7909 108
      vertex -15.4 -63.7909 123
    endloop
  endfacet
  facet normal 0 -1 -0
    outer loop
      vertex -6 -63.7909 108
      vertex -15.4 -63.7909 95.1
      vertex -5.97111 -63.7909 107.412
    endloop
  endfacet
  facet normal 0 -1 -0
    outer loop
      vertex -5.97111 -63.7909 107.412
      vertex -15.4 -63.7909 95.1
      vertex -5.88471 -63.7909 106.829
    endloop
  endfacet
  facet normal 0 -1 -0
    outer loop
      vertex -5.88471 -63.7909 106.829
      vertex -15.4 -63.7909 95.1
      vertex -5.74164 -63.7909 106.258
    endloop
  endfacet
  facet normal 0 -1 -0
    outer loop
      vertex -5.74164 -63.7909 106.258
      vertex -15.4 -63.7909 95.1
      vertex -5.54328 -63.7909 105.704
    endloop
  endfacet
  facet normal 0 -1 -0
    outer loop
      vertex -0.588102 -63.7909 102.029
      vertex -15.4 -63.7909 95.1
      vertex 0 -63.7909 102
    endloop
  endfacet
  facet normal 0 -1 -0
    outer loop
      vertex -1.17054 -63.7909 102.115
      vertex -15.4 -63.7909 95.1
      vertex -0.588102 -63.7909 102.029
    endloop
  endfacet
  facet normal 0 -1 -0
    outer loop
      vertex -1.74171 -63.7909 102.258
      vertex -15.4 -63.7909 95.1
      vertex -1.17054 -63.7909 102.115
    endloop
  endfacet
  facet normal 0 -1 -0
    outer loop
      vertex -2.2961 -63.7909 102.457
      vertex -15.4 -63.7909 95.1
      vertex -1.74171 -63.7909 102.258
    endloop
  endfacet
  facet normal 0 -1 -0
    outer loop
      vertex -2.82838 -63.7909 102.708
      vertex -15.4 -63.7909 95.1
      vertex -2.2961 -63.7909 102.457
    endloop
  endfacet
  facet normal 0 -1 -0
    outer loop
      vertex -3.33342 -63.7909 103.011
      vertex -15.4 -63.7909 95.1
      vertex -2.82838 -63.7909 102.708
    endloop
  endfacet
  facet normal 0 -1 -0
    outer loop
      vertex -3.80636 -63.7909 103.362
      vertex -15.4 -63.7909 95.1
      vertex -3.33342 -63.7909 103.011
    endloop
  endfacet
  facet normal 0 -1 -0
    outer loop
      vertex -4.24264 -63.7909 103.757
      vertex -15.4 -63.7909 95.1
      vertex -3.80636 -63.7909 103.362
    endloop
  endfacet
  facet normal 0 -1 -0
    outer loop
      vertex -4.63806 -63.7909 104.194
      vertex -15.4 -63.7909 95.1
      vertex -4.24264 -63.7909 103.757
    endloop
  endfacet
  facet normal 0 -1 -0
    outer loop
      vertex -4.98882 -63.7909 104.667
      vertex -15.4 -63.7909 95.1
      vertex -4.63806 -63.7909 104.194
    endloop
  endfacet
  facet normal 0 -1 -0
    outer loop
      vertex -5.29153 -63.7909 105.172
      vertex -15.4 -63.7909 95.1
      vertex -4.98882 -63.7909 104.667
    endloop
  endfacet
  facet normal 0 -1 -0
    outer loop
      vertex -5.54328 -63.7909 105.704
      vertex -15.4 -63.7909 95.1
      vertex -5.29153 -63.7909 105.172
    endloop
  endfacet
  facet normal 0 -1 0
    outer loop
      vertex 0.588102 -63.7909 113.971
      vertex 15.4 -63.7909 123
      vertex 0 -63.7909 114
    endloop
  endfacet
  facet normal 0 -1 0
    outer loop
      vertex 1.17054 -63.7909 113.885
      vertex 15.4 -63.7909 123
      vertex 0.588102 -63.7909 113.971
    endloop
  endfacet
  facet normal 0 -1 0
    outer loop
      vertex 1.74171 -63.7909 113.742
      vertex 15.4 -63.7909 123
      vertex 1.17054 -63.7909 113.885
    endloop
  endfacet
  facet normal 0 -1 0
    outer loop
      vertex 2.2961 -63.7909 113.543
      vertex 15.4 -63.7909 123
      vertex 1.74171 -63.7909 113.742
    endloop
  endfacet
  facet normal 0 -1 0
    outer loop
      vertex 2.82838 -63.7909 113.292
      vertex 15.4 -63.7909 123
      vertex 2.2961 -63.7909 113.543
    endloop
  endfacet
  facet normal 0 -1 0
    outer loop
      vertex 3.33342 -63.7909 112.989
      vertex 15.4 -63.7909 123
      vertex 2.82838 -63.7909 113.292
    endloop
  endfacet
  facet normal 0 -1 0
    outer loop
      vertex 3.80636 -63.7909 112.638
      vertex 15.4 -63.7909 123
      vertex 3.33342 -63.7909 112.989
    endloop
  endfacet
  facet normal 0 -1 0
    outer loop
      vertex 4.24264 -63.7909 112.243
      vertex 15.4 -63.7909 123
      vertex 3.80636 -63.7909 112.638
    endloop
  endfacet
  facet normal 0 -1 0
    outer loop
      vertex 4.63806 -63.7909 111.806
      vertex 15.4 -63.7909 123
      vertex 4.24264 -63.7909 112.243
    endloop
  endfacet
  facet normal 0 -1 0
    outer loop
      vertex 4.98882 -63.7909 111.333
      vertex 15.4 -63.7909 123
      vertex 4.63806 -63.7909 111.806
    endloop
  endfacet
  facet normal 0 -1 0
    outer loop
      vertex 5.29153 -63.7909 110.828
      vertex 15.4 -63.7909 123
      vertex 4.98882 -63.7909 111.333
    endloop
  endfacet
  facet normal 0 -1 0
    outer loop
      vertex 5.54328 -63.7909 110.296
      vertex 15.4 -63.7909 123
      vertex 5.29153 -63.7909 110.828
    endloop
  endfacet
  facet normal 0 -1 0
    outer loop
      vertex 5.74164 -63.7909 109.742
      vertex 15.4 -63.7909 123
      vertex 5.54328 -63.7909 110.296
    endloop
  endfacet
  facet normal 0 -1 0
    outer loop
      vertex 5.88471 -63.7909 109.171
      vertex 15.4 -63.7909 123
      vertex 5.74164 -63.7909 109.742
    endloop
  endfacet
  facet normal 0 -1 0
    outer loop
      vertex 5.97111 -63.7909 108.588
      vertex 15.4 -63.7909 123
      vertex 5.88471 -63.7909 109.171
    endloop
  endfacet
  facet normal 0 -1 0
    outer loop
      vertex 6 -63.7909 108
      vertex 15.4 -63.7909 123
      vertex 5.97111 -63.7909 108.588
    endloop
  endfacet
  facet normal 0 -1 0
    outer loop
      vertex 15.4 -63.7909 95.1
      vertex 6 -63.7909 108
      vertex 5.97111 -63.7909 107.412
    endloop
  endfacet
  facet normal 0 -1 0
    outer loop
      vertex 15.4 -63.7909 95.1
      vertex 5.97111 -63.7909 107.412
      vertex 5.88471 -63.7909 106.829
    endloop
  endfacet
  facet normal 0 -1 0
    outer loop
      vertex 15.4 -63.7909 95.1
      vertex 5.88471 -63.7909 106.829
      vertex 5.74164 -63.7909 106.258
    endloop
  endfacet
  facet normal 0 -1 0
    outer loop
      vertex 15.4 -63.7909 95.1
      vertex 5.74164 -63.7909 106.258
      vertex 5.54328 -63.7909 105.704
    endloop
  endfacet
  facet normal 0 -1 0
    outer loop
      vertex 15.4 -63.7909 95.1
      vertex 5.54328 -63.7909 105.704
      vertex 5.29153 -63.7909 105.172
    endloop
  endfacet
  facet normal 0 -1 0
    outer loop
      vertex 15.4 -63.7909 95.1
      vertex 0 -63.7909 102
      vertex -15.4 -63.7909 95.1
    endloop
  endfacet
  facet normal 0 -1 0
    outer loop
      vertex 0 -63.7909 102
      vertex 15.4 -63.7909 95.1
      vertex 0.588102 -63.7909 102.029
    endloop
  endfacet
  facet normal 0 -1 0
    outer loop
      vertex 0.588102 -63.7909 102.029
      vertex 15.4 -63.7909 95.1
      vertex 1.17054 -63.7909 102.115
    endloop
  endfacet
  facet normal 0 -1 0
    outer loop
      vertex 1.17054 -63.7909 102.115
      vertex 15.4 -63.7909 95.1
      vertex 1.74171 -63.7909 102.258
    endloop
  endfacet
  facet normal 0 -1 0
    outer loop
      vertex 6 -63.7909 108
      vertex 15.4 -63.7909 95.1
      vertex 15.4 -63.7909 123
    endloop
  endfacet
  facet normal 0 -1 0
    outer loop
      vertex 4.98882 -63.7909 104.667
      vertex 15.4 -63.7909 95.1
      vertex 5.29153 -63.7909 105.172
    endloop
  endfacet
  facet normal 0 -1 0
    outer loop
      vertex 4.63806 -63.7909 104.194
      vertex 15.4 -63.7909 95.1
      vertex 4.98882 -63.7909 104.667
    endloop
  endfacet
  facet normal 0 -1 0
    outer loop
      vertex 4.24264 -63.7909 103.757
      vertex 15.4 -63.7909 95.1
      vertex 4.63806 -63.7909 104.194
    endloop
  endfacet
  facet normal 0 -1 0
    outer loop
      vertex 3.80636 -63.7909 103.362
      vertex 15.4 -63.7909 95.1
      vertex 4.24264 -63.7909 103.757
    endloop
  endfacet
  facet normal 0 -1 0
    outer loop
      vertex 3.33342 -63.7909 103.011
      vertex 15.4 -63.7909 95.1
      vertex 3.80636 -63.7909 103.362
    endloop
  endfacet
  facet normal 0 -1 0
    outer loop
      vertex 2.82838 -63.7909 102.708
      vertex 15.4 -63.7909 95.1
      vertex 3.33342 -63.7909 103.011
    endloop
  endfacet
  facet normal 0 -1 0
    outer loop
      vertex 2.2961 -63.7909 102.457
      vertex 15.4 -63.7909 95.1
      vertex 2.82838 -63.7909 102.708
    endloop
  endfacet
  facet normal 0 -1 0
    outer loop
      vertex 1.74171 -63.7909 102.258
      vertex 15.4 -63.7909 95.1
      vertex 2.2961 -63.7909 102.457
    endloop
  endfacet
  facet normal 0 0 1
    outer loop
      vertex 15.4 -63.7909 95.1
      vertex 15.2213 -76.5225 95.1
      vertex 15.4 -76.4777 95.1
    endloop
  endfacet
  facet normal 0 0 1
    outer loop
      vertex 15.4 -63.7909 95.1
      vertex 10.7775 -77.1816 95.1
      vertex 15.2213 -76.5225 95.1
    endloop
  endfacet
  facet normal 0 0 1
    outer loop
      vertex 15.4 -63.7909 95.1
      vertex 7.64746 -77.6459 95.1
      vertex 10.7775 -77.1816 95.1
    endloop
  endfacet
  facet normal 0 0 1
    outer loop
      vertex 15.4 -63.7909 95.1
      vertex 4.48693 -77.8012 95.1
      vertex 7.64746 -77.6459 95.1
    endloop
  endfacet
  facet normal 0 0 1
    outer loop
      vertex 15.4 -63.7909 95.1
      vertex 0 -78.0216 95.1
      vertex 4.48693 -77.8012 95.1
    endloop
  endfacet
  facet normal -0 0 1
    outer loop
      vertex -15.4 -63.7909 95.1
      vertex 0 -78.0216 95.1
      vertex 15.4 -63.7909 95.1
    endloop
  endfacet
  facet normal 0 0 1
    outer loop
      vertex 0 -78.0216 95.1
      vertex -15.4 -63.7909 95.1
      vertex -4.48693 -77.8012 95.1
    endloop
  endfacet
  facet normal 0 0 1
    outer loop
      vertex -4.48693 -77.8012 95.1
      vertex -15.4 -63.7909 95.1
      vertex -7.64746 -77.6459 95.1
    endloop
  endfacet
  facet normal 0 0 1
    outer loop
      vertex -7.64746 -77.6459 95.1
      vertex -15.4 -63.7909 95.1
      vertex -10.7775 -77.1816 95.1
    endloop
  endfacet
  facet normal 0 0 1
    outer loop
      vertex -10.7775 -77.1816 95.1
      vertex -15.4 -63.7909 95.1
      vertex -15.2213 -76.5225 95.1
    endloop
  endfacet
  facet normal 0 0 1
    outer loop
      vertex -15.2213 -76.5225 95.1
      vertex -15.4 -63.7909 95.1
      vertex -15.4 -76.4777 95.1
    endloop
  endfacet
  facet normal -0.671166 0 0.741307
    outer loop
      vertex 3.80636 -61.2909 103.362
      vertex 4.24264 -63.7909 103.757
      vertex 4.24264 -61.2909 103.757
    endloop
  endfacet
  facet normal -0.671166 0 0.741307
    outer loop
      vertex 4.24264 -63.7909 103.757
      vertex 3.80636 -61.2909 103.362
      vertex 3.80636 -63.7909 103.362
    endloop
  endfacet
  facet normal -0.998795 0 -0.0490735
    outer loop
      vertex 6 -63.7909 108
      vertex 5.97111 -61.2909 108.588
      vertex 6 -61.2909 108
    endloop
  endfacet
  facet normal -0.998795 -0 -0.0490735
    outer loop
      vertex 5.97111 -61.2909 108.588
      vertex 6 -63.7909 108
      vertex 5.97111 -63.7909 108.588
    endloop
  endfacet
  facet normal 0.337847 0 0.941201
    outer loop
      vertex -2.2961 -61.2909 102.457
      vertex -1.74171 -63.7909 102.258
      vertex -1.74171 -61.2909 102.258
    endloop
  endfacet
  facet normal 0.337847 0 0.941201
    outer loop
      vertex -1.74171 -63.7909 102.258
      vertex -2.2961 -61.2909 102.457
      vertex -2.2961 -63.7909 102.457
    endloop
  endfacet
  facet normal 0.903902 -0 0.427739
    outer loop
      vertex -5.54328 -63.7909 105.704
      vertex -5.29153 -61.2909 105.172
      vertex -5.54328 -61.2909 105.704
    endloop
  endfacet
  facet normal 0.903902 0 0.427739
    outer loop
      vertex -5.29153 -61.2909 105.172
      vertex -5.54328 -63.7909 105.704
      vertex -5.29153 -63.7909 105.172
    endloop
  endfacet
  facet normal 0.426514 0 -0.904481
    outer loop
      vertex -2.82838 -63.7909 113.292
      vertex -2.2961 -61.2909 113.543
      vertex -2.2961 -63.7909 113.543
    endloop
  endfacet
  facet normal 0.426514 0 -0.904481
    outer loop
      vertex -2.2961 -61.2909 113.543
      vertex -2.82838 -63.7909 113.292
      vertex -2.82838 -61.2909 113.292
    endloop
  endfacet
  facet normal -0.941471 0 0.337094
    outer loop
      vertex 5.54328 -63.7909 105.704
      vertex 5.74164 -61.2909 106.258
      vertex 5.54328 -61.2909 105.704
    endloop
  endfacet
  facet normal -0.941471 0 0.337094
    outer loop
      vertex 5.74164 -61.2909 106.258
      vertex 5.54328 -63.7909 105.704
      vertex 5.74164 -63.7909 106.258
    endloop
  endfacet
  facet normal -0.903902 0 0.427739
    outer loop
      vertex 5.29153 -63.7909 105.172
      vertex 5.54328 -61.2909 105.704
      vertex 5.29153 -61.2909 105.172
    endloop
  endfacet
  facet normal -0.903902 0 0.427739
    outer loop
      vertex 5.54328 -61.2909 105.704
      vertex 5.29153 -63.7909 105.172
      vertex 5.54328 -63.7909 105.704
    endloop
  endfacet
  facet normal -0.426514 0 0.904481
    outer loop
      vertex 2.2961 -61.2909 102.457
      vertex 2.82838 -63.7909 102.708
      vertex 2.82838 -61.2909 102.708
    endloop
  endfacet
  facet normal -0.426514 0 0.904481
    outer loop
      vertex 2.82838 -63.7909 102.708
      vertex 2.2961 -61.2909 102.457
      vertex 2.2961 -63.7909 102.457
    endloop
  endfacet
  facet normal 0.741503 -0 0.67095
    outer loop
      vertex -4.63806 -63.7909 104.194
      vertex -4.24264 -61.2909 103.757
      vertex -4.63806 -61.2909 104.194
    endloop
  endfacet
  facet normal 0.741503 0 0.67095
    outer loop
      vertex -4.24264 -61.2909 103.757
      vertex -4.63806 -63.7909 104.194
      vertex -4.24264 -63.7909 103.757
    endloop
  endfacet
  facet normal 0.146071 0 0.989274
    outer loop
      vertex -1.17054 -61.2909 102.115
      vertex -0.588102 -63.7909 102.029
      vertex -0.588102 -61.2909 102.029
    endloop
  endfacet
  facet normal 0.146071 0 0.989274
    outer loop
      vertex -0.588102 -63.7909 102.029
      vertex -1.17054 -61.2909 102.115
      vertex -1.17054 -63.7909 102.115
    endloop
  endfacet
  facet normal -0.941471 0 -0.337094
    outer loop
      vertex 5.74164 -63.7909 109.742
      vertex 5.54328 -61.2909 110.296
      vertex 5.74164 -61.2909 109.742
    endloop
  endfacet
  facet normal -0.941471 -0 -0.337094
    outer loop
      vertex 5.54328 -61.2909 110.296
      vertex 5.74164 -63.7909 109.742
      vertex 5.54328 -63.7909 110.296
    endloop
  endfacet
  facet normal 0.146071 0 -0.989274
    outer loop
      vertex -1.17054 -63.7909 113.885
      vertex -0.588102 -61.2909 113.971
      vertex -0.588102 -63.7909 113.971
    endloop
  endfacet
  facet normal 0.146071 0 -0.989274
    outer loop
      vertex -0.588102 -61.2909 113.971
      vertex -1.17054 -63.7909 113.885
      vertex -1.17054 -61.2909 113.885
    endloop
  endfacet
  facet normal 0.671166 0 -0.741307
    outer loop
      vertex -4.24264 -63.7909 112.243
      vertex -3.80636 -61.2909 112.638
      vertex -3.80636 -63.7909 112.638
    endloop
  endfacet
  facet normal 0.671166 0 -0.741307
    outer loop
      vertex -3.80636 -61.2909 112.638
      vertex -4.24264 -63.7909 112.243
      vertex -4.24264 -61.2909 112.243
    endloop
  endfacet
  facet normal 0.989196 0 -0.146598
    outer loop
      vertex -5.88471 -63.7909 109.171
      vertex -5.97111 -61.2909 108.588
      vertex -5.88471 -61.2909 109.171
    endloop
  endfacet
  facet normal 0.989196 0 -0.146598
    outer loop
      vertex -5.97111 -61.2909 108.588
      vertex -5.88471 -63.7909 109.171
      vertex -5.97111 -63.7909 108.588
    endloop
  endfacet
  facet normal -0.970014 0 0.243047
    outer loop
      vertex 5.74164 -63.7909 106.258
      vertex 5.88471 -61.2909 106.829
      vertex 5.74164 -61.2909 106.258
    endloop
  endfacet
  facet normal -0.970014 0 0.243047
    outer loop
      vertex 5.88471 -61.2909 106.829
      vertex 5.74164 -63.7909 106.258
      vertex 5.88471 -63.7909 106.829
    endloop
  endfacet
  facet normal -0.803241 0 0.595655
    outer loop
      vertex 4.63806 -63.7909 104.194
      vertex 4.98882 -61.2909 104.667
      vertex 4.63806 -61.2909 104.194
    endloop
  endfacet
  facet normal -0.803241 0 0.595655
    outer loop
      vertex 4.98882 -61.2909 104.667
      vertex 4.63806 -63.7909 104.194
      vertex 4.98882 -63.7909 104.667
    endloop
  endfacet
  facet normal -0.85771 0 0.514134
    outer loop
      vertex 4.98882 -63.7909 104.667
      vertex 5.29153 -61.2909 105.172
      vertex 4.98882 -61.2909 104.667
    endloop
  endfacet
  facet normal -0.85771 0 0.514134
    outer loop
      vertex 5.29153 -61.2909 105.172
      vertex 4.98882 -63.7909 104.667
      vertex 5.29153 -63.7909 105.172
    endloop
  endfacet
  facet normal -0.741503 0 0.67095
    outer loop
      vertex 4.24264 -63.7909 103.757
      vertex 4.63806 -61.2909 104.194
      vertex 4.24264 -61.2909 103.757
    endloop
  endfacet
  facet normal -0.741503 0 0.67095
    outer loop
      vertex 4.63806 -61.2909 104.194
      vertex 4.24264 -63.7909 103.757
      vertex 4.63806 -63.7909 104.194
    endloop
  endfacet
  facet normal -0.595966 0 0.803009
    outer loop
      vertex 3.33342 -61.2909 103.011
      vertex 3.80636 -63.7909 103.362
      vertex 3.80636 -61.2909 103.362
    endloop
  endfacet
  facet normal -0.595966 0 0.803009
    outer loop
      vertex 3.80636 -63.7909 103.362
      vertex 3.33342 -61.2909 103.011
      vertex 3.33342 -63.7909 103.011
    endloop
  endfacet
  facet normal -0.0492513 0 0.998786
    outer loop
      vertex 0 -61.2909 102
      vertex 0.588102 -63.7909 102.029
      vertex 0.588102 -61.2909 102.029
    endloop
  endfacet
  facet normal -0.0492513 0 0.998786
    outer loop
      vertex 0.588102 -63.7909 102.029
      vertex 0 -61.2909 102
      vertex 0 -63.7909 102
    endloop
  endfacet
  facet normal -0.514466 0 0.857511
    outer loop
      vertex 2.82838 -61.2909 102.708
      vertex 3.33342 -63.7909 103.011
      vertex 3.33342 -61.2909 103.011
    endloop
  endfacet
  facet normal -0.514466 0 0.857511
    outer loop
      vertex 3.33342 -63.7909 103.011
      vertex 2.82838 -61.2909 102.708
      vertex 2.82838 -63.7909 102.708
    endloop
  endfacet
  facet normal -0.337847 0 0.941201
    outer loop
      vertex 1.74171 -61.2909 102.258
      vertex 2.2961 -63.7909 102.457
      vertex 2.2961 -61.2909 102.457
    endloop
  endfacet
  facet normal -0.337847 0 0.941201
    outer loop
      vertex 2.2961 -63.7909 102.457
      vertex 1.74171 -61.2909 102.258
      vertex 1.74171 -63.7909 102.258
    endloop
  endfacet
  facet normal -0.242867 0 0.97006
    outer loop
      vertex 1.17054 -61.2909 102.115
      vertex 1.74171 -63.7909 102.258
      vertex 1.74171 -61.2909 102.258
    endloop
  endfacet
  facet normal -0.242867 0 0.97006
    outer loop
      vertex 1.74171 -63.7909 102.258
      vertex 1.17054 -61.2909 102.115
      vertex 1.17054 -63.7909 102.115
    endloop
  endfacet
  facet normal 0.998795 -0 0.0490735
    outer loop
      vertex -6 -63.7909 108
      vertex -5.97111 -61.2909 107.412
      vertex -6 -61.2909 108
    endloop
  endfacet
  facet normal 0.998795 0 0.0490735
    outer loop
      vertex -5.97111 -61.2909 107.412
      vertex -6 -63.7909 108
      vertex -5.97111 -63.7909 107.412
    endloop
  endfacet
  facet normal 0.941471 -0 0.337094
    outer loop
      vertex -5.74164 -63.7909 106.258
      vertex -5.54328 -61.2909 105.704
      vertex -5.74164 -61.2909 106.258
    endloop
  endfacet
  facet normal 0.941471 0 0.337094
    outer loop
      vertex -5.54328 -61.2909 105.704
      vertex -5.74164 -63.7909 106.258
      vertex -5.54328 -63.7909 105.704
    endloop
  endfacet
  facet normal 0.970014 -0 0.243047
    outer loop
      vertex -5.88471 -63.7909 106.829
      vertex -5.74164 -61.2909 106.258
      vertex -5.88471 -61.2909 106.829
    endloop
  endfacet
  facet normal 0.970014 0 0.243047
    outer loop
      vertex -5.74164 -61.2909 106.258
      vertex -5.88471 -63.7909 106.829
      vertex -5.74164 -63.7909 106.258
    endloop
  endfacet
  facet normal 0.85771 -0 0.514134
    outer loop
      vertex -5.29153 -63.7909 105.172
      vertex -4.98882 -61.2909 104.667
      vertex -5.29153 -61.2909 105.172
    endloop
  endfacet
  facet normal 0.85771 0 0.514134
    outer loop
      vertex -4.98882 -61.2909 104.667
      vertex -5.29153 -63.7909 105.172
      vertex -4.98882 -63.7909 104.667
    endloop
  endfacet
  facet normal 0.803241 -0 0.595655
    outer loop
      vertex -4.98882 -63.7909 104.667
      vertex -4.63806 -61.2909 104.194
      vertex -4.98882 -61.2909 104.667
    endloop
  endfacet
  facet normal 0.803241 0 0.595655
    outer loop
      vertex -4.63806 -61.2909 104.194
      vertex -4.98882 -63.7909 104.667
      vertex -4.63806 -63.7909 104.194
    endloop
  endfacet
  facet normal 0.242867 0 0.97006
    outer loop
      vertex -1.74171 -61.2909 102.258
      vertex -1.17054 -63.7909 102.115
      vertex -1.17054 -61.2909 102.115
    endloop
  endfacet
  facet normal 0.242867 0 0.97006
    outer loop
      vertex -1.17054 -63.7909 102.115
      vertex -1.74171 -61.2909 102.258
      vertex -1.74171 -63.7909 102.258
    endloop
  endfacet
  facet normal 0.0492513 0 0.998786
    outer loop
      vertex -0.588102 -61.2909 102.029
      vertex 0 -63.7909 102
      vertex 0 -61.2909 102
    endloop
  endfacet
  facet normal 0.0492513 0 0.998786
    outer loop
      vertex 0 -63.7909 102
      vertex -0.588102 -61.2909 102.029
      vertex -0.588102 -63.7909 102.029
    endloop
  endfacet
  facet normal 0.514466 0 0.857511
    outer loop
      vertex -3.33342 -61.2909 103.011
      vertex -2.82838 -63.7909 102.708
      vertex -2.82838 -61.2909 102.708
    endloop
  endfacet
  facet normal 0.514466 0 0.857511
    outer loop
      vertex -2.82838 -63.7909 102.708
      vertex -3.33342 -61.2909 103.011
      vertex -3.33342 -63.7909 103.011
    endloop
  endfacet
  facet normal 0.595966 0 0.803009
    outer loop
      vertex -3.80636 -61.2909 103.362
      vertex -3.33342 -63.7909 103.011
      vertex -3.33342 -61.2909 103.011
    endloop
  endfacet
  facet normal 0.595966 0 0.803009
    outer loop
      vertex -3.33342 -63.7909 103.011
      vertex -3.80636 -61.2909 103.362
      vertex -3.80636 -63.7909 103.362
    endloop
  endfacet
  facet normal 0.426514 0 0.904481
    outer loop
      vertex -2.82838 -61.2909 102.708
      vertex -2.2961 -63.7909 102.457
      vertex -2.2961 -61.2909 102.457
    endloop
  endfacet
  facet normal 0.426514 0 0.904481
    outer loop
      vertex -2.2961 -63.7909 102.457
      vertex -2.82838 -61.2909 102.708
      vertex -2.82838 -63.7909 102.708
    endloop
  endfacet
  facet normal 0.671166 0 0.741307
    outer loop
      vertex -4.24264 -61.2909 103.757
      vertex -3.80636 -63.7909 103.362
      vertex -3.80636 -61.2909 103.362
    endloop
  endfacet
  facet normal 0.671166 0 0.741307
    outer loop
      vertex -3.80636 -63.7909 103.362
      vertex -4.24264 -61.2909 103.757
      vertex -4.24264 -63.7909 103.757
    endloop
  endfacet
  facet normal -0.998795 0 0.0490735
    outer loop
      vertex 5.97111 -63.7909 107.412
      vertex 6 -61.2909 108
      vertex 5.97111 -61.2909 107.412
    endloop
  endfacet
  facet normal -0.998795 0 0.0490735
    outer loop
      vertex 6 -61.2909 108
      vertex 5.97111 -63.7909 107.412
      vertex 6 -63.7909 108
    endloop
  endfacet
  facet normal -0.970014 0 -0.243047
    outer loop
      vertex 5.88471 -63.7909 109.171
      vertex 5.74164 -61.2909 109.742
      vertex 5.88471 -61.2909 109.171
    endloop
  endfacet
  facet normal -0.970014 -0 -0.243047
    outer loop
      vertex 5.74164 -61.2909 109.742
      vertex 5.88471 -63.7909 109.171
      vertex 5.74164 -63.7909 109.742
    endloop
  endfacet
  facet normal -0.0492513 0 -0.998786
    outer loop
      vertex 0 -63.7909 114
      vertex 0.588102 -61.2909 113.971
      vertex 0.588102 -63.7909 113.971
    endloop
  endfacet
  facet normal -0.0492513 0 -0.998786
    outer loop
      vertex 0.588102 -61.2909 113.971
      vertex 0 -63.7909 114
      vertex 0 -61.2909 114
    endloop
  endfacet
  facet normal -0.741503 0 -0.67095
    outer loop
      vertex 4.63806 -63.7909 111.806
      vertex 4.24264 -61.2909 112.243
      vertex 4.63806 -61.2909 111.806
    endloop
  endfacet
  facet normal -0.741503 -0 -0.67095
    outer loop
      vertex 4.24264 -61.2909 112.243
      vertex 4.63806 -63.7909 111.806
      vertex 4.24264 -63.7909 112.243
    endloop
  endfacet
  facet normal -0.146071 0 -0.989274
    outer loop
      vertex 0.588102 -63.7909 113.971
      vertex 1.17054 -61.2909 113.885
      vertex 1.17054 -63.7909 113.885
    endloop
  endfacet
  facet normal -0.146071 0 -0.989274
    outer loop
      vertex 1.17054 -61.2909 113.885
      vertex 0.588102 -63.7909 113.971
      vertex 0.588102 -61.2909 113.971
    endloop
  endfacet
  facet normal -0.242867 0 -0.97006
    outer loop
      vertex 1.17054 -63.7909 113.885
      vertex 1.74171 -61.2909 113.742
      vertex 1.74171 -63.7909 113.742
    endloop
  endfacet
  facet normal -0.242867 0 -0.97006
    outer loop
      vertex 1.74171 -61.2909 113.742
      vertex 1.17054 -63.7909 113.885
      vertex 1.17054 -61.2909 113.885
    endloop
  endfacet
  facet normal -0.671166 0 -0.741307
    outer loop
      vertex 3.80636 -63.7909 112.638
      vertex 4.24264 -61.2909 112.243
      vertex 4.24264 -63.7909 112.243
    endloop
  endfacet
  facet normal -0.671166 0 -0.741307
    outer loop
      vertex 4.24264 -61.2909 112.243
      vertex 3.80636 -63.7909 112.638
      vertex 3.80636 -61.2909 112.638
    endloop
  endfacet
  facet normal -0.595966 0 -0.803009
    outer loop
      vertex 3.33342 -63.7909 112.989
      vertex 3.80636 -61.2909 112.638
      vertex 3.80636 -63.7909 112.638
    endloop
  endfacet
  facet normal -0.595966 0 -0.803009
    outer loop
      vertex 3.80636 -61.2909 112.638
      vertex 3.33342 -63.7909 112.989
      vertex 3.33342 -61.2909 112.989
    endloop
  endfacet
  facet normal -0.426514 0 -0.904481
    outer loop
      vertex 2.2961 -63.7909 113.543
      vertex 2.82838 -61.2909 113.292
      vertex 2.82838 -63.7909 113.292
    endloop
  endfacet
  facet normal -0.426514 0 -0.904481
    outer loop
      vertex 2.82838 -61.2909 113.292
      vertex 2.2961 -63.7909 113.543
      vertex 2.2961 -61.2909 113.543
    endloop
  endfacet
  facet normal 0.0492513 0 -0.998786
    outer loop
      vertex -0.588102 -63.7909 113.971
      vertex 0 -61.2909 114
      vertex 0 -63.7909 114
    endloop
  endfacet
  facet normal 0.0492513 0 -0.998786
    outer loop
      vertex 0 -61.2909 114
      vertex -0.588102 -63.7909 113.971
      vertex -0.588102 -61.2909 113.971
    endloop
  endfacet
  facet normal 0.337847 0 -0.941201
    outer loop
      vertex -2.2961 -63.7909 113.543
      vertex -1.74171 -61.2909 113.742
      vertex -1.74171 -63.7909 113.742
    endloop
  endfacet
  facet normal 0.337847 0 -0.941201
    outer loop
      vertex -1.74171 -61.2909 113.742
      vertex -2.2961 -63.7909 113.543
      vertex -2.2961 -61.2909 113.543
    endloop
  endfacet
  facet normal 0.514466 0 -0.857511
    outer loop
      vertex -3.33342 -63.7909 112.989
      vertex -2.82838 -61.2909 113.292
      vertex -2.82838 -63.7909 113.292
    endloop
  endfacet
  facet normal 0.514466 0 -0.857511
    outer loop
      vertex -2.82838 -61.2909 113.292
      vertex -3.33342 -63.7909 112.989
      vertex -3.33342 -61.2909 112.989
    endloop
  endfacet
  facet normal 0.970014 0 -0.243047
    outer loop
      vertex -5.74164 -63.7909 109.742
      vertex -5.88471 -61.2909 109.171
      vertex -5.74164 -61.2909 109.742
    endloop
  endfacet
  facet normal 0.970014 0 -0.243047
    outer loop
      vertex -5.88471 -61.2909 109.171
      vertex -5.74164 -63.7909 109.742
      vertex -5.88471 -63.7909 109.171
    endloop
  endfacet
  facet normal 0.998795 0 -0.0490735
    outer loop
      vertex -5.97111 -63.7909 108.588
      vertex -6 -61.2909 108
      vertex -5.97111 -61.2909 108.588
    endloop
  endfacet
  facet normal 0.998795 0 -0.0490735
    outer loop
      vertex -6 -61.2909 108
      vertex -5.97111 -63.7909 108.588
      vertex -6 -63.7909 108
    endloop
  endfacet
  facet normal 0.803241 0 -0.595655
    outer loop
      vertex -4.63806 -63.7909 111.806
      vertex -4.98882 -61.2909 111.333
      vertex -4.63806 -61.2909 111.806
    endloop
  endfacet
  facet normal 0.803241 0 -0.595655
    outer loop
      vertex -4.98882 -61.2909 111.333
      vertex -4.63806 -63.7909 111.806
      vertex -4.98882 -63.7909 111.333
    endloop
  endfacet
  facet normal 0.903902 0 -0.427739
    outer loop
      vertex -5.29153 -63.7909 110.828
      vertex -5.54328 -61.2909 110.296
      vertex -5.29153 -61.2909 110.828
    endloop
  endfacet
  facet normal 0.903902 0 -0.427739
    outer loop
      vertex -5.54328 -61.2909 110.296
      vertex -5.29153 -63.7909 110.828
      vertex -5.54328 -63.7909 110.296
    endloop
  endfacet
  facet normal 0.741503 0 -0.67095
    outer loop
      vertex -4.24264 -63.7909 112.243
      vertex -4.63806 -61.2909 111.806
      vertex -4.24264 -61.2909 112.243
    endloop
  endfacet
  facet normal 0.741503 0 -0.67095
    outer loop
      vertex -4.63806 -61.2909 111.806
      vertex -4.24264 -63.7909 112.243
      vertex -4.63806 -63.7909 111.806
    endloop
  endfacet
  facet normal -0.989196 0 0.146598
    outer loop
      vertex 5.88471 -63.7909 106.829
      vertex 5.97111 -61.2909 107.412
      vertex 5.88471 -61.2909 106.829
    endloop
  endfacet
  facet normal -0.989196 0 0.146598
    outer loop
      vertex 5.97111 -61.2909 107.412
      vertex 5.88471 -63.7909 106.829
      vertex 5.97111 -63.7909 107.412
    endloop
  endfacet
  facet normal -0.146071 0 0.989274
    outer loop
      vertex 0.588102 -61.2909 102.029
      vertex 1.17054 -63.7909 102.115
      vertex 1.17054 -61.2909 102.115
    endloop
  endfacet
  facet normal -0.146071 0 0.989274
    outer loop
      vertex 1.17054 -63.7909 102.115
      vertex 0.588102 -61.2909 102.029
      vertex 0.588102 -63.7909 102.029
    endloop
  endfacet
  facet normal 0.989196 -0 0.146598
    outer loop
      vertex -5.97111 -63.7909 107.412
      vertex -5.88471 -61.2909 106.829
      vertex -5.97111 -61.2909 107.412
    endloop
  endfacet
  facet normal 0.989196 0 0.146598
    outer loop
      vertex -5.88471 -61.2909 106.829
      vertex -5.97111 -63.7909 107.412
      vertex -5.88471 -63.7909 106.829
    endloop
  endfacet
  facet normal -0.989196 0 -0.146598
    outer loop
      vertex 5.97111 -63.7909 108.588
      vertex 5.88471 -61.2909 109.171
      vertex 5.97111 -61.2909 108.588
    endloop
  endfacet
  facet normal -0.989196 -0 -0.146598
    outer loop
      vertex 5.88471 -61.2909 109.171
      vertex 5.97111 -63.7909 108.588
      vertex 5.88471 -63.7909 109.171
    endloop
  endfacet
  facet normal -0.803241 0 -0.595655
    outer loop
      vertex 4.98882 -63.7909 111.333
      vertex 4.63806 -61.2909 111.806
      vertex 4.98882 -61.2909 111.333
    endloop
  endfacet
  facet normal -0.803241 -0 -0.595655
    outer loop
      vertex 4.63806 -61.2909 111.806
      vertex 4.98882 -63.7909 111.333
      vertex 4.63806 -63.7909 111.806
    endloop
  endfacet
  facet normal -0.337847 0 -0.941201
    outer loop
      vertex 1.74171 -63.7909 113.742
      vertex 2.2961 -61.2909 113.543
      vertex 2.2961 -63.7909 113.543
    endloop
  endfacet
  facet normal -0.337847 0 -0.941201
    outer loop
      vertex 2.2961 -61.2909 113.543
      vertex 1.74171 -63.7909 113.742
      vertex 1.74171 -61.2909 113.742
    endloop
  endfacet
  facet normal -0.514466 0 -0.857511
    outer loop
      vertex 2.82838 -63.7909 113.292
      vertex 3.33342 -61.2909 112.989
      vertex 3.33342 -63.7909 112.989
    endloop
  endfacet
  facet normal -0.514466 0 -0.857511
    outer loop
      vertex 3.33342 -61.2909 112.989
      vertex 2.82838 -63.7909 113.292
      vertex 2.82838 -61.2909 113.292
    endloop
  endfacet
  facet normal 0.242867 0 -0.97006
    outer loop
      vertex -1.74171 -63.7909 113.742
      vertex -1.17054 -61.2909 113.885
      vertex -1.17054 -63.7909 113.885
    endloop
  endfacet
  facet normal 0.242867 0 -0.97006
    outer loop
      vertex -1.17054 -61.2909 113.885
      vertex -1.74171 -63.7909 113.742
      vertex -1.74171 -61.2909 113.742
    endloop
  endfacet
  facet normal 0.595966 0 -0.803009
    outer loop
      vertex -3.80636 -63.7909 112.638
      vertex -3.33342 -61.2909 112.989
      vertex -3.33342 -63.7909 112.989
    endloop
  endfacet
  facet normal 0.595966 0 -0.803009
    outer loop
      vertex -3.33342 -61.2909 112.989
      vertex -3.80636 -63.7909 112.638
      vertex -3.80636 -61.2909 112.638
    endloop
  endfacet
  facet normal 0.941471 0 -0.337094
    outer loop
      vertex -5.54328 -63.7909 110.296
      vertex -5.74164 -61.2909 109.742
      vertex -5.54328 -61.2909 110.296
    endloop
  endfacet
  facet normal 0.941471 0 -0.337094
    outer loop
      vertex -5.74164 -61.2909 109.742
      vertex -5.54328 -63.7909 110.296
      vertex -5.74164 -63.7909 109.742
    endloop
  endfacet
  facet normal 0.85771 0 -0.514134
    outer loop
      vertex -4.98882 -63.7909 111.333
      vertex -5.29153 -61.2909 110.828
      vertex -4.98882 -61.2909 111.333
    endloop
  endfacet
  facet normal 0.85771 0 -0.514134
    outer loop
      vertex -5.29153 -61.2909 110.828
      vertex -4.98882 -63.7909 111.333
      vertex -5.29153 -63.7909 110.828
    endloop
  endfacet
  facet normal -0.903902 0 -0.427739
    outer loop
      vertex 5.54328 -63.7909 110.296
      vertex 5.29153 -61.2909 110.828
      vertex 5.54328 -61.2909 110.296
    endloop
  endfacet
  facet normal -0.903902 -0 -0.427739
    outer loop
      vertex 5.29153 -61.2909 110.828
      vertex 5.54328 -63.7909 110.296
      vertex 5.29153 -63.7909 110.828
    endloop
  endfacet
  facet normal -0.85771 0 -0.514134
    outer loop
      vertex 5.29153 -63.7909 110.828
      vertex 4.98882 -61.2909 111.333
      vertex 5.29153 -61.2909 110.828
    endloop
  endfacet
  facet normal -0.85771 -0 -0.514134
    outer loop
      vertex 4.98882 -61.2909 111.333
      vertex 5.29153 -63.7909 110.828
      vertex 4.98882 -63.7909 111.333
    endloop
  endfacet
  facet normal 0 0 1
    outer loop
      vertex 75.0679 -17.7406 58
      vertex -74.3642 -20.55 58
      vertex 74.3642 -20.55 58
    endloop
  endfacet
  facet normal 0 0 1
    outer loop
      vertex -75.0679 -17.7406 58
      vertex 75.0679 -17.7406 58
      vertex 75.1157 -17.55 58
    endloop
  endfacet
  facet normal 0 0 1
    outer loop
      vertex 75.0679 -17.7406 58
      vertex -75.0679 -17.7406 58
      vertex -74.3642 -20.55 58
    endloop
  endfacet
  facet normal 0 -0 1
    outer loop
      vertex -75.0679 -17.7406 58
      vertex 75.1157 -17.55 58
      vertex -75.1157 -17.55 58
    endloop
  endfacet
  facet normal 0 0 -1
    outer loop
      vertex -73.1434 -20.55 3
      vertex 73.8949 -17.55 3
      vertex 73.1434 -20.55 3
    endloop
  endfacet
  facet normal -0 0 -1
    outer loop
      vertex 73.8949 -17.55 3
      vertex -73.1434 -20.55 3
      vertex -73.8949 -17.55 3
    endloop
  endfacet
  facet normal 0 -1 0
    outer loop
      vertex -74.3642 -20.55 58
      vertex -15 -20.55 56
      vertex 74.3642 -20.55 58
    endloop
  endfacet
  facet normal 0 -1 0
    outer loop
      vertex -74.3642 -20.55 58
      vertex -15 -20.55 22
      vertex -15 -20.55 56
    endloop
  endfacet
  facet normal 0 -1 -0
    outer loop
      vertex -15 -20.55 22
      vertex -73.1434 -20.55 3
      vertex 15 -20.55 22
    endloop
  endfacet
  facet normal 0 -1 0
    outer loop
      vertex -73.1434 -20.55 3
      vertex -15 -20.55 22
      vertex -74.3642 -20.55 58
    endloop
  endfacet
  facet normal 0 -1 0
    outer loop
      vertex 15 -20.55 56
      vertex 74.3642 -20.55 58
      vertex -15 -20.55 56
    endloop
  endfacet
  facet normal 0 -1 0
    outer loop
      vertex 15 -20.55 22
      vertex 74.3642 -20.55 58
      vertex 15 -20.55 56
    endloop
  endfacet
  facet normal 0 -1 0
    outer loop
      vertex 15 -20.55 22
      vertex 73.1434 -20.55 3
      vertex 74.3642 -20.55 58
    endloop
  endfacet
  facet normal 0 -1 0
    outer loop
      vertex 73.1434 -20.55 3
      vertex 15 -20.55 22
      vertex -73.1434 -20.55 3
    endloop
  endfacet
  facet normal 0 1 0
    outer loop
      vertex 75.1157 -17.55 58
      vertex 15 -17.55 56
      vertex -75.1157 -17.55 58
    endloop
  endfacet
  facet normal 0 1 -0
    outer loop
      vertex 75.0303 -17.55 54.1529
      vertex 15 -17.55 56
      vertex 75.1157 -17.55 58
    endloop
  endfacet
  facet normal 0 1 0
    outer loop
      vertex 75.0303 -17.55 54.1529
      vertex 15 -17.55 22
      vertex 15 -17.55 56
    endloop
  endfacet
  facet normal 0 1 0
    outer loop
      vertex 15 -17.55 22
      vertex 73.8949 -17.55 3
      vertex -15 -17.55 22
    endloop
  endfacet
  facet normal 0 1 -0
    outer loop
      vertex 73.8949 -17.55 3
      vertex 15 -17.55 22
      vertex 75.0303 -17.55 54.1529
    endloop
  endfacet
  facet normal 0 1 -0
    outer loop
      vertex -15 -17.55 56
      vertex -75.1157 -17.55 58
      vertex 15 -17.55 56
    endloop
  endfacet
  facet normal 0 1 0
    outer loop
      vertex -15 -17.55 56
      vertex -75.0303 -17.55 54.1529
      vertex -75.1157 -17.55 58
    endloop
  endfacet
  facet normal 0 1 -0
    outer loop
      vertex -15 -17.55 22
      vertex -75.0303 -17.55 54.1529
      vertex -15 -17.55 56
    endloop
  endfacet
  facet normal 0 1 0
    outer loop
      vertex -15 -17.55 22
      vertex -73.8949 -17.55 3
      vertex -75.0303 -17.55 54.1529
    endloop
  endfacet
  facet normal 0 1 0
    outer loop
      vertex -73.8949 -17.55 3
      vertex -15 -17.55 22
      vertex 73.8949 -17.55 3
    endloop
  endfacet
  facet normal -0 0 1
    outer loop
      vertex -74.4752 20.55 63
      vertex 75.1168 17.9884 63
      vertex 74.4752 20.55 63
    endloop
  endfacet
  facet normal 0 0 1
    outer loop
      vertex -75.1168 17.9884 63
      vertex 75.1168 17.9884 63
      vertex -74.4752 20.55 63
    endloop
  endfacet
  facet normal 0 0 1
    outer loop
      vertex 75.1168 17.9884 63
      vertex -75.1168 17.9884 63
      vertex 75.2266 17.55 63
    endloop
  endfacet
  facet normal 0 0 1
    outer loop
      vertex 75.2266 17.55 63
      vertex -75.1168 17.9884 63
      vertex -75.2266 17.55 63
    endloop
  endfacet
  facet normal 0 0 -1
    outer loop
      vertex 73.8949 17.55 3
      vertex -73.1434 20.55 3
      vertex 73.1434 20.55 3
    endloop
  endfacet
  facet normal 0 -0 -1
    outer loop
      vertex -73.1434 20.55 3
      vertex 73.8949 17.55 3
      vertex -73.8949 17.55 3
    endloop
  endfacet
  facet normal 0 -1 0
    outer loop
      vertex -75.2266 17.55 63
      vertex -15 17.55 56
      vertex 75.2266 17.55 63
    endloop
  endfacet
  facet normal 0 -1 0
    outer loop
      vertex -75.0303 17.55 54.1529
      vertex -15 17.55 56
      vertex -75.2266 17.55 63
    endloop
  endfacet
  facet normal 0 -1 0
    outer loop
      vertex -75.0303 17.55 54.1529
      vertex -15 17.55 22
      vertex -15 17.55 56
    endloop
  endfacet
  facet normal 0 -1 -0
    outer loop
      vertex -15 17.55 22
      vertex -73.8949 17.55 3
      vertex 15 17.55 22
    endloop
  endfacet
  facet normal 0 -1 0
    outer loop
      vertex -73.8949 17.55 3
      vertex -15 17.55 22
      vertex -75.0303 17.55 54.1529
    endloop
  endfacet
  facet normal 0 -1 0
    outer loop
      vertex 15 17.55 56
      vertex 75.2266 17.55 63
      vertex -15 17.55 56
    endloop
  endfacet
  facet normal 0 -1 0
    outer loop
      vertex 15 17.55 56
      vertex 75.0303 17.55 54.1529
      vertex 75.2266 17.55 63
    endloop
  endfacet
  facet normal 0 -1 0
    outer loop
      vertex 15 17.55 22
      vertex 75.0303 17.55 54.1529
      vertex 15 17.55 56
    endloop
  endfacet
  facet normal 0 -1 0
    outer loop
      vertex 15 17.55 22
      vertex 73.8949 17.55 3
      vertex 75.0303 17.55 54.1529
    endloop
  endfacet
  facet normal 0 -1 0
    outer loop
      vertex 73.8949 17.55 3
      vertex 15 17.55 22
      vertex -73.8949 17.55 3
    endloop
  endfacet
  facet normal 0 1 0
    outer loop
      vertex 74.4752 20.55 63
      vertex 15 20.55 56
      vertex -74.4752 20.55 63
    endloop
  endfacet
  facet normal 0 1 0
    outer loop
      vertex 74.4752 20.55 63
      vertex 15 20.55 22
      vertex 15 20.55 56
    endloop
  endfacet
  facet normal 0 1 0
    outer loop
      vertex 15 20.55 22
      vertex 73.1434 20.55 3
      vertex -15 20.55 22
    endloop
  endfacet
  facet normal 0 1 -0
    outer loop
      vertex 73.1434 20.55 3
      vertex 15 20.55 22
      vertex 74.4752 20.55 63
    endloop
  endfacet
  facet normal 0 1 -0
    outer loop
      vertex -15 20.55 56
      vertex -74.4752 20.55 63
      vertex 15 20.55 56
    endloop
  endfacet
  facet normal 0 1 -0
    outer loop
      vertex -15 20.55 22
      vertex -74.4752 20.55 63
      vertex -15 20.55 56
    endloop
  endfacet
  facet normal 0 1 0
    outer loop
      vertex -15 20.55 22
      vertex -73.1434 20.55 3
      vertex -74.4752 20.55 63
    endloop
  endfacet
  facet normal 0 1 0
    outer loop
      vertex -73.1434 20.55 3
      vertex -15 20.55 22
      vertex 73.1434 20.55 3
    endloop
  endfacet
  facet normal 0 0 1
    outer loop
      vertex 57.9148 50.791 53
      vertex 60.2928 48 53
      vertex 59.61 48.9207 53
    endloop
  endfacet
  facet normal 0 0 1
    outer loop
      vertex 57.7254 51 53
      vertex 60.2928 48 53
      vertex 57.9148 50.791 53
    endloop
  endfacet
  facet normal -0 0 1
    outer loop
      vertex -57.7254 51 53
      vertex 60.2928 48 53
      vertex 57.7254 51 53
    endloop
  endfacet
  facet normal -0 0 1
    outer loop
      vertex -57.9148 50.791 53
      vertex 60.2928 48 53
      vertex -57.7254 51 53
    endloop
  endfacet
  facet normal 0 0 1
    outer loop
      vertex -60.2928 48 53
      vertex -57.9148 50.791 53
      vertex -59.61 48.9207 53
    endloop
  endfacet
  facet normal 0 0 1
    outer loop
      vertex -57.9148 50.791 53
      vertex -60.2928 48 53
      vertex 60.2928 48 53
    endloop
  endfacet
  facet normal 0 1 -0
    outer loop
      vertex 56.2724 51 3
      vertex -57.7254 51 53
      vertex 57.7254 51 53
    endloop
  endfacet
  facet normal 0 1 0
    outer loop
      vertex -57.7254 51 53
      vertex 56.2724 51 3
      vertex -56.2724 51 3
    endloop
  endfacet
  facet normal 0 0 -1
    outer loop
      vertex 58.9525 48 3
      vertex 58.6512 48.3754 3
      vertex 58.7768 48.2369 3
    endloop
  endfacet
  facet normal 0 0 -1
    outer loop
      vertex 58.9525 48 3
      vertex 56.2724 51 3
      vertex 58.6512 48.3754 3
    endloop
  endfacet
  facet normal 0 0 -1
    outer loop
      vertex 58.9525 48 3
      vertex -56.2724 51 3
      vertex 56.2724 51 3
    endloop
  endfacet
  facet normal 0 0 -1
    outer loop
      vertex -58.9525 48 3
      vertex -56.2724 51 3
      vertex 58.9525 48 3
    endloop
  endfacet
  facet normal 0 0 -1
    outer loop
      vertex -56.2724 51 3
      vertex -58.9525 48 3
      vertex -58.6512 48.3754 3
    endloop
  endfacet
  facet normal 0 0 -1
    outer loop
      vertex -58.6512 48.3754 3
      vertex -58.9525 48 3
      vertex -58.7768 48.2369 3
    endloop
  endfacet
  facet normal 0 -1 0
    outer loop
      vertex -58.9525 48 3
      vertex 60.2928 48 53
      vertex -60.2928 48 53
    endloop
  endfacet
  facet normal 0 -1 0
    outer loop
      vertex 60.2928 48 53
      vertex -58.9525 48 3
      vertex 58.9525 48 3
    endloop
  endfacet
  facet normal -1 0 0
    outer loop
      vertex -29 -65 21
      vertex -29 -55.0606 61
      vertex -29 -55.0606 21
    endloop
  endfacet
  facet normal -1 -0 0
    outer loop
      vertex -29 -55.0606 61
      vertex -29 -65 21
      vertex -29 -65 61
    endloop
  endfacet
  facet normal -0 0 1
    outer loop
      vertex 26 -55.0606 61
      vertex 29 -65 61
      vertex 29 -55.0606 61
    endloop
  endfacet
  facet normal 0 0 1
    outer loop
      vertex 29 -65 61
      vertex 26 -55.0606 61
      vertex 26 -65 61
    endloop
  endfacet
  facet normal -0 0 1
    outer loop
      vertex -29 -55.0606 61
      vertex -26 -65 61
      vertex -26 -55.0606 61
    endloop
  endfacet
  facet normal 0 0 1
    outer loop
      vertex -26 -65 61
      vertex -29 -55.0606 61
      vertex -29 -65 61
    endloop
  endfacet
  facet normal 1 -0 0
    outer loop
      vertex 29 -65 61
      vertex 29 -55.0606 21
      vertex 29 -55.0606 61
    endloop
  endfacet
  facet normal 1 0 0
    outer loop
      vertex 29 -55.0606 21
      vertex 29 -65 61
      vertex 29 -65 21
    endloop
  endfacet
  facet normal 0 1 0
    outer loop
      vertex 29 -55.0606 61
      vertex 26 -55.0606 50
      vertex 26 -55.0606 61
    endloop
  endfacet
  facet normal 0 1 0
    outer loop
      vertex 26 -55.0606 50
      vertex 29 -55.0606 21
      vertex -26 -55.0606 50
    endloop
  endfacet
  facet normal 0 1 -0
    outer loop
      vertex 29 -55.0606 21
      vertex 26 -55.0606 50
      vertex 29 -55.0606 61
    endloop
  endfacet
  facet normal 0 1 -0
    outer loop
      vertex -26 -55.0606 50
      vertex -29 -55.0606 61
      vertex -26 -55.0606 61
    endloop
  endfacet
  facet normal 0 1 0
    outer loop
      vertex -26 -55.0606 50
      vertex -29 -55.0606 21
      vertex -29 -55.0606 61
    endloop
  endfacet
  facet normal 0 1 0
    outer loop
      vertex -29 -55.0606 21
      vertex -26 -55.0606 50
      vertex 29 -55.0606 21
    endloop
  endfacet
  facet normal 0 0 -1
    outer loop
      vertex -29 -65 21
      vertex 29 -55.0606 21
      vertex 29 -65 21
    endloop
  endfacet
  facet normal -0 0 -1
    outer loop
      vertex 29 -55.0606 21
      vertex -29 -65 21
      vertex -29 -55.0606 21
    endloop
  endfacet
  facet normal -0.857734 0 0.514093
    outer loop
      vertex 21.0362 -65 35.9441
      vertex 22.3126 -56.0606 38.0737
      vertex 21.0362 -56.0606 35.9441
    endloop
  endfacet
  facet normal -0.857734 0 0.514093
    outer loop
      vertex 22.3126 -56.0606 38.0737
      vertex 21.0362 -65 35.9441
      vertex 22.3126 -65 38.0737
    endloop
  endfacet
  facet normal -0.336876 0 0.941549
    outer loop
      vertex 7.3442 -56.0606 25.7894
      vertex 9.68189 -65 26.6258
      vertex 9.68189 -56.0606 26.6258
    endloop
  endfacet
  facet normal -0.336876 0 0.941549
    outer loop
      vertex 9.68189 -65 26.6258
      vertex 7.3442 -56.0606 25.7894
      vertex 7.3442 -65 25.7894
    endloop
  endfacet
  facet normal 0.427579 0 0.903978
    outer loop
      vertex -11.9263 -56.0606 27.6874
      vertex -9.68189 -65 26.6258
      vertex -9.68189 -56.0606 26.6258
    endloop
  endfacet
  facet normal 0.427579 0 0.903978
    outer loop
      vertex -9.68189 -65 26.6258
      vertex -11.9263 -56.0606 27.6874
      vertex -11.9263 -65 27.6874
    endloop
  endfacet
  facet normal 0.941549 -0 0.336875
    outer loop
      vertex -24.2106 -65 42.6558
      vertex -23.3742 -56.0606 40.3181
      vertex -24.2106 -56.0606 42.6558
    endloop
  endfacet
  facet normal 0.941549 0 0.336875
    outer loop
      vertex -23.3742 -56.0606 40.3181
      vertex -24.2106 -65 42.6558
      vertex -23.3742 -65 40.3181
    endloop
  endfacet
  facet normal -0.514093 0 0.857734
    outer loop
      vertex 11.9263 -56.0606 27.6874
      vertex 14.0559 -65 28.9638
      vertex 14.0559 -56.0606 28.9638
    endloop
  endfacet
  facet normal -0.514093 0 0.857734
    outer loop
      vertex 14.0559 -65 28.9638
      vertex 11.9263 -56.0606 27.6874
      vertex 11.9263 -65 27.6874
    endloop
  endfacet
  facet normal 0.803222 -0 0.59568
    outer loop
      vertex -21.0362 -65 35.9441
      vertex -19.5572 -56.0606 33.9498
      vertex -21.0362 -56.0606 35.9441
    endloop
  endfacet
  facet normal 0.803222 0 0.59568
    outer loop
      vertex -19.5572 -56.0606 33.9498
      vertex -21.0362 -65 35.9441
      vertex -19.5572 -65 33.9498
    endloop
  endfacet
  facet normal 0.242989 0 0.970029
    outer loop
      vertex -7.3442 -56.0606 25.7894
      vertex -4.93578 -65 25.1861
      vertex -4.93578 -56.0606 25.1861
    endloop
  endfacet
  facet normal 0.242989 0 0.970029
    outer loop
      vertex -4.93578 -65 25.1861
      vertex -7.3442 -56.0606 25.7894
      vertex -7.3442 -65 25.7894
    endloop
  endfacet
  facet normal -0.803222 0 0.59568
    outer loop
      vertex 19.5572 -65 33.9498
      vertex 21.0362 -56.0606 35.9441
      vertex 19.5572 -56.0606 33.9498
    endloop
  endfacet
  facet normal -0.803222 0 0.59568
    outer loop
      vertex 21.0362 -56.0606 35.9441
      vertex 19.5572 -65 33.9498
      vertex 21.0362 -65 35.9441
    endloop
  endfacet
  facet normal -0.671557 0 0.740953
    outer loop
      vertex 16.0501 -56.0606 30.4428
      vertex 17.8898 -65 32.1102
      vertex 17.8898 -56.0606 32.1102
    endloop
  endfacet
  facet normal -0.671557 0 0.740953
    outer loop
      vertex 17.8898 -65 32.1102
      vertex 16.0501 -56.0606 30.4428
      vertex 16.0501 -65 30.4428
    endloop
  endfacet
  facet normal 0.0490571 0 0.998796
    outer loop
      vertex -2.47983 -56.0606 24.8218
      vertex 0 -65 24.7
      vertex 0 -56.0606 24.7
    endloop
  endfacet
  facet normal 0.0490571 0 0.998796
    outer loop
      vertex 0 -65 24.7
      vertex -2.47983 -56.0606 24.8218
      vertex -2.47983 -65 24.8218
    endloop
  endfacet
  facet normal -0.242989 0 0.970029
    outer loop
      vertex 4.93578 -56.0606 25.1861
      vertex 7.3442 -65 25.7894
      vertex 7.3442 -56.0606 25.7894
    endloop
  endfacet
  facet normal -0.242989 0 0.970029
    outer loop
      vertex 7.3442 -65 25.7894
      vertex 4.93578 -56.0606 25.1861
      vertex 4.93578 -65 25.1861
    endloop
  endfacet
  facet normal -0.146728 0 0.989177
    outer loop
      vertex 2.47983 -56.0606 24.8218
      vertex 4.93578 -65 25.1861
      vertex 4.93578 -56.0606 25.1861
    endloop
  endfacet
  facet normal -0.146728 0 0.989177
    outer loop
      vertex 4.93578 -65 25.1861
      vertex 2.47983 -56.0606 24.8218
      vertex 2.47983 -65 24.8218
    endloop
  endfacet
  facet normal -0.427579 0 0.903978
    outer loop
      vertex 9.68189 -56.0606 26.6258
      vertex 11.9263 -65 27.6874
      vertex 11.9263 -56.0606 27.6874
    endloop
  endfacet
  facet normal -0.427579 0 0.903978
    outer loop
      vertex 11.9263 -65 27.6874
      vertex 9.68189 -56.0606 26.6258
      vertex 9.68189 -65 26.6258
    endloop
  endfacet
  facet normal -0.595699 0 0.803207
    outer loop
      vertex 14.0559 -56.0606 28.9638
      vertex 16.0501 -65 30.4428
      vertex 16.0501 -56.0606 30.4428
    endloop
  endfacet
  facet normal -0.595699 0 0.803207
    outer loop
      vertex 16.0501 -65 30.4428
      vertex 14.0559 -56.0606 28.9638
      vertex 14.0559 -65 28.9638
    endloop
  endfacet
  facet normal 0.998796 -0 0.0490577
    outer loop
      vertex -25.3 -65 50
      vertex -25.1782 -56.0606 47.5202
      vertex -25.3 -56.0606 50
    endloop
  endfacet
  facet normal 0.998796 0 0.0490577
    outer loop
      vertex -25.1782 -56.0606 47.5202
      vertex -25.3 -65 50
      vertex -25.1782 -65 47.5202
    endloop
  endfacet
  facet normal 0.970029 -0 0.24299
    outer loop
      vertex -24.8139 -65 45.0642
      vertex -24.2106 -56.0606 42.6558
      vertex -24.8139 -56.0606 45.0642
    endloop
  endfacet
  facet normal 0.970029 0 0.24299
    outer loop
      vertex -24.2106 -56.0606 42.6558
      vertex -24.8139 -65 45.0642
      vertex -24.2106 -65 42.6558
    endloop
  endfacet
  facet normal 0.903977 -0 0.427581
    outer loop
      vertex -23.3742 -65 40.3181
      vertex -22.3126 -56.0606 38.0737
      vertex -23.3742 -56.0606 40.3181
    endloop
  endfacet
  facet normal 0.903977 0 0.427581
    outer loop
      vertex -22.3126 -56.0606 38.0737
      vertex -23.3742 -65 40.3181
      vertex -22.3126 -65 38.0737
    endloop
  endfacet
  facet normal 0.857734 -0 0.514093
    outer loop
      vertex -22.3126 -65 38.0737
      vertex -21.0362 -56.0606 35.9441
      vertex -22.3126 -56.0606 38.0737
    endloop
  endfacet
  facet normal 0.857734 0 0.514093
    outer loop
      vertex -21.0362 -56.0606 35.9441
      vertex -22.3126 -65 38.0737
      vertex -21.0362 -65 35.9441
    endloop
  endfacet
  facet normal 0.336876 0 0.941549
    outer loop
      vertex -9.68189 -56.0606 26.6258
      vertex -7.3442 -65 25.7894
      vertex -7.3442 -56.0606 25.7894
    endloop
  endfacet
  facet normal 0.336876 0 0.941549
    outer loop
      vertex -7.3442 -65 25.7894
      vertex -9.68189 -56.0606 26.6258
      vertex -9.68189 -65 26.6258
    endloop
  endfacet
  facet normal 0.146728 0 0.989177
    outer loop
      vertex -4.93578 -56.0606 25.1861
      vertex -2.47983 -65 24.8218
      vertex -2.47983 -56.0606 24.8218
    endloop
  endfacet
  facet normal 0.146728 0 0.989177
    outer loop
      vertex -2.47983 -65 24.8218
      vertex -4.93578 -56.0606 25.1861
      vertex -4.93578 -65 25.1861
    endloop
  endfacet
  facet normal 0.595699 0 0.803207
    outer loop
      vertex -16.0501 -56.0606 30.4428
      vertex -14.0559 -65 28.9638
      vertex -14.0559 -56.0606 28.9638
    endloop
  endfacet
  facet normal 0.595699 0 0.803207
    outer loop
      vertex -14.0559 -65 28.9638
      vertex -16.0501 -56.0606 30.4428
      vertex -16.0501 -65 30.4428
    endloop
  endfacet
  facet normal 0.671557 0 0.740953
    outer loop
      vertex -17.8898 -56.0606 32.1102
      vertex -16.0501 -65 30.4428
      vertex -16.0501 -56.0606 30.4428
    endloop
  endfacet
  facet normal 0.671557 0 0.740953
    outer loop
      vertex -16.0501 -65 30.4428
      vertex -17.8898 -56.0606 32.1102
      vertex -17.8898 -65 32.1102
    endloop
  endfacet
  facet normal 0.514093 0 0.857734
    outer loop
      vertex -14.0559 -56.0606 28.9638
      vertex -11.9263 -65 27.6874
      vertex -11.9263 -56.0606 27.6874
    endloop
  endfacet
  facet normal 0.514093 0 0.857734
    outer loop
      vertex -11.9263 -65 27.6874
      vertex -14.0559 -56.0606 28.9638
      vertex -14.0559 -65 28.9638
    endloop
  endfacet
  facet normal 0.740934 -0 0.671577
    outer loop
      vertex -19.5572 -65 33.9498
      vertex -17.8898 -56.0606 32.1102
      vertex -19.5572 -56.0606 33.9498
    endloop
  endfacet
  facet normal 0.740934 0 0.671577
    outer loop
      vertex -17.8898 -56.0606 32.1102
      vertex -19.5572 -65 33.9498
      vertex -17.8898 -65 32.1102
    endloop
  endfacet
  facet normal -0.998796 0 0.0490577
    outer loop
      vertex 25.1782 -65 47.5202
      vertex 25.3 -56.0606 50
      vertex 25.1782 -56.0606 47.5202
    endloop
  endfacet
  facet normal -0.998796 0 0.0490577
    outer loop
      vertex 25.3 -56.0606 50
      vertex 25.1782 -65 47.5202
      vertex 25.3 -65 50
    endloop
  endfacet
  facet normal -0.903977 0 0.427581
    outer loop
      vertex 22.3126 -65 38.0737
      vertex 23.3742 -56.0606 40.3181
      vertex 22.3126 -56.0606 38.0737
    endloop
  endfacet
  facet normal -0.903977 0 0.427581
    outer loop
      vertex 23.3742 -56.0606 40.3181
      vertex 22.3126 -65 38.0737
      vertex 23.3742 -65 40.3181
    endloop
  endfacet
  facet normal -0.941549 0 0.336875
    outer loop
      vertex 23.3742 -65 40.3181
      vertex 24.2106 -56.0606 42.6558
      vertex 23.3742 -56.0606 40.3181
    endloop
  endfacet
  facet normal -0.941549 0 0.336875
    outer loop
      vertex 24.2106 -56.0606 42.6558
      vertex 23.3742 -65 40.3181
      vertex 24.2106 -65 42.6558
    endloop
  endfacet
  facet normal -0.970029 0 0.24299
    outer loop
      vertex 24.2106 -65 42.6558
      vertex 24.8139 -56.0606 45.0642
      vertex 24.2106 -56.0606 42.6558
    endloop
  endfacet
  facet normal -0.970029 0 0.24299
    outer loop
      vertex 24.8139 -56.0606 45.0642
      vertex 24.2106 -65 42.6558
      vertex 24.8139 -65 45.0642
    endloop
  endfacet
  facet normal -0.740934 0 0.671577
    outer loop
      vertex 17.8898 -65 32.1102
      vertex 19.5572 -56.0606 33.9498
      vertex 17.8898 -56.0606 32.1102
    endloop
  endfacet
  facet normal -0.740934 0 0.671577
    outer loop
      vertex 19.5572 -56.0606 33.9498
      vertex 17.8898 -65 32.1102
      vertex 19.5572 -65 33.9498
    endloop
  endfacet
  facet normal -0.0490571 0 0.998796
    outer loop
      vertex 0 -56.0606 24.7
      vertex 2.47983 -65 24.8218
      vertex 2.47983 -56.0606 24.8218
    endloop
  endfacet
  facet normal -0.0490571 0 0.998796
    outer loop
      vertex 2.47983 -65 24.8218
      vertex 0 -56.0606 24.7
      vertex 0 -65 24.7
    endloop
  endfacet
  facet normal 0 -1 0
    outer loop
      vertex -25.1782 -56.0606 47.5202
      vertex 25.3 -56.0606 50
      vertex -25.3 -56.0606 50
    endloop
  endfacet
  facet normal 0 -1 0
    outer loop
      vertex -25.1782 -56.0606 47.5202
      vertex 25.1782 -56.0606 47.5202
      vertex 25.3 -56.0606 50
    endloop
  endfacet
  facet normal 0 -1 0
    outer loop
      vertex -24.8139 -56.0606 45.0642
      vertex 25.1782 -56.0606 47.5202
      vertex -25.1782 -56.0606 47.5202
    endloop
  endfacet
  facet normal 0 -1 0
    outer loop
      vertex -24.8139 -56.0606 45.0642
      vertex 24.8139 -56.0606 45.0642
      vertex 25.1782 -56.0606 47.5202
    endloop
  endfacet
  facet normal 0 -1 0
    outer loop
      vertex -24.2106 -56.0606 42.6558
      vertex 24.8139 -56.0606 45.0642
      vertex -24.8139 -56.0606 45.0642
    endloop
  endfacet
  facet normal 0 -1 0
    outer loop
      vertex -24.2106 -56.0606 42.6558
      vertex 24.2106 -56.0606 42.6558
      vertex 24.8139 -56.0606 45.0642
    endloop
  endfacet
  facet normal 0 -1 0
    outer loop
      vertex -23.3742 -56.0606 40.3181
      vertex 24.2106 -56.0606 42.6558
      vertex -24.2106 -56.0606 42.6558
    endloop
  endfacet
  facet normal 0 -1 0
    outer loop
      vertex -23.3742 -56.0606 40.3181
      vertex 23.3742 -56.0606 40.3181
      vertex 24.2106 -56.0606 42.6558
    endloop
  endfacet
  facet normal 0 -1 0
    outer loop
      vertex -22.3126 -56.0606 38.0737
      vertex 23.3742 -56.0606 40.3181
      vertex -23.3742 -56.0606 40.3181
    endloop
  endfacet
  facet normal 0 -1 0
    outer loop
      vertex -22.3126 -56.0606 38.0737
      vertex 22.3126 -56.0606 38.0737
      vertex 23.3742 -56.0606 40.3181
    endloop
  endfacet
  facet normal 0 -1 0
    outer loop
      vertex -21.0362 -56.0606 35.9441
      vertex 22.3126 -56.0606 38.0737
      vertex -22.3126 -56.0606 38.0737
    endloop
  endfacet
  facet normal 0 -1 0
    outer loop
      vertex -21.0362 -56.0606 35.9441
      vertex 21.0362 -56.0606 35.9441
      vertex 22.3126 -56.0606 38.0737
    endloop
  endfacet
  facet normal 0 -1 0
    outer loop
      vertex -19.5572 -56.0606 33.9498
      vertex 21.0362 -56.0606 35.9441
      vertex -21.0362 -56.0606 35.9441
    endloop
  endfacet
  facet normal 0 -1 0
    outer loop
      vertex -19.5572 -56.0606 33.9498
      vertex 19.5572 -56.0606 33.9498
      vertex 21.0362 -56.0606 35.9441
    endloop
  endfacet
  facet normal 0 -1 0
    outer loop
      vertex -17.8898 -56.0606 32.1102
      vertex 19.5572 -56.0606 33.9498
      vertex -19.5572 -56.0606 33.9498
    endloop
  endfacet
  facet normal 0 -1 0
    outer loop
      vertex -17.8898 -56.0606 32.1102
      vertex 17.8898 -56.0606 32.1102
      vertex 19.5572 -56.0606 33.9498
    endloop
  endfacet
  facet normal 0 -1 0
    outer loop
      vertex -16.0501 -56.0606 30.4428
      vertex 17.8898 -56.0606 32.1102
      vertex -17.8898 -56.0606 32.1102
    endloop
  endfacet
  facet normal 0 -1 0
    outer loop
      vertex -16.0501 -56.0606 30.4428
      vertex 16.0501 -56.0606 30.4428
      vertex 17.8898 -56.0606 32.1102
    endloop
  endfacet
  facet normal 0 -1 0
    outer loop
      vertex -14.0559 -56.0606 28.9638
      vertex 16.0501 -56.0606 30.4428
      vertex -16.0501 -56.0606 30.4428
    endloop
  endfacet
  facet normal 0 -1 0
    outer loop
      vertex -14.0559 -56.0606 28.9638
      vertex 14.0559 -56.0606 28.9638
      vertex 16.0501 -56.0606 30.4428
    endloop
  endfacet
  facet normal 0 -1 0
    outer loop
      vertex -11.9263 -56.0606 27.6874
      vertex 14.0559 -56.0606 28.9638
      vertex -14.0559 -56.0606 28.9638
    endloop
  endfacet
  facet normal 0 -1 0
    outer loop
      vertex -11.9263 -56.0606 27.6874
      vertex 11.9263 -56.0606 27.6874
      vertex 14.0559 -56.0606 28.9638
    endloop
  endfacet
  facet normal 0 -1 0
    outer loop
      vertex -9.68189 -56.0606 26.6258
      vertex 11.9263 -56.0606 27.6874
      vertex -11.9263 -56.0606 27.6874
    endloop
  endfacet
  facet normal 0 -1 0
    outer loop
      vertex -9.68189 -56.0606 26.6258
      vertex 9.68189 -56.0606 26.6258
      vertex 11.9263 -56.0606 27.6874
    endloop
  endfacet
  facet normal 0 -1 0
    outer loop
      vertex -7.3442 -56.0606 25.7894
      vertex 9.68189 -56.0606 26.6258
      vertex -9.68189 -56.0606 26.6258
    endloop
  endfacet
  facet normal 0 -1 0
    outer loop
      vertex -7.3442 -56.0606 25.7894
      vertex 7.3442 -56.0606 25.7894
      vertex 9.68189 -56.0606 26.6258
    endloop
  endfacet
  facet normal 0 -1 0
    outer loop
      vertex -4.93578 -56.0606 25.1861
      vertex 7.3442 -56.0606 25.7894
      vertex -7.3442 -56.0606 25.7894
    endloop
  endfacet
  facet normal 0 -1 0
    outer loop
      vertex -4.93578 -56.0606 25.1861
      vertex 4.93578 -56.0606 25.1861
      vertex 7.3442 -56.0606 25.7894
    endloop
  endfacet
  facet normal 0 -1 0
    outer loop
      vertex -2.47983 -56.0606 24.8218
      vertex 4.93578 -56.0606 25.1861
      vertex -4.93578 -56.0606 25.1861
    endloop
  endfacet
  facet normal 0 -1 0
    outer loop
      vertex -2.47983 -56.0606 24.8218
      vertex 2.47983 -56.0606 24.8218
      vertex 4.93578 -56.0606 25.1861
    endloop
  endfacet
  facet normal -0 -1 0
    outer loop
      vertex 2.47983 -56.0606 24.8218
      vertex -2.47983 -56.0606 24.8218
      vertex 0 -56.0606 24.7
    endloop
  endfacet
  facet normal 0.989177 -0 0.146725
    outer loop
      vertex -25.1782 -65 47.5202
      vertex -24.8139 -56.0606 45.0642
      vertex -25.1782 -56.0606 47.5202
    endloop
  endfacet
  facet normal 0.989177 0 0.146725
    outer loop
      vertex -24.8139 -56.0606 45.0642
      vertex -25.1782 -65 47.5202
      vertex -24.8139 -65 45.0642
    endloop
  endfacet
  facet normal -0.989177 0 0.146725
    outer loop
      vertex 24.8139 -65 45.0642
      vertex 25.1782 -56.0606 47.5202
      vertex 24.8139 -56.0606 45.0642
    endloop
  endfacet
  facet normal -0.989177 0 0.146725
    outer loop
      vertex 25.1782 -56.0606 47.5202
      vertex 24.8139 -65 45.0642
      vertex 25.1782 -65 47.5202
    endloop
  endfacet
  facet normal 1 -0 0
    outer loop
      vertex -26 -65 61
      vertex -26 -55.0606 50
      vertex -26 -55.0606 61
    endloop
  endfacet
  facet normal 1 0 0
    outer loop
      vertex -26 -55.0606 50
      vertex -26 -65 61
      vertex -26 -65 50
    endloop
  endfacet
  facet normal -1 0 0
    outer loop
      vertex 26 -65 50
      vertex 26 -55.0606 61
      vertex 26 -55.0606 50
    endloop
  endfacet
  facet normal -1 -0 0
    outer loop
      vertex 26 -55.0606 61
      vertex 26 -65 50
      vertex 26 -65 61
    endloop
  endfacet
  facet normal 0 0 1
    outer loop
      vertex 26 -55.0606 50
      vertex 25.3 -56.0606 50
      vertex 26 -65 50
    endloop
  endfacet
  facet normal 0 0 1
    outer loop
      vertex 26 -55.0606 50
      vertex -25.3 -56.0606 50
      vertex 25.3 -56.0606 50
    endloop
  endfacet
  facet normal -0 0 1
    outer loop
      vertex -26 -55.0606 50
      vertex -25.3 -56.0606 50
      vertex 26 -55.0606 50
    endloop
  endfacet
  facet normal 0 0 1
    outer loop
      vertex -26 -65 50
      vertex -25.3 -56.0606 50
      vertex -26 -55.0606 50
    endloop
  endfacet
  facet normal 0 0 1
    outer loop
      vertex -25.3 -56.0606 50
      vertex -26 -65 50
      vertex -25.3 -65 50
    endloop
  endfacet
  facet normal 0 0 1
    outer loop
      vertex 26 -65 50
      vertex 25.3 -56.0606 50
      vertex 25.3 -65 50
    endloop
  endfacet
  facet normal 0 -0.0492512 -0.998786
    outer loop
      vertex -79.0973 0 145
      vertex -81.9872 1.76431 144.913
      vertex -79.0088 1.76431 144.913
    endloop
  endfacet
  facet normal 0 -0.0492512 -0.998786
    outer loop
      vertex -81.9872 1.76431 144.913
      vertex -79.0973 0 145
      vertex -82.0758 0 145
    endloop
  endfacet
  facet normal 0 -0.740982 -0.671525
    outer loop
      vertex -80.669 13.9142 138.419
      vertex -77.8637 12.7279 139.728
      vertex -80.8729 12.7279 139.728
    endloop
  endfacet
  facet normal 0 -0.740982 -0.671525
    outer loop
      vertex -77.8637 12.7279 139.728
      vertex -80.669 13.9142 138.419
      vertex -77.6592 13.9142 138.419
    endloop
  endfacet
  facet normal 0 -0.941532 -0.336925
    outer loop
      vertex -79.9159 17.2249 132.225
      vertex -77.0306 16.6298 133.888
      vertex -80.1013 16.6298 133.888
    endloop
  endfacet
  facet normal 0 -0.941532 -0.336925
    outer loop
      vertex -77.0306 16.6298 133.888
      vertex -79.9159 17.2249 132.225
      vertex -76.8446 17.2249 132.225
    endloop
  endfacet
  facet normal 0 -0.336842 0.941561
    outer loop
      vertex -81.0028 6.8883 110.37
      vertex -78.0813 5.22512 109.775
      vertex -78.0124 6.8883 110.37
    endloop
  endfacet
  facet normal -0.000127575 -0.337041 0.94149
    outer loop
      vertex -81.0653 5.38268 109.831
      vertex -78.0813 5.22512 109.775
      vertex -81.0028 6.8883 110.37
    endloop
  endfacet
  facet normal 0 -0.334896 0.942255
    outer loop
      vertex -78.0813 5.22512 109.775
      vertex -81.0653 5.38268 109.831
      vertex -81.0719 5.22512 109.775
    endloop
  endfacet
  facet normal 0 -0.741227 0.671255
    outer loop
      vertex -80.2221 13.5746 115.206
      vertex -77.1621 13.9142 115.581
      vertex -80.1798 13.9142 115.581
    endloop
  endfacet
  facet normal 0 -0.740883 0.671634
    outer loop
      vertex -77.3096 12.7279 114.272
      vertex -80.2221 13.5746 115.206
      vertex -80.3277 12.7279 114.272
    endloop
  endfacet
  facet normal -6.11694e-05 -0.740978 0.671529
    outer loop
      vertex -80.2221 13.5746 115.206
      vertex -77.3096 12.7279 114.272
      vertex -77.1621 13.9142 115.581
    endloop
  endfacet
  facet normal 0 -0.970016 0.243042
    outer loop
      vertex -76.6126 17.2249 121.775
      vertex -79.6176 17.6541 123.488
      vertex -79.6877 17.2249 121.775
    endloop
  endfacet
  facet normal 0 -0.970016 0.243042
    outer loop
      vertex -79.6176 17.6541 123.488
      vertex -76.6126 17.2249 121.775
      vertex -76.5432 17.6541 123.488
    endloop
  endfacet
  facet normal 0 -0.998794 0.0490904
    outer loop
      vertex -79.5908 17.9133 125.236
      vertex -76.5345 18 127
      vertex -79.6076 18 127
    endloop
  endfacet
  facet normal 0 -0.998794 0.0490904
    outer loop
      vertex -76.5345 18 127
      vertex -79.5908 17.9133 125.236
      vertex -76.517 17.9133 125.236
    endloop
  endfacet
  facet normal 0 -0.941532 0.336925
    outer loop
      vertex -76.7248 16.6298 120.112
      vertex -79.6877 17.2249 121.775
      vertex -79.8004 16.6298 120.112
    endloop
  endfacet
  facet normal 0 -0.941532 0.336925
    outer loop
      vertex -79.6877 17.2249 121.775
      vertex -76.7248 16.6298 120.112
      vertex -76.6126 17.2249 121.775
    endloop
  endfacet
  facet normal 0 -0.514647 -0.857402
    outer loop
      vertex -81.5697 8.48514 142.875
      vertex -78.5145 8.77669 142.7
      vertex -78.5615 8.48514 142.875
    endloop
  endfacet
  facet normal 0 -0.51441 -0.857544
    outer loop
      vertex -78.5145 8.77669 142.7
      vertex -81.3255 10.0003 141.966
      vertex -78.317 10.0003 141.966
    endloop
  endfacet
  facet normal -2.52199e-05 -0.514453 -0.857519
    outer loop
      vertex -78.5145 8.77669 142.7
      vertex -81.5697 8.48514 142.875
      vertex -81.3255 10.0003 141.966
    endloop
  endfacet
  facet normal 0 -0.595607 -0.803276
    outer loop
      vertex -78.317 10.0003 141.966
      vertex -81.0925 11.4191 140.914
      vertex -78.0837 11.4191 140.914
    endloop
  endfacet
  facet normal 0 -0.595607 -0.803276
    outer loop
      vertex -81.0925 11.4191 140.914
      vertex -78.317 10.0003 141.966
      vertex -81.3255 10.0003 141.966
    endloop
  endfacet
  facet normal 0 0.146625 -0.989192
    outer loop
      vertex -81.8959 -3.51163 144.654
      vertex -79.0088 -1.76431 144.913
      vertex -78.9173 -3.51163 144.654
    endloop
  endfacet
  facet normal 0 0.146625 -0.989192
    outer loop
      vertex -79.0088 -1.76431 144.913
      vertex -81.8959 -3.51163 144.654
      vertex -81.9872 -1.76431 144.913
    endloop
  endfacet
  facet normal 0 -0.235538 0.971865
    outer loop
      vertex -81.0719 5.22512 109.775
      vertex -78.0836 5.17148 109.762
      vertex -78.0813 5.22512 109.775
    endloop
  endfacet
  facet normal -0.000143856 -0.2431 0.970001
    outer loop
      vertex -81.0719 5.22512 109.775
      vertex -78.1562 3.51163 109.346
      vertex -78.0836 5.17148 109.762
    endloop
  endfacet
  facet normal 0 -0.24287 0.970059
    outer loop
      vertex -78.1562 3.51163 109.346
      vertex -81.0719 5.22512 109.775
      vertex -81.1469 3.51163 109.346
    endloop
  endfacet
  facet normal 0 -0.514456 0.857517
    outer loop
      vertex -80.6844 10.0003 112.034
      vertex -77.8705 8.48514 111.125
      vertex -77.6655 10.0003 112.034
    endloop
  endfacet
  facet normal 0 -0.514456 0.857517
    outer loop
      vertex -77.8705 8.48514 111.125
      vertex -80.6844 10.0003 112.034
      vertex -80.8897 8.48514 111.125
    endloop
  endfacet
  facet normal 0 -0.671488 0.741015
    outer loop
      vertex -80.3277 12.7279 114.272
      vertex -77.4779 11.4191 113.086
      vertex -77.3096 12.7279 114.272
    endloop
  endfacet
  facet normal 0 -0.671488 0.741015
    outer loop
      vertex -77.4779 11.4191 113.086
      vertex -80.3277 12.7279 114.272
      vertex -80.4965 11.4191 113.086
    endloop
  endfacet
  facet normal 0 -0.595639 0.803253
    outer loop
      vertex -80.4965 11.4191 113.086
      vertex -77.6571 10.0638 112.081
      vertex -77.4779 11.4191 113.086
    endloop
  endfacet
  facet normal 2.22048e-05 -0.595608 0.803275
    outer loop
      vertex -80.6844 10.0003 112.034
      vertex -77.6571 10.0638 112.081
      vertex -80.4965 11.4191 113.086
    endloop
  endfacet
  facet normal 0 -0.594925 0.803781
    outer loop
      vertex -77.6571 10.0638 112.081
      vertex -80.6844 10.0003 112.034
      vertex -77.6655 10.0003 112.034
    endloop
  endfacet
  facet normal 0 -0.989184 0.14668
    outer loop
      vertex -76.5432 17.6541 123.488
      vertex -79.5908 17.9133 125.236
      vertex -79.6176 17.6541 123.488
    endloop
  endfacet
  facet normal 0 -0.989184 0.14668
    outer loop
      vertex -79.5908 17.9133 125.236
      vertex -76.5432 17.6541 123.488
      vertex -76.517 17.9133 125.236
    endloop
  endfacet
  facet normal 0 -0.803235 0.595662
    outer loop
      vertex -77.1621 13.9142 115.581
      vertex -80.0541 14.9665 117
      vertex -80.1798 13.9142 115.581
    endloop
  endfacet
  facet normal 0 -0.803235 0.595662
    outer loop
      vertex -80.0541 14.9665 117
      vertex -77.1621 13.9142 115.581
      vertex -77.0369 14.9665 117
    endloop
  endfacet
  facet normal 5.28838e-05 -0.903979 0.427576
    outer loop
      vertex -76.8785 15.8746 118.515
      vertex -79.8004 16.6298 120.112
      vertex -79.9489 15.9028 118.575
    endloop
  endfacet
  facet normal 0 -0.905024 0.425361
    outer loop
      vertex -76.8785 15.8746 118.515
      vertex -79.9489 15.9028 118.575
      vertex -79.9518 15.8746 118.515
    endloop
  endfacet
  facet normal 0 -0.904017 0.427497
    outer loop
      vertex -79.8004 16.6298 120.112
      vertex -76.8785 15.8746 118.515
      vertex -76.7248 16.6298 120.112
    endloop
  endfacet
  facet normal 0 -0.857655 0.514225
    outer loop
      vertex -79.9518 15.8746 118.515
      vertex -76.9978 15.3158 117.583
      vertex -76.8785 15.8746 118.515
    endloop
  endfacet
  facet normal -4.36866e-05 -0.857716 0.514123
    outer loop
      vertex -80.0541 14.9665 117
      vertex -76.9978 15.3158 117.583
      vertex -79.9518 15.8746 118.515
    endloop
  endfacet
  facet normal 0 -0.857817 0.513955
    outer loop
      vertex -76.9978 15.3158 117.583
      vertex -80.0541 14.9665 117
      vertex -77.0369 14.9665 117
    endloop
  endfacet
  facet normal 0 -0.427453 -0.904038
    outer loop
      vertex -78.6783 7.74914 143.223
      vertex -81.5697 8.48514 142.875
      vertex -78.5615 8.48514 142.875
    endloop
  endfacet
  facet normal 9.69972e-05 -0.427434 -0.904047
    outer loop
      vertex -81.6996 7.03568 143.56
      vertex -78.6783 7.74914 143.223
      vertex -78.7294 6.8883 143.63
    endloop
  endfacet
  facet normal 3.58001e-05 -0.427338 -0.904092
    outer loop
      vertex -78.6783 7.74914 143.223
      vertex -81.6401 8.04085 143.085
      vertex -81.5697 8.48514 142.875
    endloop
  endfacet
  facet normal 4.56554e-05 -0.427256 -0.904131
    outer loop
      vertex -78.6783 7.74914 143.223
      vertex -81.6996 7.03568 143.56
      vertex -81.6401 8.04085 143.085
    endloop
  endfacet
  facet normal 0 -0.429029 -0.903291
    outer loop
      vertex -81.6996 7.03568 143.56
      vertex -78.7294 6.8883 143.63
      vertex -81.7083 6.8883 143.63
    endloop
  endfacet
  facet normal 0 -0.24287 -0.970059
    outer loop
      vertex -78.9173 3.51163 144.654
      vertex -81.8026 5.22512 144.225
      vertex -78.8239 5.22512 144.225
    endloop
  endfacet
  facet normal 0 -0.24287 -0.970059
    outer loop
      vertex -81.8026 5.22512 144.225
      vertex -78.9173 3.51163 144.654
      vertex -81.8959 3.51163 144.654
    endloop
  endfacet
  facet normal 0 -0.857705 -0.514142
    outer loop
      vertex -80.4825 14.9665 137
      vertex -77.3932 15.3945 136.286
      vertex -77.4723 14.9665 137
    endloop
  endfacet
  facet normal 6.88294e-06 -0.857718 -0.51412
    outer loop
      vertex -80.3153 15.8746 135.485
      vertex -77.3932 15.3945 136.286
      vertex -80.4825 14.9665 137
    endloop
  endfacet
  facet normal 0 -0.857729 -0.514102
    outer loop
      vertex -77.3932 15.3945 136.286
      vertex -80.3153 15.8746 135.485
      vertex -77.2552 15.8746 135.485
    endloop
  endfacet
  facet normal 0 -0.998794 -0.0490904
    outer loop
      vertex -79.6076 18 127
      vertex -76.5953 17.9133 128.764
      vertex -79.6679 17.9133 128.764
    endloop
  endfacet
  facet normal 0 -0.998794 -0.0490904
    outer loop
      vertex -76.5953 17.9133 128.764
      vertex -79.6076 18 127
      vertex -76.5345 18 127
    endloop
  endfacet
  facet normal 0 -0.989184 -0.14668
    outer loop
      vertex -79.6679 17.9133 128.764
      vertex -76.6991 17.6541 130.512
      vertex -79.771 17.6541 130.512
    endloop
  endfacet
  facet normal 0 -0.989184 -0.14668
    outer loop
      vertex -76.6991 17.6541 130.512
      vertex -79.6679 17.9133 128.764
      vertex -76.5953 17.9133 128.764
    endloop
  endfacet
  facet normal 0 0.427453 -0.904038
    outer loop
      vertex -81.5697 -8.48514 142.875
      vertex -78.6783 -7.74914 143.223
      vertex -78.5615 -8.48514 142.875
    endloop
  endfacet
  facet normal 3.58001e-05 0.427338 -0.904092
    outer loop
      vertex -81.6401 -8.04085 143.085
      vertex -78.6783 -7.74914 143.223
      vertex -81.5697 -8.48514 142.875
    endloop
  endfacet
  facet normal 4.56554e-05 0.427256 -0.904131
    outer loop
      vertex -81.6996 -7.03568 143.56
      vertex -78.6783 -7.74914 143.223
      vertex -81.6401 -8.04085 143.085
    endloop
  endfacet
  facet normal 9.69972e-05 0.427434 -0.904047
    outer loop
      vertex -78.6783 -7.74914 143.223
      vertex -81.6996 -7.03568 143.56
      vertex -78.7294 -6.8883 143.63
    endloop
  endfacet
  facet normal 0 0.429029 -0.903291
    outer loop
      vertex -78.7294 -6.8883 143.63
      vertex -81.6996 -7.03568 143.56
      vertex -81.7083 -6.8883 143.63
    endloop
  endfacet
  facet normal 0 0.24287 -0.970059
    outer loop
      vertex -81.8026 -5.22512 144.225
      vertex -78.9173 -3.51163 144.654
      vertex -78.8239 -5.22512 144.225
    endloop
  endfacet
  facet normal 0 0.24287 -0.970059
    outer loop
      vertex -78.9173 -3.51163 144.654
      vertex -81.8026 -5.22512 144.225
      vertex -81.8959 -3.51163 144.654
    endloop
  endfacet
  facet normal 0 0.0492512 -0.998786
    outer loop
      vertex -81.9872 -1.76431 144.913
      vertex -79.0973 0 145
      vertex -79.0088 -1.76431 144.913
    endloop
  endfacet
  facet normal 0 0.0492512 -0.998786
    outer loop
      vertex -79.0973 0 145
      vertex -81.9872 -1.76431 144.913
      vertex -82.0758 0 145
    endloop
  endfacet
  facet normal 0 0.338839 -0.940844
    outer loop
      vertex -81.7083 -6.8883 143.63
      vertex -78.7369 -6.75502 143.678
      vertex -78.7294 -6.8883 143.63
    endloop
  endfacet
  facet normal 0.000109717 0.336673 -0.941622
    outer loop
      vertex -81.7083 -6.8883 143.63
      vertex -78.8239 -5.22512 144.225
      vertex -78.7369 -6.75502 143.678
    endloop
  endfacet
  facet normal 0 0.336842 -0.941561
    outer loop
      vertex -78.8239 -5.22512 144.225
      vertex -81.7083 -6.8883 143.63
      vertex -81.8026 -5.22512 144.225
    endloop
  endfacet
  facet normal 0 -0.427039 0.904233
    outer loop
      vertex -80.8897 8.48514 111.125
      vertex -77.9816 7.68051 110.745
      vertex -77.8705 8.48514 111.125
    endloop
  endfacet
  facet normal 0.000208248 -0.426424 0.904524
    outer loop
      vertex -80.9603 7.9739 110.884
      vertex -77.9816 7.68051 110.745
      vertex -80.8897 8.48514 111.125
    endloop
  endfacet
  facet normal 2.67122e-05 -0.42793 0.903812
    outer loop
      vertex -81.0028 6.8883 110.37
      vertex -77.9816 7.68051 110.745
      vertex -80.9603 7.9739 110.884
    endloop
  endfacet
  facet normal 0 -0.427847 0.903851
    outer loop
      vertex -77.9816 7.68051 110.745
      vertex -81.0028 6.8883 110.37
      vertex -78.0124 6.8883 110.37
    endloop
  endfacet
  facet normal 0 -0.671488 -0.741015
    outer loop
      vertex -78.0837 11.4191 140.914
      vertex -80.8729 12.7279 139.728
      vertex -77.8637 12.7279 139.728
    endloop
  endfacet
  facet normal 0 -0.671488 -0.741015
    outer loop
      vertex -80.8729 12.7279 139.728
      vertex -78.0837 11.4191 140.914
      vertex -81.0925 11.4191 140.914
    endloop
  endfacet
  facet normal 0 -0.146625 -0.989192
    outer loop
      vertex -79.0088 1.76431 144.913
      vertex -81.8959 3.51163 144.654
      vertex -78.9173 3.51163 144.654
    endloop
  endfacet
  facet normal 0 -0.146625 -0.989192
    outer loop
      vertex -81.8959 3.51163 144.654
      vertex -79.0088 1.76431 144.913
      vertex -81.9872 1.76431 144.913
    endloop
  endfacet
  facet normal 0 -0.338839 -0.940844
    outer loop
      vertex -78.7369 6.75502 143.678
      vertex -81.7083 6.8883 143.63
      vertex -78.7294 6.8883 143.63
    endloop
  endfacet
  facet normal 0.000109717 -0.336673 -0.941622
    outer loop
      vertex -78.8239 5.22512 144.225
      vertex -81.7083 6.8883 143.63
      vertex -78.7369 6.75502 143.678
    endloop
  endfacet
  facet normal 0 -0.336842 -0.941561
    outer loop
      vertex -81.7083 6.8883 143.63
      vertex -78.8239 5.22512 144.225
      vertex -81.8026 5.22512 144.225
    endloop
  endfacet
  facet normal 0 -0.803098 -0.595847
    outer loop
      vertex -80.5304 14.6962 137.365
      vertex -77.6592 13.9142 138.419
      vertex -80.669 13.9142 138.419
    endloop
  endfacet
  facet normal -0 -0.803631 -0.595128
    outer loop
      vertex -77.4723 14.9665 137
      vertex -80.5304 14.6962 137.365
      vertex -80.4825 14.9665 137
    endloop
  endfacet
  facet normal -0.000100384 -0.803229 -0.595671
    outer loop
      vertex -80.5304 14.6962 137.365
      vertex -77.4723 14.9665 137
      vertex -77.6592 13.9142 138.419
    endloop
  endfacet
  facet normal 0 -0.904041 -0.427445
    outer loop
      vertex -80.2965 15.972 135.279
      vertex -77.2552 15.8746 135.485
      vertex -80.3153 15.8746 135.485
    endloop
  endfacet
  facet normal 4.95331e-06 -0.904013 -0.427505
    outer loop
      vertex -80.1013 16.6298 133.888
      vertex -77.2552 15.8746 135.485
      vertex -80.2965 15.972 135.279
    endloop
  endfacet
  facet normal 0 -0.904017 -0.427497
    outer loop
      vertex -77.2552 15.8746 135.485
      vertex -80.1013 16.6298 133.888
      vertex -77.0306 16.6298 133.888
    endloop
  endfacet
  facet normal 0 -0.970016 -0.243042
    outer loop
      vertex -79.771 17.6541 130.512
      vertex -76.8446 17.2249 132.225
      vertex -79.9159 17.2249 132.225
    endloop
  endfacet
  facet normal 0 -0.970016 -0.243042
    outer loop
      vertex -76.8446 17.2249 132.225
      vertex -79.771 17.6541 130.512
      vertex -76.6991 17.6541 130.512
    endloop
  endfacet
  facet normal 0 -0.0492512 -0.998786
    outer loop
      vertex 79.0973 0 145
      vertex 81.9872 1.76431 144.913
      vertex 82.0758 0 145
    endloop
  endfacet
  facet normal -0 -0.0492512 -0.998786
    outer loop
      vertex 81.9872 1.76431 144.913
      vertex 79.0973 0 145
      vertex 79.0088 1.76431 144.913
    endloop
  endfacet
  facet normal -0 -0.740982 -0.671525
    outer loop
      vertex 80.669 13.9142 138.419
      vertex 77.8637 12.7279 139.728
      vertex 77.6592 13.9142 138.419
    endloop
  endfacet
  facet normal 0 -0.740982 -0.671525
    outer loop
      vertex 77.8637 12.7279 139.728
      vertex 80.669 13.9142 138.419
      vertex 80.8729 12.7279 139.728
    endloop
  endfacet
  facet normal -0 -0.941532 -0.336925
    outer loop
      vertex 79.9159 17.2249 132.225
      vertex 77.0306 16.6298 133.888
      vertex 76.8446 17.2249 132.225
    endloop
  endfacet
  facet normal 0 -0.941532 -0.336925
    outer loop
      vertex 77.0306 16.6298 133.888
      vertex 79.9159 17.2249 132.225
      vertex 80.1013 16.6298 133.888
    endloop
  endfacet
  facet normal 0 0.336842 -0.941561
    outer loop
      vertex 81.7083 -6.8883 143.63
      vertex 78.8239 -5.22512 144.225
      vertex 81.8026 -5.22512 144.225
    endloop
  endfacet
  facet normal -0.000109717 0.336673 -0.941622
    outer loop
      vertex 81.7083 -6.8883 143.63
      vertex 78.7369 -6.75502 143.678
      vertex 78.8239 -5.22512 144.225
    endloop
  endfacet
  facet normal 0 0.338839 -0.940844
    outer loop
      vertex 78.7369 -6.75502 143.678
      vertex 81.7083 -6.8883 143.63
      vertex 78.7294 -6.8883 143.63
    endloop
  endfacet
  facet normal 0 -0.970016 0.243042
    outer loop
      vertex 76.6126 17.2249 121.775
      vertex 79.6176 17.6541 123.488
      vertex 76.5432 17.6541 123.488
    endloop
  endfacet
  facet normal 0 -0.970016 0.243042
    outer loop
      vertex 79.6176 17.6541 123.488
      vertex 76.6126 17.2249 121.775
      vertex 79.6877 17.2249 121.775
    endloop
  endfacet
  facet normal 0 -0.429029 -0.903291
    outer loop
      vertex 78.7294 6.8883 143.63
      vertex 81.6996 7.03568 143.56
      vertex 81.7083 6.8883 143.63
    endloop
  endfacet
  facet normal -9.69972e-05 -0.427434 -0.904047
    outer loop
      vertex 78.6783 7.74914 143.223
      vertex 81.6996 7.03568 143.56
      vertex 78.7294 6.8883 143.63
    endloop
  endfacet
  facet normal -4.56554e-05 -0.427256 -0.904131
    outer loop
      vertex 81.6996 7.03568 143.56
      vertex 78.6783 7.74914 143.223
      vertex 81.6401 8.04085 143.085
    endloop
  endfacet
  facet normal -3.58001e-05 -0.427338 -0.904092
    outer loop
      vertex 81.6401 8.04085 143.085
      vertex 78.6783 7.74914 143.223
      vertex 81.5697 8.48514 142.875
    endloop
  endfacet
  facet normal -0 -0.427453 -0.904038
    outer loop
      vertex 81.5697 8.48514 142.875
      vertex 78.6783 7.74914 143.223
      vertex 78.5615 8.48514 142.875
    endloop
  endfacet
  facet normal -0 -0.989184 -0.14668
    outer loop
      vertex 79.6679 17.9133 128.764
      vertex 76.6991 17.6541 130.512
      vertex 76.5953 17.9133 128.764
    endloop
  endfacet
  facet normal 0 -0.989184 -0.14668
    outer loop
      vertex 76.6991 17.6541 130.512
      vertex 79.6679 17.9133 128.764
      vertex 79.771 17.6541 130.512
    endloop
  endfacet
  facet normal 0 -0.334896 0.942255
    outer loop
      vertex 81.0653 5.38268 109.831
      vertex 78.0813 5.22512 109.775
      vertex 81.0719 5.22512 109.775
    endloop
  endfacet
  facet normal 0.000127575 -0.337041 0.94149
    outer loop
      vertex 81.0028 6.8883 110.37
      vertex 78.0813 5.22512 109.775
      vertex 81.0653 5.38268 109.831
    endloop
  endfacet
  facet normal 0 -0.336842 0.941561
    outer loop
      vertex 78.0813 5.22512 109.775
      vertex 81.0028 6.8883 110.37
      vertex 78.0124 6.8883 110.37
    endloop
  endfacet
  facet normal 0 -0.671488 0.741015
    outer loop
      vertex 80.3277 12.7279 114.272
      vertex 77.4779 11.4191 113.086
      vertex 80.4965 11.4191 113.086
    endloop
  endfacet
  facet normal 0 -0.671488 0.741015
    outer loop
      vertex 77.4779 11.4191 113.086
      vertex 80.3277 12.7279 114.272
      vertex 77.3096 12.7279 114.272
    endloop
  endfacet
  facet normal 0 -0.514456 0.857517
    outer loop
      vertex 80.6844 10.0003 112.034
      vertex 77.8705 8.48514 111.125
      vertex 80.8897 8.48514 111.125
    endloop
  endfacet
  facet normal 0 -0.514456 0.857517
    outer loop
      vertex 77.8705 8.48514 111.125
      vertex 80.6844 10.0003 112.034
      vertex 77.6655 10.0003 112.034
    endloop
  endfacet
  facet normal 0 -0.989184 0.14668
    outer loop
      vertex 76.5432 17.6541 123.488
      vertex 79.5908 17.9133 125.236
      vertex 76.517 17.9133 125.236
    endloop
  endfacet
  facet normal 0 -0.989184 0.14668
    outer loop
      vertex 79.5908 17.9133 125.236
      vertex 76.5432 17.6541 123.488
      vertex 79.6176 17.6541 123.488
    endloop
  endfacet
  facet normal 0 -0.904017 0.427497
    outer loop
      vertex 76.8785 15.8746 118.515
      vertex 79.8004 16.6298 120.112
      vertex 76.7248 16.6298 120.112
    endloop
  endfacet
  facet normal -5.28838e-05 -0.903979 0.427576
    outer loop
      vertex 79.8004 16.6298 120.112
      vertex 76.8785 15.8746 118.515
      vertex 79.9489 15.9028 118.575
    endloop
  endfacet
  facet normal 0 -0.905024 0.425361
    outer loop
      vertex 79.9489 15.9028 118.575
      vertex 76.8785 15.8746 118.515
      vertex 79.9518 15.8746 118.515
    endloop
  endfacet
  facet normal 0 -0.803235 0.595662
    outer loop
      vertex 77.1621 13.9142 115.581
      vertex 80.0541 14.9665 117
      vertex 77.0369 14.9665 117
    endloop
  endfacet
  facet normal 0 -0.803235 0.595662
    outer loop
      vertex 80.0541 14.9665 117
      vertex 77.1621 13.9142 115.581
      vertex 80.1798 13.9142 115.581
    endloop
  endfacet
  facet normal 0 -0.24287 -0.970059
    outer loop
      vertex 78.9173 3.51163 144.654
      vertex 81.8026 5.22512 144.225
      vertex 81.8959 3.51163 144.654
    endloop
  endfacet
  facet normal -0 -0.24287 -0.970059
    outer loop
      vertex 81.8026 5.22512 144.225
      vertex 78.9173 3.51163 144.654
      vertex 78.8239 5.22512 144.225
    endloop
  endfacet
  facet normal 0 -0.595607 -0.803276
    outer loop
      vertex 78.317 10.0003 141.966
      vertex 81.0925 11.4191 140.914
      vertex 81.3255 10.0003 141.966
    endloop
  endfacet
  facet normal -0 -0.595607 -0.803276
    outer loop
      vertex 81.0925 11.4191 140.914
      vertex 78.317 10.0003 141.966
      vertex 78.0837 11.4191 140.914
    endloop
  endfacet
  facet normal 0 -0.671488 -0.741015
    outer loop
      vertex 78.0837 11.4191 140.914
      vertex 80.8729 12.7279 139.728
      vertex 81.0925 11.4191 140.914
    endloop
  endfacet
  facet normal -0 -0.671488 -0.741015
    outer loop
      vertex 80.8729 12.7279 139.728
      vertex 78.0837 11.4191 140.914
      vertex 77.8637 12.7279 139.728
    endloop
  endfacet
  facet normal 0 -0.514647 -0.857402
    outer loop
      vertex 78.5145 8.77669 142.7
      vertex 81.5697 8.48514 142.875
      vertex 78.5615 8.48514 142.875
    endloop
  endfacet
  facet normal 2.52199e-05 -0.514453 -0.857519
    outer loop
      vertex 81.5697 8.48514 142.875
      vertex 78.5145 8.77669 142.7
      vertex 81.3255 10.0003 141.966
    endloop
  endfacet
  facet normal -0 -0.51441 -0.857544
    outer loop
      vertex 81.3255 10.0003 141.966
      vertex 78.5145 8.77669 142.7
      vertex 78.317 10.0003 141.966
    endloop
  endfacet
  facet normal 0 -0.336842 -0.941561
    outer loop
      vertex 78.8239 5.22512 144.225
      vertex 81.7083 6.8883 143.63
      vertex 81.8026 5.22512 144.225
    endloop
  endfacet
  facet normal -0.000109717 -0.336673 -0.941622
    outer loop
      vertex 78.7369 6.75502 143.678
      vertex 81.7083 6.8883 143.63
      vertex 78.8239 5.22512 144.225
    endloop
  endfacet
  facet normal -0 -0.338839 -0.940844
    outer loop
      vertex 81.7083 6.8883 143.63
      vertex 78.7369 6.75502 143.678
      vertex 78.7294 6.8883 143.63
    endloop
  endfacet
  facet normal 0 -0.146625 -0.989192
    outer loop
      vertex 79.0088 1.76431 144.913
      vertex 81.8959 3.51163 144.654
      vertex 81.9872 1.76431 144.913
    endloop
  endfacet
  facet normal -0 -0.146625 -0.989192
    outer loop
      vertex 81.8959 3.51163 144.654
      vertex 79.0088 1.76431 144.913
      vertex 78.9173 3.51163 144.654
    endloop
  endfacet
  facet normal 0 -0.857705 -0.514142
    outer loop
      vertex 77.3932 15.3945 136.286
      vertex 80.4825 14.9665 137
      vertex 77.4723 14.9665 137
    endloop
  endfacet
  facet normal -0 -0.857729 -0.514102
    outer loop
      vertex 80.3153 15.8746 135.485
      vertex 77.3932 15.3945 136.286
      vertex 77.2552 15.8746 135.485
    endloop
  endfacet
  facet normal -6.88294e-06 -0.857718 -0.51412
    outer loop
      vertex 77.3932 15.3945 136.286
      vertex 80.3153 15.8746 135.485
      vertex 80.4825 14.9665 137
    endloop
  endfacet
  facet normal 0 -0.904041 -0.427445
    outer loop
      vertex 77.2552 15.8746 135.485
      vertex 80.2965 15.972 135.279
      vertex 80.3153 15.8746 135.485
    endloop
  endfacet
  facet normal -0 -0.904017 -0.427497
    outer loop
      vertex 80.1013 16.6298 133.888
      vertex 77.2552 15.8746 135.485
      vertex 77.0306 16.6298 133.888
    endloop
  endfacet
  facet normal -4.95331e-06 -0.904013 -0.427505
    outer loop
      vertex 77.2552 15.8746 135.485
      vertex 80.1013 16.6298 133.888
      vertex 80.2965 15.972 135.279
    endloop
  endfacet
  facet normal 0 -0.803098 -0.595847
    outer loop
      vertex 77.6592 13.9142 138.419
      vertex 80.5304 14.6962 137.365
      vertex 80.669 13.9142 138.419
    endloop
  endfacet
  facet normal 0.000100384 -0.803229 -0.595671
    outer loop
      vertex 77.4723 14.9665 137
      vertex 80.5304 14.6962 137.365
      vertex 77.6592 13.9142 138.419
    endloop
  endfacet
  facet normal 0 -0.803631 -0.595128
    outer loop
      vertex 80.5304 14.6962 137.365
      vertex 77.4723 14.9665 137
      vertex 80.4825 14.9665 137
    endloop
  endfacet
  facet normal -0 -0.970016 -0.243042
    outer loop
      vertex 79.771 17.6541 130.512
      vertex 76.8446 17.2249 132.225
      vertex 76.6991 17.6541 130.512
    endloop
  endfacet
  facet normal 0 -0.970016 -0.243042
    outer loop
      vertex 76.8446 17.2249 132.225
      vertex 79.771 17.6541 130.512
      vertex 79.9159 17.2249 132.225
    endloop
  endfacet
  facet normal -0 -0.998794 -0.0490904
    outer loop
      vertex 79.6076 18 127
      vertex 76.5953 17.9133 128.764
      vertex 76.5345 18 127
    endloop
  endfacet
  facet normal 0 -0.998794 -0.0490904
    outer loop
      vertex 76.5953 17.9133 128.764
      vertex 79.6076 18 127
      vertex 79.6679 17.9133 128.764
    endloop
  endfacet
  facet normal 0 0.0492512 -0.998786
    outer loop
      vertex 81.9872 -1.76431 144.913
      vertex 79.0973 0 145
      vertex 82.0758 0 145
    endloop
  endfacet
  facet normal 0 0.0492512 -0.998786
    outer loop
      vertex 79.0973 0 145
      vertex 81.9872 -1.76431 144.913
      vertex 79.0088 -1.76431 144.913
    endloop
  endfacet
  facet normal 0 0.146625 -0.989192
    outer loop
      vertex 81.8959 -3.51163 144.654
      vertex 79.0088 -1.76431 144.913
      vertex 81.9872 -1.76431 144.913
    endloop
  endfacet
  facet normal 0 0.146625 -0.989192
    outer loop
      vertex 79.0088 -1.76431 144.913
      vertex 81.8959 -3.51163 144.654
      vertex 78.9173 -3.51163 144.654
    endloop
  endfacet
  facet normal 0 -0.24287 0.970059
    outer loop
      vertex 81.0719 5.22512 109.775
      vertex 78.1562 3.51163 109.346
      vertex 81.1469 3.51163 109.346
    endloop
  endfacet
  facet normal 0.000143856 -0.2431 0.970001
    outer loop
      vertex 81.0719 5.22512 109.775
      vertex 78.0836 5.17148 109.762
      vertex 78.1562 3.51163 109.346
    endloop
  endfacet
  facet normal 0 -0.235538 0.971865
    outer loop
      vertex 78.0836 5.17148 109.762
      vertex 81.0719 5.22512 109.775
      vertex 78.0813 5.22512 109.775
    endloop
  endfacet
  facet normal -0.000208248 -0.426424 0.904524
    outer loop
      vertex 77.9816 7.68051 110.745
      vertex 80.9603 7.9739 110.884
      vertex 80.8897 8.48514 111.125
    endloop
  endfacet
  facet normal -2.67122e-05 -0.42793 0.903812
    outer loop
      vertex 80.9603 7.9739 110.884
      vertex 77.9816 7.68051 110.745
      vertex 81.0028 6.8883 110.37
    endloop
  endfacet
  facet normal 0 -0.427847 0.903851
    outer loop
      vertex 81.0028 6.8883 110.37
      vertex 77.9816 7.68051 110.745
      vertex 78.0124 6.8883 110.37
    endloop
  endfacet
  facet normal 0 -0.427039 0.904233
    outer loop
      vertex 77.9816 7.68051 110.745
      vertex 80.8897 8.48514 111.125
      vertex 77.8705 8.48514 111.125
    endloop
  endfacet
  facet normal 0 -0.741227 0.671255
    outer loop
      vertex 77.1621 13.9142 115.581
      vertex 80.2221 13.5746 115.206
      vertex 80.1798 13.9142 115.581
    endloop
  endfacet
  facet normal 6.11694e-05 -0.740978 0.671529
    outer loop
      vertex 77.3096 12.7279 114.272
      vertex 80.2221 13.5746 115.206
      vertex 77.1621 13.9142 115.581
    endloop
  endfacet
  facet normal 0 -0.740883 0.671634
    outer loop
      vertex 80.2221 13.5746 115.206
      vertex 77.3096 12.7279 114.272
      vertex 80.3277 12.7279 114.272
    endloop
  endfacet
  facet normal -2.22048e-05 -0.595608 0.803275
    outer loop
      vertex 77.6571 10.0638 112.081
      vertex 80.6844 10.0003 112.034
      vertex 80.4965 11.4191 113.086
    endloop
  endfacet
  facet normal 0 -0.594925 0.803781
    outer loop
      vertex 80.6844 10.0003 112.034
      vertex 77.6571 10.0638 112.081
      vertex 77.6655 10.0003 112.034
    endloop
  endfacet
  facet normal 0 -0.595639 0.803253
    outer loop
      vertex 77.6571 10.0638 112.081
      vertex 80.4965 11.4191 113.086
      vertex 77.4779 11.4191 113.086
    endloop
  endfacet
  facet normal 0 -0.998794 0.0490904
    outer loop
      vertex 79.5908 17.9133 125.236
      vertex 76.5345 18 127
      vertex 76.517 17.9133 125.236
    endloop
  endfacet
  facet normal 0 -0.998794 0.0490904
    outer loop
      vertex 76.5345 18 127
      vertex 79.5908 17.9133 125.236
      vertex 79.6076 18 127
    endloop
  endfacet
  facet normal 0 -0.941532 0.336925
    outer loop
      vertex 76.7248 16.6298 120.112
      vertex 79.6877 17.2249 121.775
      vertex 76.6126 17.2249 121.775
    endloop
  endfacet
  facet normal 0 -0.941532 0.336925
    outer loop
      vertex 79.6877 17.2249 121.775
      vertex 76.7248 16.6298 120.112
      vertex 79.8004 16.6298 120.112
    endloop
  endfacet
  facet normal 0 -0.857655 0.514225
    outer loop
      vertex 76.9978 15.3158 117.583
      vertex 79.9518 15.8746 118.515
      vertex 76.8785 15.8746 118.515
    endloop
  endfacet
  facet normal 0 -0.857817 0.513955
    outer loop
      vertex 80.0541 14.9665 117
      vertex 76.9978 15.3158 117.583
      vertex 77.0369 14.9665 117
    endloop
  endfacet
  facet normal 4.36866e-05 -0.857716 0.514123
    outer loop
      vertex 76.9978 15.3158 117.583
      vertex 80.0541 14.9665 117
      vertex 79.9518 15.8746 118.515
    endloop
  endfacet
  facet normal -4.56554e-05 0.427256 -0.904131
    outer loop
      vertex 78.6783 -7.74914 143.223
      vertex 81.6996 -7.03568 143.56
      vertex 81.6401 -8.04085 143.085
    endloop
  endfacet
  facet normal -3.58001e-05 0.427338 -0.904092
    outer loop
      vertex 78.6783 -7.74914 143.223
      vertex 81.6401 -8.04085 143.085
      vertex 81.5697 -8.48514 142.875
    endloop
  endfacet
  facet normal -9.69972e-05 0.427434 -0.904047
    outer loop
      vertex 81.6996 -7.03568 143.56
      vertex 78.6783 -7.74914 143.223
      vertex 78.7294 -6.8883 143.63
    endloop
  endfacet
  facet normal 0 0.429029 -0.903291
    outer loop
      vertex 81.6996 -7.03568 143.56
      vertex 78.7294 -6.8883 143.63
      vertex 81.7083 -6.8883 143.63
    endloop
  endfacet
  facet normal 0 0.427453 -0.904038
    outer loop
      vertex 78.6783 -7.74914 143.223
      vertex 81.5697 -8.48514 142.875
      vertex 78.5615 -8.48514 142.875
    endloop
  endfacet
  facet normal 0 0.24287 -0.970059
    outer loop
      vertex 81.8026 -5.22512 144.225
      vertex 78.9173 -3.51163 144.654
      vertex 81.8959 -3.51163 144.654
    endloop
  endfacet
  facet normal 0 0.24287 -0.970059
    outer loop
      vertex 78.9173 -3.51163 144.654
      vertex 81.8026 -5.22512 144.225
      vertex 78.8239 -5.22512 144.225
    endloop
  endfacet
  facet normal 1 -0 0
    outer loop
      vertex -15 -20.55 56
      vertex -15 -17.55 22
      vertex -15 -17.55 56
    endloop
  endfacet
  facet normal 1 0 0
    outer loop
      vertex -15 -17.55 22
      vertex -15 -20.55 56
      vertex -15 -20.55 22
    endloop
  endfacet
  facet normal 0 0 -1
    outer loop
      vertex -15 -20.55 56
      vertex 15 -17.55 56
      vertex 15 -20.55 56
    endloop
  endfacet
  facet normal -0 0 -1
    outer loop
      vertex 15 -17.55 56
      vertex -15 -20.55 56
      vertex -15 -17.55 56
    endloop
  endfacet
  facet normal -1 0 0
    outer loop
      vertex 15 -20.55 22
      vertex 15 -17.55 56
      vertex 15 -17.55 22
    endloop
  endfacet
  facet normal -1 -0 0
    outer loop
      vertex 15 -17.55 56
      vertex 15 -20.55 22
      vertex 15 -20.55 56
    endloop
  endfacet
  facet normal -0 0 1
    outer loop
      vertex -15 -17.55 22
      vertex 15 -20.55 22
      vertex 15 -17.55 22
    endloop
  endfacet
  facet normal 0 0 1
    outer loop
      vertex 15 -20.55 22
      vertex -15 -17.55 22
      vertex -15 -20.55 22
    endloop
  endfacet
  facet normal 1 -0 0
    outer loop
      vertex -15 17.55 56
      vertex -15 20.55 22
      vertex -15 20.55 56
    endloop
  endfacet
  facet normal 1 0 0
    outer loop
      vertex -15 20.55 22
      vertex -15 17.55 56
      vertex -15 17.55 22
    endloop
  endfacet
  facet normal 0 0 -1
    outer loop
      vertex -15 17.55 56
      vertex 15 20.55 56
      vertex 15 17.55 56
    endloop
  endfacet
  facet normal -0 0 -1
    outer loop
      vertex 15 20.55 56
      vertex -15 17.55 56
      vertex -15 20.55 56
    endloop
  endfacet
  facet normal -1 0 0
    outer loop
      vertex 15 17.55 22
      vertex 15 20.55 56
      vertex 15 20.55 22
    endloop
  endfacet
  facet normal -1 -0 0
    outer loop
      vertex 15 20.55 56
      vertex 15 17.55 22
      vertex 15 17.55 56
    endloop
  endfacet
  facet normal -0 0 1
    outer loop
      vertex -15 20.55 22
      vertex 15 17.55 22
      vertex 15 20.55 22
    endloop
  endfacet
  facet normal 0 0 1
    outer loop
      vertex 15 17.55 22
      vertex -15 20.55 22
      vertex -15 17.55 22
    endloop
  endfacet
  facet normal 1 -0 0
    outer loop
      vertex -35 -72.2596 65.2071
      vertex -35 -67.9571 24.0053
      vertex -35 -69.4098 85
    endloop
  endfacet
  facet normal 1 0 -0
    outer loop
      vertex -35 -71.2001 20
      vertex -35 -67.9571 24.0053
      vertex -35 -72.2596 65.2071
    endloop
  endfacet
  facet normal 1 0 0
    outer loop
      vertex -35 -67.9571 24.0053
      vertex -35 -71.2001 20
      vertex -35 -67.8617 20
    endloop
  endfacet
  facet normal 1 0 -0
    outer loop
      vertex -35 -72.2596 65.2071
      vertex -35 -69.4098 85
      vertex -35 -72.7235 85
    endloop
  endfacet
  facet normal 0 0 -1
    outer loop
      vertex 33.0423 -70.3358 85
      vertex 35 -72.7235 85
      vertex 34.32 -73.0451 85
    endloop
  endfacet
  facet normal 0 0 -1
    outer loop
      vertex 35 -72.7235 85
      vertex 33.0423 -70.3358 85
      vertex 35 -69.4098 85
    endloop
  endfacet
  facet normal 0 0 -1
    outer loop
      vertex 29.7743 -71.8814 85
      vertex 34.32 -73.0451 85
      vertex 30.922 -74.6523 85
    endloop
  endfacet
  facet normal 0 0 -1
    outer loop
      vertex 34.32 -73.0451 85
      vertex 29.7743 -71.8814 85
      vertex 33.0423 -70.3358 85
    endloop
  endfacet
  facet normal 0 0 -1
    outer loop
      vertex 26.3705 -73.0993 85
      vertex 30.922 -74.6523 85
      vertex 26.995 -76.0574 85
    endloop
  endfacet
  facet normal 0 0 -1
    outer loop
      vertex 30.922 -74.6523 85
      vertex 26.3705 -73.0993 85
      vertex 29.7743 -71.8814 85
    endloop
  endfacet
  facet normal 0 0 -1
    outer loop
      vertex 22.5853 -74.4537 85
      vertex 26.995 -76.0574 85
      vertex 23.4559 -77.3237 85
    endloop
  endfacet
  facet normal 0 0 -1
    outer loop
      vertex 26.995 -76.0574 85
      vertex 22.5853 -74.4537 85
      vertex 26.3705 -73.0993 85
    endloop
  endfacet
  facet normal 0 0 -1
    outer loop
      vertex 19.8096 -78.237 85
      vertex 22.5853 -74.4537 85
      vertex 23.4559 -77.3237 85
    endloop
  endfacet
  facet normal 0 0 -1
    outer loop
      vertex 19.8096 -78.237 85
      vertex 19.0785 -75.3321 85
      vertex 22.5853 -74.4537 85
    endloop
  endfacet
  facet normal 0 0 -1
    outer loop
      vertex 15.1788 -76.3089 85
      vertex 19.8096 -78.237 85
      vertex 15.7639 -79.2504 85
    endloop
  endfacet
  facet normal 0 0 -1
    outer loop
      vertex 19.8096 -78.237 85
      vertex 15.1788 -76.3089 85
      vertex 19.0785 -75.3321 85
    endloop
  endfacet
  facet normal 0 0 -1
    outer loop
      vertex 12.0457 -79.802 85
      vertex 15.1788 -76.3089 85
      vertex 15.7639 -79.2504 85
    endloop
  endfacet
  facet normal 0 0 -1
    outer loop
      vertex 12.0457 -79.802 85
      vertex 11.2021 -76.8988 85
      vertex 15.1788 -76.3089 85
    endloop
  endfacet
  facet normal 0 0 -1
    outer loop
      vertex 7.92008 -80.4139 85
      vertex 11.2021 -76.8988 85
      vertex 12.0457 -79.802 85
    endloop
  endfacet
  facet normal 0 0 -1
    outer loop
      vertex 7.92008 -80.4139 85
      vertex 7.62611 -77.4292 85
      vertex 11.2021 -76.8988 85
    endloop
  endfacet
  facet normal 0 0 -1
    outer loop
      vertex 4.16573 -80.5984 85
      vertex 7.62611 -77.4292 85
      vertex 7.92008 -80.4139 85
    endloop
  endfacet
  facet normal 0 0 -1
    outer loop
      vertex 4.16573 -80.5984 85
      vertex 4.01536 -77.6066 85
      vertex 7.62611 -77.4292 85
    endloop
  endfacet
  facet normal 0 0 -1
    outer loop
      vertex 0 -77.8039 85
      vertex 4.16573 -80.5984 85
      vertex 0 -80.803 85
    endloop
  endfacet
  facet normal 0 0 -1
    outer loop
      vertex 4.16573 -80.5984 85
      vertex 0 -77.8039 85
      vertex 4.01536 -77.6066 85
    endloop
  endfacet
  facet normal 0 0 -1
    outer loop
      vertex -4.16573 -80.5984 85
      vertex 0 -77.8039 85
      vertex 0 -80.803 85
    endloop
  endfacet
  facet normal -0 0 -1
    outer loop
      vertex 0 -77.8039 85
      vertex -4.16573 -80.5984 85
      vertex -4.01536 -77.6066 85
    endloop
  endfacet
  facet normal 0 0 -1
    outer loop
      vertex -4.16573 -80.5984 85
      vertex -7.62611 -77.4292 85
      vertex -4.01536 -77.6066 85
    endloop
  endfacet
  facet normal 0 0 -1
    outer loop
      vertex -7.92008 -80.4139 85
      vertex -7.62611 -77.4292 85
      vertex -4.16573 -80.5984 85
    endloop
  endfacet
  facet normal 0 0 -1
    outer loop
      vertex -7.92008 -80.4139 85
      vertex -11.2021 -76.8988 85
      vertex -7.62611 -77.4292 85
    endloop
  endfacet
  facet normal 0 0 -1
    outer loop
      vertex -12.0457 -79.802 85
      vertex -11.2021 -76.8988 85
      vertex -7.92008 -80.4139 85
    endloop
  endfacet
  facet normal 0 0 -1
    outer loop
      vertex -12.0457 -79.802 85
      vertex -15.1788 -76.3089 85
      vertex -11.2021 -76.8988 85
    endloop
  endfacet
  facet normal 0 0 -1
    outer loop
      vertex -15.7639 -79.2504 85
      vertex -15.1788 -76.3089 85
      vertex -12.0457 -79.802 85
    endloop
  endfacet
  facet normal 0 0 -1
    outer loop
      vertex -19.8096 -78.237 85
      vertex -15.1788 -76.3089 85
      vertex -15.7639 -79.2504 85
    endloop
  endfacet
  facet normal -0 0 -1
    outer loop
      vertex -15.1788 -76.3089 85
      vertex -19.8096 -78.237 85
      vertex -19.0785 -75.3321 85
    endloop
  endfacet
  facet normal 0 0 -1
    outer loop
      vertex -19.8096 -78.237 85
      vertex -22.5853 -74.4537 85
      vertex -19.0785 -75.3321 85
    endloop
  endfacet
  facet normal 0 0 -1
    outer loop
      vertex -23.4559 -77.3237 85
      vertex -22.5853 -74.4537 85
      vertex -19.8096 -78.237 85
    endloop
  endfacet
  facet normal 0 0 -1
    outer loop
      vertex -26.995 -76.0574 85
      vertex -22.5853 -74.4537 85
      vertex -23.4559 -77.3237 85
    endloop
  endfacet
  facet normal -0 0 -1
    outer loop
      vertex -22.5853 -74.4537 85
      vertex -26.995 -76.0574 85
      vertex -26.3705 -73.0993 85
    endloop
  endfacet
  facet normal 0 0 -1
    outer loop
      vertex -30.922 -74.6523 85
      vertex -26.3705 -73.0993 85
      vertex -26.995 -76.0574 85
    endloop
  endfacet
  facet normal -0 0 -1
    outer loop
      vertex -26.3705 -73.0993 85
      vertex -30.922 -74.6523 85
      vertex -29.7743 -71.8814 85
    endloop
  endfacet
  facet normal 0 0 -1
    outer loop
      vertex -34.32 -73.0451 85
      vertex -29.7743 -71.8814 85
      vertex -30.922 -74.6523 85
    endloop
  endfacet
  facet normal -0 0 -1
    outer loop
      vertex -29.7743 -71.8814 85
      vertex -34.32 -73.0451 85
      vertex -33.0423 -70.3358 85
    endloop
  endfacet
  facet normal 0 0 -1
    outer loop
      vertex -35 -72.7235 85
      vertex -33.0423 -70.3358 85
      vertex -34.32 -73.0451 85
    endloop
  endfacet
  facet normal -0 0 -1
    outer loop
      vertex -33.0423 -70.3358 85
      vertex -35 -72.7235 85
      vertex -35 -69.4098 85
    endloop
  endfacet
  facet normal -1 0 0
    outer loop
      vertex 35 -71.2001 20
      vertex 35 -67.9571 24.0053
      vertex 35 -67.8617 20
    endloop
  endfacet
  facet normal -1 -0 0
    outer loop
      vertex 35 -67.9571 24.0053
      vertex 35 -71.2001 20
      vertex 35 -72.2596 65.2071
    endloop
  endfacet
  facet normal -1 0 0
    outer loop
      vertex 35 -67.9571 24.0053
      vertex 35 -72.2596 65.2071
      vertex 35 -69.4098 85
    endloop
  endfacet
  facet normal -1 -0 0
    outer loop
      vertex 35 -69.4098 85
      vertex 35 -72.2596 65.2071
      vertex 35 -72.7235 85
    endloop
  endfacet
  facet normal 0 -1 0
    outer loop
      vertex -29 -65 61
      vertex -26 -65 50
      vertex -26 -65 61
    endloop
  endfacet
  facet normal 0 -1 0
    outer loop
      vertex -26 -65 50
      vertex -25.1782 -65 47.5202
      vertex -25.3 -65 50
    endloop
  endfacet
  facet normal 0 -1 0
    outer loop
      vertex -26 -65 50
      vertex -24.8139 -65 45.0642
      vertex -25.1782 -65 47.5202
    endloop
  endfacet
  facet normal 0 -1 0
    outer loop
      vertex -29 -65 21
      vertex -26 -65 50
      vertex -29 -65 61
    endloop
  endfacet
  facet normal 0 -1 -0
    outer loop
      vertex -26 -65 50
      vertex -29 -65 21
      vertex -24.8139 -65 45.0642
    endloop
  endfacet
  facet normal 0 -1 -0
    outer loop
      vertex -2.47983 -65 24.8218
      vertex -29 -65 21
      vertex 0 -65 24.7
    endloop
  endfacet
  facet normal 0 -1 -0
    outer loop
      vertex -4.93578 -65 25.1861
      vertex -29 -65 21
      vertex -2.47983 -65 24.8218
    endloop
  endfacet
  facet normal 0 -1 -0
    outer loop
      vertex -7.3442 -65 25.7894
      vertex -29 -65 21
      vertex -4.93578 -65 25.1861
    endloop
  endfacet
  facet normal 0 -1 -0
    outer loop
      vertex -9.68189 -65 26.6258
      vertex -29 -65 21
      vertex -7.3442 -65 25.7894
    endloop
  endfacet
  facet normal 0 -1 -0
    outer loop
      vertex -11.9263 -65 27.6874
      vertex -29 -65 21
      vertex -9.68189 -65 26.6258
    endloop
  endfacet
  facet normal 0 -1 -0
    outer loop
      vertex -14.0559 -65 28.9638
      vertex -29 -65 21
      vertex -11.9263 -65 27.6874
    endloop
  endfacet
  facet normal 0 -1 -0
    outer loop
      vertex -16.0501 -65 30.4428
      vertex -29 -65 21
      vertex -14.0559 -65 28.9638
    endloop
  endfacet
  facet normal 0 -1 -0
    outer loop
      vertex -17.8898 -65 32.1102
      vertex -29 -65 21
      vertex -16.0501 -65 30.4428
    endloop
  endfacet
  facet normal 0 -1 -0
    outer loop
      vertex -19.5572 -65 33.9498
      vertex -29 -65 21
      vertex -17.8898 -65 32.1102
    endloop
  endfacet
  facet normal 0 -1 -0
    outer loop
      vertex -21.0362 -65 35.9441
      vertex -29 -65 21
      vertex -19.5572 -65 33.9498
    endloop
  endfacet
  facet normal 0 -1 -0
    outer loop
      vertex -22.3126 -65 38.0737
      vertex -29 -65 21
      vertex -21.0362 -65 35.9441
    endloop
  endfacet
  facet normal 0 -1 -0
    outer loop
      vertex -23.3742 -65 40.3181
      vertex -29 -65 21
      vertex -22.3126 -65 38.0737
    endloop
  endfacet
  facet normal 0 -1 -0
    outer loop
      vertex -24.2106 -65 42.6558
      vertex -29 -65 21
      vertex -23.3742 -65 40.3181
    endloop
  endfacet
  facet normal 0 -1 -0
    outer loop
      vertex -24.8139 -65 45.0642
      vertex -29 -65 21
      vertex -24.2106 -65 42.6558
    endloop
  endfacet
  facet normal 0 -1 -0
    outer loop
      vertex 25.3 -65 50
      vertex 25.1782 -65 47.5202
      vertex 26 -65 50
    endloop
  endfacet
  facet normal 0 -1 0
    outer loop
      vertex 26 -65 50
      vertex 29 -65 61
      vertex 26 -65 61
    endloop
  endfacet
  facet normal 0 -1 0
    outer loop
      vertex 24.8139 -65 45.0642
      vertex 26 -65 50
      vertex 25.1782 -65 47.5202
    endloop
  endfacet
  facet normal 0 -1 0
    outer loop
      vertex 29 -65 21
      vertex 26 -65 50
      vertex 24.8139 -65 45.0642
    endloop
  endfacet
  facet normal 0 -1 0
    outer loop
      vertex 29 -65 21
      vertex 24.8139 -65 45.0642
      vertex 24.2106 -65 42.6558
    endloop
  endfacet
  facet normal 0 -1 0
    outer loop
      vertex 29 -65 21
      vertex 0 -65 24.7
      vertex -29 -65 21
    endloop
  endfacet
  facet normal 0 -1 0
    outer loop
      vertex 26 -65 50
      vertex 29 -65 21
      vertex 29 -65 61
    endloop
  endfacet
  facet normal 0 -1 0
    outer loop
      vertex 23.3742 -65 40.3181
      vertex 29 -65 21
      vertex 24.2106 -65 42.6558
    endloop
  endfacet
  facet normal 0 -1 0
    outer loop
      vertex 22.3126 -65 38.0737
      vertex 29 -65 21
      vertex 23.3742 -65 40.3181
    endloop
  endfacet
  facet normal 0 -1 0
    outer loop
      vertex 21.0362 -65 35.9441
      vertex 29 -65 21
      vertex 22.3126 -65 38.0737
    endloop
  endfacet
  facet normal 0 -1 0
    outer loop
      vertex 19.5572 -65 33.9498
      vertex 29 -65 21
      vertex 21.0362 -65 35.9441
    endloop
  endfacet
  facet normal 0 -1 0
    outer loop
      vertex 17.8898 -65 32.1102
      vertex 29 -65 21
      vertex 19.5572 -65 33.9498
    endloop
  endfacet
  facet normal 0 -1 0
    outer loop
      vertex 16.0501 -65 30.4428
      vertex 29 -65 21
      vertex 17.8898 -65 32.1102
    endloop
  endfacet
  facet normal 0 -1 0
    outer loop
      vertex 14.0559 -65 28.9638
      vertex 29 -65 21
      vertex 16.0501 -65 30.4428
    endloop
  endfacet
  facet normal 0 -1 0
    outer loop
      vertex 11.9263 -65 27.6874
      vertex 29 -65 21
      vertex 14.0559 -65 28.9638
    endloop
  endfacet
  facet normal 0 -1 0
    outer loop
      vertex 9.68189 -65 26.6258
      vertex 29 -65 21
      vertex 11.9263 -65 27.6874
    endloop
  endfacet
  facet normal 0 -1 0
    outer loop
      vertex 7.3442 -65 25.7894
      vertex 29 -65 21
      vertex 9.68189 -65 26.6258
    endloop
  endfacet
  facet normal 0 -1 0
    outer loop
      vertex 4.93578 -65 25.1861
      vertex 29 -65 21
      vertex 7.3442 -65 25.7894
    endloop
  endfacet
  facet normal 0 -1 0
    outer loop
      vertex 2.47983 -65 24.8218
      vertex 29 -65 21
      vertex 4.93578 -65 25.1861
    endloop
  endfacet
  facet normal 0 -1 0
    outer loop
      vertex 0 -65 24.7
      vertex 29 -65 21
      vertex 2.47983 -65 24.8218
    endloop
  endfacet
  facet normal -0 0 1
    outer loop
      vertex 29.238 -70.5869 20
      vertex 35 -71.2001 20
      vertex 35 -67.8617 20
    endloop
  endfacet
  facet normal 0 0 1
    outer loop
      vertex 35 -71.2001 20
      vertex 29.238 -70.5869 20
      vertex 30.3943 -73.3784 20
    endloop
  endfacet
  facet normal 0 0 1
    outer loop
      vertex 30.3943 -73.3784 20
      vertex 29.238 -70.5869 20
      vertex 29.4704 -73.709 20
    endloop
  endfacet
  facet normal -0 0 1
    outer loop
      vertex 23.1028 -72.7821 20
      vertex 29.4704 -73.709 20
      vertex 29.238 -70.5869 20
    endloop
  endfacet
  facet normal 0 0 1
    outer loop
      vertex 23.1028 -72.7821 20
      vertex 23.0556 -76.0043 20
      vertex 29.4704 -73.709 20
    endloop
  endfacet
  facet normal -0 0 1
    outer loop
      vertex 22.1785 -73.1128 20
      vertex 23.0556 -76.0043 20
      vertex 23.1028 -72.7821 20
    endloop
  endfacet
  facet normal 0 0 1
    outer loop
      vertex 22.1785 -73.1128 20
      vertex 16.4468 -77.6597 20
      vertex 23.0556 -76.0043 20
    endloop
  endfacet
  facet normal -0 0 1
    outer loop
      vertex 15.8577 -74.6961 20
      vertex 16.4468 -77.6597 20
      vertex 22.1785 -73.1128 20
    endloop
  endfacet
  facet normal -0 0 1
    outer loop
      vertex 14.9054 -74.9346 20
      vertex 16.4468 -77.6597 20
      vertex 15.8577 -74.6961 20
    endloop
  endfacet
  facet normal 0 0 1
    outer loop
      vertex 16.4468 -77.6597 20
      vertex 14.9054 -74.9346 20
      vertex 15.4949 -77.8981 20
    endloop
  endfacet
  facet normal -0 0 1
    outer loop
      vertex 13.9344 -75.0787 20
      vertex 15.4949 -77.8981 20
      vertex 14.9054 -74.9346 20
    endloop
  endfacet
  facet normal 0 0 1
    outer loop
      vertex 13.9344 -75.0787 20
      vertex 8.75567 -78.8978 20
      vertex 15.4949 -77.8981 20
    endloop
  endfacet
  facet normal -0 0 1
    outer loop
      vertex 7.48877 -76.0348 20
      vertex 8.75567 -78.8978 20
      vertex 13.9344 -75.0787 20
    endloop
  endfacet
  facet normal 0 0 1
    outer loop
      vertex 8.75567 -78.8978 20
      vertex 7.48877 -76.0348 20
      vertex 7.78494 -79.0418 20
    endloop
  endfacet
  facet normal -0 0 1
    outer loop
      vertex 0.980494 -76.3545 20
      vertex 7.78494 -79.0418 20
      vertex 7.48877 -76.0348 20
    endloop
  endfacet
  facet normal 0 0 1
    outer loop
      vertex 0.980494 -76.3545 20
      vertex 0.980171 -79.3761 20
      vertex 7.78494 -79.0418 20
    endloop
  endfacet
  facet normal -0 0 1
    outer loop
      vertex 0 -76.4027 20
      vertex 0.980171 -79.3761 20
      vertex 0.980494 -76.3545 20
    endloop
  endfacet
  facet normal 0 0 1
    outer loop
      vertex 0 -76.4027 20
      vertex 0 -79.4242 20
      vertex 0.980171 -79.3761 20
    endloop
  endfacet
  facet normal 0 0 1
    outer loop
      vertex 0 -76.4027 20
      vertex -0.980171 -79.3761 20
      vertex 0 -79.4242 20
    endloop
  endfacet
  facet normal 0 0 1
    outer loop
      vertex -0.980494 -76.3545 20
      vertex -0.980171 -79.3761 20
      vertex 0 -76.4027 20
    endloop
  endfacet
  facet normal 0 0 1
    outer loop
      vertex -7.48877 -76.0348 20
      vertex -0.980171 -79.3761 20
      vertex -0.980494 -76.3545 20
    endloop
  endfacet
  facet normal 0 0 1
    outer loop
      vertex -7.48877 -76.0348 20
      vertex -7.78494 -79.0418 20
      vertex -0.980171 -79.3761 20
    endloop
  endfacet
  facet normal 0 0 1
    outer loop
      vertex -7.48877 -76.0348 20
      vertex -8.75567 -78.8978 20
      vertex -7.78494 -79.0418 20
    endloop
  endfacet
  facet normal 0 0 1
    outer loop
      vertex -13.9344 -75.0787 20
      vertex -8.75567 -78.8978 20
      vertex -7.48877 -76.0348 20
    endloop
  endfacet
  facet normal 0 0 1
    outer loop
      vertex -15.4949 -77.8981 20
      vertex -13.9344 -75.0787 20
      vertex -14.9054 -74.9346 20
    endloop
  endfacet
  facet normal 0 0 1
    outer loop
      vertex -13.9344 -75.0787 20
      vertex -15.4949 -77.8981 20
      vertex -8.75567 -78.8978 20
    endloop
  endfacet
  facet normal 0 0 1
    outer loop
      vertex -16.4468 -77.6597 20
      vertex -14.9054 -74.9346 20
      vertex -15.8577 -74.6961 20
    endloop
  endfacet
  facet normal 0 0 1
    outer loop
      vertex -14.9054 -74.9346 20
      vertex -16.4468 -77.6597 20
      vertex -15.4949 -77.8981 20
    endloop
  endfacet
  facet normal 0 0 1
    outer loop
      vertex -22.1785 -73.1128 20
      vertex -16.4468 -77.6597 20
      vertex -15.8577 -74.6961 20
    endloop
  endfacet
  facet normal 0 0 1
    outer loop
      vertex -22.1785 -73.1128 20
      vertex -23.0556 -76.0043 20
      vertex -16.4468 -77.6597 20
    endloop
  endfacet
  facet normal 0 0 1
    outer loop
      vertex -23.1028 -72.7821 20
      vertex -23.0556 -76.0043 20
      vertex -22.1785 -73.1128 20
    endloop
  endfacet
  facet normal 0 0 1
    outer loop
      vertex -29.4704 -73.709 20
      vertex -23.1028 -72.7821 20
      vertex -29.238 -70.5869 20
    endloop
  endfacet
  facet normal 0 0 1
    outer loop
      vertex -23.1028 -72.7821 20
      vertex -29.4704 -73.709 20
      vertex -23.0556 -76.0043 20
    endloop
  endfacet
  facet normal 0 0 1
    outer loop
      vertex -29.238 -70.5869 20
      vertex -30.3943 -73.3784 20
      vertex -29.4704 -73.709 20
    endloop
  endfacet
  facet normal 0 0 1
    outer loop
      vertex -35 -71.2001 20
      vertex -29.238 -70.5869 20
      vertex -35 -67.8617 20
    endloop
  endfacet
  facet normal 0 0 1
    outer loop
      vertex -29.238 -70.5869 20
      vertex -35 -71.2001 20
      vertex -30.3943 -73.3784 20
    endloop
  endfacet
  facet normal -0.998795 0 -0.0490791
    outer loop
      vertex 4.5 -81.0698 108
      vertex 4.47833 -78.0892 108.441
      vertex 4.5 -78.0786 108
    endloop
  endfacet
  facet normal -0.998795 -0 -0.0490791
    outer loop
      vertex 4.47833 -78.0892 108.441
      vertex 4.5 -81.0698 108
      vertex 4.47833 -81.0803 108.441
    endloop
  endfacet
  facet normal -0.595607 -0 -0.803276
    outer loop
      vertex 2.50007 -78.2575 111.742
      vertex 2.85477 -81.2244 111.479
      vertex 2.50007 -81.2475 111.742
    endloop
  endfacet
  facet normal -0.595607 0 -0.803276
    outer loop
      vertex 2.85477 -81.2244 111.479
      vertex 2.50007 -78.2575 111.742
      vertex 2.85477 -78.2344 111.479
    endloop
  endfacet
  facet normal 0.42605 0 -0.9047
    outer loop
      vertex -2.12128 -81.2709 111.969
      vertex -1.72207 -78.3047 112.157
      vertex -1.72207 -81.2945 112.157
    endloop
  endfacet
  facet normal 0.42605 0 -0.9047
    outer loop
      vertex -1.72207 -78.3047 112.157
      vertex -2.12128 -81.2709 111.969
      vertex -2.12128 -78.281 111.969
    endloop
  endfacet
  facet normal -0.903904 0 -0.427735
    outer loop
      vertex 4.15746 -81.1232 109.722
      vertex 3.96865 -78.1505 110.121
      vertex 4.15746 -78.1326 109.722
    endloop
  endfacet
  facet normal -0.903904 -0 -0.427735
    outer loop
      vertex 3.96865 -78.1505 110.121
      vertex 4.15746 -81.1232 109.722
      vertex 3.96865 -81.1409 110.121
    endloop
  endfacet
  facet normal -0.337347 -0 -0.94138
    outer loop
      vertex 1.30628 -78.3284 112.306
      vertex 1.72207 -81.2945 112.157
      vertex 1.30628 -81.3181 112.306
    endloop
  endfacet
  facet normal -0.337347 0 -0.94138
    outer loop
      vertex 1.72207 -81.2945 112.157
      vertex 1.30628 -78.3284 112.306
      vertex 1.72207 -78.3047 112.157
    endloop
  endfacet
  facet normal 0.244466 0 -0.969658
    outer loop
      vertex -1.30628 -81.3181 112.306
      vertex -0.877906 -78.3517 112.414
      vertex -0.877906 -81.3414 112.414
    endloop
  endfacet
  facet normal 0.244466 0 -0.969658
    outer loop
      vertex -0.877906 -78.3517 112.414
      vertex -1.30628 -81.3181 112.306
      vertex -1.30628 -78.3284 112.306
    endloop
  endfacet
  facet normal -0.998795 0 0.0490791
    outer loop
      vertex 4.47833 -81.0615 107.559
      vertex 4.5 -78.0786 108
      vertex 4.47833 -78.0702 107.559
    endloop
  endfacet
  facet normal -0.998795 0 0.0490791
    outer loop
      vertex 4.5 -78.0786 108
      vertex 4.47833 -81.0615 107.559
      vertex 4.5 -81.0698 108
    endloop
  endfacet
  facet normal 0.903904 -0 0.427735
    outer loop
      vertex -4.15746 -81.0501 106.278
      vertex -3.96865 -78.059 105.879
      vertex -4.15746 -78.0583 106.278
    endloop
  endfacet
  facet normal 0.903904 0 0.427735
    outer loop
      vertex -3.96865 -78.059 105.879
      vertex -4.15746 -81.0501 106.278
      vertex -3.96865 -81.0509 105.879
    endloop
  endfacet
  facet normal -0.989184 0 -0.14668
    outer loop
      vertex 4.47833 -81.0803 108.441
      vertex 4.41353 -78.1018 108.878
      vertex 4.47833 -78.0892 108.441
    endloop
  endfacet
  facet normal -0.989184 -0 -0.14668
    outer loop
      vertex 4.41353 -78.1018 108.878
      vertex 4.47833 -81.0803 108.441
      vertex 4.41353 -81.0927 108.878
    endloop
  endfacet
  facet normal -0.969982 0 -0.243175
    outer loop
      vertex 4.41353 -81.0927 108.878
      vertex 4.30623 -78.1163 109.306
      vertex 4.41353 -78.1018 108.878
    endloop
  endfacet
  facet normal -0.969982 -0 -0.243175
    outer loop
      vertex 4.30623 -78.1163 109.306
      vertex 4.41353 -81.0927 108.878
      vertex 4.30623 -81.1071 109.306
    endloop
  endfacet
  facet normal -0.803452 0 -0.595369
    outer loop
      vertex 3.74161 -81.1601 110.5
      vertex 3.47855 -78.1904 110.855
      vertex 3.74161 -78.1698 110.5
    endloop
  endfacet
  facet normal -0.803452 -0 -0.595369
    outer loop
      vertex 3.47855 -78.1904 110.855
      vertex 3.74161 -81.1601 110.5
      vertex 3.47855 -81.1806 110.855
    endloop
  endfacet
  facet normal -0.857852 0 -0.513896
    outer loop
      vertex 3.96865 -81.1409 110.121
      vertex 3.74161 -78.1698 110.5
      vertex 3.96865 -78.1505 110.121
    endloop
  endfacet
  facet normal -0.857852 -0 -0.513896
    outer loop
      vertex 3.74161 -78.1698 110.5
      vertex 3.96865 -81.1409 110.121
      vertex 3.74161 -81.1601 110.5
    endloop
  endfacet
  facet normal -0.672098 -0 -0.740462
    outer loop
      vertex 2.85477 -78.2344 111.479
      vertex 3.18198 -81.2021 111.182
      vertex 2.85477 -81.2244 111.479
    endloop
  endfacet
  facet normal -0.672098 0 -0.740462
    outer loop
      vertex 3.18198 -81.2021 111.182
      vertex 2.85477 -78.2344 111.479
      vertex 3.18198 -78.212 111.182
    endloop
  endfacet
  facet normal -0.514039 -0 -0.857767
    outer loop
      vertex 2.12128 -78.281 111.969
      vertex 2.50007 -81.2475 111.742
      vertex 2.12128 -81.2709 111.969
    endloop
  endfacet
  facet normal -0.514039 0 -0.857767
    outer loop
      vertex 2.50007 -81.2475 111.742
      vertex 2.12128 -78.281 111.969
      vertex 2.50007 -78.2575 111.742
    endloop
  endfacet
  facet normal 0.0498161 0 -0.998758
    outer loop
      vertex -0.441076 -81.3642 112.478
      vertex 0 -78.3967 112.5
      vertex 0 -81.3864 112.5
    endloop
  endfacet
  facet normal 0.0498161 0 -0.998758
    outer loop
      vertex 0 -78.3967 112.5
      vertex -0.441076 -81.3642 112.478
      vertex -0.441076 -78.3746 112.478
    endloop
  endfacet
  facet normal -0.244466 -0 -0.969658
    outer loop
      vertex 0.877906 -78.3517 112.414
      vertex 1.30628 -81.3181 112.306
      vertex 0.877906 -81.3414 112.414
    endloop
  endfacet
  facet normal -0.244466 0 -0.969658
    outer loop
      vertex 1.30628 -81.3181 112.306
      vertex 0.877906 -78.3517 112.414
      vertex 1.30628 -78.3284 112.306
    endloop
  endfacet
  facet normal -0.144963 -0 -0.989437
    outer loop
      vertex 0.441076 -78.3746 112.478
      vertex 0.877906 -81.3414 112.414
      vertex 0.441076 -81.3642 112.478
    endloop
  endfacet
  facet normal -0.144963 0 -0.989437
    outer loop
      vertex 0.877906 -81.3414 112.414
      vertex 0.441076 -78.3746 112.478
      vertex 0.877906 -78.3517 112.414
    endloop
  endfacet
  facet normal 0.969982 0 -0.243175
    outer loop
      vertex -4.30623 -78.1163 109.306
      vertex -4.41353 -81.0927 108.878
      vertex -4.41353 -78.1018 108.878
    endloop
  endfacet
  facet normal 0.969982 0 -0.243175
    outer loop
      vertex -4.41353 -81.0927 108.878
      vertex -4.30623 -78.1163 109.306
      vertex -4.30623 -81.1071 109.306
    endloop
  endfacet
  facet normal 0.989184 0 -0.14668
    outer loop
      vertex -4.41353 -78.1018 108.878
      vertex -4.47833 -81.0803 108.441
      vertex -4.47833 -78.0892 108.441
    endloop
  endfacet
  facet normal 0.989184 0 -0.14668
    outer loop
      vertex -4.47833 -81.0803 108.441
      vertex -4.41353 -78.1018 108.878
      vertex -4.41353 -81.0927 108.878
    endloop
  endfacet
  facet normal 0.857852 0 -0.513896
    outer loop
      vertex -3.74161 -78.1698 110.5
      vertex -3.96865 -81.1409 110.121
      vertex -3.96865 -78.1505 110.121
    endloop
  endfacet
  facet normal 0.857852 0 -0.513896
    outer loop
      vertex -3.96865 -81.1409 110.121
      vertex -3.74161 -78.1698 110.5
      vertex -3.74161 -81.1601 110.5
    endloop
  endfacet
  facet normal 0.803452 0 -0.595369
    outer loop
      vertex -3.47855 -78.1904 110.855
      vertex -3.74161 -81.1601 110.5
      vertex -3.74161 -78.1698 110.5
    endloop
  endfacet
  facet normal 0.803452 0 -0.595369
    outer loop
      vertex -3.74161 -81.1601 110.5
      vertex -3.47855 -78.1904 110.855
      vertex -3.47855 -81.1806 110.855
    endloop
  endfacet
  facet normal 0.144963 0 -0.989437
    outer loop
      vertex -0.877906 -81.3414 112.414
      vertex -0.441076 -78.3746 112.478
      vertex -0.441076 -81.3642 112.478
    endloop
  endfacet
  facet normal 0.144963 0 -0.989437
    outer loop
      vertex -0.441076 -78.3746 112.478
      vertex -0.877906 -81.3414 112.414
      vertex -0.877906 -78.3517 112.414
    endloop
  endfacet
  facet normal 0.595607 0 -0.803276
    outer loop
      vertex -2.85477 -81.2244 111.479
      vertex -2.50007 -78.2575 111.742
      vertex -2.50007 -81.2475 111.742
    endloop
  endfacet
  facet normal 0.595607 0 -0.803276
    outer loop
      vertex -2.50007 -78.2575 111.742
      vertex -2.85477 -81.2244 111.479
      vertex -2.85477 -78.2344 111.479
    endloop
  endfacet
  facet normal 0.514039 0 -0.857767
    outer loop
      vertex -2.50007 -81.2475 111.742
      vertex -2.12128 -78.281 111.969
      vertex -2.12128 -81.2709 111.969
    endloop
  endfacet
  facet normal 0.514039 0 -0.857767
    outer loop
      vertex -2.12128 -78.281 111.969
      vertex -2.50007 -81.2475 111.742
      vertex -2.50007 -78.2575 111.742
    endloop
  endfacet
  facet normal -0.969982 0 0.243175
    outer loop
      vertex 4.30623 -81.0517 106.694
      vertex 4.41353 -78.0639 107.122
      vertex 4.30623 -78.06 106.694
    endloop
  endfacet
  facet normal -0.969982 0 0.243175
    outer loop
      vertex 4.41353 -78.0639 107.122
      vertex 4.30623 -81.0517 106.694
      vertex 4.41353 -81.0555 107.122
    endloop
  endfacet
  facet normal -0.144963 0 0.989437
    outer loop
      vertex 0.441076 -78.1815 103.522
      vertex 0.877906 -81.1542 103.586
      vertex 0.877906 -78.1614 103.586
    endloop
  endfacet
  facet normal -0.144963 0 0.989437
    outer loop
      vertex 0.877906 -81.1542 103.586
      vertex 0.441076 -78.1815 103.522
      vertex 0.441076 -81.1742 103.522
    endloop
  endfacet
  facet normal -0.514039 0 0.857767
    outer loop
      vertex 2.12128 -78.1099 104.031
      vertex 2.50007 -81.0887 104.258
      vertex 2.50007 -78.0962 104.258
    endloop
  endfacet
  facet normal -0.514039 0 0.857767
    outer loop
      vertex 2.50007 -81.0887 104.258
      vertex 2.12128 -78.1099 104.031
      vertex 2.12128 -81.1025 104.031
    endloop
  endfacet
  facet normal -0.803452 0 0.595369
    outer loop
      vertex 3.47855 -78.0673 105.145
      vertex 3.74161 -81.0541 105.5
      vertex 3.74161 -78.062 105.5
    endloop
  endfacet
  facet normal -0.803452 0 0.595369
    outer loop
      vertex 3.74161 -81.0541 105.5
      vertex 3.47855 -78.0673 105.145
      vertex 3.47855 -81.0595 105.145
    endloop
  endfacet
  facet normal 0.244466 -0 0.969658
    outer loop
      vertex -1.30628 -81.1354 103.694
      vertex -0.877906 -78.1614 103.586
      vertex -1.30628 -78.1427 103.694
    endloop
  endfacet
  facet normal 0.244466 0 0.969658
    outer loop
      vertex -0.877906 -78.1614 103.586
      vertex -1.30628 -81.1354 103.694
      vertex -0.877906 -81.1542 103.586
    endloop
  endfacet
  facet normal 0.595607 -0 0.803276
    outer loop
      vertex -2.85477 -81.0769 104.521
      vertex -2.50007 -78.0962 104.258
      vertex -2.85477 -78.0845 104.521
    endloop
  endfacet
  facet normal 0.595607 0 0.803276
    outer loop
      vertex -2.50007 -78.0962 104.258
      vertex -2.85477 -81.0769 104.521
      vertex -2.50007 -81.0887 104.258
    endloop
  endfacet
  facet normal 0.740732 -0 0.671801
    outer loop
      vertex -3.47855 -81.0595 105.145
      vertex -3.18198 -78.0748 104.818
      vertex -3.47855 -78.0673 105.145
    endloop
  endfacet
  facet normal 0.740732 0 0.671801
    outer loop
      vertex -3.18198 -78.0748 104.818
      vertex -3.47855 -81.0595 105.145
      vertex -3.18198 -81.0671 104.818
    endloop
  endfacet
  facet normal -0.941599 0 -0.336735
    outer loop
      vertex 4.30623 -81.1071 109.306
      vertex 4.15746 -78.1326 109.722
      vertex 4.30623 -78.1163 109.306
    endloop
  endfacet
  facet normal -0.941599 -0 -0.336735
    outer loop
      vertex 4.15746 -78.1326 109.722
      vertex 4.30623 -81.1071 109.306
      vertex 4.15746 -81.1232 109.722
    endloop
  endfacet
  facet normal -0.740732 0 -0.671801
    outer loop
      vertex 3.47855 -81.1806 110.855
      vertex 3.18198 -78.212 111.182
      vertex 3.47855 -78.1904 110.855
    endloop
  endfacet
  facet normal -0.740732 -0 -0.671801
    outer loop
      vertex 3.18198 -78.212 111.182
      vertex 3.47855 -81.1806 110.855
      vertex 3.18198 -81.2021 111.182
    endloop
  endfacet
  facet normal -0.42605 -0 -0.9047
    outer loop
      vertex 1.72207 -78.3047 112.157
      vertex 2.12128 -81.2709 111.969
      vertex 1.72207 -81.2945 112.157
    endloop
  endfacet
  facet normal -0.42605 0 -0.9047
    outer loop
      vertex 2.12128 -81.2709 111.969
      vertex 1.72207 -78.3047 112.157
      vertex 2.12128 -78.281 111.969
    endloop
  endfacet
  facet normal -0.0498161 -0 -0.998758
    outer loop
      vertex 0 -78.3967 112.5
      vertex 0.441076 -81.3642 112.478
      vertex 0 -81.3864 112.5
    endloop
  endfacet
  facet normal -0.0498161 0 -0.998758
    outer loop
      vertex 0.441076 -81.3642 112.478
      vertex 0 -78.3967 112.5
      vertex 0.441076 -78.3746 112.478
    endloop
  endfacet
  facet normal 0.998795 0 -0.0490791
    outer loop
      vertex -4.47833 -78.0892 108.441
      vertex -4.5 -81.0698 108
      vertex -4.5 -78.0786 108
    endloop
  endfacet
  facet normal 0.998795 0 -0.0490791
    outer loop
      vertex -4.5 -81.0698 108
      vertex -4.47833 -78.0892 108.441
      vertex -4.47833 -81.0803 108.441
    endloop
  endfacet
  facet normal 0.998795 0 0.0490791
    outer loop
      vertex -4.5 -78.0786 108
      vertex -4.47833 -81.0615 107.559
      vertex -4.47833 -78.0702 107.559
    endloop
  endfacet
  facet normal 0.998795 0 0.0490791
    outer loop
      vertex -4.47833 -81.0615 107.559
      vertex -4.5 -78.0786 108
      vertex -4.5 -81.0698 108
    endloop
  endfacet
  facet normal 0.903904 0 -0.427735
    outer loop
      vertex -3.96865 -78.1505 110.121
      vertex -4.15746 -81.1232 109.722
      vertex -4.15746 -78.1326 109.722
    endloop
  endfacet
  facet normal 0.903904 0 -0.427735
    outer loop
      vertex -4.15746 -81.1232 109.722
      vertex -3.96865 -78.1505 110.121
      vertex -3.96865 -81.1409 110.121
    endloop
  endfacet
  facet normal 0.941599 0 -0.336735
    outer loop
      vertex -4.15746 -78.1326 109.722
      vertex -4.30623 -81.1071 109.306
      vertex -4.30623 -78.1163 109.306
    endloop
  endfacet
  facet normal 0.941599 0 -0.336735
    outer loop
      vertex -4.30623 -81.1071 109.306
      vertex -4.15746 -78.1326 109.722
      vertex -4.15746 -81.1232 109.722
    endloop
  endfacet
  facet normal 0.337347 0 -0.94138
    outer loop
      vertex -1.72207 -81.2945 112.157
      vertex -1.30628 -78.3284 112.306
      vertex -1.30628 -81.3181 112.306
    endloop
  endfacet
  facet normal 0.337347 0 -0.94138
    outer loop
      vertex -1.30628 -78.3284 112.306
      vertex -1.72207 -81.2945 112.157
      vertex -1.72207 -78.3047 112.157
    endloop
  endfacet
  facet normal 0.672098 0 -0.740462
    outer loop
      vertex -3.18198 -81.2021 111.182
      vertex -2.85477 -78.2344 111.479
      vertex -2.85477 -81.2244 111.479
    endloop
  endfacet
  facet normal 0.672098 0 -0.740462
    outer loop
      vertex -2.85477 -78.2344 111.479
      vertex -3.18198 -81.2021 111.182
      vertex -3.18198 -78.212 111.182
    endloop
  endfacet
  facet normal 0.740732 0 -0.671801
    outer loop
      vertex -3.18198 -78.212 111.182
      vertex -3.47855 -81.1806 110.855
      vertex -3.47855 -78.1904 110.855
    endloop
  endfacet
  facet normal 0.740732 0 -0.671801
    outer loop
      vertex -3.47855 -81.1806 110.855
      vertex -3.18198 -78.212 111.182
      vertex -3.18198 -81.2021 111.182
    endloop
  endfacet
  facet normal -0.989184 0 0.14668
    outer loop
      vertex 4.41353 -81.0555 107.122
      vertex 4.47833 -78.0702 107.559
      vertex 4.41353 -78.0639 107.122
    endloop
  endfacet
  facet normal -0.989184 0 0.14668
    outer loop
      vertex 4.47833 -78.0702 107.559
      vertex 4.41353 -81.0555 107.122
      vertex 4.47833 -81.0615 107.559
    endloop
  endfacet
  facet normal -0.244466 0 0.969658
    outer loop
      vertex 0.877906 -78.1614 103.586
      vertex 1.30628 -81.1354 103.694
      vertex 1.30628 -78.1427 103.694
    endloop
  endfacet
  facet normal -0.244466 0 0.969658
    outer loop
      vertex 1.30628 -81.1354 103.694
      vertex 0.877906 -78.1614 103.586
      vertex 0.877906 -81.1542 103.586
    endloop
  endfacet
  facet normal -0.337347 0 0.94138
    outer loop
      vertex 1.30628 -78.1427 103.694
      vertex 1.72207 -81.1181 103.843
      vertex 1.72207 -78.1255 103.843
    endloop
  endfacet
  facet normal -0.337347 0 0.94138
    outer loop
      vertex 1.72207 -81.1181 103.843
      vertex 1.30628 -78.1427 103.694
      vertex 1.30628 -81.1354 103.694
    endloop
  endfacet
  facet normal -0.42605 0 0.9047
    outer loop
      vertex 1.72207 -78.1255 103.843
      vertex 2.12128 -81.1025 104.031
      vertex 2.12128 -78.1099 104.031
    endloop
  endfacet
  facet normal -0.42605 0 0.9047
    outer loop
      vertex 2.12128 -81.1025 104.031
      vertex 1.72207 -78.1255 103.843
      vertex 1.72207 -81.1181 103.843
    endloop
  endfacet
  facet normal -0.672098 0 0.740462
    outer loop
      vertex 2.85477 -78.0845 104.521
      vertex 3.18198 -81.0671 104.818
      vertex 3.18198 -78.0748 104.818
    endloop
  endfacet
  facet normal -0.672098 0 0.740462
    outer loop
      vertex 3.18198 -81.0671 104.818
      vertex 2.85477 -78.0845 104.521
      vertex 2.85477 -81.0769 104.521
    endloop
  endfacet
  facet normal -0.740732 0 0.671801
    outer loop
      vertex 3.18198 -78.0748 104.818
      vertex 3.47855 -81.0595 105.145
      vertex 3.47855 -78.0673 105.145
    endloop
  endfacet
  facet normal -0.740732 0 0.671801
    outer loop
      vertex 3.47855 -81.0595 105.145
      vertex 3.18198 -78.0748 104.818
      vertex 3.18198 -81.0671 104.818
    endloop
  endfacet
  facet normal -0.595607 0 0.803276
    outer loop
      vertex 2.50007 -78.0962 104.258
      vertex 2.85477 -81.0769 104.521
      vertex 2.85477 -78.0845 104.521
    endloop
  endfacet
  facet normal -0.595607 0 0.803276
    outer loop
      vertex 2.85477 -81.0769 104.521
      vertex 2.50007 -78.0962 104.258
      vertex 2.50007 -81.0887 104.258
    endloop
  endfacet
  facet normal -0.903904 0 0.427735
    outer loop
      vertex 3.96865 -78.059 105.879
      vertex 4.15746 -81.0501 106.278
      vertex 4.15746 -78.0583 106.278
    endloop
  endfacet
  facet normal -0.903904 0 0.427735
    outer loop
      vertex 4.15746 -81.0501 106.278
      vertex 3.96865 -78.059 105.879
      vertex 3.96865 -81.0509 105.879
    endloop
  endfacet
  facet normal -0.941599 0 0.336735
    outer loop
      vertex 4.15746 -81.0501 106.278
      vertex 4.30623 -78.06 106.694
      vertex 4.15746 -78.0583 106.278
    endloop
  endfacet
  facet normal -0.941599 0 0.336735
    outer loop
      vertex 4.30623 -78.06 106.694
      vertex 4.15746 -81.0501 106.278
      vertex 4.30623 -81.0517 106.694
    endloop
  endfacet
  facet normal -0.857852 0 0.513896
    outer loop
      vertex 3.74161 -78.062 105.5
      vertex 3.96865 -81.0509 105.879
      vertex 3.96865 -78.059 105.879
    endloop
  endfacet
  facet normal -0.857852 0 0.513896
    outer loop
      vertex 3.96865 -81.0509 105.879
      vertex 3.74161 -78.062 105.5
      vertex 3.74161 -81.0541 105.5
    endloop
  endfacet
  facet normal 0.0498161 -0 0.998758
    outer loop
      vertex -0.441076 -81.1742 103.522
      vertex 0 -78.2027 103.5
      vertex -0.441076 -78.1815 103.522
    endloop
  endfacet
  facet normal 0.0498161 0 0.998758
    outer loop
      vertex 0 -78.2027 103.5
      vertex -0.441076 -81.1742 103.522
      vertex 0 -81.1955 103.5
    endloop
  endfacet
  facet normal -0.0498161 0 0.998758
    outer loop
      vertex 0 -78.2027 103.5
      vertex 0.441076 -81.1742 103.522
      vertex 0.441076 -78.1815 103.522
    endloop
  endfacet
  facet normal -0.0498161 0 0.998758
    outer loop
      vertex 0.441076 -81.1742 103.522
      vertex 0 -78.2027 103.5
      vertex 0 -81.1955 103.5
    endloop
  endfacet
  facet normal 0.144963 -0 0.989437
    outer loop
      vertex -0.877906 -81.1542 103.586
      vertex -0.441076 -78.1815 103.522
      vertex -0.877906 -78.1614 103.586
    endloop
  endfacet
  facet normal 0.144963 0 0.989437
    outer loop
      vertex -0.441076 -78.1815 103.522
      vertex -0.877906 -81.1542 103.586
      vertex -0.441076 -81.1742 103.522
    endloop
  endfacet
  facet normal 0.42605 -0 0.9047
    outer loop
      vertex -2.12128 -81.1025 104.031
      vertex -1.72207 -78.1255 103.843
      vertex -2.12128 -78.1099 104.031
    endloop
  endfacet
  facet normal 0.42605 0 0.9047
    outer loop
      vertex -1.72207 -78.1255 103.843
      vertex -2.12128 -81.1025 104.031
      vertex -1.72207 -81.1181 103.843
    endloop
  endfacet
  facet normal 0.337347 -0 0.94138
    outer loop
      vertex -1.72207 -81.1181 103.843
      vertex -1.30628 -78.1427 103.694
      vertex -1.72207 -78.1255 103.843
    endloop
  endfacet
  facet normal 0.337347 0 0.94138
    outer loop
      vertex -1.30628 -78.1427 103.694
      vertex -1.72207 -81.1181 103.843
      vertex -1.30628 -81.1354 103.694
    endloop
  endfacet
  facet normal 0.514039 -0 0.857767
    outer loop
      vertex -2.50007 -81.0887 104.258
      vertex -2.12128 -78.1099 104.031
      vertex -2.50007 -78.0962 104.258
    endloop
  endfacet
  facet normal 0.514039 0 0.857767
    outer loop
      vertex -2.12128 -78.1099 104.031
      vertex -2.50007 -81.0887 104.258
      vertex -2.12128 -81.1025 104.031
    endloop
  endfacet
  facet normal 0.941599 0 0.336735
    outer loop
      vertex -4.30623 -78.06 106.694
      vertex -4.15746 -81.0501 106.278
      vertex -4.15746 -78.0583 106.278
    endloop
  endfacet
  facet normal 0.941599 0 0.336735
    outer loop
      vertex -4.15746 -81.0501 106.278
      vertex -4.30623 -78.06 106.694
      vertex -4.30623 -81.0517 106.694
    endloop
  endfacet
  facet normal 0.989184 0 0.14668
    outer loop
      vertex -4.47833 -78.0702 107.559
      vertex -4.41353 -81.0555 107.122
      vertex -4.41353 -78.0639 107.122
    endloop
  endfacet
  facet normal 0.989184 0 0.14668
    outer loop
      vertex -4.41353 -81.0555 107.122
      vertex -4.47833 -78.0702 107.559
      vertex -4.47833 -81.0615 107.559
    endloop
  endfacet
  facet normal 0.969982 0 0.243175
    outer loop
      vertex -4.41353 -78.0639 107.122
      vertex -4.30623 -81.0517 106.694
      vertex -4.30623 -78.06 106.694
    endloop
  endfacet
  facet normal 0.969982 0 0.243175
    outer loop
      vertex -4.30623 -81.0517 106.694
      vertex -4.41353 -78.0639 107.122
      vertex -4.41353 -81.0555 107.122
    endloop
  endfacet
  facet normal 0.857852 -0 0.513896
    outer loop
      vertex -3.96865 -81.0509 105.879
      vertex -3.74161 -78.062 105.5
      vertex -3.96865 -78.059 105.879
    endloop
  endfacet
  facet normal 0.857852 0 0.513896
    outer loop
      vertex -3.74161 -78.062 105.5
      vertex -3.96865 -81.0509 105.879
      vertex -3.74161 -81.0541 105.5
    endloop
  endfacet
  facet normal 0.803452 -0 0.595369
    outer loop
      vertex -3.74161 -81.0541 105.5
      vertex -3.47855 -78.0673 105.145
      vertex -3.74161 -78.062 105.5
    endloop
  endfacet
  facet normal 0.803452 0 0.595369
    outer loop
      vertex -3.47855 -78.0673 105.145
      vertex -3.74161 -81.0541 105.5
      vertex -3.47855 -81.0595 105.145
    endloop
  endfacet
  facet normal 0.672098 -0 0.740462
    outer loop
      vertex -3.18198 -81.0671 104.818
      vertex -2.85477 -78.0845 104.521
      vertex -3.18198 -78.0748 104.818
    endloop
  endfacet
  facet normal 0.672098 0 0.740462
    outer loop
      vertex -2.85477 -78.0845 104.521
      vertex -3.18198 -81.0671 104.818
      vertex -2.85477 -81.0769 104.521
    endloop
  endfacet
endsolid OpenSCAD_Model
