solid OpenSCAD_Model
  facet normal -1 0 0
    outer loop
      vertex -12 0 15
      vertex -12 14 3
      vertex -12 0 3
    endloop
  endfacet
  facet normal -0 0.650791 0.759257
    outer loop
      vertex -12 14 3
      vertex -9 0 15
      vertex -9 14 3
    endloop
  endfacet
  facet normal 0 0.650791 0.759257
    outer loop
      vertex -9 0 15
      vertex -12 14 3
      vertex -12 0 15
    endloop
  endfacet
  facet normal 0 0 1
    outer loop
      vertex -9.0347 20.6875 3
      vertex -9 14 3
      vertex -8.9646 20.6711 3
    endloop
  endfacet
  facet normal 0 0 1
    outer loop
      vertex -9.10358 20.7084 3
      vertex -9 14 3
      vertex -9.0347 20.6875 3
    endloop
  endfacet
  facet normal 0 0 1
    outer loop
      vertex -9.17095 20.7337 3
      vertex -9 14 3
      vertex -9.10358 20.7084 3
    endloop
  endfacet
  facet normal 0 0 1
    outer loop
      vertex -12 14 3
      vertex -9.17095 20.7337 3
      vertex -9.23652 20.7634 3
    endloop
  endfacet
  facet normal 0 0 1
    outer loop
      vertex -12 14 3
      vertex -9.23652 20.7634 3
      vertex -9.3 20.7974 3
    endloop
  endfacet
  facet normal 0 0 1
    outer loop
      vertex -12 14 3
      vertex -9.3 20.7974 3
      vertex -9.36113 20.8354 3
    endloop
  endfacet
  facet normal 0 0 1
    outer loop
      vertex -12 14 3
      vertex -9.36113 20.8354 3
      vertex -9.41964 20.8773 3
    endloop
  endfacet
  facet normal 0 0 1
    outer loop
      vertex -12 14 3
      vertex -9.41964 20.8773 3
      vertex -9.47528 20.923 3
    endloop
  endfacet
  facet normal 0 0 1
    outer loop
      vertex -12 14 3
      vertex -9.47528 20.923 3
      vertex -9.52782 20.9722 3
    endloop
  endfacet
  facet normal 0 0 1
    outer loop
      vertex -12 14 3
      vertex -9.52782 20.9722 3
      vertex -9.57702 21.0247 3
    endloop
  endfacet
  facet normal 0 0 1
    outer loop
      vertex -12 14 3
      vertex -9.57702 21.0247 3
      vertex -9.62269 21.0804 3
    endloop
  endfacet
  facet normal 0 0 1
    outer loop
      vertex -12 14 3
      vertex -9.62269 21.0804 3
      vertex -9.66462 21.1389 3
    endloop
  endfacet
  facet normal 0 0 1
    outer loop
      vertex -12 14 3
      vertex -9.66462 21.1389 3
      vertex -9.70263 21.2 3
    endloop
  endfacet
  facet normal 0 0 1
    outer loop
      vertex -12 14 3
      vertex -9.70263 21.2 3
      vertex -9.73656 21.2635 3
    endloop
  endfacet
  facet normal 0 0 1
    outer loop
      vertex -12 14 3
      vertex -9.73656 21.2635 3
      vertex -9.76627 21.329 3
    endloop
  endfacet
  facet normal 0 0 1
    outer loop
      vertex -12 14 3
      vertex -9.76627 21.329 3
      vertex -9.79162 21.3964 3
    endloop
  endfacet
  facet normal 0 0 1
    outer loop
      vertex -12 14 3
      vertex -9.79162 21.3964 3
      vertex -9.81252 21.4653 3
    endloop
  endfacet
  facet normal 0 0 1
    outer loop
      vertex -12 14 3
      vertex -9.81252 21.4653 3
      vertex -9.82886 21.5354 3
    endloop
  endfacet
  facet normal 0 0 1
    outer loop
      vertex -12 14 3
      vertex -9.82886 21.5354 3
      vertex -9.84059 21.6064 3
    endloop
  endfacet
  facet normal 0 0 1
    outer loop
      vertex -9.17095 20.7337 3
      vertex -12 14 3
      vertex -9 14 3
    endloop
  endfacet
  facet normal 0 0 1
    outer loop
      vertex -9.84764 21.6781 3
      vertex -12 14 3
      vertex -9.84059 21.6064 3
    endloop
  endfacet
  facet normal 0 0 1
    outer loop
      vertex -12 14 3
      vertex -9.84764 21.6781 3
      vertex -9.85 21.75 3
    endloop
  endfacet
  facet normal 0 0 1
    outer loop
      vertex -9 14 3
      vertex -8.9 20.6605 3
      vertex -8.9646 20.6711 3
    endloop
  endfacet
  facet normal -0 0 1
    outer loop
      vertex 11.6658 15.5535 3
      vertex 12 14 3
      vertex 12.0693 15.6201 3
    endloop
  endfacet
  facet normal -0 0 1
    outer loop
      vertex 11.2588 15.5134 3
      vertex 12 14 3
      vertex 11.6658 15.5535 3
    endloop
  endfacet
  facet normal -0 0 1
    outer loop
      vertex 10.85 15.5 3
      vertex 12 14 3
      vertex 11.2588 15.5134 3
    endloop
  endfacet
  facet normal 0 0 1
    outer loop
      vertex 10.85 15.5 3
      vertex 9 14 3
      vertex 12 14 3
    endloop
  endfacet
  facet normal -0 0 1
    outer loop
      vertex 0.249999 15.5 3
      vertex 9 14 3
      vertex 10.85 15.5 3
    endloop
  endfacet
  facet normal 0 0 1
    outer loop
      vertex 0.249999 15.5 3
      vertex 9 0 3
      vertex 9 14 3
    endloop
  endfacet
  facet normal 0 0 1
    outer loop
      vertex -6.2 12.9 3
      vertex 0.249999 15.5 3
      vertex -0.158769 15.5134 3
    endloop
  endfacet
  facet normal 0 0 1
    outer loop
      vertex -6.2 12.9 3
      vertex -0.158769 15.5134 3
      vertex -0.565788 15.5535 3
    endloop
  endfacet
  facet normal 0 0 1
    outer loop
      vertex -6.2 12.9 3
      vertex -0.565788 15.5535 3
      vertex -0.969314 15.6201 3
    endloop
  endfacet
  facet normal 0 0 1
    outer loop
      vertex -6.2 12.9 3
      vertex -0.969314 15.6201 3
      vertex -1.36762 15.713 3
    endloop
  endfacet
  facet normal 0 0 1
    outer loop
      vertex -6.2 12.9 3
      vertex -1.36762 15.713 3
      vertex -1.759 15.8317 3
    endloop
  endfacet
  facet normal 0 0 1
    outer loop
      vertex -6.2 12.9 3
      vertex -1.759 15.8317 3
      vertex -2.14177 15.9758 3
    endloop
  endfacet
  facet normal 0 0 1
    outer loop
      vertex -6.2 12.9 3
      vertex -2.14177 15.9758 3
      vertex -2.5143 16.1445 3
    endloop
  endfacet
  facet normal 0 0 1
    outer loop
      vertex -6.2 12.9 3
      vertex -2.5143 16.1445 3
      vertex -2.875 16.3373 3
    endloop
  endfacet
  facet normal 0 0 1
    outer loop
      vertex -6.2 12.9 3
      vertex -2.875 16.3373 3
      vertex -3.22231 16.5533 3
    endloop
  endfacet
  facet normal 0 0 1
    outer loop
      vertex -6.2 12.9 3
      vertex -3.22231 16.5533 3
      vertex -3.55476 16.7915 3
    endloop
  endfacet
  facet normal 0 0 1
    outer loop
      vertex -6.2 12.9 3
      vertex -3.55476 16.7915 3
      vertex -3.87091 17.051 3
    endloop
  endfacet
  facet normal 0 0 1
    outer loop
      vertex -6.2 12.9 3
      vertex -3.87091 17.051 3
      vertex -4.16942 17.3306 3
    endloop
  endfacet
  facet normal 0 0 1
    outer loop
      vertex -6.2 12.9 3
      vertex -4.16942 17.3306 3
      vertex -4.449 17.6291 3
    endloop
  endfacet
  facet normal 0 0 1
    outer loop
      vertex -6.2 12.9 3
      vertex -4.449 17.6291 3
      vertex -4.70846 17.9452 3
    endloop
  endfacet
  facet normal 0 0 1
    outer loop
      vertex -6.2 12.9 3
      vertex -6 21.75 3
      vertex -6.2 28.2 3
    endloop
  endfacet
  facet normal 0 0 1
    outer loop
      vertex -6.2 12.9 3
      vertex -5.98662 21.3412 3
      vertex -6 21.75 3
    endloop
  endfacet
  facet normal 0 0 1
    outer loop
      vertex -6.2 12.9 3
      vertex -5.94653 20.9342 3
      vertex -5.98662 21.3412 3
    endloop
  endfacet
  facet normal 0 0 1
    outer loop
      vertex -6.2 12.9 3
      vertex -5.87991 20.5307 3
      vertex -5.94653 20.9342 3
    endloop
  endfacet
  facet normal 0 0 1
    outer loop
      vertex -6.2 12.9 3
      vertex -5.78704 20.1324 3
      vertex -5.87991 20.5307 3
    endloop
  endfacet
  facet normal 0 0 1
    outer loop
      vertex -6.2 12.9 3
      vertex -5.66831 19.741 3
      vertex -5.78704 20.1324 3
    endloop
  endfacet
  facet normal 0 0 1
    outer loop
      vertex -6.2 12.9 3
      vertex -5.52425 19.3582 3
      vertex -5.66831 19.741 3
    endloop
  endfacet
  facet normal 0 0 1
    outer loop
      vertex -6.2 12.9 3
      vertex -5.35545 18.9857 3
      vertex -5.52425 19.3582 3
    endloop
  endfacet
  facet normal 0 0 1
    outer loop
      vertex -6.2 12.9 3
      vertex -5.16266 18.625 3
      vertex -5.35545 18.9857 3
    endloop
  endfacet
  facet normal 0 0 1
    outer loop
      vertex -6.2 12.9 3
      vertex -4.94668 18.2777 3
      vertex -5.16266 18.625 3
    endloop
  endfacet
  facet normal 0 0 1
    outer loop
      vertex -6.2 12.9 3
      vertex -4.70846 17.9452 3
      vertex -4.94668 18.2777 3
    endloop
  endfacet
  facet normal 0 0 1
    outer loop
      vertex 0.249999 15.5 3
      vertex -6.2 12.9 3
      vertex 9 0 3
    endloop
  endfacet
  facet normal 0 0 1
    outer loop
      vertex -9 0 3
      vertex -6.2 12.9 3
      vertex -8.9 12.9 3
    endloop
  endfacet
  facet normal 0 0 1
    outer loop
      vertex -8.9 20.6605 3
      vertex -9 14 3
      vertex -8.9 12.9 3
    endloop
  endfacet
  facet normal 0 0 1
    outer loop
      vertex -6.2 12.9 3
      vertex -9 0 3
      vertex 9 0 3
    endloop
  endfacet
  facet normal 0 0 1
    outer loop
      vertex -9 0 3
      vertex -8.9 12.9 3
      vertex -9 14 3
    endloop
  endfacet
  facet normal 0 0 1
    outer loop
      vertex 17.3 28.2 3
      vertex 17.1 21.75 3
      vertex 17.3 12.9 3
    endloop
  endfacet
  facet normal 0 0 1
    outer loop
      vertex 17.3 28.2 3
      vertex 17.0866 22.1588 3
      vertex 17.1 21.75 3
    endloop
  endfacet
  facet normal 0 0 1
    outer loop
      vertex 17.3 28.2 3
      vertex 17.0465 22.5658 3
      vertex 17.0866 22.1588 3
    endloop
  endfacet
  facet normal 0 0 1
    outer loop
      vertex 17.3 28.2 3
      vertex 16.9799 22.9693 3
      vertex 17.0465 22.5658 3
    endloop
  endfacet
  facet normal 0 0 1
    outer loop
      vertex 17.3 28.2 3
      vertex 16.887 23.3676 3
      vertex 16.9799 22.9693 3
    endloop
  endfacet
  facet normal 0 0 1
    outer loop
      vertex 17.3 28.2 3
      vertex 16.7683 23.759 3
      vertex 16.887 23.3676 3
    endloop
  endfacet
  facet normal 0 0 1
    outer loop
      vertex 17.3 28.2 3
      vertex 16.6242 24.1418 3
      vertex 16.7683 23.759 3
    endloop
  endfacet
  facet normal 0 0 1
    outer loop
      vertex 17.3 28.2 3
      vertex 16.4555 24.5143 3
      vertex 16.6242 24.1418 3
    endloop
  endfacet
  facet normal 0 0 1
    outer loop
      vertex 17.3 28.2 3
      vertex 16.2627 24.875 3
      vertex 16.4555 24.5143 3
    endloop
  endfacet
  facet normal 0 0 1
    outer loop
      vertex 17.3 28.2 3
      vertex 16.0467 25.2223 3
      vertex 16.2627 24.875 3
    endloop
  endfacet
  facet normal 0 0 1
    outer loop
      vertex 17.3 28.2 3
      vertex 15.8085 25.5548 3
      vertex 16.0467 25.2223 3
    endloop
  endfacet
  facet normal 0 0 1
    outer loop
      vertex 17.3 28.2 3
      vertex 15.549 25.8709 3
      vertex 15.8085 25.5548 3
    endloop
  endfacet
  facet normal 0 0 1
    outer loop
      vertex 17.3 28.2 3
      vertex 15.2694 26.1694 3
      vertex 15.549 25.8709 3
    endloop
  endfacet
  facet normal 0 0 1
    outer loop
      vertex 17.3 28.2 3
      vertex 14.9709 26.449 3
      vertex 15.2694 26.1694 3
    endloop
  endfacet
  facet normal 0 0 1
    outer loop
      vertex 17.3 28.2 3
      vertex 14.6548 26.7085 3
      vertex 14.9709 26.449 3
    endloop
  endfacet
  facet normal 0 0 1
    outer loop
      vertex 17.3 28.2 3
      vertex 14.3223 26.9467 3
      vertex 14.6548 26.7085 3
    endloop
  endfacet
  facet normal 0 0 1
    outer loop
      vertex 17.3 28.2 3
      vertex 13.975 27.1627 3
      vertex 14.3223 26.9467 3
    endloop
  endfacet
  facet normal 0 0 1
    outer loop
      vertex 17.3 28.2 3
      vertex 13.6143 27.3555 3
      vertex 13.975 27.1627 3
    endloop
  endfacet
  facet normal 0 0 1
    outer loop
      vertex 17.3 28.2 3
      vertex 13.2418 27.5242 3
      vertex 13.6143 27.3555 3
    endloop
  endfacet
  facet normal 0 0 1
    outer loop
      vertex 17.3 28.2 3
      vertex 12.859 27.6683 3
      vertex 13.2418 27.5242 3
    endloop
  endfacet
  facet normal 0 0 1
    outer loop
      vertex 17.3 28.2 3
      vertex 12.4676 27.787 3
      vertex 12.859 27.6683 3
    endloop
  endfacet
  facet normal 0 0 1
    outer loop
      vertex 17.3 28.2 3
      vertex 12.0693 27.8799 3
      vertex 12.4676 27.787 3
    endloop
  endfacet
  facet normal 0 0 1
    outer loop
      vertex 17.3 28.2 3
      vertex 11.6658 27.9465 3
      vertex 12.0693 27.8799 3
    endloop
  endfacet
  facet normal 0 0 1
    outer loop
      vertex 17.3 28.2 3
      vertex 11.2588 27.9866 3
      vertex 11.6658 27.9465 3
    endloop
  endfacet
  facet normal 0 0 1
    outer loop
      vertex 17.3 28.2 3
      vertex 10.85 28 3
      vertex 11.2588 27.9866 3
    endloop
  endfacet
  facet normal 0 0 1
    outer loop
      vertex 17.3 28.2 3
      vertex 0.249999 28 3
      vertex 10.85 28 3
    endloop
  endfacet
  facet normal 0 0 1
    outer loop
      vertex -5.98662 22.1588 3
      vertex -6.2 28.2 3
      vertex -6 21.75 3
    endloop
  endfacet
  facet normal 0 0 1
    outer loop
      vertex -5.94653 22.5658 3
      vertex -6.2 28.2 3
      vertex -5.98662 22.1588 3
    endloop
  endfacet
  facet normal 0 0 1
    outer loop
      vertex -5.87991 22.9693 3
      vertex -6.2 28.2 3
      vertex -5.94653 22.5658 3
    endloop
  endfacet
  facet normal 0 0 1
    outer loop
      vertex -5.78704 23.3676 3
      vertex -6.2 28.2 3
      vertex -5.87991 22.9693 3
    endloop
  endfacet
  facet normal 0 0 1
    outer loop
      vertex -5.66831 23.759 3
      vertex -6.2 28.2 3
      vertex -5.78704 23.3676 3
    endloop
  endfacet
  facet normal 0 0 1
    outer loop
      vertex -5.52425 24.1418 3
      vertex -6.2 28.2 3
      vertex -5.66831 23.759 3
    endloop
  endfacet
  facet normal 0 0 1
    outer loop
      vertex -5.35545 24.5143 3
      vertex -6.2 28.2 3
      vertex -5.52425 24.1418 3
    endloop
  endfacet
  facet normal 0 0 1
    outer loop
      vertex -5.16266 24.875 3
      vertex -6.2 28.2 3
      vertex -5.35545 24.5143 3
    endloop
  endfacet
  facet normal 0 0 1
    outer loop
      vertex -4.94668 25.2223 3
      vertex -6.2 28.2 3
      vertex -5.16266 24.875 3
    endloop
  endfacet
  facet normal 0 0 1
    outer loop
      vertex -4.70846 25.5548 3
      vertex -6.2 28.2 3
      vertex -4.94668 25.2223 3
    endloop
  endfacet
  facet normal 0 0 1
    outer loop
      vertex -4.449 25.8709 3
      vertex -6.2 28.2 3
      vertex -4.70846 25.5548 3
    endloop
  endfacet
  facet normal 0 0 1
    outer loop
      vertex -4.16942 26.1694 3
      vertex -6.2 28.2 3
      vertex -4.449 25.8709 3
    endloop
  endfacet
  facet normal 0 0 1
    outer loop
      vertex -3.87091 26.449 3
      vertex -6.2 28.2 3
      vertex -4.16942 26.1694 3
    endloop
  endfacet
  facet normal 0 0 1
    outer loop
      vertex -3.55476 26.7085 3
      vertex -6.2 28.2 3
      vertex -3.87091 26.449 3
    endloop
  endfacet
  facet normal 0 0 1
    outer loop
      vertex -3.22231 26.9467 3
      vertex -6.2 28.2 3
      vertex -3.55476 26.7085 3
    endloop
  endfacet
  facet normal 0 0 1
    outer loop
      vertex -2.875 27.1627 3
      vertex -6.2 28.2 3
      vertex -3.22231 26.9467 3
    endloop
  endfacet
  facet normal 0 0 1
    outer loop
      vertex -2.5143 27.3555 3
      vertex -6.2 28.2 3
      vertex -2.875 27.1627 3
    endloop
  endfacet
  facet normal 0 0 1
    outer loop
      vertex -2.14177 27.5242 3
      vertex -6.2 28.2 3
      vertex -2.5143 27.3555 3
    endloop
  endfacet
  facet normal 0 0 1
    outer loop
      vertex -1.759 27.6683 3
      vertex -6.2 28.2 3
      vertex -2.14177 27.5242 3
    endloop
  endfacet
  facet normal 0 0 1
    outer loop
      vertex -1.36762 27.787 3
      vertex -6.2 28.2 3
      vertex -1.759 27.6683 3
    endloop
  endfacet
  facet normal 0 0 1
    outer loop
      vertex -0.969314 27.8799 3
      vertex -6.2 28.2 3
      vertex -1.36762 27.787 3
    endloop
  endfacet
  facet normal 0 0 1
    outer loop
      vertex -0.565788 27.9465 3
      vertex -6.2 28.2 3
      vertex -0.969314 27.8799 3
    endloop
  endfacet
  facet normal 0 0 1
    outer loop
      vertex -0.158769 27.9866 3
      vertex -6.2 28.2 3
      vertex -0.565788 27.9465 3
    endloop
  endfacet
  facet normal 0 0 1
    outer loop
      vertex 0.249999 28 3
      vertex -6.2 28.2 3
      vertex -0.158769 27.9866 3
    endloop
  endfacet
  facet normal -0 0 1
    outer loop
      vertex -6.2 28.2 3
      vertex 0.249999 28 3
      vertex 17.3 28.2 3
    endloop
  endfacet
  facet normal 0 0 1
    outer loop
      vertex 20.9476 21.6781 3
      vertex 30 32 3
      vertex 20.95 21.75 3
    endloop
  endfacet
  facet normal 0 0 1
    outer loop
      vertex 30 32 3
      vertex 20.9476 21.8219 3
      vertex 20.95 21.75 3
    endloop
  endfacet
  facet normal 0 0 1
    outer loop
      vertex 30 32 3
      vertex 20.9406 21.8936 3
      vertex 20.9476 21.8219 3
    endloop
  endfacet
  facet normal 0 0 1
    outer loop
      vertex 30 32 3
      vertex 20.9289 21.9646 3
      vertex 20.9406 21.8936 3
    endloop
  endfacet
  facet normal 0 0 1
    outer loop
      vertex 30 32 3
      vertex 20.9125 22.0347 3
      vertex 20.9289 21.9646 3
    endloop
  endfacet
  facet normal 0 0 1
    outer loop
      vertex 30 32 3
      vertex 20.8916 22.1036 3
      vertex 20.9125 22.0347 3
    endloop
  endfacet
  facet normal 0 0 1
    outer loop
      vertex 30 32 3
      vertex 20.8663 22.171 3
      vertex 20.8916 22.1036 3
    endloop
  endfacet
  facet normal 0 0 1
    outer loop
      vertex 30 32 3
      vertex 20.8366 22.2365 3
      vertex 20.8663 22.171 3
    endloop
  endfacet
  facet normal 0 0 1
    outer loop
      vertex 30 32 3
      vertex 20.8026 22.3 3
      vertex 20.8366 22.2365 3
    endloop
  endfacet
  facet normal 0 0 1
    outer loop
      vertex 30 32 3
      vertex 20.7646 22.3611 3
      vertex 20.8026 22.3 3
    endloop
  endfacet
  facet normal 0 0 1
    outer loop
      vertex 30 32 3
      vertex 20.7227 22.4196 3
      vertex 20.7646 22.3611 3
    endloop
  endfacet
  facet normal 0 0 1
    outer loop
      vertex 30 32 3
      vertex 20.677 22.4753 3
      vertex 20.7227 22.4196 3
    endloop
  endfacet
  facet normal 0 0 1
    outer loop
      vertex 30 32 3
      vertex 20.6278 22.5278 3
      vertex 20.677 22.4753 3
    endloop
  endfacet
  facet normal -0 0 1
    outer loop
      vertex 20 30.9 3
      vertex 20.6278 22.5278 3
      vertex 30 32 3
    endloop
  endfacet
  facet normal 0 0 1
    outer loop
      vertex 20.6278 22.5278 3
      vertex 20 30.9 3
      vertex 20.5753 22.577 3
    endloop
  endfacet
  facet normal 0 0 1
    outer loop
      vertex 20.5753 22.577 3
      vertex 20 30.9 3
      vertex 20.5196 22.6227 3
    endloop
  endfacet
  facet normal 0 0 1
    outer loop
      vertex 20.5196 22.6227 3
      vertex 20 30.9 3
      vertex 20.4611 22.6646 3
    endloop
  endfacet
  facet normal 0 0 1
    outer loop
      vertex 20.4611 22.6646 3
      vertex 20 30.9 3
      vertex 20.4 22.7026 3
    endloop
  endfacet
  facet normal 0 0 1
    outer loop
      vertex 20.4 22.7026 3
      vertex 20 30.9 3
      vertex 20.3365 22.7366 3
    endloop
  endfacet
  facet normal 0 0 1
    outer loop
      vertex 20.3365 22.7366 3
      vertex 20 30.9 3
      vertex 20.271 22.7663 3
    endloop
  endfacet
  facet normal 0 0 1
    outer loop
      vertex 20.271 22.7663 3
      vertex 20 30.9 3
      vertex 20.2036 22.7916 3
    endloop
  endfacet
  facet normal 0 0 1
    outer loop
      vertex 20.2036 22.7916 3
      vertex 20 30.9 3
      vertex 20.1347 22.8125 3
    endloop
  endfacet
  facet normal 0 0 1
    outer loop
      vertex 20.1347 22.8125 3
      vertex 20 30.9 3
      vertex 20.0646 22.8289 3
    endloop
  endfacet
  facet normal -0 0 1
    outer loop
      vertex -14 32 3
      vertex 20 30.9 3
      vertex 30 32 3
    endloop
  endfacet
  facet normal 0 0 1
    outer loop
      vertex -8.9 30.9 3
      vertex -8.9646 22.8289 3
      vertex -8.9 22.8395 3
    endloop
  endfacet
  facet normal 0 0 1
    outer loop
      vertex -8.9 30.9 3
      vertex -9.0347 22.8125 3
      vertex -8.9646 22.8289 3
    endloop
  endfacet
  facet normal 0 0 1
    outer loop
      vertex -8.9 30.9 3
      vertex -9.10358 22.7916 3
      vertex -9.0347 22.8125 3
    endloop
  endfacet
  facet normal 0 0 1
    outer loop
      vertex -8.9 30.9 3
      vertex -9.17095 22.7663 3
      vertex -9.10358 22.7916 3
    endloop
  endfacet
  facet normal 0 0 1
    outer loop
      vertex -8.9 30.9 3
      vertex -9.23652 22.7366 3
      vertex -9.17095 22.7663 3
    endloop
  endfacet
  facet normal 0 0 1
    outer loop
      vertex -8.9 30.9 3
      vertex -9.3 22.7026 3
      vertex -9.23652 22.7366 3
    endloop
  endfacet
  facet normal 0 0 1
    outer loop
      vertex -8.9 30.9 3
      vertex -9.36113 22.6646 3
      vertex -9.3 22.7026 3
    endloop
  endfacet
  facet normal 0 0 1
    outer loop
      vertex -14 32 3
      vertex -9.36113 22.6646 3
      vertex -8.9 30.9 3
    endloop
  endfacet
  facet normal 0 0 1
    outer loop
      vertex -9.36113 22.6646 3
      vertex -14 32 3
      vertex -9.41964 22.6227 3
    endloop
  endfacet
  facet normal 0 0 1
    outer loop
      vertex -9.41964 22.6227 3
      vertex -14 32 3
      vertex -9.47528 22.577 3
    endloop
  endfacet
  facet normal 0 0 1
    outer loop
      vertex -9.47528 22.577 3
      vertex -14 32 3
      vertex -9.52782 22.5278 3
    endloop
  endfacet
  facet normal 0 0 1
    outer loop
      vertex -9.52782 22.5278 3
      vertex -14 32 3
      vertex -9.57702 22.4753 3
    endloop
  endfacet
  facet normal 0 0 1
    outer loop
      vertex -9.57702 22.4753 3
      vertex -14 32 3
      vertex -9.62269 22.4196 3
    endloop
  endfacet
  facet normal 0 0 1
    outer loop
      vertex -9.62269 22.4196 3
      vertex -14 32 3
      vertex -9.66462 22.3611 3
    endloop
  endfacet
  facet normal 0 0 1
    outer loop
      vertex -9.66462 22.3611 3
      vertex -14 32 3
      vertex -9.70263 22.3 3
    endloop
  endfacet
  facet normal 0 0 1
    outer loop
      vertex -9.70263 22.3 3
      vertex -14 32 3
      vertex -9.73656 22.2365 3
    endloop
  endfacet
  facet normal 0 0 1
    outer loop
      vertex -9.73656 22.2365 3
      vertex -14 32 3
      vertex -9.76627 22.171 3
    endloop
  endfacet
  facet normal 0 0 1
    outer loop
      vertex -9.76627 22.171 3
      vertex -14 32 3
      vertex -9.79162 22.1036 3
    endloop
  endfacet
  facet normal 0 0 1
    outer loop
      vertex -9.79162 22.1036 3
      vertex -14 32 3
      vertex -9.81252 22.0347 3
    endloop
  endfacet
  facet normal 0 0 1
    outer loop
      vertex -9.81252 22.0347 3
      vertex -14 32 3
      vertex -9.82886 21.9646 3
    endloop
  endfacet
  facet normal 0 0 1
    outer loop
      vertex -14 32 3
      vertex -9.85 21.75 3
      vertex -9.84764 21.8219 3
    endloop
  endfacet
  facet normal 0 0 1
    outer loop
      vertex -14 32 3
      vertex -9.84764 21.8219 3
      vertex -9.84059 21.8936 3
    endloop
  endfacet
  facet normal 0 0 1
    outer loop
      vertex -9.82886 21.9646 3
      vertex -14 32 3
      vertex -9.84059 21.8936 3
    endloop
  endfacet
  facet normal 0 0 1
    outer loop
      vertex -12 14 3
      vertex -13 0 3
      vertex -12 0 3
    endloop
  endfacet
  facet normal 0 0 1
    outer loop
      vertex 20 30.9 3
      vertex -14 32 3
      vertex -8.9 30.9 3
    endloop
  endfacet
  facet normal 0 0 1
    outer loop
      vertex -9.85 21.75 3
      vertex -14 32 3
      vertex -12 14 3
    endloop
  endfacet
  facet normal 0 0 1
    outer loop
      vertex -14 0 3
      vertex -12 14 3
      vertex -14 32 3
    endloop
  endfacet
  facet normal 0 0 1
    outer loop
      vertex -12 14 3
      vertex -14 0 3
      vertex -13 0 3
    endloop
  endfacet
  facet normal 0 0 1
    outer loop
      vertex 20.9406 21.6064 3
      vertex 30 32 3
      vertex 20.9476 21.6781 3
    endloop
  endfacet
  facet normal 0 0 1
    outer loop
      vertex 20.9289 21.5354 3
      vertex 30 32 3
      vertex 20.9406 21.6064 3
    endloop
  endfacet
  facet normal 0 0 1
    outer loop
      vertex 20.9125 21.4653 3
      vertex 30 32 3
      vertex 20.9289 21.5354 3
    endloop
  endfacet
  facet normal 0 0 1
    outer loop
      vertex 20.8916 21.3964 3
      vertex 30 32 3
      vertex 20.9125 21.4653 3
    endloop
  endfacet
  facet normal 0 0 1
    outer loop
      vertex 30 32 3
      vertex 20.8916 21.3964 3
      vertex 30 0 3
    endloop
  endfacet
  facet normal -0 0 1
    outer loop
      vertex 20.8663 21.329 3
      vertex 30 0 3
      vertex 20.8916 21.3964 3
    endloop
  endfacet
  facet normal 0 0 1
    outer loop
      vertex 20 12.9 3
      vertex 20.8663 21.329 3
      vertex 20.8366 21.2635 3
    endloop
  endfacet
  facet normal 0 0 1
    outer loop
      vertex 20 12.9 3
      vertex 20.8366 21.2635 3
      vertex 20.8026 21.2 3
    endloop
  endfacet
  facet normal 0 0 1
    outer loop
      vertex 20 12.9 3
      vertex 20.8026 21.2 3
      vertex 20.7646 21.1389 3
    endloop
  endfacet
  facet normal 0 0 1
    outer loop
      vertex 20 12.9 3
      vertex 20.7646 21.1389 3
      vertex 20.7227 21.0804 3
    endloop
  endfacet
  facet normal 0 0 1
    outer loop
      vertex 20 12.9 3
      vertex 20.7227 21.0804 3
      vertex 20.677 21.0247 3
    endloop
  endfacet
  facet normal 0 0 1
    outer loop
      vertex 20 12.9 3
      vertex 20.677 21.0247 3
      vertex 20.6278 20.9722 3
    endloop
  endfacet
  facet normal 0 0 1
    outer loop
      vertex 20 12.9 3
      vertex 20.6278 20.9722 3
      vertex 20.5753 20.923 3
    endloop
  endfacet
  facet normal 0 0 1
    outer loop
      vertex 20 12.9 3
      vertex 20.5753 20.923 3
      vertex 20.5196 20.8773 3
    endloop
  endfacet
  facet normal 0 0 1
    outer loop
      vertex 20 12.9 3
      vertex 20.5196 20.8773 3
      vertex 20.4611 20.8354 3
    endloop
  endfacet
  facet normal 0 0 1
    outer loop
      vertex 20 12.9 3
      vertex 20.4611 20.8354 3
      vertex 20.4 20.7974 3
    endloop
  endfacet
  facet normal 0 0 1
    outer loop
      vertex 20 12.9 3
      vertex 20.4 20.7974 3
      vertex 20.3365 20.7634 3
    endloop
  endfacet
  facet normal 0 0 1
    outer loop
      vertex 20 12.9 3
      vertex 20.3365 20.7634 3
      vertex 20.271 20.7337 3
    endloop
  endfacet
  facet normal 0 0 1
    outer loop
      vertex 20 12.9 3
      vertex 20.271 20.7337 3
      vertex 20.2036 20.7084 3
    endloop
  endfacet
  facet normal 0 0 1
    outer loop
      vertex 20 12.9 3
      vertex 20.2036 20.7084 3
      vertex 20.1347 20.6875 3
    endloop
  endfacet
  facet normal 0 0 1
    outer loop
      vertex 20 12.9 3
      vertex 20.1347 20.6875 3
      vertex 20.0646 20.6711 3
    endloop
  endfacet
  facet normal 0 0 1
    outer loop
      vertex 20 12.9 3
      vertex 20.0646 20.6711 3
      vertex 20 20.6605 3
    endloop
  endfacet
  facet normal 0 0 1
    outer loop
      vertex 20.8663 21.329 3
      vertex 20 12.9 3
      vertex 30 0 3
    endloop
  endfacet
  facet normal 0 0 1
    outer loop
      vertex 13 0 3
      vertex 20 12.9 3
      vertex 17.3 12.9 3
    endloop
  endfacet
  facet normal -0 0 1
    outer loop
      vertex 17.0866 21.3412 3
      vertex 17.3 12.9 3
      vertex 17.1 21.75 3
    endloop
  endfacet
  facet normal -0 0 1
    outer loop
      vertex 17.0465 20.9342 3
      vertex 17.3 12.9 3
      vertex 17.0866 21.3412 3
    endloop
  endfacet
  facet normal -0 0 1
    outer loop
      vertex 16.9799 20.5307 3
      vertex 17.3 12.9 3
      vertex 17.0465 20.9342 3
    endloop
  endfacet
  facet normal -0 0 1
    outer loop
      vertex 16.887 20.1324 3
      vertex 17.3 12.9 3
      vertex 16.9799 20.5307 3
    endloop
  endfacet
  facet normal -0 0 1
    outer loop
      vertex 16.7683 19.741 3
      vertex 17.3 12.9 3
      vertex 16.887 20.1324 3
    endloop
  endfacet
  facet normal -0 0 1
    outer loop
      vertex 16.6242 19.3582 3
      vertex 17.3 12.9 3
      vertex 16.7683 19.741 3
    endloop
  endfacet
  facet normal -0 0 1
    outer loop
      vertex 16.4555 18.9857 3
      vertex 17.3 12.9 3
      vertex 16.6242 19.3582 3
    endloop
  endfacet
  facet normal -0 0 1
    outer loop
      vertex 16.2627 18.625 3
      vertex 17.3 12.9 3
      vertex 16.4555 18.9857 3
    endloop
  endfacet
  facet normal -0 0 1
    outer loop
      vertex 16.0467 18.2777 3
      vertex 17.3 12.9 3
      vertex 16.2627 18.625 3
    endloop
  endfacet
  facet normal -0 0 1
    outer loop
      vertex 15.8085 17.9452 3
      vertex 17.3 12.9 3
      vertex 16.0467 18.2777 3
    endloop
  endfacet
  facet normal -0 0 1
    outer loop
      vertex 15.549 17.6291 3
      vertex 17.3 12.9 3
      vertex 15.8085 17.9452 3
    endloop
  endfacet
  facet normal -0 0 1
    outer loop
      vertex 15.2694 17.3306 3
      vertex 17.3 12.9 3
      vertex 15.549 17.6291 3
    endloop
  endfacet
  facet normal -0 0 1
    outer loop
      vertex 14.9709 17.051 3
      vertex 17.3 12.9 3
      vertex 15.2694 17.3306 3
    endloop
  endfacet
  facet normal -0 0 1
    outer loop
      vertex 14.6548 16.7915 3
      vertex 17.3 12.9 3
      vertex 14.9709 17.051 3
    endloop
  endfacet
  facet normal -0 0 1
    outer loop
      vertex 14.3223 16.5533 3
      vertex 17.3 12.9 3
      vertex 14.6548 16.7915 3
    endloop
  endfacet
  facet normal -0 0 1
    outer loop
      vertex 13.975 16.3373 3
      vertex 17.3 12.9 3
      vertex 14.3223 16.5533 3
    endloop
  endfacet
  facet normal -0 0 1
    outer loop
      vertex 13.6143 16.1445 3
      vertex 17.3 12.9 3
      vertex 13.975 16.3373 3
    endloop
  endfacet
  facet normal -0 0 1
    outer loop
      vertex 12 14 3
      vertex 17.3 12.9 3
      vertex 13.6143 16.1445 3
    endloop
  endfacet
  facet normal 0 0 1
    outer loop
      vertex 12 14 3
      vertex 13.6143 16.1445 3
      vertex 13.2418 15.9758 3
    endloop
  endfacet
  facet normal 0 -0 1
    outer loop
      vertex 13 0 3
      vertex 17.3 12.9 3
      vertex 12 14 3
    endloop
  endfacet
  facet normal 0 0 1
    outer loop
      vertex 12 14 3
      vertex 13.2418 15.9758 3
      vertex 12.859 15.8317 3
    endloop
  endfacet
  facet normal 0 0 1
    outer loop
      vertex 12 14 3
      vertex 12.859 15.8317 3
      vertex 12.4676 15.713 3
    endloop
  endfacet
  facet normal 0 0 1
    outer loop
      vertex 12 14 3
      vertex 12.4676 15.713 3
      vertex 12.0693 15.6201 3
    endloop
  endfacet
  facet normal 0 0 1
    outer loop
      vertex 20 12.9 3
      vertex 13 0 3
      vertex 30 0 3
    endloop
  endfacet
  facet normal 0 0 1
    outer loop
      vertex 13 0 3
      vertex 12 14 3
      vertex 12 0 3
    endloop
  endfacet
  facet normal 0 0 1
    outer loop
      vertex 20.0646 22.8289 3
      vertex 20 30.9 3
      vertex 20 22.8395 3
    endloop
  endfacet
  facet normal 1 0 0
    outer loop
      vertex -9 0 3
      vertex -9 14 3
      vertex -9 0 15
    endloop
  endfacet
  facet normal 0 1 0
    outer loop
      vertex -3.32588 0 14.7777
      vertex -9 0 15
      vertex -3.4641 0 15
    endloop
  endfacet
  facet normal 0 1 0
    outer loop
      vertex -3.17341 0 14.565
      vertex -9 0 15
      vertex -3.32588 0 14.7777
    endloop
  endfacet
  facet normal 0 1 0
    outer loop
      vertex -3.00736 0 14.3626
      vertex -9 0 15
      vertex -3.17341 0 14.565
    endloop
  endfacet
  facet normal 0 1 0
    outer loop
      vertex -2.82843 0 14.1716
      vertex -9 0 15
      vertex -3.00736 0 14.3626
    endloop
  endfacet
  facet normal 0 1 0
    outer loop
      vertex -2.63738 0 13.9926
      vertex -9 0 15
      vertex -2.82843 0 14.1716
    endloop
  endfacet
  facet normal 0 1 0
    outer loop
      vertex -1.38564 0 7.8
      vertex -2.63738 0 13.9926
      vertex -2.43505 0 13.8266
    endloop
  endfacet
  facet normal 0 1 0
    outer loop
      vertex -1.33035 0 7.88891
      vertex -2.43505 0 13.8266
      vertex -2.22228 0 13.6741
    endloop
  endfacet
  facet normal 0 1 0
    outer loop
      vertex -1.20294 0 8.05495
      vertex -2.22228 0 13.6741
      vertex -2 0 13.5359
    endloop
  endfacet
  facet normal 0 1 0
    outer loop
      vertex -1.13137 0 8.13137
      vertex -2 0 13.5359
      vertex -1.76915 0 13.4125
    endloop
  endfacet
  facet normal 0 1 0
    outer loop
      vertex -0.974018 0 8.26937
      vertex -1.76915 0 13.4125
      vertex -1.53073 0 13.3045
    endloop
  endfacet
  facet normal 0 1 0
    outer loop
      vertex -0.888912 0 8.33035
      vertex -1.53073 0 13.3045
      vertex -1.28576 0 13.2123
    endloop
  endfacet
  facet normal 0 1 0
    outer loop
      vertex -0.707662 0 8.435
      vertex -1.28576 0 13.2123
      vertex -1.03528 0 13.1363
    endloop
  endfacet
  facet normal 0 1 0
    outer loop
      vertex -0.104645 0 8.59657
      vertex 0 0 13
      vertex 0 0 8.6
    endloop
  endfacet
  facet normal 0 1 0
    outer loop
      vertex 0 0 13
      vertex -0.104645 0 8.59657
      vertex -0.261612 0 13.0086
    endloop
  endfacet
  facet normal 0 1 -0
    outer loop
      vertex -0.208841 0 8.58631
      vertex -0.261612 0 13.0086
      vertex -0.104645 0 8.59657
    endloop
  endfacet
  facet normal 0 1 0
    outer loop
      vertex -0.261612 0 13.0086
      vertex -0.208841 0 8.58631
      vertex -0.522104 0 13.0342
    endloop
  endfacet
  facet normal 0 1 -0
    outer loop
      vertex -0.312144 0 8.56926
      vertex -0.522104 0 13.0342
      vertex -0.208841 0 8.58631
    endloop
  endfacet
  facet normal 0 1 -0
    outer loop
      vertex -0.41411 0 8.54548
      vertex -0.522104 0 13.0342
      vertex -0.312144 0 8.56926
    endloop
  endfacet
  facet normal 0 1 0
    outer loop
      vertex -0.522104 0 13.0342
      vertex -0.41411 0 8.54548
      vertex -0.780361 0 13.0769
    endloop
  endfacet
  facet normal 0 1 -0
    outer loop
      vertex -0.514302 0 8.51509
      vertex -0.780361 0 13.0769
      vertex -0.41411 0 8.54548
    endloop
  endfacet
  facet normal 0 1 -0
    outer loop
      vertex -0.612293 0 8.47821
      vertex -0.780361 0 13.0769
      vertex -0.514302 0 8.51509
    endloop
  endfacet
  facet normal 0 1 0
    outer loop
      vertex -0.780361 0 13.0769
      vertex -0.612293 0 8.47821
      vertex -1.03528 0 13.1363
    endloop
  endfacet
  facet normal 0 1 -0
    outer loop
      vertex -0.707662 0 8.435
      vertex -1.03528 0 13.1363
      vertex -0.612293 0 8.47821
    endloop
  endfacet
  facet normal 0 1 0
    outer loop
      vertex -1.28576 0 13.2123
      vertex -0.707662 0 8.435
      vertex -0.799999 0 8.38564
    endloop
  endfacet
  facet normal 0 1 0
    outer loop
      vertex -1.28576 0 13.2123
      vertex -0.799999 0 8.38564
      vertex -0.888912 0 8.33035
    endloop
  endfacet
  facet normal 0 1 0
    outer loop
      vertex -1.53073 0 13.3045
      vertex -0.888912 0 8.33035
      vertex -0.974018 0 8.26937
    endloop
  endfacet
  facet normal 0 1 0
    outer loop
      vertex -1.76915 0 13.4125
      vertex -0.974018 0 8.26937
      vertex -1.05495 0 8.20294
    endloop
  endfacet
  facet normal 0 1 0
    outer loop
      vertex -1.76915 0 13.4125
      vertex -1.05495 0 8.20294
      vertex -1.13137 0 8.13137
    endloop
  endfacet
  facet normal 0 1 0
    outer loop
      vertex -2 0 13.5359
      vertex -1.13137 0 8.13137
      vertex -1.20294 0 8.05495
    endloop
  endfacet
  facet normal 0 1 0
    outer loop
      vertex -2.22228 0 13.6741
      vertex -1.20294 0 8.05495
      vertex -1.26937 0 7.97402
    endloop
  endfacet
  facet normal 0 1 0
    outer loop
      vertex -2.22228 0 13.6741
      vertex -1.26937 0 7.97402
      vertex -1.33035 0 7.88891
    endloop
  endfacet
  facet normal 0 1 0
    outer loop
      vertex -2.43505 0 13.8266
      vertex -1.33035 0 7.88891
      vertex -1.38564 0 7.8
    endloop
  endfacet
  facet normal 0 1 0
    outer loop
      vertex -2.63738 0 13.9926
      vertex -1.38564 0 7.8
      vertex -1.435 0 7.70766
    endloop
  endfacet
  facet normal 0 1 0
    outer loop
      vertex -2.63738 0 13.9926
      vertex -1.435 0 7.70766
      vertex -9 0 15
    endloop
  endfacet
  facet normal 0 1 -0
    outer loop
      vertex -1.47821 0 7.61229
      vertex -9 0 15
      vertex -1.435 0 7.70766
    endloop
  endfacet
  facet normal 0 1 -0
    outer loop
      vertex -1.51509 0 7.5143
      vertex -9 0 15
      vertex -1.47821 0 7.61229
    endloop
  endfacet
  facet normal 0 1 -0
    outer loop
      vertex -1.54548 0 7.41411
      vertex -9 0 15
      vertex -1.51509 0 7.5143
    endloop
  endfacet
  facet normal 0 1 0
    outer loop
      vertex -9 0 3
      vertex -1.54548 0 7.41411
      vertex -1.56926 0 7.31215
    endloop
  endfacet
  facet normal 0 1 0
    outer loop
      vertex -9 0 3
      vertex -1.56926 0 7.31215
      vertex -1.58631 0 7.20884
    endloop
  endfacet
  facet normal 0 1 0
    outer loop
      vertex -9 0 3
      vertex -1.58631 0 7.20884
      vertex -1.59657 0 7.10465
    endloop
  endfacet
  facet normal 0 1 0
    outer loop
      vertex -9 0 3
      vertex -1.59657 0 7.10465
      vertex -1.6 0 7
    endloop
  endfacet
  facet normal 0 1 0
    outer loop
      vertex -9 0 3
      vertex -1.6 0 7
      vertex -1.59657 0 6.89536
    endloop
  endfacet
  facet normal 0 1 0
    outer loop
      vertex -9 0 3
      vertex -1.59657 0 6.89536
      vertex -1.58631 0 6.79116
    endloop
  endfacet
  facet normal 0 1 0
    outer loop
      vertex -9 0 3
      vertex -1.58631 0 6.79116
      vertex -1.56926 0 6.68786
    endloop
  endfacet
  facet normal 0 1 0
    outer loop
      vertex -9 0 3
      vertex -1.56926 0 6.68786
      vertex -1.54548 0 6.58589
    endloop
  endfacet
  facet normal 0 1 0
    outer loop
      vertex -9 0 3
      vertex -1.54548 0 6.58589
      vertex -1.51509 0 6.4857
    endloop
  endfacet
  facet normal 0 1 0
    outer loop
      vertex -9 0 3
      vertex -1.51509 0 6.4857
      vertex -1.47821 0 6.38771
    endloop
  endfacet
  facet normal 0 1 0
    outer loop
      vertex -9 0 3
      vertex -1.47821 0 6.38771
      vertex -1.435 0 6.29234
    endloop
  endfacet
  facet normal 0 1 0
    outer loop
      vertex -9 0 3
      vertex -1.435 0 6.29234
      vertex -1.38564 0 6.2
    endloop
  endfacet
  facet normal 0 1 0
    outer loop
      vertex -9 0 3
      vertex -1.38564 0 6.2
      vertex -1.33035 0 6.11109
    endloop
  endfacet
  facet normal 0 1 0
    outer loop
      vertex -9 0 3
      vertex -1.33035 0 6.11109
      vertex -1.26937 0 6.02598
    endloop
  endfacet
  facet normal 0 1 0
    outer loop
      vertex -9 0 3
      vertex -1.26937 0 6.02598
      vertex -1.20294 0 5.94505
    endloop
  endfacet
  facet normal 0 1 0
    outer loop
      vertex -9 0 3
      vertex 0 0 5.4
      vertex 9 0 3
    endloop
  endfacet
  facet normal 0 1 0
    outer loop
      vertex 0 0 5.4
      vertex -9 0 3
      vertex -0.104645 0 5.40343
    endloop
  endfacet
  facet normal 0 1 0
    outer loop
      vertex -0.104645 0 5.40343
      vertex -9 0 3
      vertex -0.208841 0 5.41369
    endloop
  endfacet
  facet normal 0 1 0
    outer loop
      vertex -0.208841 0 5.41369
      vertex -9 0 3
      vertex -0.312144 0 5.43074
    endloop
  endfacet
  facet normal 0 1 0
    outer loop
      vertex -1.54548 0 7.41411
      vertex -9 0 3
      vertex -9 0 15
    endloop
  endfacet
  facet normal 0 1 0
    outer loop
      vertex -1.13137 0 5.86863
      vertex -9 0 3
      vertex -1.20294 0 5.94505
    endloop
  endfacet
  facet normal 0 1 0
    outer loop
      vertex -1.05495 0 5.79706
      vertex -9 0 3
      vertex -1.13137 0 5.86863
    endloop
  endfacet
  facet normal 0 1 0
    outer loop
      vertex -0.974018 0 5.73063
      vertex -9 0 3
      vertex -1.05495 0 5.79706
    endloop
  endfacet
  facet normal 0 1 0
    outer loop
      vertex -0.888912 0 5.66965
      vertex -9 0 3
      vertex -0.974018 0 5.73063
    endloop
  endfacet
  facet normal 0 1 0
    outer loop
      vertex -0.799999 0 5.61436
      vertex -9 0 3
      vertex -0.888912 0 5.66965
    endloop
  endfacet
  facet normal 0 1 0
    outer loop
      vertex -0.707662 0 5.565
      vertex -9 0 3
      vertex -0.799999 0 5.61436
    endloop
  endfacet
  facet normal 0 1 0
    outer loop
      vertex -0.612293 0 5.52179
      vertex -9 0 3
      vertex -0.707662 0 5.565
    endloop
  endfacet
  facet normal 0 1 0
    outer loop
      vertex -0.514302 0 5.48491
      vertex -9 0 3
      vertex -0.612293 0 5.52179
    endloop
  endfacet
  facet normal 0 1 0
    outer loop
      vertex -0.41411 0 5.45452
      vertex -9 0 3
      vertex -0.514302 0 5.48491
    endloop
  endfacet
  facet normal 0 1 0
    outer loop
      vertex -0.312144 0 5.43074
      vertex -9 0 3
      vertex -0.41411 0 5.45452
    endloop
  endfacet
  facet normal 0 1 0
    outer loop
      vertex 13 0 34
      vertex 0 0 28.6
      vertex -13 0 34
    endloop
  endfacet
  facet normal 0 1 0
    outer loop
      vertex 13 0 34
      vertex 0.104645 0 28.5966
      vertex 0 0 28.6
    endloop
  endfacet
  facet normal 0 1 0
    outer loop
      vertex 13 0 34
      vertex 0.208841 0 28.5863
      vertex 0.104645 0 28.5966
    endloop
  endfacet
  facet normal 0 1 0
    outer loop
      vertex 13 0 34
      vertex 0.312144 0 28.5693
      vertex 0.208841 0 28.5863
    endloop
  endfacet
  facet normal 0 1 0
    outer loop
      vertex 13 0 34
      vertex 0.41411 0 28.5455
      vertex 0.312144 0 28.5693
    endloop
  endfacet
  facet normal 0 1 0
    outer loop
      vertex 13 0 34
      vertex 0.514302 0 28.5151
      vertex 0.41411 0 28.5455
    endloop
  endfacet
  facet normal 0 1 0
    outer loop
      vertex 13 0 34
      vertex 0.612293 0 28.4782
      vertex 0.514302 0 28.5151
    endloop
  endfacet
  facet normal 0 1 0
    outer loop
      vertex 13 0 34
      vertex 0.707662 0 28.435
      vertex 0.612293 0 28.4782
    endloop
  endfacet
  facet normal 0 1 0
    outer loop
      vertex 13 0 34
      vertex 0.799999 0 28.3856
      vertex 0.707662 0 28.435
    endloop
  endfacet
  facet normal 0 1 0
    outer loop
      vertex 13 0 34
      vertex 0.888912 0 28.3304
      vertex 0.799999 0 28.3856
    endloop
  endfacet
  facet normal 0 1 0
    outer loop
      vertex 13 0 34
      vertex 0.974018 0 28.2694
      vertex 0.888912 0 28.3304
    endloop
  endfacet
  facet normal 0 1 0
    outer loop
      vertex 13 0 34
      vertex 1.05495 0 28.2029
      vertex 0.974018 0 28.2694
    endloop
  endfacet
  facet normal 0 1 0
    outer loop
      vertex 13 0 34
      vertex 1.13137 0 28.1314
      vertex 1.05495 0 28.2029
    endloop
  endfacet
  facet normal 0 1 0
    outer loop
      vertex 13 0 34
      vertex 1.20294 0 28.055
      vertex 1.13137 0 28.1314
    endloop
  endfacet
  facet normal 0 1 0
    outer loop
      vertex 13 0 34
      vertex 1.26937 0 27.974
      vertex 1.20294 0 28.055
    endloop
  endfacet
  facet normal 0 1 0
    outer loop
      vertex 13 0 34
      vertex 1.33035 0 27.8889
      vertex 1.26937 0 27.974
    endloop
  endfacet
  facet normal 0 1 0
    outer loop
      vertex 13 0 34
      vertex 1.38564 0 27.8
      vertex 1.33035 0 27.8889
    endloop
  endfacet
  facet normal 0 1 0
    outer loop
      vertex 13 0 34
      vertex 1.435 0 27.7077
      vertex 1.38564 0 27.8
    endloop
  endfacet
  facet normal 0 1 0
    outer loop
      vertex 13 0 34
      vertex 1.47821 0 27.6123
      vertex 1.435 0 27.7077
    endloop
  endfacet
  facet normal 0 1 0
    outer loop
      vertex 13 0 34
      vertex 1.51509 0 27.5143
      vertex 1.47821 0 27.6123
    endloop
  endfacet
  facet normal 0 1 0
    outer loop
      vertex 13 0 34
      vertex 1.54548 0 27.4141
      vertex 1.51509 0 27.5143
    endloop
  endfacet
  facet normal 0 1 0
    outer loop
      vertex 13 0 34
      vertex 1.56926 0 27.3121
      vertex 1.54548 0 27.4141
    endloop
  endfacet
  facet normal 0 1 0
    outer loop
      vertex 13 0 34
      vertex 1.58631 0 27.2088
      vertex 1.56926 0 27.3121
    endloop
  endfacet
  facet normal 0 1 0
    outer loop
      vertex 13 0 34
      vertex 1.59657 0 27.1046
      vertex 1.58631 0 27.2088
    endloop
  endfacet
  facet normal 0 1 0
    outer loop
      vertex 13 0 34
      vertex 1.6 0 27
      vertex 1.59657 0 27.1046
    endloop
  endfacet
  facet normal 0 1 0
    outer loop
      vertex 13 0 34
      vertex 1.59657 0 26.8954
      vertex 1.6 0 27
    endloop
  endfacet
  facet normal 0 1 0
    outer loop
      vertex 13 0 34
      vertex 1.58631 0 26.7912
      vertex 1.59657 0 26.8954
    endloop
  endfacet
  facet normal 0 1 0
    outer loop
      vertex 13 0 34
      vertex 1.56926 0 26.6879
      vertex 1.58631 0 26.7912
    endloop
  endfacet
  facet normal 0 1 -0
    outer loop
      vertex 3.17341 0 19.435
      vertex 1.56926 0 26.6879
      vertex 13 0 34
    endloop
  endfacet
  facet normal 0 1 0
    outer loop
      vertex 1.56926 0 26.6879
      vertex 3.17341 0 19.435
      vertex 1.54548 0 26.5859
    endloop
  endfacet
  facet normal -0 1 -0
    outer loop
      vertex 3.00736 0 19.6374
      vertex 1.54548 0 26.5859
      vertex 3.17341 0 19.435
    endloop
  endfacet
  facet normal 0 1 0
    outer loop
      vertex 1.54548 0 26.5859
      vertex 3.00736 0 19.6374
      vertex 1.51509 0 26.4857
    endloop
  endfacet
  facet normal -0 1 -0
    outer loop
      vertex 2.82843 0 19.8284
      vertex 1.51509 0 26.4857
      vertex 3.00736 0 19.6374
    endloop
  endfacet
  facet normal 0 1 0
    outer loop
      vertex 1.51509 0 26.4857
      vertex 2.82843 0 19.8284
      vertex 1.47821 0 26.3877
    endloop
  endfacet
  facet normal 0 1 0
    outer loop
      vertex 1.47821 0 26.3877
      vertex 2.82843 0 19.8284
      vertex 1.435 0 26.2923
    endloop
  endfacet
  facet normal -0 1 -0
    outer loop
      vertex 2.63738 0 20.0074
      vertex 1.435 0 26.2923
      vertex 2.82843 0 19.8284
    endloop
  endfacet
  facet normal 0 1 0
    outer loop
      vertex 1.435 0 26.2923
      vertex 2.63738 0 20.0074
      vertex 1.38564 0 26.2
    endloop
  endfacet
  facet normal -0 1 -0
    outer loop
      vertex 2.43505 0 20.1734
      vertex 1.38564 0 26.2
      vertex 2.63738 0 20.0074
    endloop
  endfacet
  facet normal -0 1 -0
    outer loop
      vertex 2.22228 0 20.3259
      vertex 1.33035 0 26.1111
      vertex 2.43505 0 20.1734
    endloop
  endfacet
  facet normal 0 1 0
    outer loop
      vertex 1.33035 0 26.1111
      vertex 2.22228 0 20.3259
      vertex 1.26937 0 26.026
    endloop
  endfacet
  facet normal 0 1 0
    outer loop
      vertex 0.104645 0 25.4034
      vertex 0 0 21
      vertex 0 0 25.4
    endloop
  endfacet
  facet normal 0 1 0
    outer loop
      vertex 0.261612 0 20.9914
      vertex 0.104645 0 25.4034
      vertex 0.208841 0 25.4137
    endloop
  endfacet
  facet normal 0 1 -0
    outer loop
      vertex 0.261612 0 20.9914
      vertex 0.208841 0 25.4137
      vertex 0.312144 0 25.4307
    endloop
  endfacet
  facet normal 0 1 0
    outer loop
      vertex 0.522104 0 20.9658
      vertex 0.312144 0 25.4307
      vertex 0.41411 0 25.4545
    endloop
  endfacet
  facet normal 0 1 0
    outer loop
      vertex 0.780361 0 20.9231
      vertex 0.41411 0 25.4545
      vertex 0.514302 0 25.4849
    endloop
  endfacet
  facet normal 0 1 0
    outer loop
      vertex 0.780361 0 20.9231
      vertex 0.514302 0 25.4849
      vertex 0.612293 0 25.5218
    endloop
  endfacet
  facet normal 0 1 0
    outer loop
      vertex 1.03528 0 20.8637
      vertex 0.612293 0 25.5218
      vertex 0.707662 0 25.565
    endloop
  endfacet
  facet normal 0 1 0
    outer loop
      vertex 1.28576 0 20.7877
      vertex 0.707662 0 25.565
      vertex 0.799999 0 25.6144
    endloop
  endfacet
  facet normal 0 1 0
    outer loop
      vertex 1.28576 0 20.7877
      vertex 0.799999 0 25.6144
      vertex 0.888912 0 25.6696
    endloop
  endfacet
  facet normal 0 1 0
    outer loop
      vertex 1.26937 0 26.026
      vertex 2.22228 0 20.3259
      vertex 1.20294 0 25.945
    endloop
  endfacet
  facet normal 0 1 0
    outer loop
      vertex 0.104645 0 25.4034
      vertex 0.261612 0 20.9914
      vertex 0 0 21
    endloop
  endfacet
  facet normal 0 1 0
    outer loop
      vertex 0.312144 0 25.4307
      vertex 0.522104 0 20.9658
      vertex 0.261612 0 20.9914
    endloop
  endfacet
  facet normal 0 1 0
    outer loop
      vertex 0.41411 0 25.4545
      vertex 0.780361 0 20.9231
      vertex 0.522104 0 20.9658
    endloop
  endfacet
  facet normal 0 1 0
    outer loop
      vertex 0.612293 0 25.5218
      vertex 1.03528 0 20.8637
      vertex 0.780361 0 20.9231
    endloop
  endfacet
  facet normal 0 1 0
    outer loop
      vertex 0.707662 0 25.565
      vertex 1.28576 0 20.7877
      vertex 1.03528 0 20.8637
    endloop
  endfacet
  facet normal 0 1 0
    outer loop
      vertex 0.888912 0 25.6696
      vertex 1.53073 0 20.6955
      vertex 1.28576 0 20.7877
    endloop
  endfacet
  facet normal 0 1 0
    outer loop
      vertex 0.974018 0 25.7306
      vertex 1.53073 0 20.6955
      vertex 0.888912 0 25.6696
    endloop
  endfacet
  facet normal -0 1 -0
    outer loop
      vertex 1.53073 0 20.6955
      vertex 0.974018 0 25.7306
      vertex 1.76915 0 20.5875
    endloop
  endfacet
  facet normal 0 1 0
    outer loop
      vertex 1.05495 0 25.7971
      vertex 1.76915 0 20.5875
      vertex 0.974018 0 25.7306
    endloop
  endfacet
  facet normal 0 1 0
    outer loop
      vertex 1.13137 0 25.8686
      vertex 1.76915 0 20.5875
      vertex 1.05495 0 25.7971
    endloop
  endfacet
  facet normal -0 1 -0
    outer loop
      vertex 1.76915 0 20.5875
      vertex 1.13137 0 25.8686
      vertex 2 0 20.4641
    endloop
  endfacet
  facet normal 0 1 0
    outer loop
      vertex 1.20294 0 25.945
      vertex 2 0 20.4641
      vertex 1.13137 0 25.8686
    endloop
  endfacet
  facet normal -0 1 -0
    outer loop
      vertex 2 0 20.4641
      vertex 1.20294 0 25.945
      vertex 2.22228 0 20.3259
    endloop
  endfacet
  facet normal 0 1 0
    outer loop
      vertex 1.38564 0 26.2
      vertex 2.43505 0 20.1734
      vertex 1.33035 0 26.1111
    endloop
  endfacet
  facet normal 0 1 0
    outer loop
      vertex 13 0 34
      vertex 3.32588 0 19.2223
      vertex 3.17341 0 19.435
    endloop
  endfacet
  facet normal 0 1 -0
    outer loop
      vertex 12 0 15
      vertex 3.32588 0 19.2223
      vertex 13 0 34
    endloop
  endfacet
  facet normal 0 1 0
    outer loop
      vertex 3.32588 0 19.2223
      vertex 12 0 15
      vertex 3.4641 0 19
    endloop
  endfacet
  facet normal 0 1 -0
    outer loop
      vertex 9 0 15
      vertex 3.4641 0 19
      vertex 12 0 15
    endloop
  endfacet
  facet normal 0 1 0
    outer loop
      vertex 3.4641 0 19
      vertex 9 0 15
      vertex 3.58749 0 18.7692
    endloop
  endfacet
  facet normal 0 1 0
    outer loop
      vertex 3.58749 0 18.7692
      vertex 9 0 15
      vertex 3.69552 0 18.5307
    endloop
  endfacet
  facet normal 0 1 0
    outer loop
      vertex 3.69552 0 18.5307
      vertex 9 0 15
      vertex 3.78772 0 18.2858
    endloop
  endfacet
  facet normal 0 1 0
    outer loop
      vertex 3.78772 0 18.2858
      vertex 9 0 15
      vertex 3.8637 0 18.0353
    endloop
  endfacet
  facet normal 0 1 0
    outer loop
      vertex 3.8637 0 18.0353
      vertex 9 0 15
      vertex 3.92314 0 17.7804
    endloop
  endfacet
  facet normal 0 1 0
    outer loop
      vertex 3.96578 0 17.5221
      vertex 9 0 15
      vertex 3.99144 0 17.2616
    endloop
  endfacet
  facet normal 0 1 0
    outer loop
      vertex 3.99144 0 17.2616
      vertex 9 0 15
      vertex 4 0 17
    endloop
  endfacet
  facet normal 0 1 0
    outer loop
      vertex 4 0 17
      vertex 9 0 15
      vertex 3.99144 0 16.7384
    endloop
  endfacet
  facet normal 0 1 0
    outer loop
      vertex 3.99144 0 16.7384
      vertex 9 0 15
      vertex 3.96578 0 16.4779
    endloop
  endfacet
  facet normal 0 1 0
    outer loop
      vertex 3.96578 0 16.4779
      vertex 9 0 15
      vertex 3.92314 0 16.2196
    endloop
  endfacet
  facet normal 0 1 0
    outer loop
      vertex 3.92314 0 16.2196
      vertex 9 0 15
      vertex 3.8637 0 15.9647
    endloop
  endfacet
  facet normal 0 1 0
    outer loop
      vertex 3.8637 0 15.9647
      vertex 9 0 15
      vertex 3.78772 0 15.7142
    endloop
  endfacet
  facet normal 0 1 0
    outer loop
      vertex 3.78772 0 15.7142
      vertex 9 0 15
      vertex 3.69552 0 15.4693
    endloop
  endfacet
  facet normal 0 1 0
    outer loop
      vertex 3.92314 0 17.7804
      vertex 9 0 15
      vertex 3.96578 0 17.5221
    endloop
  endfacet
  facet normal 0 1 -0
    outer loop
      vertex 13 0 3
      vertex 12 0 15
      vertex 13 0 34
    endloop
  endfacet
  facet normal 0 1 0
    outer loop
      vertex 12 0 15
      vertex 13 0 3
      vertex 12 0 3
    endloop
  endfacet
  facet normal 0 1 -0
    outer loop
      vertex -0.104645 0 28.5966
      vertex -13 0 34
      vertex 0 0 28.6
    endloop
  endfacet
  facet normal 0 1 -0
    outer loop
      vertex -0.208841 0 28.5863
      vertex -13 0 34
      vertex -0.104645 0 28.5966
    endloop
  endfacet
  facet normal 0 1 -0
    outer loop
      vertex -0.312144 0 28.5693
      vertex -13 0 34
      vertex -0.208841 0 28.5863
    endloop
  endfacet
  facet normal 0 1 -0
    outer loop
      vertex -0.41411 0 28.5455
      vertex -13 0 34
      vertex -0.312144 0 28.5693
    endloop
  endfacet
  facet normal 0 1 -0
    outer loop
      vertex -0.514302 0 28.5151
      vertex -13 0 34
      vertex -0.41411 0 28.5455
    endloop
  endfacet
  facet normal 0 1 -0
    outer loop
      vertex -0.612293 0 28.4782
      vertex -13 0 34
      vertex -0.514302 0 28.5151
    endloop
  endfacet
  facet normal 0 1 -0
    outer loop
      vertex -0.707662 0 28.435
      vertex -13 0 34
      vertex -0.612293 0 28.4782
    endloop
  endfacet
  facet normal 0 1 -0
    outer loop
      vertex -0.799999 0 28.3856
      vertex -13 0 34
      vertex -0.707662 0 28.435
    endloop
  endfacet
  facet normal 0 1 -0
    outer loop
      vertex -0.888912 0 28.3304
      vertex -13 0 34
      vertex -0.799999 0 28.3856
    endloop
  endfacet
  facet normal 0 1 -0
    outer loop
      vertex -0.974018 0 28.2694
      vertex -13 0 34
      vertex -0.888912 0 28.3304
    endloop
  endfacet
  facet normal 0 1 -0
    outer loop
      vertex -1.05495 0 28.2029
      vertex -13 0 34
      vertex -0.974018 0 28.2694
    endloop
  endfacet
  facet normal 0 1 -0
    outer loop
      vertex -1.13137 0 28.1314
      vertex -13 0 34
      vertex -1.05495 0 28.2029
    endloop
  endfacet
  facet normal 0 1 -0
    outer loop
      vertex -1.20294 0 28.055
      vertex -13 0 34
      vertex -1.13137 0 28.1314
    endloop
  endfacet
  facet normal 0 1 -0
    outer loop
      vertex -1.26937 0 27.974
      vertex -13 0 34
      vertex -1.20294 0 28.055
    endloop
  endfacet
  facet normal 0 1 -0
    outer loop
      vertex -1.33035 0 27.8889
      vertex -13 0 34
      vertex -1.26937 0 27.974
    endloop
  endfacet
  facet normal 0 1 -0
    outer loop
      vertex -1.38564 0 27.8
      vertex -13 0 34
      vertex -1.33035 0 27.8889
    endloop
  endfacet
  facet normal 0 1 -0
    outer loop
      vertex -1.435 0 27.7077
      vertex -13 0 34
      vertex -1.38564 0 27.8
    endloop
  endfacet
  facet normal 0 1 -0
    outer loop
      vertex -1.47821 0 27.6123
      vertex -13 0 34
      vertex -1.435 0 27.7077
    endloop
  endfacet
  facet normal 0 1 -0
    outer loop
      vertex -1.51509 0 27.5143
      vertex -13 0 34
      vertex -1.47821 0 27.6123
    endloop
  endfacet
  facet normal 0 1 -0
    outer loop
      vertex -1.54548 0 27.4141
      vertex -13 0 34
      vertex -1.51509 0 27.5143
    endloop
  endfacet
  facet normal 0 1 -0
    outer loop
      vertex -1.56926 0 27.3121
      vertex -13 0 34
      vertex -1.54548 0 27.4141
    endloop
  endfacet
  facet normal 0 1 -0
    outer loop
      vertex -1.58631 0 27.2088
      vertex -13 0 34
      vertex -1.56926 0 27.3121
    endloop
  endfacet
  facet normal 0 1 -0
    outer loop
      vertex -1.59657 0 27.1046
      vertex -13 0 34
      vertex -1.58631 0 27.2088
    endloop
  endfacet
  facet normal 0 1 -0
    outer loop
      vertex -1.6 0 27
      vertex -13 0 34
      vertex -1.59657 0 27.1046
    endloop
  endfacet
  facet normal 0 1 0
    outer loop
      vertex -1.59657 0 26.8954
      vertex -13 0 34
      vertex -1.6 0 27
    endloop
  endfacet
  facet normal 0 1 0
    outer loop
      vertex -1.58631 0 26.7912
      vertex -13 0 34
      vertex -1.59657 0 26.8954
    endloop
  endfacet
  facet normal 0 1 0
    outer loop
      vertex -1.56926 0 26.6879
      vertex -13 0 34
      vertex -1.58631 0 26.7912
    endloop
  endfacet
  facet normal 0 1 0
    outer loop
      vertex -3.17341 0 19.435
      vertex -1.56926 0 26.6879
      vertex -1.54548 0 26.5859
    endloop
  endfacet
  facet normal 0 1 0
    outer loop
      vertex -3.00736 0 19.6374
      vertex -1.54548 0 26.5859
      vertex -1.51509 0 26.4857
    endloop
  endfacet
  facet normal 0 1 0
    outer loop
      vertex -2.82843 0 19.8284
      vertex -1.51509 0 26.4857
      vertex -1.47821 0 26.3877
    endloop
  endfacet
  facet normal 0 1 0
    outer loop
      vertex -2.82843 0 19.8284
      vertex -1.47821 0 26.3877
      vertex -1.435 0 26.2923
    endloop
  endfacet
  facet normal 0 1 0
    outer loop
      vertex -2.63738 0 20.0074
      vertex -1.435 0 26.2923
      vertex -1.38564 0 26.2
    endloop
  endfacet
  facet normal 0 1 0
    outer loop
      vertex -2.43505 0 20.1734
      vertex -1.38564 0 26.2
      vertex -1.33035 0 26.1111
    endloop
  endfacet
  facet normal 0 1 0
    outer loop
      vertex -2.22228 0 20.3259
      vertex -1.33035 0 26.1111
      vertex -1.26937 0 26.026
    endloop
  endfacet
  facet normal 0 1 0
    outer loop
      vertex -2.22228 0 20.3259
      vertex -1.26937 0 26.026
      vertex -1.20294 0 25.945
    endloop
  endfacet
  facet normal 0 1 0
    outer loop
      vertex -2 0 20.4641
      vertex -1.20294 0 25.945
      vertex -1.13137 0 25.8686
    endloop
  endfacet
  facet normal 0 1 0
    outer loop
      vertex -1.76915 0 20.5875
      vertex -1.13137 0 25.8686
      vertex -1.05495 0 25.7971
    endloop
  endfacet
  facet normal 0 1 0
    outer loop
      vertex -1.76915 0 20.5875
      vertex -1.05495 0 25.7971
      vertex -0.974018 0 25.7306
    endloop
  endfacet
  facet normal 0 1 0
    outer loop
      vertex -1.53073 0 20.6955
      vertex -0.974018 0 25.7306
      vertex -0.888912 0 25.6696
    endloop
  endfacet
  facet normal 0 1 -0
    outer loop
      vertex 0 0 21
      vertex -0.104645 0 25.4034
      vertex 0 0 25.4
    endloop
  endfacet
  facet normal 0 1 0
    outer loop
      vertex -0.261612 0 20.9914
      vertex -0.104645 0 25.4034
      vertex 0 0 21
    endloop
  endfacet
  facet normal 0 1 0
    outer loop
      vertex -0.104645 0 25.4034
      vertex -0.261612 0 20.9914
      vertex -0.208841 0 25.4137
    endloop
  endfacet
  facet normal 0 1 0
    outer loop
      vertex -0.208841 0 25.4137
      vertex -0.261612 0 20.9914
      vertex -0.312144 0 25.4307
    endloop
  endfacet
  facet normal 0 1 0
    outer loop
      vertex -0.522104 0 20.9658
      vertex -0.312144 0 25.4307
      vertex -0.261612 0 20.9914
    endloop
  endfacet
  facet normal 0 1 0
    outer loop
      vertex -0.312144 0 25.4307
      vertex -0.522104 0 20.9658
      vertex -0.41411 0 25.4545
    endloop
  endfacet
  facet normal 0 1 0
    outer loop
      vertex -0.780361 0 20.9231
      vertex -0.41411 0 25.4545
      vertex -0.522104 0 20.9658
    endloop
  endfacet
  facet normal 0 1 0
    outer loop
      vertex -0.41411 0 25.4545
      vertex -0.780361 0 20.9231
      vertex -0.514302 0 25.4849
    endloop
  endfacet
  facet normal 0 1 0
    outer loop
      vertex -0.514302 0 25.4849
      vertex -0.780361 0 20.9231
      vertex -0.612293 0 25.5218
    endloop
  endfacet
  facet normal 0 1 0
    outer loop
      vertex -1.03528 0 20.8637
      vertex -0.612293 0 25.5218
      vertex -0.780361 0 20.9231
    endloop
  endfacet
  facet normal 0 1 0
    outer loop
      vertex -0.612293 0 25.5218
      vertex -1.03528 0 20.8637
      vertex -0.707662 0 25.565
    endloop
  endfacet
  facet normal 0 1 0
    outer loop
      vertex -1.28576 0 20.7877
      vertex -0.707662 0 25.565
      vertex -1.03528 0 20.8637
    endloop
  endfacet
  facet normal 0 1 0
    outer loop
      vertex -0.707662 0 25.565
      vertex -1.28576 0 20.7877
      vertex -0.799999 0 25.6144
    endloop
  endfacet
  facet normal 0 1 0
    outer loop
      vertex -0.799999 0 25.6144
      vertex -1.28576 0 20.7877
      vertex -0.888912 0 25.6696
    endloop
  endfacet
  facet normal 0 1 0
    outer loop
      vertex -1.53073 0 20.6955
      vertex -0.888912 0 25.6696
      vertex -1.28576 0 20.7877
    endloop
  endfacet
  facet normal 0 1 0
    outer loop
      vertex -0.974018 0 25.7306
      vertex -1.53073 0 20.6955
      vertex -1.76915 0 20.5875
    endloop
  endfacet
  facet normal 0 1 0
    outer loop
      vertex -1.13137 0 25.8686
      vertex -1.76915 0 20.5875
      vertex -2 0 20.4641
    endloop
  endfacet
  facet normal 0 1 0
    outer loop
      vertex -1.20294 0 25.945
      vertex -2 0 20.4641
      vertex -2.22228 0 20.3259
    endloop
  endfacet
  facet normal 0 1 0
    outer loop
      vertex -1.33035 0 26.1111
      vertex -2.22228 0 20.3259
      vertex -2.43505 0 20.1734
    endloop
  endfacet
  facet normal 0 1 0
    outer loop
      vertex -1.38564 0 26.2
      vertex -2.43505 0 20.1734
      vertex -2.63738 0 20.0074
    endloop
  endfacet
  facet normal 0 1 0
    outer loop
      vertex -1.435 0 26.2923
      vertex -2.63738 0 20.0074
      vertex -2.82843 0 19.8284
    endloop
  endfacet
  facet normal 0 1 0
    outer loop
      vertex -1.51509 0 26.4857
      vertex -2.82843 0 19.8284
      vertex -3.00736 0 19.6374
    endloop
  endfacet
  facet normal 0 1 0
    outer loop
      vertex -1.54548 0 26.5859
      vertex -3.00736 0 19.6374
      vertex -3.17341 0 19.435
    endloop
  endfacet
  facet normal 0 1 0
    outer loop
      vertex -1.56926 0 26.6879
      vertex -3.17341 0 19.435
      vertex -13 0 34
    endloop
  endfacet
  facet normal 0 1 -0
    outer loop
      vertex -3.32588 0 19.2223
      vertex -13 0 34
      vertex -3.17341 0 19.435
    endloop
  endfacet
  facet normal 0 1 0
    outer loop
      vertex -12 0 15
      vertex -3.32588 0 19.2223
      vertex -3.4641 0 19
    endloop
  endfacet
  facet normal 0 1 0
    outer loop
      vertex -9 0 15
      vertex -3.4641 0 19
      vertex -3.58749 0 18.7692
    endloop
  endfacet
  facet normal 0 1 0
    outer loop
      vertex -9 0 15
      vertex -3.58749 0 18.7692
      vertex -3.69552 0 18.5307
    endloop
  endfacet
  facet normal 0 1 0
    outer loop
      vertex -9 0 15
      vertex -3.69552 0 18.5307
      vertex -3.78772 0 18.2858
    endloop
  endfacet
  facet normal 0 1 0
    outer loop
      vertex -9 0 15
      vertex -3.78772 0 18.2858
      vertex -3.8637 0 18.0353
    endloop
  endfacet
  facet normal 0 1 0
    outer loop
      vertex -9 0 15
      vertex -3.8637 0 18.0353
      vertex -3.92314 0 17.7804
    endloop
  endfacet
  facet normal 0 1 0
    outer loop
      vertex -9 0 15
      vertex -3.92314 0 17.7804
      vertex -3.96578 0 17.5221
    endloop
  endfacet
  facet normal 0 1 0
    outer loop
      vertex -9 0 15
      vertex -3.96578 0 17.5221
      vertex -3.99144 0 17.2616
    endloop
  endfacet
  facet normal 0 1 0
    outer loop
      vertex -9 0 15
      vertex -3.99144 0 17.2616
      vertex -4 0 17
    endloop
  endfacet
  facet normal 0 1 0
    outer loop
      vertex -9 0 15
      vertex -4 0 17
      vertex -3.99144 0 16.7384
    endloop
  endfacet
  facet normal 0 1 0
    outer loop
      vertex -9 0 15
      vertex -3.99144 0 16.7384
      vertex -3.96578 0 16.4779
    endloop
  endfacet
  facet normal 0 1 0
    outer loop
      vertex -9 0 15
      vertex -3.96578 0 16.4779
      vertex -3.92314 0 16.2196
    endloop
  endfacet
  facet normal 0 1 0
    outer loop
      vertex -9 0 15
      vertex -3.92314 0 16.2196
      vertex -3.8637 0 15.9647
    endloop
  endfacet
  facet normal 0 1 0
    outer loop
      vertex -9 0 15
      vertex -3.8637 0 15.9647
      vertex -3.78772 0 15.7142
    endloop
  endfacet
  facet normal 0 1 0
    outer loop
      vertex -9 0 15
      vertex -3.78772 0 15.7142
      vertex -3.69552 0 15.4693
    endloop
  endfacet
  facet normal 0 1 0
    outer loop
      vertex -9 0 15
      vertex -3.69552 0 15.4693
      vertex -3.58749 0 15.2308
    endloop
  endfacet
  facet normal 0 1 0
    outer loop
      vertex -9 0 15
      vertex -3.58749 0 15.2308
      vertex -3.4641 0 15
    endloop
  endfacet
  facet normal 0 1 0
    outer loop
      vertex -3.4641 0 19
      vertex -9 0 15
      vertex -12 0 15
    endloop
  endfacet
  facet normal 0 1 0
    outer loop
      vertex -3.32588 0 19.2223
      vertex -12 0 15
      vertex -13 0 34
    endloop
  endfacet
  facet normal 0 1 0
    outer loop
      vertex -13 0 3
      vertex -12 0 15
      vertex -12 0 3
    endloop
  endfacet
  facet normal 0 1 0
    outer loop
      vertex -12 0 15
      vertex -13 0 3
      vertex -13 0 34
    endloop
  endfacet
  facet normal 0 1 0
    outer loop
      vertex 3.69552 0 15.4693
      vertex 9 0 15
      vertex 3.58749 0 15.2308
    endloop
  endfacet
  facet normal 0 1 0
    outer loop
      vertex 9 0 15
      vertex 3.4641 0 15
      vertex 3.58749 0 15.2308
    endloop
  endfacet
  facet normal 0 1 0
    outer loop
      vertex 9 0 15
      vertex 3.32588 0 14.7777
      vertex 3.4641 0 15
    endloop
  endfacet
  facet normal 0 1 0
    outer loop
      vertex 9 0 15
      vertex 3.17341 0 14.565
      vertex 3.32588 0 14.7777
    endloop
  endfacet
  facet normal 0 1 0
    outer loop
      vertex 9 0 15
      vertex 3.00736 0 14.3626
      vertex 3.17341 0 14.565
    endloop
  endfacet
  facet normal 0 1 0
    outer loop
      vertex 9 0 15
      vertex 2.82843 0 14.1716
      vertex 3.00736 0 14.3626
    endloop
  endfacet
  facet normal 0 1 0
    outer loop
      vertex 9 0 15
      vertex 2.63738 0 13.9926
      vertex 2.82843 0 14.1716
    endloop
  endfacet
  facet normal 0 1 0
    outer loop
      vertex 1.435 0 7.70766
      vertex 2.63738 0 13.9926
      vertex 9 0 15
    endloop
  endfacet
  facet normal -0 1 0
    outer loop
      vertex 1.38564 0 7.8
      vertex 2.63738 0 13.9926
      vertex 1.435 0 7.70766
    endloop
  endfacet
  facet normal 0 1 0
    outer loop
      vertex 2.63738 0 13.9926
      vertex 1.38564 0 7.8
      vertex 2.43505 0 13.8266
    endloop
  endfacet
  facet normal -0 1 0
    outer loop
      vertex 1.33035 0 7.88891
      vertex 2.43505 0 13.8266
      vertex 1.38564 0 7.8
    endloop
  endfacet
  facet normal -0 1 0
    outer loop
      vertex 1.26937 0 7.97402
      vertex 2.22228 0 13.6741
      vertex 1.33035 0 7.88891
    endloop
  endfacet
  facet normal -0 1 0
    outer loop
      vertex 1.20294 0 8.05495
      vertex 2.22228 0 13.6741
      vertex 1.26937 0 7.97402
    endloop
  endfacet
  facet normal 0 1 0
    outer loop
      vertex 2.22228 0 13.6741
      vertex 1.20294 0 8.05495
      vertex 2 0 13.5359
    endloop
  endfacet
  facet normal 0 1 -0
    outer loop
      vertex 0.104645 0 8.59657
      vertex 0 0 13
      vertex 0.261612 0 13.0086
    endloop
  endfacet
  facet normal 0 1 0
    outer loop
      vertex 0.208841 0 8.58631
      vertex 0.261612 0 13.0086
      vertex 0.522104 0 13.0342
    endloop
  endfacet
  facet normal 0 1 0
    outer loop
      vertex 0.41411 0 8.54548
      vertex 0.522104 0 13.0342
      vertex 0.780361 0 13.0769
    endloop
  endfacet
  facet normal 0 1 0
    outer loop
      vertex 0.612293 0 8.47821
      vertex 0.780361 0 13.0769
      vertex 1.03528 0 13.1363
    endloop
  endfacet
  facet normal 0 1 0
    outer loop
      vertex 2 0 13.5359
      vertex 1.13137 0 8.13137
      vertex 1.76915 0 13.4125
    endloop
  endfacet
  facet normal 0 1 0
    outer loop
      vertex 0 0 13
      vertex 0.104645 0 8.59657
      vertex 0 0 8.6
    endloop
  endfacet
  facet normal 0 1 0
    outer loop
      vertex 0.261612 0 13.0086
      vertex 0.208841 0 8.58631
      vertex 0.104645 0 8.59657
    endloop
  endfacet
  facet normal 0 1 0
    outer loop
      vertex 0.522104 0 13.0342
      vertex 0.312144 0 8.56926
      vertex 0.208841 0 8.58631
    endloop
  endfacet
  facet normal 0 1 0
    outer loop
      vertex 0.522104 0 13.0342
      vertex 0.41411 0 8.54548
      vertex 0.312144 0 8.56926
    endloop
  endfacet
  facet normal 0 1 0
    outer loop
      vertex 0.780361 0 13.0769
      vertex 0.514302 0 8.51509
      vertex 0.41411 0 8.54548
    endloop
  endfacet
  facet normal 0 1 0
    outer loop
      vertex 0.780361 0 13.0769
      vertex 0.612293 0 8.47821
      vertex 0.514302 0 8.51509
    endloop
  endfacet
  facet normal 0 1 0
    outer loop
      vertex 1.03528 0 13.1363
      vertex 0.707662 0 8.435
      vertex 0.612293 0 8.47821
    endloop
  endfacet
  facet normal 0 1 0
    outer loop
      vertex 1.28576 0 13.2123
      vertex 0.707662 0 8.435
      vertex 1.03528 0 13.1363
    endloop
  endfacet
  facet normal -0 1 0
    outer loop
      vertex 0.707662 0 8.435
      vertex 1.28576 0 13.2123
      vertex 0.799999 0 8.38564
    endloop
  endfacet
  facet normal -0 1 0
    outer loop
      vertex 0.799999 0 8.38564
      vertex 1.28576 0 13.2123
      vertex 0.888912 0 8.33035
    endloop
  endfacet
  facet normal 0 1 0
    outer loop
      vertex 1.53073 0 13.3045
      vertex 0.888912 0 8.33035
      vertex 1.28576 0 13.2123
    endloop
  endfacet
  facet normal -0 1 0
    outer loop
      vertex 0.888912 0 8.33035
      vertex 1.53073 0 13.3045
      vertex 0.974018 0 8.26937
    endloop
  endfacet
  facet normal 0 1 0
    outer loop
      vertex 1.76915 0 13.4125
      vertex 0.974018 0 8.26937
      vertex 1.53073 0 13.3045
    endloop
  endfacet
  facet normal -0 1 0
    outer loop
      vertex 0.974018 0 8.26937
      vertex 1.76915 0 13.4125
      vertex 1.05495 0 8.20294
    endloop
  endfacet
  facet normal -0 1 0
    outer loop
      vertex 1.05495 0 8.20294
      vertex 1.76915 0 13.4125
      vertex 1.13137 0 8.13137
    endloop
  endfacet
  facet normal -0 1 0
    outer loop
      vertex 1.13137 0 8.13137
      vertex 2 0 13.5359
      vertex 1.20294 0 8.05495
    endloop
  endfacet
  facet normal 0 1 0
    outer loop
      vertex 2.43505 0 13.8266
      vertex 1.33035 0 7.88891
      vertex 2.22228 0 13.6741
    endloop
  endfacet
  facet normal 0 1 0
    outer loop
      vertex 9 0 15
      vertex 1.47821 0 7.61229
      vertex 1.435 0 7.70766
    endloop
  endfacet
  facet normal 0 1 0
    outer loop
      vertex 9 0 15
      vertex 1.51509 0 7.5143
      vertex 1.47821 0 7.61229
    endloop
  endfacet
  facet normal 0 1 0
    outer loop
      vertex 9 0 15
      vertex 1.54548 0 7.41411
      vertex 1.51509 0 7.5143
    endloop
  endfacet
  facet normal 0 1 -0
    outer loop
      vertex 9 0 3
      vertex 1.54548 0 7.41411
      vertex 9 0 15
    endloop
  endfacet
  facet normal 0 1 0
    outer loop
      vertex 1.54548 0 7.41411
      vertex 9 0 3
      vertex 1.56926 0 7.31215
    endloop
  endfacet
  facet normal 0 1 0
    outer loop
      vertex 1.56926 0 7.31215
      vertex 9 0 3
      vertex 1.58631 0 7.20884
    endloop
  endfacet
  facet normal 0 1 0
    outer loop
      vertex 1.58631 0 7.20884
      vertex 9 0 3
      vertex 1.59657 0 7.10465
    endloop
  endfacet
  facet normal 0 1 0
    outer loop
      vertex 1.59657 0 7.10465
      vertex 9 0 3
      vertex 1.6 0 7
    endloop
  endfacet
  facet normal 0 1 0
    outer loop
      vertex 1.6 0 7
      vertex 9 0 3
      vertex 1.59657 0 6.89536
    endloop
  endfacet
  facet normal 0 1 0
    outer loop
      vertex 1.59657 0 6.89536
      vertex 9 0 3
      vertex 1.58631 0 6.79116
    endloop
  endfacet
  facet normal 0 1 0
    outer loop
      vertex 1.58631 0 6.79116
      vertex 9 0 3
      vertex 1.56926 0 6.68786
    endloop
  endfacet
  facet normal 0 1 0
    outer loop
      vertex 1.56926 0 6.68786
      vertex 9 0 3
      vertex 1.54548 0 6.58589
    endloop
  endfacet
  facet normal 0 1 0
    outer loop
      vertex 1.54548 0 6.58589
      vertex 9 0 3
      vertex 1.51509 0 6.4857
    endloop
  endfacet
  facet normal 0 1 0
    outer loop
      vertex 1.51509 0 6.4857
      vertex 9 0 3
      vertex 1.47821 0 6.38771
    endloop
  endfacet
  facet normal 0 1 0
    outer loop
      vertex 1.47821 0 6.38771
      vertex 9 0 3
      vertex 1.435 0 6.29234
    endloop
  endfacet
  facet normal 0 1 0
    outer loop
      vertex 1.435 0 6.29234
      vertex 9 0 3
      vertex 1.38564 0 6.2
    endloop
  endfacet
  facet normal 0 1 0
    outer loop
      vertex 1.38564 0 6.2
      vertex 9 0 3
      vertex 1.33035 0 6.11109
    endloop
  endfacet
  facet normal 0 1 0
    outer loop
      vertex 1.33035 0 6.11109
      vertex 9 0 3
      vertex 1.26937 0 6.02598
    endloop
  endfacet
  facet normal 0 1 0
    outer loop
      vertex 0.104645 0 5.40343
      vertex 9 0 3
      vertex 0 0 5.4
    endloop
  endfacet
  facet normal 0 1 0
    outer loop
      vertex 0.208841 0 5.41369
      vertex 9 0 3
      vertex 0.104645 0 5.40343
    endloop
  endfacet
  facet normal 0 1 0
    outer loop
      vertex 0.312144 0 5.43074
      vertex 9 0 3
      vertex 0.208841 0 5.41369
    endloop
  endfacet
  facet normal 0 1 0
    outer loop
      vertex 0.41411 0 5.45452
      vertex 9 0 3
      vertex 0.312144 0 5.43074
    endloop
  endfacet
  facet normal 0 1 0
    outer loop
      vertex 0.514302 0 5.48491
      vertex 9 0 3
      vertex 0.41411 0 5.45452
    endloop
  endfacet
  facet normal 0 1 0
    outer loop
      vertex 0.612293 0 5.52179
      vertex 9 0 3
      vertex 0.514302 0 5.48491
    endloop
  endfacet
  facet normal 0 1 0
    outer loop
      vertex 0.707662 0 5.565
      vertex 9 0 3
      vertex 0.612293 0 5.52179
    endloop
  endfacet
  facet normal 0 1 0
    outer loop
      vertex 0.799999 0 5.61436
      vertex 9 0 3
      vertex 0.707662 0 5.565
    endloop
  endfacet
  facet normal 0 1 0
    outer loop
      vertex 0.888912 0 5.66965
      vertex 9 0 3
      vertex 0.799999 0 5.61436
    endloop
  endfacet
  facet normal 0 1 0
    outer loop
      vertex 0.974018 0 5.73063
      vertex 9 0 3
      vertex 0.888912 0 5.66965
    endloop
  endfacet
  facet normal 0 1 0
    outer loop
      vertex 1.05495 0 5.79706
      vertex 9 0 3
      vertex 0.974018 0 5.73063
    endloop
  endfacet
  facet normal 0 1 0
    outer loop
      vertex 1.13137 0 5.86863
      vertex 9 0 3
      vertex 1.05495 0 5.79706
    endloop
  endfacet
  facet normal 0 1 0
    outer loop
      vertex 1.20294 0 5.94505
      vertex 9 0 3
      vertex 1.13137 0 5.86863
    endloop
  endfacet
  facet normal 0 1 0
    outer loop
      vertex 1.26937 0 6.02598
      vertex 9 0 3
      vertex 1.20294 0 5.94505
    endloop
  endfacet
  facet normal 0 -1 0
    outer loop
      vertex 13 0 0
      vertex 30 0 3
      vertex 13 0 3
    endloop
  endfacet
  facet normal 0 -1 -0
    outer loop
      vertex 30 0 3
      vertex 13 0 0
      vertex 30 0 0
    endloop
  endfacet
  facet normal 0 -1 0
    outer loop
      vertex -14 0 0
      vertex -13 0 3
      vertex -14 0 3
    endloop
  endfacet
  facet normal 0 -1 -0
    outer loop
      vertex -13 0 3
      vertex -14 0 0
      vertex -13 0 0
    endloop
  endfacet
  facet normal -1 0 0
    outer loop
      vertex 9 0 15
      vertex 9 14 3
      vertex 9 0 3
    endloop
  endfacet
  facet normal -0 0.650791 0.759257
    outer loop
      vertex 9 14 3
      vertex 12 0 15
      vertex 12 14 3
    endloop
  endfacet
  facet normal 0 0.650791 0.759257
    outer loop
      vertex 12 0 15
      vertex 9 14 3
      vertex 9 0 15
    endloop
  endfacet
  facet normal 1 0 0
    outer loop
      vertex 12 0 3
      vertex 12 14 3
      vertex 12 0 15
    endloop
  endfacet
  facet normal -1 0 0
    outer loop
      vertex -13 -4 0
      vertex -13 0 3
      vertex -13 0 0
    endloop
  endfacet
  facet normal -1 0 0
    outer loop
      vertex -13 -4 34
      vertex -13 0 3
      vertex -13 -4 0
    endloop
  endfacet
  facet normal -1 0 0
    outer loop
      vertex -13 0 3
      vertex -13 -4 34
      vertex -13 0 34
    endloop
  endfacet
  facet normal 0 -1 0
    outer loop
      vertex -13 -4 34
      vertex 0 -4 28.6
      vertex 13 -4 34
    endloop
  endfacet
  facet normal 0 -1 0
    outer loop
      vertex -13 -4 34
      vertex -0.104645 -4 28.5966
      vertex 0 -4 28.6
    endloop
  endfacet
  facet normal 0 -1 0
    outer loop
      vertex -13 -4 34
      vertex -0.208841 -4 28.5863
      vertex -0.104645 -4 28.5966
    endloop
  endfacet
  facet normal 0 -1 0
    outer loop
      vertex -13 -4 34
      vertex -0.312144 -4 28.5693
      vertex -0.208841 -4 28.5863
    endloop
  endfacet
  facet normal 0 -1 0
    outer loop
      vertex -13 -4 34
      vertex -0.41411 -4 28.5455
      vertex -0.312144 -4 28.5693
    endloop
  endfacet
  facet normal 0 -1 0
    outer loop
      vertex -13 -4 34
      vertex -0.514302 -4 28.5151
      vertex -0.41411 -4 28.5455
    endloop
  endfacet
  facet normal 0 -1 0
    outer loop
      vertex -13 -4 34
      vertex -0.612293 -4 28.4782
      vertex -0.514302 -4 28.5151
    endloop
  endfacet
  facet normal 0 -1 0
    outer loop
      vertex -13 -4 34
      vertex -0.707662 -4 28.435
      vertex -0.612293 -4 28.4782
    endloop
  endfacet
  facet normal 0 -1 0
    outer loop
      vertex -13 -4 34
      vertex -0.799999 -4 28.3856
      vertex -0.707662 -4 28.435
    endloop
  endfacet
  facet normal 0 -1 0
    outer loop
      vertex -13 -4 34
      vertex -0.888912 -4 28.3304
      vertex -0.799999 -4 28.3856
    endloop
  endfacet
  facet normal 0 -1 0
    outer loop
      vertex -13 -4 34
      vertex -0.974018 -4 28.2694
      vertex -0.888912 -4 28.3304
    endloop
  endfacet
  facet normal 0 -1 0
    outer loop
      vertex -13 -4 34
      vertex -1.05495 -4 28.2029
      vertex -0.974018 -4 28.2694
    endloop
  endfacet
  facet normal 0 -1 0
    outer loop
      vertex -13 -4 34
      vertex -1.13137 -4 28.1314
      vertex -1.05495 -4 28.2029
    endloop
  endfacet
  facet normal 0 -1 0
    outer loop
      vertex -13 -4 34
      vertex -1.20294 -4 28.055
      vertex -1.13137 -4 28.1314
    endloop
  endfacet
  facet normal 0 -1 0
    outer loop
      vertex -13 -4 34
      vertex -1.26937 -4 27.974
      vertex -1.20294 -4 28.055
    endloop
  endfacet
  facet normal 0 -1 0
    outer loop
      vertex -13 -4 34
      vertex -1.33035 -4 27.8889
      vertex -1.26937 -4 27.974
    endloop
  endfacet
  facet normal 0 -1 0
    outer loop
      vertex -13 -4 34
      vertex -1.38564 -4 27.8
      vertex -1.33035 -4 27.8889
    endloop
  endfacet
  facet normal 0 -1 0
    outer loop
      vertex -13 -4 34
      vertex -1.435 -4 27.7077
      vertex -1.38564 -4 27.8
    endloop
  endfacet
  facet normal 0 -1 0
    outer loop
      vertex -13 -4 34
      vertex -1.47821 -4 27.6123
      vertex -1.435 -4 27.7077
    endloop
  endfacet
  facet normal 0 -1 0
    outer loop
      vertex -13 -4 34
      vertex -1.51509 -4 27.5143
      vertex -1.47821 -4 27.6123
    endloop
  endfacet
  facet normal 0 -1 0
    outer loop
      vertex -13 -4 34
      vertex -1.54548 -4 27.4141
      vertex -1.51509 -4 27.5143
    endloop
  endfacet
  facet normal 0 -1 0
    outer loop
      vertex -13 -4 34
      vertex -1.56926 -4 27.3121
      vertex -1.54548 -4 27.4141
    endloop
  endfacet
  facet normal 0 -1 0
    outer loop
      vertex -13 -4 34
      vertex -1.58631 -4 27.2088
      vertex -1.56926 -4 27.3121
    endloop
  endfacet
  facet normal 0 -1 0
    outer loop
      vertex -13 -4 34
      vertex -1.59657 -4 27.1046
      vertex -1.58631 -4 27.2088
    endloop
  endfacet
  facet normal 0 -1 0
    outer loop
      vertex -13 -4 34
      vertex -1.6 -4 27
      vertex -1.59657 -4 27.1046
    endloop
  endfacet
  facet normal 0 -1 0
    outer loop
      vertex -13 -4 34
      vertex -1.59657 -4 26.8954
      vertex -1.6 -4 27
    endloop
  endfacet
  facet normal 0 -1 0
    outer loop
      vertex -13 -4 34
      vertex -1.58631 -4 26.7912
      vertex -1.59657 -4 26.8954
    endloop
  endfacet
  facet normal 0 -1 0
    outer loop
      vertex -13 -4 34
      vertex -1.56926 -4 26.6879
      vertex -1.58631 -4 26.7912
    endloop
  endfacet
  facet normal 0 -1 0
    outer loop
      vertex -3.17341 -4 19.435
      vertex -1.56926 -4 26.6879
      vertex -13 -4 34
    endloop
  endfacet
  facet normal 0 -1 -0
    outer loop
      vertex -1.56926 -4 26.6879
      vertex -3.17341 -4 19.435
      vertex -1.54548 -4 26.5859
    endloop
  endfacet
  facet normal -0 -1 0
    outer loop
      vertex -3.00736 -4 19.6374
      vertex -1.54548 -4 26.5859
      vertex -3.17341 -4 19.435
    endloop
  endfacet
  facet normal 0 -1 -0
    outer loop
      vertex -1.54548 -4 26.5859
      vertex -3.00736 -4 19.6374
      vertex -1.51509 -4 26.4857
    endloop
  endfacet
  facet normal -0 -1 0
    outer loop
      vertex -2.82843 -4 19.8284
      vertex -1.51509 -4 26.4857
      vertex -3.00736 -4 19.6374
    endloop
  endfacet
  facet normal 0 -1 -0
    outer loop
      vertex -1.51509 -4 26.4857
      vertex -2.82843 -4 19.8284
      vertex -1.47821 -4 26.3877
    endloop
  endfacet
  facet normal 0 -1 -0
    outer loop
      vertex -1.47821 -4 26.3877
      vertex -2.82843 -4 19.8284
      vertex -1.435 -4 26.2923
    endloop
  endfacet
  facet normal -0 -1 0
    outer loop
      vertex -2.63738 -4 20.0074
      vertex -1.435 -4 26.2923
      vertex -2.82843 -4 19.8284
    endloop
  endfacet
  facet normal 0 -1 -0
    outer loop
      vertex -1.435 -4 26.2923
      vertex -2.63738 -4 20.0074
      vertex -1.38564 -4 26.2
    endloop
  endfacet
  facet normal -0 -1 0
    outer loop
      vertex -2.43505 -4 20.1734
      vertex -1.38564 -4 26.2
      vertex -2.63738 -4 20.0074
    endloop
  endfacet
  facet normal -0 -1 0
    outer loop
      vertex -2.22228 -4 20.3259
      vertex -1.33035 -4 26.1111
      vertex -2.43505 -4 20.1734
    endloop
  endfacet
  facet normal 0 -1 -0
    outer loop
      vertex -1.33035 -4 26.1111
      vertex -2.22228 -4 20.3259
      vertex -1.26937 -4 26.026
    endloop
  endfacet
  facet normal 0 -1 0
    outer loop
      vertex -0.104645 -4 25.4034
      vertex 0 -4 21
      vertex 0 -4 25.4
    endloop
  endfacet
  facet normal 0 -1 0
    outer loop
      vertex -0.261612 -4 20.9914
      vertex -0.104645 -4 25.4034
      vertex -0.208841 -4 25.4137
    endloop
  endfacet
  facet normal 0 -1 0
    outer loop
      vertex -0.261612 -4 20.9914
      vertex -0.208841 -4 25.4137
      vertex -0.312144 -4 25.4307
    endloop
  endfacet
  facet normal 0 -1 0
    outer loop
      vertex -0.522104 -4 20.9658
      vertex -0.312144 -4 25.4307
      vertex -0.41411 -4 25.4545
    endloop
  endfacet
  facet normal 0 -1 0
    outer loop
      vertex -0.780361 -4 20.9231
      vertex -0.41411 -4 25.4545
      vertex -0.514302 -4 25.4849
    endloop
  endfacet
  facet normal 0 -1 0
    outer loop
      vertex -0.780361 -4 20.9231
      vertex -0.514302 -4 25.4849
      vertex -0.612293 -4 25.5218
    endloop
  endfacet
  facet normal 0 -1 0
    outer loop
      vertex -1.03528 -4 20.8637
      vertex -0.612293 -4 25.5218
      vertex -0.707662 -4 25.565
    endloop
  endfacet
  facet normal 0 -1 0
    outer loop
      vertex -1.28576 -4 20.7877
      vertex -0.707662 -4 25.565
      vertex -0.799999 -4 25.6144
    endloop
  endfacet
  facet normal 0 -1 0
    outer loop
      vertex -1.28576 -4 20.7877
      vertex -0.799999 -4 25.6144
      vertex -0.888912 -4 25.6696
    endloop
  endfacet
  facet normal 0 -1 -0
    outer loop
      vertex -1.26937 -4 26.026
      vertex -2.22228 -4 20.3259
      vertex -1.20294 -4 25.945
    endloop
  endfacet
  facet normal 0 -1 -0
    outer loop
      vertex -0.104645 -4 25.4034
      vertex -0.261612 -4 20.9914
      vertex 0 -4 21
    endloop
  endfacet
  facet normal 0 -1 -0
    outer loop
      vertex -0.312144 -4 25.4307
      vertex -0.522104 -4 20.9658
      vertex -0.261612 -4 20.9914
    endloop
  endfacet
  facet normal 0 -1 0
    outer loop
      vertex -0.41411 -4 25.4545
      vertex -0.780361 -4 20.9231
      vertex -0.522104 -4 20.9658
    endloop
  endfacet
  facet normal 0 -1 0
    outer loop
      vertex -0.612293 -4 25.5218
      vertex -1.03528 -4 20.8637
      vertex -0.780361 -4 20.9231
    endloop
  endfacet
  facet normal 0 -1 0
    outer loop
      vertex -0.707662 -4 25.565
      vertex -1.28576 -4 20.7877
      vertex -1.03528 -4 20.8637
    endloop
  endfacet
  facet normal 0 -1 0
    outer loop
      vertex -0.888912 -4 25.6696
      vertex -1.53073 -4 20.6955
      vertex -1.28576 -4 20.7877
    endloop
  endfacet
  facet normal 0 -1 -0
    outer loop
      vertex -0.974018 -4 25.7306
      vertex -1.53073 -4 20.6955
      vertex -0.888912 -4 25.6696
    endloop
  endfacet
  facet normal -0 -1 0
    outer loop
      vertex -1.53073 -4 20.6955
      vertex -0.974018 -4 25.7306
      vertex -1.76915 -4 20.5875
    endloop
  endfacet
  facet normal 0 -1 -0
    outer loop
      vertex -1.05495 -4 25.7971
      vertex -1.76915 -4 20.5875
      vertex -0.974018 -4 25.7306
    endloop
  endfacet
  facet normal 0 -1 -0
    outer loop
      vertex -1.13137 -4 25.8686
      vertex -1.76915 -4 20.5875
      vertex -1.05495 -4 25.7971
    endloop
  endfacet
  facet normal -0 -1 0
    outer loop
      vertex -1.76915 -4 20.5875
      vertex -1.13137 -4 25.8686
      vertex -2 -4 20.4641
    endloop
  endfacet
  facet normal 0 -1 -0
    outer loop
      vertex -1.20294 -4 25.945
      vertex -2 -4 20.4641
      vertex -1.13137 -4 25.8686
    endloop
  endfacet
  facet normal -0 -1 0
    outer loop
      vertex -2 -4 20.4641
      vertex -1.20294 -4 25.945
      vertex -2.22228 -4 20.3259
    endloop
  endfacet
  facet normal 0 -1 -0
    outer loop
      vertex -1.38564 -4 26.2
      vertex -2.43505 -4 20.1734
      vertex -1.33035 -4 26.1111
    endloop
  endfacet
  facet normal 0 -1 0
    outer loop
      vertex -13 -4 34
      vertex -3.32588 -4 19.2223
      vertex -3.17341 -4 19.435
    endloop
  endfacet
  facet normal 0 -1 0
    outer loop
      vertex -13 -4 34
      vertex -3.4641 -4 19
      vertex -3.32588 -4 19.2223
    endloop
  endfacet
  facet normal 0 -1 0
    outer loop
      vertex -13 -4 34
      vertex -3.58749 -4 18.7692
      vertex -3.4641 -4 19
    endloop
  endfacet
  facet normal 0 -1 0
    outer loop
      vertex -13 -4 34
      vertex -3.69552 -4 18.5307
      vertex -3.58749 -4 18.7692
    endloop
  endfacet
  facet normal 0 -1 0
    outer loop
      vertex -13 -4 34
      vertex -3.78772 -4 18.2858
      vertex -3.69552 -4 18.5307
    endloop
  endfacet
  facet normal 0 -1 0
    outer loop
      vertex -13 -4 34
      vertex -3.8637 -4 18.0353
      vertex -3.78772 -4 18.2858
    endloop
  endfacet
  facet normal 0 -1 0
    outer loop
      vertex -13 -4 34
      vertex -3.92314 -4 17.7804
      vertex -3.8637 -4 18.0353
    endloop
  endfacet
  facet normal 0 -1 0
    outer loop
      vertex -13 -4 34
      vertex -3.96578 -4 17.5221
      vertex -3.92314 -4 17.7804
    endloop
  endfacet
  facet normal 0 -1 0
    outer loop
      vertex -13 -4 34
      vertex -3.99144 -4 17.2616
      vertex -3.96578 -4 17.5221
    endloop
  endfacet
  facet normal 0 -1 0
    outer loop
      vertex -13 -4 34
      vertex -4 -4 17
      vertex -3.99144 -4 17.2616
    endloop
  endfacet
  facet normal 0 -1 0
    outer loop
      vertex -13 -4 0
      vertex -4 -4 17
      vertex -13 -4 34
    endloop
  endfacet
  facet normal 0 -1 -0
    outer loop
      vertex -4 -4 17
      vertex -13 -4 0
      vertex -3.99144 -4 16.7384
    endloop
  endfacet
  facet normal 0 -1 -0
    outer loop
      vertex -3.99144 -4 16.7384
      vertex -13 -4 0
      vertex -3.96578 -4 16.4779
    endloop
  endfacet
  facet normal 0 -1 -0
    outer loop
      vertex -3.96578 -4 16.4779
      vertex -13 -4 0
      vertex -3.92314 -4 16.2196
    endloop
  endfacet
  facet normal 0 -1 -0
    outer loop
      vertex -3.92314 -4 16.2196
      vertex -13 -4 0
      vertex -3.8637 -4 15.9647
    endloop
  endfacet
  facet normal 0 -1 -0
    outer loop
      vertex -3.8637 -4 15.9647
      vertex -13 -4 0
      vertex -3.78772 -4 15.7142
    endloop
  endfacet
  facet normal 0 -1 -0
    outer loop
      vertex -3.78772 -4 15.7142
      vertex -13 -4 0
      vertex -3.69552 -4 15.4693
    endloop
  endfacet
  facet normal 0 -1 0
    outer loop
      vertex -0.104645 -4 8.59657
      vertex 0 -4 13
      vertex -0.261612 -4 13.0086
    endloop
  endfacet
  facet normal 0 -1 0
    outer loop
      vertex -0.208841 -4 8.58631
      vertex -0.261612 -4 13.0086
      vertex -0.522104 -4 13.0342
    endloop
  endfacet
  facet normal 0 -1 0
    outer loop
      vertex -0.41411 -4 8.54548
      vertex -0.522104 -4 13.0342
      vertex -0.780361 -4 13.0769
    endloop
  endfacet
  facet normal 0 -1 0
    outer loop
      vertex -0.612293 -4 8.47821
      vertex -0.780361 -4 13.0769
      vertex -1.03528 -4 13.1363
    endloop
  endfacet
  facet normal 0 -1 0
    outer loop
      vertex -0.707662 -4 8.435
      vertex -1.03528 -4 13.1363
      vertex -1.28576 -4 13.2123
    endloop
  endfacet
  facet normal 0 -1 0
    outer loop
      vertex -0.888912 -4 8.33035
      vertex -1.28576 -4 13.2123
      vertex -1.53073 -4 13.3045
    endloop
  endfacet
  facet normal 0 -1 0
    outer loop
      vertex -0.974018 -4 8.26937
      vertex -1.53073 -4 13.3045
      vertex -1.76915 -4 13.4125
    endloop
  endfacet
  facet normal 0 -1 0
    outer loop
      vertex -1.13137 -4 8.13137
      vertex -1.76915 -4 13.4125
      vertex -2 -4 13.5359
    endloop
  endfacet
  facet normal 0 -1 0
    outer loop
      vertex -1.20294 -4 8.05495
      vertex -2 -4 13.5359
      vertex -2.22228 -4 13.6741
    endloop
  endfacet
  facet normal 0 -1 0
    outer loop
      vertex -1.33035 -4 7.88891
      vertex -2.22228 -4 13.6741
      vertex -2.43505 -4 13.8266
    endloop
  endfacet
  facet normal 0 -1 0
    outer loop
      vertex -1.38564 -4 7.8
      vertex -2.43505 -4 13.8266
      vertex -2.63738 -4 13.9926
    endloop
  endfacet
  facet normal 0 -1 0
    outer loop
      vertex -1.435 -4 7.70766
      vertex -2.63738 -4 13.9926
      vertex -2.82843 -4 14.1716
    endloop
  endfacet
  facet normal 0 -1 0
    outer loop
      vertex -1.51509 -4 7.5143
      vertex -2.82843 -4 14.1716
      vertex -3.00736 -4 14.3626
    endloop
  endfacet
  facet normal 0 -1 0
    outer loop
      vertex -1.54548 -4 7.41411
      vertex -3.00736 -4 14.3626
      vertex -3.17341 -4 14.565
    endloop
  endfacet
  facet normal 0 -1 0
    outer loop
      vertex -13 -4 0
      vertex -3.17341 -4 14.565
      vertex -3.32588 -4 14.7777
    endloop
  endfacet
  facet normal 0 -1 0
    outer loop
      vertex -13 -4 0
      vertex -3.32588 -4 14.7777
      vertex -3.4641 -4 15
    endloop
  endfacet
  facet normal 0 -1 -0
    outer loop
      vertex 0 -4 13
      vertex -0.104645 -4 8.59657
      vertex 0 -4 8.6
    endloop
  endfacet
  facet normal 0 -1 0
    outer loop
      vertex -13 -4 0
      vertex -3.4641 -4 15
      vertex -3.58749 -4 15.2308
    endloop
  endfacet
  facet normal 0 -1 0
    outer loop
      vertex -0.261612 -4 13.0086
      vertex -0.208841 -4 8.58631
      vertex -0.104645 -4 8.59657
    endloop
  endfacet
  facet normal 0 -1 0
    outer loop
      vertex -0.522104 -4 13.0342
      vertex -0.312144 -4 8.56926
      vertex -0.208841 -4 8.58631
    endloop
  endfacet
  facet normal 0 -1 -0
    outer loop
      vertex -3.69552 -4 15.4693
      vertex -13 -4 0
      vertex -3.58749 -4 15.2308
    endloop
  endfacet
  facet normal 0 -1 0
    outer loop
      vertex -0.522104 -4 13.0342
      vertex -0.41411 -4 8.54548
      vertex -0.312144 -4 8.56926
    endloop
  endfacet
  facet normal 0 -1 0
    outer loop
      vertex -0.780361 -4 13.0769
      vertex -0.514302 -4 8.51509
      vertex -0.41411 -4 8.54548
    endloop
  endfacet
  facet normal 0 -1 0
    outer loop
      vertex -0.780361 -4 13.0769
      vertex -0.612293 -4 8.47821
      vertex -0.514302 -4 8.51509
    endloop
  endfacet
  facet normal 0 -1 0
    outer loop
      vertex -1.03528 -4 13.1363
      vertex -0.707662 -4 8.435
      vertex -0.612293 -4 8.47821
    endloop
  endfacet
  facet normal 0 -1 0
    outer loop
      vertex -1.28576 -4 13.2123
      vertex -0.799999 -4 8.38564
      vertex -0.707662 -4 8.435
    endloop
  endfacet
  facet normal 0 -1 0
    outer loop
      vertex -1.28576 -4 13.2123
      vertex -0.888912 -4 8.33035
      vertex -0.799999 -4 8.38564
    endloop
  endfacet
  facet normal 0 -1 0
    outer loop
      vertex -1.53073 -4 13.3045
      vertex -0.974018 -4 8.26937
      vertex -0.888912 -4 8.33035
    endloop
  endfacet
  facet normal 0 -1 0
    outer loop
      vertex -1.76915 -4 13.4125
      vertex -1.05495 -4 8.20294
      vertex -0.974018 -4 8.26937
    endloop
  endfacet
  facet normal 0 -1 0
    outer loop
      vertex -1.76915 -4 13.4125
      vertex -1.13137 -4 8.13137
      vertex -1.05495 -4 8.20294
    endloop
  endfacet
  facet normal 0 -1 0
    outer loop
      vertex -2 -4 13.5359
      vertex -1.20294 -4 8.05495
      vertex -1.13137 -4 8.13137
    endloop
  endfacet
  facet normal 0 -1 0
    outer loop
      vertex -2.22228 -4 13.6741
      vertex -1.26937 -4 7.97402
      vertex -1.20294 -4 8.05495
    endloop
  endfacet
  facet normal 0 -1 0
    outer loop
      vertex -2.22228 -4 13.6741
      vertex -1.33035 -4 7.88891
      vertex -1.26937 -4 7.97402
    endloop
  endfacet
  facet normal 0 -1 0
    outer loop
      vertex -2.43505 -4 13.8266
      vertex -1.38564 -4 7.8
      vertex -1.33035 -4 7.88891
    endloop
  endfacet
  facet normal 0 -1 -0
    outer loop
      vertex -3.17341 -4 14.565
      vertex -13 -4 0
      vertex -1.56926 -4 7.31215
    endloop
  endfacet
  facet normal 0 -1 0
    outer loop
      vertex -2.63738 -4 13.9926
      vertex -1.435 -4 7.70766
      vertex -1.38564 -4 7.8
    endloop
  endfacet
  facet normal 0 -1 0
    outer loop
      vertex -2.82843 -4 14.1716
      vertex -1.47821 -4 7.61229
      vertex -1.435 -4 7.70766
    endloop
  endfacet
  facet normal 0 -1 0
    outer loop
      vertex -2.82843 -4 14.1716
      vertex -1.51509 -4 7.5143
      vertex -1.47821 -4 7.61229
    endloop
  endfacet
  facet normal 0 -1 0
    outer loop
      vertex -3.00736 -4 14.3626
      vertex -1.54548 -4 7.41411
      vertex -1.51509 -4 7.5143
    endloop
  endfacet
  facet normal 0 -1 0
    outer loop
      vertex -3.17341 -4 14.565
      vertex -1.56926 -4 7.31215
      vertex -1.54548 -4 7.41411
    endloop
  endfacet
  facet normal 0 -1 0
    outer loop
      vertex -1.56926 -4 7.31215
      vertex -13 -4 0
      vertex -1.58631 -4 7.20884
    endloop
  endfacet
  facet normal 0 -1 0
    outer loop
      vertex -1.58631 -4 7.20884
      vertex -13 -4 0
      vertex -1.59657 -4 7.10465
    endloop
  endfacet
  facet normal 0 -1 0
    outer loop
      vertex -1.59657 -4 7.10465
      vertex -13 -4 0
      vertex -1.6 -4 7
    endloop
  endfacet
  facet normal 0 -1 -0
    outer loop
      vertex -1.6 -4 7
      vertex -13 -4 0
      vertex -1.59657 -4 6.89536
    endloop
  endfacet
  facet normal 0 -1 -0
    outer loop
      vertex -1.59657 -4 6.89536
      vertex -13 -4 0
      vertex -1.58631 -4 6.79116
    endloop
  endfacet
  facet normal 0 -1 -0
    outer loop
      vertex -1.58631 -4 6.79116
      vertex -13 -4 0
      vertex -1.56926 -4 6.68786
    endloop
  endfacet
  facet normal 0 -1 -0
    outer loop
      vertex -1.56926 -4 6.68786
      vertex -13 -4 0
      vertex -1.54548 -4 6.58589
    endloop
  endfacet
  facet normal 0 -1 -0
    outer loop
      vertex -1.54548 -4 6.58589
      vertex -13 -4 0
      vertex -1.51509 -4 6.4857
    endloop
  endfacet
  facet normal 0 -1 -0
    outer loop
      vertex -0.104645 -4 5.40343
      vertex -13 -4 0
      vertex 0 -4 5.4
    endloop
  endfacet
  facet normal 0 -1 -0
    outer loop
      vertex -0.208841 -4 5.41369
      vertex -13 -4 0
      vertex -0.104645 -4 5.40343
    endloop
  endfacet
  facet normal 0 -1 -0
    outer loop
      vertex -0.312144 -4 5.43074
      vertex -13 -4 0
      vertex -0.208841 -4 5.41369
    endloop
  endfacet
  facet normal 0 -1 -0
    outer loop
      vertex -0.41411 -4 5.45452
      vertex -13 -4 0
      vertex -0.312144 -4 5.43074
    endloop
  endfacet
  facet normal 0 -1 -0
    outer loop
      vertex -0.514302 -4 5.48491
      vertex -13 -4 0
      vertex -0.41411 -4 5.45452
    endloop
  endfacet
  facet normal 0 -1 -0
    outer loop
      vertex -0.612293 -4 5.52179
      vertex -13 -4 0
      vertex -0.514302 -4 5.48491
    endloop
  endfacet
  facet normal 0 -1 -0
    outer loop
      vertex -0.707662 -4 5.565
      vertex -13 -4 0
      vertex -0.612293 -4 5.52179
    endloop
  endfacet
  facet normal 0 -1 -0
    outer loop
      vertex -0.799999 -4 5.61436
      vertex -13 -4 0
      vertex -0.707662 -4 5.565
    endloop
  endfacet
  facet normal 0 -1 -0
    outer loop
      vertex -0.888912 -4 5.66965
      vertex -13 -4 0
      vertex -0.799999 -4 5.61436
    endloop
  endfacet
  facet normal 0 -1 -0
    outer loop
      vertex -0.974018 -4 5.73063
      vertex -13 -4 0
      vertex -0.888912 -4 5.66965
    endloop
  endfacet
  facet normal 0 -1 -0
    outer loop
      vertex -1.05495 -4 5.79706
      vertex -13 -4 0
      vertex -0.974018 -4 5.73063
    endloop
  endfacet
  facet normal 0 -1 -0
    outer loop
      vertex -1.13137 -4 5.86863
      vertex -13 -4 0
      vertex -1.05495 -4 5.79706
    endloop
  endfacet
  facet normal 0 -1 -0
    outer loop
      vertex -1.20294 -4 5.94505
      vertex -13 -4 0
      vertex -1.13137 -4 5.86863
    endloop
  endfacet
  facet normal 0 -1 -0
    outer loop
      vertex -1.26937 -4 6.02598
      vertex -13 -4 0
      vertex -1.20294 -4 5.94505
    endloop
  endfacet
  facet normal 0 -1 -0
    outer loop
      vertex -1.33035 -4 6.11109
      vertex -13 -4 0
      vertex -1.26937 -4 6.02598
    endloop
  endfacet
  facet normal 0 -1 -0
    outer loop
      vertex -1.38564 -4 6.2
      vertex -13 -4 0
      vertex -1.33035 -4 6.11109
    endloop
  endfacet
  facet normal 0 -1 -0
    outer loop
      vertex -1.435 -4 6.29234
      vertex -13 -4 0
      vertex -1.38564 -4 6.2
    endloop
  endfacet
  facet normal 0 -1 -0
    outer loop
      vertex -1.47821 -4 6.38771
      vertex -13 -4 0
      vertex -1.435 -4 6.29234
    endloop
  endfacet
  facet normal 0 -1 -0
    outer loop
      vertex -1.51509 -4 6.4857
      vertex -13 -4 0
      vertex -1.47821 -4 6.38771
    endloop
  endfacet
  facet normal 0 -1 0
    outer loop
      vertex 0.104645 -4 28.5966
      vertex 13 -4 34
      vertex 0 -4 28.6
    endloop
  endfacet
  facet normal 0 -1 0
    outer loop
      vertex 0.208841 -4 28.5863
      vertex 13 -4 34
      vertex 0.104645 -4 28.5966
    endloop
  endfacet
  facet normal 0 -1 0
    outer loop
      vertex 0.312144 -4 28.5693
      vertex 13 -4 34
      vertex 0.208841 -4 28.5863
    endloop
  endfacet
  facet normal 0 -1 0
    outer loop
      vertex 0.41411 -4 28.5455
      vertex 13 -4 34
      vertex 0.312144 -4 28.5693
    endloop
  endfacet
  facet normal 0 -1 0
    outer loop
      vertex 0.514302 -4 28.5151
      vertex 13 -4 34
      vertex 0.41411 -4 28.5455
    endloop
  endfacet
  facet normal 0 -1 0
    outer loop
      vertex 0.612293 -4 28.4782
      vertex 13 -4 34
      vertex 0.514302 -4 28.5151
    endloop
  endfacet
  facet normal 0 -1 0
    outer loop
      vertex 0.707662 -4 28.435
      vertex 13 -4 34
      vertex 0.612293 -4 28.4782
    endloop
  endfacet
  facet normal 0 -1 0
    outer loop
      vertex 0.799999 -4 28.3856
      vertex 13 -4 34
      vertex 0.707662 -4 28.435
    endloop
  endfacet
  facet normal 0 -1 0
    outer loop
      vertex 0.888912 -4 28.3304
      vertex 13 -4 34
      vertex 0.799999 -4 28.3856
    endloop
  endfacet
  facet normal 0 -1 0
    outer loop
      vertex 0.974018 -4 28.2694
      vertex 13 -4 34
      vertex 0.888912 -4 28.3304
    endloop
  endfacet
  facet normal 0 -1 0
    outer loop
      vertex 1.05495 -4 28.2029
      vertex 13 -4 34
      vertex 0.974018 -4 28.2694
    endloop
  endfacet
  facet normal 0 -1 0
    outer loop
      vertex 1.13137 -4 28.1314
      vertex 13 -4 34
      vertex 1.05495 -4 28.2029
    endloop
  endfacet
  facet normal 0 -1 0
    outer loop
      vertex 1.20294 -4 28.055
      vertex 13 -4 34
      vertex 1.13137 -4 28.1314
    endloop
  endfacet
  facet normal 0 -1 0
    outer loop
      vertex 1.26937 -4 27.974
      vertex 13 -4 34
      vertex 1.20294 -4 28.055
    endloop
  endfacet
  facet normal 0 -1 0
    outer loop
      vertex 1.33035 -4 27.8889
      vertex 13 -4 34
      vertex 1.26937 -4 27.974
    endloop
  endfacet
  facet normal 0 -1 0
    outer loop
      vertex 1.38564 -4 27.8
      vertex 13 -4 34
      vertex 1.33035 -4 27.8889
    endloop
  endfacet
  facet normal 0 -1 0
    outer loop
      vertex 1.435 -4 27.7077
      vertex 13 -4 34
      vertex 1.38564 -4 27.8
    endloop
  endfacet
  facet normal 0 -1 0
    outer loop
      vertex 1.47821 -4 27.6123
      vertex 13 -4 34
      vertex 1.435 -4 27.7077
    endloop
  endfacet
  facet normal 0 -1 0
    outer loop
      vertex 1.51509 -4 27.5143
      vertex 13 -4 34
      vertex 1.47821 -4 27.6123
    endloop
  endfacet
  facet normal 0 -1 0
    outer loop
      vertex 1.54548 -4 27.4141
      vertex 13 -4 34
      vertex 1.51509 -4 27.5143
    endloop
  endfacet
  facet normal 0 -1 0
    outer loop
      vertex 1.56926 -4 27.3121
      vertex 13 -4 34
      vertex 1.54548 -4 27.4141
    endloop
  endfacet
  facet normal 0 -1 0
    outer loop
      vertex 1.58631 -4 27.2088
      vertex 13 -4 34
      vertex 1.56926 -4 27.3121
    endloop
  endfacet
  facet normal 0 -1 0
    outer loop
      vertex 1.59657 -4 27.1046
      vertex 13 -4 34
      vertex 1.58631 -4 27.2088
    endloop
  endfacet
  facet normal 0 -1 0
    outer loop
      vertex 1.6 -4 27
      vertex 13 -4 34
      vertex 1.59657 -4 27.1046
    endloop
  endfacet
  facet normal 0 -1 0
    outer loop
      vertex 1.59657 -4 26.8954
      vertex 13 -4 34
      vertex 1.6 -4 27
    endloop
  endfacet
  facet normal 0 -1 0
    outer loop
      vertex 1.58631 -4 26.7912
      vertex 13 -4 34
      vertex 1.59657 -4 26.8954
    endloop
  endfacet
  facet normal 0 -1 0
    outer loop
      vertex 1.56926 -4 26.6879
      vertex 13 -4 34
      vertex 1.58631 -4 26.7912
    endloop
  endfacet
  facet normal 0 -1 0
    outer loop
      vertex 3.17341 -4 19.435
      vertex 1.56926 -4 26.6879
      vertex 1.54548 -4 26.5859
    endloop
  endfacet
  facet normal 0 -1 0
    outer loop
      vertex 3.00736 -4 19.6374
      vertex 1.54548 -4 26.5859
      vertex 1.51509 -4 26.4857
    endloop
  endfacet
  facet normal 0 -1 0
    outer loop
      vertex 2.82843 -4 19.8284
      vertex 1.51509 -4 26.4857
      vertex 1.47821 -4 26.3877
    endloop
  endfacet
  facet normal 0 -1 0
    outer loop
      vertex 2.82843 -4 19.8284
      vertex 1.47821 -4 26.3877
      vertex 1.435 -4 26.2923
    endloop
  endfacet
  facet normal 0 -1 0
    outer loop
      vertex 2.63738 -4 20.0074
      vertex 1.435 -4 26.2923
      vertex 1.38564 -4 26.2
    endloop
  endfacet
  facet normal 0 -1 0
    outer loop
      vertex 2.43505 -4 20.1734
      vertex 1.38564 -4 26.2
      vertex 1.33035 -4 26.1111
    endloop
  endfacet
  facet normal 0 -1 0
    outer loop
      vertex 2.22228 -4 20.3259
      vertex 1.33035 -4 26.1111
      vertex 1.26937 -4 26.026
    endloop
  endfacet
  facet normal 0 -1 0
    outer loop
      vertex 2.22228 -4 20.3259
      vertex 1.26937 -4 26.026
      vertex 1.20294 -4 25.945
    endloop
  endfacet
  facet normal 0 -1 0
    outer loop
      vertex 2 -4 20.4641
      vertex 1.20294 -4 25.945
      vertex 1.13137 -4 25.8686
    endloop
  endfacet
  facet normal 0 -1 0
    outer loop
      vertex 1.76915 -4 20.5875
      vertex 1.13137 -4 25.8686
      vertex 1.05495 -4 25.7971
    endloop
  endfacet
  facet normal 0 -1 0
    outer loop
      vertex 1.76915 -4 20.5875
      vertex 1.05495 -4 25.7971
      vertex 0.974018 -4 25.7306
    endloop
  endfacet
  facet normal 0 -1 0
    outer loop
      vertex 1.53073 -4 20.6955
      vertex 0.974018 -4 25.7306
      vertex 0.888912 -4 25.6696
    endloop
  endfacet
  facet normal 0 -1 0
    outer loop
      vertex 0 -4 21
      vertex 0.104645 -4 25.4034
      vertex 0 -4 25.4
    endloop
  endfacet
  facet normal 0 -1 0
    outer loop
      vertex 0.261612 -4 20.9914
      vertex 0.104645 -4 25.4034
      vertex 0 -4 21
    endloop
  endfacet
  facet normal 0 -1 0
    outer loop
      vertex 0.104645 -4 25.4034
      vertex 0.261612 -4 20.9914
      vertex 0.208841 -4 25.4137
    endloop
  endfacet
  facet normal 0 -1 0
    outer loop
      vertex 0.208841 -4 25.4137
      vertex 0.261612 -4 20.9914
      vertex 0.312144 -4 25.4307
    endloop
  endfacet
  facet normal 0 -1 0
    outer loop
      vertex 0.522104 -4 20.9658
      vertex 0.312144 -4 25.4307
      vertex 0.261612 -4 20.9914
    endloop
  endfacet
  facet normal 0 -1 0
    outer loop
      vertex 0.312144 -4 25.4307
      vertex 0.522104 -4 20.9658
      vertex 0.41411 -4 25.4545
    endloop
  endfacet
  facet normal 0 -1 0
    outer loop
      vertex 0.780361 -4 20.9231
      vertex 0.41411 -4 25.4545
      vertex 0.522104 -4 20.9658
    endloop
  endfacet
  facet normal 0 -1 0
    outer loop
      vertex 0.41411 -4 25.4545
      vertex 0.780361 -4 20.9231
      vertex 0.514302 -4 25.4849
    endloop
  endfacet
  facet normal 0 -1 0
    outer loop
      vertex 0.514302 -4 25.4849
      vertex 0.780361 -4 20.9231
      vertex 0.612293 -4 25.5218
    endloop
  endfacet
  facet normal 0 -1 0
    outer loop
      vertex 1.03528 -4 20.8637
      vertex 0.612293 -4 25.5218
      vertex 0.780361 -4 20.9231
    endloop
  endfacet
  facet normal 0 -1 0
    outer loop
      vertex 0.612293 -4 25.5218
      vertex 1.03528 -4 20.8637
      vertex 0.707662 -4 25.565
    endloop
  endfacet
  facet normal 0 -1 0
    outer loop
      vertex 1.28576 -4 20.7877
      vertex 0.707662 -4 25.565
      vertex 1.03528 -4 20.8637
    endloop
  endfacet
  facet normal 0 -1 0
    outer loop
      vertex 0.707662 -4 25.565
      vertex 1.28576 -4 20.7877
      vertex 0.799999 -4 25.6144
    endloop
  endfacet
  facet normal 0 -1 0
    outer loop
      vertex 0.799999 -4 25.6144
      vertex 1.28576 -4 20.7877
      vertex 0.888912 -4 25.6696
    endloop
  endfacet
  facet normal 0 -1 0
    outer loop
      vertex 1.53073 -4 20.6955
      vertex 0.888912 -4 25.6696
      vertex 1.28576 -4 20.7877
    endloop
  endfacet
  facet normal 0 -1 0
    outer loop
      vertex 0.974018 -4 25.7306
      vertex 1.53073 -4 20.6955
      vertex 1.76915 -4 20.5875
    endloop
  endfacet
  facet normal 0 -1 0
    outer loop
      vertex 1.13137 -4 25.8686
      vertex 1.76915 -4 20.5875
      vertex 2 -4 20.4641
    endloop
  endfacet
  facet normal 0 -1 0
    outer loop
      vertex 1.20294 -4 25.945
      vertex 2 -4 20.4641
      vertex 2.22228 -4 20.3259
    endloop
  endfacet
  facet normal 0 -1 0
    outer loop
      vertex 1.33035 -4 26.1111
      vertex 2.22228 -4 20.3259
      vertex 2.43505 -4 20.1734
    endloop
  endfacet
  facet normal 0 -1 0
    outer loop
      vertex 1.38564 -4 26.2
      vertex 2.43505 -4 20.1734
      vertex 2.63738 -4 20.0074
    endloop
  endfacet
  facet normal 0 -1 0
    outer loop
      vertex 1.435 -4 26.2923
      vertex 2.63738 -4 20.0074
      vertex 2.82843 -4 19.8284
    endloop
  endfacet
  facet normal 0 -1 0
    outer loop
      vertex 1.51509 -4 26.4857
      vertex 2.82843 -4 19.8284
      vertex 3.00736 -4 19.6374
    endloop
  endfacet
  facet normal 0 -1 0
    outer loop
      vertex 1.54548 -4 26.5859
      vertex 3.00736 -4 19.6374
      vertex 3.17341 -4 19.435
    endloop
  endfacet
  facet normal 0 -1 0
    outer loop
      vertex 1.56926 -4 26.6879
      vertex 3.17341 -4 19.435
      vertex 13 -4 34
    endloop
  endfacet
  facet normal 0 -1 0
    outer loop
      vertex 3.32588 -4 19.2223
      vertex 13 -4 34
      vertex 3.17341 -4 19.435
    endloop
  endfacet
  facet normal 0 -1 0
    outer loop
      vertex 3.4641 -4 19
      vertex 13 -4 34
      vertex 3.32588 -4 19.2223
    endloop
  endfacet
  facet normal 0 -1 0
    outer loop
      vertex 3.58749 -4 18.7692
      vertex 13 -4 34
      vertex 3.4641 -4 19
    endloop
  endfacet
  facet normal 0 -1 0
    outer loop
      vertex 3.69552 -4 18.5307
      vertex 13 -4 34
      vertex 3.58749 -4 18.7692
    endloop
  endfacet
  facet normal 0 -1 0
    outer loop
      vertex 3.78772 -4 18.2858
      vertex 13 -4 34
      vertex 3.69552 -4 18.5307
    endloop
  endfacet
  facet normal 0 -1 0
    outer loop
      vertex 3.8637 -4 18.0353
      vertex 13 -4 34
      vertex 3.78772 -4 18.2858
    endloop
  endfacet
  facet normal 0 -1 0
    outer loop
      vertex 3.92314 -4 17.7804
      vertex 13 -4 34
      vertex 3.8637 -4 18.0353
    endloop
  endfacet
  facet normal 0 -1 0
    outer loop
      vertex 3.96578 -4 17.5221
      vertex 13 -4 34
      vertex 3.92314 -4 17.7804
    endloop
  endfacet
  facet normal 0 -1 0
    outer loop
      vertex 3.99144 -4 17.2616
      vertex 13 -4 34
      vertex 3.96578 -4 17.5221
    endloop
  endfacet
  facet normal 0 -1 0
    outer loop
      vertex 4 -4 17
      vertex 13 -4 34
      vertex 3.99144 -4 17.2616
    endloop
  endfacet
  facet normal 0 -1 0
    outer loop
      vertex 13 -4 0
      vertex 4 -4 17
      vertex 3.99144 -4 16.7384
    endloop
  endfacet
  facet normal 0 -1 0
    outer loop
      vertex 13 -4 0
      vertex 3.99144 -4 16.7384
      vertex 3.96578 -4 16.4779
    endloop
  endfacet
  facet normal 0 -1 0
    outer loop
      vertex 13 -4 0
      vertex 3.96578 -4 16.4779
      vertex 3.92314 -4 16.2196
    endloop
  endfacet
  facet normal 0 -1 0
    outer loop
      vertex 13 -4 0
      vertex 3.92314 -4 16.2196
      vertex 3.8637 -4 15.9647
    endloop
  endfacet
  facet normal 0 -1 0
    outer loop
      vertex 13 -4 0
      vertex 3.8637 -4 15.9647
      vertex 3.78772 -4 15.7142
    endloop
  endfacet
  facet normal 0 -1 0
    outer loop
      vertex 13 -4 0
      vertex 3.78772 -4 15.7142
      vertex 3.69552 -4 15.4693
    endloop
  endfacet
  facet normal 0 -1 0
    outer loop
      vertex 13 -4 0
      vertex 3.69552 -4 15.4693
      vertex 3.58749 -4 15.2308
    endloop
  endfacet
  facet normal 0 -1 0
    outer loop
      vertex 0.104645 -4 8.59657
      vertex 0 -4 13
      vertex 0 -4 8.6
    endloop
  endfacet
  facet normal 0 -1 0
    outer loop
      vertex 0 -4 13
      vertex 0.104645 -4 8.59657
      vertex 0.261612 -4 13.0086
    endloop
  endfacet
  facet normal 0 -1 0
    outer loop
      vertex 0.208841 -4 8.58631
      vertex 0.261612 -4 13.0086
      vertex 0.104645 -4 8.59657
    endloop
  endfacet
  facet normal 0 -1 -0
    outer loop
      vertex 0.261612 -4 13.0086
      vertex 0.208841 -4 8.58631
      vertex 0.522104 -4 13.0342
    endloop
  endfacet
  facet normal 0 -1 0
    outer loop
      vertex 0.312144 -4 8.56926
      vertex 0.522104 -4 13.0342
      vertex 0.208841 -4 8.58631
    endloop
  endfacet
  facet normal 0 -1 0
    outer loop
      vertex 0.41411 -4 8.54548
      vertex 0.522104 -4 13.0342
      vertex 0.312144 -4 8.56926
    endloop
  endfacet
  facet normal 0 -1 -0
    outer loop
      vertex 0.522104 -4 13.0342
      vertex 0.41411 -4 8.54548
      vertex 0.780361 -4 13.0769
    endloop
  endfacet
  facet normal 0 -1 0
    outer loop
      vertex 0.514302 -4 8.51509
      vertex 0.780361 -4 13.0769
      vertex 0.41411 -4 8.54548
    endloop
  endfacet
  facet normal 0 -1 0
    outer loop
      vertex 0.612293 -4 8.47821
      vertex 0.780361 -4 13.0769
      vertex 0.514302 -4 8.51509
    endloop
  endfacet
  facet normal 0 -1 -0
    outer loop
      vertex 0.780361 -4 13.0769
      vertex 0.612293 -4 8.47821
      vertex 1.03528 -4 13.1363
    endloop
  endfacet
  facet normal 0 -1 0
    outer loop
      vertex 0.707662 -4 8.435
      vertex 1.03528 -4 13.1363
      vertex 0.612293 -4 8.47821
    endloop
  endfacet
  facet normal 0 -1 -0
    outer loop
      vertex 1.03528 -4 13.1363
      vertex 0.707662 -4 8.435
      vertex 1.28576 -4 13.2123
    endloop
  endfacet
  facet normal 0 -1 0
    outer loop
      vertex 0.799999 -4 8.38564
      vertex 1.28576 -4 13.2123
      vertex 0.707662 -4 8.435
    endloop
  endfacet
  facet normal 0 -1 0
    outer loop
      vertex 0.888912 -4 8.33035
      vertex 1.28576 -4 13.2123
      vertex 0.799999 -4 8.38564
    endloop
  endfacet
  facet normal 0 -1 -0
    outer loop
      vertex 1.28576 -4 13.2123
      vertex 0.888912 -4 8.33035
      vertex 1.53073 -4 13.3045
    endloop
  endfacet
  facet normal 0 -1 0
    outer loop
      vertex 0.974018 -4 8.26937
      vertex 1.53073 -4 13.3045
      vertex 0.888912 -4 8.33035
    endloop
  endfacet
  facet normal 0 -1 -0
    outer loop
      vertex 1.53073 -4 13.3045
      vertex 0.974018 -4 8.26937
      vertex 1.76915 -4 13.4125
    endloop
  endfacet
  facet normal 0 -1 0
    outer loop
      vertex 1.05495 -4 8.20294
      vertex 1.76915 -4 13.4125
      vertex 0.974018 -4 8.26937
    endloop
  endfacet
  facet normal 0 -1 0
    outer loop
      vertex 1.13137 -4 8.13137
      vertex 1.76915 -4 13.4125
      vertex 1.05495 -4 8.20294
    endloop
  endfacet
  facet normal 0 -1 -0
    outer loop
      vertex 1.76915 -4 13.4125
      vertex 1.13137 -4 8.13137
      vertex 2 -4 13.5359
    endloop
  endfacet
  facet normal 0 -1 0
    outer loop
      vertex 1.20294 -4 8.05495
      vertex 2 -4 13.5359
      vertex 1.13137 -4 8.13137
    endloop
  endfacet
  facet normal 0 -1 -0
    outer loop
      vertex 2 -4 13.5359
      vertex 1.20294 -4 8.05495
      vertex 2.22228 -4 13.6741
    endloop
  endfacet
  facet normal 0 -1 0
    outer loop
      vertex 1.26937 -4 7.97402
      vertex 2.22228 -4 13.6741
      vertex 1.20294 -4 8.05495
    endloop
  endfacet
  facet normal 0 -1 0
    outer loop
      vertex 1.33035 -4 7.88891
      vertex 2.22228 -4 13.6741
      vertex 1.26937 -4 7.97402
    endloop
  endfacet
  facet normal 0 -1 -0
    outer loop
      vertex 2.22228 -4 13.6741
      vertex 1.33035 -4 7.88891
      vertex 2.43505 -4 13.8266
    endloop
  endfacet
  facet normal 0 -1 0
    outer loop
      vertex 1.38564 -4 7.8
      vertex 2.43505 -4 13.8266
      vertex 1.33035 -4 7.88891
    endloop
  endfacet
  facet normal 0 -1 -0
    outer loop
      vertex 2.43505 -4 13.8266
      vertex 1.38564 -4 7.8
      vertex 2.63738 -4 13.9926
    endloop
  endfacet
  facet normal 0 -1 0
    outer loop
      vertex 1.435 -4 7.70766
      vertex 2.63738 -4 13.9926
      vertex 1.38564 -4 7.8
    endloop
  endfacet
  facet normal 0 -1 -0
    outer loop
      vertex 2.63738 -4 13.9926
      vertex 1.435 -4 7.70766
      vertex 2.82843 -4 14.1716
    endloop
  endfacet
  facet normal 0 -1 0
    outer loop
      vertex 1.47821 -4 7.61229
      vertex 2.82843 -4 14.1716
      vertex 1.435 -4 7.70766
    endloop
  endfacet
  facet normal 0 -1 0
    outer loop
      vertex 1.51509 -4 7.5143
      vertex 2.82843 -4 14.1716
      vertex 1.47821 -4 7.61229
    endloop
  endfacet
  facet normal 0 -1 -0
    outer loop
      vertex 2.82843 -4 14.1716
      vertex 1.51509 -4 7.5143
      vertex 3.00736 -4 14.3626
    endloop
  endfacet
  facet normal 0 -1 0
    outer loop
      vertex 1.54548 -4 7.41411
      vertex 3.00736 -4 14.3626
      vertex 1.51509 -4 7.5143
    endloop
  endfacet
  facet normal 0 -1 -0
    outer loop
      vertex 3.00736 -4 14.3626
      vertex 1.54548 -4 7.41411
      vertex 3.17341 -4 14.565
    endloop
  endfacet
  facet normal 0 -1 0
    outer loop
      vertex 1.56926 -4 7.31215
      vertex 3.17341 -4 14.565
      vertex 1.54548 -4 7.41411
    endloop
  endfacet
  facet normal 0 -1 0
    outer loop
      vertex 13 -4 0
      vertex 3.17341 -4 14.565
      vertex 1.56926 -4 7.31215
    endloop
  endfacet
  facet normal 0 -1 0
    outer loop
      vertex 3.17341 -4 14.565
      vertex 13 -4 0
      vertex 3.32588 -4 14.7777
    endloop
  endfacet
  facet normal 0 -1 0
    outer loop
      vertex 3.32588 -4 14.7777
      vertex 13 -4 0
      vertex 3.4641 -4 15
    endloop
  endfacet
  facet normal 0 -1 0
    outer loop
      vertex 3.4641 -4 15
      vertex 13 -4 0
      vertex 3.58749 -4 15.2308
    endloop
  endfacet
  facet normal 0 -1 0
    outer loop
      vertex 13 -4 0
      vertex 1.56926 -4 7.31215
      vertex 1.58631 -4 7.20884
    endloop
  endfacet
  facet normal 0 -1 0
    outer loop
      vertex 13 -4 0
      vertex 1.58631 -4 7.20884
      vertex 1.59657 -4 7.10465
    endloop
  endfacet
  facet normal 0 -1 0
    outer loop
      vertex 13 -4 0
      vertex 1.59657 -4 7.10465
      vertex 1.6 -4 7
    endloop
  endfacet
  facet normal 0 -1 0
    outer loop
      vertex 13 -4 0
      vertex 1.6 -4 7
      vertex 1.59657 -4 6.89536
    endloop
  endfacet
  facet normal 0 -1 0
    outer loop
      vertex 13 -4 0
      vertex 1.59657 -4 6.89536
      vertex 1.58631 -4 6.79116
    endloop
  endfacet
  facet normal 0 -1 0
    outer loop
      vertex 13 -4 0
      vertex 1.58631 -4 6.79116
      vertex 1.56926 -4 6.68786
    endloop
  endfacet
  facet normal 0 -1 0
    outer loop
      vertex 13 -4 0
      vertex 1.56926 -4 6.68786
      vertex 1.54548 -4 6.58589
    endloop
  endfacet
  facet normal 0 -1 0
    outer loop
      vertex 13 -4 0
      vertex 1.54548 -4 6.58589
      vertex 1.51509 -4 6.4857
    endloop
  endfacet
  facet normal 0 -1 0
    outer loop
      vertex 13 -4 0
      vertex 1.51509 -4 6.4857
      vertex 1.47821 -4 6.38771
    endloop
  endfacet
  facet normal 0 -1 0
    outer loop
      vertex 13 -4 0
      vertex 0 -4 5.4
      vertex -13 -4 0
    endloop
  endfacet
  facet normal 0 -1 0
    outer loop
      vertex 0 -4 5.4
      vertex 13 -4 0
      vertex 0.104645 -4 5.40343
    endloop
  endfacet
  facet normal 0 -1 0
    outer loop
      vertex 0.104645 -4 5.40343
      vertex 13 -4 0
      vertex 0.208841 -4 5.41369
    endloop
  endfacet
  facet normal 0 -1 0
    outer loop
      vertex 0.208841 -4 5.41369
      vertex 13 -4 0
      vertex 0.312144 -4 5.43074
    endloop
  endfacet
  facet normal 0 -1 0
    outer loop
      vertex 0.312144 -4 5.43074
      vertex 13 -4 0
      vertex 0.41411 -4 5.45452
    endloop
  endfacet
  facet normal 0 -1 0
    outer loop
      vertex 0.41411 -4 5.45452
      vertex 13 -4 0
      vertex 0.514302 -4 5.48491
    endloop
  endfacet
  facet normal 0 -1 0
    outer loop
      vertex 4 -4 17
      vertex 13 -4 0
      vertex 13 -4 34
    endloop
  endfacet
  facet normal 0 -1 0
    outer loop
      vertex 1.435 -4 6.29234
      vertex 13 -4 0
      vertex 1.47821 -4 6.38771
    endloop
  endfacet
  facet normal 0 -1 0
    outer loop
      vertex 1.38564 -4 6.2
      vertex 13 -4 0
      vertex 1.435 -4 6.29234
    endloop
  endfacet
  facet normal 0 -1 0
    outer loop
      vertex 1.33035 -4 6.11109
      vertex 13 -4 0
      vertex 1.38564 -4 6.2
    endloop
  endfacet
  facet normal 0 -1 0
    outer loop
      vertex 1.26937 -4 6.02598
      vertex 13 -4 0
      vertex 1.33035 -4 6.11109
    endloop
  endfacet
  facet normal 0 -1 0
    outer loop
      vertex 1.20294 -4 5.94505
      vertex 13 -4 0
      vertex 1.26937 -4 6.02598
    endloop
  endfacet
  facet normal 0 -1 0
    outer loop
      vertex 1.13137 -4 5.86863
      vertex 13 -4 0
      vertex 1.20294 -4 5.94505
    endloop
  endfacet
  facet normal 0 -1 0
    outer loop
      vertex 1.05495 -4 5.79706
      vertex 13 -4 0
      vertex 1.13137 -4 5.86863
    endloop
  endfacet
  facet normal 0 -1 0
    outer loop
      vertex 0.974018 -4 5.73063
      vertex 13 -4 0
      vertex 1.05495 -4 5.79706
    endloop
  endfacet
  facet normal 0 -1 0
    outer loop
      vertex 0.888912 -4 5.66965
      vertex 13 -4 0
      vertex 0.974018 -4 5.73063
    endloop
  endfacet
  facet normal 0 -1 0
    outer loop
      vertex 0.799999 -4 5.61436
      vertex 13 -4 0
      vertex 0.888912 -4 5.66965
    endloop
  endfacet
  facet normal 0 -1 0
    outer loop
      vertex 0.707662 -4 5.565
      vertex 13 -4 0
      vertex 0.799999 -4 5.61436
    endloop
  endfacet
  facet normal 0 -1 0
    outer loop
      vertex 0.612293 -4 5.52179
      vertex 13 -4 0
      vertex 0.707662 -4 5.565
    endloop
  endfacet
  facet normal 0 -1 0
    outer loop
      vertex 0.514302 -4 5.48491
      vertex 13 -4 0
      vertex 0.612293 -4 5.52179
    endloop
  endfacet
  facet normal 1 -0 0
    outer loop
      vertex 13 -4 34
      vertex 13 0 3
      vertex 13 0 34
    endloop
  endfacet
  facet normal 1 0 0
    outer loop
      vertex 13 -4 0
      vertex 13 0 3
      vertex 13 -4 34
    endloop
  endfacet
  facet normal 1 0 0
    outer loop
      vertex 13 0 3
      vertex 13 -4 0
      vertex 13 0 0
    endloop
  endfacet
  facet normal -0 0 1
    outer loop
      vertex -13 0 34
      vertex 13 -4 34
      vertex 13 0 34
    endloop
  endfacet
  facet normal 0 0 1
    outer loop
      vertex 13 -4 34
      vertex -13 0 34
      vertex -13 -4 34
    endloop
  endfacet
  facet normal 0 0 -1
    outer loop
      vertex -13 0 0
      vertex 13 0 0
      vertex 13 -4 0
    endloop
  endfacet
  facet normal 0 0 -1
    outer loop
      vertex 13 0 0
      vertex 12.4676 15.713 0
      vertex 12.859 15.8317 0
    endloop
  endfacet
  facet normal 0 0 -1
    outer loop
      vertex 13 0 0
      vertex 12.0693 15.6201 0
      vertex 12.4676 15.713 0
    endloop
  endfacet
  facet normal 0 0 -1
    outer loop
      vertex 13 0 0
      vertex 11.6658 15.5535 0
      vertex 12.0693 15.6201 0
    endloop
  endfacet
  facet normal 0 0 -1
    outer loop
      vertex 13 0 0
      vertex 11.2588 15.5134 0
      vertex 11.6658 15.5535 0
    endloop
  endfacet
  facet normal 0 0 -1
    outer loop
      vertex 13 0 0
      vertex 10.85 15.5 0
      vertex 11.2588 15.5134 0
    endloop
  endfacet
  facet normal 0 0 -1
    outer loop
      vertex 13 0 0
      vertex 0.249999 15.5 0
      vertex 10.85 15.5 0
    endloop
  endfacet
  facet normal 0 0 -1
    outer loop
      vertex 13 0 0
      vertex -13 0 0
      vertex 0.249999 15.5 0
    endloop
  endfacet
  facet normal -0 0 -1
    outer loop
      vertex 0.249999 15.5 0
      vertex -13 0 0
      vertex -0.158769 15.5134 0
    endloop
  endfacet
  facet normal -0 0 -1
    outer loop
      vertex -0.158769 15.5134 0
      vertex -13 0 0
      vertex -0.565788 15.5535 0
    endloop
  endfacet
  facet normal -0 0 -1
    outer loop
      vertex -0.565788 15.5535 0
      vertex -13 0 0
      vertex -0.969314 15.6201 0
    endloop
  endfacet
  facet normal -0 0 -1
    outer loop
      vertex -0.969314 15.6201 0
      vertex -13 0 0
      vertex -1.36762 15.713 0
    endloop
  endfacet
  facet normal -0 0 -1
    outer loop
      vertex -1.36762 15.713 0
      vertex -13 0 0
      vertex -1.759 15.8317 0
    endloop
  endfacet
  facet normal -0 0 -1
    outer loop
      vertex -1.759 15.8317 0
      vertex -13 0 0
      vertex -2.14177 15.9758 0
    endloop
  endfacet
  facet normal -0 0 -1
    outer loop
      vertex -2.14177 15.9758 0
      vertex -13 0 0
      vertex -2.5143 16.1445 0
    endloop
  endfacet
  facet normal -0 0 -1
    outer loop
      vertex -2.5143 16.1445 0
      vertex -13 0 0
      vertex -2.875 16.3373 0
    endloop
  endfacet
  facet normal -0 0 -1
    outer loop
      vertex -2.875 16.3373 0
      vertex -13 0 0
      vertex -3.22231 16.5533 0
    endloop
  endfacet
  facet normal -0 0 -1
    outer loop
      vertex -3.22231 16.5533 0
      vertex -13 0 0
      vertex -3.55476 16.7915 0
    endloop
  endfacet
  facet normal -0 0 -1
    outer loop
      vertex -3.55476 16.7915 0
      vertex -13 0 0
      vertex -3.87091 17.051 0
    endloop
  endfacet
  facet normal -0 0 -1
    outer loop
      vertex -3.87091 17.051 0
      vertex -13 0 0
      vertex -4.16942 17.3306 0
    endloop
  endfacet
  facet normal -0 0 -1
    outer loop
      vertex -4.16942 17.3306 0
      vertex -13 0 0
      vertex -4.449 17.6291 0
    endloop
  endfacet
  facet normal 0 0 -1
    outer loop
      vertex -7.65941 21.6064 0
      vertex -6 21.75 0
      vertex -5.98662 21.3412 0
    endloop
  endfacet
  facet normal 0 0 -1
    outer loop
      vertex -7.70838 21.3964 0
      vertex -5.98662 21.3412 0
      vertex -5.94653 20.9342 0
    endloop
  endfacet
  facet normal 0 0 -1
    outer loop
      vertex -7.83538 21.1389 0
      vertex -5.94653 20.9342 0
      vertex -5.87991 20.5307 0
    endloop
  endfacet
  facet normal 0 0 -1
    outer loop
      vertex -7.97218 20.9722 0
      vertex -5.87991 20.5307 0
      vertex -5.78704 20.1324 0
    endloop
  endfacet
  facet normal 0 0 -1
    outer loop
      vertex -8.13887 20.8354 0
      vertex -5.78704 20.1324 0
      vertex -5.66831 19.741 0
    endloop
  endfacet
  facet normal 0 0 -1
    outer loop
      vertex -8.32905 20.7337 0
      vertex -5.66831 19.741 0
      vertex -5.52425 19.3582 0
    endloop
  endfacet
  facet normal 0 0 -1
    outer loop
      vertex -8.4653 20.6875 0
      vertex -5.52425 19.3582 0
      vertex -5.35545 18.9857 0
    endloop
  endfacet
  facet normal 0 0 -1
    outer loop
      vertex -8.67806 20.6524 0
      vertex -5.35545 18.9857 0
      vertex -5.16266 18.625 0
    endloop
  endfacet
  facet normal 0 0 -1
    outer loop
      vertex -8.82194 20.6524 0
      vertex -5.16266 18.625 0
      vertex -4.94668 18.2777 0
    endloop
  endfacet
  facet normal 0 0 -1
    outer loop
      vertex -8.89358 20.6594 0
      vertex -4.94668 18.2777 0
      vertex -4.70846 17.9452 0
    endloop
  endfacet
  facet normal -0 0 -1
    outer loop
      vertex -6 21.75 0
      vertex -7.65235 21.6781 0
      vertex -7.65 21.75 0
    endloop
  endfacet
  facet normal 0 0 -1
    outer loop
      vertex -6 21.75 0
      vertex -7.65941 21.6064 0
      vertex -7.65235 21.6781 0
    endloop
  endfacet
  facet normal 0 0 -1
    outer loop
      vertex -5.98662 21.3412 0
      vertex -7.67114 21.5354 0
      vertex -7.65941 21.6064 0
    endloop
  endfacet
  facet normal 0 -0 -1
    outer loop
      vertex -9.10358 20.7084 0
      vertex -4.449 17.6291 0
      vertex -13 0 0
    endloop
  endfacet
  facet normal 0 0 -1
    outer loop
      vertex -5.98662 21.3412 0
      vertex -7.68748 21.4653 0
      vertex -7.67114 21.5354 0
    endloop
  endfacet
  facet normal 0 0 -1
    outer loop
      vertex -5.98662 21.3412 0
      vertex -7.70838 21.3964 0
      vertex -7.68748 21.4653 0
    endloop
  endfacet
  facet normal 0 0 -1
    outer loop
      vertex -5.94653 20.9342 0
      vertex -7.73373 21.329 0
      vertex -7.70838 21.3964 0
    endloop
  endfacet
  facet normal 0 0 -1
    outer loop
      vertex -5.94653 20.9342 0
      vertex -7.76344 21.2635 0
      vertex -7.73373 21.329 0
    endloop
  endfacet
  facet normal 0 0 -1
    outer loop
      vertex -5.94653 20.9342 0
      vertex -7.79737 21.2 0
      vertex -7.76344 21.2635 0
    endloop
  endfacet
  facet normal 0 0 -1
    outer loop
      vertex -5.94653 20.9342 0
      vertex -7.83538 21.1389 0
      vertex -7.79737 21.2 0
    endloop
  endfacet
  facet normal 0 0 -1
    outer loop
      vertex -5.87991 20.5307 0
      vertex -7.87731 21.0804 0
      vertex -7.83538 21.1389 0
    endloop
  endfacet
  facet normal 0 0 -1
    outer loop
      vertex -5.87991 20.5307 0
      vertex -7.92298 21.0247 0
      vertex -7.87731 21.0804 0
    endloop
  endfacet
  facet normal 0 0 -1
    outer loop
      vertex -5.87991 20.5307 0
      vertex -7.97218 20.9722 0
      vertex -7.92298 21.0247 0
    endloop
  endfacet
  facet normal 0 0 -1
    outer loop
      vertex -5.78704 20.1324 0
      vertex -8.02472 20.923 0
      vertex -7.97218 20.9722 0
    endloop
  endfacet
  facet normal 0 0 -1
    outer loop
      vertex -5.78704 20.1324 0
      vertex -8.08036 20.8773 0
      vertex -8.02472 20.923 0
    endloop
  endfacet
  facet normal 0 0 -1
    outer loop
      vertex -5.78704 20.1324 0
      vertex -8.13887 20.8354 0
      vertex -8.08036 20.8773 0
    endloop
  endfacet
  facet normal -0 -0 -1
    outer loop
      vertex -9.0347 20.6875 0
      vertex -4.449 17.6291 0
      vertex -9.10358 20.7084 0
    endloop
  endfacet
  facet normal 0 0 -1
    outer loop
      vertex -5.66831 19.741 0
      vertex -8.2 20.7974 0
      vertex -8.13887 20.8354 0
    endloop
  endfacet
  facet normal 0 0 -1
    outer loop
      vertex -5.66831 19.741 0
      vertex -8.26348 20.7634 0
      vertex -8.2 20.7974 0
    endloop
  endfacet
  facet normal 0 0 -1
    outer loop
      vertex -5.66831 19.741 0
      vertex -8.32905 20.7337 0
      vertex -8.26348 20.7634 0
    endloop
  endfacet
  facet normal 0 0 -1
    outer loop
      vertex -5.52425 19.3582 0
      vertex -8.39642 20.7084 0
      vertex -8.32905 20.7337 0
    endloop
  endfacet
  facet normal 0 0 -1
    outer loop
      vertex -5.52425 19.3582 0
      vertex -8.4653 20.6875 0
      vertex -8.39642 20.7084 0
    endloop
  endfacet
  facet normal 0 0 -1
    outer loop
      vertex -5.35545 18.9857 0
      vertex -8.5354 20.6711 0
      vertex -8.4653 20.6875 0
    endloop
  endfacet
  facet normal 0 0 -1
    outer loop
      vertex -5.35545 18.9857 0
      vertex -8.60642 20.6594 0
      vertex -8.5354 20.6711 0
    endloop
  endfacet
  facet normal 0 0 -1
    outer loop
      vertex -5.35545 18.9857 0
      vertex -8.67806 20.6524 0
      vertex -8.60642 20.6594 0
    endloop
  endfacet
  facet normal 0 0 -1
    outer loop
      vertex -5.16266 18.625 0
      vertex -8.75 20.65 0
      vertex -8.67806 20.6524 0
    endloop
  endfacet
  facet normal 0 0 -1
    outer loop
      vertex -5.16266 18.625 0
      vertex -8.82194 20.6524 0
      vertex -8.75 20.65 0
    endloop
  endfacet
  facet normal 0 0 -1
    outer loop
      vertex -4.94668 18.2777 0
      vertex -8.89358 20.6594 0
      vertex -8.82194 20.6524 0
    endloop
  endfacet
  facet normal 0 0 -1
    outer loop
      vertex -4.70846 17.9452 0
      vertex -8.9646 20.6711 0
      vertex -8.89358 20.6594 0
    endloop
  endfacet
  facet normal 0 0 -1
    outer loop
      vertex -4.70846 17.9452 0
      vertex -9.0347 20.6875 0
      vertex -8.9646 20.6711 0
    endloop
  endfacet
  facet normal 0 0 -1
    outer loop
      vertex -4.449 17.6291 0
      vertex -9.0347 20.6875 0
      vertex -4.70846 17.9452 0
    endloop
  endfacet
  facet normal -0 0 -1
    outer loop
      vertex -9.10358 20.7084 0
      vertex -13 0 0
      vertex -9.17095 20.7337 0
    endloop
  endfacet
  facet normal 0 0 -1
    outer loop
      vertex -14 0 0
      vertex -9.17095 20.7337 0
      vertex -13 0 0
    endloop
  endfacet
  facet normal -0 0 -1
    outer loop
      vertex -9.17095 20.7337 0
      vertex -14 0 0
      vertex -9.23652 20.7634 0
    endloop
  endfacet
  facet normal -0 0 -1
    outer loop
      vertex -9.23652 20.7634 0
      vertex -14 0 0
      vertex -9.3 20.7974 0
    endloop
  endfacet
  facet normal -0 0 -1
    outer loop
      vertex -9.3 20.7974 0
      vertex -14 0 0
      vertex -9.36113 20.8354 0
    endloop
  endfacet
  facet normal -0 0 -1
    outer loop
      vertex -9.36113 20.8354 0
      vertex -14 0 0
      vertex -9.41964 20.8773 0
    endloop
  endfacet
  facet normal -0 0 -1
    outer loop
      vertex -9.41964 20.8773 0
      vertex -14 0 0
      vertex -9.47528 20.923 0
    endloop
  endfacet
  facet normal 0 0 -1
    outer loop
      vertex -14 32 0
      vertex -9.82886 21.5354 0
      vertex -14 0 0
    endloop
  endfacet
  facet normal -0 0 -1
    outer loop
      vertex -9.81252 21.4653 0
      vertex -14 0 0
      vertex -9.82886 21.5354 0
    endloop
  endfacet
  facet normal -0 0 -1
    outer loop
      vertex -9.79162 21.3964 0
      vertex -14 0 0
      vertex -9.81252 21.4653 0
    endloop
  endfacet
  facet normal -0 0 -1
    outer loop
      vertex -9.76627 21.329 0
      vertex -14 0 0
      vertex -9.79162 21.3964 0
    endloop
  endfacet
  facet normal -0 0 -1
    outer loop
      vertex -9.73656 21.2635 0
      vertex -14 0 0
      vertex -9.76627 21.329 0
    endloop
  endfacet
  facet normal -0 0 -1
    outer loop
      vertex -9.70263 21.2 0
      vertex -14 0 0
      vertex -9.73656 21.2635 0
    endloop
  endfacet
  facet normal -0 0 -1
    outer loop
      vertex -9.66462 21.1389 0
      vertex -14 0 0
      vertex -9.70263 21.2 0
    endloop
  endfacet
  facet normal -0 0 -1
    outer loop
      vertex -9.62269 21.0804 0
      vertex -14 0 0
      vertex -9.66462 21.1389 0
    endloop
  endfacet
  facet normal -0 0 -1
    outer loop
      vertex -9.57702 21.0247 0
      vertex -14 0 0
      vertex -9.62269 21.0804 0
    endloop
  endfacet
  facet normal -0 0 -1
    outer loop
      vertex -9.52782 20.9722 0
      vertex -14 0 0
      vertex -9.57702 21.0247 0
    endloop
  endfacet
  facet normal -0 0 -1
    outer loop
      vertex -9.47528 20.923 0
      vertex -14 0 0
      vertex -9.52782 20.9722 0
    endloop
  endfacet
  facet normal 0 0 -1
    outer loop
      vertex -13 0 0
      vertex 13 -4 0
      vertex -13 -4 0
    endloop
  endfacet
  facet normal 0 0 -1
    outer loop
      vertex 20.8916 21.3964 0
      vertex 30 32 0
      vertex 30 0 0
    endloop
  endfacet
  facet normal 0 0 -1
    outer loop
      vertex 30 32 0
      vertex 20.9476 21.6781 0
      vertex 20.95 21.75 0
    endloop
  endfacet
  facet normal 0 0 -1
    outer loop
      vertex 30 32 0
      vertex 20.9406 21.6064 0
      vertex 20.9476 21.6781 0
    endloop
  endfacet
  facet normal 0 0 -1
    outer loop
      vertex 30 32 0
      vertex 20.9289 21.5354 0
      vertex 20.9406 21.6064 0
    endloop
  endfacet
  facet normal 0 0 -1
    outer loop
      vertex 30 32 0
      vertex 20.9125 21.4653 0
      vertex 20.9289 21.5354 0
    endloop
  endfacet
  facet normal 0 0 -1
    outer loop
      vertex 30 32 0
      vertex 20.8916 21.3964 0
      vertex 20.9125 21.4653 0
    endloop
  endfacet
  facet normal 0 0 -1
    outer loop
      vertex 30 0 0
      vertex 20.8663 21.329 0
      vertex 20.8916 21.3964 0
    endloop
  endfacet
  facet normal 0 0 -1
    outer loop
      vertex 30 0 0
      vertex 20.8366 21.2635 0
      vertex 20.8663 21.329 0
    endloop
  endfacet
  facet normal 0 0 -1
    outer loop
      vertex 30 0 0
      vertex 20.8026 21.2 0
      vertex 20.8366 21.2635 0
    endloop
  endfacet
  facet normal 0 0 -1
    outer loop
      vertex 30 0 0
      vertex 20.7646 21.1389 0
      vertex 20.8026 21.2 0
    endloop
  endfacet
  facet normal 0 0 -1
    outer loop
      vertex 30 0 0
      vertex 20.7227 21.0804 0
      vertex 20.7646 21.1389 0
    endloop
  endfacet
  facet normal 0 0 -1
    outer loop
      vertex 30 0 0
      vertex 20.677 21.0247 0
      vertex 20.7227 21.0804 0
    endloop
  endfacet
  facet normal 0 0 -1
    outer loop
      vertex 30 0 0
      vertex 20.6278 20.9722 0
      vertex 20.677 21.0247 0
    endloop
  endfacet
  facet normal 0 0 -1
    outer loop
      vertex 30 0 0
      vertex 20.5753 20.923 0
      vertex 20.6278 20.9722 0
    endloop
  endfacet
  facet normal 0 0 -1
    outer loop
      vertex 30 0 0
      vertex 20.5196 20.8773 0
      vertex 20.5753 20.923 0
    endloop
  endfacet
  facet normal 0 0 -1
    outer loop
      vertex 30 0 0
      vertex 20.4611 20.8354 0
      vertex 20.5196 20.8773 0
    endloop
  endfacet
  facet normal 0 0 -1
    outer loop
      vertex 30 0 0
      vertex 20.4 20.7974 0
      vertex 20.4611 20.8354 0
    endloop
  endfacet
  facet normal 0 0 -1
    outer loop
      vertex 30 0 0
      vertex 20.3365 20.7634 0
      vertex 20.4 20.7974 0
    endloop
  endfacet
  facet normal 0 0 -1
    outer loop
      vertex 30 0 0
      vertex 20.271 20.7337 0
      vertex 20.3365 20.7634 0
    endloop
  endfacet
  facet normal 0 0 -1
    outer loop
      vertex 30 0 0
      vertex 20.2036 20.7084 0
      vertex 20.271 20.7337 0
    endloop
  endfacet
  facet normal 0 0 -1
    outer loop
      vertex 15.549 17.6291 0
      vertex 20.2036 20.7084 0
      vertex 30 0 0
    endloop
  endfacet
  facet normal 0 0 -1
    outer loop
      vertex 20.2036 20.7084 0
      vertex 15.549 17.6291 0
      vertex 20.1347 20.6875 0
    endloop
  endfacet
  facet normal 0 -0 -1
    outer loop
      vertex 15.8085 17.9452 0
      vertex 20.1347 20.6875 0
      vertex 15.549 17.6291 0
    endloop
  endfacet
  facet normal 0 0 -1
    outer loop
      vertex 20.1347 20.6875 0
      vertex 15.8085 17.9452 0
      vertex 20.0646 20.6711 0
    endloop
  endfacet
  facet normal 0 0 -1
    outer loop
      vertex 20.0646 20.6711 0
      vertex 15.8085 17.9452 0
      vertex 19.9936 20.6594 0
    endloop
  endfacet
  facet normal 0 -0 -1
    outer loop
      vertex 16.0467 18.2777 0
      vertex 19.9936 20.6594 0
      vertex 15.8085 17.9452 0
    endloop
  endfacet
  facet normal 0 0 -1
    outer loop
      vertex 19.9936 20.6594 0
      vertex 16.0467 18.2777 0
      vertex 19.9219 20.6524 0
    endloop
  endfacet
  facet normal 0 -0 -1
    outer loop
      vertex 16.2627 18.625 0
      vertex 19.9219 20.6524 0
      vertex 16.0467 18.2777 0
    endloop
  endfacet
  facet normal 0 0 -1
    outer loop
      vertex 19.9219 20.6524 0
      vertex 16.2627 18.625 0
      vertex 19.85 20.65 0
    endloop
  endfacet
  facet normal -0 0 -1
    outer loop
      vertex 19.85 20.65 0
      vertex 16.2627 18.625 0
      vertex 19.7781 20.6524 0
    endloop
  endfacet
  facet normal 0 -0 -1
    outer loop
      vertex 16.4555 18.9857 0
      vertex 19.7781 20.6524 0
      vertex 16.2627 18.625 0
    endloop
  endfacet
  facet normal -0 0 -1
    outer loop
      vertex 19.7781 20.6524 0
      vertex 16.4555 18.9857 0
      vertex 19.7064 20.6594 0
    endloop
  endfacet
  facet normal -0 0 -1
    outer loop
      vertex 19.6354 20.6711 0
      vertex 16.4555 18.9857 0
      vertex 19.5653 20.6875 0
    endloop
  endfacet
  facet normal 0 -0 -1
    outer loop
      vertex 16.6242 19.3582 0
      vertex 19.5653 20.6875 0
      vertex 16.4555 18.9857 0
    endloop
  endfacet
  facet normal -0 0 -1
    outer loop
      vertex 19.5653 20.6875 0
      vertex 16.6242 19.3582 0
      vertex 19.4964 20.7084 0
    endloop
  endfacet
  facet normal -0 0 -1
    outer loop
      vertex 19.4964 20.7084 0
      vertex 16.6242 19.3582 0
      vertex 19.429 20.7337 0
    endloop
  endfacet
  facet normal 0 -0 -1
    outer loop
      vertex 16.7683 19.741 0
      vertex 19.429 20.7337 0
      vertex 16.6242 19.3582 0
    endloop
  endfacet
  facet normal -0 0 -1
    outer loop
      vertex 19.429 20.7337 0
      vertex 16.7683 19.741 0
      vertex 19.3635 20.7634 0
    endloop
  endfacet
  facet normal -0 0 -1
    outer loop
      vertex 19.3635 20.7634 0
      vertex 16.7683 19.741 0
      vertex 19.3 20.7974 0
    endloop
  endfacet
  facet normal 0 -0 -1
    outer loop
      vertex 16.887 20.1324 0
      vertex 19.2389 20.8354 0
      vertex 16.7683 19.741 0
    endloop
  endfacet
  facet normal -0 0 -1
    outer loop
      vertex 19.2389 20.8354 0
      vertex 16.887 20.1324 0
      vertex 19.1804 20.8773 0
    endloop
  endfacet
  facet normal -0 0 -1
    outer loop
      vertex 19.1804 20.8773 0
      vertex 16.887 20.1324 0
      vertex 19.1247 20.923 0
    endloop
  endfacet
  facet normal 0 0 -1
    outer loop
      vertex 18.7524 21.6781 0
      vertex 17.1 21.75 0
      vertex 18.75 21.75 0
    endloop
  endfacet
  facet normal 0 0 -1
    outer loop
      vertex 18.7594 21.6064 0
      vertex 17.1 21.75 0
      vertex 18.7524 21.6781 0
    endloop
  endfacet
  facet normal 0 0 -1
    outer loop
      vertex 17.0866 21.3412 0
      vertex 18.7594 21.6064 0
      vertex 18.7711 21.5354 0
    endloop
  endfacet
  facet normal 0 0 -1
    outer loop
      vertex 17.0866 21.3412 0
      vertex 18.7711 21.5354 0
      vertex 18.7875 21.4653 0
    endloop
  endfacet
  facet normal 0 0 -1
    outer loop
      vertex 17.0866 21.3412 0
      vertex 18.7875 21.4653 0
      vertex 18.8084 21.3964 0
    endloop
  endfacet
  facet normal 0 0 -1
    outer loop
      vertex 17.0465 20.9342 0
      vertex 18.8084 21.3964 0
      vertex 18.8337 21.329 0
    endloop
  endfacet
  facet normal 0 0 -1
    outer loop
      vertex 17.0465 20.9342 0
      vertex 18.8337 21.329 0
      vertex 18.8634 21.2635 0
    endloop
  endfacet
  facet normal -0 0 -1
    outer loop
      vertex 19.1247 20.923 0
      vertex 16.887 20.1324 0
      vertex 19.0722 20.9722 0
    endloop
  endfacet
  facet normal -0 0 -1
    outer loop
      vertex 18.7594 21.6064 0
      vertex 17.0866 21.3412 0
      vertex 17.1 21.75 0
    endloop
  endfacet
  facet normal 0 0 -1
    outer loop
      vertex 18.8084 21.3964 0
      vertex 17.0465 20.9342 0
      vertex 17.0866 21.3412 0
    endloop
  endfacet
  facet normal -0 0 -1
    outer loop
      vertex 18.8974 21.2 0
      vertex 17.0465 20.9342 0
      vertex 18.8634 21.2635 0
    endloop
  endfacet
  facet normal -0 0 -1
    outer loop
      vertex 18.9354 21.1389 0
      vertex 17.0465 20.9342 0
      vertex 18.8974 21.2 0
    endloop
  endfacet
  facet normal 0 -0 -1
    outer loop
      vertex 17.0465 20.9342 0
      vertex 18.9354 21.1389 0
      vertex 16.9799 20.5307 0
    endloop
  endfacet
  facet normal -0 0 -1
    outer loop
      vertex 18.9773 21.0804 0
      vertex 16.9799 20.5307 0
      vertex 18.9354 21.1389 0
    endloop
  endfacet
  facet normal -0 0 -1
    outer loop
      vertex 19.023 21.0247 0
      vertex 16.9799 20.5307 0
      vertex 18.9773 21.0804 0
    endloop
  endfacet
  facet normal -0 0 -1
    outer loop
      vertex 19.0722 20.9722 0
      vertex 16.9799 20.5307 0
      vertex 19.023 21.0247 0
    endloop
  endfacet
  facet normal 0 -0 -1
    outer loop
      vertex 16.9799 20.5307 0
      vertex 19.0722 20.9722 0
      vertex 16.887 20.1324 0
    endloop
  endfacet
  facet normal -0 0 -1
    outer loop
      vertex 19.3 20.7974 0
      vertex 16.7683 19.741 0
      vertex 19.2389 20.8354 0
    endloop
  endfacet
  facet normal -0 0 -1
    outer loop
      vertex 19.7064 20.6594 0
      vertex 16.4555 18.9857 0
      vertex 19.6354 20.6711 0
    endloop
  endfacet
  facet normal 0 0 -1
    outer loop
      vertex 30 0 0
      vertex 15.2694 17.3306 0
      vertex 15.549 17.6291 0
    endloop
  endfacet
  facet normal 0 0 -1
    outer loop
      vertex 30 0 0
      vertex 14.9709 17.051 0
      vertex 15.2694 17.3306 0
    endloop
  endfacet
  facet normal 0 0 -1
    outer loop
      vertex 30 0 0
      vertex 14.6548 16.7915 0
      vertex 14.9709 17.051 0
    endloop
  endfacet
  facet normal 0 0 -1
    outer loop
      vertex 13 0 0
      vertex 14.6548 16.7915 0
      vertex 30 0 0
    endloop
  endfacet
  facet normal 0 0 -1
    outer loop
      vertex 14.6548 16.7915 0
      vertex 13 0 0
      vertex 14.3223 16.5533 0
    endloop
  endfacet
  facet normal 0 0 -1
    outer loop
      vertex 14.3223 16.5533 0
      vertex 13 0 0
      vertex 13.975 16.3373 0
    endloop
  endfacet
  facet normal 0 0 -1
    outer loop
      vertex 13.975 16.3373 0
      vertex 13 0 0
      vertex 13.6143 16.1445 0
    endloop
  endfacet
  facet normal 0 0 -1
    outer loop
      vertex 13.6143 16.1445 0
      vertex 13 0 0
      vertex 13.2418 15.9758 0
    endloop
  endfacet
  facet normal 0 0 -1
    outer loop
      vertex 13.2418 15.9758 0
      vertex 13 0 0
      vertex 12.859 15.8317 0
    endloop
  endfacet
  facet normal 0 0 -1
    outer loop
      vertex 20.9476 21.8219 0
      vertex 30 32 0
      vertex 20.95 21.75 0
    endloop
  endfacet
  facet normal 0 0 -1
    outer loop
      vertex 20.9406 21.8936 0
      vertex 30 32 0
      vertex 20.9476 21.8219 0
    endloop
  endfacet
  facet normal 0 0 -1
    outer loop
      vertex 20.9289 21.9646 0
      vertex 30 32 0
      vertex 20.9406 21.8936 0
    endloop
  endfacet
  facet normal 0 0 -1
    outer loop
      vertex 20.9125 22.0347 0
      vertex 30 32 0
      vertex 20.9289 21.9646 0
    endloop
  endfacet
  facet normal 0 0 -1
    outer loop
      vertex 20.8916 22.1036 0
      vertex 30 32 0
      vertex 20.9125 22.0347 0
    endloop
  endfacet
  facet normal 0 0 -1
    outer loop
      vertex 20.8663 22.171 0
      vertex 30 32 0
      vertex 20.8916 22.1036 0
    endloop
  endfacet
  facet normal 0 0 -1
    outer loop
      vertex 20.8366 22.2365 0
      vertex 30 32 0
      vertex 20.8663 22.171 0
    endloop
  endfacet
  facet normal 0 0 -1
    outer loop
      vertex 20.8026 22.3 0
      vertex 30 32 0
      vertex 20.8366 22.2365 0
    endloop
  endfacet
  facet normal 0 0 -1
    outer loop
      vertex 20.7646 22.3611 0
      vertex 30 32 0
      vertex 20.8026 22.3 0
    endloop
  endfacet
  facet normal 0 0 -1
    outer loop
      vertex 20.7227 22.4196 0
      vertex 30 32 0
      vertex 20.7646 22.3611 0
    endloop
  endfacet
  facet normal 0 0 -1
    outer loop
      vertex 20.677 22.4753 0
      vertex 30 32 0
      vertex 20.7227 22.4196 0
    endloop
  endfacet
  facet normal 0 0 -1
    outer loop
      vertex 20.6278 22.5278 0
      vertex 30 32 0
      vertex 20.677 22.4753 0
    endloop
  endfacet
  facet normal 0 0 -1
    outer loop
      vertex 20.5753 22.577 0
      vertex 30 32 0
      vertex 20.6278 22.5278 0
    endloop
  endfacet
  facet normal 0 0 -1
    outer loop
      vertex 20.5196 22.6227 0
      vertex 30 32 0
      vertex 20.5753 22.577 0
    endloop
  endfacet
  facet normal 0 0 -1
    outer loop
      vertex 20.4611 22.6646 0
      vertex 30 32 0
      vertex 20.5196 22.6227 0
    endloop
  endfacet
  facet normal 0 0 -1
    outer loop
      vertex 20.4 22.7026 0
      vertex 30 32 0
      vertex 20.4611 22.6646 0
    endloop
  endfacet
  facet normal 0 0 -1
    outer loop
      vertex 20.3365 22.7366 0
      vertex 30 32 0
      vertex 20.4 22.7026 0
    endloop
  endfacet
  facet normal 0 0 -1
    outer loop
      vertex 20.271 22.7663 0
      vertex 30 32 0
      vertex 20.3365 22.7366 0
    endloop
  endfacet
  facet normal 0 0 -1
    outer loop
      vertex 20.2036 22.7916 0
      vertex 30 32 0
      vertex 20.271 22.7663 0
    endloop
  endfacet
  facet normal 0 0 -1
    outer loop
      vertex 20.1347 22.8125 0
      vertex 30 32 0
      vertex 20.2036 22.7916 0
    endloop
  endfacet
  facet normal 0 0 -1
    outer loop
      vertex 15.8085 25.5548 0
      vertex 20.1347 22.8125 0
      vertex 20.0646 22.8289 0
    endloop
  endfacet
  facet normal 0 0 -1
    outer loop
      vertex 15.8085 25.5548 0
      vertex 20.0646 22.8289 0
      vertex 19.9936 22.8406 0
    endloop
  endfacet
  facet normal 0 0 -1
    outer loop
      vertex 16.0467 25.2223 0
      vertex 19.9936 22.8406 0
      vertex 19.9219 22.8476 0
    endloop
  endfacet
  facet normal 0 0 -1
    outer loop
      vertex 16.2627 24.875 0
      vertex 19.9219 22.8476 0
      vertex 19.85 22.85 0
    endloop
  endfacet
  facet normal 0 0 -1
    outer loop
      vertex 16.2627 24.875 0
      vertex 19.85 22.85 0
      vertex 19.7781 22.8476 0
    endloop
  endfacet
  facet normal 0 0 -1
    outer loop
      vertex 16.4555 24.5143 0
      vertex 19.7781 22.8476 0
      vertex 19.7064 22.8406 0
    endloop
  endfacet
  facet normal 0 0 -1
    outer loop
      vertex 16.4555 24.5143 0
      vertex 19.7064 22.8406 0
      vertex 19.6354 22.8289 0
    endloop
  endfacet
  facet normal 0 0 -1
    outer loop
      vertex 16.4555 24.5143 0
      vertex 19.6354 22.8289 0
      vertex 19.5653 22.8125 0
    endloop
  endfacet
  facet normal 0 0 -1
    outer loop
      vertex 16.6242 24.1418 0
      vertex 19.5653 22.8125 0
      vertex 19.4964 22.7916 0
    endloop
  endfacet
  facet normal 0 0 -1
    outer loop
      vertex 16.6242 24.1418 0
      vertex 19.4964 22.7916 0
      vertex 19.429 22.7663 0
    endloop
  endfacet
  facet normal 0 0 -1
    outer loop
      vertex 16.7683 23.759 0
      vertex 19.429 22.7663 0
      vertex 19.3635 22.7366 0
    endloop
  endfacet
  facet normal 0 0 -1
    outer loop
      vertex 16.7683 23.759 0
      vertex 19.3635 22.7366 0
      vertex 19.3 22.7026 0
    endloop
  endfacet
  facet normal 0 0 -1
    outer loop
      vertex 16.7683 23.759 0
      vertex 19.3 22.7026 0
      vertex 19.2389 22.6646 0
    endloop
  endfacet
  facet normal 0 0 -1
    outer loop
      vertex 16.887 23.3676 0
      vertex 19.2389 22.6646 0
      vertex 19.1804 22.6227 0
    endloop
  endfacet
  facet normal 0 0 -1
    outer loop
      vertex 16.887 23.3676 0
      vertex 19.1804 22.6227 0
      vertex 19.1247 22.577 0
    endloop
  endfacet
  facet normal 0 0 -1
    outer loop
      vertex 17.1 21.75 0
      vertex 18.7524 21.8219 0
      vertex 18.75 21.75 0
    endloop
  endfacet
  facet normal 0 0 -1
    outer loop
      vertex 17.1 21.75 0
      vertex 18.7594 21.8936 0
      vertex 18.7524 21.8219 0
    endloop
  endfacet
  facet normal 0 0 -1
    outer loop
      vertex 17.0866 22.1588 0
      vertex 18.7594 21.8936 0
      vertex 17.1 21.75 0
    endloop
  endfacet
  facet normal 0 0 -1
    outer loop
      vertex 18.7594 21.8936 0
      vertex 17.0866 22.1588 0
      vertex 18.7711 21.9646 0
    endloop
  endfacet
  facet normal 0 0 -1
    outer loop
      vertex 18.7711 21.9646 0
      vertex 17.0866 22.1588 0
      vertex 18.7875 22.0347 0
    endloop
  endfacet
  facet normal 0 0 -1
    outer loop
      vertex 18.7875 22.0347 0
      vertex 17.0866 22.1588 0
      vertex 18.8084 22.1036 0
    endloop
  endfacet
  facet normal 0 0 -1
    outer loop
      vertex 17.0465 22.5658 0
      vertex 18.8084 22.1036 0
      vertex 17.0866 22.1588 0
    endloop
  endfacet
  facet normal 0 0 -1
    outer loop
      vertex 18.8084 22.1036 0
      vertex 17.0465 22.5658 0
      vertex 18.8337 22.171 0
    endloop
  endfacet
  facet normal 0 0 -1
    outer loop
      vertex 18.8337 22.171 0
      vertex 17.0465 22.5658 0
      vertex 18.8634 22.2365 0
    endloop
  endfacet
  facet normal 0 0 -1
    outer loop
      vertex 18.8634 22.2365 0
      vertex 17.0465 22.5658 0
      vertex 18.8974 22.3 0
    endloop
  endfacet
  facet normal 0 0 -1
    outer loop
      vertex 18.8974 22.3 0
      vertex 17.0465 22.5658 0
      vertex 18.9354 22.3611 0
    endloop
  endfacet
  facet normal 0 0 -1
    outer loop
      vertex 16.9799 22.9693 0
      vertex 18.9354 22.3611 0
      vertex 17.0465 22.5658 0
    endloop
  endfacet
  facet normal 0 0 -1
    outer loop
      vertex 18.9354 22.3611 0
      vertex 16.9799 22.9693 0
      vertex 18.9773 22.4196 0
    endloop
  endfacet
  facet normal 0 0 -1
    outer loop
      vertex 18.9773 22.4196 0
      vertex 16.9799 22.9693 0
      vertex 19.023 22.4753 0
    endloop
  endfacet
  facet normal 0 0 -1
    outer loop
      vertex 19.023 22.4753 0
      vertex 16.9799 22.9693 0
      vertex 19.0722 22.5278 0
    endloop
  endfacet
  facet normal 0 0 -1
    outer loop
      vertex 16.887 23.3676 0
      vertex 19.0722 22.5278 0
      vertex 16.9799 22.9693 0
    endloop
  endfacet
  facet normal 0 0 -1
    outer loop
      vertex 19.0722 22.5278 0
      vertex 16.887 23.3676 0
      vertex 19.1247 22.577 0
    endloop
  endfacet
  facet normal 0 0 -1
    outer loop
      vertex 19.2389 22.6646 0
      vertex 16.887 23.3676 0
      vertex 16.7683 23.759 0
    endloop
  endfacet
  facet normal 0 0 -1
    outer loop
      vertex 19.429 22.7663 0
      vertex 16.7683 23.759 0
      vertex 16.6242 24.1418 0
    endloop
  endfacet
  facet normal 0 0 -1
    outer loop
      vertex 19.5653 22.8125 0
      vertex 16.6242 24.1418 0
      vertex 16.4555 24.5143 0
    endloop
  endfacet
  facet normal 0 0 -1
    outer loop
      vertex 19.7781 22.8476 0
      vertex 16.4555 24.5143 0
      vertex 16.2627 24.875 0
    endloop
  endfacet
  facet normal 0 0 -1
    outer loop
      vertex 19.9219 22.8476 0
      vertex 16.2627 24.875 0
      vertex 16.0467 25.2223 0
    endloop
  endfacet
  facet normal 0 0 -1
    outer loop
      vertex 19.9936 22.8406 0
      vertex 16.0467 25.2223 0
      vertex 15.8085 25.5548 0
    endloop
  endfacet
  facet normal 0 0 -1
    outer loop
      vertex 20.1347 22.8125 0
      vertex 15.8085 25.5548 0
      vertex 30 32 0
    endloop
  endfacet
  facet normal 0 0 -1
    outer loop
      vertex 15.549 25.8709 0
      vertex 30 32 0
      vertex 15.8085 25.5548 0
    endloop
  endfacet
  facet normal 0 0 -1
    outer loop
      vertex 15.2694 26.1694 0
      vertex 30 32 0
      vertex 15.549 25.8709 0
    endloop
  endfacet
  facet normal 0 0 -1
    outer loop
      vertex 14.9709 26.449 0
      vertex 30 32 0
      vertex 15.2694 26.1694 0
    endloop
  endfacet
  facet normal 0 0 -1
    outer loop
      vertex 14.6548 26.7085 0
      vertex 30 32 0
      vertex 14.9709 26.449 0
    endloop
  endfacet
  facet normal 0 0 -1
    outer loop
      vertex 14.3223 26.9467 0
      vertex 30 32 0
      vertex 14.6548 26.7085 0
    endloop
  endfacet
  facet normal 0 0 -1
    outer loop
      vertex 13.975 27.1627 0
      vertex 30 32 0
      vertex 14.3223 26.9467 0
    endloop
  endfacet
  facet normal 0 0 -1
    outer loop
      vertex 13.6143 27.3555 0
      vertex 30 32 0
      vertex 13.975 27.1627 0
    endloop
  endfacet
  facet normal 0 0 -1
    outer loop
      vertex 13.2418 27.5242 0
      vertex 30 32 0
      vertex 13.6143 27.3555 0
    endloop
  endfacet
  facet normal 0 0 -1
    outer loop
      vertex 12.859 27.6683 0
      vertex 30 32 0
      vertex 13.2418 27.5242 0
    endloop
  endfacet
  facet normal 0 0 -1
    outer loop
      vertex 12.4676 27.787 0
      vertex 30 32 0
      vertex 12.859 27.6683 0
    endloop
  endfacet
  facet normal 0 0 -1
    outer loop
      vertex 12.0693 27.8799 0
      vertex 30 32 0
      vertex 12.4676 27.787 0
    endloop
  endfacet
  facet normal 0 0 -1
    outer loop
      vertex 11.6658 27.9465 0
      vertex 30 32 0
      vertex 12.0693 27.8799 0
    endloop
  endfacet
  facet normal 0 0 -1
    outer loop
      vertex 11.2588 27.9866 0
      vertex 30 32 0
      vertex 11.6658 27.9465 0
    endloop
  endfacet
  facet normal 0 0 -1
    outer loop
      vertex 10.85 28 0
      vertex 30 32 0
      vertex 11.2588 27.9866 0
    endloop
  endfacet
  facet normal 0 0 -1
    outer loop
      vertex -14 32 0
      vertex 10.85 28 0
      vertex 0.249999 28 0
    endloop
  endfacet
  facet normal 0 0 -1
    outer loop
      vertex -14 32 0
      vertex 0.249999 28 0
      vertex -0.158769 27.9866 0
    endloop
  endfacet
  facet normal 0 0 -1
    outer loop
      vertex -14 32 0
      vertex -0.158769 27.9866 0
      vertex -0.565788 27.9465 0
    endloop
  endfacet
  facet normal 0 0 -1
    outer loop
      vertex -7.65235 21.8219 0
      vertex -6 21.75 0
      vertex -7.65 21.75 0
    endloop
  endfacet
  facet normal 0 0 -1
    outer loop
      vertex -7.65941 21.8936 0
      vertex -6 21.75 0
      vertex -7.65235 21.8219 0
    endloop
  endfacet
  facet normal 0 0 -1
    outer loop
      vertex -6 21.75 0
      vertex -7.65941 21.8936 0
      vertex -5.98662 22.1588 0
    endloop
  endfacet
  facet normal 0 0 -1
    outer loop
      vertex -7.67114 21.9646 0
      vertex -5.98662 22.1588 0
      vertex -7.65941 21.8936 0
    endloop
  endfacet
  facet normal 0 0 -1
    outer loop
      vertex -7.68748 22.0347 0
      vertex -5.98662 22.1588 0
      vertex -7.67114 21.9646 0
    endloop
  endfacet
  facet normal 0 0 -1
    outer loop
      vertex -7.70838 22.1036 0
      vertex -5.98662 22.1588 0
      vertex -7.68748 22.0347 0
    endloop
  endfacet
  facet normal -0 0 -1
    outer loop
      vertex -5.98662 22.1588 0
      vertex -7.70838 22.1036 0
      vertex -5.94653 22.5658 0
    endloop
  endfacet
  facet normal 0 0 -1
    outer loop
      vertex -7.73373 22.171 0
      vertex -5.94653 22.5658 0
      vertex -7.70838 22.1036 0
    endloop
  endfacet
  facet normal 0 0 -1
    outer loop
      vertex -7.76344 22.2365 0
      vertex -5.94653 22.5658 0
      vertex -7.73373 22.171 0
    endloop
  endfacet
  facet normal 0 0 -1
    outer loop
      vertex -7.79737 22.3 0
      vertex -5.94653 22.5658 0
      vertex -7.76344 22.2365 0
    endloop
  endfacet
  facet normal 0 0 -1
    outer loop
      vertex -7.83538 22.3611 0
      vertex -5.94653 22.5658 0
      vertex -7.79737 22.3 0
    endloop
  endfacet
  facet normal -0 0 -1
    outer loop
      vertex -5.94653 22.5658 0
      vertex -7.83538 22.3611 0
      vertex -5.87991 22.9693 0
    endloop
  endfacet
  facet normal 0 0 -1
    outer loop
      vertex -7.87731 22.4196 0
      vertex -5.87991 22.9693 0
      vertex -7.83538 22.3611 0
    endloop
  endfacet
  facet normal 0 0 -1
    outer loop
      vertex -7.92298 22.4753 0
      vertex -5.87991 22.9693 0
      vertex -7.87731 22.4196 0
    endloop
  endfacet
  facet normal 0 0 -1
    outer loop
      vertex -7.97218 22.5278 0
      vertex -5.87991 22.9693 0
      vertex -7.92298 22.4753 0
    endloop
  endfacet
  facet normal -0 0 -1
    outer loop
      vertex -5.87991 22.9693 0
      vertex -7.97218 22.5278 0
      vertex -5.78704 23.3676 0
    endloop
  endfacet
  facet normal 0 0 -1
    outer loop
      vertex -8.02472 22.577 0
      vertex -5.78704 23.3676 0
      vertex -7.97218 22.5278 0
    endloop
  endfacet
  facet normal 0 0 -1
    outer loop
      vertex -8.08036 22.6227 0
      vertex -5.78704 23.3676 0
      vertex -8.02472 22.577 0
    endloop
  endfacet
  facet normal 0 0 -1
    outer loop
      vertex -8.13887 22.6646 0
      vertex -5.78704 23.3676 0
      vertex -8.08036 22.6227 0
    endloop
  endfacet
  facet normal -0 0 -1
    outer loop
      vertex -5.78704 23.3676 0
      vertex -8.13887 22.6646 0
      vertex -5.66831 23.759 0
    endloop
  endfacet
  facet normal 0 0 -1
    outer loop
      vertex -8.2 22.7026 0
      vertex -5.66831 23.759 0
      vertex -8.13887 22.6646 0
    endloop
  endfacet
  facet normal 0 0 -1
    outer loop
      vertex -8.26348 22.7366 0
      vertex -5.66831 23.759 0
      vertex -8.2 22.7026 0
    endloop
  endfacet
  facet normal 0 0 -1
    outer loop
      vertex -8.32905 22.7663 0
      vertex -5.66831 23.759 0
      vertex -8.26348 22.7366 0
    endloop
  endfacet
  facet normal -0 0 -1
    outer loop
      vertex -5.66831 23.759 0
      vertex -8.32905 22.7663 0
      vertex -5.52425 24.1418 0
    endloop
  endfacet
  facet normal 0 0 -1
    outer loop
      vertex -8.39642 22.7916 0
      vertex -5.52425 24.1418 0
      vertex -8.32905 22.7663 0
    endloop
  endfacet
  facet normal 0 0 -1
    outer loop
      vertex -8.4653 22.8125 0
      vertex -5.52425 24.1418 0
      vertex -8.39642 22.7916 0
    endloop
  endfacet
  facet normal -0 0 -1
    outer loop
      vertex -5.52425 24.1418 0
      vertex -8.4653 22.8125 0
      vertex -5.35545 24.5143 0
    endloop
  endfacet
  facet normal 0 0 -1
    outer loop
      vertex -8.5354 22.8289 0
      vertex -5.35545 24.5143 0
      vertex -8.4653 22.8125 0
    endloop
  endfacet
  facet normal 0 0 -1
    outer loop
      vertex -8.60642 22.8406 0
      vertex -5.35545 24.5143 0
      vertex -8.5354 22.8289 0
    endloop
  endfacet
  facet normal 0 0 -1
    outer loop
      vertex -8.67806 22.8476 0
      vertex -5.35545 24.5143 0
      vertex -8.60642 22.8406 0
    endloop
  endfacet
  facet normal -0 0 -1
    outer loop
      vertex -5.35545 24.5143 0
      vertex -8.67806 22.8476 0
      vertex -5.16266 24.875 0
    endloop
  endfacet
  facet normal 0 0 -1
    outer loop
      vertex -8.75 22.85 0
      vertex -5.16266 24.875 0
      vertex -8.67806 22.8476 0
    endloop
  endfacet
  facet normal 0 0 -1
    outer loop
      vertex -8.82194 22.8476 0
      vertex -5.16266 24.875 0
      vertex -8.75 22.85 0
    endloop
  endfacet
  facet normal -0 0 -1
    outer loop
      vertex -5.16266 24.875 0
      vertex -8.82194 22.8476 0
      vertex -4.94668 25.2223 0
    endloop
  endfacet
  facet normal 0 0 -1
    outer loop
      vertex -8.89358 22.8406 0
      vertex -4.94668 25.2223 0
      vertex -8.82194 22.8476 0
    endloop
  endfacet
  facet normal 0 0 -1
    outer loop
      vertex -14 32 0
      vertex -4.94668 25.2223 0
      vertex -8.89358 22.8406 0
    endloop
  endfacet
  facet normal 0 0 -1
    outer loop
      vertex -4.94668 25.2223 0
      vertex -14 32 0
      vertex -4.70846 25.5548 0
    endloop
  endfacet
  facet normal 0 0 -1
    outer loop
      vertex -4.449 25.8709 0
      vertex -14 32 0
      vertex -4.16942 26.1694 0
    endloop
  endfacet
  facet normal 0 0 -1
    outer loop
      vertex -4.16942 26.1694 0
      vertex -14 32 0
      vertex -3.87091 26.449 0
    endloop
  endfacet
  facet normal 0 0 -1
    outer loop
      vertex -4.70846 25.5548 0
      vertex -14 32 0
      vertex -4.449 25.8709 0
    endloop
  endfacet
  facet normal 0 0 -1
    outer loop
      vertex -14 32 0
      vertex -8.89358 22.8406 0
      vertex -8.9646 22.8289 0
    endloop
  endfacet
  facet normal 0 0 -1
    outer loop
      vertex -14 32 0
      vertex -8.9646 22.8289 0
      vertex -9.0347 22.8125 0
    endloop
  endfacet
  facet normal 0 0 -1
    outer loop
      vertex -3.87091 26.449 0
      vertex -14 32 0
      vertex -3.55476 26.7085 0
    endloop
  endfacet
  facet normal 0 0 -1
    outer loop
      vertex -14 32 0
      vertex -9.0347 22.8125 0
      vertex -9.10358 22.7916 0
    endloop
  endfacet
  facet normal 0 0 -1
    outer loop
      vertex -14 32 0
      vertex -9.10358 22.7916 0
      vertex -9.17095 22.7663 0
    endloop
  endfacet
  facet normal 0 0 -1
    outer loop
      vertex -14 32 0
      vertex -9.17095 22.7663 0
      vertex -9.23652 22.7366 0
    endloop
  endfacet
  facet normal 0 0 -1
    outer loop
      vertex -14 32 0
      vertex -9.23652 22.7366 0
      vertex -9.3 22.7026 0
    endloop
  endfacet
  facet normal 0 0 -1
    outer loop
      vertex -14 32 0
      vertex -9.3 22.7026 0
      vertex -9.36113 22.6646 0
    endloop
  endfacet
  facet normal 0 0 -1
    outer loop
      vertex -9.82886 21.5354 0
      vertex -14 32 0
      vertex -9.84059 21.6064 0
    endloop
  endfacet
  facet normal 0 0 -1
    outer loop
      vertex -9.84059 21.6064 0
      vertex -14 32 0
      vertex -9.84764 21.6781 0
    endloop
  endfacet
  facet normal 0 0 -1
    outer loop
      vertex -9.84764 21.6781 0
      vertex -14 32 0
      vertex -9.85 21.75 0
    endloop
  endfacet
  facet normal 0 0 -1
    outer loop
      vertex -9.85 21.75 0
      vertex -14 32 0
      vertex -9.84764 21.8219 0
    endloop
  endfacet
  facet normal 0 0 -1
    outer loop
      vertex -9.84764 21.8219 0
      vertex -14 32 0
      vertex -9.84059 21.8936 0
    endloop
  endfacet
  facet normal 0 0 -1
    outer loop
      vertex 10.85 28 0
      vertex -14 32 0
      vertex 30 32 0
    endloop
  endfacet
  facet normal 0 0 -1
    outer loop
      vertex -0.969314 27.8799 0
      vertex -14 32 0
      vertex -0.565788 27.9465 0
    endloop
  endfacet
  facet normal 0 0 -1
    outer loop
      vertex -1.36762 27.787 0
      vertex -14 32 0
      vertex -0.969314 27.8799 0
    endloop
  endfacet
  facet normal 0 0 -1
    outer loop
      vertex -1.759 27.6683 0
      vertex -14 32 0
      vertex -1.36762 27.787 0
    endloop
  endfacet
  facet normal 0 0 -1
    outer loop
      vertex -2.14177 27.5242 0
      vertex -14 32 0
      vertex -1.759 27.6683 0
    endloop
  endfacet
  facet normal 0 0 -1
    outer loop
      vertex -2.5143 27.3555 0
      vertex -14 32 0
      vertex -2.14177 27.5242 0
    endloop
  endfacet
  facet normal 0 0 -1
    outer loop
      vertex -2.875 27.1627 0
      vertex -14 32 0
      vertex -2.5143 27.3555 0
    endloop
  endfacet
  facet normal 0 0 -1
    outer loop
      vertex -3.22231 26.9467 0
      vertex -14 32 0
      vertex -2.875 27.1627 0
    endloop
  endfacet
  facet normal 0 0 -1
    outer loop
      vertex -3.55476 26.7085 0
      vertex -14 32 0
      vertex -3.22231 26.9467 0
    endloop
  endfacet
  facet normal 0 0 -1
    outer loop
      vertex -9.41964 22.6227 0
      vertex -14 32 0
      vertex -9.36113 22.6646 0
    endloop
  endfacet
  facet normal 0 0 -1
    outer loop
      vertex -9.47528 22.577 0
      vertex -14 32 0
      vertex -9.41964 22.6227 0
    endloop
  endfacet
  facet normal 0 0 -1
    outer loop
      vertex -9.52782 22.5278 0
      vertex -14 32 0
      vertex -9.47528 22.577 0
    endloop
  endfacet
  facet normal 0 0 -1
    outer loop
      vertex -9.57702 22.4753 0
      vertex -14 32 0
      vertex -9.52782 22.5278 0
    endloop
  endfacet
  facet normal 0 0 -1
    outer loop
      vertex -9.62269 22.4196 0
      vertex -14 32 0
      vertex -9.57702 22.4753 0
    endloop
  endfacet
  facet normal 0 0 -1
    outer loop
      vertex -9.66462 22.3611 0
      vertex -14 32 0
      vertex -9.62269 22.4196 0
    endloop
  endfacet
  facet normal 0 0 -1
    outer loop
      vertex -9.70263 22.3 0
      vertex -14 32 0
      vertex -9.66462 22.3611 0
    endloop
  endfacet
  facet normal 0 0 -1
    outer loop
      vertex -9.73656 22.2365 0
      vertex -14 32 0
      vertex -9.70263 22.3 0
    endloop
  endfacet
  facet normal 0 0 -1
    outer loop
      vertex -9.76627 22.171 0
      vertex -14 32 0
      vertex -9.73656 22.2365 0
    endloop
  endfacet
  facet normal 0 0 -1
    outer loop
      vertex -9.79162 22.1036 0
      vertex -14 32 0
      vertex -9.76627 22.171 0
    endloop
  endfacet
  facet normal 0 0 -1
    outer loop
      vertex -9.81252 22.0347 0
      vertex -14 32 0
      vertex -9.79162 22.1036 0
    endloop
  endfacet
  facet normal 0 0 -1
    outer loop
      vertex -9.82886 21.9646 0
      vertex -14 32 0
      vertex -9.81252 22.0347 0
    endloop
  endfacet
  facet normal 0 0 -1
    outer loop
      vertex -9.84059 21.8936 0
      vertex -14 32 0
      vertex -9.82886 21.9646 0
    endloop
  endfacet
  facet normal -1 0 0
    outer loop
      vertex -14 0 0
      vertex -14 32 3
      vertex -14 32 0
    endloop
  endfacet
  facet normal -1 -0 0
    outer loop
      vertex -14 32 3
      vertex -14 0 0
      vertex -14 0 3
    endloop
  endfacet
  facet normal 1 -0 0
    outer loop
      vertex 30 0 3
      vertex 30 32 0
      vertex 30 32 3
    endloop
  endfacet
  facet normal 1 0 0
    outer loop
      vertex 30 32 0
      vertex 30 0 3
      vertex 30 0 0
    endloop
  endfacet
  facet normal 0 1 -0
    outer loop
      vertex 30 32 0
      vertex -14 32 3
      vertex 30 32 3
    endloop
  endfacet
  facet normal 0 1 0
    outer loop
      vertex -14 32 3
      vertex 30 32 0
      vertex -14 32 0
    endloop
  endfacet
  facet normal -1 0 0
    outer loop
      vertex -8.9 20.6605 3
      vertex -8.9 12.9 3
      vertex -8.9 20.6605 5
    endloop
  endfacet
  facet normal -1 0 0
    outer loop
      vertex -8.9 22.8395 5
      vertex -8.9 30.9 3
      vertex -8.9 22.8395 3
    endloop
  endfacet
  facet normal -1 0 0
    outer loop
      vertex -8.9 30.9 3
      vertex -8.9 22.8395 5
      vertex -8.9 30.9 21
    endloop
  endfacet
  facet normal -1 0 0
    outer loop
      vertex -8.9 12.9 21
      vertex -8.9 22.8395 5
      vertex -8.9 20.6605 5
    endloop
  endfacet
  facet normal -1 0 0
    outer loop
      vertex -8.9 12.9 21
      vertex -8.9 20.6605 5
      vertex -8.9 12.9 3
    endloop
  endfacet
  facet normal -1 0 0
    outer loop
      vertex -8.9 22.8395 5
      vertex -8.9 12.9 21
      vertex -8.9 30.9 21
    endloop
  endfacet
  facet normal 0 -1 0
    outer loop
      vertex -8.9 12.9 3
      vertex -6.2 12.9 21
      vertex -8.9 12.9 21
    endloop
  endfacet
  facet normal 0 -1 -0
    outer loop
      vertex -6.2 12.9 21
      vertex -8.9 12.9 3
      vertex -6.2 12.9 3
    endloop
  endfacet
  facet normal 1 -0 0
    outer loop
      vertex -6.2 12.9 21
      vertex -6.2 28.2 3
      vertex -6.2 28.2 21
    endloop
  endfacet
  facet normal 1 0 0
    outer loop
      vertex -6.2 28.2 3
      vertex -6.2 12.9 21
      vertex -6.2 12.9 3
    endloop
  endfacet
  facet normal 0 1 -0
    outer loop
      vertex 20 30.9 3
      vertex -8.9 30.9 21
      vertex 20 30.9 21
    endloop
  endfacet
  facet normal 0 1 0
    outer loop
      vertex -8.9 30.9 21
      vertex 20 30.9 3
      vertex -8.9 30.9 3
    endloop
  endfacet
  facet normal 0 0 1
    outer loop
      vertex 20 30.9 21
      vertex 17.3 28.2 21
      vertex 20 12.9 21
    endloop
  endfacet
  facet normal 0 0 1
    outer loop
      vertex 20 30.9 21
      vertex -6.2 28.2 21
      vertex 17.3 28.2 21
    endloop
  endfacet
  facet normal -0 0 1
    outer loop
      vertex -8.9 30.9 21
      vertex -6.2 28.2 21
      vertex 20 30.9 21
    endloop
  endfacet
  facet normal 0 0 1
    outer loop
      vertex -8.9 12.9 21
      vertex -6.2 28.2 21
      vertex -8.9 30.9 21
    endloop
  endfacet
  facet normal 0 0 1
    outer loop
      vertex -6.2 28.2 21
      vertex -8.9 12.9 21
      vertex -6.2 12.9 21
    endloop
  endfacet
  facet normal 0 0 1
    outer loop
      vertex 20 12.9 21
      vertex 17.3 28.2 21
      vertex 17.3 12.9 21
    endloop
  endfacet
  facet normal -1 0 0
    outer loop
      vertex 17.3 28.2 3
      vertex 17.3 28 7
      vertex 17.3 28.2 21
    endloop
  endfacet
  facet normal -1 0 0
    outer loop
      vertex 17.3 28.2 3
      vertex 17.3 22.5 7
      vertex 17.3 28 7
    endloop
  endfacet
  facet normal -1 -0 0
    outer loop
      vertex 17.3 22.5 7
      vertex 17.3 12.9 3
      vertex 17.3 22.5 16
    endloop
  endfacet
  facet normal -1 0 0
    outer loop
      vertex 17.3 12.9 3
      vertex 17.3 22.5 7
      vertex 17.3 28.2 3
    endloop
  endfacet
  facet normal -1 0 0
    outer loop
      vertex 17.3 28 16
      vertex 17.3 28.2 21
      vertex 17.3 28 7
    endloop
  endfacet
  facet normal -1 0 0
    outer loop
      vertex 17.3 22.5 16
      vertex 17.3 28.2 21
      vertex 17.3 28 16
    endloop
  endfacet
  facet normal -1 0 0
    outer loop
      vertex 17.3 22.5 16
      vertex 17.3 12.9 21
      vertex 17.3 28.2 21
    endloop
  endfacet
  facet normal -1 0 0
    outer loop
      vertex 17.3 12.9 21
      vertex 17.3 22.5 16
      vertex 17.3 12.9 3
    endloop
  endfacet
  facet normal 0 -1 0
    outer loop
      vertex 17.3 12.9 3
      vertex 20 12.9 21
      vertex 17.3 12.9 21
    endloop
  endfacet
  facet normal 0 -1 -0
    outer loop
      vertex 20 12.9 21
      vertex 17.3 12.9 3
      vertex 20 12.9 3
    endloop
  endfacet
  facet normal 1 -0 0
    outer loop
      vertex 20 22.5 7
      vertex 20 22.8395 5
      vertex 20 28 7
    endloop
  endfacet
  facet normal 1 0 0
    outer loop
      vertex 20 22.8395 5
      vertex 20 22.5 7
      vertex 20 20.6605 5
    endloop
  endfacet
  facet normal 1 0 0
    outer loop
      vertex 20 30.9 21
      vertex 20 28 16
      vertex 20 30.9 3
    endloop
  endfacet
  facet normal 1 0 0
    outer loop
      vertex 20 30.9 21
      vertex 20 22.5 16
      vertex 20 28 16
    endloop
  endfacet
  facet normal 1 0 0
    outer loop
      vertex 20 22.5 16
      vertex 20 20.6605 5
      vertex 20 22.5 7
    endloop
  endfacet
  facet normal 1 -0 0
    outer loop
      vertex 20 12.9 21
      vertex 20 22.5 16
      vertex 20 30.9 21
    endloop
  endfacet
  facet normal 1 0 0
    outer loop
      vertex 20 12.9 3
      vertex 20 22.5 16
      vertex 20 12.9 21
    endloop
  endfacet
  facet normal 1 0 0
    outer loop
      vertex 20 22.5 16
      vertex 20 12.9 3
      vertex 20 20.6605 5
    endloop
  endfacet
  facet normal 1 0 0
    outer loop
      vertex 20 20.6605 5
      vertex 20 12.9 3
      vertex 20 20.6605 3
    endloop
  endfacet
  facet normal 1 -0 0
    outer loop
      vertex 20 28 7
      vertex 20 30.9 3
      vertex 20 28 16
    endloop
  endfacet
  facet normal 1 0 0
    outer loop
      vertex 20 22.8395 3
      vertex 20 28 7
      vertex 20 22.8395 5
    endloop
  endfacet
  facet normal 1 0 0
    outer loop
      vertex 20 28 7
      vertex 20 22.8395 3
      vertex 20 30.9 3
    endloop
  endfacet
  facet normal 0 -1 0
    outer loop
      vertex -6.2 28.2 3
      vertex 17.3 28.2 21
      vertex -6.2 28.2 21
    endloop
  endfacet
  facet normal 0 -1 -0
    outer loop
      vertex 17.3 28.2 21
      vertex -6.2 28.2 3
      vertex 17.3 28.2 3
    endloop
  endfacet
  facet normal -0.881908 0 -0.471421
    outer loop
      vertex 1.435 -4 7.70766
      vertex 1.38564 0 7.8
      vertex 1.435 0 7.70766
    endloop
  endfacet
  facet normal -0.881908 -0 -0.471421
    outer loop
      vertex 1.38564 0 7.8
      vertex 1.435 -4 7.70766
      vertex 1.38564 -4 7.8
    endloop
  endfacet
  facet normal -0.35224 0 -0.93591
    outer loop
      vertex 0.514302 -4 8.51509
      vertex 0.612293 0 8.47821
      vertex 0.612293 -4 8.47821
    endloop
  endfacet
  facet normal -0.35224 0 -0.93591
    outer loop
      vertex 0.612293 0 8.47821
      vertex 0.514302 -4 8.51509
      vertex 0.514302 0 8.51509
    endloop
  endfacet
  facet normal 0.35224 0 -0.93591
    outer loop
      vertex -0.612293 -4 8.47821
      vertex -0.514302 0 8.51509
      vertex -0.514302 -4 8.51509
    endloop
  endfacet
  facet normal 0.35224 0 -0.93591
    outer loop
      vertex -0.514302 0 8.51509
      vertex -0.612293 -4 8.47821
      vertex -0.612293 0 8.47821
    endloop
  endfacet
  facet normal 0.91087 0 -0.412694
    outer loop
      vertex -1.435 -4 7.70766
      vertex -1.47821 0 7.61229
      vertex -1.435 0 7.70766
    endloop
  endfacet
  facet normal 0.91087 0 -0.412694
    outer loop
      vertex -1.47821 0 7.61229
      vertex -1.435 -4 7.70766
      vertex -1.47821 -4 7.61229
    endloop
  endfacet
  facet normal -0.849193 0 -0.528083
    outer loop
      vertex 1.38564 -4 7.8
      vertex 1.33035 0 7.88891
      vertex 1.38564 0 7.8
    endloop
  endfacet
  facet normal -0.849193 -0 -0.528083
    outer loop
      vertex 1.33035 0 7.88891
      vertex 1.38564 -4 7.8
      vertex 1.33035 -4 7.88891
    endloop
  endfacet
  facet normal 0.582439 0 -0.812874
    outer loop
      vertex -0.974018 -4 8.26937
      vertex -0.888912 0 8.33035
      vertex -0.888912 -4 8.33035
    endloop
  endfacet
  facet normal 0.582439 0 -0.812874
    outer loop
      vertex -0.888912 0 8.33035
      vertex -0.974018 -4 8.26937
      vertex -0.974018 0 8.26937
    endloop
  endfacet
  facet normal -0.999463 0 0.0327615
    outer loop
      vertex 1.59657 -4 6.89536
      vertex 1.6 0 7
      vertex 1.59657 0 6.89536
    endloop
  endfacet
  facet normal -0.999463 0 0.0327615
    outer loop
      vertex 1.6 0 7
      vertex 1.59657 -4 6.89536
      vertex 1.6 -4 7
    endloop
  endfacet
  facet normal 0.0979943 0 0.995187
    outer loop
      vertex -0.208841 0 5.41369
      vertex -0.104645 -4 5.40343
      vertex -0.104645 0 5.40343
    endloop
  endfacet
  facet normal 0.0979943 0 0.995187
    outer loop
      vertex -0.104645 -4 5.40343
      vertex -0.208841 0 5.41369
      vertex -0.208841 -4 5.41369
    endloop
  endfacet
  facet normal -0.995186 0 -0.0979999
    outer loop
      vertex 1.59657 -4 7.10465
      vertex 1.58631 0 7.20884
      vertex 1.59657 0 7.10465
    endloop
  endfacet
  facet normal -0.995186 -0 -0.0979999
    outer loop
      vertex 1.58631 0 7.20884
      vertex 1.59657 -4 7.10465
      vertex 1.58631 -4 7.20884
    endloop
  endfacet
  facet normal -0.812887 0 -0.582421
    outer loop
      vertex 1.33035 -4 7.88891
      vertex 1.26937 0 7.97402
      vertex 1.33035 0 7.88891
    endloop
  endfacet
  facet normal -0.812887 -0 -0.582421
    outer loop
      vertex 1.26937 0 7.97402
      vertex 1.33035 -4 7.88891
      vertex 1.26937 -4 7.97402
    endloop
  endfacet
  facet normal -0.683566 0 -0.729889
    outer loop
      vertex 1.05495 -4 8.20294
      vertex 1.13137 0 8.13137
      vertex 1.13137 -4 8.13137
    endloop
  endfacet
  facet normal -0.683566 0 -0.729889
    outer loop
      vertex 1.13137 0 8.13137
      vertex 1.05495 -4 8.20294
      vertex 1.05495 0 8.20294
    endloop
  endfacet
  facet normal -0.729889 0 -0.683566
    outer loop
      vertex 1.20294 -4 8.05495
      vertex 1.13137 0 8.13137
      vertex 1.20294 0 8.05495
    endloop
  endfacet
  facet normal -0.729889 -0 -0.683566
    outer loop
      vertex 1.13137 0 8.13137
      vertex 1.20294 -4 8.05495
      vertex 1.13137 -4 8.13137
    endloop
  endfacet
  facet normal -0.162845 0 -0.986652
    outer loop
      vertex 0.208841 -4 8.58631
      vertex 0.312144 0 8.56926
      vertex 0.312144 -4 8.56926
    endloop
  endfacet
  facet normal -0.162845 0 -0.986652
    outer loop
      vertex 0.312144 0 8.56926
      vertex 0.208841 -4 8.58631
      vertex 0.208841 0 8.58631
    endloop
  endfacet
  facet normal -0.0979943 0 -0.995187
    outer loop
      vertex 0.104645 -4 8.59657
      vertex 0.208841 0 8.58631
      vertex 0.208841 -4 8.58631
    endloop
  endfacet
  facet normal -0.0979943 0 -0.995187
    outer loop
      vertex 0.208841 0 8.58631
      vertex 0.104645 -4 8.59657
      vertex 0.104645 0 8.59657
    endloop
  endfacet
  facet normal -0.634455 0 -0.77296
    outer loop
      vertex 0.974018 -4 8.26937
      vertex 1.05495 0 8.20294
      vertex 1.05495 -4 8.20294
    endloop
  endfacet
  facet normal -0.634455 0 -0.77296
    outer loop
      vertex 1.05495 0 8.20294
      vertex 0.974018 -4 8.26937
      vertex 0.974018 0 8.26937
    endloop
  endfacet
  facet normal -0.412698 0 -0.910868
    outer loop
      vertex 0.612293 -4 8.47821
      vertex 0.707662 0 8.435
      vertex 0.707662 -4 8.435
    endloop
  endfacet
  facet normal -0.412698 0 -0.910868
    outer loop
      vertex 0.707662 0 8.435
      vertex 0.612293 -4 8.47821
      vertex 0.612293 0 8.47821
    endloop
  endfacet
  facet normal 0.999463 0 -0.0327583
    outer loop
      vertex -1.59657 -4 7.10465
      vertex -1.6 0 7
      vertex -1.59657 0 7.10465
    endloop
  endfacet
  facet normal 0.999463 0 -0.0327583
    outer loop
      vertex -1.6 0 7
      vertex -1.59657 -4 7.10465
      vertex -1.6 -4 7
    endloop
  endfacet
  facet normal 0.973864 0 -0.227133
    outer loop
      vertex -1.54548 -4 7.41411
      vertex -1.56926 0 7.31215
      vertex -1.54548 0 7.41411
    endloop
  endfacet
  facet normal 0.973864 0 -0.227133
    outer loop
      vertex -1.56926 0 7.31215
      vertex -1.54548 -4 7.41411
      vertex -1.56926 -4 7.31215
    endloop
  endfacet
  facet normal 0.935909 0 -0.352243
    outer loop
      vertex -1.47821 -4 7.61229
      vertex -1.51509 0 7.5143
      vertex -1.47821 0 7.61229
    endloop
  endfacet
  facet normal 0.935909 0 -0.352243
    outer loop
      vertex -1.51509 0 7.5143
      vertex -1.47821 -4 7.61229
      vertex -1.51509 -4 7.5143
    endloop
  endfacet
  facet normal 0.995186 0 -0.0979999
    outer loop
      vertex -1.58631 -4 7.20884
      vertex -1.59657 0 7.10465
      vertex -1.58631 0 7.20884
    endloop
  endfacet
  facet normal 0.995186 0 -0.0979999
    outer loop
      vertex -1.59657 0 7.10465
      vertex -1.58631 -4 7.20884
      vertex -1.59657 -4 7.10465
    endloop
  endfacet
  facet normal 0.772952 0 -0.634464
    outer loop
      vertex -1.20294 -4 8.05495
      vertex -1.26937 0 7.97402
      vertex -1.20294 0 8.05495
    endloop
  endfacet
  facet normal 0.772952 0 -0.634464
    outer loop
      vertex -1.26937 0 7.97402
      vertex -1.20294 -4 8.05495
      vertex -1.26937 -4 7.97402
    endloop
  endfacet
  facet normal 0.881908 0 -0.471421
    outer loop
      vertex -1.38564 -4 7.8
      vertex -1.435 0 7.70766
      vertex -1.38564 0 7.8
    endloop
  endfacet
  facet normal 0.881908 0 -0.471421
    outer loop
      vertex -1.435 0 7.70766
      vertex -1.38564 -4 7.8
      vertex -1.435 -4 7.70766
    endloop
  endfacet
  facet normal 0.812887 0 -0.582421
    outer loop
      vertex -1.26937 -4 7.97402
      vertex -1.33035 0 7.88891
      vertex -1.26937 0 7.97402
    endloop
  endfacet
  facet normal 0.812887 0 -0.582421
    outer loop
      vertex -1.33035 0 7.88891
      vertex -1.26937 -4 7.97402
      vertex -1.33035 -4 7.88891
    endloop
  endfacet
  facet normal 0.0979943 0 -0.995187
    outer loop
      vertex -0.208841 -4 8.58631
      vertex -0.104645 0 8.59657
      vertex -0.104645 -4 8.59657
    endloop
  endfacet
  facet normal 0.0979943 0 -0.995187
    outer loop
      vertex -0.104645 0 8.59657
      vertex -0.208841 -4 8.58631
      vertex -0.208841 0 8.58631
    endloop
  endfacet
  facet normal 0.290259 0 -0.956948
    outer loop
      vertex -0.514302 -4 8.51509
      vertex -0.41411 0 8.54548
      vertex -0.41411 -4 8.54548
    endloop
  endfacet
  facet normal 0.290259 0 -0.956948
    outer loop
      vertex -0.41411 0 8.54548
      vertex -0.514302 -4 8.51509
      vertex -0.514302 0 8.51509
    endloop
  endfacet
  facet normal 0.412698 0 -0.910868
    outer loop
      vertex -0.707662 -4 8.435
      vertex -0.612293 0 8.47821
      vertex -0.612293 -4 8.47821
    endloop
  endfacet
  facet normal 0.412698 0 -0.910868
    outer loop
      vertex -0.612293 0 8.47821
      vertex -0.707662 -4 8.435
      vertex -0.707662 0 8.435
    endloop
  endfacet
  facet normal -0.956946 0 0.290265
    outer loop
      vertex 1.51509 -4 6.4857
      vertex 1.54548 0 6.58589
      vertex 1.51509 0 6.4857
    endloop
  endfacet
  facet normal -0.956946 0 0.290265
    outer loop
      vertex 1.54548 0 6.58589
      vertex 1.51509 -4 6.4857
      vertex 1.54548 -4 6.58589
    endloop
  endfacet
  facet normal 0.812887 -0 0.582421
    outer loop
      vertex -1.33035 -4 6.11109
      vertex -1.26937 0 6.02598
      vertex -1.33035 0 6.11109
    endloop
  endfacet
  facet normal 0.812887 0 0.582421
    outer loop
      vertex -1.26937 0 6.02598
      vertex -1.33035 -4 6.11109
      vertex -1.26937 -4 6.02598
    endloop
  endfacet
  facet normal 0.973869 -0 0.227112
    outer loop
      vertex -1.56926 -4 6.68786
      vertex -1.54548 0 6.58589
      vertex -1.56926 0 6.68786
    endloop
  endfacet
  facet normal 0.973869 0 0.227112
    outer loop
      vertex -1.54548 0 6.58589
      vertex -1.56926 -4 6.68786
      vertex -1.54548 -4 6.58589
    endloop
  endfacet
  facet normal -0.35224 0 0.93591
    outer loop
      vertex 0.514302 0 5.48491
      vertex 0.612293 -4 5.52179
      vertex 0.612293 0 5.52179
    endloop
  endfacet
  facet normal -0.35224 0 0.93591
    outer loop
      vertex 0.612293 -4 5.52179
      vertex 0.514302 0 5.48491
      vertex 0.514302 -4 5.48491
    endloop
  endfacet
  facet normal -0.956946 0 -0.290265
    outer loop
      vertex 1.54548 -4 7.41411
      vertex 1.51509 0 7.5143
      vertex 1.54548 0 7.41411
    endloop
  endfacet
  facet normal -0.956946 -0 -0.290265
    outer loop
      vertex 1.51509 0 7.5143
      vertex 1.54548 -4 7.41411
      vertex 1.51509 -4 7.5143
    endloop
  endfacet
  facet normal -0.986653 0 -0.162835
    outer loop
      vertex 1.58631 -4 7.20884
      vertex 1.56926 0 7.31215
      vertex 1.58631 0 7.20884
    endloop
  endfacet
  facet normal -0.986653 -0 -0.162835
    outer loop
      vertex 1.56926 0 7.31215
      vertex 1.58631 -4 7.20884
      vertex 1.56926 -4 7.31215
    endloop
  endfacet
  facet normal 0.0327599 0 -0.999463
    outer loop
      vertex -0.104645 -4 8.59657
      vertex 0 0 8.6
      vertex 0 -4 8.6
    endloop
  endfacet
  facet normal 0.0327599 0 -0.999463
    outer loop
      vertex 0 0 8.6
      vertex -0.104645 -4 8.59657
      vertex -0.104645 0 8.59657
    endloop
  endfacet
  facet normal -0.22712 0 -0.973867
    outer loop
      vertex 0.312144 -4 8.56926
      vertex 0.41411 0 8.54548
      vertex 0.41411 -4 8.54548
    endloop
  endfacet
  facet normal -0.22712 0 -0.973867
    outer loop
      vertex 0.41411 0 8.54548
      vertex 0.312144 -4 8.56926
      vertex 0.312144 0 8.56926
    endloop
  endfacet
  facet normal -0.471433 0 -0.881902
    outer loop
      vertex 0.707662 -4 8.435
      vertex 0.799999 0 8.38564
      vertex 0.799999 -4 8.38564
    endloop
  endfacet
  facet normal -0.471433 0 -0.881902
    outer loop
      vertex 0.799999 0 8.38564
      vertex 0.707662 -4 8.435
      vertex 0.707662 0 8.435
    endloop
  endfacet
  facet normal -0.582439 0 -0.812874
    outer loop
      vertex 0.888912 -4 8.33035
      vertex 0.974018 0 8.26937
      vertex 0.974018 -4 8.26937
    endloop
  endfacet
  facet normal -0.582439 0 -0.812874
    outer loop
      vertex 0.974018 0 8.26937
      vertex 0.888912 -4 8.33035
      vertex 0.888912 0 8.33035
    endloop
  endfacet
  facet normal -0.52807 0 -0.849201
    outer loop
      vertex 0.799999 -4 8.38564
      vertex 0.888912 0 8.33035
      vertex 0.888912 -4 8.33035
    endloop
  endfacet
  facet normal -0.52807 0 -0.849201
    outer loop
      vertex 0.888912 0 8.33035
      vertex 0.799999 -4 8.38564
      vertex 0.799999 0 8.38564
    endloop
  endfacet
  facet normal 0.956946 0 -0.290265
    outer loop
      vertex -1.51509 -4 7.5143
      vertex -1.54548 0 7.41411
      vertex -1.51509 0 7.5143
    endloop
  endfacet
  facet normal 0.956946 0 -0.290265
    outer loop
      vertex -1.54548 0 7.41411
      vertex -1.51509 -4 7.5143
      vertex -1.54548 -4 7.41411
    endloop
  endfacet
  facet normal 0.986653 0 -0.162835
    outer loop
      vertex -1.56926 -4 7.31215
      vertex -1.58631 0 7.20884
      vertex -1.56926 0 7.31215
    endloop
  endfacet
  facet normal 0.986653 0 -0.162835
    outer loop
      vertex -1.58631 0 7.20884
      vertex -1.56926 -4 7.31215
      vertex -1.58631 -4 7.20884
    endloop
  endfacet
  facet normal 0.849193 0 -0.528083
    outer loop
      vertex -1.33035 -4 7.88891
      vertex -1.38564 0 7.8
      vertex -1.33035 0 7.88891
    endloop
  endfacet
  facet normal 0.849193 0 -0.528083
    outer loop
      vertex -1.38564 0 7.8
      vertex -1.33035 -4 7.88891
      vertex -1.38564 -4 7.8
    endloop
  endfacet
  facet normal 0.729889 0 -0.683566
    outer loop
      vertex -1.13137 -4 8.13137
      vertex -1.20294 0 8.05495
      vertex -1.13137 0 8.13137
    endloop
  endfacet
  facet normal 0.729889 0 -0.683566
    outer loop
      vertex -1.20294 0 8.05495
      vertex -1.13137 -4 8.13137
      vertex -1.20294 -4 8.05495
    endloop
  endfacet
  facet normal 0.162845 0 -0.986652
    outer loop
      vertex -0.312144 -4 8.56926
      vertex -0.208841 0 8.58631
      vertex -0.208841 -4 8.58631
    endloop
  endfacet
  facet normal 0.162845 0 -0.986652
    outer loop
      vertex -0.208841 0 8.58631
      vertex -0.312144 -4 8.56926
      vertex -0.312144 0 8.56926
    endloop
  endfacet
  facet normal 0.22712 0 -0.973867
    outer loop
      vertex -0.41411 -4 8.54548
      vertex -0.312144 0 8.56926
      vertex -0.312144 -4 8.56926
    endloop
  endfacet
  facet normal 0.22712 0 -0.973867
    outer loop
      vertex -0.312144 0 8.56926
      vertex -0.41411 -4 8.54548
      vertex -0.41411 0 8.54548
    endloop
  endfacet
  facet normal 0.471433 0 -0.881902
    outer loop
      vertex -0.799999 -4 8.38564
      vertex -0.707662 0 8.435
      vertex -0.707662 -4 8.435
    endloop
  endfacet
  facet normal 0.471433 0 -0.881902
    outer loop
      vertex -0.707662 0 8.435
      vertex -0.799999 -4 8.38564
      vertex -0.799999 0 8.38564
    endloop
  endfacet
  facet normal 0.52807 0 -0.849201
    outer loop
      vertex -0.888912 -4 8.33035
      vertex -0.799999 0 8.38564
      vertex -0.799999 -4 8.38564
    endloop
  endfacet
  facet normal 0.52807 0 -0.849201
    outer loop
      vertex -0.799999 0 8.38564
      vertex -0.888912 -4 8.33035
      vertex -0.888912 0 8.33035
    endloop
  endfacet
  facet normal 0.683566 0 -0.729889
    outer loop
      vertex -1.13137 -4 8.13137
      vertex -1.05495 0 8.20294
      vertex -1.05495 -4 8.20294
    endloop
  endfacet
  facet normal 0.683566 0 -0.729889
    outer loop
      vertex -1.05495 0 8.20294
      vertex -1.13137 -4 8.13137
      vertex -1.13137 0 8.13137
    endloop
  endfacet
  facet normal -0.999463 0 -0.0327583
    outer loop
      vertex 1.6 -4 7
      vertex 1.59657 0 7.10465
      vertex 1.6 0 7
    endloop
  endfacet
  facet normal -0.999463 -0 -0.0327583
    outer loop
      vertex 1.59657 0 7.10465
      vertex 1.6 -4 7
      vertex 1.59657 -4 7.10465
    endloop
  endfacet
  facet normal -0.935909 0 0.352243
    outer loop
      vertex 1.47821 -4 6.38771
      vertex 1.51509 0 6.4857
      vertex 1.47821 0 6.38771
    endloop
  endfacet
  facet normal -0.935909 0 0.352243
    outer loop
      vertex 1.51509 0 6.4857
      vertex 1.47821 -4 6.38771
      vertex 1.51509 -4 6.4857
    endloop
  endfacet
  facet normal -0.986651 0 0.16285
    outer loop
      vertex 1.56926 -4 6.68786
      vertex 1.58631 0 6.79116
      vertex 1.56926 0 6.68786
    endloop
  endfacet
  facet normal -0.986651 0 0.16285
    outer loop
      vertex 1.58631 0 6.79116
      vertex 1.56926 -4 6.68786
      vertex 1.58631 -4 6.79116
    endloop
  endfacet
  facet normal 0.35224 0 0.93591
    outer loop
      vertex -0.612293 0 5.52179
      vertex -0.514302 -4 5.48491
      vertex -0.514302 0 5.48491
    endloop
  endfacet
  facet normal 0.35224 0 0.93591
    outer loop
      vertex -0.514302 -4 5.48491
      vertex -0.612293 0 5.52179
      vertex -0.612293 -4 5.52179
    endloop
  endfacet
  facet normal 0.999463 -0 0.0327615
    outer loop
      vertex -1.6 -4 7
      vertex -1.59657 0 6.89536
      vertex -1.6 0 7
    endloop
  endfacet
  facet normal 0.999463 0 0.0327615
    outer loop
      vertex -1.59657 0 6.89536
      vertex -1.6 -4 7
      vertex -1.59657 -4 6.89536
    endloop
  endfacet
  facet normal 0.935909 -0 0.352243
    outer loop
      vertex -1.51509 -4 6.4857
      vertex -1.47821 0 6.38771
      vertex -1.51509 0 6.4857
    endloop
  endfacet
  facet normal 0.935909 0 0.352243
    outer loop
      vertex -1.47821 0 6.38771
      vertex -1.51509 -4 6.4857
      vertex -1.47821 -4 6.38771
    endloop
  endfacet
  facet normal 0.772952 -0 0.634464
    outer loop
      vertex -1.26937 -4 6.02598
      vertex -1.20294 0 5.94505
      vertex -1.26937 0 6.02598
    endloop
  endfacet
  facet normal 0.772952 0 0.634464
    outer loop
      vertex -1.20294 0 5.94505
      vertex -1.26937 -4 6.02598
      vertex -1.20294 -4 5.94505
    endloop
  endfacet
  facet normal -0.0979943 0 0.995187
    outer loop
      vertex 0.104645 0 5.40343
      vertex 0.208841 -4 5.41369
      vertex 0.208841 0 5.41369
    endloop
  endfacet
  facet normal -0.0979943 0 0.995187
    outer loop
      vertex 0.208841 -4 5.41369
      vertex 0.104645 0 5.40343
      vertex 0.104645 -4 5.40343
    endloop
  endfacet
  facet normal -0.290259 0 0.956948
    outer loop
      vertex 0.41411 0 5.45452
      vertex 0.514302 -4 5.48491
      vertex 0.514302 0 5.48491
    endloop
  endfacet
  facet normal -0.290259 0 0.956948
    outer loop
      vertex 0.514302 -4 5.48491
      vertex 0.41411 0 5.45452
      vertex 0.41411 -4 5.45452
    endloop
  endfacet
  facet normal -0.412698 0 0.910868
    outer loop
      vertex 0.612293 0 5.52179
      vertex 0.707662 -4 5.565
      vertex 0.707662 0 5.565
    endloop
  endfacet
  facet normal -0.412698 0 0.910868
    outer loop
      vertex 0.707662 -4 5.565
      vertex 0.612293 0 5.52179
      vertex 0.612293 -4 5.52179
    endloop
  endfacet
  facet normal -0.91087 0 -0.412694
    outer loop
      vertex 1.47821 -4 7.61229
      vertex 1.435 0 7.70766
      vertex 1.47821 0 7.61229
    endloop
  endfacet
  facet normal -0.91087 -0 -0.412694
    outer loop
      vertex 1.435 0 7.70766
      vertex 1.47821 -4 7.61229
      vertex 1.435 -4 7.70766
    endloop
  endfacet
  facet normal -0.935909 0 -0.352243
    outer loop
      vertex 1.51509 -4 7.5143
      vertex 1.47821 0 7.61229
      vertex 1.51509 0 7.5143
    endloop
  endfacet
  facet normal -0.935909 -0 -0.352243
    outer loop
      vertex 1.47821 0 7.61229
      vertex 1.51509 -4 7.5143
      vertex 1.47821 -4 7.61229
    endloop
  endfacet
  facet normal -0.973864 0 -0.227133
    outer loop
      vertex 1.56926 -4 7.31215
      vertex 1.54548 0 7.41411
      vertex 1.56926 0 7.31215
    endloop
  endfacet
  facet normal -0.973864 -0 -0.227133
    outer loop
      vertex 1.54548 0 7.41411
      vertex 1.56926 -4 7.31215
      vertex 1.54548 -4 7.41411
    endloop
  endfacet
  facet normal -0.772952 0 -0.634464
    outer loop
      vertex 1.26937 -4 7.97402
      vertex 1.20294 0 8.05495
      vertex 1.26937 0 7.97402
    endloop
  endfacet
  facet normal -0.772952 -0 -0.634464
    outer loop
      vertex 1.20294 0 8.05495
      vertex 1.26937 -4 7.97402
      vertex 1.20294 -4 8.05495
    endloop
  endfacet
  facet normal -0.0327599 0 -0.999463
    outer loop
      vertex 0 -4 8.6
      vertex 0.104645 0 8.59657
      vertex 0.104645 -4 8.59657
    endloop
  endfacet
  facet normal -0.0327599 0 -0.999463
    outer loop
      vertex 0.104645 0 8.59657
      vertex 0 -4 8.6
      vertex 0 0 8.6
    endloop
  endfacet
  facet normal -0.290259 0 -0.956948
    outer loop
      vertex 0.41411 -4 8.54548
      vertex 0.514302 0 8.51509
      vertex 0.514302 -4 8.51509
    endloop
  endfacet
  facet normal -0.290259 0 -0.956948
    outer loop
      vertex 0.514302 0 8.51509
      vertex 0.41411 -4 8.54548
      vertex 0.41411 0 8.54548
    endloop
  endfacet
  facet normal 0.634455 0 -0.77296
    outer loop
      vertex -1.05495 -4 8.20294
      vertex -0.974018 0 8.26937
      vertex -0.974018 -4 8.26937
    endloop
  endfacet
  facet normal 0.634455 0 -0.77296
    outer loop
      vertex -0.974018 0 8.26937
      vertex -1.05495 -4 8.20294
      vertex -1.05495 0 8.20294
    endloop
  endfacet
  facet normal -0.995187 0 0.0979906
    outer loop
      vertex 1.58631 -4 6.79116
      vertex 1.59657 0 6.89536
      vertex 1.58631 0 6.79116
    endloop
  endfacet
  facet normal -0.995187 0 0.0979906
    outer loop
      vertex 1.59657 0 6.89536
      vertex 1.58631 -4 6.79116
      vertex 1.59657 -4 6.89536
    endloop
  endfacet
  facet normal -0.973869 0 0.227112
    outer loop
      vertex 1.54548 -4 6.58589
      vertex 1.56926 0 6.68786
      vertex 1.54548 0 6.58589
    endloop
  endfacet
  facet normal -0.973869 0 0.227112
    outer loop
      vertex 1.56926 0 6.68786
      vertex 1.54548 -4 6.58589
      vertex 1.56926 -4 6.68786
    endloop
  endfacet
  facet normal -0.634455 0 0.77296
    outer loop
      vertex 0.974018 0 5.73063
      vertex 1.05495 -4 5.79706
      vertex 1.05495 0 5.79706
    endloop
  endfacet
  facet normal -0.634455 0 0.77296
    outer loop
      vertex 1.05495 -4 5.79706
      vertex 0.974018 0 5.73063
      vertex 0.974018 -4 5.73063
    endloop
  endfacet
  facet normal -0.772952 0 0.634464
    outer loop
      vertex 1.20294 -4 5.94505
      vertex 1.26937 0 6.02598
      vertex 1.20294 0 5.94505
    endloop
  endfacet
  facet normal -0.772952 0 0.634464
    outer loop
      vertex 1.26937 0 6.02598
      vertex 1.20294 -4 5.94505
      vertex 1.26937 -4 6.02598
    endloop
  endfacet
  facet normal -0.812887 0 0.582421
    outer loop
      vertex 1.26937 -4 6.02598
      vertex 1.33035 0 6.11109
      vertex 1.26937 0 6.02598
    endloop
  endfacet
  facet normal -0.812887 0 0.582421
    outer loop
      vertex 1.33035 0 6.11109
      vertex 1.26937 -4 6.02598
      vertex 1.33035 -4 6.11109
    endloop
  endfacet
  facet normal -0.849193 0 0.528083
    outer loop
      vertex 1.33035 -4 6.11109
      vertex 1.38564 0 6.2
      vertex 1.33035 0 6.11109
    endloop
  endfacet
  facet normal -0.849193 0 0.528083
    outer loop
      vertex 1.38564 0 6.2
      vertex 1.33035 -4 6.11109
      vertex 1.38564 -4 6.2
    endloop
  endfacet
  facet normal -0.91087 0 0.412694
    outer loop
      vertex 1.435 -4 6.29234
      vertex 1.47821 0 6.38771
      vertex 1.435 0 6.29234
    endloop
  endfacet
  facet normal -0.91087 0 0.412694
    outer loop
      vertex 1.47821 0 6.38771
      vertex 1.435 -4 6.29234
      vertex 1.47821 -4 6.38771
    endloop
  endfacet
  facet normal -0.881908 0 0.471421
    outer loop
      vertex 1.38564 -4 6.2
      vertex 1.435 0 6.29234
      vertex 1.38564 0 6.2
    endloop
  endfacet
  facet normal -0.881908 0 0.471421
    outer loop
      vertex 1.435 0 6.29234
      vertex 1.38564 -4 6.2
      vertex 1.435 -4 6.29234
    endloop
  endfacet
  facet normal 0.0327599 0 0.999463
    outer loop
      vertex -0.104645 0 5.40343
      vertex 0 -4 5.4
      vertex 0 0 5.4
    endloop
  endfacet
  facet normal 0.0327599 0 0.999463
    outer loop
      vertex 0 -4 5.4
      vertex -0.104645 0 5.40343
      vertex -0.104645 -4 5.40343
    endloop
  endfacet
  facet normal 0.582439 0 0.812874
    outer loop
      vertex -0.974018 0 5.73063
      vertex -0.888912 -4 5.66965
      vertex -0.888912 0 5.66965
    endloop
  endfacet
  facet normal 0.582439 0 0.812874
    outer loop
      vertex -0.888912 -4 5.66965
      vertex -0.974018 0 5.73063
      vertex -0.974018 -4 5.73063
    endloop
  endfacet
  facet normal 0.986651 -0 0.16285
    outer loop
      vertex -1.58631 -4 6.79116
      vertex -1.56926 0 6.68786
      vertex -1.58631 0 6.79116
    endloop
  endfacet
  facet normal 0.986651 0 0.16285
    outer loop
      vertex -1.56926 0 6.68786
      vertex -1.58631 -4 6.79116
      vertex -1.56926 -4 6.68786
    endloop
  endfacet
  facet normal 0.995187 -0 0.0979906
    outer loop
      vertex -1.59657 -4 6.89536
      vertex -1.58631 0 6.79116
      vertex -1.59657 0 6.89536
    endloop
  endfacet
  facet normal 0.995187 0 0.0979906
    outer loop
      vertex -1.58631 0 6.79116
      vertex -1.59657 -4 6.89536
      vertex -1.58631 -4 6.79116
    endloop
  endfacet
  facet normal 0.729889 -0 0.683566
    outer loop
      vertex -1.20294 -4 5.94505
      vertex -1.13137 0 5.86863
      vertex -1.20294 0 5.94505
    endloop
  endfacet
  facet normal 0.729889 0 0.683566
    outer loop
      vertex -1.13137 0 5.86863
      vertex -1.20294 -4 5.94505
      vertex -1.13137 -4 5.86863
    endloop
  endfacet
  facet normal 0.881908 -0 0.471421
    outer loop
      vertex -1.435 -4 6.29234
      vertex -1.38564 0 6.2
      vertex -1.435 0 6.29234
    endloop
  endfacet
  facet normal 0.881908 0 0.471421
    outer loop
      vertex -1.38564 0 6.2
      vertex -1.435 -4 6.29234
      vertex -1.38564 -4 6.2
    endloop
  endfacet
  facet normal 0.91087 -0 0.412694
    outer loop
      vertex -1.47821 -4 6.38771
      vertex -1.435 0 6.29234
      vertex -1.47821 0 6.38771
    endloop
  endfacet
  facet normal 0.91087 0 0.412694
    outer loop
      vertex -1.435 0 6.29234
      vertex -1.47821 -4 6.38771
      vertex -1.435 -4 6.29234
    endloop
  endfacet
  facet normal 0.849193 -0 0.528083
    outer loop
      vertex -1.38564 -4 6.2
      vertex -1.33035 0 6.11109
      vertex -1.38564 0 6.2
    endloop
  endfacet
  facet normal 0.849193 0 0.528083
    outer loop
      vertex -1.33035 0 6.11109
      vertex -1.38564 -4 6.2
      vertex -1.33035 -4 6.11109
    endloop
  endfacet
  facet normal -0.162845 0 0.986652
    outer loop
      vertex 0.208841 0 5.41369
      vertex 0.312144 -4 5.43074
      vertex 0.312144 0 5.43074
    endloop
  endfacet
  facet normal -0.162845 0 0.986652
    outer loop
      vertex 0.312144 -4 5.43074
      vertex 0.208841 0 5.41369
      vertex 0.208841 -4 5.41369
    endloop
  endfacet
  facet normal -0.22712 0 0.973867
    outer loop
      vertex 0.312144 0 5.43074
      vertex 0.41411 -4 5.45452
      vertex 0.41411 0 5.45452
    endloop
  endfacet
  facet normal -0.22712 0 0.973867
    outer loop
      vertex 0.41411 -4 5.45452
      vertex 0.312144 0 5.43074
      vertex 0.312144 -4 5.43074
    endloop
  endfacet
  facet normal -0.471433 0 0.881902
    outer loop
      vertex 0.707662 0 5.565
      vertex 0.799999 -4 5.61436
      vertex 0.799999 0 5.61436
    endloop
  endfacet
  facet normal -0.471433 0 0.881902
    outer loop
      vertex 0.799999 -4 5.61436
      vertex 0.707662 0 5.565
      vertex 0.707662 -4 5.565
    endloop
  endfacet
  facet normal -0.582439 0 0.812874
    outer loop
      vertex 0.888912 0 5.66965
      vertex 0.974018 -4 5.73063
      vertex 0.974018 0 5.73063
    endloop
  endfacet
  facet normal -0.582439 0 0.812874
    outer loop
      vertex 0.974018 -4 5.73063
      vertex 0.888912 0 5.66965
      vertex 0.888912 -4 5.66965
    endloop
  endfacet
  facet normal 0.683566 0 0.729889
    outer loop
      vertex -1.13137 0 5.86863
      vertex -1.05495 -4 5.79706
      vertex -1.05495 0 5.79706
    endloop
  endfacet
  facet normal 0.683566 0 0.729889
    outer loop
      vertex -1.05495 -4 5.79706
      vertex -1.13137 0 5.86863
      vertex -1.13137 -4 5.86863
    endloop
  endfacet
  facet normal -0.0327599 0 0.999463
    outer loop
      vertex 0 0 5.4
      vertex 0.104645 -4 5.40343
      vertex 0.104645 0 5.40343
    endloop
  endfacet
  facet normal -0.0327599 0 0.999463
    outer loop
      vertex 0.104645 -4 5.40343
      vertex 0 0 5.4
      vertex 0 -4 5.4
    endloop
  endfacet
  facet normal 0.290259 0 0.956948
    outer loop
      vertex -0.514302 0 5.48491
      vertex -0.41411 -4 5.45452
      vertex -0.41411 0 5.45452
    endloop
  endfacet
  facet normal 0.290259 0 0.956948
    outer loop
      vertex -0.41411 -4 5.45452
      vertex -0.514302 0 5.48491
      vertex -0.514302 -4 5.48491
    endloop
  endfacet
  facet normal 0.162845 0 0.986652
    outer loop
      vertex -0.312144 0 5.43074
      vertex -0.208841 -4 5.41369
      vertex -0.208841 0 5.41369
    endloop
  endfacet
  facet normal 0.162845 0 0.986652
    outer loop
      vertex -0.208841 -4 5.41369
      vertex -0.312144 0 5.43074
      vertex -0.312144 -4 5.43074
    endloop
  endfacet
  facet normal 0.412698 0 0.910868
    outer loop
      vertex -0.707662 0 5.565
      vertex -0.612293 -4 5.52179
      vertex -0.612293 0 5.52179
    endloop
  endfacet
  facet normal 0.412698 0 0.910868
    outer loop
      vertex -0.612293 -4 5.52179
      vertex -0.707662 0 5.565
      vertex -0.707662 -4 5.565
    endloop
  endfacet
  facet normal 0.52807 0 0.849201
    outer loop
      vertex -0.888912 0 5.66965
      vertex -0.799999 -4 5.61436
      vertex -0.799999 0 5.61436
    endloop
  endfacet
  facet normal 0.52807 0 0.849201
    outer loop
      vertex -0.799999 -4 5.61436
      vertex -0.888912 0 5.66965
      vertex -0.888912 -4 5.66965
    endloop
  endfacet
  facet normal 0.956946 -0 0.290265
    outer loop
      vertex -1.54548 -4 6.58589
      vertex -1.51509 0 6.4857
      vertex -1.54548 0 6.58589
    endloop
  endfacet
  facet normal 0.956946 0 0.290265
    outer loop
      vertex -1.51509 0 6.4857
      vertex -1.54548 -4 6.58589
      vertex -1.51509 -4 6.4857
    endloop
  endfacet
  facet normal -0.683566 0 0.729889
    outer loop
      vertex 1.05495 0 5.79706
      vertex 1.13137 -4 5.86863
      vertex 1.13137 0 5.86863
    endloop
  endfacet
  facet normal -0.683566 0 0.729889
    outer loop
      vertex 1.13137 -4 5.86863
      vertex 1.05495 0 5.79706
      vertex 1.05495 -4 5.79706
    endloop
  endfacet
  facet normal -0.729889 0 0.683566
    outer loop
      vertex 1.13137 -4 5.86863
      vertex 1.20294 0 5.94505
      vertex 1.13137 0 5.86863
    endloop
  endfacet
  facet normal -0.729889 0 0.683566
    outer loop
      vertex 1.20294 0 5.94505
      vertex 1.13137 -4 5.86863
      vertex 1.20294 -4 5.94505
    endloop
  endfacet
  facet normal -0.52807 0 0.849201
    outer loop
      vertex 0.799999 0 5.61436
      vertex 0.888912 -4 5.66965
      vertex 0.888912 0 5.66965
    endloop
  endfacet
  facet normal -0.52807 0 0.849201
    outer loop
      vertex 0.888912 -4 5.66965
      vertex 0.799999 0 5.61436
      vertex 0.799999 -4 5.61436
    endloop
  endfacet
  facet normal 0.22712 0 0.973867
    outer loop
      vertex -0.41411 0 5.45452
      vertex -0.312144 -4 5.43074
      vertex -0.312144 0 5.43074
    endloop
  endfacet
  facet normal 0.22712 0 0.973867
    outer loop
      vertex -0.312144 -4 5.43074
      vertex -0.41411 0 5.45452
      vertex -0.41411 -4 5.45452
    endloop
  endfacet
  facet normal 0.634455 0 0.77296
    outer loop
      vertex -1.05495 0 5.79706
      vertex -0.974018 -4 5.73063
      vertex -0.974018 0 5.73063
    endloop
  endfacet
  facet normal 0.634455 0 0.77296
    outer loop
      vertex -0.974018 -4 5.73063
      vertex -1.05495 0 5.79706
      vertex -1.05495 -4 5.79706
    endloop
  endfacet
  facet normal 0.471433 0 0.881902
    outer loop
      vertex -0.799999 0 5.61436
      vertex -0.707662 -4 5.565
      vertex -0.707662 0 5.565
    endloop
  endfacet
  facet normal 0.471433 0 0.881902
    outer loop
      vertex -0.707662 -4 5.565
      vertex -0.799999 0 5.61436
      vertex -0.799999 -4 5.61436
    endloop
  endfacet
  facet normal -0.634854 0 -0.772632
    outer loop
      vertex 0.974018 -4 28.2694
      vertex 1.05495 0 28.2029
      vertex 1.05495 -4 28.2029
    endloop
  endfacet
  facet normal -0.634854 0 -0.772632
    outer loop
      vertex 1.05495 0 28.2029
      vertex 0.974018 -4 28.2694
      vertex 0.974018 0 28.2694
    endloop
  endfacet
  facet normal 0.290347 0 0.956922
    outer loop
      vertex -0.514302 0 25.4849
      vertex -0.41411 -4 25.4545
      vertex -0.41411 0 25.4545
    endloop
  endfacet
  facet normal 0.290347 0 0.956922
    outer loop
      vertex -0.41411 -4 25.4545
      vertex -0.514302 0 25.4849
      vertex -0.514302 -4 25.4849
    endloop
  endfacet
  facet normal 0.93592 0 -0.352212
    outer loop
      vertex -1.47821 -4 27.6123
      vertex -1.51509 0 27.5143
      vertex -1.47821 0 27.6123
    endloop
  endfacet
  facet normal 0.93592 0 -0.352212
    outer loop
      vertex -1.51509 0 27.5143
      vertex -1.47821 -4 27.6123
      vertex -1.51509 -4 27.5143
    endloop
  endfacet
  facet normal 0.881823 -0 0.47158
    outer loop
      vertex -1.435 -4 26.2923
      vertex -1.38564 0 26.2
      vertex -1.435 0 26.2923
    endloop
  endfacet
  facet normal 0.881823 0 0.47158
    outer loop
      vertex -1.38564 0 26.2
      vertex -1.435 -4 26.2923
      vertex -1.38564 -4 26.2
    endloop
  endfacet
  facet normal -0.956954 0 -0.290238
    outer loop
      vertex 1.54548 -4 27.4141
      vertex 1.51509 0 27.5143
      vertex 1.54548 0 27.4141
    endloop
  endfacet
  facet normal -0.956954 -0 -0.290238
    outer loop
      vertex 1.51509 0 27.5143
      vertex 1.54548 -4 27.4141
      vertex 1.51509 -4 27.5143
    endloop
  endfacet
  facet normal -0.773221 0 -0.634137
    outer loop
      vertex 1.26937 -4 27.974
      vertex 1.20294 0 28.055
      vertex 1.26937 0 27.974
    endloop
  endfacet
  facet normal -0.773221 -0 -0.634137
    outer loop
      vertex 1.20294 0 28.055
      vertex 1.26937 -4 27.974
      vertex 1.20294 -4 28.055
    endloop
  endfacet
  facet normal -0.47173 0 -0.881743
    outer loop
      vertex 0.707662 -4 28.435
      vertex 0.799999 0 28.3856
      vertex 0.799999 -4 28.3856
    endloop
  endfacet
  facet normal -0.47173 0 -0.881743
    outer loop
      vertex 0.799999 0 28.3856
      vertex 0.707662 -4 28.435
      vertex 0.707662 0 28.435
    endloop
  endfacet
  facet normal -0.0324737 0 -0.999473
    outer loop
      vertex 0 -4 28.6
      vertex 0.104645 0 28.5966
      vertex 0.104645 -4 28.5966
    endloop
  endfacet
  facet normal -0.0324737 0 -0.999473
    outer loop
      vertex 0.104645 0 28.5966
      vertex 0 -4 28.6
      vertex 0 0 28.6
    endloop
  endfacet
  facet normal 0.999463 0 -0.032774
    outer loop
      vertex -1.59657 -4 27.1046
      vertex -1.6 0 27
      vertex -1.59657 0 27.1046
    endloop
  endfacet
  facet normal 0.999463 0 -0.032774
    outer loop
      vertex -1.6 0 27
      vertex -1.59657 -4 27.1046
      vertex -1.6 -4 27
    endloop
  endfacet
  facet normal 0.352407 0 -0.935847
    outer loop
      vertex -0.612293 -4 28.4782
      vertex -0.514302 0 28.5151
      vertex -0.514302 -4 28.5151
    endloop
  endfacet
  facet normal 0.352407 0 -0.935847
    outer loop
      vertex -0.514302 0 28.5151
      vertex -0.612293 -4 28.4782
      vertex -0.612293 0 28.4782
    endloop
  endfacet
  facet normal 0.634854 0 -0.772632
    outer loop
      vertex -1.05495 -4 28.2029
      vertex -0.974018 0 28.2694
      vertex -0.974018 -4 28.2694
    endloop
  endfacet
  facet normal 0.634854 0 -0.772632
    outer loop
      vertex -0.974018 0 28.2694
      vertex -1.05495 -4 28.2029
      vertex -1.05495 0 28.2029
    endloop
  endfacet
  facet normal -0.999463 0 0.032774
    outer loop
      vertex 1.59657 -4 26.8954
      vertex 1.6 0 27
      vertex 1.59657 0 26.8954
    endloop
  endfacet
  facet normal -0.999463 0 0.032774
    outer loop
      vertex 1.6 0 27
      vertex 1.59657 -4 26.8954
      vertex 1.6 -4 27
    endloop
  endfacet
  facet normal -0.93592 0 0.352212
    outer loop
      vertex 1.47821 -4 26.3877
      vertex 1.51509 0 26.4857
      vertex 1.47821 0 26.3877
    endloop
  endfacet
  facet normal -0.93592 0 0.352212
    outer loop
      vertex 1.51509 0 26.4857
      vertex 1.47821 -4 26.3877
      vertex 1.51509 -4 26.4857
    endloop
  endfacet
  facet normal -0.290347 0 0.956922
    outer loop
      vertex 0.41411 0 25.4545
      vertex 0.514302 -4 25.4849
      vertex 0.514302 0 25.4849
    endloop
  endfacet
  facet normal -0.290347 0 0.956922
    outer loop
      vertex 0.514302 -4 25.4849
      vertex 0.41411 0 25.4545
      vertex 0.41411 -4 25.4545
    endloop
  endfacet
  facet normal -0.729799 0 0.683661
    outer loop
      vertex 1.13137 -4 25.8686
      vertex 1.20294 0 25.945
      vertex 1.13137 0 25.8686
    endloop
  endfacet
  facet normal -0.729799 0 0.683661
    outer loop
      vertex 1.20294 0 25.945
      vertex 1.13137 -4 25.8686
      vertex 1.20294 -4 25.945
    endloop
  endfacet
  facet normal -0.849166 0 -0.528126
    outer loop
      vertex 1.38564 -4 27.8
      vertex 1.33035 0 27.8889
      vertex 1.38564 0 27.8
    endloop
  endfacet
  facet normal -0.849166 -0 -0.528126
    outer loop
      vertex 1.33035 0 27.8889
      vertex 1.38564 -4 27.8
      vertex 1.33035 -4 27.8889
    endloop
  endfacet
  facet normal -0.812855 0 -0.582466
    outer loop
      vertex 1.33035 -4 27.8889
      vertex 1.26937 0 27.974
      vertex 1.33035 0 27.8889
    endloop
  endfacet
  facet normal -0.812855 -0 -0.582466
    outer loop
      vertex 1.26937 0 27.974
      vertex 1.33035 -4 27.8889
      vertex 1.26937 -4 27.974
    endloop
  endfacet
  facet normal -0.68321 0 -0.730222
    outer loop
      vertex 1.05495 -4 28.2029
      vertex 1.13137 0 28.1314
      vertex 1.13137 -4 28.1314
    endloop
  endfacet
  facet normal -0.68321 0 -0.730222
    outer loop
      vertex 1.13137 0 28.1314
      vertex 1.05495 -4 28.2029
      vertex 1.05495 0 28.2029
    endloop
  endfacet
  facet normal -0.582565 0 -0.812784
    outer loop
      vertex 0.888912 -4 28.3304
      vertex 0.974018 0 28.2694
      vertex 0.974018 -4 28.2694
    endloop
  endfacet
  facet normal -0.582565 0 -0.812784
    outer loop
      vertex 0.974018 0 28.2694
      vertex 0.888912 -4 28.3304
      vertex 0.888912 0 28.3304
    endloop
  endfacet
  facet normal -0.352407 0 -0.935847
    outer loop
      vertex 0.514302 -4 28.5151
      vertex 0.612293 0 28.4782
      vertex 0.612293 -4 28.4782
    endloop
  endfacet
  facet normal -0.352407 0 -0.935847
    outer loop
      vertex 0.612293 0 28.4782
      vertex 0.514302 -4 28.5151
      vertex 0.514302 0 28.5151
    endloop
  endfacet
  facet normal -0.16238 0 -0.986728
    outer loop
      vertex 0.208841 -4 28.5863
      vertex 0.312144 0 28.5693
      vertex 0.312144 -4 28.5693
    endloop
  endfacet
  facet normal -0.16238 0 -0.986728
    outer loop
      vertex 0.312144 0 28.5693
      vertex 0.208841 -4 28.5863
      vertex 0.208841 0 28.5863
    endloop
  endfacet
  facet normal -0.0983727 0 -0.99515
    outer loop
      vertex 0.104645 -4 28.5966
      vertex 0.208841 0 28.5863
      vertex 0.208841 -4 28.5863
    endloop
  endfacet
  facet normal -0.0983727 0 -0.99515
    outer loop
      vertex 0.208841 0 28.5863
      vertex 0.104645 -4 28.5966
      vertex 0.104645 0 28.5966
    endloop
  endfacet
  facet normal 0.986651 0 -0.16285
    outer loop
      vertex -1.56926 -4 27.3121
      vertex -1.58631 0 27.2088
      vertex -1.56926 0 27.3121
    endloop
  endfacet
  facet normal 0.986651 0 -0.16285
    outer loop
      vertex -1.58631 0 27.2088
      vertex -1.56926 -4 27.3121
      vertex -1.58631 -4 27.2088
    endloop
  endfacet
  facet normal 0.995187 0 -0.0979906
    outer loop
      vertex -1.58631 -4 27.2088
      vertex -1.59657 0 27.1046
      vertex -1.58631 0 27.2088
    endloop
  endfacet
  facet normal 0.995187 0 -0.0979906
    outer loop
      vertex -1.59657 0 27.1046
      vertex -1.58631 -4 27.2088
      vertex -1.59657 -4 27.1046
    endloop
  endfacet
  facet normal 0.773221 0 -0.634137
    outer loop
      vertex -1.20294 -4 28.055
      vertex -1.26937 0 27.974
      vertex -1.20294 0 28.055
    endloop
  endfacet
  facet normal 0.773221 0 -0.634137
    outer loop
      vertex -1.26937 0 27.974
      vertex -1.20294 -4 28.055
      vertex -1.26937 -4 27.974
    endloop
  endfacet
  facet normal 0.910918 0 -0.412587
    outer loop
      vertex -1.435 -4 27.7077
      vertex -1.47821 0 27.6123
      vertex -1.435 0 27.7077
    endloop
  endfacet
  facet normal 0.910918 0 -0.412587
    outer loop
      vertex -1.47821 0 27.6123
      vertex -1.435 -4 27.7077
      vertex -1.47821 -4 27.6123
    endloop
  endfacet
  facet normal 0.0983727 0 -0.99515
    outer loop
      vertex -0.208841 -4 28.5863
      vertex -0.104645 0 28.5966
      vertex -0.104645 -4 28.5966
    endloop
  endfacet
  facet normal 0.0983727 0 -0.99515
    outer loop
      vertex -0.104645 0 28.5966
      vertex -0.208841 -4 28.5863
      vertex -0.208841 0 28.5863
    endloop
  endfacet
  facet normal 0.52745 0 -0.849586
    outer loop
      vertex -0.888912 -4 28.3304
      vertex -0.799999 0 28.3856
      vertex -0.799999 -4 28.3856
    endloop
  endfacet
  facet normal 0.52745 0 -0.849586
    outer loop
      vertex -0.799999 0 28.3856
      vertex -0.888912 -4 28.3304
      vertex -0.888912 0 28.3304
    endloop
  endfacet
  facet normal 0.582565 0 -0.812784
    outer loop
      vertex -0.974018 -4 28.2694
      vertex -0.888912 0 28.3304
      vertex -0.888912 -4 28.3304
    endloop
  endfacet
  facet normal 0.582565 0 -0.812784
    outer loop
      vertex -0.888912 0 28.3304
      vertex -0.974018 -4 28.2694
      vertex -0.974018 0 28.2694
    endloop
  endfacet
  facet normal 0.729799 0 -0.683661
    outer loop
      vertex -1.13137 -4 28.1314
      vertex -1.20294 0 28.055
      vertex -1.13137 0 28.1314
    endloop
  endfacet
  facet normal 0.729799 0 -0.683661
    outer loop
      vertex -1.20294 0 28.055
      vertex -1.13137 -4 28.1314
      vertex -1.20294 -4 28.055
    endloop
  endfacet
  facet normal -0.986651 0 0.16285
    outer loop
      vertex 1.56926 -4 26.6879
      vertex 1.58631 0 26.7912
      vertex 1.56926 0 26.6879
    endloop
  endfacet
  facet normal -0.986651 0 0.16285
    outer loop
      vertex 1.58631 0 26.7912
      vertex 1.56926 -4 26.6879
      vertex 1.58631 -4 26.7912
    endloop
  endfacet
  facet normal -0.0983727 0 0.99515
    outer loop
      vertex 0.104645 0 25.4034
      vertex 0.208841 -4 25.4137
      vertex 0.208841 0 25.4137
    endloop
  endfacet
  facet normal -0.0983727 0 0.99515
    outer loop
      vertex 0.208841 -4 25.4137
      vertex 0.104645 0 25.4034
      vertex 0.104645 -4 25.4034
    endloop
  endfacet
  facet normal -0.995187 0 0.0979906
    outer loop
      vertex 1.58631 -4 26.7912
      vertex 1.59657 0 26.8954
      vertex 1.58631 0 26.7912
    endloop
  endfacet
  facet normal -0.995187 0 0.0979906
    outer loop
      vertex 1.59657 0 26.8954
      vertex 1.58631 -4 26.7912
      vertex 1.59657 -4 26.8954
    endloop
  endfacet
  facet normal -0.773221 0 0.634137
    outer loop
      vertex 1.20294 -4 25.945
      vertex 1.26937 0 26.026
      vertex 1.20294 0 25.945
    endloop
  endfacet
  facet normal -0.773221 0 0.634137
    outer loop
      vertex 1.26937 0 26.026
      vertex 1.20294 -4 25.945
      vertex 1.26937 -4 26.026
    endloop
  endfacet
  facet normal 0.0983727 0 0.99515
    outer loop
      vertex -0.208841 0 25.4137
      vertex -0.104645 -4 25.4034
      vertex -0.104645 0 25.4034
    endloop
  endfacet
  facet normal 0.0983727 0 0.99515
    outer loop
      vertex -0.104645 -4 25.4034
      vertex -0.208841 0 25.4137
      vertex -0.208841 -4 25.4137
    endloop
  endfacet
  facet normal 0.0324737 0 0.999473
    outer loop
      vertex -0.104645 0 25.4034
      vertex 0 -4 25.4
      vertex 0 0 25.4
    endloop
  endfacet
  facet normal 0.0324737 0 0.999473
    outer loop
      vertex 0 -4 25.4
      vertex -0.104645 0 25.4034
      vertex -0.104645 -4 25.4034
    endloop
  endfacet
  facet normal 0.634854 0 0.772632
    outer loop
      vertex -1.05495 0 25.7971
      vertex -0.974018 -4 25.7306
      vertex -0.974018 0 25.7306
    endloop
  endfacet
  facet normal 0.634854 0 0.772632
    outer loop
      vertex -0.974018 -4 25.7306
      vertex -1.05495 0 25.7971
      vertex -1.05495 -4 25.7971
    endloop
  endfacet
  facet normal 0.956954 -0 0.290238
    outer loop
      vertex -1.54548 -4 26.5859
      vertex -1.51509 0 26.4857
      vertex -1.54548 0 26.5859
    endloop
  endfacet
  facet normal 0.956954 0 0.290238
    outer loop
      vertex -1.51509 0 26.4857
      vertex -1.54548 -4 26.5859
      vertex -1.51509 -4 26.4857
    endloop
  endfacet
  facet normal 0.995187 -0 0.0979906
    outer loop
      vertex -1.59657 -4 26.8954
      vertex -1.58631 0 26.7912
      vertex -1.59657 0 26.8954
    endloop
  endfacet
  facet normal 0.995187 0 0.0979906
    outer loop
      vertex -1.58631 0 26.7912
      vertex -1.59657 -4 26.8954
      vertex -1.58631 -4 26.7912
    endloop
  endfacet
  facet normal 0.68321 0 0.730222
    outer loop
      vertex -1.13137 0 25.8686
      vertex -1.05495 -4 25.7971
      vertex -1.05495 0 25.7971
    endloop
  endfacet
  facet normal 0.68321 0 0.730222
    outer loop
      vertex -1.05495 -4 25.7971
      vertex -1.13137 0 25.8686
      vertex -1.13137 -4 25.8686
    endloop
  endfacet
  facet normal -0.910918 0 -0.412587
    outer loop
      vertex 1.47821 -4 27.6123
      vertex 1.435 0 27.7077
      vertex 1.47821 0 27.6123
    endloop
  endfacet
  facet normal -0.910918 -0 -0.412587
    outer loop
      vertex 1.435 0 27.7077
      vertex 1.47821 -4 27.6123
      vertex 1.435 -4 27.7077
    endloop
  endfacet
  facet normal -0.93592 0 -0.352212
    outer loop
      vertex 1.51509 -4 27.5143
      vertex 1.47821 0 27.6123
      vertex 1.51509 0 27.5143
    endloop
  endfacet
  facet normal -0.93592 -0 -0.352212
    outer loop
      vertex 1.47821 0 27.6123
      vertex 1.51509 -4 27.5143
      vertex 1.47821 -4 27.6123
    endloop
  endfacet
  facet normal -0.881823 0 -0.47158
    outer loop
      vertex 1.435 -4 27.7077
      vertex 1.38564 0 27.8
      vertex 1.435 0 27.7077
    endloop
  endfacet
  facet normal -0.881823 -0 -0.47158
    outer loop
      vertex 1.38564 0 27.8
      vertex 1.435 -4 27.7077
      vertex 1.38564 -4 27.8
    endloop
  endfacet
  facet normal -0.729799 0 -0.683661
    outer loop
      vertex 1.20294 -4 28.055
      vertex 1.13137 0 28.1314
      vertex 1.20294 0 28.055
    endloop
  endfacet
  facet normal -0.729799 -0 -0.683661
    outer loop
      vertex 1.13137 0 28.1314
      vertex 1.20294 -4 28.055
      vertex 1.13137 -4 28.1314
    endloop
  endfacet
  facet normal 0.0324737 0 -0.999473
    outer loop
      vertex -0.104645 -4 28.5966
      vertex 0 0 28.6
      vertex 0 -4 28.6
    endloop
  endfacet
  facet normal 0.0324737 0 -0.999473
    outer loop
      vertex 0 0 28.6
      vertex -0.104645 -4 28.5966
      vertex -0.104645 0 28.5966
    endloop
  endfacet
  facet normal -0.52745 0 -0.849586
    outer loop
      vertex 0.799999 -4 28.3856
      vertex 0.888912 0 28.3304
      vertex 0.888912 -4 28.3304
    endloop
  endfacet
  facet normal -0.52745 0 -0.849586
    outer loop
      vertex 0.888912 0 28.3304
      vertex 0.799999 -4 28.3856
      vertex 0.799999 0 28.3856
    endloop
  endfacet
  facet normal -0.412619 0 -0.910904
    outer loop
      vertex 0.612293 -4 28.4782
      vertex 0.707662 0 28.435
      vertex 0.707662 -4 28.435
    endloop
  endfacet
  facet normal -0.412619 0 -0.910904
    outer loop
      vertex 0.707662 0 28.435
      vertex 0.612293 -4 28.4782
      vertex 0.612293 0 28.4782
    endloop
  endfacet
  facet normal -0.290347 0 -0.956922
    outer loop
      vertex 0.41411 -4 28.5455
      vertex 0.514302 0 28.5151
      vertex 0.514302 -4 28.5151
    endloop
  endfacet
  facet normal -0.290347 0 -0.956922
    outer loop
      vertex 0.514302 0 28.5151
      vertex 0.41411 -4 28.5455
      vertex 0.41411 0 28.5455
    endloop
  endfacet
  facet normal -0.227301 0 -0.973824
    outer loop
      vertex 0.312144 -4 28.5693
      vertex 0.41411 0 28.5455
      vertex 0.41411 -4 28.5455
    endloop
  endfacet
  facet normal -0.227301 0 -0.973824
    outer loop
      vertex 0.41411 0 28.5455
      vertex 0.312144 -4 28.5693
      vertex 0.312144 0 28.5693
    endloop
  endfacet
  facet normal 0.956954 0 -0.290238
    outer loop
      vertex -1.51509 -4 27.5143
      vertex -1.54548 0 27.4141
      vertex -1.51509 0 27.5143
    endloop
  endfacet
  facet normal 0.956954 0 -0.290238
    outer loop
      vertex -1.54548 0 27.4141
      vertex -1.51509 -4 27.5143
      vertex -1.54548 -4 27.4141
    endloop
  endfacet
  facet normal 0.973883 0 -0.227049
    outer loop
      vertex -1.54548 -4 27.4141
      vertex -1.56926 0 27.3121
      vertex -1.54548 0 27.4141
    endloop
  endfacet
  facet normal 0.973883 0 -0.227049
    outer loop
      vertex -1.56926 0 27.3121
      vertex -1.54548 -4 27.4141
      vertex -1.56926 -4 27.3121
    endloop
  endfacet
  facet normal 0.881823 0 -0.47158
    outer loop
      vertex -1.38564 -4 27.8
      vertex -1.435 0 27.7077
      vertex -1.38564 0 27.8
    endloop
  endfacet
  facet normal 0.881823 0 -0.47158
    outer loop
      vertex -1.435 0 27.7077
      vertex -1.38564 -4 27.8
      vertex -1.435 -4 27.7077
    endloop
  endfacet
  facet normal 0.812855 0 -0.582466
    outer loop
      vertex -1.26937 -4 27.974
      vertex -1.33035 0 27.8889
      vertex -1.26937 0 27.974
    endloop
  endfacet
  facet normal 0.812855 0 -0.582466
    outer loop
      vertex -1.33035 0 27.8889
      vertex -1.26937 -4 27.974
      vertex -1.33035 -4 27.8889
    endloop
  endfacet
  facet normal 0.849166 0 -0.528126
    outer loop
      vertex -1.33035 -4 27.8889
      vertex -1.38564 0 27.8
      vertex -1.33035 0 27.8889
    endloop
  endfacet
  facet normal 0.849166 0 -0.528126
    outer loop
      vertex -1.38564 0 27.8
      vertex -1.33035 -4 27.8889
      vertex -1.38564 -4 27.8
    endloop
  endfacet
  facet normal 0.412619 0 -0.910904
    outer loop
      vertex -0.707662 -4 28.435
      vertex -0.612293 0 28.4782
      vertex -0.612293 -4 28.4782
    endloop
  endfacet
  facet normal 0.412619 0 -0.910904
    outer loop
      vertex -0.612293 0 28.4782
      vertex -0.707662 -4 28.435
      vertex -0.707662 0 28.435
    endloop
  endfacet
  facet normal 0.290347 0 -0.956922
    outer loop
      vertex -0.514302 -4 28.5151
      vertex -0.41411 0 28.5455
      vertex -0.41411 -4 28.5455
    endloop
  endfacet
  facet normal 0.290347 0 -0.956922
    outer loop
      vertex -0.41411 0 28.5455
      vertex -0.514302 -4 28.5151
      vertex -0.514302 0 28.5151
    endloop
  endfacet
  facet normal 0.16238 0 -0.986728
    outer loop
      vertex -0.312144 -4 28.5693
      vertex -0.208841 0 28.5863
      vertex -0.208841 -4 28.5863
    endloop
  endfacet
  facet normal 0.16238 0 -0.986728
    outer loop
      vertex -0.208841 0 28.5863
      vertex -0.312144 -4 28.5693
      vertex -0.312144 0 28.5693
    endloop
  endfacet
  facet normal 0.227301 0 -0.973824
    outer loop
      vertex -0.41411 -4 28.5455
      vertex -0.312144 0 28.5693
      vertex -0.312144 -4 28.5693
    endloop
  endfacet
  facet normal 0.227301 0 -0.973824
    outer loop
      vertex -0.312144 0 28.5693
      vertex -0.41411 -4 28.5455
      vertex -0.41411 0 28.5455
    endloop
  endfacet
  facet normal 0.47173 0 -0.881743
    outer loop
      vertex -0.799999 -4 28.3856
      vertex -0.707662 0 28.435
      vertex -0.707662 -4 28.435
    endloop
  endfacet
  facet normal 0.47173 0 -0.881743
    outer loop
      vertex -0.707662 0 28.435
      vertex -0.799999 -4 28.3856
      vertex -0.799999 0 28.3856
    endloop
  endfacet
  facet normal 0.68321 0 -0.730222
    outer loop
      vertex -1.13137 -4 28.1314
      vertex -1.05495 0 28.2029
      vertex -1.05495 -4 28.2029
    endloop
  endfacet
  facet normal 0.68321 0 -0.730222
    outer loop
      vertex -1.05495 0 28.2029
      vertex -1.13137 -4 28.1314
      vertex -1.13137 0 28.1314
    endloop
  endfacet
  facet normal -0.999463 0 -0.032774
    outer loop
      vertex 1.6 -4 27
      vertex 1.59657 0 27.1046
      vertex 1.6 0 27
    endloop
  endfacet
  facet normal -0.999463 -0 -0.032774
    outer loop
      vertex 1.59657 0 27.1046
      vertex 1.6 -4 27
      vertex 1.59657 -4 27.1046
    endloop
  endfacet
  facet normal -0.956954 0 0.290238
    outer loop
      vertex 1.51509 -4 26.4857
      vertex 1.54548 0 26.5859
      vertex 1.51509 0 26.4857
    endloop
  endfacet
  facet normal -0.956954 0 0.290238
    outer loop
      vertex 1.54548 0 26.5859
      vertex 1.51509 -4 26.4857
      vertex 1.54548 -4 26.5859
    endloop
  endfacet
  facet normal -0.16238 0 0.986728
    outer loop
      vertex 0.208841 0 25.4137
      vertex 0.312144 -4 25.4307
      vertex 0.312144 0 25.4307
    endloop
  endfacet
  facet normal -0.16238 0 0.986728
    outer loop
      vertex 0.312144 -4 25.4307
      vertex 0.208841 0 25.4137
      vertex 0.208841 -4 25.4137
    endloop
  endfacet
  facet normal -0.352407 0 0.935847
    outer loop
      vertex 0.514302 0 25.4849
      vertex 0.612293 -4 25.5218
      vertex 0.612293 0 25.5218
    endloop
  endfacet
  facet normal -0.352407 0 0.935847
    outer loop
      vertex 0.612293 -4 25.5218
      vertex 0.514302 0 25.4849
      vertex 0.514302 -4 25.4849
    endloop
  endfacet
  facet normal -0.634854 0 0.772632
    outer loop
      vertex 0.974018 0 25.7306
      vertex 1.05495 -4 25.7971
      vertex 1.05495 0 25.7971
    endloop
  endfacet
  facet normal -0.634854 0 0.772632
    outer loop
      vertex 1.05495 -4 25.7971
      vertex 0.974018 0 25.7306
      vertex 0.974018 -4 25.7306
    endloop
  endfacet
  facet normal -0.582565 0 0.812784
    outer loop
      vertex 0.888912 0 25.6696
      vertex 0.974018 -4 25.7306
      vertex 0.974018 0 25.7306
    endloop
  endfacet
  facet normal -0.582565 0 0.812784
    outer loop
      vertex 0.974018 -4 25.7306
      vertex 0.888912 0 25.6696
      vertex 0.888912 -4 25.6696
    endloop
  endfacet
  facet normal -0.47173 0 0.881743
    outer loop
      vertex 0.707662 0 25.565
      vertex 0.799999 -4 25.6144
      vertex 0.799999 0 25.6144
    endloop
  endfacet
  facet normal -0.47173 0 0.881743
    outer loop
      vertex 0.799999 -4 25.6144
      vertex 0.707662 0 25.565
      vertex 0.707662 -4 25.565
    endloop
  endfacet
  facet normal -0.881823 0 0.47158
    outer loop
      vertex 1.38564 -4 26.2
      vertex 1.435 0 26.2923
      vertex 1.38564 0 26.2
    endloop
  endfacet
  facet normal -0.881823 0 0.47158
    outer loop
      vertex 1.435 0 26.2923
      vertex 1.38564 -4 26.2
      vertex 1.435 -4 26.2923
    endloop
  endfacet
  facet normal -0.812855 0 0.582466
    outer loop
      vertex 1.26937 -4 26.026
      vertex 1.33035 0 26.1111
      vertex 1.26937 0 26.026
    endloop
  endfacet
  facet normal -0.812855 0 0.582466
    outer loop
      vertex 1.33035 0 26.1111
      vertex 1.26937 -4 26.026
      vertex 1.33035 -4 26.1111
    endloop
  endfacet
  facet normal -0.849166 0 0.528126
    outer loop
      vertex 1.33035 -4 26.1111
      vertex 1.38564 0 26.2
      vertex 1.33035 0 26.1111
    endloop
  endfacet
  facet normal -0.849166 0 0.528126
    outer loop
      vertex 1.38564 0 26.2
      vertex 1.33035 -4 26.1111
      vertex 1.38564 -4 26.2
    endloop
  endfacet
  facet normal 0.16238 0 0.986728
    outer loop
      vertex -0.312144 0 25.4307
      vertex -0.208841 -4 25.4137
      vertex -0.208841 0 25.4137
    endloop
  endfacet
  facet normal 0.16238 0 0.986728
    outer loop
      vertex -0.208841 -4 25.4137
      vertex -0.312144 0 25.4307
      vertex -0.312144 -4 25.4307
    endloop
  endfacet
  facet normal 0.582565 0 0.812784
    outer loop
      vertex -0.974018 0 25.7306
      vertex -0.888912 -4 25.6696
      vertex -0.888912 0 25.6696
    endloop
  endfacet
  facet normal 0.582565 0 0.812784
    outer loop
      vertex -0.888912 -4 25.6696
      vertex -0.974018 0 25.7306
      vertex -0.974018 -4 25.7306
    endloop
  endfacet
  facet normal 0.352407 0 0.935847
    outer loop
      vertex -0.612293 0 25.5218
      vertex -0.514302 -4 25.4849
      vertex -0.514302 0 25.4849
    endloop
  endfacet
  facet normal 0.352407 0 0.935847
    outer loop
      vertex -0.514302 -4 25.4849
      vertex -0.612293 0 25.5218
      vertex -0.612293 -4 25.5218
    endloop
  endfacet
  facet normal 0.47173 0 0.881743
    outer loop
      vertex -0.799999 0 25.6144
      vertex -0.707662 -4 25.565
      vertex -0.707662 0 25.565
    endloop
  endfacet
  facet normal 0.47173 0 0.881743
    outer loop
      vertex -0.707662 -4 25.565
      vertex -0.799999 0 25.6144
      vertex -0.799999 -4 25.6144
    endloop
  endfacet
  facet normal 0.986651 -0 0.16285
    outer loop
      vertex -1.58631 -4 26.7912
      vertex -1.56926 0 26.6879
      vertex -1.58631 0 26.7912
    endloop
  endfacet
  facet normal 0.986651 0 0.16285
    outer loop
      vertex -1.56926 0 26.6879
      vertex -1.58631 -4 26.7912
      vertex -1.56926 -4 26.6879
    endloop
  endfacet
  facet normal 0.93592 -0 0.352212
    outer loop
      vertex -1.51509 -4 26.4857
      vertex -1.47821 0 26.3877
      vertex -1.51509 0 26.4857
    endloop
  endfacet
  facet normal 0.93592 0 0.352212
    outer loop
      vertex -1.47821 0 26.3877
      vertex -1.51509 -4 26.4857
      vertex -1.47821 -4 26.3877
    endloop
  endfacet
  facet normal 0.812855 -0 0.582466
    outer loop
      vertex -1.33035 -4 26.1111
      vertex -1.26937 0 26.026
      vertex -1.33035 0 26.1111
    endloop
  endfacet
  facet normal 0.812855 0 0.582466
    outer loop
      vertex -1.26937 0 26.026
      vertex -1.33035 -4 26.1111
      vertex -1.26937 -4 26.026
    endloop
  endfacet
  facet normal 0.773221 -0 0.634137
    outer loop
      vertex -1.26937 -4 26.026
      vertex -1.20294 0 25.945
      vertex -1.26937 0 26.026
    endloop
  endfacet
  facet normal 0.773221 0 0.634137
    outer loop
      vertex -1.20294 0 25.945
      vertex -1.26937 -4 26.026
      vertex -1.20294 -4 25.945
    endloop
  endfacet
  facet normal -0.973883 0 -0.227049
    outer loop
      vertex 1.56926 -4 27.3121
      vertex 1.54548 0 27.4141
      vertex 1.56926 0 27.3121
    endloop
  endfacet
  facet normal -0.973883 -0 -0.227049
    outer loop
      vertex 1.54548 0 27.4141
      vertex 1.56926 -4 27.3121
      vertex 1.54548 -4 27.4141
    endloop
  endfacet
  facet normal -0.986651 0 -0.16285
    outer loop
      vertex 1.58631 -4 27.2088
      vertex 1.56926 0 27.3121
      vertex 1.58631 0 27.2088
    endloop
  endfacet
  facet normal -0.986651 -0 -0.16285
    outer loop
      vertex 1.56926 0 27.3121
      vertex 1.58631 -4 27.2088
      vertex 1.56926 -4 27.3121
    endloop
  endfacet
  facet normal -0.995187 0 -0.0979906
    outer loop
      vertex 1.59657 -4 27.1046
      vertex 1.58631 0 27.2088
      vertex 1.59657 0 27.1046
    endloop
  endfacet
  facet normal -0.995187 -0 -0.0979906
    outer loop
      vertex 1.58631 0 27.2088
      vertex 1.59657 -4 27.1046
      vertex 1.58631 -4 27.2088
    endloop
  endfacet
  facet normal 0.999463 -0 0.032774
    outer loop
      vertex -1.6 -4 27
      vertex -1.59657 0 26.8954
      vertex -1.6 0 27
    endloop
  endfacet
  facet normal 0.999463 0 0.032774
    outer loop
      vertex -1.59657 0 26.8954
      vertex -1.6 -4 27
      vertex -1.59657 -4 26.8954
    endloop
  endfacet
  facet normal -0.973883 0 0.227049
    outer loop
      vertex 1.54548 -4 26.5859
      vertex 1.56926 0 26.6879
      vertex 1.54548 0 26.5859
    endloop
  endfacet
  facet normal -0.973883 0 0.227049
    outer loop
      vertex 1.56926 0 26.6879
      vertex 1.54548 -4 26.5859
      vertex 1.56926 -4 26.6879
    endloop
  endfacet
  facet normal -0.227301 0 0.973824
    outer loop
      vertex 0.312144 0 25.4307
      vertex 0.41411 -4 25.4545
      vertex 0.41411 0 25.4545
    endloop
  endfacet
  facet normal -0.227301 0 0.973824
    outer loop
      vertex 0.41411 -4 25.4545
      vertex 0.312144 0 25.4307
      vertex 0.312144 -4 25.4307
    endloop
  endfacet
  facet normal -0.412619 0 0.910904
    outer loop
      vertex 0.612293 0 25.5218
      vertex 0.707662 -4 25.565
      vertex 0.707662 0 25.565
    endloop
  endfacet
  facet normal -0.412619 0 0.910904
    outer loop
      vertex 0.707662 -4 25.565
      vertex 0.612293 0 25.5218
      vertex 0.612293 -4 25.5218
    endloop
  endfacet
  facet normal -0.68321 0 0.730222
    outer loop
      vertex 1.05495 0 25.7971
      vertex 1.13137 -4 25.8686
      vertex 1.13137 0 25.8686
    endloop
  endfacet
  facet normal -0.68321 0 0.730222
    outer loop
      vertex 1.13137 -4 25.8686
      vertex 1.05495 0 25.7971
      vertex 1.05495 -4 25.7971
    endloop
  endfacet
  facet normal -0.52745 0 0.849586
    outer loop
      vertex 0.799999 0 25.6144
      vertex 0.888912 -4 25.6696
      vertex 0.888912 0 25.6696
    endloop
  endfacet
  facet normal -0.52745 0 0.849586
    outer loop
      vertex 0.888912 -4 25.6696
      vertex 0.799999 0 25.6144
      vertex 0.799999 -4 25.6144
    endloop
  endfacet
  facet normal -0.910918 0 0.412587
    outer loop
      vertex 1.435 -4 26.2923
      vertex 1.47821 0 26.3877
      vertex 1.435 0 26.2923
    endloop
  endfacet
  facet normal -0.910918 0 0.412587
    outer loop
      vertex 1.47821 0 26.3877
      vertex 1.435 -4 26.2923
      vertex 1.47821 -4 26.3877
    endloop
  endfacet
  facet normal 0.227301 0 0.973824
    outer loop
      vertex -0.41411 0 25.4545
      vertex -0.312144 -4 25.4307
      vertex -0.312144 0 25.4307
    endloop
  endfacet
  facet normal 0.227301 0 0.973824
    outer loop
      vertex -0.312144 -4 25.4307
      vertex -0.41411 0 25.4545
      vertex -0.41411 -4 25.4545
    endloop
  endfacet
  facet normal -0.0324737 0 0.999473
    outer loop
      vertex 0 0 25.4
      vertex 0.104645 -4 25.4034
      vertex 0.104645 0 25.4034
    endloop
  endfacet
  facet normal -0.0324737 0 0.999473
    outer loop
      vertex 0.104645 -4 25.4034
      vertex 0 0 25.4
      vertex 0 -4 25.4
    endloop
  endfacet
  facet normal 0.52745 0 0.849586
    outer loop
      vertex -0.888912 0 25.6696
      vertex -0.799999 -4 25.6144
      vertex -0.799999 0 25.6144
    endloop
  endfacet
  facet normal 0.52745 0 0.849586
    outer loop
      vertex -0.799999 -4 25.6144
      vertex -0.888912 0 25.6696
      vertex -0.888912 -4 25.6696
    endloop
  endfacet
  facet normal 0.412619 0 0.910904
    outer loop
      vertex -0.707662 0 25.565
      vertex -0.612293 -4 25.5218
      vertex -0.612293 0 25.5218
    endloop
  endfacet
  facet normal 0.412619 0 0.910904
    outer loop
      vertex -0.612293 -4 25.5218
      vertex -0.707662 0 25.565
      vertex -0.707662 -4 25.565
    endloop
  endfacet
  facet normal 0.973883 -0 0.227049
    outer loop
      vertex -1.56926 -4 26.6879
      vertex -1.54548 0 26.5859
      vertex -1.56926 0 26.6879
    endloop
  endfacet
  facet normal 0.973883 0 0.227049
    outer loop
      vertex -1.54548 0 26.5859
      vertex -1.56926 -4 26.6879
      vertex -1.54548 -4 26.5859
    endloop
  endfacet
  facet normal 0.910918 -0 0.412587
    outer loop
      vertex -1.47821 -4 26.3877
      vertex -1.435 0 26.2923
      vertex -1.47821 0 26.3877
    endloop
  endfacet
  facet normal 0.910918 0 0.412587
    outer loop
      vertex -1.435 0 26.2923
      vertex -1.47821 -4 26.3877
      vertex -1.435 -4 26.2923
    endloop
  endfacet
  facet normal 0.849166 -0 0.528126
    outer loop
      vertex -1.38564 -4 26.2
      vertex -1.33035 0 26.1111
      vertex -1.38564 0 26.2
    endloop
  endfacet
  facet normal 0.849166 0 0.528126
    outer loop
      vertex -1.33035 0 26.1111
      vertex -1.38564 -4 26.2
      vertex -1.33035 -4 26.1111
    endloop
  endfacet
  facet normal 0.729799 -0 0.683661
    outer loop
      vertex -1.20294 -4 25.945
      vertex -1.13137 0 25.8686
      vertex -1.20294 0 25.945
    endloop
  endfacet
  facet normal 0.729799 0 0.683661
    outer loop
      vertex -1.13137 0 25.8686
      vertex -1.20294 -4 25.945
      vertex -1.13137 -4 25.8686
    endloop
  endfacet
  facet normal -0.986626 -0.163002 0
    outer loop
      vertex -7.65941 21.8936 0
      vertex -7.67114 21.9646 5
      vertex -7.67114 21.9646 0
    endloop
  endfacet
  facet normal -0.986626 -0.163002 0
    outer loop
      vertex -7.67114 21.9646 5
      vertex -7.65941 21.8936 0
      vertex -7.65941 21.8936 5
    endloop
  endfacet
  facet normal -0.999466 -0.0326668 0
    outer loop
      vertex -7.65 21.75 0
      vertex -7.65235 21.8219 5
      vertex -7.65235 21.8219 0
    endloop
  endfacet
  facet normal -0.999466 -0.0326668 0
    outer loop
      vertex -7.65235 21.8219 5
      vertex -7.65 21.75 0
      vertex -7.65 21.75 5
    endloop
  endfacet
  facet normal 0.0333426 -0.999444 0
    outer loop
      vertex -8.82194 22.8476 0
      vertex -8.75 22.85 5
      vertex -8.82194 22.8476 5
    endloop
  endfacet
  facet normal 0.0333426 -0.999444 0
    outer loop
      vertex -8.75 22.85 5
      vertex -8.82194 22.8476 0
      vertex -8.75 22.85 0
    endloop
  endfacet
  facet normal -0.683525 -0.729927 0
    outer loop
      vertex -8.02472 22.577 0
      vertex -7.97218 22.5278 5
      vertex -8.02472 22.577 5
    endloop
  endfacet
  facet normal -0.683525 -0.729927 -0
    outer loop
      vertex -7.97218 22.5278 5
      vertex -8.02472 22.577 0
      vertex -7.97218 22.5278 0
    endloop
  endfacet
  facet normal 0.729667 -0.683802 0
    outer loop
      vertex -9.57702 22.4753 3
      vertex -9.52782 22.5278 0
      vertex -9.52782 22.5278 3
    endloop
  endfacet
  facet normal 0.729667 -0.683802 0
    outer loop
      vertex -9.52782 22.5278 0
      vertex -9.57702 22.4753 3
      vertex -9.57702 22.4753 0
    endloop
  endfacet
  facet normal 0.412599 -0.910913 0
    outer loop
      vertex -9.23652 22.7366 0
      vertex -9.17095 22.7663 3
      vertex -9.23652 22.7366 3
    endloop
  endfacet
  facet normal 0.412599 -0.910913 0
    outer loop
      vertex -9.17095 22.7663 3
      vertex -9.23652 22.7366 0
      vertex -9.17095 22.7663 0
    endloop
  endfacet
  facet normal -0.910695 -0.41308 0
    outer loop
      vertex -7.73373 22.171 0
      vertex -7.76344 22.2365 5
      vertex -7.76344 22.2365 0
    endloop
  endfacet
  facet normal -0.910695 -0.41308 0
    outer loop
      vertex -7.76344 22.2365 5
      vertex -7.73373 22.171 0
      vertex -7.73373 22.171 5
    endloop
  endfacet
  facet normal -0.351565 -0.936163 0
    outer loop
      vertex -8.39642 22.7916 0
      vertex -8.32905 22.7663 5
      vertex -8.39642 22.7916 5
    endloop
  endfacet
  facet normal -0.351565 -0.936163 -0
    outer loop
      vertex -8.32905 22.7663 5
      vertex -8.39642 22.7916 0
      vertex -8.32905 22.7663 0
    endloop
  endfacet
  facet normal -0.527937 -0.849284 0
    outer loop
      vertex -8.2 22.7026 0
      vertex -8.13887 22.6646 5
      vertex -8.2 22.7026 5
    endloop
  endfacet
  facet normal -0.527937 -0.849284 -0
    outer loop
      vertex -8.13887 22.6646 5
      vertex -8.2 22.7026 0
      vertex -8.13887 22.6646 0
    endloop
  endfacet
  facet normal 0.935986 -0.352036 0
    outer loop
      vertex -9.79162 22.1036 3
      vertex -9.76627 22.171 0
      vertex -9.76627 22.171 3
    endloop
  endfacet
  facet normal 0.935986 -0.352036 0
    outer loop
      vertex -9.76627 22.171 0
      vertex -9.79162 22.1036 3
      vertex -9.79162 22.1036 0
    endloop
  endfacet
  facet normal 0.2278 -0.973708 0
    outer loop
      vertex -9.0347 22.8125 0
      vertex -8.9646 22.8289 3
      vertex -9.0347 22.8125 3
    endloop
  endfacet
  facet normal 0.2278 -0.973708 0
    outer loop
      vertex -8.9646 22.8289 3
      vertex -9.0347 22.8125 0
      vertex -8.9646 22.8289 0
    endloop
  endfacet
  facet normal 0.729667 0.683802 0
    outer loop
      vertex -9.52782 20.9722 3
      vertex -9.57702 21.0247 0
      vertex -9.57702 21.0247 3
    endloop
  endfacet
  facet normal 0.729667 0.683802 0
    outer loop
      vertex -9.57702 21.0247 0
      vertex -9.52782 20.9722 3
      vertex -9.52782 20.9722 0
    endloop
  endfacet
  facet normal 0.935986 0.352036 0
    outer loop
      vertex -9.76627 21.329 3
      vertex -9.79162 21.3964 0
      vertex -9.79162 21.3964 3
    endloop
  endfacet
  facet normal 0.935986 0.352036 0
    outer loop
      vertex -9.79162 21.3964 0
      vertex -9.76627 21.329 3
      vertex -9.76627 21.329 0
    endloop
  endfacet
  facet normal -0.973892 -0.22701 0
    outer loop
      vertex -7.67114 21.9646 0
      vertex -7.68748 22.0347 5
      vertex -7.68748 22.0347 0
    endloop
  endfacet
  facet normal -0.973892 -0.22701 0
    outer loop
      vertex -7.68748 22.0347 5
      vertex -7.67114 21.9646 0
      vertex -7.67114 21.9646 5
    endloop
  endfacet
  facet normal -0.956943 -0.290277 0
    outer loop
      vertex -7.68748 22.0347 0
      vertex -7.70838 22.1036 5
      vertex -7.70838 22.1036 0
    endloop
  endfacet
  facet normal -0.956943 -0.290277 0
    outer loop
      vertex -7.70838 22.1036 5
      vertex -7.68748 22.0347 0
      vertex -7.68748 22.0347 5
    endloop
  endfacet
  facet normal -0.812784 -0.582565 0
    outer loop
      vertex -7.83538 22.3611 0
      vertex -7.87731 22.4196 5
      vertex -7.87731 22.4196 0
    endloop
  endfacet
  facet normal -0.812784 -0.582565 0
    outer loop
      vertex -7.87731 22.4196 5
      vertex -7.83538 22.3611 0
      vertex -7.83538 22.3611 5
    endloop
  endfacet
  facet normal -0.773295 -0.634046 0
    outer loop
      vertex -7.87731 22.4196 0
      vertex -7.92298 22.4753 5
      vertex -7.92298 22.4753 0
    endloop
  endfacet
  facet normal -0.773295 -0.634046 0
    outer loop
      vertex -7.92298 22.4753 5
      vertex -7.87731 22.4196 0
      vertex -7.87731 22.4196 5
    endloop
  endfacet
  facet normal -0.881987 -0.471273 0
    outer loop
      vertex -7.76344 22.2365 0
      vertex -7.79737 22.3 5
      vertex -7.79737 22.3 0
    endloop
  endfacet
  facet normal -0.881987 -0.471273 0
    outer loop
      vertex -7.79737 22.3 5
      vertex -7.76344 22.2365 0
      vertex -7.76344 22.2365 5
    endloop
  endfacet
  facet normal -0.2278 -0.973708 0
    outer loop
      vertex -8.5354 22.8289 0
      vertex -8.4653 22.8125 5
      vertex -8.5354 22.8289 5
    endloop
  endfacet
  facet normal -0.2278 -0.973708 -0
    outer loop
      vertex -8.4653 22.8125 5
      vertex -8.5354 22.8289 0
      vertex -8.4653 22.8125 0
    endloop
  endfacet
  facet normal -0.290354 -0.956919 0
    outer loop
      vertex -8.4653 22.8125 0
      vertex -8.39642 22.7916 5
      vertex -8.4653 22.8125 5
    endloop
  endfacet
  facet normal -0.290354 -0.956919 -0
    outer loop
      vertex -8.39642 22.7916 5
      vertex -8.4653 22.8125 0
      vertex -8.39642 22.7916 0
    endloop
  endfacet
  facet normal -0.0972476 -0.99526 0
    outer loop
      vertex -8.67806 22.8476 0
      vertex -8.60642 22.8406 5
      vertex -8.67806 22.8476 5
    endloop
  endfacet
  facet normal -0.0972476 -0.99526 -0
    outer loop
      vertex -8.60642 22.8406 5
      vertex -8.67806 22.8476 0
      vertex -8.60642 22.8406 0
    endloop
  endfacet
  facet normal -0.472144 -0.881521 0
    outer loop
      vertex -8.26348 22.7366 0
      vertex -8.2 22.7026 5
      vertex -8.26348 22.7366 5
    endloop
  endfacet
  facet normal -0.472144 -0.881521 -0
    outer loop
      vertex -8.2 22.7026 5
      vertex -8.26348 22.7366 0
      vertex -8.2 22.7026 0
    endloop
  endfacet
  facet normal -0.634704 -0.772755 0
    outer loop
      vertex -8.08036 22.6227 0
      vertex -8.02472 22.577 5
      vertex -8.08036 22.6227 5
    endloop
  endfacet
  facet normal -0.634704 -0.772755 -0
    outer loop
      vertex -8.02472 22.577 5
      vertex -8.08036 22.6227 0
      vertex -8.02472 22.577 0
    endloop
  endfacet
  facet normal 0.973892 -0.22701 0
    outer loop
      vertex -9.82886 21.9646 3
      vertex -9.81252 22.0347 0
      vertex -9.81252 22.0347 3
    endloop
  endfacet
  facet normal 0.973892 -0.22701 0
    outer loop
      vertex -9.81252 22.0347 0
      vertex -9.82886 21.9646 3
      vertex -9.82886 21.9646 0
    endloop
  endfacet
  facet normal 0.812784 -0.582565 0
    outer loop
      vertex -9.66462 22.3611 3
      vertex -9.62269 22.4196 0
      vertex -9.62269 22.4196 3
    endloop
  endfacet
  facet normal 0.812784 -0.582565 0
    outer loop
      vertex -9.62269 22.4196 0
      vertex -9.66462 22.3611 3
      vertex -9.66462 22.3611 0
    endloop
  endfacet
  facet normal 0.773295 -0.634046 0
    outer loop
      vertex -9.62269 22.4196 3
      vertex -9.57702 22.4753 0
      vertex -9.57702 22.4753 3
    endloop
  endfacet
  facet normal 0.773295 -0.634046 0
    outer loop
      vertex -9.57702 22.4753 0
      vertex -9.62269 22.4196 3
      vertex -9.62269 22.4196 0
    endloop
  endfacet
  facet normal 0.881987 -0.471273 0
    outer loop
      vertex -9.73656 22.2365 3
      vertex -9.70263 22.3 0
      vertex -9.70263 22.3 3
    endloop
  endfacet
  facet normal 0.881987 -0.471273 0
    outer loop
      vertex -9.70263 22.3 0
      vertex -9.73656 22.2365 3
      vertex -9.73656 22.2365 0
    endloop
  endfacet
  facet normal 0.956943 -0.290277 0
    outer loop
      vertex -9.81252 22.0347 3
      vertex -9.79162 22.1036 0
      vertex -9.79162 22.1036 3
    endloop
  endfacet
  facet normal 0.956943 -0.290277 0
    outer loop
      vertex -9.79162 22.1036 0
      vertex -9.81252 22.0347 3
      vertex -9.81252 22.0347 0
    endloop
  endfacet
  facet normal 0.995201 -0.0978545 0
    outer loop
      vertex -9.84764 21.8219 3
      vertex -9.84059 21.8936 0
      vertex -9.84059 21.8936 3
    endloop
  endfacet
  facet normal 0.995201 -0.0978545 0
    outer loop
      vertex -9.84059 21.8936 0
      vertex -9.84764 21.8219 3
      vertex -9.84764 21.8219 0
    endloop
  endfacet
  facet normal 0.999462 0.0328057 0
    outer loop
      vertex -9.84764 21.6781 3
      vertex -9.85 21.75 0
      vertex -9.85 21.75 3
    endloop
  endfacet
  facet normal 0.999462 0.0328057 0
    outer loop
      vertex -9.85 21.75 0
      vertex -9.84764 21.6781 3
      vertex -9.84764 21.6781 0
    endloop
  endfacet
  facet normal 0.582224 -0.813029 0
    outer loop
      vertex -9.41964 22.6227 0
      vertex -9.36113 22.6646 3
      vertex -9.41964 22.6227 3
    endloop
  endfacet
  facet normal 0.582224 -0.813029 0
    outer loop
      vertex -9.36113 22.6646 3
      vertex -9.41964 22.6227 0
      vertex -9.36113 22.6646 0
    endloop
  endfacet
  facet normal 0.527937 -0.849284 0
    outer loop
      vertex -9.36113 22.6646 0
      vertex -9.3 22.7026 3
      vertex -9.36113 22.6646 3
    endloop
  endfacet
  facet normal 0.527937 -0.849284 0
    outer loop
      vertex -9.3 22.7026 3
      vertex -9.36113 22.6646 0
      vertex -9.3 22.7026 0
    endloop
  endfacet
  facet normal 0.634704 -0.772755 0
    outer loop
      vertex -9.47528 22.577 0
      vertex -9.41964 22.6227 3
      vertex -9.47528 22.577 3
    endloop
  endfacet
  facet normal 0.634704 -0.772755 0
    outer loop
      vertex -9.41964 22.6227 3
      vertex -9.47528 22.577 0
      vertex -9.41964 22.6227 0
    endloop
  endfacet
  facet normal 0.290354 -0.956919 0
    outer loop
      vertex -9.10358 22.7916 0
      vertex -9.0347 22.8125 3
      vertex -9.10358 22.7916 3
    endloop
  endfacet
  facet normal 0.290354 -0.956919 0
    outer loop
      vertex -9.0347 22.8125 3
      vertex -9.10358 22.7916 0
      vertex -9.0347 22.8125 0
    endloop
  endfacet
  facet normal 0.0972476 -0.99526 0
    outer loop
      vertex -8.89358 22.8406 0
      vertex -8.82194 22.8476 5
      vertex -8.89358 22.8406 5
    endloop
  endfacet
  facet normal 0.0972476 -0.99526 0
    outer loop
      vertex -8.82194 22.8476 5
      vertex -8.89358 22.8406 0
      vertex -8.82194 22.8476 0
    endloop
  endfacet
  facet normal -0.973892 0.22701 0
    outer loop
      vertex -7.68748 21.4653 0
      vertex -7.67114 21.5354 5
      vertex -7.67114 21.5354 0
    endloop
  endfacet
  facet normal -0.973892 0.22701 0
    outer loop
      vertex -7.67114 21.5354 5
      vertex -7.68748 21.4653 0
      vertex -7.68748 21.4653 5
    endloop
  endfacet
  facet normal -0.412599 0.910913 0
    outer loop
      vertex -8.26348 20.7634 0
      vertex -8.32905 20.7337 5
      vertex -8.26348 20.7634 5
    endloop
  endfacet
  facet normal -0.412599 0.910913 0
    outer loop
      vertex -8.32905 20.7337 5
      vertex -8.26348 20.7634 0
      vertex -8.32905 20.7337 0
    endloop
  endfacet
  facet normal -0.290354 0.956919 0
    outer loop
      vertex -8.39642 20.7084 0
      vertex -8.4653 20.6875 5
      vertex -8.39642 20.7084 5
    endloop
  endfacet
  facet normal -0.290354 0.956919 0
    outer loop
      vertex -8.4653 20.6875 5
      vertex -8.39642 20.7084 0
      vertex -8.4653 20.6875 0
    endloop
  endfacet
  facet normal -0.634704 0.772755 0
    outer loop
      vertex -8.02472 20.923 0
      vertex -8.08036 20.8773 5
      vertex -8.02472 20.923 5
    endloop
  endfacet
  facet normal -0.634704 0.772755 0
    outer loop
      vertex -8.08036 20.8773 5
      vertex -8.02472 20.923 0
      vertex -8.08036 20.8773 0
    endloop
  endfacet
  facet normal -0.729667 0.683802 0
    outer loop
      vertex -7.97218 20.9722 0
      vertex -7.92298 21.0247 5
      vertex -7.92298 21.0247 0
    endloop
  endfacet
  facet normal -0.729667 0.683802 0
    outer loop
      vertex -7.92298 21.0247 5
      vertex -7.97218 20.9722 0
      vertex -7.97218 20.9722 5
    endloop
  endfacet
  facet normal -0.472144 0.881521 0
    outer loop
      vertex -8.2 20.7974 0
      vertex -8.26348 20.7634 5
      vertex -8.2 20.7974 5
    endloop
  endfacet
  facet normal -0.472144 0.881521 0
    outer loop
      vertex -8.26348 20.7634 5
      vertex -8.2 20.7974 0
      vertex -8.26348 20.7634 0
    endloop
  endfacet
  facet normal -0.812784 0.582565 0
    outer loop
      vertex -7.87731 21.0804 0
      vertex -7.83538 21.1389 5
      vertex -7.83538 21.1389 0
    endloop
  endfacet
  facet normal -0.812784 0.582565 0
    outer loop
      vertex -7.83538 21.1389 5
      vertex -7.87731 21.0804 0
      vertex -7.87731 21.0804 5
    endloop
  endfacet
  facet normal -0.773295 0.634046 0
    outer loop
      vertex -7.92298 21.0247 0
      vertex -7.87731 21.0804 5
      vertex -7.87731 21.0804 0
    endloop
  endfacet
  facet normal -0.773295 0.634046 0
    outer loop
      vertex -7.87731 21.0804 5
      vertex -7.92298 21.0247 0
      vertex -7.92298 21.0247 5
    endloop
  endfacet
  facet normal -0.935986 0.352036 0
    outer loop
      vertex -7.73373 21.329 0
      vertex -7.70838 21.3964 5
      vertex -7.70838 21.3964 0
    endloop
  endfacet
  facet normal -0.935986 0.352036 0
    outer loop
      vertex -7.70838 21.3964 5
      vertex -7.73373 21.329 0
      vertex -7.73373 21.329 5
    endloop
  endfacet
  facet normal -0.881987 0.471273 0
    outer loop
      vertex -7.79737 21.2 0
      vertex -7.76344 21.2635 5
      vertex -7.76344 21.2635 0
    endloop
  endfacet
  facet normal -0.881987 0.471273 0
    outer loop
      vertex -7.76344 21.2635 5
      vertex -7.79737 21.2 0
      vertex -7.79737 21.2 5
    endloop
  endfacet
  facet normal -0.956943 0.290277 0
    outer loop
      vertex -7.70838 21.3964 0
      vertex -7.68748 21.4653 5
      vertex -7.68748 21.4653 0
    endloop
  endfacet
  facet normal -0.956943 0.290277 0
    outer loop
      vertex -7.68748 21.4653 5
      vertex -7.70838 21.3964 0
      vertex -7.70838 21.3964 5
    endloop
  endfacet
  facet normal -0.995187 0.0979919 0
    outer loop
      vertex -7.65941 21.6064 0
      vertex -7.65235 21.6781 5
      vertex -7.65235 21.6781 0
    endloop
  endfacet
  facet normal -0.995187 0.0979919 0
    outer loop
      vertex -7.65235 21.6781 5
      vertex -7.65941 21.6064 0
      vertex -7.65941 21.6064 5
    endloop
  endfacet
  facet normal 0.582224 0.813029 -0
    outer loop
      vertex -9.36113 20.8354 0
      vertex -9.41964 20.8773 3
      vertex -9.36113 20.8354 3
    endloop
  endfacet
  facet normal 0.582224 0.813029 0
    outer loop
      vertex -9.41964 20.8773 3
      vertex -9.36113 20.8354 0
      vertex -9.41964 20.8773 0
    endloop
  endfacet
  facet normal 0.634704 0.772755 -0
    outer loop
      vertex -9.41964 20.8773 0
      vertex -9.47528 20.923 3
      vertex -9.41964 20.8773 3
    endloop
  endfacet
  facet normal 0.634704 0.772755 0
    outer loop
      vertex -9.47528 20.923 3
      vertex -9.41964 20.8773 0
      vertex -9.47528 20.923 0
    endloop
  endfacet
  facet normal 0.351565 0.936163 -0
    outer loop
      vertex -9.10358 20.7084 0
      vertex -9.17095 20.7337 3
      vertex -9.10358 20.7084 3
    endloop
  endfacet
  facet normal 0.351565 0.936163 0
    outer loop
      vertex -9.17095 20.7337 3
      vertex -9.10358 20.7084 0
      vertex -9.17095 20.7337 0
    endloop
  endfacet
  facet normal 0.472144 0.881521 -0
    outer loop
      vertex -9.23652 20.7634 0
      vertex -9.3 20.7974 3
      vertex -9.23652 20.7634 3
    endloop
  endfacet
  facet normal 0.472144 0.881521 0
    outer loop
      vertex -9.3 20.7974 3
      vertex -9.23652 20.7634 0
      vertex -9.3 20.7974 0
    endloop
  endfacet
  facet normal 0.290354 0.956919 -0
    outer loop
      vertex -9.0347 20.6875 0
      vertex -9.10358 20.7084 3
      vertex -9.0347 20.6875 3
    endloop
  endfacet
  facet normal 0.290354 0.956919 0
    outer loop
      vertex -9.10358 20.7084 3
      vertex -9.0347 20.6875 0
      vertex -9.10358 20.7084 0
    endloop
  endfacet
  facet normal 0.0972476 0.99526 -0
    outer loop
      vertex -8.82194 20.6524 0
      vertex -8.89358 20.6594 5
      vertex -8.82194 20.6524 5
    endloop
  endfacet
  facet normal 0.0972476 0.99526 0
    outer loop
      vertex -8.89358 20.6594 5
      vertex -8.82194 20.6524 0
      vertex -8.89358 20.6594 0
    endloop
  endfacet
  facet normal 0.812784 0.582565 0
    outer loop
      vertex -9.62269 21.0804 3
      vertex -9.66462 21.1389 0
      vertex -9.66462 21.1389 3
    endloop
  endfacet
  facet normal 0.812784 0.582565 0
    outer loop
      vertex -9.66462 21.1389 0
      vertex -9.62269 21.0804 3
      vertex -9.62269 21.0804 0
    endloop
  endfacet
  facet normal 0.773295 0.634046 0
    outer loop
      vertex -9.57702 21.0247 3
      vertex -9.62269 21.0804 0
      vertex -9.62269 21.0804 3
    endloop
  endfacet
  facet normal 0.773295 0.634046 0
    outer loop
      vertex -9.62269 21.0804 0
      vertex -9.57702 21.0247 3
      vertex -9.57702 21.0247 0
    endloop
  endfacet
  facet normal 0.956943 0.290277 0
    outer loop
      vertex -9.79162 21.3964 3
      vertex -9.81252 21.4653 0
      vertex -9.81252 21.4653 3
    endloop
  endfacet
  facet normal 0.956943 0.290277 0
    outer loop
      vertex -9.81252 21.4653 0
      vertex -9.79162 21.3964 3
      vertex -9.79162 21.3964 0
    endloop
  endfacet
  facet normal -0.995187 -0.0979919 0
    outer loop
      vertex -7.65235 21.8219 0
      vertex -7.65941 21.8936 5
      vertex -7.65941 21.8936 0
    endloop
  endfacet
  facet normal -0.995187 -0.0979919 0
    outer loop
      vertex -7.65941 21.8936 5
      vertex -7.65235 21.8219 0
      vertex -7.65235 21.8219 5
    endloop
  endfacet
  facet normal -0.935986 -0.352036 0
    outer loop
      vertex -7.70838 22.1036 0
      vertex -7.73373 22.171 5
      vertex -7.73373 22.171 0
    endloop
  endfacet
  facet normal -0.935986 -0.352036 0
    outer loop
      vertex -7.73373 22.171 5
      vertex -7.70838 22.1036 0
      vertex -7.70838 22.1036 5
    endloop
  endfacet
  facet normal -0.729667 -0.683802 0
    outer loop
      vertex -7.92298 22.4753 0
      vertex -7.97218 22.5278 5
      vertex -7.97218 22.5278 0
    endloop
  endfacet
  facet normal -0.729667 -0.683802 0
    outer loop
      vertex -7.97218 22.5278 5
      vertex -7.92298 22.4753 0
      vertex -7.92298 22.4753 5
    endloop
  endfacet
  facet normal -0.849105 -0.528224 0
    outer loop
      vertex -7.79737 22.3 0
      vertex -7.83538 22.3611 5
      vertex -7.83538 22.3611 0
    endloop
  endfacet
  facet normal -0.849105 -0.528224 0
    outer loop
      vertex -7.83538 22.3611 5
      vertex -7.79737 22.3 0
      vertex -7.79737 22.3 5
    endloop
  endfacet
  facet normal -0.162551 -0.9867 0
    outer loop
      vertex -8.60642 22.8406 0
      vertex -8.5354 22.8289 5
      vertex -8.60642 22.8406 5
    endloop
  endfacet
  facet normal -0.162551 -0.9867 -0
    outer loop
      vertex -8.5354 22.8289 5
      vertex -8.60642 22.8406 0
      vertex -8.5354 22.8289 0
    endloop
  endfacet
  facet normal 0.849105 -0.528224 0
    outer loop
      vertex -9.70263 22.3 3
      vertex -9.66462 22.3611 0
      vertex -9.66462 22.3611 3
    endloop
  endfacet
  facet normal 0.849105 -0.528224 0
    outer loop
      vertex -9.66462 22.3611 0
      vertex -9.70263 22.3 3
      vertex -9.70263 22.3 0
    endloop
  endfacet
  facet normal 0.986626 -0.163002 0
    outer loop
      vertex -9.84059 21.8936 3
      vertex -9.82886 21.9646 0
      vertex -9.82886 21.9646 3
    endloop
  endfacet
  facet normal 0.986626 -0.163002 0
    outer loop
      vertex -9.82886 21.9646 0
      vertex -9.84059 21.8936 3
      vertex -9.84059 21.8936 0
    endloop
  endfacet
  facet normal 0.999462 -0.0328057 0
    outer loop
      vertex -9.85 21.75 3
      vertex -9.84764 21.8219 0
      vertex -9.84764 21.8219 3
    endloop
  endfacet
  facet normal 0.999462 -0.0328057 0
    outer loop
      vertex -9.84764 21.8219 0
      vertex -9.85 21.75 3
      vertex -9.85 21.75 0
    endloop
  endfacet
  facet normal 0.472144 -0.881521 0
    outer loop
      vertex -9.3 22.7026 0
      vertex -9.23652 22.7366 3
      vertex -9.3 22.7026 3
    endloop
  endfacet
  facet normal 0.472144 -0.881521 0
    outer loop
      vertex -9.23652 22.7366 3
      vertex -9.3 22.7026 0
      vertex -9.23652 22.7366 0
    endloop
  endfacet
  facet normal 0.683525 -0.729927 0
    outer loop
      vertex -9.52782 22.5278 0
      vertex -9.47528 22.577 3
      vertex -9.52782 22.5278 3
    endloop
  endfacet
  facet normal 0.683525 -0.729927 0
    outer loop
      vertex -9.47528 22.577 3
      vertex -9.52782 22.5278 0
      vertex -9.47528 22.577 0
    endloop
  endfacet
  facet normal 0.351565 -0.936163 0
    outer loop
      vertex -9.17095 22.7663 0
      vertex -9.10358 22.7916 3
      vertex -9.17095 22.7663 3
    endloop
  endfacet
  facet normal 0.351565 -0.936163 0
    outer loop
      vertex -9.10358 22.7916 3
      vertex -9.17095 22.7663 0
      vertex -9.10358 22.7916 0
    endloop
  endfacet
  facet normal 0.161921 -0.986804 0
    outer loop
      vertex -8.9646 22.8289 3
      vertex -8.9646 22.8289 0
      vertex -8.9 22.8395 3
    endloop
  endfacet
  facet normal 0.168879 -0.985637 0
    outer loop
      vertex -8.9 22.8395 3
      vertex -8.89358 22.8406 5
      vertex -8.9 22.8395 5
    endloop
  endfacet
  facet normal 0.168879 -0.985637 0
    outer loop
      vertex -8.9 22.8395 3
      vertex -8.89358 22.8406 0
      vertex -8.89358 22.8406 5
    endloop
  endfacet
  facet normal 0.162551 -0.9867 -1.39303e-05
    outer loop
      vertex -8.89358 22.8406 0
      vertex -8.9 22.8395 3
      vertex -8.9646 22.8289 0
    endloop
  endfacet
  facet normal -0.2278 0.973708 0
    outer loop
      vertex -8.4653 20.6875 0
      vertex -8.5354 20.6711 5
      vertex -8.4653 20.6875 5
    endloop
  endfacet
  facet normal -0.2278 0.973708 0
    outer loop
      vertex -8.5354 20.6711 5
      vertex -8.4653 20.6875 0
      vertex -8.5354 20.6711 0
    endloop
  endfacet
  facet normal -0.0972476 0.99526 0
    outer loop
      vertex -8.60642 20.6594 0
      vertex -8.67806 20.6524 5
      vertex -8.60642 20.6594 5
    endloop
  endfacet
  facet normal -0.0972476 0.99526 0
    outer loop
      vertex -8.67806 20.6524 5
      vertex -8.60642 20.6594 0
      vertex -8.67806 20.6524 0
    endloop
  endfacet
  facet normal -0.162551 0.9867 0
    outer loop
      vertex -8.5354 20.6711 0
      vertex -8.60642 20.6594 5
      vertex -8.5354 20.6711 5
    endloop
  endfacet
  facet normal -0.162551 0.9867 0
    outer loop
      vertex -8.60642 20.6594 5
      vertex -8.5354 20.6711 0
      vertex -8.60642 20.6594 0
    endloop
  endfacet
  facet normal -0.351565 0.936163 0
    outer loop
      vertex -8.32905 20.7337 0
      vertex -8.39642 20.7084 5
      vertex -8.32905 20.7337 5
    endloop
  endfacet
  facet normal -0.351565 0.936163 0
    outer loop
      vertex -8.39642 20.7084 5
      vertex -8.32905 20.7337 0
      vertex -8.39642 20.7084 0
    endloop
  endfacet
  facet normal -0.683525 0.729927 0
    outer loop
      vertex -7.97218 20.9722 0
      vertex -8.02472 20.923 5
      vertex -7.97218 20.9722 5
    endloop
  endfacet
  facet normal -0.683525 0.729927 0
    outer loop
      vertex -8.02472 20.923 5
      vertex -7.97218 20.9722 0
      vertex -8.02472 20.923 0
    endloop
  endfacet
  facet normal -0.582224 0.813029 0
    outer loop
      vertex -8.08036 20.8773 0
      vertex -8.13887 20.8354 5
      vertex -8.08036 20.8773 5
    endloop
  endfacet
  facet normal -0.582224 0.813029 0
    outer loop
      vertex -8.13887 20.8354 5
      vertex -8.08036 20.8773 0
      vertex -8.13887 20.8354 0
    endloop
  endfacet
  facet normal -0.527937 0.849284 0
    outer loop
      vertex -8.13887 20.8354 0
      vertex -8.2 20.7974 5
      vertex -8.13887 20.8354 5
    endloop
  endfacet
  facet normal -0.527937 0.849284 0
    outer loop
      vertex -8.2 20.7974 5
      vertex -8.13887 20.8354 0
      vertex -8.2 20.7974 0
    endloop
  endfacet
  facet normal -0.910695 0.41308 0
    outer loop
      vertex -7.76344 21.2635 0
      vertex -7.73373 21.329 5
      vertex -7.73373 21.329 0
    endloop
  endfacet
  facet normal -0.910695 0.41308 0
    outer loop
      vertex -7.73373 21.329 5
      vertex -7.76344 21.2635 0
      vertex -7.76344 21.2635 5
    endloop
  endfacet
  facet normal -0.999466 0.0326668 0
    outer loop
      vertex -7.65235 21.6781 0
      vertex -7.65 21.75 5
      vertex -7.65 21.75 0
    endloop
  endfacet
  facet normal -0.999466 0.0326668 0
    outer loop
      vertex -7.65 21.75 5
      vertex -7.65235 21.6781 0
      vertex -7.65235 21.6781 5
    endloop
  endfacet
  facet normal 0.0333426 0.999444 -0
    outer loop
      vertex -8.75 20.65 0
      vertex -8.82194 20.6524 5
      vertex -8.75 20.65 5
    endloop
  endfacet
  facet normal 0.0333426 0.999444 0
    outer loop
      vertex -8.82194 20.6524 5
      vertex -8.75 20.65 0
      vertex -8.82194 20.6524 0
    endloop
  endfacet
  facet normal 0.412599 0.910913 -0
    outer loop
      vertex -9.17095 20.7337 0
      vertex -9.23652 20.7634 3
      vertex -9.17095 20.7337 3
    endloop
  endfacet
  facet normal 0.412599 0.910913 0
    outer loop
      vertex -9.23652 20.7634 3
      vertex -9.17095 20.7337 0
      vertex -9.23652 20.7634 0
    endloop
  endfacet
  facet normal 0.2278 0.973708 -0
    outer loop
      vertex -8.9646 20.6711 0
      vertex -9.0347 20.6875 3
      vertex -8.9646 20.6711 3
    endloop
  endfacet
  facet normal 0.2278 0.973708 0
    outer loop
      vertex -9.0347 20.6875 3
      vertex -8.9646 20.6711 0
      vertex -9.0347 20.6875 0
    endloop
  endfacet
  facet normal -0.0333426 0.999444 0
    outer loop
      vertex -8.67806 20.6524 0
      vertex -8.75 20.65 5
      vertex -8.67806 20.6524 5
    endloop
  endfacet
  facet normal -0.0333426 0.999444 0
    outer loop
      vertex -8.75 20.65 5
      vertex -8.67806 20.6524 0
      vertex -8.75 20.65 0
    endloop
  endfacet
  facet normal 0.683525 0.729927 -0
    outer loop
      vertex -9.47528 20.923 0
      vertex -9.52782 20.9722 3
      vertex -9.47528 20.923 3
    endloop
  endfacet
  facet normal 0.683525 0.729927 0
    outer loop
      vertex -9.52782 20.9722 3
      vertex -9.47528 20.923 0
      vertex -9.52782 20.9722 0
    endloop
  endfacet
  facet normal 0.881987 0.471273 0
    outer loop
      vertex -9.70263 21.2 3
      vertex -9.73656 21.2635 0
      vertex -9.73656 21.2635 3
    endloop
  endfacet
  facet normal 0.881987 0.471273 0
    outer loop
      vertex -9.73656 21.2635 0
      vertex -9.70263 21.2 3
      vertex -9.70263 21.2 0
    endloop
  endfacet
  facet normal 0.849105 0.528224 0
    outer loop
      vertex -9.66462 21.1389 3
      vertex -9.70263 21.2 0
      vertex -9.70263 21.2 3
    endloop
  endfacet
  facet normal 0.849105 0.528224 0
    outer loop
      vertex -9.70263 21.2 0
      vertex -9.66462 21.1389 3
      vertex -9.66462 21.1389 0
    endloop
  endfacet
  facet normal 0.910695 0.41308 0
    outer loop
      vertex -9.73656 21.2635 3
      vertex -9.76627 21.329 0
      vertex -9.76627 21.329 3
    endloop
  endfacet
  facet normal 0.910695 0.41308 0
    outer loop
      vertex -9.76627 21.329 0
      vertex -9.73656 21.2635 3
      vertex -9.73656 21.2635 0
    endloop
  endfacet
  facet normal 0.973892 0.22701 0
    outer loop
      vertex -9.81252 21.4653 3
      vertex -9.82886 21.5354 0
      vertex -9.82886 21.5354 3
    endloop
  endfacet
  facet normal 0.973892 0.22701 0
    outer loop
      vertex -9.82886 21.5354 0
      vertex -9.81252 21.4653 3
      vertex -9.81252 21.4653 0
    endloop
  endfacet
  facet normal 0.995201 0.0978545 0
    outer loop
      vertex -9.84059 21.6064 3
      vertex -9.84764 21.6781 0
      vertex -9.84764 21.6781 3
    endloop
  endfacet
  facet normal 0.995201 0.0978545 0
    outer loop
      vertex -9.84764 21.6781 0
      vertex -9.84059 21.6064 3
      vertex -9.84059 21.6064 0
    endloop
  endfacet
  facet normal -0.0333426 -0.999444 0
    outer loop
      vertex -8.75 22.85 0
      vertex -8.67806 22.8476 5
      vertex -8.75 22.85 5
    endloop
  endfacet
  facet normal -0.0333426 -0.999444 -0
    outer loop
      vertex -8.67806 22.8476 5
      vertex -8.75 22.85 0
      vertex -8.67806 22.8476 0
    endloop
  endfacet
  facet normal -0.412599 -0.910913 0
    outer loop
      vertex -8.32905 22.7663 0
      vertex -8.26348 22.7366 5
      vertex -8.32905 22.7663 5
    endloop
  endfacet
  facet normal -0.412599 -0.910913 -0
    outer loop
      vertex -8.26348 22.7366 5
      vertex -8.32905 22.7663 0
      vertex -8.26348 22.7366 0
    endloop
  endfacet
  facet normal -0.582224 -0.813029 0
    outer loop
      vertex -8.13887 22.6646 0
      vertex -8.08036 22.6227 5
      vertex -8.13887 22.6646 5
    endloop
  endfacet
  facet normal -0.582224 -0.813029 -0
    outer loop
      vertex -8.08036 22.6227 5
      vertex -8.13887 22.6646 0
      vertex -8.08036 22.6227 0
    endloop
  endfacet
  facet normal 0.910695 -0.41308 0
    outer loop
      vertex -9.76627 22.171 3
      vertex -9.73656 22.2365 0
      vertex -9.73656 22.2365 3
    endloop
  endfacet
  facet normal 0.910695 -0.41308 0
    outer loop
      vertex -9.73656 22.2365 0
      vertex -9.76627 22.171 3
      vertex -9.76627 22.171 0
    endloop
  endfacet
  facet normal 0 0 -1
    outer loop
      vertex -7.65235 21.6781 5
      vertex -7.65235 21.8219 5
      vertex -7.65 21.75 5
    endloop
  endfacet
  facet normal 0 0 -1
    outer loop
      vertex -7.65941 21.6064 5
      vertex -7.65235 21.8219 5
      vertex -7.65235 21.6781 5
    endloop
  endfacet
  facet normal 0 0 -1
    outer loop
      vertex -7.65941 21.6064 5
      vertex -7.65941 21.8936 5
      vertex -7.65235 21.8219 5
    endloop
  endfacet
  facet normal 0 0 -1
    outer loop
      vertex -7.67114 21.5354 5
      vertex -7.65941 21.8936 5
      vertex -7.65941 21.6064 5
    endloop
  endfacet
  facet normal 0 0 -1
    outer loop
      vertex -7.67114 21.5354 5
      vertex -7.67114 21.9646 5
      vertex -7.65941 21.8936 5
    endloop
  endfacet
  facet normal 0 0 -1
    outer loop
      vertex -7.68748 21.4653 5
      vertex -7.67114 21.9646 5
      vertex -7.67114 21.5354 5
    endloop
  endfacet
  facet normal 0 0 -1
    outer loop
      vertex -7.68748 21.4653 5
      vertex -7.68748 22.0347 5
      vertex -7.67114 21.9646 5
    endloop
  endfacet
  facet normal 0 0 -1
    outer loop
      vertex -7.70838 21.3964 5
      vertex -7.68748 22.0347 5
      vertex -7.68748 21.4653 5
    endloop
  endfacet
  facet normal 0 0 -1
    outer loop
      vertex -7.70838 21.3964 5
      vertex -7.70838 22.1036 5
      vertex -7.68748 22.0347 5
    endloop
  endfacet
  facet normal 0 0 -1
    outer loop
      vertex -7.73373 21.329 5
      vertex -7.70838 22.1036 5
      vertex -7.70838 21.3964 5
    endloop
  endfacet
  facet normal 0 0 -1
    outer loop
      vertex -7.73373 21.329 5
      vertex -7.73373 22.171 5
      vertex -7.70838 22.1036 5
    endloop
  endfacet
  facet normal 0 0 -1
    outer loop
      vertex -7.76344 21.2635 5
      vertex -7.73373 22.171 5
      vertex -7.73373 21.329 5
    endloop
  endfacet
  facet normal 0 0 -1
    outer loop
      vertex -7.76344 21.2635 5
      vertex -7.76344 22.2365 5
      vertex -7.73373 22.171 5
    endloop
  endfacet
  facet normal 0 0 -1
    outer loop
      vertex -7.79737 21.2 5
      vertex -7.76344 22.2365 5
      vertex -7.76344 21.2635 5
    endloop
  endfacet
  facet normal 0 0 -1
    outer loop
      vertex -7.79737 21.2 5
      vertex -7.79737 22.3 5
      vertex -7.76344 22.2365 5
    endloop
  endfacet
  facet normal 0 0 -1
    outer loop
      vertex -7.83538 21.1389 5
      vertex -7.79737 22.3 5
      vertex -7.79737 21.2 5
    endloop
  endfacet
  facet normal 0 0 -1
    outer loop
      vertex -7.83538 21.1389 5
      vertex -7.83538 22.3611 5
      vertex -7.79737 22.3 5
    endloop
  endfacet
  facet normal 0 0 -1
    outer loop
      vertex -7.87731 21.0804 5
      vertex -7.83538 22.3611 5
      vertex -7.83538 21.1389 5
    endloop
  endfacet
  facet normal 0 0 -1
    outer loop
      vertex -7.87731 21.0804 5
      vertex -7.87731 22.4196 5
      vertex -7.83538 22.3611 5
    endloop
  endfacet
  facet normal 0 0 -1
    outer loop
      vertex -7.92298 21.0247 5
      vertex -7.87731 22.4196 5
      vertex -7.87731 21.0804 5
    endloop
  endfacet
  facet normal 0 0 -1
    outer loop
      vertex -7.92298 21.0247 5
      vertex -7.92298 22.4753 5
      vertex -7.87731 22.4196 5
    endloop
  endfacet
  facet normal 0 0 -1
    outer loop
      vertex -7.97218 20.9722 5
      vertex -7.92298 22.4753 5
      vertex -7.92298 21.0247 5
    endloop
  endfacet
  facet normal 0 0 -1
    outer loop
      vertex -7.97218 20.9722 5
      vertex -7.97218 22.5278 5
      vertex -7.92298 22.4753 5
    endloop
  endfacet
  facet normal 0 0 -1
    outer loop
      vertex -8.02472 20.923 5
      vertex -7.97218 22.5278 5
      vertex -7.97218 20.9722 5
    endloop
  endfacet
  facet normal 0 0 -1
    outer loop
      vertex -8.02472 20.923 5
      vertex -8.02472 22.577 5
      vertex -7.97218 22.5278 5
    endloop
  endfacet
  facet normal 0 0 -1
    outer loop
      vertex -8.08036 20.8773 5
      vertex -8.02472 22.577 5
      vertex -8.02472 20.923 5
    endloop
  endfacet
  facet normal 0 0 -1
    outer loop
      vertex -8.08036 20.8773 5
      vertex -8.08036 22.6227 5
      vertex -8.02472 22.577 5
    endloop
  endfacet
  facet normal 0 0 -1
    outer loop
      vertex -8.13887 20.8354 5
      vertex -8.08036 22.6227 5
      vertex -8.08036 20.8773 5
    endloop
  endfacet
  facet normal 0 0 -1
    outer loop
      vertex -8.13887 20.8354 5
      vertex -8.13887 22.6646 5
      vertex -8.08036 22.6227 5
    endloop
  endfacet
  facet normal 0 0 -1
    outer loop
      vertex -8.2 20.7974 5
      vertex -8.13887 22.6646 5
      vertex -8.13887 20.8354 5
    endloop
  endfacet
  facet normal 0 0 -1
    outer loop
      vertex -8.2 20.7974 5
      vertex -8.2 22.7026 5
      vertex -8.13887 22.6646 5
    endloop
  endfacet
  facet normal 0 0 -1
    outer loop
      vertex -8.26348 20.7634 5
      vertex -8.2 22.7026 5
      vertex -8.2 20.7974 5
    endloop
  endfacet
  facet normal 0 0 -1
    outer loop
      vertex -8.26348 20.7634 5
      vertex -8.26348 22.7366 5
      vertex -8.2 22.7026 5
    endloop
  endfacet
  facet normal 0 0 -1
    outer loop
      vertex -8.32905 20.7337 5
      vertex -8.26348 22.7366 5
      vertex -8.26348 20.7634 5
    endloop
  endfacet
  facet normal 0 0 -1
    outer loop
      vertex -8.32905 20.7337 5
      vertex -8.32905 22.7663 5
      vertex -8.26348 22.7366 5
    endloop
  endfacet
  facet normal 0 0 -1
    outer loop
      vertex -8.39642 20.7084 5
      vertex -8.32905 22.7663 5
      vertex -8.32905 20.7337 5
    endloop
  endfacet
  facet normal 0 0 -1
    outer loop
      vertex -8.39642 20.7084 5
      vertex -8.39642 22.7916 5
      vertex -8.32905 22.7663 5
    endloop
  endfacet
  facet normal 0 0 -1
    outer loop
      vertex -8.4653 20.6875 5
      vertex -8.39642 22.7916 5
      vertex -8.39642 20.7084 5
    endloop
  endfacet
  facet normal 0 0 -1
    outer loop
      vertex -8.4653 20.6875 5
      vertex -8.4653 22.8125 5
      vertex -8.39642 22.7916 5
    endloop
  endfacet
  facet normal 0 0 -1
    outer loop
      vertex -8.5354 20.6711 5
      vertex -8.4653 22.8125 5
      vertex -8.4653 20.6875 5
    endloop
  endfacet
  facet normal 0 0 -1
    outer loop
      vertex -8.5354 20.6711 5
      vertex -8.5354 22.8289 5
      vertex -8.4653 22.8125 5
    endloop
  endfacet
  facet normal 0 0 -1
    outer loop
      vertex -8.60642 20.6594 5
      vertex -8.5354 22.8289 5
      vertex -8.5354 20.6711 5
    endloop
  endfacet
  facet normal 0 0 -1
    outer loop
      vertex -8.60642 20.6594 5
      vertex -8.60642 22.8406 5
      vertex -8.5354 22.8289 5
    endloop
  endfacet
  facet normal 0 0 -1
    outer loop
      vertex -8.67806 20.6524 5
      vertex -8.60642 22.8406 5
      vertex -8.60642 20.6594 5
    endloop
  endfacet
  facet normal 0 0 -1
    outer loop
      vertex -8.67806 20.6524 5
      vertex -8.67806 22.8476 5
      vertex -8.60642 22.8406 5
    endloop
  endfacet
  facet normal 0 0 -1
    outer loop
      vertex -8.75 20.65 5
      vertex -8.67806 22.8476 5
      vertex -8.67806 20.6524 5
    endloop
  endfacet
  facet normal 0 0 -1
    outer loop
      vertex -8.75 20.65 5
      vertex -8.75 22.85 5
      vertex -8.67806 22.8476 5
    endloop
  endfacet
  facet normal 0 0 -1
    outer loop
      vertex -8.82194 20.6524 5
      vertex -8.75 22.85 5
      vertex -8.75 20.65 5
    endloop
  endfacet
  facet normal 0 0 -1
    outer loop
      vertex -8.82194 20.6524 5
      vertex -8.82194 22.8476 5
      vertex -8.75 22.85 5
    endloop
  endfacet
  facet normal 0 0 -1
    outer loop
      vertex -8.9 20.6605 5
      vertex -8.82194 20.6524 5
      vertex -8.89358 20.6594 5
    endloop
  endfacet
  facet normal 0 0 -1
    outer loop
      vertex -8.82194 20.6524 5
      vertex -8.9 20.6605 5
      vertex -8.82194 22.8476 5
    endloop
  endfacet
  facet normal 0 0 -1
    outer loop
      vertex -8.9 22.8395 5
      vertex -8.82194 22.8476 5
      vertex -8.9 20.6605 5
    endloop
  endfacet
  facet normal 0 0 -1
    outer loop
      vertex -8.82194 22.8476 5
      vertex -8.9 22.8395 5
      vertex -8.89358 22.8406 5
    endloop
  endfacet
  facet normal -0.849105 0.528224 0
    outer loop
      vertex -7.83538 21.1389 0
      vertex -7.79737 21.2 5
      vertex -7.79737 21.2 0
    endloop
  endfacet
  facet normal -0.849105 0.528224 0
    outer loop
      vertex -7.79737 21.2 5
      vertex -7.83538 21.1389 0
      vertex -7.83538 21.1389 5
    endloop
  endfacet
  facet normal -0.986626 0.163002 0
    outer loop
      vertex -7.67114 21.5354 0
      vertex -7.65941 21.6064 5
      vertex -7.65941 21.6064 0
    endloop
  endfacet
  facet normal -0.986626 0.163002 0
    outer loop
      vertex -7.65941 21.6064 5
      vertex -7.67114 21.5354 0
      vertex -7.67114 21.5354 5
    endloop
  endfacet
  facet normal 0.527937 0.849284 -0
    outer loop
      vertex -9.3 20.7974 0
      vertex -9.36113 20.8354 3
      vertex -9.3 20.7974 3
    endloop
  endfacet
  facet normal 0.527937 0.849284 0
    outer loop
      vertex -9.36113 20.8354 3
      vertex -9.3 20.7974 0
      vertex -9.36113 20.8354 0
    endloop
  endfacet
  facet normal 0.168879 0.985637 0
    outer loop
      vertex -8.89358 20.6594 5
      vertex -8.9 20.6605 3
      vertex -8.9 20.6605 5
    endloop
  endfacet
  facet normal 0.168879 0.985637 -0
    outer loop
      vertex -8.89358 20.6594 0
      vertex -8.9 20.6605 3
      vertex -8.89358 20.6594 5
    endloop
  endfacet
  facet normal 0.161921 0.986804 -1.53163e-05
    outer loop
      vertex -8.89358 20.6594 0
      vertex -8.9646 20.6711 3
      vertex -8.9 20.6605 3
    endloop
  endfacet
  facet normal 0.162551 0.9867 0
    outer loop
      vertex -8.9646 20.6711 3
      vertex -8.89358 20.6594 0
      vertex -8.9646 20.6711 0
    endloop
  endfacet
  facet normal 0.986626 0.163002 0
    outer loop
      vertex -9.82886 21.5354 3
      vertex -9.84059 21.6064 0
      vertex -9.84059 21.6064 3
    endloop
  endfacet
  facet normal 0.986626 0.163002 0
    outer loop
      vertex -9.84059 21.6064 0
      vertex -9.82886 21.5354 3
      vertex -9.82886 21.5354 0
    endloop
  endfacet
  facet normal -0.999443 -0.0333611 0
    outer loop
      vertex 20.95 21.75 0
      vertex 20.9476 21.8219 3
      vertex 20.9476 21.8219 0
    endloop
  endfacet
  facet normal -0.999443 -0.0333611 0
    outer loop
      vertex 20.9476 21.8219 3
      vertex 20.95 21.75 0
      vertex 20.95 21.75 3
    endloop
  endfacet
  facet normal 0.0333611 -0.999443 0
    outer loop
      vertex 19.7781 22.8476 0
      vertex 19.85 22.85 5
      vertex 19.7781 22.8476 5
    endloop
  endfacet
  facet normal 0.0333611 -0.999443 0
    outer loop
      vertex 19.85 22.85 5
      vertex 19.7781 22.8476 0
      vertex 19.85 22.85 0
    endloop
  endfacet
  facet normal -0.0333611 0.999443 0
    outer loop
      vertex 19.9219 20.6524 0
      vertex 19.85 20.65 5
      vertex 19.9219 20.6524 5
    endloop
  endfacet
  facet normal -0.0333611 0.999443 0
    outer loop
      vertex 19.85 20.65 5
      vertex 19.9219 20.6524 0
      vertex 19.85 20.65 0
    endloop
  endfacet
  facet normal -0.683802 -0.729667 0
    outer loop
      vertex 20.5753 22.577 0
      vertex 20.6278 22.5278 3
      vertex 20.5753 22.577 3
    endloop
  endfacet
  facet normal -0.683802 -0.729667 -0
    outer loop
      vertex 20.6278 22.5278 3
      vertex 20.5753 22.577 0
      vertex 20.6278 22.5278 0
    endloop
  endfacet
  facet normal 0.729667 -0.683802 0
    outer loop
      vertex 19.023 22.4753 5
      vertex 19.0722 22.5278 0
      vertex 19.0722 22.5278 5
    endloop
  endfacet
  facet normal 0.729667 -0.683802 0
    outer loop
      vertex 19.0722 22.5278 0
      vertex 19.023 22.4753 5
      vertex 19.023 22.4753 0
    endloop
  endfacet
  facet normal 0.956943 0.290277 0
    outer loop
      vertex 18.8084 21.3964 5
      vertex 18.7875 21.4653 0
      vertex 18.7875 21.4653 5
    endloop
  endfacet
  facet normal 0.956943 0.290277 0
    outer loop
      vertex 18.7875 21.4653 0
      vertex 18.8084 21.3964 5
      vertex 18.8084 21.3964 0
    endloop
  endfacet
  facet normal -0.910747 -0.412965 0
    outer loop
      vertex 20.8663 22.171 0
      vertex 20.8366 22.2365 3
      vertex 20.8366 22.2365 0
    endloop
  endfacet
  facet normal -0.910747 -0.412965 0
    outer loop
      vertex 20.8366 22.2365 3
      vertex 20.8663 22.171 0
      vertex 20.8663 22.171 3
    endloop
  endfacet
  facet normal -0.412965 -0.910747 0
    outer loop
      vertex 20.271 22.7663 0
      vertex 20.3365 22.7366 3
      vertex 20.271 22.7663 3
    endloop
  endfacet
  facet normal -0.412965 -0.910747 -0
    outer loop
      vertex 20.3365 22.7366 3
      vertex 20.271 22.7663 0
      vertex 20.3365 22.7366 0
    endloop
  endfacet
  facet normal 0.881583 -0.472029 0
    outer loop
      vertex 18.8634 22.2365 5
      vertex 18.8974 22.3 0
      vertex 18.8974 22.3 5
    endloop
  endfacet
  facet normal 0.881583 -0.472029 0
    outer loop
      vertex 18.8974 22.3 0
      vertex 18.8634 22.2365 5
      vertex 18.8634 22.2365 0
    endloop
  endfacet
  facet normal 0.849167 -0.528124 0
    outer loop
      vertex 18.8974 22.3 5
      vertex 18.9354 22.3611 0
      vertex 18.9354 22.3611 5
    endloop
  endfacet
  facet normal 0.849167 -0.528124 0
    outer loop
      vertex 18.9354 22.3611 0
      vertex 18.8974 22.3 5
      vertex 18.8974 22.3 0
    endloop
  endfacet
  facet normal 0.683802 -0.729667 0
    outer loop
      vertex 19.0722 22.5278 0
      vertex 19.1247 22.577 5
      vertex 19.0722 22.5278 5
    endloop
  endfacet
  facet normal 0.683802 -0.729667 0
    outer loop
      vertex 19.1247 22.577 5
      vertex 19.0722 22.5278 0
      vertex 19.1247 22.577 0
    endloop
  endfacet
  facet normal 0.2278 -0.973708 0
    outer loop
      vertex 19.5653 22.8125 0
      vertex 19.6354 22.8289 5
      vertex 19.5653 22.8125 5
    endloop
  endfacet
  facet normal 0.2278 -0.973708 0
    outer loop
      vertex 19.6354 22.8289 5
      vertex 19.5653 22.8125 0
      vertex 19.6354 22.8289 0
    endloop
  endfacet
  facet normal -0.881583 0.472029 0
    outer loop
      vertex 20.8026 21.2 0
      vertex 20.8366 21.2635 3
      vertex 20.8366 21.2635 0
    endloop
  endfacet
  facet normal -0.881583 0.472029 0
    outer loop
      vertex 20.8366 21.2635 3
      vertex 20.8026 21.2 0
      vertex 20.8026 21.2 3
    endloop
  endfacet
  facet normal -0.290277 0.956943 0
    outer loop
      vertex 20.2036 20.7084 0
      vertex 20.1347 20.6875 3
      vertex 20.2036 20.7084 3
    endloop
  endfacet
  facet normal -0.290277 0.956943 0
    outer loop
      vertex 20.1347 20.6875 3
      vertex 20.2036 20.7084 0
      vertex 20.1347 20.6875 0
    endloop
  endfacet
  facet normal -0.683802 0.729667 0
    outer loop
      vertex 20.6278 20.9722 0
      vertex 20.5753 20.923 3
      vertex 20.6278 20.9722 3
    endloop
  endfacet
  facet normal -0.683802 0.729667 0
    outer loop
      vertex 20.5753 20.923 3
      vertex 20.6278 20.9722 0
      vertex 20.5753 20.923 0
    endloop
  endfacet
  facet normal 0.290277 0.956943 -0
    outer loop
      vertex 19.5653 20.6875 0
      vertex 19.4964 20.7084 5
      vertex 19.5653 20.6875 5
    endloop
  endfacet
  facet normal 0.290277 0.956943 0
    outer loop
      vertex 19.4964 20.7084 5
      vertex 19.5653 20.6875 0
      vertex 19.4964 20.7084 0
    endloop
  endfacet
  facet normal -0.973708 -0.2278 0
    outer loop
      vertex 20.9289 21.9646 0
      vertex 20.9125 22.0347 3
      vertex 20.9125 22.0347 0
    endloop
  endfacet
  facet normal -0.973708 -0.2278 0
    outer loop
      vertex 20.9125 22.0347 3
      vertex 20.9289 21.9646 0
      vertex 20.9289 21.9646 3
    endloop
  endfacet
  facet normal -0.956943 -0.290277 0
    outer loop
      vertex 20.9125 22.0347 0
      vertex 20.8916 22.1036 3
      vertex 20.8916 22.1036 0
    endloop
  endfacet
  facet normal -0.956943 -0.290277 0
    outer loop
      vertex 20.8916 22.1036 3
      vertex 20.9125 22.0347 0
      vertex 20.9125 22.0347 3
    endloop
  endfacet
  facet normal -0.812982 -0.582289 0
    outer loop
      vertex 20.7646 22.3611 0
      vertex 20.7227 22.4196 3
      vertex 20.7227 22.4196 0
    endloop
  endfacet
  facet normal -0.812982 -0.582289 0
    outer loop
      vertex 20.7227 22.4196 3
      vertex 20.7646 22.3611 0
      vertex 20.7646 22.3611 3
    endloop
  endfacet
  facet normal -0.729667 -0.683802 0
    outer loop
      vertex 20.677 22.4753 0
      vertex 20.6278 22.5278 3
      vertex 20.6278 22.5278 0
    endloop
  endfacet
  facet normal -0.729667 -0.683802 0
    outer loop
      vertex 20.6278 22.5278 3
      vertex 20.677 22.4753 0
      vertex 20.677 22.4753 3
    endloop
  endfacet
  facet normal -0.169391 -0.985549 0
    outer loop
      vertex 19.9936 22.8406 5
      vertex 20 22.8395 3
      vertex 20 22.8395 5
    endloop
  endfacet
  facet normal -0.169391 -0.985549 0
    outer loop
      vertex 19.9936 22.8406 0
      vertex 20 22.8395 3
      vertex 19.9936 22.8406 5
    endloop
  endfacet
  facet normal -0.161921 -0.986804 -1.63958e-05
    outer loop
      vertex 19.9936 22.8406 0
      vertex 20.0646 22.8289 3
      vertex 20 22.8395 3
    endloop
  endfacet
  facet normal -0.162596 -0.986693 -0
    outer loop
      vertex 20.0646 22.8289 3
      vertex 19.9936 22.8406 0
      vertex 20.0646 22.8289 0
    endloop
  endfacet
  facet normal -0.290277 -0.956943 0
    outer loop
      vertex 20.1347 22.8125 0
      vertex 20.2036 22.7916 3
      vertex 20.1347 22.8125 3
    endloop
  endfacet
  facet normal -0.290277 -0.956943 -0
    outer loop
      vertex 20.2036 22.7916 3
      vertex 20.1347 22.8125 0
      vertex 20.2036 22.7916 0
    endloop
  endfacet
  facet normal -0.097167 -0.995268 0
    outer loop
      vertex 19.9219 22.8476 0
      vertex 19.9936 22.8406 5
      vertex 19.9219 22.8476 5
    endloop
  endfacet
  facet normal -0.097167 -0.995268 -0
    outer loop
      vertex 19.9936 22.8406 5
      vertex 19.9219 22.8476 0
      vertex 19.9936 22.8406 0
    endloop
  endfacet
  facet normal -0.634295 -0.773091 0
    outer loop
      vertex 20.5196 22.6227 0
      vertex 20.5753 22.577 3
      vertex 20.5196 22.6227 3
    endloop
  endfacet
  facet normal -0.634295 -0.773091 -0
    outer loop
      vertex 20.5753 22.577 3
      vertex 20.5196 22.6227 0
      vertex 20.5753 22.577 0
    endloop
  endfacet
  facet normal 0.986693 -0.162596 0
    outer loop
      vertex 18.7594 21.8936 5
      vertex 18.7711 21.9646 0
      vertex 18.7711 21.9646 5
    endloop
  endfacet
  facet normal 0.986693 -0.162596 0
    outer loop
      vertex 18.7711 21.9646 0
      vertex 18.7594 21.8936 5
      vertex 18.7594 21.8936 0
    endloop
  endfacet
  facet normal 0.936215 -0.351428 0
    outer loop
      vertex 18.8084 22.1036 5
      vertex 18.8337 22.171 0
      vertex 18.8337 22.171 5
    endloop
  endfacet
  facet normal 0.936215 -0.351428 0
    outer loop
      vertex 18.8337 22.171 0
      vertex 18.8084 22.1036 5
      vertex 18.8084 22.1036 0
    endloop
  endfacet
  facet normal 0.995268 -0.097167 0
    outer loop
      vertex 18.7524 21.8219 5
      vertex 18.7594 21.8936 0
      vertex 18.7594 21.8936 5
    endloop
  endfacet
  facet normal 0.995268 -0.097167 0
    outer loop
      vertex 18.7594 21.8936 0
      vertex 18.7524 21.8219 5
      vertex 18.7524 21.8219 0
    endloop
  endfacet
  facet normal 0.582289 -0.812982 0
    outer loop
      vertex 19.1804 22.6227 0
      vertex 19.2389 22.6646 5
      vertex 19.1804 22.6227 5
    endloop
  endfacet
  facet normal 0.582289 -0.812982 0
    outer loop
      vertex 19.2389 22.6646 5
      vertex 19.1804 22.6227 0
      vertex 19.2389 22.6646 0
    endloop
  endfacet
  facet normal 0.472029 -0.881583 0
    outer loop
      vertex 19.3 22.7026 0
      vertex 19.3635 22.7366 5
      vertex 19.3 22.7026 5
    endloop
  endfacet
  facet normal 0.472029 -0.881583 0
    outer loop
      vertex 19.3635 22.7366 5
      vertex 19.3 22.7026 0
      vertex 19.3635 22.7366 0
    endloop
  endfacet
  facet normal 0.351428 -0.936215 0
    outer loop
      vertex 19.429 22.7663 0
      vertex 19.4964 22.7916 5
      vertex 19.429 22.7663 5
    endloop
  endfacet
  facet normal 0.351428 -0.936215 0
    outer loop
      vertex 19.4964 22.7916 5
      vertex 19.429 22.7663 0
      vertex 19.4964 22.7916 0
    endloop
  endfacet
  facet normal 0.162596 -0.986693 0
    outer loop
      vertex 19.6354 22.8289 0
      vertex 19.7064 22.8406 5
      vertex 19.6354 22.8289 5
    endloop
  endfacet
  facet normal 0.162596 -0.986693 0
    outer loop
      vertex 19.7064 22.8406 5
      vertex 19.6354 22.8289 0
      vertex 19.7064 22.8406 0
    endloop
  endfacet
  facet normal -0.472029 0.881583 0
    outer loop
      vertex 20.4 20.7974 0
      vertex 20.3365 20.7634 3
      vertex 20.4 20.7974 3
    endloop
  endfacet
  facet normal -0.472029 0.881583 0
    outer loop
      vertex 20.3365 20.7634 3
      vertex 20.4 20.7974 0
      vertex 20.3365 20.7634 0
    endloop
  endfacet
  facet normal -0.634295 0.773091 0
    outer loop
      vertex 20.5753 20.923 0
      vertex 20.5196 20.8773 3
      vertex 20.5753 20.923 3
    endloop
  endfacet
  facet normal -0.634295 0.773091 0
    outer loop
      vertex 20.5196 20.8773 3
      vertex 20.5753 20.923 0
      vertex 20.5196 20.8773 0
    endloop
  endfacet
  facet normal -0.849167 0.528124 0
    outer loop
      vertex 20.7646 21.1389 0
      vertex 20.8026 21.2 3
      vertex 20.8026 21.2 0
    endloop
  endfacet
  facet normal -0.849167 0.528124 0
    outer loop
      vertex 20.8026 21.2 3
      vertex 20.7646 21.1389 0
      vertex 20.7646 21.1389 3
    endloop
  endfacet
  facet normal 0.634295 0.773091 -0
    outer loop
      vertex 19.1804 20.8773 0
      vertex 19.1247 20.923 5
      vertex 19.1804 20.8773 5
    endloop
  endfacet
  facet normal 0.634295 0.773091 0
    outer loop
      vertex 19.1247 20.923 5
      vertex 19.1804 20.8773 0
      vertex 19.1247 20.923 0
    endloop
  endfacet
  facet normal 0.528124 0.849167 -0
    outer loop
      vertex 19.3 20.7974 0
      vertex 19.2389 20.8354 5
      vertex 19.3 20.7974 5
    endloop
  endfacet
  facet normal 0.528124 0.849167 0
    outer loop
      vertex 19.2389 20.8354 5
      vertex 19.3 20.7974 0
      vertex 19.2389 20.8354 0
    endloop
  endfacet
  facet normal 0.472029 0.881583 -0
    outer loop
      vertex 19.3635 20.7634 0
      vertex 19.3 20.7974 5
      vertex 19.3635 20.7634 5
    endloop
  endfacet
  facet normal 0.472029 0.881583 0
    outer loop
      vertex 19.3 20.7974 5
      vertex 19.3635 20.7634 0
      vertex 19.3 20.7974 0
    endloop
  endfacet
  facet normal 0.097167 0.995268 -0
    outer loop
      vertex 19.7781 20.6524 0
      vertex 19.7064 20.6594 5
      vertex 19.7781 20.6524 5
    endloop
  endfacet
  facet normal 0.097167 0.995268 0
    outer loop
      vertex 19.7064 20.6594 5
      vertex 19.7781 20.6524 0
      vertex 19.7064 20.6594 0
    endloop
  endfacet
  facet normal 0.881583 0.472029 0
    outer loop
      vertex 18.8974 21.2 5
      vertex 18.8634 21.2635 0
      vertex 18.8634 21.2635 5
    endloop
  endfacet
  facet normal 0.881583 0.472029 0
    outer loop
      vertex 18.8634 21.2635 0
      vertex 18.8974 21.2 5
      vertex 18.8974 21.2 0
    endloop
  endfacet
  facet normal 0.910747 0.412965 0
    outer loop
      vertex 18.8634 21.2635 5
      vertex 18.8337 21.329 0
      vertex 18.8337 21.329 5
    endloop
  endfacet
  facet normal 0.910747 0.412965 0
    outer loop
      vertex 18.8337 21.329 0
      vertex 18.8634 21.2635 5
      vertex 18.8634 21.2635 0
    endloop
  endfacet
  facet normal 0.995268 0.097167 0
    outer loop
      vertex 18.7594 21.6064 5
      vertex 18.7524 21.6781 0
      vertex 18.7524 21.6781 5
    endloop
  endfacet
  facet normal 0.995268 0.097167 0
    outer loop
      vertex 18.7524 21.6781 0
      vertex 18.7594 21.6064 5
      vertex 18.7594 21.6064 0
    endloop
  endfacet
  facet normal -0.986693 -0.162596 0
    outer loop
      vertex 20.9406 21.8936 0
      vertex 20.9289 21.9646 3
      vertex 20.9289 21.9646 0
    endloop
  endfacet
  facet normal -0.986693 -0.162596 0
    outer loop
      vertex 20.9289 21.9646 3
      vertex 20.9406 21.8936 0
      vertex 20.9406 21.8936 3
    endloop
  endfacet
  facet normal -0.995268 -0.097167 0
    outer loop
      vertex 20.9476 21.8219 0
      vertex 20.9406 21.8936 3
      vertex 20.9406 21.8936 0
    endloop
  endfacet
  facet normal -0.995268 -0.097167 0
    outer loop
      vertex 20.9406 21.8936 3
      vertex 20.9476 21.8219 0
      vertex 20.9476 21.8219 3
    endloop
  endfacet
  facet normal -0.936215 -0.351428 0
    outer loop
      vertex 20.8916 22.1036 0
      vertex 20.8663 22.171 3
      vertex 20.8663 22.171 0
    endloop
  endfacet
  facet normal -0.936215 -0.351428 0
    outer loop
      vertex 20.8663 22.171 3
      vertex 20.8916 22.1036 0
      vertex 20.8916 22.1036 3
    endloop
  endfacet
  facet normal -0.773091 -0.634295 0
    outer loop
      vertex 20.7227 22.4196 0
      vertex 20.677 22.4753 3
      vertex 20.677 22.4753 0
    endloop
  endfacet
  facet normal -0.773091 -0.634295 0
    outer loop
      vertex 20.677 22.4753 3
      vertex 20.7227 22.4196 0
      vertex 20.7227 22.4196 3
    endloop
  endfacet
  facet normal -0.849167 -0.528124 0
    outer loop
      vertex 20.8026 22.3 0
      vertex 20.7646 22.3611 3
      vertex 20.7646 22.3611 0
    endloop
  endfacet
  facet normal -0.849167 -0.528124 0
    outer loop
      vertex 20.7646 22.3611 3
      vertex 20.8026 22.3 0
      vertex 20.8026 22.3 3
    endloop
  endfacet
  facet normal -0.881583 -0.472029 0
    outer loop
      vertex 20.8366 22.2365 0
      vertex 20.8026 22.3 3
      vertex 20.8026 22.3 0
    endloop
  endfacet
  facet normal -0.881583 -0.472029 0
    outer loop
      vertex 20.8026 22.3 3
      vertex 20.8366 22.2365 0
      vertex 20.8366 22.2365 3
    endloop
  endfacet
  facet normal -0.2278 -0.973708 0
    outer loop
      vertex 20.0646 22.8289 0
      vertex 20.1347 22.8125 3
      vertex 20.0646 22.8289 3
    endloop
  endfacet
  facet normal -0.2278 -0.973708 -0
    outer loop
      vertex 20.1347 22.8125 3
      vertex 20.0646 22.8289 0
      vertex 20.1347 22.8125 0
    endloop
  endfacet
  facet normal -0.0333611 -0.999443 0
    outer loop
      vertex 19.85 22.85 0
      vertex 19.9219 22.8476 5
      vertex 19.85 22.85 5
    endloop
  endfacet
  facet normal -0.0333611 -0.999443 -0
    outer loop
      vertex 19.9219 22.8476 5
      vertex 19.85 22.85 0
      vertex 19.9219 22.8476 0
    endloop
  endfacet
  facet normal -0.351428 -0.936215 0
    outer loop
      vertex 20.2036 22.7916 0
      vertex 20.271 22.7663 3
      vertex 20.2036 22.7916 3
    endloop
  endfacet
  facet normal -0.351428 -0.936215 -0
    outer loop
      vertex 20.271 22.7663 3
      vertex 20.2036 22.7916 0
      vertex 20.271 22.7663 0
    endloop
  endfacet
  facet normal -0.472029 -0.881583 0
    outer loop
      vertex 20.3365 22.7366 0
      vertex 20.4 22.7026 3
      vertex 20.3365 22.7366 3
    endloop
  endfacet
  facet normal -0.472029 -0.881583 -0
    outer loop
      vertex 20.4 22.7026 3
      vertex 20.3365 22.7366 0
      vertex 20.4 22.7026 0
    endloop
  endfacet
  facet normal -0.528124 -0.849167 0
    outer loop
      vertex 20.4 22.7026 0
      vertex 20.4611 22.6646 3
      vertex 20.4 22.7026 3
    endloop
  endfacet
  facet normal -0.528124 -0.849167 -0
    outer loop
      vertex 20.4611 22.6646 3
      vertex 20.4 22.7026 0
      vertex 20.4611 22.6646 0
    endloop
  endfacet
  facet normal -0.582289 -0.812982 0
    outer loop
      vertex 20.4611 22.6646 0
      vertex 20.5196 22.6227 3
      vertex 20.4611 22.6646 3
    endloop
  endfacet
  facet normal -0.582289 -0.812982 -0
    outer loop
      vertex 20.5196 22.6227 3
      vertex 20.4611 22.6646 0
      vertex 20.5196 22.6227 0
    endloop
  endfacet
  facet normal 0.773091 -0.634295 0
    outer loop
      vertex 18.9773 22.4196 5
      vertex 19.023 22.4753 0
      vertex 19.023 22.4753 5
    endloop
  endfacet
  facet normal 0.773091 -0.634295 0
    outer loop
      vertex 19.023 22.4753 0
      vertex 18.9773 22.4196 5
      vertex 18.9773 22.4196 0
    endloop
  endfacet
  facet normal 0.812982 -0.582289 0
    outer loop
      vertex 18.9354 22.3611 5
      vertex 18.9773 22.4196 0
      vertex 18.9773 22.4196 5
    endloop
  endfacet
  facet normal 0.812982 -0.582289 0
    outer loop
      vertex 18.9773 22.4196 0
      vertex 18.9354 22.3611 5
      vertex 18.9354 22.3611 0
    endloop
  endfacet
  facet normal 0.910747 -0.412965 0
    outer loop
      vertex 18.8337 22.171 5
      vertex 18.8634 22.2365 0
      vertex 18.8634 22.2365 5
    endloop
  endfacet
  facet normal 0.910747 -0.412965 0
    outer loop
      vertex 18.8634 22.2365 0
      vertex 18.8337 22.171 5
      vertex 18.8337 22.171 0
    endloop
  endfacet
  facet normal 0.956943 -0.290277 0
    outer loop
      vertex 18.7875 22.0347 5
      vertex 18.8084 22.1036 0
      vertex 18.8084 22.1036 5
    endloop
  endfacet
  facet normal 0.956943 -0.290277 0
    outer loop
      vertex 18.8084 22.1036 0
      vertex 18.7875 22.0347 5
      vertex 18.7875 22.0347 0
    endloop
  endfacet
  facet normal 0.973708 -0.2278 0
    outer loop
      vertex 18.7711 21.9646 5
      vertex 18.7875 22.0347 0
      vertex 18.7875 22.0347 5
    endloop
  endfacet
  facet normal 0.973708 -0.2278 0
    outer loop
      vertex 18.7875 22.0347 0
      vertex 18.7711 21.9646 5
      vertex 18.7711 21.9646 0
    endloop
  endfacet
  facet normal 0.999443 -0.0333611 0
    outer loop
      vertex 18.75 21.75 5
      vertex 18.7524 21.8219 0
      vertex 18.7524 21.8219 5
    endloop
  endfacet
  facet normal 0.999443 -0.0333611 0
    outer loop
      vertex 18.7524 21.8219 0
      vertex 18.75 21.75 5
      vertex 18.75 21.75 0
    endloop
  endfacet
  facet normal 0 0 -1
    outer loop
      vertex 19.9219 20.6524 5
      vertex 20 20.6605 5
      vertex 19.9936 20.6594 5
    endloop
  endfacet
  facet normal -0 0 -1
    outer loop
      vertex 20 20.6605 5
      vertex 19.9219 20.6524 5
      vertex 20 22.8395 5
    endloop
  endfacet
  facet normal 0 0 -1
    outer loop
      vertex 19.9219 22.8476 5
      vertex 20 22.8395 5
      vertex 19.9219 20.6524 5
    endloop
  endfacet
  facet normal 0 0 -1
    outer loop
      vertex 20 22.8395 5
      vertex 19.9219 22.8476 5
      vertex 19.9936 22.8406 5
    endloop
  endfacet
  facet normal 0 0 -1
    outer loop
      vertex 19.85 20.65 5
      vertex 19.9219 22.8476 5
      vertex 19.9219 20.6524 5
    endloop
  endfacet
  facet normal 0 0 -1
    outer loop
      vertex 19.85 20.65 5
      vertex 19.85 22.85 5
      vertex 19.9219 22.8476 5
    endloop
  endfacet
  facet normal 0 0 -1
    outer loop
      vertex 19.7781 20.6524 5
      vertex 19.85 22.85 5
      vertex 19.85 20.65 5
    endloop
  endfacet
  facet normal 0 0 -1
    outer loop
      vertex 19.7781 20.6524 5
      vertex 19.7781 22.8476 5
      vertex 19.85 22.85 5
    endloop
  endfacet
  facet normal 0 0 -1
    outer loop
      vertex 19.7064 20.6594 5
      vertex 19.7781 22.8476 5
      vertex 19.7781 20.6524 5
    endloop
  endfacet
  facet normal 0 0 -1
    outer loop
      vertex 19.7064 20.6594 5
      vertex 19.7064 22.8406 5
      vertex 19.7781 22.8476 5
    endloop
  endfacet
  facet normal 0 0 -1
    outer loop
      vertex 19.6354 20.6711 5
      vertex 19.7064 22.8406 5
      vertex 19.7064 20.6594 5
    endloop
  endfacet
  facet normal 0 0 -1
    outer loop
      vertex 19.6354 20.6711 5
      vertex 19.6354 22.8289 5
      vertex 19.7064 22.8406 5
    endloop
  endfacet
  facet normal 0 0 -1
    outer loop
      vertex 19.5653 20.6875 5
      vertex 19.6354 22.8289 5
      vertex 19.6354 20.6711 5
    endloop
  endfacet
  facet normal 0 0 -1
    outer loop
      vertex 19.5653 20.6875 5
      vertex 19.5653 22.8125 5
      vertex 19.6354 22.8289 5
    endloop
  endfacet
  facet normal 0 0 -1
    outer loop
      vertex 19.4964 20.7084 5
      vertex 19.5653 22.8125 5
      vertex 19.5653 20.6875 5
    endloop
  endfacet
  facet normal 0 0 -1
    outer loop
      vertex 19.4964 20.7084 5
      vertex 19.4964 22.7916 5
      vertex 19.5653 22.8125 5
    endloop
  endfacet
  facet normal 0 0 -1
    outer loop
      vertex 19.429 20.7337 5
      vertex 19.4964 22.7916 5
      vertex 19.4964 20.7084 5
    endloop
  endfacet
  facet normal 0 0 -1
    outer loop
      vertex 19.429 20.7337 5
      vertex 19.429 22.7663 5
      vertex 19.4964 22.7916 5
    endloop
  endfacet
  facet normal 0 0 -1
    outer loop
      vertex 19.3635 20.7634 5
      vertex 19.429 22.7663 5
      vertex 19.429 20.7337 5
    endloop
  endfacet
  facet normal 0 0 -1
    outer loop
      vertex 19.3635 20.7634 5
      vertex 19.3635 22.7366 5
      vertex 19.429 22.7663 5
    endloop
  endfacet
  facet normal 0 0 -1
    outer loop
      vertex 19.3 20.7974 5
      vertex 19.3635 22.7366 5
      vertex 19.3635 20.7634 5
    endloop
  endfacet
  facet normal 0 0 -1
    outer loop
      vertex 19.3 20.7974 5
      vertex 19.3 22.7026 5
      vertex 19.3635 22.7366 5
    endloop
  endfacet
  facet normal 0 0 -1
    outer loop
      vertex 19.2389 20.8354 5
      vertex 19.3 22.7026 5
      vertex 19.3 20.7974 5
    endloop
  endfacet
  facet normal 0 0 -1
    outer loop
      vertex 19.2389 20.8354 5
      vertex 19.2389 22.6646 5
      vertex 19.3 22.7026 5
    endloop
  endfacet
  facet normal 0 0 -1
    outer loop
      vertex 19.1804 20.8773 5
      vertex 19.2389 22.6646 5
      vertex 19.2389 20.8354 5
    endloop
  endfacet
  facet normal 0 0 -1
    outer loop
      vertex 19.1804 20.8773 5
      vertex 19.1804 22.6227 5
      vertex 19.2389 22.6646 5
    endloop
  endfacet
  facet normal 0 0 -1
    outer loop
      vertex 19.1247 20.923 5
      vertex 19.1804 22.6227 5
      vertex 19.1804 20.8773 5
    endloop
  endfacet
  facet normal 0 0 -1
    outer loop
      vertex 19.1247 20.923 5
      vertex 19.1247 22.577 5
      vertex 19.1804 22.6227 5
    endloop
  endfacet
  facet normal 0 0 -1
    outer loop
      vertex 19.0722 20.9722 5
      vertex 19.1247 22.577 5
      vertex 19.1247 20.923 5
    endloop
  endfacet
  facet normal 0 0 -1
    outer loop
      vertex 19.0722 20.9722 5
      vertex 19.0722 22.5278 5
      vertex 19.1247 22.577 5
    endloop
  endfacet
  facet normal 0 0 -1
    outer loop
      vertex 19.023 21.0247 5
      vertex 19.0722 22.5278 5
      vertex 19.0722 20.9722 5
    endloop
  endfacet
  facet normal 0 0 -1
    outer loop
      vertex 19.023 21.0247 5
      vertex 19.023 22.4753 5
      vertex 19.0722 22.5278 5
    endloop
  endfacet
  facet normal 0 0 -1
    outer loop
      vertex 18.9773 21.0804 5
      vertex 19.023 22.4753 5
      vertex 19.023 21.0247 5
    endloop
  endfacet
  facet normal 0 0 -1
    outer loop
      vertex 18.9773 21.0804 5
      vertex 18.9773 22.4196 5
      vertex 19.023 22.4753 5
    endloop
  endfacet
  facet normal 0 0 -1
    outer loop
      vertex 18.9354 21.1389 5
      vertex 18.9773 22.4196 5
      vertex 18.9773 21.0804 5
    endloop
  endfacet
  facet normal 0 0 -1
    outer loop
      vertex 18.9354 21.1389 5
      vertex 18.9354 22.3611 5
      vertex 18.9773 22.4196 5
    endloop
  endfacet
  facet normal 0 0 -1
    outer loop
      vertex 18.8974 21.2 5
      vertex 18.9354 22.3611 5
      vertex 18.9354 21.1389 5
    endloop
  endfacet
  facet normal 0 0 -1
    outer loop
      vertex 18.8974 21.2 5
      vertex 18.8974 22.3 5
      vertex 18.9354 22.3611 5
    endloop
  endfacet
  facet normal 0 0 -1
    outer loop
      vertex 18.8634 21.2635 5
      vertex 18.8974 22.3 5
      vertex 18.8974 21.2 5
    endloop
  endfacet
  facet normal 0 0 -1
    outer loop
      vertex 18.8634 21.2635 5
      vertex 18.8634 22.2365 5
      vertex 18.8974 22.3 5
    endloop
  endfacet
  facet normal 0 0 -1
    outer loop
      vertex 18.8337 21.329 5
      vertex 18.8634 22.2365 5
      vertex 18.8634 21.2635 5
    endloop
  endfacet
  facet normal 0 0 -1
    outer loop
      vertex 18.8337 21.329 5
      vertex 18.8337 22.171 5
      vertex 18.8634 22.2365 5
    endloop
  endfacet
  facet normal 0 0 -1
    outer loop
      vertex 18.8084 21.3964 5
      vertex 18.8337 22.171 5
      vertex 18.8337 21.329 5
    endloop
  endfacet
  facet normal 0 0 -1
    outer loop
      vertex 18.8084 21.3964 5
      vertex 18.8084 22.1036 5
      vertex 18.8337 22.171 5
    endloop
  endfacet
  facet normal 0 0 -1
    outer loop
      vertex 18.7875 21.4653 5
      vertex 18.8084 22.1036 5
      vertex 18.8084 21.3964 5
    endloop
  endfacet
  facet normal 0 0 -1
    outer loop
      vertex 18.7875 21.4653 5
      vertex 18.7875 22.0347 5
      vertex 18.8084 22.1036 5
    endloop
  endfacet
  facet normal 0 0 -1
    outer loop
      vertex 18.7711 21.5354 5
      vertex 18.7875 22.0347 5
      vertex 18.7875 21.4653 5
    endloop
  endfacet
  facet normal 0 0 -1
    outer loop
      vertex 18.7711 21.5354 5
      vertex 18.7711 21.9646 5
      vertex 18.7875 22.0347 5
    endloop
  endfacet
  facet normal 0 0 -1
    outer loop
      vertex 18.7594 21.6064 5
      vertex 18.7711 21.9646 5
      vertex 18.7711 21.5354 5
    endloop
  endfacet
  facet normal 0 0 -1
    outer loop
      vertex 18.7594 21.6064 5
      vertex 18.7594 21.8936 5
      vertex 18.7711 21.9646 5
    endloop
  endfacet
  facet normal 0 0 -1
    outer loop
      vertex 18.7524 21.6781 5
      vertex 18.7594 21.8936 5
      vertex 18.7594 21.6064 5
    endloop
  endfacet
  facet normal 0 0 -1
    outer loop
      vertex 18.7524 21.6781 5
      vertex 18.7524 21.8219 5
      vertex 18.7594 21.8936 5
    endloop
  endfacet
  facet normal 0 -0 -1
    outer loop
      vertex 18.7524 21.8219 5
      vertex 18.7524 21.6781 5
      vertex 18.75 21.75 5
    endloop
  endfacet
  facet normal 0.634295 -0.773091 0
    outer loop
      vertex 19.1247 22.577 0
      vertex 19.1804 22.6227 5
      vertex 19.1247 22.577 5
    endloop
  endfacet
  facet normal 0.634295 -0.773091 0
    outer loop
      vertex 19.1804 22.6227 5
      vertex 19.1247 22.577 0
      vertex 19.1804 22.6227 0
    endloop
  endfacet
  facet normal 0.528124 -0.849167 0
    outer loop
      vertex 19.2389 22.6646 0
      vertex 19.3 22.7026 5
      vertex 19.2389 22.6646 5
    endloop
  endfacet
  facet normal 0.528124 -0.849167 0
    outer loop
      vertex 19.3 22.7026 5
      vertex 19.2389 22.6646 0
      vertex 19.3 22.7026 0
    endloop
  endfacet
  facet normal 0.412965 -0.910747 0
    outer loop
      vertex 19.3635 22.7366 0
      vertex 19.429 22.7663 5
      vertex 19.3635 22.7366 5
    endloop
  endfacet
  facet normal 0.412965 -0.910747 0
    outer loop
      vertex 19.429 22.7663 5
      vertex 19.3635 22.7366 0
      vertex 19.429 22.7663 0
    endloop
  endfacet
  facet normal 0.290277 -0.956943 0
    outer loop
      vertex 19.4964 22.7916 0
      vertex 19.5653 22.8125 5
      vertex 19.4964 22.7916 5
    endloop
  endfacet
  facet normal 0.290277 -0.956943 0
    outer loop
      vertex 19.5653 22.8125 5
      vertex 19.4964 22.7916 0
      vertex 19.5653 22.8125 0
    endloop
  endfacet
  facet normal 0.097167 -0.995268 0
    outer loop
      vertex 19.7064 22.8406 0
      vertex 19.7781 22.8476 5
      vertex 19.7064 22.8406 5
    endloop
  endfacet
  facet normal 0.097167 -0.995268 0
    outer loop
      vertex 19.7781 22.8476 5
      vertex 19.7064 22.8406 0
      vertex 19.7781 22.8476 0
    endloop
  endfacet
  facet normal -0.097167 0.995268 0
    outer loop
      vertex 19.9936 20.6594 0
      vertex 19.9219 20.6524 5
      vertex 19.9936 20.6594 5
    endloop
  endfacet
  facet normal -0.097167 0.995268 0
    outer loop
      vertex 19.9219 20.6524 5
      vertex 19.9936 20.6594 0
      vertex 19.9219 20.6524 0
    endloop
  endfacet
  facet normal -0.2278 0.973708 0
    outer loop
      vertex 20.1347 20.6875 0
      vertex 20.0646 20.6711 3
      vertex 20.1347 20.6875 3
    endloop
  endfacet
  facet normal -0.2278 0.973708 0
    outer loop
      vertex 20.0646 20.6711 3
      vertex 20.1347 20.6875 0
      vertex 20.0646 20.6711 0
    endloop
  endfacet
  facet normal -0.412965 0.910747 0
    outer loop
      vertex 20.3365 20.7634 0
      vertex 20.271 20.7337 3
      vertex 20.3365 20.7634 3
    endloop
  endfacet
  facet normal -0.412965 0.910747 0
    outer loop
      vertex 20.271 20.7337 3
      vertex 20.3365 20.7634 0
      vertex 20.271 20.7337 0
    endloop
  endfacet
  facet normal -0.351428 0.936215 0
    outer loop
      vertex 20.271 20.7337 0
      vertex 20.2036 20.7084 3
      vertex 20.271 20.7337 3
    endloop
  endfacet
  facet normal -0.351428 0.936215 0
    outer loop
      vertex 20.2036 20.7084 3
      vertex 20.271 20.7337 0
      vertex 20.2036 20.7084 0
    endloop
  endfacet
  facet normal -0.528124 0.849167 0
    outer loop
      vertex 20.4611 20.8354 0
      vertex 20.4 20.7974 3
      vertex 20.4611 20.8354 3
    endloop
  endfacet
  facet normal -0.528124 0.849167 0
    outer loop
      vertex 20.4 20.7974 3
      vertex 20.4611 20.8354 0
      vertex 20.4 20.7974 0
    endloop
  endfacet
  facet normal -0.773091 0.634295 0
    outer loop
      vertex 20.677 21.0247 0
      vertex 20.7227 21.0804 3
      vertex 20.7227 21.0804 0
    endloop
  endfacet
  facet normal -0.773091 0.634295 0
    outer loop
      vertex 20.7227 21.0804 3
      vertex 20.677 21.0247 0
      vertex 20.677 21.0247 3
    endloop
  endfacet
  facet normal -0.936215 0.351428 0
    outer loop
      vertex 20.8663 21.329 0
      vertex 20.8916 21.3964 3
      vertex 20.8916 21.3964 0
    endloop
  endfacet
  facet normal -0.936215 0.351428 0
    outer loop
      vertex 20.8916 21.3964 3
      vertex 20.8663 21.329 0
      vertex 20.8663 21.329 3
    endloop
  endfacet
  facet normal -0.986693 0.162596 0
    outer loop
      vertex 20.9289 21.5354 0
      vertex 20.9406 21.6064 3
      vertex 20.9406 21.6064 0
    endloop
  endfacet
  facet normal -0.986693 0.162596 0
    outer loop
      vertex 20.9406 21.6064 3
      vertex 20.9289 21.5354 0
      vertex 20.9289 21.5354 3
    endloop
  endfacet
  facet normal -0.956943 0.290277 0
    outer loop
      vertex 20.8916 21.3964 0
      vertex 20.9125 21.4653 3
      vertex 20.9125 21.4653 0
    endloop
  endfacet
  facet normal -0.956943 0.290277 0
    outer loop
      vertex 20.9125 21.4653 3
      vertex 20.8916 21.3964 0
      vertex 20.8916 21.3964 3
    endloop
  endfacet
  facet normal 0.582289 0.812982 -0
    outer loop
      vertex 19.2389 20.8354 0
      vertex 19.1804 20.8773 5
      vertex 19.2389 20.8354 5
    endloop
  endfacet
  facet normal 0.582289 0.812982 0
    outer loop
      vertex 19.1804 20.8773 5
      vertex 19.2389 20.8354 0
      vertex 19.1804 20.8773 0
    endloop
  endfacet
  facet normal 0.412965 0.910747 -0
    outer loop
      vertex 19.429 20.7337 0
      vertex 19.3635 20.7634 5
      vertex 19.429 20.7337 5
    endloop
  endfacet
  facet normal 0.412965 0.910747 0
    outer loop
      vertex 19.3635 20.7634 5
      vertex 19.429 20.7337 0
      vertex 19.3635 20.7634 0
    endloop
  endfacet
  facet normal 0.162596 0.986693 -0
    outer loop
      vertex 19.7064 20.6594 0
      vertex 19.6354 20.6711 5
      vertex 19.7064 20.6594 5
    endloop
  endfacet
  facet normal 0.162596 0.986693 0
    outer loop
      vertex 19.6354 20.6711 5
      vertex 19.7064 20.6594 0
      vertex 19.6354 20.6711 0
    endloop
  endfacet
  facet normal 0.0333611 0.999443 -0
    outer loop
      vertex 19.85 20.65 0
      vertex 19.7781 20.6524 5
      vertex 19.85 20.65 5
    endloop
  endfacet
  facet normal 0.0333611 0.999443 0
    outer loop
      vertex 19.7781 20.6524 5
      vertex 19.85 20.65 0
      vertex 19.7781 20.6524 0
    endloop
  endfacet
  facet normal 0.683802 0.729667 -0
    outer loop
      vertex 19.1247 20.923 0
      vertex 19.0722 20.9722 5
      vertex 19.1247 20.923 5
    endloop
  endfacet
  facet normal 0.683802 0.729667 0
    outer loop
      vertex 19.0722 20.9722 5
      vertex 19.1247 20.923 0
      vertex 19.0722 20.9722 0
    endloop
  endfacet
  facet normal 0.773091 0.634295 0
    outer loop
      vertex 19.023 21.0247 5
      vertex 18.9773 21.0804 0
      vertex 18.9773 21.0804 5
    endloop
  endfacet
  facet normal 0.773091 0.634295 0
    outer loop
      vertex 18.9773 21.0804 0
      vertex 19.023 21.0247 5
      vertex 19.023 21.0247 0
    endloop
  endfacet
  facet normal 0.729667 0.683802 0
    outer loop
      vertex 19.0722 20.9722 5
      vertex 19.023 21.0247 0
      vertex 19.023 21.0247 5
    endloop
  endfacet
  facet normal 0.729667 0.683802 0
    outer loop
      vertex 19.023 21.0247 0
      vertex 19.0722 20.9722 5
      vertex 19.0722 20.9722 0
    endloop
  endfacet
  facet normal 0.812982 0.582289 0
    outer loop
      vertex 18.9773 21.0804 5
      vertex 18.9354 21.1389 0
      vertex 18.9354 21.1389 5
    endloop
  endfacet
  facet normal 0.812982 0.582289 0
    outer loop
      vertex 18.9354 21.1389 0
      vertex 18.9773 21.0804 5
      vertex 18.9773 21.0804 0
    endloop
  endfacet
  facet normal 0.936215 0.351428 0
    outer loop
      vertex 18.8337 21.329 5
      vertex 18.8084 21.3964 0
      vertex 18.8084 21.3964 5
    endloop
  endfacet
  facet normal 0.936215 0.351428 0
    outer loop
      vertex 18.8084 21.3964 0
      vertex 18.8337 21.329 5
      vertex 18.8337 21.329 0
    endloop
  endfacet
  facet normal 0.973708 0.2278 0
    outer loop
      vertex 18.7875 21.4653 5
      vertex 18.7711 21.5354 0
      vertex 18.7711 21.5354 5
    endloop
  endfacet
  facet normal 0.973708 0.2278 0
    outer loop
      vertex 18.7711 21.5354 0
      vertex 18.7875 21.4653 5
      vertex 18.7875 21.4653 0
    endloop
  endfacet
  facet normal 0.986693 0.162596 0
    outer loop
      vertex 18.7711 21.5354 5
      vertex 18.7594 21.6064 0
      vertex 18.7594 21.6064 5
    endloop
  endfacet
  facet normal 0.986693 0.162596 0
    outer loop
      vertex 18.7594 21.6064 0
      vertex 18.7711 21.5354 5
      vertex 18.7711 21.5354 0
    endloop
  endfacet
  facet normal 0.999443 0.0333611 0
    outer loop
      vertex 18.7524 21.6781 5
      vertex 18.75 21.75 0
      vertex 18.75 21.75 5
    endloop
  endfacet
  facet normal 0.999443 0.0333611 0
    outer loop
      vertex 18.75 21.75 0
      vertex 18.7524 21.6781 5
      vertex 18.7524 21.6781 0
    endloop
  endfacet
  facet normal -0.161921 0.986804 0
    outer loop
      vertex 20.0646 20.6711 3
      vertex 20.0646 20.6711 0
      vertex 20 20.6605 3
    endloop
  endfacet
  facet normal -0.169391 0.985549 0
    outer loop
      vertex 20 20.6605 3
      vertex 19.9936 20.6594 5
      vertex 20 20.6605 5
    endloop
  endfacet
  facet normal -0.169391 0.985549 0
    outer loop
      vertex 20 20.6605 3
      vertex 19.9936 20.6594 0
      vertex 19.9936 20.6594 5
    endloop
  endfacet
  facet normal -0.162596 0.986693 -1.49162e-05
    outer loop
      vertex 19.9936 20.6594 0
      vertex 20 20.6605 3
      vertex 20.0646 20.6711 0
    endloop
  endfacet
  facet normal -0.729667 0.683802 0
    outer loop
      vertex 20.6278 20.9722 0
      vertex 20.677 21.0247 3
      vertex 20.677 21.0247 0
    endloop
  endfacet
  facet normal -0.729667 0.683802 0
    outer loop
      vertex 20.677 21.0247 3
      vertex 20.6278 20.9722 0
      vertex 20.6278 20.9722 3
    endloop
  endfacet
  facet normal -0.582289 0.812982 0
    outer loop
      vertex 20.5196 20.8773 0
      vertex 20.4611 20.8354 3
      vertex 20.5196 20.8773 3
    endloop
  endfacet
  facet normal -0.582289 0.812982 0
    outer loop
      vertex 20.4611 20.8354 3
      vertex 20.5196 20.8773 0
      vertex 20.4611 20.8354 0
    endloop
  endfacet
  facet normal -0.812982 0.582289 0
    outer loop
      vertex 20.7227 21.0804 0
      vertex 20.7646 21.1389 3
      vertex 20.7646 21.1389 0
    endloop
  endfacet
  facet normal -0.812982 0.582289 0
    outer loop
      vertex 20.7646 21.1389 3
      vertex 20.7227 21.0804 0
      vertex 20.7227 21.0804 3
    endloop
  endfacet
  facet normal -0.910747 0.412965 0
    outer loop
      vertex 20.8366 21.2635 0
      vertex 20.8663 21.329 3
      vertex 20.8663 21.329 0
    endloop
  endfacet
  facet normal -0.910747 0.412965 0
    outer loop
      vertex 20.8663 21.329 3
      vertex 20.8366 21.2635 0
      vertex 20.8366 21.2635 3
    endloop
  endfacet
  facet normal -0.995268 0.097167 0
    outer loop
      vertex 20.9406 21.6064 0
      vertex 20.9476 21.6781 3
      vertex 20.9476 21.6781 0
    endloop
  endfacet
  facet normal -0.995268 0.097167 0
    outer loop
      vertex 20.9476 21.6781 3
      vertex 20.9406 21.6064 0
      vertex 20.9406 21.6064 3
    endloop
  endfacet
  facet normal -0.973708 0.2278 0
    outer loop
      vertex 20.9125 21.4653 0
      vertex 20.9289 21.5354 3
      vertex 20.9289 21.5354 0
    endloop
  endfacet
  facet normal -0.973708 0.2278 0
    outer loop
      vertex 20.9289 21.5354 3
      vertex 20.9125 21.4653 0
      vertex 20.9125 21.4653 3
    endloop
  endfacet
  facet normal 0.351428 0.936215 -0
    outer loop
      vertex 19.4964 20.7084 0
      vertex 19.429 20.7337 5
      vertex 19.4964 20.7084 5
    endloop
  endfacet
  facet normal 0.351428 0.936215 0
    outer loop
      vertex 19.429 20.7337 5
      vertex 19.4964 20.7084 0
      vertex 19.429 20.7337 0
    endloop
  endfacet
  facet normal 0.2278 0.973708 -0
    outer loop
      vertex 19.6354 20.6711 0
      vertex 19.5653 20.6875 5
      vertex 19.6354 20.6711 5
    endloop
  endfacet
  facet normal 0.2278 0.973708 0
    outer loop
      vertex 19.5653 20.6875 5
      vertex 19.6354 20.6711 0
      vertex 19.5653 20.6875 0
    endloop
  endfacet
  facet normal 0.849167 0.528124 0
    outer loop
      vertex 18.9354 21.1389 5
      vertex 18.8974 21.2 0
      vertex 18.8974 21.2 5
    endloop
  endfacet
  facet normal 0.849167 0.528124 0
    outer loop
      vertex 18.8974 21.2 0
      vertex 18.9354 21.1389 5
      vertex 18.9354 21.1389 0
    endloop
  endfacet
  facet normal -0.999443 0.0333611 0
    outer loop
      vertex 20.9476 21.6781 0
      vertex 20.95 21.75 3
      vertex 20.95 21.75 0
    endloop
  endfacet
  facet normal -0.999443 0.0333611 0
    outer loop
      vertex 20.95 21.75 3
      vertex 20.9476 21.6781 0
      vertex 20.9476 21.6781 3
    endloop
  endfacet
  facet normal -0.634284 0 -0.7731
    outer loop
      vertex 2.43505 -4 20.1734
      vertex 2.63738 0 20.0074
      vertex 2.63738 -4 20.0074
    endloop
  endfacet
  facet normal -0.634284 0 -0.7731
    outer loop
      vertex 2.63738 0 20.0074
      vertex 2.43505 -4 20.1734
      vertex 2.43505 0 20.1734
    endloop
  endfacet
  facet normal -0.582556 0 -0.81279
    outer loop
      vertex 2.22228 -4 20.3259
      vertex 2.43505 0 20.1734
      vertex 2.43505 -4 20.1734
    endloop
  endfacet
  facet normal -0.582556 0 -0.81279
    outer loop
      vertex 2.43505 0 20.1734
      vertex 2.22228 -4 20.3259
      vertex 2.22228 0 20.3259
    endloop
  endfacet
  facet normal 0.910911 -0 0.412603
    outer loop
      vertex -3.69552 -4 15.4693
      vertex -3.58749 0 15.2308
      vertex -3.69552 0 15.4693
    endloop
  endfacet
  facet normal 0.910911 0 0.412603
    outer loop
      vertex -3.58749 0 15.2308
      vertex -3.69552 -4 15.4693
      vertex -3.58749 -4 15.2308
    endloop
  endfacet
  facet normal -0.956949 0 -0.290255
    outer loop
      vertex 3.8637 -4 18.0353
      vertex 3.78772 0 18.2858
      vertex 3.8637 0 18.0353
    endloop
  endfacet
  facet normal -0.956949 -0 -0.290255
    outer loop
      vertex 3.78772 0 18.2858
      vertex 3.8637 -4 18.0353
      vertex 3.78772 -4 18.2858
    endloop
  endfacet
  facet normal -0.773114 0 -0.634267
    outer loop
      vertex 3.17341 -4 19.435
      vertex 3.00736 0 19.6374
      vertex 3.17341 0 19.435
    endloop
  endfacet
  facet normal -0.773114 -0 -0.634267
    outer loop
      vertex 3.00736 0 19.6374
      vertex 3.17341 -4 19.435
      vertex 3.00736 -4 19.6374
    endloop
  endfacet
  facet normal -0.528006 0 -0.849241
    outer loop
      vertex 2 -4 20.4641
      vertex 2.22228 0 20.3259
      vertex 2.22228 -4 20.3259
    endloop
  endfacet
  facet normal -0.528006 0 -0.849241
    outer loop
      vertex 2.22228 0 20.3259
      vertex 2 -4 20.4641
      vertex 2 0 20.4641
    endloop
  endfacet
  facet normal -0.0978044 0 -0.995206
    outer loop
      vertex 0.261612 -4 20.9914
      vertex 0.522104 0 20.9658
      vertex 0.522104 -4 20.9658
    endloop
  endfacet
  facet normal -0.0978044 0 -0.995206
    outer loop
      vertex 0.522104 0 20.9658
      vertex 0.261612 -4 20.9914
      vertex 0.261612 0 20.9914
    endloop
  endfacet
  facet normal 0.995184 0 -0.0980285
    outer loop
      vertex -3.96578 -4 17.5221
      vertex -3.99144 0 17.2616
      vertex -3.96578 0 17.5221
    endloop
  endfacet
  facet normal 0.995184 0 -0.0980285
    outer loop
      vertex -3.99144 0 17.2616
      vertex -3.96578 -4 17.5221
      vertex -3.99144 -4 17.2616
    endloop
  endfacet
  facet normal 0.881882 0 -0.471471
    outer loop
      vertex -3.4641 -4 19
      vertex -3.58749 0 18.7692
      vertex -3.4641 0 19
    endloop
  endfacet
  facet normal 0.881882 0 -0.471471
    outer loop
      vertex -3.58749 0 18.7692
      vertex -3.4641 -4 19
      vertex -3.58749 -4 18.7692
    endloop
  endfacet
  facet normal 0.290347 0 -0.956922
    outer loop
      vertex -1.28576 -4 20.7877
      vertex -1.03528 0 20.8637
      vertex -1.03528 -4 20.8637
    endloop
  endfacet
  facet normal 0.290347 0 -0.956922
    outer loop
      vertex -1.03528 0 20.8637
      vertex -1.28576 -4 20.7877
      vertex -1.28576 0 20.7877
    endloop
  endfacet
  facet normal 0.582556 0 -0.81279
    outer loop
      vertex -2.43505 -4 20.1734
      vertex -2.22228 0 20.3259
      vertex -2.22228 -4 20.3259
    endloop
  endfacet
  facet normal 0.582556 0 -0.81279
    outer loop
      vertex -2.22228 0 20.3259
      vertex -2.43505 -4 20.1734
      vertex -2.43505 0 20.1734
    endloop
  endfacet
  facet normal -0.773114 0 0.634267
    outer loop
      vertex 3.00736 -4 14.3626
      vertex 3.17341 0 14.565
      vertex 3.00736 0 14.3626
    endloop
  endfacet
  facet normal -0.773114 0 0.634267
    outer loop
      vertex 3.17341 0 14.565
      vertex 3.00736 -4 14.3626
      vertex 3.17341 -4 14.565
    endloop
  endfacet
  facet normal -0.226936 0 0.97391
    outer loop
      vertex 0.780361 0 13.0769
      vertex 1.03528 -4 13.1363
      vertex 1.03528 0 13.1363
    endloop
  endfacet
  facet normal -0.226936 0 0.97391
    outer loop
      vertex 1.03528 -4 13.1363
      vertex 0.780361 0 13.0769
      vertex 0.780361 -4 13.0769
    endloop
  endfacet
  facet normal -0.72979 0 0.683672
    outer loop
      vertex 2.82843 -4 14.1716
      vertex 3.00736 0 14.3626
      vertex 2.82843 0 14.1716
    endloop
  endfacet
  facet normal -0.72979 0 0.683672
    outer loop
      vertex 3.00736 0 14.3626
      vertex 2.82843 -4 14.1716
      vertex 3.00736 -4 14.3626
    endloop
  endfacet
  facet normal 0.0978044 0 0.995206
    outer loop
      vertex -0.522104 0 13.0342
      vertex -0.261612 -4 13.0086
      vertex -0.261612 0 13.0086
    endloop
  endfacet
  facet normal 0.0978044 0 0.995206
    outer loop
      vertex -0.261612 -4 13.0086
      vertex -0.522104 0 13.0342
      vertex -0.522104 -4 13.0342
    endloop
  endfacet
  facet normal 0.528006 0 0.849241
    outer loop
      vertex -2.22228 0 13.6741
      vertex -2 -4 13.5359
      vertex -2 0 13.5359
    endloop
  endfacet
  facet normal 0.528006 0 0.849241
    outer loop
      vertex -2 -4 13.5359
      vertex -2.22228 0 13.6741
      vertex -2.22228 -4 13.6741
    endloop
  endfacet
  facet normal 0.582556 0 0.81279
    outer loop
      vertex -2.43505 0 13.8266
      vertex -2.22228 -4 13.6741
      vertex -2.22228 0 13.6741
    endloop
  endfacet
  facet normal 0.582556 0 0.81279
    outer loop
      vertex -2.22228 -4 13.6741
      vertex -2.43505 0 13.8266
      vertex -2.43505 -4 13.8266
    endloop
  endfacet
  facet normal -0.995184 0 -0.0980285
    outer loop
      vertex 3.99144 -4 17.2616
      vertex 3.96578 0 17.5221
      vertex 3.99144 0 17.2616
    endloop
  endfacet
  facet normal -0.995184 -0 -0.0980285
    outer loop
      vertex 3.96578 0 17.5221
      vertex 3.99144 -4 17.2616
      vertex 3.96578 -4 17.5221
    endloop
  endfacet
  facet normal -0.910911 0 -0.412603
    outer loop
      vertex 3.69552 -4 18.5307
      vertex 3.58749 0 18.7692
      vertex 3.69552 0 18.5307
    endloop
  endfacet
  facet normal -0.910911 -0 -0.412603
    outer loop
      vertex 3.58749 0 18.7692
      vertex 3.69552 -4 18.5307
      vertex 3.58749 -4 18.7692
    endloop
  endfacet
  facet normal -0.881882 0 -0.471471
    outer loop
      vertex 3.58749 -4 18.7692
      vertex 3.4641 0 19
      vertex 3.58749 0 18.7692
    endloop
  endfacet
  facet normal -0.881882 -0 -0.471471
    outer loop
      vertex 3.4641 0 19
      vertex 3.58749 -4 18.7692
      vertex 3.4641 -4 19
    endloop
  endfacet
  facet normal -0.683719 0 -0.729746
    outer loop
      vertex 2.63738 -4 20.0074
      vertex 2.82843 0 19.8284
      vertex 2.82843 -4 19.8284
    endloop
  endfacet
  facet normal -0.683719 0 -0.729746
    outer loop
      vertex 2.82843 0 19.8284
      vertex 2.63738 -4 20.0074
      vertex 2.63738 0 20.0074
    endloop
  endfacet
  facet normal -0.226936 0 -0.97391
    outer loop
      vertex 0.780361 -4 20.9231
      vertex 1.03528 0 20.8637
      vertex 1.03528 -4 20.8637
    endloop
  endfacet
  facet normal -0.226936 0 -0.97391
    outer loop
      vertex 1.03528 0 20.8637
      vertex 0.780361 -4 20.9231
      vertex 0.780361 0 20.9231
    endloop
  endfacet
  facet normal -0.163125 0 -0.986605
    outer loop
      vertex 0.522104 -4 20.9658
      vertex 0.780361 0 20.9231
      vertex 0.780361 -4 20.9231
    endloop
  endfacet
  facet normal -0.163125 0 -0.986605
    outer loop
      vertex 0.780361 0 20.9231
      vertex 0.522104 -4 20.9658
      vertex 0.522104 0 20.9658
    endloop
  endfacet
  facet normal 0.973872 0 -0.227097
    outer loop
      vertex -3.8637 -4 18.0353
      vertex -3.92314 0 17.7804
      vertex -3.8637 0 18.0353
    endloop
  endfacet
  facet normal 0.973872 0 -0.227097
    outer loop
      vertex -3.92314 0 17.7804
      vertex -3.8637 -4 18.0353
      vertex -3.92314 -4 17.7804
    endloop
  endfacet
  facet normal 0.986647 0 -0.162875
    outer loop
      vertex -3.92314 -4 17.7804
      vertex -3.96578 0 17.5221
      vertex -3.92314 0 17.7804
    endloop
  endfacet
  facet normal 0.986647 0 -0.162875
    outer loop
      vertex -3.96578 0 17.5221
      vertex -3.92314 -4 17.7804
      vertex -3.96578 -4 17.5221
    endloop
  endfacet
  facet normal 0.773114 0 -0.634267
    outer loop
      vertex -3.00736 -4 19.6374
      vertex -3.17341 0 19.435
      vertex -3.00736 0 19.6374
    endloop
  endfacet
  facet normal 0.773114 0 -0.634267
    outer loop
      vertex -3.17341 0 19.435
      vertex -3.00736 -4 19.6374
      vertex -3.17341 -4 19.435
    endloop
  endfacet
  facet normal 0.812754 0 -0.582607
    outer loop
      vertex -3.17341 -4 19.435
      vertex -3.32588 0 19.2223
      vertex -3.17341 0 19.435
    endloop
  endfacet
  facet normal 0.812754 0 -0.582607
    outer loop
      vertex -3.32588 0 19.2223
      vertex -3.17341 -4 19.435
      vertex -3.32588 -4 19.2223
    endloop
  endfacet
  facet normal 0.0978044 0 -0.995206
    outer loop
      vertex -0.522104 -4 20.9658
      vertex -0.261612 0 20.9914
      vertex -0.261612 -4 20.9914
    endloop
  endfacet
  facet normal 0.0978044 0 -0.995206
    outer loop
      vertex -0.261612 0 20.9914
      vertex -0.522104 -4 20.9658
      vertex -0.522104 0 20.9658
    endloop
  endfacet
  facet normal 0.163125 0 -0.986605
    outer loop
      vertex -0.780361 -4 20.9231
      vertex -0.522104 0 20.9658
      vertex -0.522104 -4 20.9658
    endloop
  endfacet
  facet normal 0.163125 0 -0.986605
    outer loop
      vertex -0.522104 0 20.9658
      vertex -0.780361 -4 20.9231
      vertex -0.780361 0 20.9231
    endloop
  endfacet
  facet normal 0.471421 0 -0.881908
    outer loop
      vertex -2 -4 20.4641
      vertex -1.76915 0 20.5875
      vertex -1.76915 -4 20.5875
    endloop
  endfacet
  facet normal 0.471421 0 -0.881908
    outer loop
      vertex -1.76915 0 20.5875
      vertex -2 -4 20.4641
      vertex -2 0 20.4641
    endloop
  endfacet
  facet normal 0.528006 0 -0.849241
    outer loop
      vertex -2.22228 -4 20.3259
      vertex -2 0 20.4641
      vertex -2 -4 20.4641
    endloop
  endfacet
  facet normal 0.528006 0 -0.849241
    outer loop
      vertex -2 0 20.4641
      vertex -2.22228 -4 20.3259
      vertex -2.22228 0 20.3259
    endloop
  endfacet
  facet normal -0.999465 0 -0.0327042
    outer loop
      vertex 4 -4 17
      vertex 3.99144 0 17.2616
      vertex 4 0 17
    endloop
  endfacet
  facet normal -0.999465 -0 -0.0327042
    outer loop
      vertex 3.99144 0 17.2616
      vertex 4 -4 17
      vertex 3.99144 -4 17.2616
    endloop
  endfacet
  facet normal -0.163125 0 0.986605
    outer loop
      vertex 0.522104 0 13.0342
      vertex 0.780361 -4 13.0769
      vertex 0.780361 0 13.0769
    endloop
  endfacet
  facet normal -0.163125 0 0.986605
    outer loop
      vertex 0.780361 -4 13.0769
      vertex 0.522104 0 13.0342
      vertex 0.522104 -4 13.0342
    endloop
  endfacet
  facet normal 0.226936 0 0.97391
    outer loop
      vertex -1.03528 0 13.1363
      vertex -0.780361 -4 13.0769
      vertex -0.780361 0 13.0769
    endloop
  endfacet
  facet normal 0.226936 0 0.97391
    outer loop
      vertex -0.780361 -4 13.0769
      vertex -1.03528 0 13.1363
      vertex -1.03528 -4 13.1363
    endloop
  endfacet
  facet normal 0.163125 0 0.986605
    outer loop
      vertex -0.780361 0 13.0769
      vertex -0.522104 -4 13.0342
      vertex -0.522104 0 13.0342
    endloop
  endfacet
  facet normal 0.163125 0 0.986605
    outer loop
      vertex -0.522104 -4 13.0342
      vertex -0.780361 0 13.0769
      vertex -0.780361 -4 13.0769
    endloop
  endfacet
  facet normal 0.471421 0 0.881908
    outer loop
      vertex -2 0 13.5359
      vertex -1.76915 -4 13.4125
      vertex -1.76915 0 13.4125
    endloop
  endfacet
  facet normal 0.471421 0 0.881908
    outer loop
      vertex -1.76915 -4 13.4125
      vertex -2 0 13.5359
      vertex -2 -4 13.5359
    endloop
  endfacet
  facet normal 0.973872 -0 0.227097
    outer loop
      vertex -3.92314 -4 16.2196
      vertex -3.8637 0 15.9647
      vertex -3.92314 0 16.2196
    endloop
  endfacet
  facet normal 0.973872 0 0.227097
    outer loop
      vertex -3.8637 0 15.9647
      vertex -3.92314 -4 16.2196
      vertex -3.8637 -4 15.9647
    endloop
  endfacet
  facet normal 0.812754 -0 0.582607
    outer loop
      vertex -3.32588 -4 14.7777
      vertex -3.17341 0 14.565
      vertex -3.32588 0 14.7777
    endloop
  endfacet
  facet normal 0.812754 0 0.582607
    outer loop
      vertex -3.17341 0 14.565
      vertex -3.32588 -4 14.7777
      vertex -3.17341 -4 14.565
    endloop
  endfacet
  facet normal -0.935873 0 -0.352338
    outer loop
      vertex 3.78772 -4 18.2858
      vertex 3.69552 0 18.5307
      vertex 3.78772 0 18.2858
    endloop
  endfacet
  facet normal -0.935873 -0 -0.352338
    outer loop
      vertex 3.69552 0 18.5307
      vertex 3.78772 -4 18.2858
      vertex 3.69552 -4 18.5307
    endloop
  endfacet
  facet normal -0.849228 0 -0.528026
    outer loop
      vertex 3.4641 -4 19
      vertex 3.32588 0 19.2223
      vertex 3.4641 0 19
    endloop
  endfacet
  facet normal -0.849228 -0 -0.528026
    outer loop
      vertex 3.32588 0 19.2223
      vertex 3.4641 -4 19
      vertex 3.32588 -4 19.2223
    endloop
  endfacet
  facet normal -0.812754 0 -0.582607
    outer loop
      vertex 3.32588 -4 19.2223
      vertex 3.17341 0 19.435
      vertex 3.32588 0 19.2223
    endloop
  endfacet
  facet normal -0.812754 -0 -0.582607
    outer loop
      vertex 3.17341 0 19.435
      vertex 3.32588 -4 19.2223
      vertex 3.17341 -4 19.435
    endloop
  endfacet
  facet normal -0.72979 0 -0.683672
    outer loop
      vertex 3.00736 -4 19.6374
      vertex 2.82843 0 19.8284
      vertex 3.00736 0 19.6374
    endloop
  endfacet
  facet normal -0.72979 -0 -0.683672
    outer loop
      vertex 2.82843 0 19.8284
      vertex 3.00736 -4 19.6374
      vertex 2.82843 -4 19.8284
    endloop
  endfacet
  facet normal -0.0328554 0 -0.99946
    outer loop
      vertex 0 -4 21
      vertex 0.261612 0 20.9914
      vertex 0.261612 -4 20.9914
    endloop
  endfacet
  facet normal -0.0328554 0 -0.99946
    outer loop
      vertex 0.261612 0 20.9914
      vertex 0 -4 21
      vertex 0 0 21
    endloop
  endfacet
  facet normal -0.412622 0 -0.910902
    outer loop
      vertex 1.53073 -4 20.6955
      vertex 1.76915 0 20.5875
      vertex 1.76915 -4 20.5875
    endloop
  endfacet
  facet normal -0.412622 0 -0.910902
    outer loop
      vertex 1.76915 0 20.5875
      vertex 1.53073 -4 20.6955
      vertex 1.53073 0 20.6955
    endloop
  endfacet
  facet normal -0.471421 0 -0.881908
    outer loop
      vertex 1.76915 -4 20.5875
      vertex 2 0 20.4641
      vertex 2 -4 20.4641
    endloop
  endfacet
  facet normal -0.471421 0 -0.881908
    outer loop
      vertex 2 0 20.4641
      vertex 1.76915 -4 20.5875
      vertex 1.76915 0 20.5875
    endloop
  endfacet
  facet normal -0.352249 0 -0.935906
    outer loop
      vertex 1.28576 -4 20.7877
      vertex 1.53073 0 20.6955
      vertex 1.53073 -4 20.6955
    endloop
  endfacet
  facet normal -0.352249 0 -0.935906
    outer loop
      vertex 1.53073 0 20.6955
      vertex 1.28576 -4 20.7877
      vertex 1.28576 0 20.7877
    endloop
  endfacet
  facet normal -0.290347 0 -0.956922
    outer loop
      vertex 1.03528 -4 20.8637
      vertex 1.28576 0 20.7877
      vertex 1.28576 -4 20.7877
    endloop
  endfacet
  facet normal -0.290347 0 -0.956922
    outer loop
      vertex 1.28576 0 20.7877
      vertex 1.03528 -4 20.8637
      vertex 1.03528 0 20.8637
    endloop
  endfacet
  facet normal 0.999465 0 -0.0327042
    outer loop
      vertex -3.99144 -4 17.2616
      vertex -4 0 17
      vertex -3.99144 0 17.2616
    endloop
  endfacet
  facet normal 0.999465 0 -0.0327042
    outer loop
      vertex -4 0 17
      vertex -3.99144 -4 17.2616
      vertex -4 -4 17
    endloop
  endfacet
  facet normal 0.935873 0 -0.352338
    outer loop
      vertex -3.69552 -4 18.5307
      vertex -3.78772 0 18.2858
      vertex -3.69552 0 18.5307
    endloop
  endfacet
  facet normal 0.935873 0 -0.352338
    outer loop
      vertex -3.78772 0 18.2858
      vertex -3.69552 -4 18.5307
      vertex -3.78772 -4 18.2858
    endloop
  endfacet
  facet normal 0.956949 0 -0.290255
    outer loop
      vertex -3.78772 -4 18.2858
      vertex -3.8637 0 18.0353
      vertex -3.78772 0 18.2858
    endloop
  endfacet
  facet normal 0.956949 0 -0.290255
    outer loop
      vertex -3.8637 0 18.0353
      vertex -3.78772 -4 18.2858
      vertex -3.8637 -4 18.0353
    endloop
  endfacet
  facet normal 0.910911 0 -0.412603
    outer loop
      vertex -3.58749 -4 18.7692
      vertex -3.69552 0 18.5307
      vertex -3.58749 0 18.7692
    endloop
  endfacet
  facet normal 0.910911 0 -0.412603
    outer loop
      vertex -3.69552 0 18.5307
      vertex -3.58749 -4 18.7692
      vertex -3.69552 -4 18.5307
    endloop
  endfacet
  facet normal 0.849228 0 -0.528026
    outer loop
      vertex -3.32588 -4 19.2223
      vertex -3.4641 0 19
      vertex -3.32588 0 19.2223
    endloop
  endfacet
  facet normal 0.849228 0 -0.528026
    outer loop
      vertex -3.4641 0 19
      vertex -3.32588 -4 19.2223
      vertex -3.4641 -4 19
    endloop
  endfacet
  facet normal 0.72979 0 -0.683672
    outer loop
      vertex -2.82843 -4 19.8284
      vertex -3.00736 0 19.6374
      vertex -2.82843 0 19.8284
    endloop
  endfacet
  facet normal 0.72979 0 -0.683672
    outer loop
      vertex -3.00736 0 19.6374
      vertex -2.82843 -4 19.8284
      vertex -3.00736 -4 19.6374
    endloop
  endfacet
  facet normal 0.352249 0 -0.935906
    outer loop
      vertex -1.53073 -4 20.6955
      vertex -1.28576 0 20.7877
      vertex -1.28576 -4 20.7877
    endloop
  endfacet
  facet normal 0.352249 0 -0.935906
    outer loop
      vertex -1.28576 0 20.7877
      vertex -1.53073 -4 20.6955
      vertex -1.53073 0 20.6955
    endloop
  endfacet
  facet normal 0.226936 0 -0.97391
    outer loop
      vertex -1.03528 -4 20.8637
      vertex -0.780361 0 20.9231
      vertex -0.780361 -4 20.9231
    endloop
  endfacet
  facet normal 0.226936 0 -0.97391
    outer loop
      vertex -0.780361 0 20.9231
      vertex -1.03528 -4 20.8637
      vertex -1.03528 0 20.8637
    endloop
  endfacet
  facet normal 0.0328554 0 -0.99946
    outer loop
      vertex -0.261612 -4 20.9914
      vertex 0 0 21
      vertex 0 -4 21
    endloop
  endfacet
  facet normal 0.0328554 0 -0.99946
    outer loop
      vertex 0 0 21
      vertex -0.261612 -4 20.9914
      vertex -0.261612 0 20.9914
    endloop
  endfacet
  facet normal 0.412622 0 -0.910902
    outer loop
      vertex -1.76915 -4 20.5875
      vertex -1.53073 0 20.6955
      vertex -1.53073 -4 20.6955
    endloop
  endfacet
  facet normal 0.412622 0 -0.910902
    outer loop
      vertex -1.53073 0 20.6955
      vertex -1.76915 -4 20.5875
      vertex -1.76915 0 20.5875
    endloop
  endfacet
  facet normal 0.683719 0 -0.729746
    outer loop
      vertex -2.82843 -4 19.8284
      vertex -2.63738 0 20.0074
      vertex -2.63738 -4 20.0074
    endloop
  endfacet
  facet normal 0.683719 0 -0.729746
    outer loop
      vertex -2.63738 0 20.0074
      vertex -2.82843 -4 19.8284
      vertex -2.82843 0 19.8284
    endloop
  endfacet
  facet normal 0.634284 0 -0.7731
    outer loop
      vertex -2.63738 -4 20.0074
      vertex -2.43505 0 20.1734
      vertex -2.43505 -4 20.1734
    endloop
  endfacet
  facet normal 0.634284 0 -0.7731
    outer loop
      vertex -2.43505 0 20.1734
      vertex -2.63738 -4 20.0074
      vertex -2.63738 0 20.0074
    endloop
  endfacet
  facet normal -0.995184 0 0.0980285
    outer loop
      vertex 3.96578 -4 16.4779
      vertex 3.99144 0 16.7384
      vertex 3.96578 0 16.4779
    endloop
  endfacet
  facet normal -0.995184 0 0.0980285
    outer loop
      vertex 3.99144 0 16.7384
      vertex 3.96578 -4 16.4779
      vertex 3.99144 -4 16.7384
    endloop
  endfacet
  facet normal -0.0328554 0 0.99946
    outer loop
      vertex 0 0 13
      vertex 0.261612 -4 13.0086
      vertex 0.261612 0 13.0086
    endloop
  endfacet
  facet normal -0.0328554 0 0.99946
    outer loop
      vertex 0.261612 -4 13.0086
      vertex 0 0 13
      vertex 0 -4 13
    endloop
  endfacet
  facet normal -0.973872 0 0.227097
    outer loop
      vertex 3.8637 -4 15.9647
      vertex 3.92314 0 16.2196
      vertex 3.8637 0 15.9647
    endloop
  endfacet
  facet normal -0.973872 0 0.227097
    outer loop
      vertex 3.92314 0 16.2196
      vertex 3.8637 -4 15.9647
      vertex 3.92314 -4 16.2196
    endloop
  endfacet
  facet normal -0.999465 0 0.0327042
    outer loop
      vertex 3.99144 -4 16.7384
      vertex 4 0 17
      vertex 3.99144 0 16.7384
    endloop
  endfacet
  facet normal -0.999465 0 0.0327042
    outer loop
      vertex 4 0 17
      vertex 3.99144 -4 16.7384
      vertex 4 -4 17
    endloop
  endfacet
  facet normal -0.956949 0 0.290255
    outer loop
      vertex 3.78772 -4 15.7142
      vertex 3.8637 0 15.9647
      vertex 3.78772 0 15.7142
    endloop
  endfacet
  facet normal -0.956949 0 0.290255
    outer loop
      vertex 3.8637 0 15.9647
      vertex 3.78772 -4 15.7142
      vertex 3.8637 -4 15.9647
    endloop
  endfacet
  facet normal -0.935873 0 0.352338
    outer loop
      vertex 3.69552 -4 15.4693
      vertex 3.78772 0 15.7142
      vertex 3.69552 0 15.4693
    endloop
  endfacet
  facet normal -0.935873 0 0.352338
    outer loop
      vertex 3.78772 0 15.7142
      vertex 3.69552 -4 15.4693
      vertex 3.78772 -4 15.7142
    endloop
  endfacet
  facet normal -0.812754 0 0.582607
    outer loop
      vertex 3.17341 -4 14.565
      vertex 3.32588 0 14.7777
      vertex 3.17341 0 14.565
    endloop
  endfacet
  facet normal -0.812754 0 0.582607
    outer loop
      vertex 3.32588 0 14.7777
      vertex 3.17341 -4 14.565
      vertex 3.32588 -4 14.7777
    endloop
  endfacet
  facet normal -0.0978044 0 0.995206
    outer loop
      vertex 0.261612 0 13.0086
      vertex 0.522104 -4 13.0342
      vertex 0.522104 0 13.0342
    endloop
  endfacet
  facet normal -0.0978044 0 0.995206
    outer loop
      vertex 0.522104 -4 13.0342
      vertex 0.261612 0 13.0086
      vertex 0.261612 -4 13.0086
    endloop
  endfacet
  facet normal -0.290347 0 0.956922
    outer loop
      vertex 1.03528 0 13.1363
      vertex 1.28576 -4 13.2123
      vertex 1.28576 0 13.2123
    endloop
  endfacet
  facet normal -0.290347 0 0.956922
    outer loop
      vertex 1.28576 -4 13.2123
      vertex 1.03528 0 13.1363
      vertex 1.03528 -4 13.1363
    endloop
  endfacet
  facet normal -0.634284 0 0.7731
    outer loop
      vertex 2.43505 0 13.8266
      vertex 2.63738 -4 13.9926
      vertex 2.63738 0 13.9926
    endloop
  endfacet
  facet normal -0.634284 0 0.7731
    outer loop
      vertex 2.63738 -4 13.9926
      vertex 2.43505 0 13.8266
      vertex 2.43505 -4 13.8266
    endloop
  endfacet
  facet normal -0.528006 0 0.849241
    outer loop
      vertex 2 0 13.5359
      vertex 2.22228 -4 13.6741
      vertex 2.22228 0 13.6741
    endloop
  endfacet
  facet normal -0.528006 0 0.849241
    outer loop
      vertex 2.22228 -4 13.6741
      vertex 2 0 13.5359
      vertex 2 -4 13.5359
    endloop
  endfacet
  facet normal -0.412622 0 0.910902
    outer loop
      vertex 1.53073 0 13.3045
      vertex 1.76915 -4 13.4125
      vertex 1.76915 0 13.4125
    endloop
  endfacet
  facet normal -0.412622 0 0.910902
    outer loop
      vertex 1.76915 -4 13.4125
      vertex 1.53073 0 13.3045
      vertex 1.53073 -4 13.3045
    endloop
  endfacet
  facet normal 0.0328554 0 0.99946
    outer loop
      vertex -0.261612 0 13.0086
      vertex 0 -4 13
      vertex 0 0 13
    endloop
  endfacet
  facet normal 0.0328554 0 0.99946
    outer loop
      vertex 0 -4 13
      vertex -0.261612 0 13.0086
      vertex -0.261612 -4 13.0086
    endloop
  endfacet
  facet normal 0.352249 0 0.935906
    outer loop
      vertex -1.53073 0 13.3045
      vertex -1.28576 -4 13.2123
      vertex -1.28576 0 13.2123
    endloop
  endfacet
  facet normal 0.352249 0 0.935906
    outer loop
      vertex -1.28576 -4 13.2123
      vertex -1.53073 0 13.3045
      vertex -1.53073 -4 13.3045
    endloop
  endfacet
  facet normal 0.412622 0 0.910902
    outer loop
      vertex -1.76915 0 13.4125
      vertex -1.53073 -4 13.3045
      vertex -1.53073 0 13.3045
    endloop
  endfacet
  facet normal 0.412622 0 0.910902
    outer loop
      vertex -1.53073 -4 13.3045
      vertex -1.76915 0 13.4125
      vertex -1.76915 -4 13.4125
    endloop
  endfacet
  facet normal 0.683719 0 0.729746
    outer loop
      vertex -2.82843 0 14.1716
      vertex -2.63738 -4 13.9926
      vertex -2.63738 0 13.9926
    endloop
  endfacet
  facet normal 0.683719 0 0.729746
    outer loop
      vertex -2.63738 -4 13.9926
      vertex -2.82843 0 14.1716
      vertex -2.82843 -4 14.1716
    endloop
  endfacet
  facet normal 0.986647 -0 0.162875
    outer loop
      vertex -3.96578 -4 16.4779
      vertex -3.92314 0 16.2196
      vertex -3.96578 0 16.4779
    endloop
  endfacet
  facet normal 0.986647 0 0.162875
    outer loop
      vertex -3.92314 0 16.2196
      vertex -3.96578 -4 16.4779
      vertex -3.92314 -4 16.2196
    endloop
  endfacet
  facet normal 0.999465 -0 0.0327042
    outer loop
      vertex -4 -4 17
      vertex -3.99144 0 16.7384
      vertex -4 0 17
    endloop
  endfacet
  facet normal 0.999465 0 0.0327042
    outer loop
      vertex -3.99144 0 16.7384
      vertex -4 -4 17
      vertex -3.99144 -4 16.7384
    endloop
  endfacet
  facet normal 0.956949 -0 0.290255
    outer loop
      vertex -3.8637 -4 15.9647
      vertex -3.78772 0 15.7142
      vertex -3.8637 0 15.9647
    endloop
  endfacet
  facet normal 0.956949 0 0.290255
    outer loop
      vertex -3.78772 0 15.7142
      vertex -3.8637 -4 15.9647
      vertex -3.78772 -4 15.7142
    endloop
  endfacet
  facet normal 0.849228 -0 0.528026
    outer loop
      vertex -3.4641 -4 15
      vertex -3.32588 0 14.7777
      vertex -3.4641 0 15
    endloop
  endfacet
  facet normal 0.849228 0 0.528026
    outer loop
      vertex -3.32588 0 14.7777
      vertex -3.4641 -4 15
      vertex -3.32588 -4 14.7777
    endloop
  endfacet
  facet normal 0.773114 -0 0.634267
    outer loop
      vertex -3.17341 -4 14.565
      vertex -3.00736 0 14.3626
      vertex -3.17341 0 14.565
    endloop
  endfacet
  facet normal 0.773114 0 0.634267
    outer loop
      vertex -3.00736 0 14.3626
      vertex -3.17341 -4 14.565
      vertex -3.00736 -4 14.3626
    endloop
  endfacet
  facet normal -0.973872 0 -0.227097
    outer loop
      vertex 3.92314 -4 17.7804
      vertex 3.8637 0 18.0353
      vertex 3.92314 0 17.7804
    endloop
  endfacet
  facet normal -0.973872 -0 -0.227097
    outer loop
      vertex 3.8637 0 18.0353
      vertex 3.92314 -4 17.7804
      vertex 3.8637 -4 18.0353
    endloop
  endfacet
  facet normal -0.986647 0 -0.162875
    outer loop
      vertex 3.96578 -4 17.5221
      vertex 3.92314 0 17.7804
      vertex 3.96578 0 17.5221
    endloop
  endfacet
  facet normal -0.986647 -0 -0.162875
    outer loop
      vertex 3.92314 0 17.7804
      vertex 3.96578 -4 17.5221
      vertex 3.92314 -4 17.7804
    endloop
  endfacet
  facet normal -0.352249 0 0.935906
    outer loop
      vertex 1.28576 0 13.2123
      vertex 1.53073 -4 13.3045
      vertex 1.53073 0 13.3045
    endloop
  endfacet
  facet normal -0.352249 0 0.935906
    outer loop
      vertex 1.53073 -4 13.3045
      vertex 1.28576 0 13.2123
      vertex 1.28576 -4 13.2123
    endloop
  endfacet
  facet normal -0.683719 0 0.729746
    outer loop
      vertex 2.63738 0 13.9926
      vertex 2.82843 -4 14.1716
      vertex 2.82843 0 14.1716
    endloop
  endfacet
  facet normal -0.683719 0 0.729746
    outer loop
      vertex 2.82843 -4 14.1716
      vertex 2.63738 0 13.9926
      vertex 2.63738 -4 13.9926
    endloop
  endfacet
  facet normal -0.471421 0 0.881908
    outer loop
      vertex 1.76915 0 13.4125
      vertex 2 -4 13.5359
      vertex 2 0 13.5359
    endloop
  endfacet
  facet normal -0.471421 0 0.881908
    outer loop
      vertex 2 -4 13.5359
      vertex 1.76915 0 13.4125
      vertex 1.76915 -4 13.4125
    endloop
  endfacet
  facet normal -0.582556 0 0.81279
    outer loop
      vertex 2.22228 0 13.6741
      vertex 2.43505 -4 13.8266
      vertex 2.43505 0 13.8266
    endloop
  endfacet
  facet normal -0.582556 0 0.81279
    outer loop
      vertex 2.43505 -4 13.8266
      vertex 2.22228 0 13.6741
      vertex 2.22228 -4 13.6741
    endloop
  endfacet
  facet normal 0.290347 0 0.956922
    outer loop
      vertex -1.28576 0 13.2123
      vertex -1.03528 -4 13.1363
      vertex -1.03528 0 13.1363
    endloop
  endfacet
  facet normal 0.290347 0 0.956922
    outer loop
      vertex -1.03528 -4 13.1363
      vertex -1.28576 0 13.2123
      vertex -1.28576 -4 13.2123
    endloop
  endfacet
  facet normal 0.634284 0 0.7731
    outer loop
      vertex -2.63738 0 13.9926
      vertex -2.43505 -4 13.8266
      vertex -2.43505 0 13.8266
    endloop
  endfacet
  facet normal 0.634284 0 0.7731
    outer loop
      vertex -2.43505 -4 13.8266
      vertex -2.63738 0 13.9926
      vertex -2.63738 -4 13.9926
    endloop
  endfacet
  facet normal 0.995184 -0 0.0980285
    outer loop
      vertex -3.99144 -4 16.7384
      vertex -3.96578 0 16.4779
      vertex -3.99144 0 16.7384
    endloop
  endfacet
  facet normal 0.995184 0 0.0980285
    outer loop
      vertex -3.96578 0 16.4779
      vertex -3.99144 -4 16.7384
      vertex -3.96578 -4 16.4779
    endloop
  endfacet
  facet normal 0.935873 -0 0.352338
    outer loop
      vertex -3.78772 -4 15.7142
      vertex -3.69552 0 15.4693
      vertex -3.78772 0 15.7142
    endloop
  endfacet
  facet normal 0.935873 0 0.352338
    outer loop
      vertex -3.69552 0 15.4693
      vertex -3.78772 -4 15.7142
      vertex -3.69552 -4 15.4693
    endloop
  endfacet
  facet normal 0.881882 -0 0.471471
    outer loop
      vertex -3.58749 -4 15.2308
      vertex -3.4641 0 15
      vertex -3.58749 0 15.2308
    endloop
  endfacet
  facet normal 0.881882 0 0.471471
    outer loop
      vertex -3.4641 0 15
      vertex -3.58749 -4 15.2308
      vertex -3.4641 -4 15
    endloop
  endfacet
  facet normal 0.72979 -0 0.683672
    outer loop
      vertex -3.00736 -4 14.3626
      vertex -2.82843 0 14.1716
      vertex -3.00736 0 14.3626
    endloop
  endfacet
  facet normal 0.72979 0 0.683672
    outer loop
      vertex -2.82843 0 14.1716
      vertex -3.00736 -4 14.3626
      vertex -2.82843 -4 14.1716
    endloop
  endfacet
  facet normal -0.986647 0 0.162875
    outer loop
      vertex 3.92314 -4 16.2196
      vertex 3.96578 0 16.4779
      vertex 3.92314 0 16.2196
    endloop
  endfacet
  facet normal -0.986647 0 0.162875
    outer loop
      vertex 3.96578 0 16.4779
      vertex 3.92314 -4 16.2196
      vertex 3.96578 -4 16.4779
    endloop
  endfacet
  facet normal -0.881882 0 0.471471
    outer loop
      vertex 3.4641 -4 15
      vertex 3.58749 0 15.2308
      vertex 3.4641 0 15
    endloop
  endfacet
  facet normal -0.881882 0 0.471471
    outer loop
      vertex 3.58749 0 15.2308
      vertex 3.4641 -4 15
      vertex 3.58749 -4 15.2308
    endloop
  endfacet
  facet normal -0.849228 0 0.528026
    outer loop
      vertex 3.32588 -4 14.7777
      vertex 3.4641 0 15
      vertex 3.32588 0 14.7777
    endloop
  endfacet
  facet normal -0.849228 0 0.528026
    outer loop
      vertex 3.4641 0 15
      vertex 3.32588 -4 14.7777
      vertex 3.4641 -4 15
    endloop
  endfacet
  facet normal -0.910911 0 0.412603
    outer loop
      vertex 3.58749 -4 15.2308
      vertex 3.69552 0 15.4693
      vertex 3.58749 0 15.2308
    endloop
  endfacet
  facet normal -0.910911 0 0.412603
    outer loop
      vertex 3.69552 0 15.4693
      vertex 3.58749 -4 15.2308
      vertex 3.69552 -4 15.4693
    endloop
  endfacet
  facet normal -0.812923 -0.582371 0
    outer loop
      vertex 16.0467 25.2223 0
      vertex 15.8085 25.5548 3
      vertex 15.8085 25.5548 0
    endloop
  endfacet
  facet normal -0.812923 -0.582371 0
    outer loop
      vertex 15.8085 25.5548 3
      vertex 16.0467 25.2223 0
      vertex 16.0467 25.2223 3
    endloop
  endfacet
  facet normal 0.290231 0.956957 -0
    outer loop
      vertex -1.36762 15.713 0
      vertex -1.759 15.8317 3
      vertex -1.36762 15.713 3
    endloop
  endfacet
  facet normal 0.290231 0.956957 0
    outer loop
      vertex -1.759 15.8317 3
      vertex -1.36762 15.713 0
      vertex -1.759 15.8317 0
    endloop
  endfacet
  facet normal -0.812923 0.582371 0
    outer loop
      vertex 15.8085 17.9452 0
      vertex 16.0467 18.2777 3
      vertex 16.0467 18.2777 0
    endloop
  endfacet
  facet normal -0.812923 0.582371 0
    outer loop
      vertex 16.0467 18.2777 3
      vertex 15.8085 17.9452 0
      vertex 15.8085 17.9452 3
    endloop
  endfacet
  facet normal -0.290218 -0.956961 0
    outer loop
      vertex 12.4676 27.787 0
      vertex 12.859 27.6683 3
      vertex 12.4676 27.787 3
    endloop
  endfacet
  facet normal -0.290218 -0.956961 -0
    outer loop
      vertex 12.859 27.6683 3
      vertex 12.4676 27.787 0
      vertex 12.859 27.6683 0
    endloop
  endfacet
  facet normal 0.999465 -0.0327124 0
    outer loop
      vertex -6 21.75 3
      vertex -5.98662 22.1588 0
      vertex -5.98662 22.1588 3
    endloop
  endfacet
  facet normal 0.999465 -0.0327124 0
    outer loop
      vertex -5.98662 22.1588 0
      vertex -6 21.75 3
      vertex -6 21.75 0
    endloop
  endfacet
  facet normal -0.956961 -0.290218 0
    outer loop
      vertex 16.887 23.3676 0
      vertex 16.7683 23.759 3
      vertex 16.7683 23.759 0
    endloop
  endfacet
  facet normal -0.956961 -0.290218 0
    outer loop
      vertex 16.7683 23.759 3
      vertex 16.887 23.3676 0
      vertex 16.887 23.3676 3
    endloop
  endfacet
  facet normal 0.999465 0.0327124 0
    outer loop
      vertex -5.98662 21.3412 3
      vertex -6 21.75 0
      vertex -6 21.75 3
    endloop
  endfacet
  facet normal 0.999465 0.0327124 0
    outer loop
      vertex -6 21.75 0
      vertex -5.98662 21.3412 3
      vertex -5.98662 21.3412 0
    endloop
  endfacet
  facet normal 0.995184 -0.0980268 0
    outer loop
      vertex -5.98662 22.1588 3
      vertex -5.94653 22.5658 0
      vertex -5.94653 22.5658 3
    endloop
  endfacet
  facet normal 0.995184 -0.0980268 0
    outer loop
      vertex -5.94653 22.5658 0
      vertex -5.98662 22.1588 3
      vertex -5.98662 22.1588 0
    endloop
  endfacet
  facet normal -0.0327613 -0.999463 0
    outer loop
      vertex 10.85 28 0
      vertex 11.2588 27.9866 3
      vertex 10.85 28 3
    endloop
  endfacet
  facet normal -0.0327613 -0.999463 -0
    outer loop
      vertex 11.2588 27.9866 3
      vertex 10.85 28 0
      vertex 11.2588 27.9866 0
    endloop
  endfacet
  facet normal -0.98665 -0.162852 0
    outer loop
      vertex 17.0465 22.5658 0
      vertex 16.9799 22.9693 3
      vertex 16.9799 22.9693 0
    endloop
  endfacet
  facet normal -0.98665 -0.162852 0
    outer loop
      vertex 16.9799 22.9693 3
      vertex 17.0465 22.5658 0
      vertex 17.0465 22.5658 3
    endloop
  endfacet
  facet normal -0.582371 -0.812923 0
    outer loop
      vertex 14.3223 26.9467 0
      vertex 14.6548 26.7085 3
      vertex 14.3223 26.9467 3
    endloop
  endfacet
  facet normal -0.582371 -0.812923 -0
    outer loop
      vertex 14.6548 26.7085 3
      vertex 14.3223 26.9467 0
      vertex 14.6548 26.7085 0
    endloop
  endfacet
  facet normal -0.729835 -0.683624 0
    outer loop
      vertex 15.549 25.8709 0
      vertex 15.2694 26.1694 3
      vertex 15.2694 26.1694 0
    endloop
  endfacet
  facet normal -0.729835 -0.683624 0
    outer loop
      vertex 15.2694 26.1694 3
      vertex 15.549 25.8709 0
      vertex 15.549 25.8709 3
    endloop
  endfacet
  facet normal 0 1 -0
    outer loop
      vertex 10.85 15.5 0
      vertex 0.249999 15.5 3
      vertex 10.85 15.5 3
    endloop
  endfacet
  facet normal 0 1 0
    outer loop
      vertex 0.249999 15.5 3
      vertex 10.85 15.5 0
      vertex 0.249999 15.5 0
    endloop
  endfacet
  facet normal -0.0327613 0.999463 0
    outer loop
      vertex 11.2588 15.5134 0
      vertex 10.85 15.5 3
      vertex 11.2588 15.5134 3
    endloop
  endfacet
  facet normal -0.0327613 0.999463 0
    outer loop
      vertex 10.85 15.5 3
      vertex 11.2588 15.5134 0
      vertex 10.85 15.5 0
    endloop
  endfacet
  facet normal 0.528119 0.849171 -0
    outer loop
      vertex -2.875 16.3373 0
      vertex -3.22231 16.5533 3
      vertex -2.875 16.3373 3
    endloop
  endfacet
  facet normal 0.528119 0.849171 0
    outer loop
      vertex -3.22231 16.5533 3
      vertex -2.875 16.3373 0
      vertex -3.22231 16.5533 0
    endloop
  endfacet
  facet normal -0.227145 0.973861 0
    outer loop
      vertex 12.4676 15.713 0
      vertex 12.0693 15.6201 3
      vertex 12.4676 15.713 3
    endloop
  endfacet
  facet normal -0.227145 0.973861 0
    outer loop
      vertex 12.0693 15.6201 3
      vertex 12.4676 15.713 0
      vertex 12.0693 15.6201 0
    endloop
  endfacet
  facet normal -0.098051 0.995181 0
    outer loop
      vertex 11.6658 15.5535 0
      vertex 11.2588 15.5134 3
      vertex 11.6658 15.5535 3
    endloop
  endfacet
  facet normal -0.098051 0.995181 0
    outer loop
      vertex 11.2588 15.5134 3
      vertex 11.6658 15.5535 0
      vertex 11.2588 15.5134 0
    endloop
  endfacet
  facet normal 0.986643 -0.1629 0
    outer loop
      vertex -5.94653 22.5658 3
      vertex -5.87991 22.9693 0
      vertex -5.87991 22.9693 3
    endloop
  endfacet
  facet normal 0.986643 -0.1629 0
    outer loop
      vertex -5.87991 22.9693 0
      vertex -5.94653 22.5658 3
      vertex -5.94653 22.5658 0
    endloop
  endfacet
  facet normal 0.849186 -0.528094 0
    outer loop
      vertex -5.16266 24.875 3
      vertex -4.94668 25.2223 0
      vertex -4.94668 25.2223 3
    endloop
  endfacet
  facet normal 0.849186 -0.528094 0
    outer loop
      vertex -4.94668 25.2223 0
      vertex -5.16266 24.875 3
      vertex -5.16266 24.875 0
    endloop
  endfacet
  facet normal -0.881919 -0.4714 0
    outer loop
      vertex 16.4555 24.5143 0
      vertex 16.2627 24.875 3
      vertex 16.2627 24.875 0
    endloop
  endfacet
  facet normal -0.881919 -0.4714 0
    outer loop
      vertex 16.2627 24.875 3
      vertex 16.4555 24.5143 0
      vertex 16.4555 24.5143 3
    endloop
  endfacet
  facet normal -0.935886 -0.352302 0
    outer loop
      vertex 16.7683 23.759 0
      vertex 16.6242 24.1418 3
      vertex 16.6242 24.1418 0
    endloop
  endfacet
  facet normal -0.935886 -0.352302 0
    outer loop
      vertex 16.6242 24.1418 3
      vertex 16.7683 23.759 0
      vertex 16.7683 23.759 3
    endloop
  endfacet
  facet normal -0.849164 -0.52813 0
    outer loop
      vertex 16.2627 24.875 0
      vertex 16.0467 25.2223 3
      vertex 16.0467 25.2223 0
    endloop
  endfacet
  facet normal -0.849164 -0.52813 0
    outer loop
      vertex 16.0467 25.2223 3
      vertex 16.2627 24.875 0
      vertex 16.2627 24.875 3
    endloop
  endfacet
  facet normal -0.973861 -0.227145 0
    outer loop
      vertex 16.9799 22.9693 0
      vertex 16.887 23.3676 3
      vertex 16.887 23.3676 0
    endloop
  endfacet
  facet normal -0.973861 -0.227145 0
    outer loop
      vertex 16.887 23.3676 3
      vertex 16.9799 22.9693 0
      vertex 16.9799 22.9693 3
    endloop
  endfacet
  facet normal -0.995181 -0.098051 0
    outer loop
      vertex 17.0866 22.1588 0
      vertex 17.0465 22.5658 3
      vertex 17.0465 22.5658 0
    endloop
  endfacet
  facet normal -0.995181 -0.098051 0
    outer loop
      vertex 17.0465 22.5658 3
      vertex 17.0866 22.1588 0
      vertex 17.0866 22.1588 3
    endloop
  endfacet
  facet normal -0.683624 -0.729835 0
    outer loop
      vertex 14.9709 26.449 0
      vertex 15.2694 26.1694 3
      vertex 14.9709 26.449 3
    endloop
  endfacet
  facet normal -0.683624 -0.729835 -0
    outer loop
      vertex 15.2694 26.1694 3
      vertex 14.9709 26.449 0
      vertex 15.2694 26.1694 0
    endloop
  endfacet
  facet normal -0.77291 -0.634515 0
    outer loop
      vertex 15.8085 25.5548 0
      vertex 15.549 25.8709 3
      vertex 15.549 25.8709 0
    endloop
  endfacet
  facet normal -0.77291 -0.634515 0
    outer loop
      vertex 15.549 25.8709 3
      vertex 15.8085 25.5548 0
      vertex 15.8085 25.5548 3
    endloop
  endfacet
  facet normal -0.4714 -0.881919 0
    outer loop
      vertex 13.6143 27.3555 0
      vertex 13.975 27.1627 3
      vertex 13.6143 27.3555 3
    endloop
  endfacet
  facet normal -0.4714 -0.881919 -0
    outer loop
      vertex 13.975 27.1627 3
      vertex 13.6143 27.3555 0
      vertex 13.975 27.1627 0
    endloop
  endfacet
  facet normal -0.41255 -0.910935 0
    outer loop
      vertex 13.2418 27.5242 0
      vertex 13.6143 27.3555 3
      vertex 13.2418 27.5242 3
    endloop
  endfacet
  facet normal -0.41255 -0.910935 -0
    outer loop
      vertex 13.6143 27.3555 3
      vertex 13.2418 27.5242 0
      vertex 13.6143 27.3555 0
    endloop
  endfacet
  facet normal -0.52813 -0.849164 0
    outer loop
      vertex 13.975 27.1627 0
      vertex 14.3223 26.9467 3
      vertex 13.975 27.1627 3
    endloop
  endfacet
  facet normal -0.52813 -0.849164 -0
    outer loop
      vertex 14.3223 26.9467 3
      vertex 13.975 27.1627 0
      vertex 14.3223 26.9467 0
    endloop
  endfacet
  facet normal -0.352302 -0.935886 0
    outer loop
      vertex 12.859 27.6683 0
      vertex 13.2418 27.5242 3
      vertex 12.859 27.6683 3
    endloop
  endfacet
  facet normal -0.352302 -0.935886 -0
    outer loop
      vertex 13.2418 27.5242 3
      vertex 12.859 27.6683 0
      vertex 13.2418 27.5242 0
    endloop
  endfacet
  facet normal 0.0980465 0.995182 -0
    outer loop
      vertex -0.158769 15.5134 0
      vertex -0.565788 15.5535 3
      vertex -0.158769 15.5134 3
    endloop
  endfacet
  facet normal 0.0980465 0.995182 0
    outer loop
      vertex -0.565788 15.5535 3
      vertex -0.158769 15.5134 0
      vertex -0.565788 15.5535 0
    endloop
  endfacet
  facet normal 0.0327638 0.999463 -0
    outer loop
      vertex 0.249999 15.5 0
      vertex -0.158769 15.5134 3
      vertex 0.249999 15.5 3
    endloop
  endfacet
  facet normal 0.0327638 0.999463 0
    outer loop
      vertex -0.158769 15.5134 3
      vertex 0.249999 15.5 0
      vertex -0.158769 15.5134 0
    endloop
  endfacet
  facet normal 0.8129 0.582403 0
    outer loop
      vertex -4.70846 17.9452 3
      vertex -4.94668 18.2777 0
      vertex -4.94668 18.2777 3
    endloop
  endfacet
  facet normal 0.8129 0.582403 0
    outer loop
      vertex -4.94668 18.2777 0
      vertex -4.70846 17.9452 3
      vertex -4.70846 17.9452 0
    endloop
  endfacet
  facet normal 0.412522 0.910948 -0
    outer loop
      vertex -2.14177 15.9758 0
      vertex -2.5143 16.1445 3
      vertex -2.14177 15.9758 3
    endloop
  endfacet
  facet normal 0.412522 0.910948 0
    outer loop
      vertex -2.5143 16.1445 3
      vertex -2.14177 15.9758 0
      vertex -2.5143 16.1445 0
    endloop
  endfacet
  facet normal -0.973861 0.227145 0
    outer loop
      vertex 16.887 20.1324 0
      vertex 16.9799 20.5307 3
      vertex 16.9799 20.5307 0
    endloop
  endfacet
  facet normal -0.973861 0.227145 0
    outer loop
      vertex 16.9799 20.5307 3
      vertex 16.887 20.1324 0
      vertex 16.887 20.1324 3
    endloop
  endfacet
  facet normal -0.77291 0.634515 0
    outer loop
      vertex 15.549 17.6291 0
      vertex 15.8085 17.9452 3
      vertex 15.8085 17.9452 0
    endloop
  endfacet
  facet normal -0.77291 0.634515 0
    outer loop
      vertex 15.8085 17.9452 3
      vertex 15.549 17.6291 0
      vertex 15.549 17.6291 3
    endloop
  endfacet
  facet normal -0.634515 0.77291 0
    outer loop
      vertex 14.9709 17.051 0
      vertex 14.6548 16.7915 3
      vertex 14.9709 17.051 3
    endloop
  endfacet
  facet normal -0.634515 0.77291 0
    outer loop
      vertex 14.6548 16.7915 3
      vertex 14.9709 17.051 0
      vertex 14.6548 16.7915 0
    endloop
  endfacet
  facet normal -0.352302 0.935886 0
    outer loop
      vertex 13.2418 15.9758 0
      vertex 12.859 15.8317 3
      vertex 13.2418 15.9758 3
    endloop
  endfacet
  facet normal -0.352302 0.935886 0
    outer loop
      vertex 12.859 15.8317 3
      vertex 13.2418 15.9758 0
      vertex 12.859 15.8317 0
    endloop
  endfacet
  facet normal 0.95694 -0.290285 0
    outer loop
      vertex -5.78704 23.3676 3
      vertex -5.66831 23.759 0
      vertex -5.66831 23.759 3
    endloop
  endfacet
  facet normal 0.95694 -0.290285 0
    outer loop
      vertex -5.66831 23.759 0
      vertex -5.78704 23.3676 3
      vertex -5.78704 23.3676 0
    endloop
  endfacet
  facet normal 0.88193 -0.471381 0
    outer loop
      vertex -5.35545 24.5143 3
      vertex -5.16266 24.875 0
      vertex -5.16266 24.875 3
    endloop
  endfacet
  facet normal 0.88193 -0.471381 0
    outer loop
      vertex -5.16266 24.875 0
      vertex -5.35545 24.5143 3
      vertex -5.35545 24.5143 0
    endloop
  endfacet
  facet normal 0.935919 -0.352216 0
    outer loop
      vertex -5.66831 23.759 3
      vertex -5.52425 24.1418 0
      vertex -5.52425 24.1418 3
    endloop
  endfacet
  facet normal 0.935919 -0.352216 0
    outer loop
      vertex -5.52425 24.1418 0
      vertex -5.66831 23.759 3
      vertex -5.66831 23.759 0
    endloop
  endfacet
  facet normal 0.683612 -0.729846 0
    outer loop
      vertex -4.16942 26.1694 0
      vertex -3.87091 26.449 3
      vertex -4.16942 26.1694 3
    endloop
  endfacet
  facet normal 0.683612 -0.729846 0
    outer loop
      vertex -3.87091 26.449 3
      vertex -4.16942 26.1694 0
      vertex -3.87091 26.449 0
    endloop
  endfacet
  facet normal 0.528119 -0.849171 0
    outer loop
      vertex -3.22231 26.9467 0
      vertex -2.875 27.1627 3
      vertex -3.22231 26.9467 3
    endloop
  endfacet
  facet normal 0.528119 -0.849171 0
    outer loop
      vertex -2.875 27.1627 3
      vertex -3.22231 26.9467 0
      vertex -2.875 27.1627 0
    endloop
  endfacet
  facet normal 0.0980465 -0.995182 0
    outer loop
      vertex -0.565788 27.9465 0
      vertex -0.158769 27.9866 3
      vertex -0.565788 27.9465 3
    endloop
  endfacet
  facet normal 0.0980465 -0.995182 0
    outer loop
      vertex -0.158769 27.9866 3
      vertex -0.565788 27.9465 0
      vertex -0.158769 27.9866 0
    endloop
  endfacet
  facet normal 0.0327638 -0.999463 0
    outer loop
      vertex -0.158769 27.9866 0
      vertex 0.249999 28 3
      vertex -0.158769 27.9866 3
    endloop
  endfacet
  facet normal 0.0327638 -0.999463 0
    outer loop
      vertex 0.249999 28 3
      vertex -0.158769 27.9866 0
      vertex 0.249999 28 0
    endloop
  endfacet
  facet normal 0.290231 -0.956957 0
    outer loop
      vertex -1.759 27.6683 0
      vertex -1.36762 27.787 3
      vertex -1.759 27.6683 3
    endloop
  endfacet
  facet normal 0.290231 -0.956957 0
    outer loop
      vertex -1.36762 27.787 3
      vertex -1.759 27.6683 0
      vertex -1.36762 27.787 0
    endloop
  endfacet
  facet normal -0.162852 -0.98665 0
    outer loop
      vertex 11.6658 27.9465 0
      vertex 12.0693 27.8799 3
      vertex 11.6658 27.9465 3
    endloop
  endfacet
  facet normal -0.162852 -0.98665 -0
    outer loop
      vertex 12.0693 27.8799 3
      vertex 11.6658 27.9465 0
      vertex 12.0693 27.8799 0
    endloop
  endfacet
  facet normal -0.098051 -0.995181 0
    outer loop
      vertex 11.2588 27.9866 0
      vertex 11.6658 27.9465 3
      vertex 11.2588 27.9866 3
    endloop
  endfacet
  facet normal -0.098051 -0.995181 -0
    outer loop
      vertex 11.6658 27.9465 3
      vertex 11.2588 27.9866 0
      vertex 11.6658 27.9465 0
    endloop
  endfacet
  facet normal 0 -1 0
    outer loop
      vertex 0.249999 28 0
      vertex 10.85 28 3
      vertex 0.249999 28 3
    endloop
  endfacet
  facet normal 0 -1 -0
    outer loop
      vertex 10.85 28 3
      vertex 0.249999 28 0
      vertex 10.85 28 0
    endloop
  endfacet
  facet normal -0.910935 -0.41255 0
    outer loop
      vertex 16.6242 24.1418 0
      vertex 16.4555 24.5143 3
      vertex 16.4555 24.5143 0
    endloop
  endfacet
  facet normal -0.910935 -0.41255 0
    outer loop
      vertex 16.4555 24.5143 3
      vertex 16.6242 24.1418 0
      vertex 16.6242 24.1418 3
    endloop
  endfacet
  facet normal -0.999463 -0.0327613 0
    outer loop
      vertex 17.1 21.75 0
      vertex 17.0866 22.1588 3
      vertex 17.0866 22.1588 0
    endloop
  endfacet
  facet normal -0.999463 -0.0327613 0
    outer loop
      vertex 17.0866 22.1588 3
      vertex 17.1 21.75 0
      vertex 17.1 21.75 3
    endloop
  endfacet
  facet normal -0.634515 -0.77291 0
    outer loop
      vertex 14.6548 26.7085 0
      vertex 14.9709 26.449 3
      vertex 14.6548 26.7085 3
    endloop
  endfacet
  facet normal -0.634515 -0.77291 -0
    outer loop
      vertex 14.9709 26.449 3
      vertex 14.6548 26.7085 0
      vertex 14.9709 26.449 0
    endloop
  endfacet
  facet normal 0.162842 0.986652 -0
    outer loop
      vertex -0.565788 15.5535 0
      vertex -0.969314 15.6201 3
      vertex -0.565788 15.5535 3
    endloop
  endfacet
  facet normal 0.162842 0.986652 0
    outer loop
      vertex -0.969314 15.6201 3
      vertex -0.565788 15.5535 0
      vertex -0.969314 15.6201 0
    endloop
  endfacet
  facet normal 0.227141 0.973862 -0
    outer loop
      vertex -0.969314 15.6201 0
      vertex -1.36762 15.713 3
      vertex -0.969314 15.6201 3
    endloop
  endfacet
  facet normal 0.227141 0.973862 0
    outer loop
      vertex -1.36762 15.713 3
      vertex -0.969314 15.6201 0
      vertex -1.36762 15.713 0
    endloop
  endfacet
  facet normal 0.995184 0.0980268 0
    outer loop
      vertex -5.94653 20.9342 3
      vertex -5.98662 21.3412 0
      vertex -5.98662 21.3412 3
    endloop
  endfacet
  facet normal 0.995184 0.0980268 0
    outer loop
      vertex -5.98662 21.3412 0
      vertex -5.94653 20.9342 3
      vertex -5.94653 20.9342 0
    endloop
  endfacet
  facet normal 0.88193 0.471381 0
    outer loop
      vertex -5.16266 18.625 3
      vertex -5.35545 18.9857 0
      vertex -5.35545 18.9857 3
    endloop
  endfacet
  facet normal 0.88193 0.471381 0
    outer loop
      vertex -5.35545 18.9857 0
      vertex -5.16266 18.625 3
      vertex -5.16266 18.625 0
    endloop
  endfacet
  facet normal 0.95694 0.290285 0
    outer loop
      vertex -5.66831 19.741 3
      vertex -5.78704 20.1324 0
      vertex -5.78704 20.1324 3
    endloop
  endfacet
  facet normal 0.95694 0.290285 0
    outer loop
      vertex -5.78704 20.1324 0
      vertex -5.66831 19.741 3
      vertex -5.66831 19.741 0
    endloop
  endfacet
  facet normal 0.973877 0.227075 0
    outer loop
      vertex -5.78704 20.1324 3
      vertex -5.87991 20.5307 0
      vertex -5.87991 20.5307 3
    endloop
  endfacet
  facet normal 0.973877 0.227075 0
    outer loop
      vertex -5.87991 20.5307 0
      vertex -5.78704 20.1324 3
      vertex -5.78704 20.1324 0
    endloop
  endfacet
  facet normal 0.683612 0.729846 -0
    outer loop
      vertex -3.87091 17.051 0
      vertex -4.16942 17.3306 3
      vertex -3.87091 17.051 3
    endloop
  endfacet
  facet normal 0.683612 0.729846 0
    outer loop
      vertex -4.16942 17.3306 3
      vertex -3.87091 17.051 0
      vertex -4.16942 17.3306 0
    endloop
  endfacet
  facet normal 0.582429 0.812882 -0
    outer loop
      vertex -3.22231 16.5533 0
      vertex -3.55476 16.7915 3
      vertex -3.22231 16.5533 3
    endloop
  endfacet
  facet normal 0.582429 0.812882 0
    outer loop
      vertex -3.55476 16.7915 3
      vertex -3.22231 16.5533 0
      vertex -3.55476 16.7915 0
    endloop
  endfacet
  facet normal 0.352326 0.935877 -0
    outer loop
      vertex -1.759 15.8317 0
      vertex -2.14177 15.9758 3
      vertex -1.759 15.8317 3
    endloop
  endfacet
  facet normal 0.352326 0.935877 0
    outer loop
      vertex -2.14177 15.9758 3
      vertex -1.759 15.8317 0
      vertex -2.14177 15.9758 0
    endloop
  endfacet
  facet normal -0.98665 0.162852 0
    outer loop
      vertex 16.9799 20.5307 0
      vertex 17.0465 20.9342 3
      vertex 17.0465 20.9342 0
    endloop
  endfacet
  facet normal -0.98665 0.162852 0
    outer loop
      vertex 17.0465 20.9342 3
      vertex 16.9799 20.5307 0
      vertex 16.9799 20.5307 3
    endloop
  endfacet
  facet normal -0.935886 0.352302 0
    outer loop
      vertex 16.6242 19.3582 0
      vertex 16.7683 19.741 3
      vertex 16.7683 19.741 0
    endloop
  endfacet
  facet normal -0.935886 0.352302 0
    outer loop
      vertex 16.7683 19.741 3
      vertex 16.6242 19.3582 0
      vertex 16.6242 19.3582 3
    endloop
  endfacet
  facet normal -0.956961 0.290218 0
    outer loop
      vertex 16.7683 19.741 0
      vertex 16.887 20.1324 3
      vertex 16.887 20.1324 0
    endloop
  endfacet
  facet normal -0.956961 0.290218 0
    outer loop
      vertex 16.887 20.1324 3
      vertex 16.7683 19.741 0
      vertex 16.7683 19.741 3
    endloop
  endfacet
  facet normal -0.729835 0.683624 0
    outer loop
      vertex 15.2694 17.3306 0
      vertex 15.549 17.6291 3
      vertex 15.549 17.6291 0
    endloop
  endfacet
  facet normal -0.729835 0.683624 0
    outer loop
      vertex 15.549 17.6291 3
      vertex 15.2694 17.3306 0
      vertex 15.2694 17.3306 3
    endloop
  endfacet
  facet normal -0.41255 0.910935 0
    outer loop
      vertex 13.6143 16.1445 0
      vertex 13.2418 15.9758 3
      vertex 13.6143 16.1445 3
    endloop
  endfacet
  facet normal -0.41255 0.910935 0
    outer loop
      vertex 13.2418 15.9758 3
      vertex 13.6143 16.1445 0
      vertex 13.2418 15.9758 0
    endloop
  endfacet
  facet normal -0.162852 0.98665 0
    outer loop
      vertex 12.0693 15.6201 0
      vertex 11.6658 15.5535 3
      vertex 12.0693 15.6201 3
    endloop
  endfacet
  facet normal -0.162852 0.98665 0
    outer loop
      vertex 11.6658 15.5535 3
      vertex 12.0693 15.6201 0
      vertex 11.6658 15.5535 0
    endloop
  endfacet
  facet normal -0.290218 0.956961 0
    outer loop
      vertex 12.859 15.8317 0
      vertex 12.4676 15.713 3
      vertex 12.859 15.8317 3
    endloop
  endfacet
  facet normal -0.290218 0.956961 0
    outer loop
      vertex 12.4676 15.713 3
      vertex 12.859 15.8317 0
      vertex 12.4676 15.713 0
    endloop
  endfacet
  facet normal -0.999463 0.0327613 0
    outer loop
      vertex 17.0866 21.3412 0
      vertex 17.1 21.75 3
      vertex 17.1 21.75 0
    endloop
  endfacet
  facet normal -0.999463 0.0327613 0
    outer loop
      vertex 17.1 21.75 3
      vertex 17.0866 21.3412 0
      vertex 17.0866 21.3412 3
    endloop
  endfacet
  facet normal -0.995181 0.098051 0
    outer loop
      vertex 17.0465 20.9342 0
      vertex 17.0866 21.3412 3
      vertex 17.0866 21.3412 0
    endloop
  endfacet
  facet normal -0.995181 0.098051 0
    outer loop
      vertex 17.0866 21.3412 3
      vertex 17.0465 20.9342 0
      vertex 17.0465 20.9342 3
    endloop
  endfacet
  facet normal 0.973877 -0.227075 0
    outer loop
      vertex -5.87991 22.9693 3
      vertex -5.78704 23.3676 0
      vertex -5.78704 23.3676 3
    endloop
  endfacet
  facet normal 0.973877 -0.227075 0
    outer loop
      vertex -5.78704 23.3676 0
      vertex -5.87991 22.9693 3
      vertex -5.87991 22.9693 0
    endloop
  endfacet
  facet normal 0.910843 -0.412753 0
    outer loop
      vertex -5.52425 24.1418 3
      vertex -5.35545 24.5143 0
      vertex -5.35545 24.5143 3
    endloop
  endfacet
  facet normal 0.910843 -0.412753 0
    outer loop
      vertex -5.35545 24.5143 0
      vertex -5.52425 24.1418 3
      vertex -5.52425 24.1418 0
    endloop
  endfacet
  facet normal 0.8129 -0.582403 0
    outer loop
      vertex -4.94668 25.2223 3
      vertex -4.70846 25.5548 0
      vertex -4.70846 25.5548 3
    endloop
  endfacet
  facet normal 0.8129 -0.582403 0
    outer loop
      vertex -4.70846 25.5548 0
      vertex -4.94668 25.2223 3
      vertex -4.94668 25.2223 0
    endloop
  endfacet
  facet normal 0.772958 -0.634457 0
    outer loop
      vertex -4.70846 25.5548 3
      vertex -4.449 25.8709 0
      vertex -4.449 25.8709 3
    endloop
  endfacet
  facet normal 0.772958 -0.634457 0
    outer loop
      vertex -4.449 25.8709 0
      vertex -4.70846 25.5548 3
      vertex -4.70846 25.5548 0
    endloop
  endfacet
  facet normal 0.729859 -0.683598 0
    outer loop
      vertex -4.449 25.8709 3
      vertex -4.16942 26.1694 0
      vertex -4.16942 26.1694 3
    endloop
  endfacet
  facet normal 0.729859 -0.683598 0
    outer loop
      vertex -4.16942 26.1694 0
      vertex -4.449 25.8709 3
      vertex -4.449 25.8709 0
    endloop
  endfacet
  facet normal 0.582429 -0.812882 0
    outer loop
      vertex -3.55476 26.7085 0
      vertex -3.22231 26.9467 3
      vertex -3.55476 26.7085 3
    endloop
  endfacet
  facet normal 0.582429 -0.812882 0
    outer loop
      vertex -3.22231 26.9467 3
      vertex -3.55476 26.7085 0
      vertex -3.22231 26.9467 0
    endloop
  endfacet
  facet normal 0.352326 -0.935877 0
    outer loop
      vertex -2.14177 27.5242 0
      vertex -1.759 27.6683 3
      vertex -2.14177 27.5242 3
    endloop
  endfacet
  facet normal 0.352326 -0.935877 0
    outer loop
      vertex -1.759 27.6683 3
      vertex -2.14177 27.5242 0
      vertex -1.759 27.6683 0
    endloop
  endfacet
  facet normal -0.227145 -0.973861 0
    outer loop
      vertex 12.0693 27.8799 0
      vertex 12.4676 27.787 3
      vertex 12.0693 27.8799 3
    endloop
  endfacet
  facet normal -0.227145 -0.973861 -0
    outer loop
      vertex 12.4676 27.787 3
      vertex 12.0693 27.8799 0
      vertex 12.4676 27.787 0
    endloop
  endfacet
  facet normal 0.986643 0.1629 0
    outer loop
      vertex -5.87991 20.5307 3
      vertex -5.94653 20.9342 0
      vertex -5.94653 20.9342 3
    endloop
  endfacet
  facet normal 0.986643 0.1629 0
    outer loop
      vertex -5.94653 20.9342 0
      vertex -5.87991 20.5307 3
      vertex -5.87991 20.5307 0
    endloop
  endfacet
  facet normal 0.910843 0.412753 0
    outer loop
      vertex -5.35545 18.9857 3
      vertex -5.52425 19.3582 0
      vertex -5.52425 19.3582 3
    endloop
  endfacet
  facet normal 0.910843 0.412753 0
    outer loop
      vertex -5.52425 19.3582 0
      vertex -5.35545 18.9857 3
      vertex -5.35545 18.9857 0
    endloop
  endfacet
  facet normal 0.935919 0.352216 0
    outer loop
      vertex -5.52425 19.3582 3
      vertex -5.66831 19.741 0
      vertex -5.66831 19.741 3
    endloop
  endfacet
  facet normal 0.935919 0.352216 0
    outer loop
      vertex -5.66831 19.741 0
      vertex -5.52425 19.3582 3
      vertex -5.52425 19.3582 0
    endloop
  endfacet
  facet normal 0.634455 0.77296 -0
    outer loop
      vertex -3.55476 16.7915 0
      vertex -3.87091 17.051 3
      vertex -3.55476 16.7915 3
    endloop
  endfacet
  facet normal 0.634455 0.77296 0
    outer loop
      vertex -3.87091 17.051 3
      vertex -3.55476 16.7915 0
      vertex -3.87091 17.051 0
    endloop
  endfacet
  facet normal 0.729859 0.683598 0
    outer loop
      vertex -4.16942 17.3306 3
      vertex -4.449 17.6291 0
      vertex -4.449 17.6291 3
    endloop
  endfacet
  facet normal 0.729859 0.683598 0
    outer loop
      vertex -4.449 17.6291 0
      vertex -4.16942 17.3306 3
      vertex -4.16942 17.3306 0
    endloop
  endfacet
  facet normal 0.772958 0.634457 0
    outer loop
      vertex -4.449 17.6291 3
      vertex -4.70846 17.9452 0
      vertex -4.70846 17.9452 3
    endloop
  endfacet
  facet normal 0.772958 0.634457 0
    outer loop
      vertex -4.70846 17.9452 0
      vertex -4.449 17.6291 3
      vertex -4.449 17.6291 0
    endloop
  endfacet
  facet normal 0.4714 0.881919 -0
    outer loop
      vertex -2.5143 16.1445 0
      vertex -2.875 16.3373 3
      vertex -2.5143 16.1445 3
    endloop
  endfacet
  facet normal 0.4714 0.881919 0
    outer loop
      vertex -2.875 16.3373 3
      vertex -2.5143 16.1445 0
      vertex -2.875 16.3373 0
    endloop
  endfacet
  facet normal -0.910935 0.41255 0
    outer loop
      vertex 16.4555 18.9857 0
      vertex 16.6242 19.3582 3
      vertex 16.6242 19.3582 0
    endloop
  endfacet
  facet normal -0.910935 0.41255 0
    outer loop
      vertex 16.6242 19.3582 3
      vertex 16.4555 18.9857 0
      vertex 16.4555 18.9857 3
    endloop
  endfacet
  facet normal -0.881919 0.4714 0
    outer loop
      vertex 16.2627 18.625 0
      vertex 16.4555 18.9857 3
      vertex 16.4555 18.9857 0
    endloop
  endfacet
  facet normal -0.881919 0.4714 0
    outer loop
      vertex 16.4555 18.9857 3
      vertex 16.2627 18.625 0
      vertex 16.2627 18.625 3
    endloop
  endfacet
  facet normal -0.849164 0.52813 0
    outer loop
      vertex 16.0467 18.2777 0
      vertex 16.2627 18.625 3
      vertex 16.2627 18.625 0
    endloop
  endfacet
  facet normal -0.849164 0.52813 0
    outer loop
      vertex 16.2627 18.625 3
      vertex 16.0467 18.2777 0
      vertex 16.0467 18.2777 3
    endloop
  endfacet
  facet normal -0.683624 0.729835 0
    outer loop
      vertex 15.2694 17.3306 0
      vertex 14.9709 17.051 3
      vertex 15.2694 17.3306 3
    endloop
  endfacet
  facet normal -0.683624 0.729835 0
    outer loop
      vertex 14.9709 17.051 3
      vertex 15.2694 17.3306 0
      vertex 14.9709 17.051 0
    endloop
  endfacet
  facet normal -0.4714 0.881919 0
    outer loop
      vertex 13.975 16.3373 0
      vertex 13.6143 16.1445 3
      vertex 13.975 16.3373 3
    endloop
  endfacet
  facet normal -0.4714 0.881919 0
    outer loop
      vertex 13.6143 16.1445 3
      vertex 13.975 16.3373 0
      vertex 13.6143 16.1445 0
    endloop
  endfacet
  facet normal 0.4714 -0.881919 0
    outer loop
      vertex -2.875 27.1627 0
      vertex -2.5143 27.3555 3
      vertex -2.875 27.1627 3
    endloop
  endfacet
  facet normal 0.4714 -0.881919 0
    outer loop
      vertex -2.5143 27.3555 3
      vertex -2.875 27.1627 0
      vertex -2.5143 27.3555 0
    endloop
  endfacet
  facet normal 0.634455 -0.77296 0
    outer loop
      vertex -3.87091 26.449 0
      vertex -3.55476 26.7085 3
      vertex -3.87091 26.449 3
    endloop
  endfacet
  facet normal 0.634455 -0.77296 0
    outer loop
      vertex -3.55476 26.7085 3
      vertex -3.87091 26.449 0
      vertex -3.55476 26.7085 0
    endloop
  endfacet
  facet normal 0.227141 -0.973862 0
    outer loop
      vertex -1.36762 27.787 0
      vertex -0.969314 27.8799 3
      vertex -1.36762 27.787 3
    endloop
  endfacet
  facet normal 0.227141 -0.973862 0
    outer loop
      vertex -0.969314 27.8799 3
      vertex -1.36762 27.787 0
      vertex -0.969314 27.8799 0
    endloop
  endfacet
  facet normal 0.162842 -0.986652 0
    outer loop
      vertex -0.969314 27.8799 0
      vertex -0.565788 27.9465 3
      vertex -0.969314 27.8799 3
    endloop
  endfacet
  facet normal 0.162842 -0.986652 0
    outer loop
      vertex -0.565788 27.9465 3
      vertex -0.969314 27.8799 0
      vertex -0.565788 27.9465 0
    endloop
  endfacet
  facet normal 0.412522 -0.910948 0
    outer loop
      vertex -2.5143 27.3555 0
      vertex -2.14177 27.5242 3
      vertex -2.5143 27.3555 3
    endloop
  endfacet
  facet normal 0.412522 -0.910948 0
    outer loop
      vertex -2.14177 27.5242 3
      vertex -2.5143 27.3555 0
      vertex -2.14177 27.5242 0
    endloop
  endfacet
  facet normal 0.849186 0.528094 0
    outer loop
      vertex -4.94668 18.2777 3
      vertex -5.16266 18.625 0
      vertex -5.16266 18.625 3
    endloop
  endfacet
  facet normal 0.849186 0.528094 0
    outer loop
      vertex -5.16266 18.625 0
      vertex -4.94668 18.2777 3
      vertex -4.94668 18.2777 0
    endloop
  endfacet
  facet normal -0.52813 0.849164 0
    outer loop
      vertex 14.3223 16.5533 0
      vertex 13.975 16.3373 3
      vertex 14.3223 16.5533 3
    endloop
  endfacet
  facet normal -0.52813 0.849164 0
    outer loop
      vertex 13.975 16.3373 3
      vertex 14.3223 16.5533 0
      vertex 13.975 16.3373 0
    endloop
  endfacet
  facet normal -0.582371 0.812923 0
    outer loop
      vertex 14.6548 16.7915 0
      vertex 14.3223 16.5533 3
      vertex 14.6548 16.7915 3
    endloop
  endfacet
  facet normal -0.582371 0.812923 0
    outer loop
      vertex 14.3223 16.5533 3
      vertex 14.6548 16.7915 0
      vertex 14.3223 16.5533 0
    endloop
  endfacet
  facet normal 0 1 -0
    outer loop
      vertex 20 22.5 7
      vertex 17.3 22.5 16
      vertex 20 22.5 16
    endloop
  endfacet
  facet normal 0 1 0
    outer loop
      vertex 17.3 22.5 16
      vertex 20 22.5 7
      vertex 17.3 22.5 7
    endloop
  endfacet
  facet normal 0 0 -1
    outer loop
      vertex 17.3 22.5 16
      vertex 20 28 16
      vertex 20 22.5 16
    endloop
  endfacet
  facet normal -0 0 -1
    outer loop
      vertex 20 28 16
      vertex 17.3 22.5 16
      vertex 17.3 28 16
    endloop
  endfacet
  facet normal 0 -1 0
    outer loop
      vertex 17.3 28 7
      vertex 20 28 16
      vertex 17.3 28 16
    endloop
  endfacet
  facet normal 0 -1 -0
    outer loop
      vertex 20 28 16
      vertex 17.3 28 7
      vertex 20 28 7
    endloop
  endfacet
  facet normal -0 0 1
    outer loop
      vertex 17.3 28 7
      vertex 20 22.5 7
      vertex 20 28 7
    endloop
  endfacet
  facet normal 0 0 1
    outer loop
      vertex 20 22.5 7
      vertex 17.3 28 7
      vertex 17.3 22.5 7
    endloop
  endfacet
endsolid OpenSCAD_Model
