solid OpenSCAD_Model
  facet normal -0.0294997 0.900374 0.434116
    outer loop
      vertex 0 14 14.4444
      vertex -1.11185 16.9636 8.22222
      vertex -0.915644 13.97 14.4444
    endloop
  endfacet
  facet normal -0.162972 0.986631 0
    outer loop
      vertex -2.21894 16.8546 7.22222
      vertex -3.31653 16.6733 8.22222
      vertex -2.21894 16.8546 8.22222
    endloop
  endfacet
  facet normal -0.162972 0.986631 0
    outer loop
      vertex -3.31653 16.6733 8.22222
      vertex -2.21894 16.8546 7.22222
      vertex -3.31653 16.6733 7.22222
    endloop
  endfacet
  facet normal -0.475729 0.765002 0.434112
    outer loop
      vertex -7 12.1244 14.4444
      vertex -9.44469 14.135 8.22222
      vertex -7.77798 11.6406 14.4444
    endloop
  endfacet
  facet normal -0.812824 -0.582509 0
    outer loop
      vertex -13.487 -10.3489 7.22222
      vertex -14.135 -9.44469 8.22222
      vertex -14.135 -9.44469 7.22222
    endloop
  endfacet
  facet normal -0.812824 -0.582509 0
    outer loop
      vertex -14.135 -9.44469 8.22222
      vertex -13.487 -10.3489 7.22222
      vertex -13.487 -10.3489 8.22222
    endloop
  endfacet
  facet normal -0.765031 0.475689 0.434106
    outer loop
      vertex -14.135 9.44469 8.22222
      vertex -14.7224 8.5 8.22222
      vertex -12.1244 7 14.4444
    endloop
  endfacet
  facet normal 0.162972 -0.986631 0
    outer loop
      vertex 2.21894 -16.8546 7.22222
      vertex 3.31653 -16.6733 8.22222
      vertex 2.21894 -16.8546 8.22222
    endloop
  endfacet
  facet normal 0.162972 -0.986631 0
    outer loop
      vertex 3.31653 -16.6733 8.22222
      vertex 2.21894 -16.8546 7.22222
      vertex 3.31653 -16.6733 7.22222
    endloop
  endfacet
  facet normal 0.42466 0.794488 0.434111
    outer loop
      vertex 7.51891 15.2468 8.22222
      vertex 6.19204 12.5562 14.4444
      vertex 8.5 14.7224 8.22222
    endloop
  endfacet
  facet normal 0.150413 -0.911242 -0.383425
    outer loop
      vertex 3.31653 -16.6733 7.22222
      vertex 1.82737 -13.8802 0
      vertex 2.73126 -13.731 0
    endloop
  endfacet
  facet normal -0.888812 -0.146814 0.434119
    outer loop
      vertex -13.8802 -1.82737 14.4444
      vertex -16.8546 -2.21894 8.22222
      vertex -16.6733 -3.31653 8.22222
    endloop
  endfacet
  facet normal -0.268155 0.883783 -0.383433
    outer loop
      vertex -4.50015 13.257 0
      vertex -5.46447 16.0978 7.22222
      vertex -3.62347 13.523 0
    endloop
  endfacet
  facet normal -0.849221 0.528038 0
    outer loop
      vertex -14.7224 8.5 7.22222
      vertex -14.135 9.44469 8.22222
      vertex -14.135 9.44469 7.22222
    endloop
  endfacet
  facet normal -0.849221 0.528038 0
    outer loop
      vertex -14.135 9.44469 8.22222
      vertex -14.7224 8.5 7.22222
      vertex -14.7224 8.5 8.22222
    endloop
  endfacet
  facet normal -0.209689 0.899453 -0.383426
    outer loop
      vertex -2.73126 13.731 0
      vertex -3.62347 13.523 0
      vertex -3.31653 16.6733 7.22222
    endloop
  endfacet
  facet normal -0.0979826 0.995188 0
    outer loop
      vertex -1.11185 16.9636 7.22222
      vertex -2.21894 16.8546 8.22222
      vertex -1.11185 16.9636 8.22222
    endloop
  endfacet
  facet normal -0.0979826 0.995188 0
    outer loop
      vertex -2.21894 16.8546 8.22222
      vertex -1.11185 16.9636 7.22222
      vertex -2.21894 16.8546 7.22222
    endloop
  endfacet
  facet normal -0.227067 0.973879 0
    outer loop
      vertex -3.31653 16.6733 7.22222
      vertex -4.39992 16.4207 8.22222
      vertex -3.31653 16.6733 8.22222
    endloop
  endfacet
  facet normal -0.227067 0.973879 0
    outer loop
      vertex -4.39992 16.4207 8.22222
      vertex -3.31653 16.6733 7.22222
      vertex -4.39992 16.4207 7.22222
    endloop
  endfacet
  facet normal -0.973879 -0.227067 0
    outer loop
      vertex -16.4207 -4.39992 7.22222
      vertex -16.6733 -3.31653 8.22222
      vertex -16.6733 -3.31653 7.22222
    endloop
  endfacet
  facet normal -0.973879 -0.227067 0
    outer loop
      vertex -16.6733 -3.31653 8.22222
      vertex -16.4207 -4.39992 7.22222
      vertex -16.4207 -4.39992 8.22222
    endloop
  endfacet
  facet normal -0.162972 -0.986631 0
    outer loop
      vertex -3.31653 -16.6733 7.22222
      vertex -2.21894 -16.8546 8.22222
      vertex -3.31653 -16.6733 8.22222
    endloop
  endfacet
  facet normal -0.162972 -0.986631 -0
    outer loop
      vertex -2.21894 -16.8546 8.22222
      vertex -3.31653 -16.6733 7.22222
      vertex -2.21894 -16.8546 7.22222
    endloop
  endfacet
  facet normal -0.999465 0.0327207 0
    outer loop
      vertex -17 0 7.22222
      vertex -16.9636 1.11185 8.22222
      vertex -16.9636 1.11185 7.22222
    endloop
  endfacet
  facet normal -0.999465 0.0327207 0
    outer loop
      vertex -16.9636 1.11185 8.22222
      vertex -17 0 7.22222
      vertex -17 0 8.22222
    endloop
  endfacet
  facet normal -0.995188 -0.0979826 0
    outer loop
      vertex -16.8546 -2.21894 7.22222
      vertex -16.9636 -1.11185 8.22222
      vertex -16.9636 -1.11185 7.22222
    endloop
  endfacet
  facet normal -0.995188 -0.0979826 0
    outer loop
      vertex -16.9636 -1.11185 8.22222
      vertex -16.8546 -2.21894 7.22222
      vertex -16.8546 -2.21894 8.22222
    endloop
  endfacet
  facet normal -0.923075 0.0302198 -0.383431
    outer loop
      vertex -14 0 0
      vertex -17 0 7.22222
      vertex -16.9636 1.11185 7.22222
    endloop
  endfacet
  facet normal -0.812824 0.582509 0
    outer loop
      vertex -14.135 9.44469 7.22222
      vertex -13.487 10.3489 8.22222
      vertex -13.487 10.3489 7.22222
    endloop
  endfacet
  facet normal -0.812824 0.582509 0
    outer loop
      vertex -13.487 10.3489 8.22222
      vertex -14.135 9.44469 7.22222
      vertex -14.135 9.44469 8.22222
    endloop
  endfacet
  facet normal -0.900376 -0.0294767 0.434113
    outer loop
      vertex -14 0 14.4444
      vertex -17 0 8.22222
      vertex -16.9636 -1.11185 8.22222
    endloop
  endfacet
  facet normal -0.899448 0.209713 -0.383423
    outer loop
      vertex -13.523 3.62347 0
      vertex -16.6733 3.31653 7.22222
      vertex -16.4207 4.39992 7.22222
    endloop
  endfacet
  facet normal -0.571447 0.696416 0.434112
    outer loop
      vertex -8.52266 11.1069 14.4444
      vertex -11.2089 12.7813 8.22222
      vertex -9.23084 10.5258 14.4444
    endloop
  endfacet
  facet normal -0.325282 0.864389 -0.383437
    outer loop
      vertex -5.35757 12.9343 0
      vertex -6.50562 15.706 7.22222
      vertex -5.46447 16.0978 7.22222
    endloop
  endfacet
  facet normal -0.41277 0.910835 0
    outer loop
      vertex -6.50562 15.706 7.22222
      vertex -7.51891 15.2468 8.22222
      vertex -6.50562 15.706 8.22222
    endloop
  endfacet
  facet normal -0.41277 0.910835 0
    outer loop
      vertex -7.51891 15.2468 8.22222
      vertex -6.50562 15.706 7.22222
      vertex -7.51891 15.2468 7.22222
    endloop
  endfacet
  facet normal 0.73224 0.524758 0.434112
    outer loop
      vertex 13.487 10.3489 8.22222
      vertex 11.6406 7.77798 14.4444
      vertex 14.135 9.44469 8.22222
    endloop
  endfacet
  facet normal 0.888834 0.146715 0.434106
    outer loop
      vertex 16.6733 3.31653 8.22222
      vertex 13.731 2.73126 14.4444
      vertex 13.8802 1.82737 14.4444
    endloop
  endfacet
  facet normal 0.475689 -0.765031 0.434106
    outer loop
      vertex 9.44469 -14.135 8.22222
      vertex 7 -12.1244 14.4444
      vertex 8.5 -14.7224 8.22222
    endloop
  endfacet
  facet normal 0.571447 -0.696416 0.434112
    outer loop
      vertex 9.23084 -10.5258 14.4444
      vertex 8.52266 -11.1069 14.4444
      vertex 11.2089 -12.7813 8.22222
    endloop
  endfacet
  facet normal 0.268155 0.883783 -0.383433
    outer loop
      vertex 4.50015 13.257 0
      vertex 3.62347 13.523 0
      vertex 5.46447 16.0978 7.22222
    endloop
  endfacet
  facet normal 0.290262 0.956947 -0
    outer loop
      vertex 5.46447 16.0978 7.22222
      vertex 4.39992 16.4207 8.22222
      vertex 5.46447 16.0978 8.22222
    endloop
  endfacet
  facet normal 0.290262 0.956947 0
    outer loop
      vertex 4.39992 16.4207 8.22222
      vertex 5.46447 16.0978 7.22222
      vertex 4.39992 16.4207 7.22222
    endloop
  endfacet
  facet normal 0.424615 0.794516 0.434104
    outer loop
      vertex 8.5 14.7224 8.22222
      vertex 6.19204 12.5562 14.4444
      vertex 7 12.1244 14.4444
    endloop
  endfacet
  facet normal -0.0302434 0.923073 -0.383434
    outer loop
      vertex -0.915644 13.97 0
      vertex -1.11185 16.9636 7.22222
      vertex 0 14 0
    endloop
  endfacet
  facet normal -0.381222 0.84122 -0.38343
    outer loop
      vertex -6.19204 12.5562 0
      vertex -7.51891 15.2468 7.22222
      vertex -6.50562 15.706 7.22222
    endloop
  endfacet
  facet normal -0.696416 -0.571447 0.434112
    outer loop
      vertex -11.1069 -8.52266 14.4444
      vertex -12.7813 -11.2089 8.22222
      vertex -10.5258 -9.23084 14.4444
    endloop
  endfacet
  facet normal -0.487723 -0.784288 -0.383431
    outer loop
      vertex -7 -12.1244 0
      vertex -9.44469 -14.135 7.22222
      vertex -7.77798 -11.6406 0
    endloop
  endfacet
  facet normal -0.524758 -0.73224 0.434112
    outer loop
      vertex -7.77798 -11.6406 14.4444
      vertex -10.3489 -13.487 8.22222
      vertex -9.44469 -14.135 8.22222
    endloop
  endfacet
  facet normal -0.227067 -0.973879 0
    outer loop
      vertex -4.39992 -16.4207 7.22222
      vertex -3.31653 -16.6733 8.22222
      vertex -4.39992 -16.4207 8.22222
    endloop
  endfacet
  facet normal -0.227067 -0.973879 -0
    outer loop
      vertex -3.31653 -16.6733 8.22222
      vertex -4.39992 -16.4207 7.22222
      vertex -3.31653 -16.6733 7.22222
    endloop
  endfacet
  facet normal 0.471394 -0.881923 0
    outer loop
      vertex 7.51891 -15.2468 7.22222
      vertex 8.5 -14.7224 8.22222
      vertex 7.51891 -15.2468 8.22222
    endloop
  endfacet
  facet normal 0.471394 -0.881923 0
    outer loop
      vertex 8.5 -14.7224 8.22222
      vertex 7.51891 -15.2468 7.22222
      vertex 8.5 -14.7224 7.22222
    endloop
  endfacet
  facet normal 0.0883022 -0.896519 0.434116
    outer loop
      vertex 1.82737 -13.8802 14.4444
      vertex 0.915644 -13.97 14.4444
      vertex 1.11185 -16.9636 8.22222
    endloop
  endfacet
  facet normal -0.73224 -0.524758 0.434112
    outer loop
      vertex -11.6406 -7.77798 14.4444
      vertex -14.135 -9.44469 8.22222
      vertex -13.487 -10.3489 8.22222
    endloop
  endfacet
  facet normal -0.84122 0.381222 -0.38343
    outer loop
      vertex -12.5562 6.19204 0
      vertex -15.706 6.50562 7.22222
      vertex -15.2468 7.51891 7.22222
    endloop
  endfacet
  facet normal -0.900376 0.0294767 0.434113
    outer loop
      vertex -16.9636 1.11185 8.22222
      vertex -17 0 8.22222
      vertex -14 0 14.4444
    endloop
  endfacet
  facet normal -0.89652 -0.0882681 0.43412
    outer loop
      vertex -13.8802 -1.82737 14.4444
      vertex -16.9636 -1.11185 8.22222
      vertex -16.8546 -2.21894 8.22222
    endloop
  endfacet
  facet normal -0.883783 0.268155 -0.383433
    outer loop
      vertex -13.523 3.62347 0
      vertex -16.0978 5.46447 7.22222
      vertex -13.257 4.50015 0
    endloop
  endfacet
  facet normal -0.424615 0.794516 0.434104
    outer loop
      vertex -6.19204 12.5562 14.4444
      vertex -8.5 14.7224 8.22222
      vertex -7 12.1244 14.4444
    endloop
  endfacet
  facet normal -0.204556 0.877332 0.434104
    outer loop
      vertex -3.31653 16.6733 8.22222
      vertex -4.39992 16.4207 8.22222
      vertex -3.62347 13.523 14.4444
    endloop
  endfacet
  facet normal 0.0905284 0.919121 -0.383434
    outer loop
      vertex 1.82737 13.8802 0
      vertex 0.915644 13.97 0
      vertex 1.11185 16.9636 7.22222
    endloop
  endfacet
  facet normal 0.0904934 0.919123 -0.383438
    outer loop
      vertex 1.82737 13.8802 0
      vertex 1.11185 16.9636 7.22222
      vertex 2.21894 16.8546 7.22222
    endloop
  endfacet
  facet normal -0.290262 0.956947 0
    outer loop
      vertex -4.39992 16.4207 7.22222
      vertex -5.46447 16.0978 8.22222
      vertex -4.39992 16.4207 8.22222
    endloop
  endfacet
  facet normal -0.290262 0.956947 0
    outer loop
      vertex -5.46447 16.0978 8.22222
      vertex -4.39992 16.4207 7.22222
      vertex -5.46447 16.0978 7.22222
    endloop
  endfacet
  facet normal 0.899453 -0.209689 -0.383426
    outer loop
      vertex 16.6733 -3.31653 7.22222
      vertex 13.523 -3.62347 0
      vertex 13.731 -2.73126 0
    endloop
  endfacet
  facet normal 0.849221 -0.528038 0
    outer loop
      vertex 14.135 -9.44469 8.22222
      vertex 14.7224 -8.5 7.22222
      vertex 14.7224 -8.5 8.22222
    endloop
  endfacet
  facet normal 0.849221 -0.528038 0
    outer loop
      vertex 14.7224 -8.5 7.22222
      vertex 14.135 -9.44469 8.22222
      vertex 14.135 -9.44469 7.22222
    endloop
  endfacet
  facet normal 0.896519 0.0883022 0.434116
    outer loop
      vertex 16.9636 1.11185 8.22222
      vertex 13.8802 1.82737 14.4444
      vertex 13.97 0.915644 14.4444
    endloop
  endfacet
  facet normal 0.986631 -0.162972 0
    outer loop
      vertex 16.6733 -3.31653 8.22222
      vertex 16.8546 -2.21894 7.22222
      vertex 16.8546 -2.21894 8.22222
    endloop
  endfacet
  facet normal 0.986631 -0.162972 0
    outer loop
      vertex 16.8546 -2.21894 7.22222
      vertex 16.6733 -3.31653 8.22222
      vertex 16.6733 -3.31653 7.22222
    endloop
  endfacet
  facet normal 0.487723 0.784288 -0.383431
    outer loop
      vertex 7.77798 11.6406 0
      vertex 7 12.1244 0
      vertex 9.44469 14.135 7.22222
    endloop
  endfacet
  facet normal -0.0302198 0.923075 -0.383431
    outer loop
      vertex 0 14 0
      vertex -1.11185 16.9636 7.22222
      vertex 0 17 7.22222
    endloop
  endfacet
  facet normal -0.0882681 0.89652 0.43412
    outer loop
      vertex -1.11185 16.9636 8.22222
      vertex -2.21894 16.8546 8.22222
      vertex -1.82737 13.8802 14.4444
    endloop
  endfacet
  facet normal -0.877336 -0.204532 0.434107
    outer loop
      vertex -13.731 -2.73126 14.4444
      vertex -16.6733 -3.31653 8.22222
      vertex -13.523 -3.62347 14.4444
    endloop
  endfacet
  facet normal -0.956947 -0.290262 0
    outer loop
      vertex -16.0978 -5.46447 7.22222
      vertex -16.4207 -4.39992 8.22222
      vertex -16.4207 -4.39992 7.22222
    endloop
  endfacet
  facet normal -0.956947 -0.290262 0
    outer loop
      vertex -16.4207 -4.39992 8.22222
      vertex -16.0978 -5.46447 7.22222
      vertex -16.0978 -5.46447 8.22222
    endloop
  endfacet
  facet normal -0.784317 -0.487681 -0.383425
    outer loop
      vertex -14.135 -9.44469 7.22222
      vertex -14.7224 -8.5 7.22222
      vertex -12.1244 -7 0
    endloop
  endfacet
  facet normal -0.381168 -0.841241 -0.383437
    outer loop
      vertex -5.35757 -12.9343 0
      vertex -6.50562 -15.706 7.22222
      vertex -6.19204 -12.5562 0
    endloop
  endfacet
  facet normal -0.732227 -0.524775 0.434114
    outer loop
      vertex -11.6406 -7.77798 14.4444
      vertex -13.487 -10.3489 8.22222
      vertex -11.1069 -8.52266 14.4444
    endloop
  endfacet
  facet normal -0.582509 -0.812824 0
    outer loop
      vertex -10.3489 -13.487 7.22222
      vertex -9.44469 -14.135 8.22222
      vertex -10.3489 -13.487 8.22222
    endloop
  endfacet
  facet normal -0.582509 -0.812824 -0
    outer loop
      vertex -9.44469 -14.135 8.22222
      vertex -10.3489 -13.487 7.22222
      vertex -9.44469 -14.135 7.22222
    endloop
  endfacet
  facet normal -0.471394 -0.881923 0
    outer loop
      vertex -8.5 -14.7224 7.22222
      vertex -7.51891 -15.2468 8.22222
      vertex -8.5 -14.7224 8.22222
    endloop
  endfacet
  facet normal -0.471394 -0.881923 -0
    outer loop
      vertex -7.51891 -15.2468 8.22222
      vertex -8.5 -14.7224 7.22222
      vertex -7.51891 -15.2468 7.22222
    endloop
  endfacet
  facet normal -0.381222 -0.84122 -0.38343
    outer loop
      vertex -6.50562 -15.706 7.22222
      vertex -7.51891 -15.2468 7.22222
      vertex -6.19204 -12.5562 0
    endloop
  endfacet
  facet normal 0.150515 -0.911219 -0.383437
    outer loop
      vertex 2.21894 -16.8546 7.22222
      vertex 1.82737 -13.8802 0
      vertex 3.31653 -16.6733 7.22222
    endloop
  endfacet
  facet normal -0.150515 -0.911219 -0.383437
    outer loop
      vertex -2.21894 -16.8546 7.22222
      vertex -3.31653 -16.6733 7.22222
      vertex -1.82737 -13.8802 0
    endloop
  endfacet
  facet normal 0.209713 -0.899448 -0.383423
    outer loop
      vertex 4.39992 -16.4207 7.22222
      vertex 3.31653 -16.6733 7.22222
      vertex 3.62347 -13.523 0
    endloop
  endfacet
  facet normal 0.528038 -0.849221 0
    outer loop
      vertex 8.5 -14.7224 7.22222
      vertex 9.44469 -14.135 8.22222
      vertex 8.5 -14.7224 8.22222
    endloop
  endfacet
  facet normal 0.528038 -0.849221 0
    outer loop
      vertex 9.44469 -14.135 8.22222
      vertex 8.5 -14.7224 7.22222
      vertex 9.44469 -14.135 7.22222
    endloop
  endfacet
  facet normal 0.0294997 -0.900374 0.434116
    outer loop
      vertex 0.915644 -13.97 14.4444
      vertex 0 -14 14.4444
      vertex 1.11185 -16.9636 8.22222
    endloop
  endfacet
  facet normal 0.0294767 -0.900376 0.434113
    outer loop
      vertex 0 -14 14.4444
      vertex 0 -17 8.22222
      vertex 1.11185 -16.9636 8.22222
    endloop
  endfacet
  facet normal -0.841241 0.381168 -0.383437
    outer loop
      vertex -12.9343 5.35757 0
      vertex -15.706 6.50562 7.22222
      vertex -12.5562 6.19204 0
    endloop
  endfacet
  facet normal -0.919123 0.0904934 -0.383438
    outer loop
      vertex -13.8802 1.82737 0
      vertex -16.9636 1.11185 7.22222
      vertex -16.8546 2.21894 7.22222
    endloop
  endfacet
  facet normal -0.899453 -0.209689 -0.383426
    outer loop
      vertex -13.523 -3.62347 0
      vertex -16.6733 -3.31653 7.22222
      vertex -13.731 -2.73126 0
    endloop
  endfacet
  facet normal -0.864377 -0.325318 -0.383432
    outer loop
      vertex -12.9343 -5.35757 0
      vertex -16.0978 -5.46447 7.22222
      vertex -13.257 -4.50015 0
    endloop
  endfacet
  facet normal -0.911242 0.150413 -0.383425
    outer loop
      vertex -13.8802 1.82737 0
      vertex -16.6733 3.31653 7.22222
      vertex -13.731 2.73126 0
    endloop
  endfacet
  facet normal -0.899453 0.209689 -0.383426
    outer loop
      vertex -13.731 2.73126 0
      vertex -16.6733 3.31653 7.22222
      vertex -13.523 3.62347 0
    endloop
  endfacet
  facet normal -0.729831 0.683627 0
    outer loop
      vertex -12.7813 11.2089 7.22222
      vertex -12.0208 12.0208 8.22222
      vertex -12.0208 12.0208 7.22222
    endloop
  endfacet
  facet normal -0.729831 0.683627 0
    outer loop
      vertex -12.0208 12.0208 8.22222
      vertex -12.7813 11.2089 7.22222
      vertex -12.7813 11.2089 8.22222
    endloop
  endfacet
  facet normal -0.986631 -0.162972 0
    outer loop
      vertex -16.6733 -3.31653 7.22222
      vertex -16.8546 -2.21894 8.22222
      vertex -16.8546 -2.21894 7.22222
    endloop
  endfacet
  facet normal -0.986631 -0.162972 0
    outer loop
      vertex -16.8546 -2.21894 8.22222
      vertex -16.6733 -3.31653 7.22222
      vertex -16.6733 -3.31653 8.22222
    endloop
  endfacet
  facet normal -0.900374 -0.0294997 0.434116
    outer loop
      vertex -14 0 14.4444
      vertex -16.9636 -1.11185 8.22222
      vertex -13.97 -0.915644 14.4444
    endloop
  endfacet
  facet normal -0.896519 -0.0883022 0.434116
    outer loop
      vertex -13.97 -0.915644 14.4444
      vertex -16.9636 -1.11185 8.22222
      vertex -13.8802 -1.82737 14.4444
    endloop
  endfacet
  facet normal -0.896519 0.0883022 0.434116
    outer loop
      vertex -13.8802 1.82737 14.4444
      vertex -16.9636 1.11185 8.22222
      vertex -13.97 0.915644 14.4444
    endloop
  endfacet
  facet normal -0.888812 0.146814 0.434119
    outer loop
      vertex -16.6733 3.31653 8.22222
      vertex -16.8546 2.21894 8.22222
      vertex -13.8802 1.82737 14.4444
    endloop
  endfacet
  facet normal -0.773047 0.634348 0
    outer loop
      vertex -13.487 10.3489 7.22222
      vertex -12.7813 11.2089 8.22222
      vertex -12.7813 11.2089 7.22222
    endloop
  endfacet
  facet normal -0.773047 0.634348 0
    outer loop
      vertex -12.7813 11.2089 8.22222
      vertex -13.487 10.3489 7.22222
      vertex -13.487 10.3489 8.22222
    endloop
  endfacet
  facet normal -0.67405 0.631377 -0.38343
    outer loop
      vertex -9.89949 9.89949 0
      vertex -12.7813 11.2089 7.22222
      vertex -12.0208 12.0208 7.22222
    endloop
  endfacet
  facet normal -0.674055 0.631372 -0.383431
    outer loop
      vertex -12.7813 11.2089 7.22222
      vertex -9.89949 9.89949 0
      vertex -10.5258 9.23084 0
    endloop
  endfacet
  facet normal -0.634348 0.773047 0
    outer loop
      vertex -10.3489 13.487 7.22222
      vertex -11.2089 12.7813 8.22222
      vertex -10.3489 13.487 8.22222
    endloop
  endfacet
  facet normal -0.634348 0.773047 0
    outer loop
      vertex -11.2089 12.7813 8.22222
      vertex -10.3489 13.487 7.22222
      vertex -11.2089 12.7813 7.22222
    endloop
  endfacet
  facet normal -0.585864 0.713963 -0.383432
    outer loop
      vertex -8.52266 11.1069 0
      vertex -11.2089 12.7813 7.22222
      vertex -10.3489 13.487 7.22222
    endloop
  endfacet
  facet normal -0.528038 0.849221 0
    outer loop
      vertex -8.5 14.7224 7.22222
      vertex -9.44469 14.135 8.22222
      vertex -8.5 14.7224 8.22222
    endloop
  endfacet
  facet normal -0.528038 0.849221 0
    outer loop
      vertex -9.44469 14.135 8.22222
      vertex -8.5 14.7224 7.22222
      vertex -9.44469 14.135 7.22222
    endloop
  endfacet
  facet normal -0.261561 0.86205 0.434115
    outer loop
      vertex -3.62347 13.523 14.4444
      vertex -5.46447 16.0978 8.22222
      vertex -4.50015 13.257 14.4444
    endloop
  endfacet
  facet normal -0.0294767 0.900376 0.434113
    outer loop
      vertex 0 17 8.22222
      vertex -1.11185 16.9636 8.22222
      vertex 0 14 14.4444
    endloop
  endfacet
  facet normal -0.146814 0.888812 0.434119
    outer loop
      vertex -2.21894 16.8546 8.22222
      vertex -3.31653 16.6733 8.22222
      vertex -1.82737 13.8802 14.4444
    endloop
  endfacet
  facet normal -0.150515 0.911219 -0.383437
    outer loop
      vertex -1.82737 13.8802 0
      vertex -3.31653 16.6733 7.22222
      vertex -2.21894 16.8546 7.22222
    endloop
  endfacet
  facet normal -0.150413 0.911242 -0.383425
    outer loop
      vertex -2.73126 13.731 0
      vertex -3.31653 16.6733 7.22222
      vertex -1.82737 13.8802 0
    endloop
  endfacet
  facet normal -0.325318 0.864377 -0.383432
    outer loop
      vertex -5.35757 12.9343 0
      vertex -5.46447 16.0978 7.22222
      vertex -4.50015 13.257 0
    endloop
  endfacet
  facet normal -0.471394 0.881923 0
    outer loop
      vertex -7.51891 15.2468 7.22222
      vertex -8.5 14.7224 8.22222
      vertex -7.51891 15.2468 8.22222
    endloop
  endfacet
  facet normal -0.471394 0.881923 0
    outer loop
      vertex -8.5 14.7224 8.22222
      vertex -7.51891 15.2468 7.22222
      vertex -8.5 14.7224 7.22222
    endloop
  endfacet
  facet normal -0.487681 0.784317 -0.383425
    outer loop
      vertex -7 12.1244 0
      vertex -9.44469 14.135 7.22222
      vertex -8.5 14.7224 7.22222
    endloop
  endfacet
  facet normal 0.820554 -0.371795 0.434119
    outer loop
      vertex 12.9343 -5.35757 14.4444
      vertex 12.5562 -6.19204 14.4444
      vertex 15.706 -6.50562 8.22222
    endloop
  endfacet
  facet normal 0.843132 -0.317283 0.434119
    outer loop
      vertex 16.0978 -5.46447 8.22222
      vertex 12.9343 -5.35757 14.4444
      vertex 15.706 -6.50562 8.22222
    endloop
  endfacet
  facet normal 0.713973 -0.585853 -0.38343
    outer loop
      vertex 12.7813 -11.2089 7.22222
      vertex 10.5258 -9.23084 0
      vertex 11.1069 -8.52266 0
    endloop
  endfacet
  facet normal 0.537988 -0.7507 -0.38343
    outer loop
      vertex 9.44469 -14.135 7.22222
      vertex 7.77798 -11.6406 0
      vertex 10.3489 -13.487 7.22222
    endloop
  endfacet
  facet normal 0.0882681 0.89652 0.43412
    outer loop
      vertex 2.21894 16.8546 8.22222
      vertex 1.11185 16.9636 8.22222
      vertex 1.82737 13.8802 14.4444
    endloop
  endfacet
  facet normal 0.150413 0.911242 -0.383425
    outer loop
      vertex 2.73126 13.731 0
      vertex 1.82737 13.8802 0
      vertex 3.31653 16.6733 7.22222
    endloop
  endfacet
  facet normal 0.209689 0.899453 -0.383426
    outer loop
      vertex 3.62347 13.523 0
      vertex 2.73126 13.731 0
      vertex 3.31653 16.6733 7.22222
    endloop
  endfacet
  facet normal 0.268078 0.88381 -0.383423
    outer loop
      vertex 5.46447 16.0978 7.22222
      vertex 3.62347 13.523 0
      vertex 4.39992 16.4207 7.22222
    endloop
  endfacet
  facet normal 0.325318 0.864377 -0.383432
    outer loop
      vertex 5.35757 12.9343 0
      vertex 4.50015 13.257 0
      vertex 5.46447 16.0978 7.22222
    endloop
  endfacet
  facet normal 0.352202 0.935924 -0
    outer loop
      vertex 6.50562 15.706 7.22222
      vertex 5.46447 16.0978 8.22222
      vertex 6.50562 15.706 8.22222
    endloop
  endfacet
  facet normal 0.352202 0.935924 0
    outer loop
      vertex 5.46447 16.0978 8.22222
      vertex 6.50562 15.706 7.22222
      vertex 5.46447 16.0978 7.22222
    endloop
  endfacet
  facet normal 0.227067 0.973879 -0
    outer loop
      vertex 4.39992 16.4207 7.22222
      vertex 3.31653 16.6733 8.22222
      vertex 4.39992 16.4207 8.22222
    endloop
  endfacet
  facet normal 0.227067 0.973879 0
    outer loop
      vertex 3.31653 16.6733 8.22222
      vertex 4.39992 16.4207 7.22222
      vertex 3.31653 16.6733 7.22222
    endloop
  endfacet
  facet normal 0.475729 0.765002 0.434112
    outer loop
      vertex 9.44469 14.135 8.22222
      vertex 7 12.1244 14.4444
      vertex 7.77798 11.6406 14.4444
    endloop
  endfacet
  facet normal 0.919123 -0.0904934 -0.383438
    outer loop
      vertex 16.8546 -2.21894 7.22222
      vertex 13.8802 -1.82737 0
      vertex 16.9636 -1.11185 7.22222
    endloop
  endfacet
  facet normal 0.899453 0.209689 -0.383426
    outer loop
      vertex 13.731 2.73126 0
      vertex 13.523 3.62347 0
      vertex 16.6733 3.31653 7.22222
    endloop
  endfacet
  facet normal 0.923073 0.0302434 -0.383434
    outer loop
      vertex 14 0 0
      vertex 13.97 0.915644 0
      vertex 16.9636 1.11185 7.22222
    endloop
  endfacet
  facet normal 0.900374 0.0294997 0.434116
    outer loop
      vertex 16.9636 1.11185 8.22222
      vertex 13.97 0.915644 14.4444
      vertex 14 0 14.4444
    endloop
  endfacet
  facet normal -0.0905284 0.919121 -0.383434
    outer loop
      vertex -0.915644 13.97 0
      vertex -1.82737 13.8802 0
      vertex -1.11185 16.9636 7.22222
    endloop
  endfacet
  facet normal -0.0904934 0.919123 -0.383438
    outer loop
      vertex -1.82737 13.8802 0
      vertex -2.21894 16.8546 7.22222
      vertex -1.11185 16.9636 7.22222
    endloop
  endfacet
  facet normal 0.0327207 0.999465 -0
    outer loop
      vertex 1.11185 16.9636 7.22222
      vertex 0 17 8.22222
      vertex 1.11185 16.9636 8.22222
    endloop
  endfacet
  facet normal 0.0327207 0.999465 0
    outer loop
      vertex 0 17 8.22222
      vertex 1.11185 16.9636 7.22222
      vertex 0 17 7.22222
    endloop
  endfacet
  facet normal -0.0883022 0.896519 0.434116
    outer loop
      vertex -1.11185 16.9636 8.22222
      vertex -1.82737 13.8802 14.4444
      vertex -0.915644 13.97 14.4444
    endloop
  endfacet
  facet normal -0.935924 -0.352202 0
    outer loop
      vertex -15.706 -6.50562 7.22222
      vertex -16.0978 -5.46447 8.22222
      vertex -16.0978 -5.46447 7.22222
    endloop
  endfacet
  facet normal -0.935924 -0.352202 0
    outer loop
      vertex -16.0978 -5.46447 8.22222
      vertex -15.706 -6.50562 7.22222
      vertex -15.706 -6.50562 8.22222
    endloop
  endfacet
  facet normal -0.888834 -0.146715 0.434106
    outer loop
      vertex -13.8802 -1.82737 14.4444
      vertex -16.6733 -3.31653 8.22222
      vertex -13.731 -2.73126 14.4444
    endloop
  endfacet
  facet normal -0.841241 -0.381168 -0.383437
    outer loop
      vertex -12.5562 -6.19204 0
      vertex -15.706 -6.50562 7.22222
      vertex -12.9343 -5.35757 0
    endloop
  endfacet
  facet normal -0.696406 -0.571458 0.434114
    outer loop
      vertex -11.1069 -8.52266 14.4444
      vertex -13.487 -10.3489 8.22222
      vertex -12.7813 -11.2089 8.22222
    endloop
  endfacet
  facet normal -0.849221 -0.528038 0
    outer loop
      vertex -14.135 -9.44469 7.22222
      vertex -14.7224 -8.5 8.22222
      vertex -14.7224 -8.5 7.22222
    endloop
  endfacet
  facet normal -0.849221 -0.528038 0
    outer loop
      vertex -14.7224 -8.5 8.22222
      vertex -14.135 -9.44469 7.22222
      vertex -14.135 -9.44469 8.22222
    endloop
  endfacet
  facet normal -0.794488 -0.42466 0.434111
    outer loop
      vertex -12.5562 -6.19204 14.4444
      vertex -15.2468 -7.51891 8.22222
      vertex -14.7224 -8.5 8.22222
    endloop
  endfacet
  facet normal -0.634348 -0.773047 0
    outer loop
      vertex -11.2089 -12.7813 7.22222
      vertex -10.3489 -13.487 8.22222
      vertex -11.2089 -12.7813 8.22222
    endloop
  endfacet
  facet normal -0.634348 -0.773047 -0
    outer loop
      vertex -10.3489 -13.487 8.22222
      vertex -11.2089 -12.7813 7.22222
      vertex -10.3489 -13.487 7.22222
    endloop
  endfacet
  facet normal -0.537988 -0.7507 -0.38343
    outer loop
      vertex -9.44469 -14.135 7.22222
      vertex -10.3489 -13.487 7.22222
      vertex -7.77798 -11.6406 0
    endloop
  endfacet
  facet normal -0.435366 -0.814517 -0.38343
    outer loop
      vertex -7.51891 -15.2468 7.22222
      vertex -8.5 -14.7224 7.22222
      vertex -6.19204 -12.5562 0
    endloop
  endfacet
  facet normal -0.794516 -0.424615 0.434104
    outer loop
      vertex -12.5562 -6.19204 14.4444
      vertex -14.7224 -8.5 8.22222
      vertex -12.1244 -7 14.4444
    endloop
  endfacet
  facet normal -0.657479 -0.615847 0.434113
    outer loop
      vertex -12.7813 -11.2089 8.22222
      vertex -9.89949 -9.89949 14.4444
      vertex -10.5258 -9.23084 14.4444
    endloop
  endfacet
  facet normal -0.657475 -0.615852 0.434112
    outer loop
      vertex -9.89949 -9.89949 14.4444
      vertex -12.7813 -11.2089 8.22222
      vertex -12.0208 -12.0208 8.22222
    endloop
  endfacet
  facet normal -0.204532 -0.877336 0.434107
    outer loop
      vertex -2.73126 -13.731 14.4444
      vertex -3.62347 -13.523 14.4444
      vertex -3.31653 -16.6733 8.22222
    endloop
  endfacet
  facet normal -0.204556 -0.877332 0.434104
    outer loop
      vertex -3.62347 -13.523 14.4444
      vertex -4.39992 -16.4207 8.22222
      vertex -3.31653 -16.6733 8.22222
    endloop
  endfacet
  facet normal 0.435366 -0.814517 -0.38343
    outer loop
      vertex 7.51891 -15.2468 7.22222
      vertex 6.19204 -12.5562 0
      vertex 8.5 -14.7224 7.22222
    endloop
  endfacet
  facet normal 0.487681 -0.784317 -0.383425
    outer loop
      vertex 8.5 -14.7224 7.22222
      vertex 7 -12.1244 0
      vertex 9.44469 -14.135 7.22222
    endloop
  endfacet
  facet normal 0.524758 -0.73224 0.434112
    outer loop
      vertex 10.3489 -13.487 8.22222
      vertex 7.77798 -11.6406 14.4444
      vertex 9.44469 -14.135 8.22222
    endloop
  endfacet
  facet normal 0.352202 -0.935924 0
    outer loop
      vertex 5.46447 -16.0978 7.22222
      vertex 6.50562 -15.706 8.22222
      vertex 5.46447 -16.0978 8.22222
    endloop
  endfacet
  facet normal 0.352202 -0.935924 0
    outer loop
      vertex 6.50562 -15.706 8.22222
      vertex 5.46447 -16.0978 7.22222
      vertex 6.50562 -15.706 7.22222
    endloop
  endfacet
  facet normal 0.325282 -0.864389 -0.383437
    outer loop
      vertex 5.46447 -16.0978 7.22222
      vertex 5.35757 -12.9343 0
      vertex 6.50562 -15.706 7.22222
    endloop
  endfacet
  facet normal -0.0883022 -0.896519 0.434116
    outer loop
      vertex -0.915644 -13.97 14.4444
      vertex -1.82737 -13.8802 14.4444
      vertex -1.11185 -16.9636 8.22222
    endloop
  endfacet
  facet normal -0.0294997 -0.900374 0.434116
    outer loop
      vertex -0.915644 -13.97 14.4444
      vertex -1.11185 -16.9636 8.22222
      vertex 0 -14 14.4444
    endloop
  endfacet
  facet normal -0.814545 0.435319 -0.383423
    outer loop
      vertex -12.5562 6.19204 0
      vertex -14.7224 8.5 7.22222
      vertex -12.1244 7 0
    endloop
  endfacet
  facet normal -0.956947 0.290262 0
    outer loop
      vertex -16.4207 4.39992 7.22222
      vertex -16.0978 5.46447 8.22222
      vertex -16.0978 5.46447 7.22222
    endloop
  endfacet
  facet normal -0.956947 0.290262 0
    outer loop
      vertex -16.0978 5.46447 8.22222
      vertex -16.4207 4.39992 7.22222
      vertex -16.4207 4.39992 8.22222
    endloop
  endfacet
  facet normal -0.88381 0.268078 -0.383423
    outer loop
      vertex -13.523 3.62347 0
      vertex -16.4207 4.39992 7.22222
      vertex -16.0978 5.46447 7.22222
    endloop
  endfacet
  facet normal -0.843132 0.317283 0.434119
    outer loop
      vertex -15.706 6.50562 8.22222
      vertex -16.0978 5.46447 8.22222
      vertex -12.9343 5.35757 14.4444
    endloop
  endfacet
  facet normal -0.794488 0.42466 0.434111
    outer loop
      vertex -14.7224 8.5 8.22222
      vertex -15.2468 7.51891 8.22222
      vertex -12.5562 6.19204 14.4444
    endloop
  endfacet
  facet normal -0.86205 0.261561 0.434115
    outer loop
      vertex -13.257 4.50015 14.4444
      vertex -16.0978 5.46447 8.22222
      vertex -13.523 3.62347 14.4444
    endloop
  endfacet
  facet normal -0.73224 0.524758 0.434112
    outer loop
      vertex -13.487 10.3489 8.22222
      vertex -14.135 9.44469 8.22222
      vertex -11.6406 7.77798 14.4444
    endloop
  endfacet
  facet normal -0.995188 0.0979826 0
    outer loop
      vertex -16.9636 1.11185 7.22222
      vertex -16.8546 2.21894 8.22222
      vertex -16.8546 2.21894 7.22222
    endloop
  endfacet
  facet normal -0.995188 0.0979826 0
    outer loop
      vertex -16.8546 2.21894 8.22222
      vertex -16.9636 1.11185 7.22222
      vertex -16.9636 1.11185 8.22222
    endloop
  endfacet
  facet normal -0.911242 -0.150413 -0.383425
    outer loop
      vertex -13.731 -2.73126 0
      vertex -16.6733 -3.31653 7.22222
      vertex -13.8802 -1.82737 0
    endloop
  endfacet
  facet normal -0.911219 -0.150515 -0.383437
    outer loop
      vertex -16.6733 -3.31653 7.22222
      vertex -16.8546 -2.21894 7.22222
      vertex -13.8802 -1.82737 0
    endloop
  endfacet
  facet normal -0.864389 -0.325282 -0.383437
    outer loop
      vertex -15.706 -6.50562 7.22222
      vertex -16.0978 -5.46447 7.22222
      vertex -12.9343 -5.35757 0
    endloop
  endfacet
  facet normal -0.84122 -0.381222 -0.38343
    outer loop
      vertex -15.2468 -7.51891 7.22222
      vertex -15.706 -6.50562 7.22222
      vertex -12.5562 -6.19204 0
    endloop
  endfacet
  facet normal -0.524775 0.732227 0.434114
    outer loop
      vertex -7.77798 11.6406 14.4444
      vertex -10.3489 13.487 8.22222
      vertex -8.52266 11.1069 14.4444
    endloop
  endfacet
  facet normal -0.571458 0.696406 0.434114
    outer loop
      vertex -10.3489 13.487 8.22222
      vertex -11.2089 12.7813 8.22222
      vertex -8.52266 11.1069 14.4444
    endloop
  endfacet
  facet normal -0.7507 0.537988 -0.38343
    outer loop
      vertex -11.6406 7.77798 0
      vertex -14.135 9.44469 7.22222
      vertex -13.487 10.3489 7.22222
    endloop
  endfacet
  facet normal -0.765002 0.475729 0.434112
    outer loop
      vertex -11.6406 7.77798 14.4444
      vertex -14.135 9.44469 8.22222
      vertex -12.1244 7 14.4444
    endloop
  endfacet
  facet normal -0.615847 0.657479 0.434113
    outer loop
      vertex -11.2089 12.7813 8.22222
      vertex -9.89949 9.89949 14.4444
      vertex -9.23084 10.5258 14.4444
    endloop
  endfacet
  facet normal -0.615852 0.657475 0.434112
    outer loop
      vertex -9.89949 9.89949 14.4444
      vertex -11.2089 12.7813 8.22222
      vertex -12.0208 12.0208 8.22222
    endloop
  endfacet
  facet normal -0.923075 -0.0302198 -0.383431
    outer loop
      vertex -16.9636 -1.11185 7.22222
      vertex -17 0 7.22222
      vertex -14 0 0
    endloop
  endfacet
  facet normal -0.999465 -0.0327207 0
    outer loop
      vertex -16.9636 -1.11185 7.22222
      vertex -17 0 8.22222
      vertex -17 0 7.22222
    endloop
  endfacet
  facet normal -0.999465 -0.0327207 0
    outer loop
      vertex -17 0 8.22222
      vertex -16.9636 -1.11185 7.22222
      vertex -16.9636 -1.11185 8.22222
    endloop
  endfacet
  facet normal -0.900374 0.0294997 0.434116
    outer loop
      vertex -13.97 0.915644 14.4444
      vertex -16.9636 1.11185 8.22222
      vertex -14 0 14.4444
    endloop
  endfacet
  facet normal 0 0 1
    outer loop
      vertex 8 0 14.4444
      vertex 14 0 14.4444
      vertex 13.97 0.915644 14.4444
    endloop
  endfacet
  facet normal 0 0 1
    outer loop
      vertex 7.98287 0.523225 14.4444
      vertex 13.97 0.915644 14.4444
      vertex 13.8802 1.82737 14.4444
    endloop
  endfacet
  facet normal 0 0 1
    outer loop
      vertex 14 0 14.4444
      vertex 8 0 14.4444
      vertex 13.97 -0.915644 14.4444
    endloop
  endfacet
  facet normal 0 0 1
    outer loop
      vertex 7.93156 1.04421 14.4444
      vertex 13.8802 1.82737 14.4444
      vertex 13.731 2.73126 14.4444
    endloop
  endfacet
  facet normal -0 0 1
    outer loop
      vertex 7.98287 -0.523225 14.4444
      vertex 13.97 -0.915644 14.4444
      vertex 8 0 14.4444
    endloop
  endfacet
  facet normal 0 0 1
    outer loop
      vertex 7.84628 1.56072 14.4444
      vertex 13.731 2.73126 14.4444
      vertex 13.523 3.62347 14.4444
    endloop
  endfacet
  facet normal 0 0 1
    outer loop
      vertex 13.97 -0.915644 14.4444
      vertex 7.98287 -0.523225 14.4444
      vertex 13.8802 -1.82737 14.4444
    endloop
  endfacet
  facet normal 0 0 1
    outer loop
      vertex 7.72741 2.07055 14.4444
      vertex 13.523 3.62347 14.4444
      vertex 13.257 4.50015 14.4444
    endloop
  endfacet
  facet normal -0 0 1
    outer loop
      vertex 7.93156 -1.04421 14.4444
      vertex 13.8802 -1.82737 14.4444
      vertex 7.98287 -0.523225 14.4444
    endloop
  endfacet
  facet normal 0 0 1
    outer loop
      vertex 7.57544 2.57152 14.4444
      vertex 13.257 4.50015 14.4444
      vertex 12.9343 5.35757 14.4444
    endloop
  endfacet
  facet normal 0 0 1
    outer loop
      vertex 13.8802 -1.82737 14.4444
      vertex 7.93156 -1.04421 14.4444
      vertex 13.731 -2.73126 14.4444
    endloop
  endfacet
  facet normal 0 0 1
    outer loop
      vertex 7.39104 3.06147 14.4444
      vertex 12.9343 5.35757 14.4444
      vertex 12.5562 6.19204 14.4444
    endloop
  endfacet
  facet normal -0 0 1
    outer loop
      vertex 7.84628 -1.56072 14.4444
      vertex 13.731 -2.73126 14.4444
      vertex 7.93156 -1.04421 14.4444
    endloop
  endfacet
  facet normal 0 0 1
    outer loop
      vertex 7.17498 3.53831 14.4444
      vertex 12.5562 6.19204 14.4444
      vertex 12.1244 7 14.4444
    endloop
  endfacet
  facet normal 0 0 1
    outer loop
      vertex 13.731 -2.73126 14.4444
      vertex 7.84628 -1.56072 14.4444
      vertex 13.523 -3.62347 14.4444
    endloop
  endfacet
  facet normal 0 0 1
    outer loop
      vertex 6.9282 4 14.4444
      vertex 12.1244 7 14.4444
      vertex 11.6406 7.77798 14.4444
    endloop
  endfacet
  facet normal -0 0 1
    outer loop
      vertex 7.72741 -2.07055 14.4444
      vertex 13.523 -3.62347 14.4444
      vertex 7.84628 -1.56072 14.4444
    endloop
  endfacet
  facet normal 0 0 1
    outer loop
      vertex 6.65176 4.44456 14.4444
      vertex 11.6406 7.77798 14.4444
      vertex 11.1069 8.52266 14.4444
    endloop
  endfacet
  facet normal 0 0 1
    outer loop
      vertex 13.523 -3.62347 14.4444
      vertex 7.72741 -2.07055 14.4444
      vertex 13.257 -4.50015 14.4444
    endloop
  endfacet
  facet normal 0 0 1
    outer loop
      vertex 6.34683 4.87009 14.4444
      vertex 11.1069 8.52266 14.4444
      vertex 10.5258 9.23084 14.4444
    endloop
  endfacet
  facet normal -0 0 1
    outer loop
      vertex 7.57544 -2.57152 14.4444
      vertex 13.257 -4.50015 14.4444
      vertex 7.72741 -2.07055 14.4444
    endloop
  endfacet
  facet normal 0 0 1
    outer loop
      vertex 6.01472 5.27477 14.4444
      vertex 10.5258 9.23084 14.4444
      vertex 9.89949 9.89949 14.4444
    endloop
  endfacet
  facet normal 0 0 1
    outer loop
      vertex 13.257 -4.50015 14.4444
      vertex 7.57544 -2.57152 14.4444
      vertex 12.9343 -5.35757 14.4444
    endloop
  endfacet
  facet normal 0 0 1
    outer loop
      vertex 5.65685 5.65685 14.4444
      vertex 9.89949 9.89949 14.4444
      vertex 9.23084 10.5258 14.4444
    endloop
  endfacet
  facet normal -0 0 1
    outer loop
      vertex 7.39104 -3.06147 14.4444
      vertex 12.9343 -5.35757 14.4444
      vertex 7.57544 -2.57152 14.4444
    endloop
  endfacet
  facet normal 0 0 1
    outer loop
      vertex 5.27477 6.01472 14.4444
      vertex 9.23084 10.5258 14.4444
      vertex 8.52266 11.1069 14.4444
    endloop
  endfacet
  facet normal 0 0 1
    outer loop
      vertex 12.9343 -5.35757 14.4444
      vertex 7.39104 -3.06147 14.4444
      vertex 12.5562 -6.19204 14.4444
    endloop
  endfacet
  facet normal -0 0 1
    outer loop
      vertex 7.17498 -3.53831 14.4444
      vertex 12.5562 -6.19204 14.4444
      vertex 7.39104 -3.06147 14.4444
    endloop
  endfacet
  facet normal 0 0 1
    outer loop
      vertex 13.97 0.915644 14.4444
      vertex 7.98287 0.523225 14.4444
      vertex 8 0 14.4444
    endloop
  endfacet
  facet normal 0 0 1
    outer loop
      vertex 13.8802 1.82737 14.4444
      vertex 7.93156 1.04421 14.4444
      vertex 7.98287 0.523225 14.4444
    endloop
  endfacet
  facet normal 0 0 1
    outer loop
      vertex 13.731 2.73126 14.4444
      vertex 7.84628 1.56072 14.4444
      vertex 7.93156 1.04421 14.4444
    endloop
  endfacet
  facet normal 0 0 1
    outer loop
      vertex 4.87009 6.34683 14.4444
      vertex 8.52266 11.1069 14.4444
      vertex 7.77798 11.6406 14.4444
    endloop
  endfacet
  facet normal 0 0 1
    outer loop
      vertex 13.523 3.62347 14.4444
      vertex 7.72741 2.07055 14.4444
      vertex 7.84628 1.56072 14.4444
    endloop
  endfacet
  facet normal 0 0 1
    outer loop
      vertex 13.257 4.50015 14.4444
      vertex 7.57544 2.57152 14.4444
      vertex 7.72741 2.07055 14.4444
    endloop
  endfacet
  facet normal 0 0 1
    outer loop
      vertex 12.9343 5.35757 14.4444
      vertex 7.39104 3.06147 14.4444
      vertex 7.57544 2.57152 14.4444
    endloop
  endfacet
  facet normal 0 0 1
    outer loop
      vertex 12.5562 6.19204 14.4444
      vertex 7.17498 3.53831 14.4444
      vertex 7.39104 3.06147 14.4444
    endloop
  endfacet
  facet normal 0 0 1
    outer loop
      vertex 4.44456 6.65176 14.4444
      vertex 7.77798 11.6406 14.4444
      vertex 7 12.1244 14.4444
    endloop
  endfacet
  facet normal 0 0 1
    outer loop
      vertex 12.1244 7 14.4444
      vertex 6.9282 4 14.4444
      vertex 7.17498 3.53831 14.4444
    endloop
  endfacet
  facet normal 0 0 1
    outer loop
      vertex 11.6406 7.77798 14.4444
      vertex 6.65176 4.44456 14.4444
      vertex 6.9282 4 14.4444
    endloop
  endfacet
  facet normal 0 0 1
    outer loop
      vertex 11.1069 8.52266 14.4444
      vertex 6.34683 4.87009 14.4444
      vertex 6.65176 4.44456 14.4444
    endloop
  endfacet
  facet normal 0 0 1
    outer loop
      vertex 4 6.9282 14.4444
      vertex 7 12.1244 14.4444
      vertex 6.19204 12.5562 14.4444
    endloop
  endfacet
  facet normal 0 0 1
    outer loop
      vertex 10.5258 9.23084 14.4444
      vertex 6.01472 5.27477 14.4444
      vertex 6.34683 4.87009 14.4444
    endloop
  endfacet
  facet normal 0 0 1
    outer loop
      vertex 9.89949 9.89949 14.4444
      vertex 5.65685 5.65685 14.4444
      vertex 6.01472 5.27477 14.4444
    endloop
  endfacet
  facet normal 0 0 1
    outer loop
      vertex 3.53831 7.17498 14.4444
      vertex 6.19204 12.5562 14.4444
      vertex 5.35757 12.9343 14.4444
    endloop
  endfacet
  facet normal 0 0 1
    outer loop
      vertex 9.23084 10.5258 14.4444
      vertex 5.27477 6.01472 14.4444
      vertex 5.65685 5.65685 14.4444
    endloop
  endfacet
  facet normal 0 0 1
    outer loop
      vertex 8.52266 11.1069 14.4444
      vertex 4.87009 6.34683 14.4444
      vertex 5.27477 6.01472 14.4444
    endloop
  endfacet
  facet normal 0 0 1
    outer loop
      vertex 3.06147 7.39104 14.4444
      vertex 5.35757 12.9343 14.4444
      vertex 4.50015 13.257 14.4444
    endloop
  endfacet
  facet normal 0 0 1
    outer loop
      vertex 7.77798 11.6406 14.4444
      vertex 4.44456 6.65176 14.4444
      vertex 4.87009 6.34683 14.4444
    endloop
  endfacet
  facet normal 0 0 1
    outer loop
      vertex 7 12.1244 14.4444
      vertex 4 6.9282 14.4444
      vertex 4.44456 6.65176 14.4444
    endloop
  endfacet
  facet normal 0 0 1
    outer loop
      vertex 2.57152 7.57544 14.4444
      vertex 4.50015 13.257 14.4444
      vertex 3.62347 13.523 14.4444
    endloop
  endfacet
  facet normal 0 0 1
    outer loop
      vertex 6.19204 12.5562 14.4444
      vertex 3.53831 7.17498 14.4444
      vertex 4 6.9282 14.4444
    endloop
  endfacet
  facet normal 0 0 1
    outer loop
      vertex 5.35757 12.9343 14.4444
      vertex 3.06147 7.39104 14.4444
      vertex 3.53831 7.17498 14.4444
    endloop
  endfacet
  facet normal 0 0 1
    outer loop
      vertex 2.07055 7.72741 14.4444
      vertex 3.62347 13.523 14.4444
      vertex 2.73126 13.731 14.4444
    endloop
  endfacet
  facet normal 0 0 1
    outer loop
      vertex 4.50015 13.257 14.4444
      vertex 2.57152 7.57544 14.4444
      vertex 3.06147 7.39104 14.4444
    endloop
  endfacet
  facet normal 0 0 1
    outer loop
      vertex 3.62347 13.523 14.4444
      vertex 2.07055 7.72741 14.4444
      vertex 2.57152 7.57544 14.4444
    endloop
  endfacet
  facet normal 0 0 1
    outer loop
      vertex 1.56072 7.84628 14.4444
      vertex 2.73126 13.731 14.4444
      vertex 1.82737 13.8802 14.4444
    endloop
  endfacet
  facet normal 0 0 1
    outer loop
      vertex 2.73126 13.731 14.4444
      vertex 1.56072 7.84628 14.4444
      vertex 2.07055 7.72741 14.4444
    endloop
  endfacet
  facet normal 0 0 1
    outer loop
      vertex 1.82737 13.8802 14.4444
      vertex 1.04421 7.93156 14.4444
      vertex 1.56072 7.84628 14.4444
    endloop
  endfacet
  facet normal 0 0 1
    outer loop
      vertex 0.915644 13.97 14.4444
      vertex 1.04421 7.93156 14.4444
      vertex 1.82737 13.8802 14.4444
    endloop
  endfacet
  facet normal 0 0 1
    outer loop
      vertex 0.915644 13.97 14.4444
      vertex 0.523225 7.98287 14.4444
      vertex 1.04421 7.93156 14.4444
    endloop
  endfacet
  facet normal 0 0 1
    outer loop
      vertex 0 14 14.4444
      vertex 0.523225 7.98287 14.4444
      vertex 0.915644 13.97 14.4444
    endloop
  endfacet
  facet normal 0 0 1
    outer loop
      vertex 0 14 14.4444
      vertex 0 8 14.4444
      vertex 0.523225 7.98287 14.4444
    endloop
  endfacet
  facet normal 0 0 1
    outer loop
      vertex 0 14 14.4444
      vertex -0.523225 7.98287 14.4444
      vertex 0 8 14.4444
    endloop
  endfacet
  facet normal -0 0 1
    outer loop
      vertex -0.915644 13.97 14.4444
      vertex -0.523225 7.98287 14.4444
      vertex 0 14 14.4444
    endloop
  endfacet
  facet normal 0 0 1
    outer loop
      vertex -0.915644 13.97 14.4444
      vertex -1.04421 7.93156 14.4444
      vertex -0.523225 7.98287 14.4444
    endloop
  endfacet
  facet normal -0 0 1
    outer loop
      vertex -1.82737 13.8802 14.4444
      vertex -1.04421 7.93156 14.4444
      vertex -0.915644 13.97 14.4444
    endloop
  endfacet
  facet normal 0 0 1
    outer loop
      vertex -1.04421 7.93156 14.4444
      vertex -1.82737 13.8802 14.4444
      vertex -1.56072 7.84628 14.4444
    endloop
  endfacet
  facet normal -0 0 1
    outer loop
      vertex -2.73126 13.731 14.4444
      vertex -1.56072 7.84628 14.4444
      vertex -1.82737 13.8802 14.4444
    endloop
  endfacet
  facet normal 0 0 1
    outer loop
      vertex -1.56072 7.84628 14.4444
      vertex -2.73126 13.731 14.4444
      vertex -2.07055 7.72741 14.4444
    endloop
  endfacet
  facet normal -0 0 1
    outer loop
      vertex -3.62347 13.523 14.4444
      vertex -2.07055 7.72741 14.4444
      vertex -2.73126 13.731 14.4444
    endloop
  endfacet
  facet normal 0 0 1
    outer loop
      vertex -2.07055 7.72741 14.4444
      vertex -3.62347 13.523 14.4444
      vertex -2.57152 7.57544 14.4444
    endloop
  endfacet
  facet normal -0 0 1
    outer loop
      vertex -4.50015 13.257 14.4444
      vertex -2.57152 7.57544 14.4444
      vertex -3.62347 13.523 14.4444
    endloop
  endfacet
  facet normal 0 0 1
    outer loop
      vertex -2.57152 7.57544 14.4444
      vertex -4.50015 13.257 14.4444
      vertex -3.06147 7.39104 14.4444
    endloop
  endfacet
  facet normal -0 0 1
    outer loop
      vertex -5.35757 12.9343 14.4444
      vertex -3.06147 7.39104 14.4444
      vertex -4.50015 13.257 14.4444
    endloop
  endfacet
  facet normal 0 0 1
    outer loop
      vertex -3.06147 7.39104 14.4444
      vertex -5.35757 12.9343 14.4444
      vertex -3.53831 7.17498 14.4444
    endloop
  endfacet
  facet normal -0 0 1
    outer loop
      vertex -6.19204 12.5562 14.4444
      vertex -3.53831 7.17498 14.4444
      vertex -5.35757 12.9343 14.4444
    endloop
  endfacet
  facet normal 0 0 1
    outer loop
      vertex -3.53831 7.17498 14.4444
      vertex -6.19204 12.5562 14.4444
      vertex -4 6.9282 14.4444
    endloop
  endfacet
  facet normal -0 0 1
    outer loop
      vertex -7 12.1244 14.4444
      vertex -4 6.9282 14.4444
      vertex -6.19204 12.5562 14.4444
    endloop
  endfacet
  facet normal 0 0 1
    outer loop
      vertex -4 6.9282 14.4444
      vertex -7 12.1244 14.4444
      vertex -4.44456 6.65176 14.4444
    endloop
  endfacet
  facet normal -0 0 1
    outer loop
      vertex -7.77798 11.6406 14.4444
      vertex -4.44456 6.65176 14.4444
      vertex -7 12.1244 14.4444
    endloop
  endfacet
  facet normal 0 0 1
    outer loop
      vertex -4.44456 6.65176 14.4444
      vertex -7.77798 11.6406 14.4444
      vertex -4.87009 6.34683 14.4444
    endloop
  endfacet
  facet normal -0 0 1
    outer loop
      vertex -8.52266 11.1069 14.4444
      vertex -4.87009 6.34683 14.4444
      vertex -7.77798 11.6406 14.4444
    endloop
  endfacet
  facet normal 0 0 1
    outer loop
      vertex -4.87009 6.34683 14.4444
      vertex -8.52266 11.1069 14.4444
      vertex -5.27477 6.01472 14.4444
    endloop
  endfacet
  facet normal -0 0 1
    outer loop
      vertex -9.23084 10.5258 14.4444
      vertex -5.27477 6.01472 14.4444
      vertex -8.52266 11.1069 14.4444
    endloop
  endfacet
  facet normal 0 0 1
    outer loop
      vertex -5.27477 6.01472 14.4444
      vertex -9.23084 10.5258 14.4444
      vertex -5.65685 5.65685 14.4444
    endloop
  endfacet
  facet normal -0 0 1
    outer loop
      vertex -9.89949 9.89949 14.4444
      vertex -5.65685 5.65685 14.4444
      vertex -9.23084 10.5258 14.4444
    endloop
  endfacet
  facet normal 0 0 1
    outer loop
      vertex -5.65685 5.65685 14.4444
      vertex -9.89949 9.89949 14.4444
      vertex -6.01472 5.27477 14.4444
    endloop
  endfacet
  facet normal -0 0 1
    outer loop
      vertex -10.5258 9.23084 14.4444
      vertex -6.01472 5.27477 14.4444
      vertex -9.89949 9.89949 14.4444
    endloop
  endfacet
  facet normal 0 0 1
    outer loop
      vertex -6.01472 5.27477 14.4444
      vertex -10.5258 9.23084 14.4444
      vertex -6.34683 4.87009 14.4444
    endloop
  endfacet
  facet normal -0 0 1
    outer loop
      vertex -11.1069 8.52266 14.4444
      vertex -6.34683 4.87009 14.4444
      vertex -10.5258 9.23084 14.4444
    endloop
  endfacet
  facet normal 0 0 1
    outer loop
      vertex -6.34683 4.87009 14.4444
      vertex -11.1069 8.52266 14.4444
      vertex -6.65176 4.44456 14.4444
    endloop
  endfacet
  facet normal -0 0 1
    outer loop
      vertex -11.6406 7.77798 14.4444
      vertex -6.65176 4.44456 14.4444
      vertex -11.1069 8.52266 14.4444
    endloop
  endfacet
  facet normal 0 0 1
    outer loop
      vertex -6.65176 4.44456 14.4444
      vertex -11.6406 7.77798 14.4444
      vertex -6.9282 4 14.4444
    endloop
  endfacet
  facet normal -0 0 1
    outer loop
      vertex -12.1244 7 14.4444
      vertex -6.9282 4 14.4444
      vertex -11.6406 7.77798 14.4444
    endloop
  endfacet
  facet normal 0 0 1
    outer loop
      vertex -6.9282 4 14.4444
      vertex -12.1244 7 14.4444
      vertex -7.17498 3.53831 14.4444
    endloop
  endfacet
  facet normal -0 0 1
    outer loop
      vertex -12.5562 6.19204 14.4444
      vertex -7.17498 3.53831 14.4444
      vertex -12.1244 7 14.4444
    endloop
  endfacet
  facet normal 0 0 1
    outer loop
      vertex 12.5562 -6.19204 14.4444
      vertex 7.17498 -3.53831 14.4444
      vertex 12.1244 -7 14.4444
    endloop
  endfacet
  facet normal -0 0 1
    outer loop
      vertex 6.9282 -4 14.4444
      vertex 12.1244 -7 14.4444
      vertex 7.17498 -3.53831 14.4444
    endloop
  endfacet
  facet normal 0 0 1
    outer loop
      vertex 12.1244 -7 14.4444
      vertex 6.9282 -4 14.4444
      vertex 11.6406 -7.77798 14.4444
    endloop
  endfacet
  facet normal -0 0 1
    outer loop
      vertex 6.65176 -4.44456 14.4444
      vertex 11.6406 -7.77798 14.4444
      vertex 6.9282 -4 14.4444
    endloop
  endfacet
  facet normal 0 0 1
    outer loop
      vertex 11.6406 -7.77798 14.4444
      vertex 6.65176 -4.44456 14.4444
      vertex 11.1069 -8.52266 14.4444
    endloop
  endfacet
  facet normal -0 0 1
    outer loop
      vertex 6.34683 -4.87009 14.4444
      vertex 11.1069 -8.52266 14.4444
      vertex 6.65176 -4.44456 14.4444
    endloop
  endfacet
  facet normal 0 0 1
    outer loop
      vertex 11.1069 -8.52266 14.4444
      vertex 6.34683 -4.87009 14.4444
      vertex 10.5258 -9.23084 14.4444
    endloop
  endfacet
  facet normal -0 0 1
    outer loop
      vertex 6.01472 -5.27477 14.4444
      vertex 10.5258 -9.23084 14.4444
      vertex 6.34683 -4.87009 14.4444
    endloop
  endfacet
  facet normal 0 0 1
    outer loop
      vertex 10.5258 -9.23084 14.4444
      vertex 6.01472 -5.27477 14.4444
      vertex 9.89949 -9.89949 14.4444
    endloop
  endfacet
  facet normal -0 0 1
    outer loop
      vertex 5.65685 -5.65685 14.4444
      vertex 9.89949 -9.89949 14.4444
      vertex 6.01472 -5.27477 14.4444
    endloop
  endfacet
  facet normal 0 0 1
    outer loop
      vertex 9.89949 -9.89949 14.4444
      vertex 5.65685 -5.65685 14.4444
      vertex 9.23084 -10.5258 14.4444
    endloop
  endfacet
  facet normal -0 0 1
    outer loop
      vertex 5.27477 -6.01472 14.4444
      vertex 9.23084 -10.5258 14.4444
      vertex 5.65685 -5.65685 14.4444
    endloop
  endfacet
  facet normal 0 0 1
    outer loop
      vertex 9.23084 -10.5258 14.4444
      vertex 5.27477 -6.01472 14.4444
      vertex 8.52266 -11.1069 14.4444
    endloop
  endfacet
  facet normal -0 0 1
    outer loop
      vertex 4.87009 -6.34683 14.4444
      vertex 8.52266 -11.1069 14.4444
      vertex 5.27477 -6.01472 14.4444
    endloop
  endfacet
  facet normal 0 0 1
    outer loop
      vertex 8.52266 -11.1069 14.4444
      vertex 4.87009 -6.34683 14.4444
      vertex 7.77798 -11.6406 14.4444
    endloop
  endfacet
  facet normal -0 0 1
    outer loop
      vertex 4.44456 -6.65176 14.4444
      vertex 7.77798 -11.6406 14.4444
      vertex 4.87009 -6.34683 14.4444
    endloop
  endfacet
  facet normal 0 0 1
    outer loop
      vertex 7.77798 -11.6406 14.4444
      vertex 4.44456 -6.65176 14.4444
      vertex 7 -12.1244 14.4444
    endloop
  endfacet
  facet normal -0 0 1
    outer loop
      vertex 4 -6.9282 14.4444
      vertex 7 -12.1244 14.4444
      vertex 4.44456 -6.65176 14.4444
    endloop
  endfacet
  facet normal 0 0 1
    outer loop
      vertex 7 -12.1244 14.4444
      vertex 4 -6.9282 14.4444
      vertex 6.19204 -12.5562 14.4444
    endloop
  endfacet
  facet normal -0 0 1
    outer loop
      vertex 3.53831 -7.17498 14.4444
      vertex 6.19204 -12.5562 14.4444
      vertex 4 -6.9282 14.4444
    endloop
  endfacet
  facet normal 0 0 1
    outer loop
      vertex 6.19204 -12.5562 14.4444
      vertex 3.53831 -7.17498 14.4444
      vertex 5.35757 -12.9343 14.4444
    endloop
  endfacet
  facet normal -0 0 1
    outer loop
      vertex 3.06147 -7.39104 14.4444
      vertex 5.35757 -12.9343 14.4444
      vertex 3.53831 -7.17498 14.4444
    endloop
  endfacet
  facet normal 0 0 1
    outer loop
      vertex 5.35757 -12.9343 14.4444
      vertex 3.06147 -7.39104 14.4444
      vertex 4.50015 -13.257 14.4444
    endloop
  endfacet
  facet normal -0 0 1
    outer loop
      vertex 2.57152 -7.57544 14.4444
      vertex 4.50015 -13.257 14.4444
      vertex 3.06147 -7.39104 14.4444
    endloop
  endfacet
  facet normal 0 0 1
    outer loop
      vertex 4.50015 -13.257 14.4444
      vertex 2.57152 -7.57544 14.4444
      vertex 3.62347 -13.523 14.4444
    endloop
  endfacet
  facet normal -0 0 1
    outer loop
      vertex 2.07055 -7.72741 14.4444
      vertex 3.62347 -13.523 14.4444
      vertex 2.57152 -7.57544 14.4444
    endloop
  endfacet
  facet normal 0 0 1
    outer loop
      vertex 3.62347 -13.523 14.4444
      vertex 2.07055 -7.72741 14.4444
      vertex 2.73126 -13.731 14.4444
    endloop
  endfacet
  facet normal -0 0 1
    outer loop
      vertex 1.56072 -7.84628 14.4444
      vertex 2.73126 -13.731 14.4444
      vertex 2.07055 -7.72741 14.4444
    endloop
  endfacet
  facet normal 0 0 1
    outer loop
      vertex 2.73126 -13.731 14.4444
      vertex 1.56072 -7.84628 14.4444
      vertex 1.82737 -13.8802 14.4444
    endloop
  endfacet
  facet normal -0 0 1
    outer loop
      vertex 1.04421 -7.93156 14.4444
      vertex 1.82737 -13.8802 14.4444
      vertex 1.56072 -7.84628 14.4444
    endloop
  endfacet
  facet normal 0 0 1
    outer loop
      vertex 1.04421 -7.93156 14.4444
      vertex 0.915644 -13.97 14.4444
      vertex 1.82737 -13.8802 14.4444
    endloop
  endfacet
  facet normal -0 0 1
    outer loop
      vertex 0.523225 -7.98287 14.4444
      vertex 0.915644 -13.97 14.4444
      vertex 1.04421 -7.93156 14.4444
    endloop
  endfacet
  facet normal -0 0 1
    outer loop
      vertex 0 -8 14.4444
      vertex 0.915644 -13.97 14.4444
      vertex 0.523225 -7.98287 14.4444
    endloop
  endfacet
  facet normal 0 0 1
    outer loop
      vertex 0 -8 14.4444
      vertex 0 -14 14.4444
      vertex 0.915644 -13.97 14.4444
    endloop
  endfacet
  facet normal 0 0 1
    outer loop
      vertex -0.523225 -7.98287 14.4444
      vertex 0 -14 14.4444
      vertex 0 -8 14.4444
    endloop
  endfacet
  facet normal 0 0 1
    outer loop
      vertex -0.523225 -7.98287 14.4444
      vertex -0.915644 -13.97 14.4444
      vertex 0 -14 14.4444
    endloop
  endfacet
  facet normal 0 0 1
    outer loop
      vertex -1.04421 -7.93156 14.4444
      vertex -0.915644 -13.97 14.4444
      vertex -0.523225 -7.98287 14.4444
    endloop
  endfacet
  facet normal 0 0 1
    outer loop
      vertex -1.82737 -13.8802 14.4444
      vertex -1.04421 -7.93156 14.4444
      vertex -1.56072 -7.84628 14.4444
    endloop
  endfacet
  facet normal 0 0 1
    outer loop
      vertex -1.04421 -7.93156 14.4444
      vertex -1.82737 -13.8802 14.4444
      vertex -0.915644 -13.97 14.4444
    endloop
  endfacet
  facet normal 0 0 1
    outer loop
      vertex -2.73126 -13.731 14.4444
      vertex -1.56072 -7.84628 14.4444
      vertex -2.07055 -7.72741 14.4444
    endloop
  endfacet
  facet normal 0 0 1
    outer loop
      vertex -3.62347 -13.523 14.4444
      vertex -2.07055 -7.72741 14.4444
      vertex -2.57152 -7.57544 14.4444
    endloop
  endfacet
  facet normal 0 0 1
    outer loop
      vertex -1.56072 -7.84628 14.4444
      vertex -2.73126 -13.731 14.4444
      vertex -1.82737 -13.8802 14.4444
    endloop
  endfacet
  facet normal 0 0 1
    outer loop
      vertex -4.50015 -13.257 14.4444
      vertex -2.57152 -7.57544 14.4444
      vertex -3.06147 -7.39104 14.4444
    endloop
  endfacet
  facet normal 0 0 1
    outer loop
      vertex -5.35757 -12.9343 14.4444
      vertex -3.06147 -7.39104 14.4444
      vertex -3.53831 -7.17498 14.4444
    endloop
  endfacet
  facet normal 0 0 1
    outer loop
      vertex -2.07055 -7.72741 14.4444
      vertex -3.62347 -13.523 14.4444
      vertex -2.73126 -13.731 14.4444
    endloop
  endfacet
  facet normal 0 0 1
    outer loop
      vertex -6.19204 -12.5562 14.4444
      vertex -3.53831 -7.17498 14.4444
      vertex -4 -6.9282 14.4444
    endloop
  endfacet
  facet normal 0 0 1
    outer loop
      vertex -7 -12.1244 14.4444
      vertex -4 -6.9282 14.4444
      vertex -4.44456 -6.65176 14.4444
    endloop
  endfacet
  facet normal 0 0 1
    outer loop
      vertex -2.57152 -7.57544 14.4444
      vertex -4.50015 -13.257 14.4444
      vertex -3.62347 -13.523 14.4444
    endloop
  endfacet
  facet normal 0 0 1
    outer loop
      vertex -7.77798 -11.6406 14.4444
      vertex -4.44456 -6.65176 14.4444
      vertex -4.87009 -6.34683 14.4444
    endloop
  endfacet
  facet normal 0 0 1
    outer loop
      vertex -8.52266 -11.1069 14.4444
      vertex -4.87009 -6.34683 14.4444
      vertex -5.27477 -6.01472 14.4444
    endloop
  endfacet
  facet normal 0 0 1
    outer loop
      vertex -3.06147 -7.39104 14.4444
      vertex -5.35757 -12.9343 14.4444
      vertex -4.50015 -13.257 14.4444
    endloop
  endfacet
  facet normal 0 0 1
    outer loop
      vertex -9.23084 -10.5258 14.4444
      vertex -5.27477 -6.01472 14.4444
      vertex -5.65685 -5.65685 14.4444
    endloop
  endfacet
  facet normal 0 0 1
    outer loop
      vertex -9.89949 -9.89949 14.4444
      vertex -5.65685 -5.65685 14.4444
      vertex -6.01472 -5.27477 14.4444
    endloop
  endfacet
  facet normal 0 0 1
    outer loop
      vertex -3.53831 -7.17498 14.4444
      vertex -6.19204 -12.5562 14.4444
      vertex -5.35757 -12.9343 14.4444
    endloop
  endfacet
  facet normal 0 0 1
    outer loop
      vertex -10.5258 -9.23084 14.4444
      vertex -6.01472 -5.27477 14.4444
      vertex -6.34683 -4.87009 14.4444
    endloop
  endfacet
  facet normal 0 0 1
    outer loop
      vertex -11.1069 -8.52266 14.4444
      vertex -6.34683 -4.87009 14.4444
      vertex -6.65176 -4.44456 14.4444
    endloop
  endfacet
  facet normal 0 0 1
    outer loop
      vertex -11.6406 -7.77798 14.4444
      vertex -6.65176 -4.44456 14.4444
      vertex -6.9282 -4 14.4444
    endloop
  endfacet
  facet normal 0 0 1
    outer loop
      vertex -4 -6.9282 14.4444
      vertex -7 -12.1244 14.4444
      vertex -6.19204 -12.5562 14.4444
    endloop
  endfacet
  facet normal 0 0 1
    outer loop
      vertex -12.1244 -7 14.4444
      vertex -6.9282 -4 14.4444
      vertex -7.17498 -3.53831 14.4444
    endloop
  endfacet
  facet normal 0 0 1
    outer loop
      vertex -12.5562 -6.19204 14.4444
      vertex -7.17498 -3.53831 14.4444
      vertex -7.39104 -3.06147 14.4444
    endloop
  endfacet
  facet normal 0 0 1
    outer loop
      vertex -12.9343 -5.35757 14.4444
      vertex -7.39104 -3.06147 14.4444
      vertex -7.57544 -2.57152 14.4444
    endloop
  endfacet
  facet normal 0 0 1
    outer loop
      vertex -13.257 -4.50015 14.4444
      vertex -7.57544 -2.57152 14.4444
      vertex -7.72741 -2.07055 14.4444
    endloop
  endfacet
  facet normal 0 0 1
    outer loop
      vertex -4.44456 -6.65176 14.4444
      vertex -7.77798 -11.6406 14.4444
      vertex -7 -12.1244 14.4444
    endloop
  endfacet
  facet normal 0 0 1
    outer loop
      vertex -13.523 -3.62347 14.4444
      vertex -7.72741 -2.07055 14.4444
      vertex -7.84628 -1.56072 14.4444
    endloop
  endfacet
  facet normal 0 0 1
    outer loop
      vertex -13.731 -2.73126 14.4444
      vertex -7.84628 -1.56072 14.4444
      vertex -7.93156 -1.04421 14.4444
    endloop
  endfacet
  facet normal 0 0 1
    outer loop
      vertex -13.8802 -1.82737 14.4444
      vertex -7.93156 -1.04421 14.4444
      vertex -7.98287 -0.523225 14.4444
    endloop
  endfacet
  facet normal 0 0 1
    outer loop
      vertex -13.97 -0.915644 14.4444
      vertex -7.98287 -0.523225 14.4444
      vertex -8 0 14.4444
    endloop
  endfacet
  facet normal 0 0 1
    outer loop
      vertex -7.17498 3.53831 14.4444
      vertex -12.5562 6.19204 14.4444
      vertex -7.39104 3.06147 14.4444
    endloop
  endfacet
  facet normal 0 0 1
    outer loop
      vertex -4.87009 -6.34683 14.4444
      vertex -8.52266 -11.1069 14.4444
      vertex -7.77798 -11.6406 14.4444
    endloop
  endfacet
  facet normal -0 0 1
    outer loop
      vertex -12.9343 5.35757 14.4444
      vertex -7.39104 3.06147 14.4444
      vertex -12.5562 6.19204 14.4444
    endloop
  endfacet
  facet normal 0 0 1
    outer loop
      vertex -5.27477 -6.01472 14.4444
      vertex -9.23084 -10.5258 14.4444
      vertex -8.52266 -11.1069 14.4444
    endloop
  endfacet
  facet normal 0 0 1
    outer loop
      vertex -7.39104 3.06147 14.4444
      vertex -12.9343 5.35757 14.4444
      vertex -7.57544 2.57152 14.4444
    endloop
  endfacet
  facet normal 0 0 1
    outer loop
      vertex -5.65685 -5.65685 14.4444
      vertex -9.89949 -9.89949 14.4444
      vertex -9.23084 -10.5258 14.4444
    endloop
  endfacet
  facet normal -0 0 1
    outer loop
      vertex -13.257 4.50015 14.4444
      vertex -7.57544 2.57152 14.4444
      vertex -12.9343 5.35757 14.4444
    endloop
  endfacet
  facet normal 0 0 1
    outer loop
      vertex -6.01472 -5.27477 14.4444
      vertex -10.5258 -9.23084 14.4444
      vertex -9.89949 -9.89949 14.4444
    endloop
  endfacet
  facet normal 0 0 1
    outer loop
      vertex -7.57544 2.57152 14.4444
      vertex -13.257 4.50015 14.4444
      vertex -7.72741 2.07055 14.4444
    endloop
  endfacet
  facet normal 0 0 1
    outer loop
      vertex -6.34683 -4.87009 14.4444
      vertex -11.1069 -8.52266 14.4444
      vertex -10.5258 -9.23084 14.4444
    endloop
  endfacet
  facet normal -0 0 1
    outer loop
      vertex -13.523 3.62347 14.4444
      vertex -7.72741 2.07055 14.4444
      vertex -13.257 4.50015 14.4444
    endloop
  endfacet
  facet normal 0 0 1
    outer loop
      vertex -6.65176 -4.44456 14.4444
      vertex -11.6406 -7.77798 14.4444
      vertex -11.1069 -8.52266 14.4444
    endloop
  endfacet
  facet normal 0 0 1
    outer loop
      vertex -7.72741 2.07055 14.4444
      vertex -13.523 3.62347 14.4444
      vertex -7.84628 1.56072 14.4444
    endloop
  endfacet
  facet normal 0 0 1
    outer loop
      vertex -6.9282 -4 14.4444
      vertex -12.1244 -7 14.4444
      vertex -11.6406 -7.77798 14.4444
    endloop
  endfacet
  facet normal -0 0 1
    outer loop
      vertex -13.731 2.73126 14.4444
      vertex -7.84628 1.56072 14.4444
      vertex -13.523 3.62347 14.4444
    endloop
  endfacet
  facet normal 0 0 1
    outer loop
      vertex -7.17498 -3.53831 14.4444
      vertex -12.5562 -6.19204 14.4444
      vertex -12.1244 -7 14.4444
    endloop
  endfacet
  facet normal 0 0 1
    outer loop
      vertex -7.84628 1.56072 14.4444
      vertex -13.731 2.73126 14.4444
      vertex -7.93156 1.04421 14.4444
    endloop
  endfacet
  facet normal 0 0 1
    outer loop
      vertex -7.39104 -3.06147 14.4444
      vertex -12.9343 -5.35757 14.4444
      vertex -12.5562 -6.19204 14.4444
    endloop
  endfacet
  facet normal -0 0 1
    outer loop
      vertex -13.8802 1.82737 14.4444
      vertex -7.93156 1.04421 14.4444
      vertex -13.731 2.73126 14.4444
    endloop
  endfacet
  facet normal 0 0 1
    outer loop
      vertex -7.57544 -2.57152 14.4444
      vertex -13.257 -4.50015 14.4444
      vertex -12.9343 -5.35757 14.4444
    endloop
  endfacet
  facet normal 0 0 1
    outer loop
      vertex -7.93156 1.04421 14.4444
      vertex -13.8802 1.82737 14.4444
      vertex -7.98287 0.523225 14.4444
    endloop
  endfacet
  facet normal 0 0 1
    outer loop
      vertex -7.72741 -2.07055 14.4444
      vertex -13.523 -3.62347 14.4444
      vertex -13.257 -4.50015 14.4444
    endloop
  endfacet
  facet normal -0 0 1
    outer loop
      vertex -13.97 0.915644 14.4444
      vertex -7.98287 0.523225 14.4444
      vertex -13.8802 1.82737 14.4444
    endloop
  endfacet
  facet normal 0 0 1
    outer loop
      vertex -7.84628 -1.56072 14.4444
      vertex -13.731 -2.73126 14.4444
      vertex -13.523 -3.62347 14.4444
    endloop
  endfacet
  facet normal 0 0 1
    outer loop
      vertex -7.98287 0.523225 14.4444
      vertex -13.97 0.915644 14.4444
      vertex -8 0 14.4444
    endloop
  endfacet
  facet normal 0 0 1
    outer loop
      vertex -7.93156 -1.04421 14.4444
      vertex -13.8802 -1.82737 14.4444
      vertex -13.731 -2.73126 14.4444
    endloop
  endfacet
  facet normal 0 0 1
    outer loop
      vertex -14 0 14.4444
      vertex -8 0 14.4444
      vertex -13.97 0.915644 14.4444
    endloop
  endfacet
  facet normal 0 0 1
    outer loop
      vertex -7.98287 -0.523225 14.4444
      vertex -13.97 -0.915644 14.4444
      vertex -13.8802 -1.82737 14.4444
    endloop
  endfacet
  facet normal 0 0 1
    outer loop
      vertex -8 0 14.4444
      vertex -14 0 14.4444
      vertex -13.97 -0.915644 14.4444
    endloop
  endfacet
  facet normal -0.713973 0.585853 -0.38343
    outer loop
      vertex -11.1069 8.52266 0
      vertex -12.7813 11.2089 7.22222
      vertex -10.5258 9.23084 0
    endloop
  endfacet
  facet normal -0.683627 0.729831 0
    outer loop
      vertex -11.2089 12.7813 7.22222
      vertex -12.0208 12.0208 8.22222
      vertex -11.2089 12.7813 8.22222
    endloop
  endfacet
  facet normal -0.683627 0.729831 0
    outer loop
      vertex -12.0208 12.0208 8.22222
      vertex -11.2089 12.7813 7.22222
      vertex -12.0208 12.0208 7.22222
    endloop
  endfacet
  facet normal -0.631372 0.674055 -0.383431
    outer loop
      vertex -9.89949 9.89949 0
      vertex -11.2089 12.7813 7.22222
      vertex -9.23084 10.5258 0
    endloop
  endfacet
  facet normal -0.631377 0.67405 -0.38343
    outer loop
      vertex -11.2089 12.7813 7.22222
      vertex -9.89949 9.89949 0
      vertex -12.0208 12.0208 7.22222
    endloop
  endfacet
  facet normal -0.585853 0.713973 -0.38343
    outer loop
      vertex -9.23084 10.5258 0
      vertex -11.2089 12.7813 7.22222
      vertex -8.52266 11.1069 0
    endloop
  endfacet
  facet normal -0.538005 0.750687 -0.383433
    outer loop
      vertex -8.52266 11.1069 0
      vertex -10.3489 13.487 7.22222
      vertex -7.77798 11.6406 0
    endloop
  endfacet
  facet normal -0.317319 0.843121 0.434114
    outer loop
      vertex -4.50015 13.257 14.4444
      vertex -5.46447 16.0978 8.22222
      vertex -5.35757 12.9343 14.4444
    endloop
  endfacet
  facet normal -0.261486 0.862078 0.434104
    outer loop
      vertex -4.39992 16.4207 8.22222
      vertex -5.46447 16.0978 8.22222
      vertex -3.62347 13.523 14.4444
    endloop
  endfacet
  facet normal -0.146715 0.888834 0.434106
    outer loop
      vertex -1.82737 13.8802 14.4444
      vertex -3.31653 16.6733 8.22222
      vertex -2.73126 13.731 14.4444
    endloop
  endfacet
  facet normal -0.204532 0.877336 0.434107
    outer loop
      vertex -3.31653 16.6733 8.22222
      vertex -3.62347 13.523 14.4444
      vertex -2.73126 13.731 14.4444
    endloop
  endfacet
  facet normal -0.209713 0.899448 -0.383423
    outer loop
      vertex -3.62347 13.523 0
      vertex -4.39992 16.4207 7.22222
      vertex -3.31653 16.6733 7.22222
    endloop
  endfacet
  facet normal -0.268078 0.88381 -0.383423
    outer loop
      vertex -3.62347 13.523 0
      vertex -5.46447 16.0978 7.22222
      vertex -4.39992 16.4207 7.22222
    endloop
  endfacet
  facet normal -0.487723 0.784288 -0.383431
    outer loop
      vertex -7.77798 11.6406 0
      vertex -9.44469 14.135 7.22222
      vertex -7 12.1244 0
    endloop
  endfacet
  facet normal -0.537988 0.7507 -0.38343
    outer loop
      vertex -7.77798 11.6406 0
      vertex -10.3489 13.487 7.22222
      vertex -9.44469 14.135 7.22222
    endloop
  endfacet
  facet normal -0.42466 0.794488 0.434111
    outer loop
      vertex -7.51891 15.2468 8.22222
      vertex -8.5 14.7224 8.22222
      vertex -6.19204 12.5562 14.4444
    endloop
  endfacet
  facet normal -0.371847 0.820534 0.434112
    outer loop
      vertex -6.50562 15.706 8.22222
      vertex -7.51891 15.2468 8.22222
      vertex -6.19204 12.5562 14.4444
    endloop
  endfacet
  facet normal -0.352202 0.935924 0
    outer loop
      vertex -5.46447 16.0978 7.22222
      vertex -6.50562 15.706 8.22222
      vertex -5.46447 16.0978 8.22222
    endloop
  endfacet
  facet normal -0.352202 0.935924 0
    outer loop
      vertex -6.50562 15.706 8.22222
      vertex -5.46447 16.0978 7.22222
      vertex -6.50562 15.706 7.22222
    endloop
  endfacet
  facet normal -0.381168 0.841241 -0.383437
    outer loop
      vertex -6.19204 12.5562 0
      vertex -6.50562 15.706 7.22222
      vertex -5.35757 12.9343 0
    endloop
  endfacet
  facet normal 0.615847 -0.657479 0.434113
    outer loop
      vertex 11.2089 -12.7813 8.22222
      vertex 9.89949 -9.89949 14.4444
      vertex 9.23084 -10.5258 14.4444
    endloop
  endfacet
  facet normal 0.615852 -0.657475 0.434112
    outer loop
      vertex 9.89949 -9.89949 14.4444
      vertex 11.2089 -12.7813 8.22222
      vertex 12.0208 -12.0208 8.22222
    endloop
  endfacet
  facet normal 0.729831 -0.683627 0
    outer loop
      vertex 12.0208 -12.0208 8.22222
      vertex 12.7813 -11.2089 7.22222
      vertex 12.7813 -11.2089 8.22222
    endloop
  endfacet
  facet normal 0.729831 -0.683627 0
    outer loop
      vertex 12.7813 -11.2089 7.22222
      vertex 12.0208 -12.0208 8.22222
      vertex 12.0208 -12.0208 7.22222
    endloop
  endfacet
  facet normal 0.883783 -0.268155 -0.383433
    outer loop
      vertex 16.0978 -5.46447 7.22222
      vertex 13.257 -4.50015 0
      vertex 13.523 -3.62347 0
    endloop
  endfacet
  facet normal 0.696406 -0.571458 0.434114
    outer loop
      vertex 13.487 -10.3489 8.22222
      vertex 11.1069 -8.52266 14.4444
      vertex 12.7813 -11.2089 8.22222
    endloop
  endfacet
  facet normal 0.888834 -0.146715 0.434106
    outer loop
      vertex 13.8802 -1.82737 14.4444
      vertex 13.731 -2.73126 14.4444
      vertex 16.6733 -3.31653 8.22222
    endloop
  endfacet
  facet normal 0.999465 0.0327207 0
    outer loop
      vertex 17 0 8.22222
      vertex 16.9636 1.11185 7.22222
      vertex 16.9636 1.11185 8.22222
    endloop
  endfacet
  facet normal 0.999465 0.0327207 0
    outer loop
      vertex 16.9636 1.11185 7.22222
      vertex 17 0 8.22222
      vertex 17 0 7.22222
    endloop
  endfacet
  facet normal 0.209713 0.899448 -0.383423
    outer loop
      vertex 3.62347 13.523 0
      vertex 3.31653 16.6733 7.22222
      vertex 4.39992 16.4207 7.22222
    endloop
  endfacet
  facet normal 0.487681 0.784317 -0.383425
    outer loop
      vertex 9.44469 14.135 7.22222
      vertex 7 12.1244 0
      vertex 8.5 14.7224 7.22222
    endloop
  endfacet
  facet normal 0.325282 0.864389 -0.383437
    outer loop
      vertex 6.50562 15.706 7.22222
      vertex 5.35757 12.9343 0
      vertex 5.46447 16.0978 7.22222
    endloop
  endfacet
  facet normal 0.150515 0.911219 -0.383437
    outer loop
      vertex 3.31653 16.6733 7.22222
      vertex 1.82737 13.8802 0
      vertex 2.21894 16.8546 7.22222
    endloop
  endfacet
  facet normal 0.582509 0.812824 -0
    outer loop
      vertex 10.3489 13.487 7.22222
      vertex 9.44469 14.135 8.22222
      vertex 10.3489 13.487 8.22222
    endloop
  endfacet
  facet normal 0.582509 0.812824 0
    outer loop
      vertex 9.44469 14.135 8.22222
      vertex 10.3489 13.487 7.22222
      vertex 9.44469 14.135 7.22222
    endloop
  endfacet
  facet normal 0.471394 0.881923 -0
    outer loop
      vertex 8.5 14.7224 7.22222
      vertex 7.51891 15.2468 8.22222
      vertex 8.5 14.7224 8.22222
    endloop
  endfacet
  facet normal 0.471394 0.881923 0
    outer loop
      vertex 7.51891 15.2468 8.22222
      vertex 8.5 14.7224 7.22222
      vertex 7.51891 15.2468 7.22222
    endloop
  endfacet
  facet normal 0.696406 0.571458 0.434114
    outer loop
      vertex 12.7813 11.2089 8.22222
      vertex 11.1069 8.52266 14.4444
      vertex 13.487 10.3489 8.22222
    endloop
  endfacet
  facet normal 0.812824 0.582509 0
    outer loop
      vertex 14.135 9.44469 8.22222
      vertex 13.487 10.3489 7.22222
      vertex 13.487 10.3489 8.22222
    endloop
  endfacet
  facet normal 0.812824 0.582509 0
    outer loop
      vertex 13.487 10.3489 7.22222
      vertex 14.135 9.44469 8.22222
      vertex 14.135 9.44469 7.22222
    endloop
  endfacet
  facet normal 0.814545 0.435319 -0.383423
    outer loop
      vertex 12.5562 6.19204 0
      vertex 12.1244 7 0
      vertex 14.7224 8.5 7.22222
    endloop
  endfacet
  facet normal 0.765031 0.475689 0.434106
    outer loop
      vertex 14.135 9.44469 8.22222
      vertex 12.1244 7 14.4444
      vertex 14.7224 8.5 8.22222
    endloop
  endfacet
  facet normal 0.696416 0.571447 0.434112
    outer loop
      vertex 12.7813 11.2089 8.22222
      vertex 10.5258 9.23084 14.4444
      vertex 11.1069 8.52266 14.4444
    endloop
  endfacet
  facet normal 0.900376 -0.0294767 0.434113
    outer loop
      vertex 17 0 8.22222
      vertex 14 0 14.4444
      vertex 16.9636 -1.11185 8.22222
    endloop
  endfacet
  facet normal 0.896519 -0.0883022 0.434116
    outer loop
      vertex 13.97 -0.915644 14.4444
      vertex 13.8802 -1.82737 14.4444
      vertex 16.9636 -1.11185 8.22222
    endloop
  endfacet
  facet normal 0.919123 0.0904934 -0.383438
    outer loop
      vertex 16.9636 1.11185 7.22222
      vertex 13.8802 1.82737 0
      vertex 16.8546 2.21894 7.22222
    endloop
  endfacet
  facet normal 0.841241 0.381168 -0.383437
    outer loop
      vertex 12.9343 5.35757 0
      vertex 12.5562 6.19204 0
      vertex 15.706 6.50562 7.22222
    endloop
  endfacet
  facet normal -0.0327207 0.999465 0
    outer loop
      vertex 0 17 7.22222
      vertex -1.11185 16.9636 8.22222
      vertex 0 17 8.22222
    endloop
  endfacet
  facet normal -0.0327207 0.999465 0
    outer loop
      vertex -1.11185 16.9636 8.22222
      vertex 0 17 7.22222
      vertex -1.11185 16.9636 7.22222
    endloop
  endfacet
  facet normal 0.0883022 0.896519 0.434116
    outer loop
      vertex 1.11185 16.9636 8.22222
      vertex 0.915644 13.97 14.4444
      vertex 1.82737 13.8802 14.4444
    endloop
  endfacet
  facet normal 0.0294997 0.900374 0.434116
    outer loop
      vertex 1.11185 16.9636 8.22222
      vertex 0 14 14.4444
      vertex 0.915644 13.97 14.4444
    endloop
  endfacet
  facet normal 0.0302434 0.923073 -0.383434
    outer loop
      vertex 0.915644 13.97 0
      vertex 0 14 0
      vertex 1.11185 16.9636 7.22222
    endloop
  endfacet
  facet normal 0.0302198 0.923075 -0.383431
    outer loop
      vertex 1.11185 16.9636 7.22222
      vertex 0 14 0
      vertex 0 17 7.22222
    endloop
  endfacet
  facet normal -0.881923 -0.471394 0
    outer loop
      vertex -14.7224 -8.5 7.22222
      vertex -15.2468 -7.51891 8.22222
      vertex -15.2468 -7.51891 7.22222
    endloop
  endfacet
  facet normal -0.881923 -0.471394 0
    outer loop
      vertex -15.2468 -7.51891 8.22222
      vertex -14.7224 -8.5 7.22222
      vertex -14.7224 -8.5 8.22222
    endloop
  endfacet
  facet normal -0.750687 -0.538005 -0.383433
    outer loop
      vertex -11.1069 -8.52266 0
      vertex -13.487 -10.3489 7.22222
      vertex -11.6406 -7.77798 0
    endloop
  endfacet
  facet normal -0.784288 -0.487723 -0.383431
    outer loop
      vertex -11.6406 -7.77798 0
      vertex -14.135 -9.44469 7.22222
      vertex -12.1244 -7 0
    endloop
  endfacet
  facet normal -0.729831 -0.683627 0
    outer loop
      vertex -12.0208 -12.0208 7.22222
      vertex -12.7813 -11.2089 8.22222
      vertex -12.7813 -11.2089 7.22222
    endloop
  endfacet
  facet normal -0.729831 -0.683627 0
    outer loop
      vertex -12.7813 -11.2089 8.22222
      vertex -12.0208 -12.0208 7.22222
      vertex -12.0208 -12.0208 8.22222
    endloop
  endfacet
  facet normal -0.814517 -0.435366 -0.38343
    outer loop
      vertex -14.7224 -8.5 7.22222
      vertex -15.2468 -7.51891 7.22222
      vertex -12.5562 -6.19204 0
    endloop
  endfacet
  facet normal -0.814545 -0.435319 -0.383423
    outer loop
      vertex -12.1244 -7 0
      vertex -14.7224 -8.5 7.22222
      vertex -12.5562 -6.19204 0
    endloop
  endfacet
  facet normal -0.7507 -0.537988 -0.38343
    outer loop
      vertex -13.487 -10.3489 7.22222
      vertex -14.135 -9.44469 7.22222
      vertex -11.6406 -7.77798 0
    endloop
  endfacet
  facet normal -0.765031 -0.475689 0.434106
    outer loop
      vertex -12.1244 -7 14.4444
      vertex -14.7224 -8.5 8.22222
      vertex -14.135 -9.44469 8.22222
    endloop
  endfacet
  facet normal -0.765002 -0.475729 0.434112
    outer loop
      vertex -12.1244 -7 14.4444
      vertex -14.135 -9.44469 8.22222
      vertex -11.6406 -7.77798 14.4444
    endloop
  endfacet
  facet normal -0.538005 -0.750687 -0.383433
    outer loop
      vertex -7.77798 -11.6406 0
      vertex -10.3489 -13.487 7.22222
      vertex -8.52266 -11.1069 0
    endloop
  endfacet
  facet normal -0.475689 -0.765031 0.434106
    outer loop
      vertex -7 -12.1244 14.4444
      vertex -9.44469 -14.135 8.22222
      vertex -8.5 -14.7224 8.22222
    endloop
  endfacet
  facet normal -0.424615 -0.794516 0.434104
    outer loop
      vertex -7 -12.1244 14.4444
      vertex -8.5 -14.7224 8.22222
      vertex -6.19204 -12.5562 14.4444
    endloop
  endfacet
  facet normal -0.325318 -0.864377 -0.383432
    outer loop
      vertex -4.50015 -13.257 0
      vertex -5.46447 -16.0978 7.22222
      vertex -5.35757 -12.9343 0
    endloop
  endfacet
  facet normal -0.615852 -0.657475 0.434112
    outer loop
      vertex -11.2089 -12.7813 8.22222
      vertex -9.89949 -9.89949 14.4444
      vertex -12.0208 -12.0208 8.22222
    endloop
  endfacet
  facet normal -0.615847 -0.657479 0.434113
    outer loop
      vertex -9.89949 -9.89949 14.4444
      vertex -11.2089 -12.7813 8.22222
      vertex -9.23084 -10.5258 14.4444
    endloop
  endfacet
  facet normal -0.41277 -0.910835 0
    outer loop
      vertex -7.51891 -15.2468 7.22222
      vertex -6.50562 -15.706 8.22222
      vertex -7.51891 -15.2468 8.22222
    endloop
  endfacet
  facet normal -0.41277 -0.910835 -0
    outer loop
      vertex -6.50562 -15.706 8.22222
      vertex -7.51891 -15.2468 7.22222
      vertex -6.50562 -15.706 7.22222
    endloop
  endfacet
  facet normal -0.0882681 -0.89652 0.43412
    outer loop
      vertex -1.82737 -13.8802 14.4444
      vertex -2.21894 -16.8546 8.22222
      vertex -1.11185 -16.9636 8.22222
    endloop
  endfacet
  facet normal -0.290262 -0.956947 0
    outer loop
      vertex -5.46447 -16.0978 7.22222
      vertex -4.39992 -16.4207 8.22222
      vertex -5.46447 -16.0978 8.22222
    endloop
  endfacet
  facet normal -0.290262 -0.956947 -0
    outer loop
      vertex -4.39992 -16.4207 8.22222
      vertex -5.46447 -16.0978 7.22222
      vertex -4.39992 -16.4207 7.22222
    endloop
  endfacet
  facet normal -0.146814 -0.888812 0.434119
    outer loop
      vertex -1.82737 -13.8802 14.4444
      vertex -3.31653 -16.6733 8.22222
      vertex -2.21894 -16.8546 8.22222
    endloop
  endfacet
  facet normal -0.146715 -0.888834 0.434106
    outer loop
      vertex -2.73126 -13.731 14.4444
      vertex -3.31653 -16.6733 8.22222
      vertex -1.82737 -13.8802 14.4444
    endloop
  endfacet
  facet normal 0.0327207 -0.999465 0
    outer loop
      vertex 0 -17 7.22222
      vertex 1.11185 -16.9636 8.22222
      vertex 0 -17 8.22222
    endloop
  endfacet
  facet normal 0.0327207 -0.999465 0
    outer loop
      vertex 1.11185 -16.9636 8.22222
      vertex 0 -17 7.22222
      vertex 1.11185 -16.9636 7.22222
    endloop
  endfacet
  facet normal -0.0302198 -0.923075 -0.383431
    outer loop
      vertex 0 -17 7.22222
      vertex -1.11185 -16.9636 7.22222
      vertex 0 -14 0
    endloop
  endfacet
  facet normal -0.0294767 -0.900376 0.434113
    outer loop
      vertex 0 -14 14.4444
      vertex -1.11185 -16.9636 8.22222
      vertex 0 -17 8.22222
    endloop
  endfacet
  facet normal 0.0904934 -0.919123 -0.383438
    outer loop
      vertex 2.21894 -16.8546 7.22222
      vertex 1.11185 -16.9636 7.22222
      vertex 1.82737 -13.8802 0
    endloop
  endfacet
  facet normal -0.0327207 -0.999465 0
    outer loop
      vertex -1.11185 -16.9636 7.22222
      vertex 0 -17 8.22222
      vertex -1.11185 -16.9636 8.22222
    endloop
  endfacet
  facet normal -0.0327207 -0.999465 -0
    outer loop
      vertex 0 -17 8.22222
      vertex -1.11185 -16.9636 7.22222
      vertex 0 -17 7.22222
    endloop
  endfacet
  facet normal -0.209713 -0.899448 -0.383423
    outer loop
      vertex -3.31653 -16.6733 7.22222
      vertex -4.39992 -16.4207 7.22222
      vertex -3.62347 -13.523 0
    endloop
  endfacet
  facet normal -0.268155 -0.883783 -0.383433
    outer loop
      vertex -3.62347 -13.523 0
      vertex -5.46447 -16.0978 7.22222
      vertex -4.50015 -13.257 0
    endloop
  endfacet
  facet normal -0.268078 -0.88381 -0.383423
    outer loop
      vertex -4.39992 -16.4207 7.22222
      vertex -5.46447 -16.0978 7.22222
      vertex -3.62347 -13.523 0
    endloop
  endfacet
  facet normal 0.631372 -0.674055 -0.383431
    outer loop
      vertex 9.89949 -9.89949 0
      vertex 11.2089 -12.7813 7.22222
      vertex 9.23084 -10.5258 0
    endloop
  endfacet
  facet normal 0.631377 -0.67405 -0.38343
    outer loop
      vertex 11.2089 -12.7813 7.22222
      vertex 9.89949 -9.89949 0
      vertex 12.0208 -12.0208 7.22222
    endloop
  endfacet
  facet normal 0.683627 -0.729831 0
    outer loop
      vertex 11.2089 -12.7813 7.22222
      vertex 12.0208 -12.0208 8.22222
      vertex 11.2089 -12.7813 8.22222
    endloop
  endfacet
  facet normal 0.683627 -0.729831 0
    outer loop
      vertex 12.0208 -12.0208 8.22222
      vertex 11.2089 -12.7813 7.22222
      vertex 12.0208 -12.0208 7.22222
    endloop
  endfacet
  facet normal 0.538005 -0.750687 -0.383433
    outer loop
      vertex 10.3489 -13.487 7.22222
      vertex 7.77798 -11.6406 0
      vertex 8.52266 -11.1069 0
    endloop
  endfacet
  facet normal 0.487723 -0.784288 -0.383431
    outer loop
      vertex 9.44469 -14.135 7.22222
      vertex 7 -12.1244 0
      vertex 7.77798 -11.6406 0
    endloop
  endfacet
  facet normal 0.784288 -0.487723 -0.383431
    outer loop
      vertex 14.135 -9.44469 7.22222
      vertex 11.6406 -7.77798 0
      vertex 12.1244 -7 0
    endloop
  endfacet
  facet normal 0.634348 -0.773047 0
    outer loop
      vertex 10.3489 -13.487 7.22222
      vertex 11.2089 -12.7813 8.22222
      vertex 10.3489 -13.487 8.22222
    endloop
  endfacet
  facet normal 0.634348 -0.773047 0
    outer loop
      vertex 11.2089 -12.7813 8.22222
      vertex 10.3489 -13.487 7.22222
      vertex 11.2089 -12.7813 7.22222
    endloop
  endfacet
  facet normal 0.582509 -0.812824 0
    outer loop
      vertex 9.44469 -14.135 7.22222
      vertex 10.3489 -13.487 8.22222
      vertex 9.44469 -14.135 8.22222
    endloop
  endfacet
  facet normal 0.582509 -0.812824 0
    outer loop
      vertex 10.3489 -13.487 8.22222
      vertex 9.44469 -14.135 7.22222
      vertex 10.3489 -13.487 7.22222
    endloop
  endfacet
  facet normal 0.41277 -0.910835 0
    outer loop
      vertex 6.50562 -15.706 7.22222
      vertex 7.51891 -15.2468 8.22222
      vertex 6.50562 -15.706 8.22222
    endloop
  endfacet
  facet normal 0.41277 -0.910835 0
    outer loop
      vertex 7.51891 -15.2468 8.22222
      vertex 6.50562 -15.706 7.22222
      vertex 7.51891 -15.2468 7.22222
    endloop
  endfacet
  facet normal 0.42466 -0.794488 0.434111
    outer loop
      vertex 8.5 -14.7224 8.22222
      vertex 6.19204 -12.5562 14.4444
      vertex 7.51891 -15.2468 8.22222
    endloop
  endfacet
  facet normal 0.317283 -0.843132 0.434119
    outer loop
      vertex 6.50562 -15.706 8.22222
      vertex 5.35757 -12.9343 14.4444
      vertex 5.46447 -16.0978 8.22222
    endloop
  endfacet
  facet normal 0.325318 -0.864377 -0.383432
    outer loop
      vertex 5.46447 -16.0978 7.22222
      vertex 4.50015 -13.257 0
      vertex 5.35757 -12.9343 0
    endloop
  endfacet
  facet normal 0.381222 -0.84122 -0.38343
    outer loop
      vertex 6.50562 -15.706 7.22222
      vertex 6.19204 -12.5562 0
      vertex 7.51891 -15.2468 7.22222
    endloop
  endfacet
  facet normal 0.381168 -0.841241 -0.383437
    outer loop
      vertex 6.50562 -15.706 7.22222
      vertex 5.35757 -12.9343 0
      vertex 6.19204 -12.5562 0
    endloop
  endfacet
  facet normal -0.814517 0.435366 -0.38343
    outer loop
      vertex -12.5562 6.19204 0
      vertex -15.2468 7.51891 7.22222
      vertex -14.7224 8.5 7.22222
    endloop
  endfacet
  facet normal -0.881923 0.471394 0
    outer loop
      vertex -15.2468 7.51891 7.22222
      vertex -14.7224 8.5 8.22222
      vertex -14.7224 8.5 7.22222
    endloop
  endfacet
  facet normal -0.881923 0.471394 0
    outer loop
      vertex -14.7224 8.5 8.22222
      vertex -15.2468 7.51891 7.22222
      vertex -15.2468 7.51891 8.22222
    endloop
  endfacet
  facet normal -0.864389 0.325282 -0.383437
    outer loop
      vertex -12.9343 5.35757 0
      vertex -16.0978 5.46447 7.22222
      vertex -15.706 6.50562 7.22222
    endloop
  endfacet
  facet normal -0.973879 0.227067 0
    outer loop
      vertex -16.6733 3.31653 7.22222
      vertex -16.4207 4.39992 8.22222
      vertex -16.4207 4.39992 7.22222
    endloop
  endfacet
  facet normal -0.973879 0.227067 0
    outer loop
      vertex -16.4207 4.39992 8.22222
      vertex -16.6733 3.31653 7.22222
      vertex -16.6733 3.31653 8.22222
    endloop
  endfacet
  facet normal -0.820534 0.371847 0.434112
    outer loop
      vertex -15.2468 7.51891 8.22222
      vertex -15.706 6.50562 8.22222
      vertex -12.5562 6.19204 14.4444
    endloop
  endfacet
  facet normal -0.820554 0.371795 0.434119
    outer loop
      vertex -12.5562 6.19204 14.4444
      vertex -15.706 6.50562 8.22222
      vertex -12.9343 5.35757 14.4444
    endloop
  endfacet
  facet normal -0.935924 0.352202 0
    outer loop
      vertex -16.0978 5.46447 7.22222
      vertex -15.706 6.50562 8.22222
      vertex -15.706 6.50562 7.22222
    endloop
  endfacet
  facet normal -0.935924 0.352202 0
    outer loop
      vertex -15.706 6.50562 8.22222
      vertex -16.0978 5.46447 7.22222
      vertex -16.0978 5.46447 8.22222
    endloop
  endfacet
  facet normal -0.910835 0.41277 0
    outer loop
      vertex -15.706 6.50562 7.22222
      vertex -15.2468 7.51891 8.22222
      vertex -15.2468 7.51891 7.22222
    endloop
  endfacet
  facet normal -0.910835 0.41277 0
    outer loop
      vertex -15.2468 7.51891 8.22222
      vertex -15.706 6.50562 7.22222
      vertex -15.706 6.50562 8.22222
    endloop
  endfacet
  facet normal -0.843121 0.317319 0.434114
    outer loop
      vertex -12.9343 5.35757 14.4444
      vertex -16.0978 5.46447 8.22222
      vertex -13.257 4.50015 14.4444
    endloop
  endfacet
  facet normal -0.883783 -0.268155 -0.383433
    outer loop
      vertex -13.257 -4.50015 0
      vertex -16.0978 -5.46447 7.22222
      vertex -13.523 -3.62347 0
    endloop
  endfacet
  facet normal -0.820554 -0.371795 0.434119
    outer loop
      vertex -12.9343 -5.35757 14.4444
      vertex -15.706 -6.50562 8.22222
      vertex -12.5562 -6.19204 14.4444
    endloop
  endfacet
  facet normal -0.862078 -0.261486 0.434104
    outer loop
      vertex -13.523 -3.62347 14.4444
      vertex -16.4207 -4.39992 8.22222
      vertex -16.0978 -5.46447 8.22222
    endloop
  endfacet
  facet normal -0.713963 0.585864 -0.383432
    outer loop
      vertex -11.1069 8.52266 0
      vertex -13.487 10.3489 7.22222
      vertex -12.7813 11.2089 7.22222
    endloop
  endfacet
  facet normal -0.750687 0.538005 -0.383433
    outer loop
      vertex -11.6406 7.77798 0
      vertex -13.487 10.3489 7.22222
      vertex -11.1069 8.52266 0
    endloop
  endfacet
  facet normal -0.696416 0.571447 0.434112
    outer loop
      vertex -10.5258 9.23084 14.4444
      vertex -12.7813 11.2089 8.22222
      vertex -11.1069 8.52266 14.4444
    endloop
  endfacet
  facet normal -0.657475 0.615852 0.434112
    outer loop
      vertex -12.7813 11.2089 8.22222
      vertex -9.89949 9.89949 14.4444
      vertex -12.0208 12.0208 8.22222
    endloop
  endfacet
  facet normal -0.657479 0.615847 0.434113
    outer loop
      vertex -9.89949 9.89949 14.4444
      vertex -12.7813 11.2089 8.22222
      vertex -10.5258 9.23084 14.4444
    endloop
  endfacet
  facet normal -0.696406 0.571458 0.434114
    outer loop
      vertex -12.7813 11.2089 8.22222
      vertex -13.487 10.3489 8.22222
      vertex -11.1069 8.52266 14.4444
    endloop
  endfacet
  facet normal -0.732227 0.524775 0.434114
    outer loop
      vertex -11.1069 8.52266 14.4444
      vertex -13.487 10.3489 8.22222
      vertex -11.6406 7.77798 14.4444
    endloop
  endfacet
  facet normal -0.524758 0.73224 0.434112
    outer loop
      vertex -9.44469 14.135 8.22222
      vertex -10.3489 13.487 8.22222
      vertex -7.77798 11.6406 14.4444
    endloop
  endfacet
  facet normal -0.582509 0.812824 0
    outer loop
      vertex -9.44469 14.135 7.22222
      vertex -10.3489 13.487 8.22222
      vertex -9.44469 14.135 8.22222
    endloop
  endfacet
  facet normal -0.582509 0.812824 0
    outer loop
      vertex -10.3489 13.487 8.22222
      vertex -9.44469 14.135 7.22222
      vertex -10.3489 13.487 7.22222
    endloop
  endfacet
  facet normal -0.89652 0.0882681 0.43412
    outer loop
      vertex -16.8546 2.21894 8.22222
      vertex -16.9636 1.11185 8.22222
      vertex -13.8802 1.82737 14.4444
    endloop
  endfacet
  facet normal -0.877336 0.204532 0.434107
    outer loop
      vertex -13.523 3.62347 14.4444
      vertex -16.6733 3.31653 8.22222
      vertex -13.731 2.73126 14.4444
    endloop
  endfacet
  facet normal -0.888834 0.146715 0.434106
    outer loop
      vertex -13.731 2.73126 14.4444
      vertex -16.6733 3.31653 8.22222
      vertex -13.8802 1.82737 14.4444
    endloop
  endfacet
  facet normal 0 0 -1
    outer loop
      vertex 8.25 0 0
      vertex 14 0 0
      vertex 13.97 -0.915644 0
    endloop
  endfacet
  facet normal 0 0 -1
    outer loop
      vertex 8.23234 -0.539576 0
      vertex 13.97 -0.915644 0
      vertex 13.8802 -1.82737 0
    endloop
  endfacet
  facet normal 0 0 -1
    outer loop
      vertex 14 0 0
      vertex 8.25 0 0
      vertex 13.97 0.915644 0
    endloop
  endfacet
  facet normal 0 0 -1
    outer loop
      vertex 8.17942 -1.07684 0
      vertex 13.8802 -1.82737 0
      vertex 13.731 -2.73126 0
    endloop
  endfacet
  facet normal 0 0 -1
    outer loop
      vertex 8.23234 0.539576 0
      vertex 13.97 0.915644 0
      vertex 8.25 0 0
    endloop
  endfacet
  facet normal 0 0 -1
    outer loop
      vertex 8.09148 -1.60949 0
      vertex 13.731 -2.73126 0
      vertex 13.523 -3.62347 0
    endloop
  endfacet
  facet normal -0 0 -1
    outer loop
      vertex 13.97 0.915644 0
      vertex 8.23234 0.539576 0
      vertex 13.8802 1.82737 0
    endloop
  endfacet
  facet normal 0 0 -1
    outer loop
      vertex 7.96889 -2.13526 0
      vertex 13.523 -3.62347 0
      vertex 13.257 -4.50015 0
    endloop
  endfacet
  facet normal 0 0 -1
    outer loop
      vertex 8.17942 1.07684 0
      vertex 13.8802 1.82737 0
      vertex 8.23234 0.539576 0
    endloop
  endfacet
  facet normal 0 0 -1
    outer loop
      vertex 7.81217 -2.65188 0
      vertex 13.257 -4.50015 0
      vertex 12.9343 -5.35757 0
    endloop
  endfacet
  facet normal -0 0 -1
    outer loop
      vertex 13.8802 1.82737 0
      vertex 8.17942 1.07684 0
      vertex 13.731 2.73126 0
    endloop
  endfacet
  facet normal 0 0 -1
    outer loop
      vertex 7.62201 -3.15714 0
      vertex 12.9343 -5.35757 0
      vertex 12.5562 -6.19204 0
    endloop
  endfacet
  facet normal 0 0 -1
    outer loop
      vertex 8.09148 1.60949 0
      vertex 13.731 2.73126 0
      vertex 8.17942 1.07684 0
    endloop
  endfacet
  facet normal 0 0 -1
    outer loop
      vertex 7.3992 -3.64888 0
      vertex 12.5562 -6.19204 0
      vertex 12.1244 -7 0
    endloop
  endfacet
  facet normal -0 0 -1
    outer loop
      vertex 13.731 2.73126 0
      vertex 8.09148 1.60949 0
      vertex 13.523 3.62347 0
    endloop
  endfacet
  facet normal 0 0 -1
    outer loop
      vertex 7.14471 -4.125 0
      vertex 12.1244 -7 0
      vertex 11.6406 -7.77798 0
    endloop
  endfacet
  facet normal 0 0 -1
    outer loop
      vertex 7.96889 2.13526 0
      vertex 13.523 3.62347 0
      vertex 8.09148 1.60949 0
    endloop
  endfacet
  facet normal 0 0 -1
    outer loop
      vertex 6.85962 -4.58345 0
      vertex 11.6406 -7.77798 0
      vertex 11.1069 -8.52266 0
    endloop
  endfacet
  facet normal -0 0 -1
    outer loop
      vertex 13.523 3.62347 0
      vertex 7.96889 2.13526 0
      vertex 13.257 4.50015 0
    endloop
  endfacet
  facet normal 0 0 -1
    outer loop
      vertex 6.54516 -5.02228 0
      vertex 11.1069 -8.52266 0
      vertex 10.5258 -9.23084 0
    endloop
  endfacet
  facet normal 0 0 -1
    outer loop
      vertex 7.81217 2.65188 0
      vertex 13.257 4.50015 0
      vertex 7.96889 2.13526 0
    endloop
  endfacet
  facet normal 0 0 -1
    outer loop
      vertex 6.20268 -5.4396 0
      vertex 10.5258 -9.23084 0
      vertex 9.89949 -9.89949 0
    endloop
  endfacet
  facet normal -0 0 -1
    outer loop
      vertex 13.257 4.50015 0
      vertex 7.81217 2.65188 0
      vertex 12.9343 5.35757 0
    endloop
  endfacet
  facet normal 0 0 -1
    outer loop
      vertex 5.83363 -5.83363 0
      vertex 9.89949 -9.89949 0
      vertex 9.23084 -10.5258 0
    endloop
  endfacet
  facet normal 0 0 -1
    outer loop
      vertex 7.62201 3.15714 0
      vertex 12.9343 5.35757 0
      vertex 7.81217 2.65188 0
    endloop
  endfacet
  facet normal 0 0 -1
    outer loop
      vertex 5.4396 -6.20268 0
      vertex 9.23084 -10.5258 0
      vertex 8.52266 -11.1069 0
    endloop
  endfacet
  facet normal -0 0 -1
    outer loop
      vertex 12.9343 5.35757 0
      vertex 7.62201 3.15714 0
      vertex 12.5562 6.19204 0
    endloop
  endfacet
  facet normal 0 0 -1
    outer loop
      vertex 7.3992 3.64888 0
      vertex 12.5562 6.19204 0
      vertex 7.62201 3.15714 0
    endloop
  endfacet
  facet normal 0 0 -1
    outer loop
      vertex 13.97 -0.915644 0
      vertex 8.23234 -0.539576 0
      vertex 8.25 0 0
    endloop
  endfacet
  facet normal 0 0 -1
    outer loop
      vertex 13.8802 -1.82737 0
      vertex 8.17942 -1.07684 0
      vertex 8.23234 -0.539576 0
    endloop
  endfacet
  facet normal 0 0 -1
    outer loop
      vertex 13.731 -2.73126 0
      vertex 8.09148 -1.60949 0
      vertex 8.17942 -1.07684 0
    endloop
  endfacet
  facet normal 0 0 -1
    outer loop
      vertex 13.523 -3.62347 0
      vertex 7.96889 -2.13526 0
      vertex 8.09148 -1.60949 0
    endloop
  endfacet
  facet normal 0 0 -1
    outer loop
      vertex 13.257 -4.50015 0
      vertex 7.81217 -2.65188 0
      vertex 7.96889 -2.13526 0
    endloop
  endfacet
  facet normal 0 0 -1
    outer loop
      vertex 5.02228 -6.54516 0
      vertex 8.52266 -11.1069 0
      vertex 7.77798 -11.6406 0
    endloop
  endfacet
  facet normal 0 0 -1
    outer loop
      vertex 12.9343 -5.35757 0
      vertex 7.62201 -3.15714 0
      vertex 7.81217 -2.65188 0
    endloop
  endfacet
  facet normal 0 0 -1
    outer loop
      vertex 12.5562 -6.19204 0
      vertex 7.3992 -3.64888 0
      vertex 7.62201 -3.15714 0
    endloop
  endfacet
  facet normal 0 0 -1
    outer loop
      vertex 12.1244 -7 0
      vertex 7.14471 -4.125 0
      vertex 7.3992 -3.64888 0
    endloop
  endfacet
  facet normal 0 0 -1
    outer loop
      vertex 4.58345 -6.85962 0
      vertex 7.77798 -11.6406 0
      vertex 7 -12.1244 0
    endloop
  endfacet
  facet normal 0 0 -1
    outer loop
      vertex 11.6406 -7.77798 0
      vertex 6.85962 -4.58345 0
      vertex 7.14471 -4.125 0
    endloop
  endfacet
  facet normal 0 0 -1
    outer loop
      vertex 11.1069 -8.52266 0
      vertex 6.54516 -5.02228 0
      vertex 6.85962 -4.58345 0
    endloop
  endfacet
  facet normal 0 0 -1
    outer loop
      vertex 10.5258 -9.23084 0
      vertex 6.20268 -5.4396 0
      vertex 6.54516 -5.02228 0
    endloop
  endfacet
  facet normal 0 0 -1
    outer loop
      vertex 4.125 -7.14471 0
      vertex 7 -12.1244 0
      vertex 6.19204 -12.5562 0
    endloop
  endfacet
  facet normal 0 0 -1
    outer loop
      vertex 9.89949 -9.89949 0
      vertex 5.83363 -5.83363 0
      vertex 6.20268 -5.4396 0
    endloop
  endfacet
  facet normal 0 0 -1
    outer loop
      vertex 9.23084 -10.5258 0
      vertex 5.4396 -6.20268 0
      vertex 5.83363 -5.83363 0
    endloop
  endfacet
  facet normal 0 0 -1
    outer loop
      vertex 3.64888 -7.3992 0
      vertex 6.19204 -12.5562 0
      vertex 5.35757 -12.9343 0
    endloop
  endfacet
  facet normal 0 0 -1
    outer loop
      vertex 8.52266 -11.1069 0
      vertex 5.02228 -6.54516 0
      vertex 5.4396 -6.20268 0
    endloop
  endfacet
  facet normal 0 0 -1
    outer loop
      vertex 7.77798 -11.6406 0
      vertex 4.58345 -6.85962 0
      vertex 5.02228 -6.54516 0
    endloop
  endfacet
  facet normal 0 0 -1
    outer loop
      vertex 3.15714 -7.62201 0
      vertex 5.35757 -12.9343 0
      vertex 4.50015 -13.257 0
    endloop
  endfacet
  facet normal 0 0 -1
    outer loop
      vertex 7 -12.1244 0
      vertex 4.125 -7.14471 0
      vertex 4.58345 -6.85962 0
    endloop
  endfacet
  facet normal 0 0 -1
    outer loop
      vertex 6.19204 -12.5562 0
      vertex 3.64888 -7.3992 0
      vertex 4.125 -7.14471 0
    endloop
  endfacet
  facet normal 0 0 -1
    outer loop
      vertex 2.65188 -7.81217 0
      vertex 4.50015 -13.257 0
      vertex 3.62347 -13.523 0
    endloop
  endfacet
  facet normal 0 0 -1
    outer loop
      vertex 5.35757 -12.9343 0
      vertex 3.15714 -7.62201 0
      vertex 3.64888 -7.3992 0
    endloop
  endfacet
  facet normal 0 0 -1
    outer loop
      vertex 2.13526 -7.96889 0
      vertex 3.62347 -13.523 0
      vertex 2.73126 -13.731 0
    endloop
  endfacet
  facet normal 0 0 -1
    outer loop
      vertex 4.50015 -13.257 0
      vertex 2.65188 -7.81217 0
      vertex 3.15714 -7.62201 0
    endloop
  endfacet
  facet normal 0 0 -1
    outer loop
      vertex 3.62347 -13.523 0
      vertex 2.13526 -7.96889 0
      vertex 2.65188 -7.81217 0
    endloop
  endfacet
  facet normal 0 0 -1
    outer loop
      vertex 1.60949 -8.09148 0
      vertex 2.73126 -13.731 0
      vertex 1.82737 -13.8802 0
    endloop
  endfacet
  facet normal 0 0 -1
    outer loop
      vertex 2.73126 -13.731 0
      vertex 1.60949 -8.09148 0
      vertex 2.13526 -7.96889 0
    endloop
  endfacet
  facet normal 0 0 -1
    outer loop
      vertex 1.82737 -13.8802 0
      vertex 1.07684 -8.17942 0
      vertex 1.60949 -8.09148 0
    endloop
  endfacet
  facet normal 0 0 -1
    outer loop
      vertex 0.915644 -13.97 0
      vertex 1.07684 -8.17942 0
      vertex 1.82737 -13.8802 0
    endloop
  endfacet
  facet normal 0 0 -1
    outer loop
      vertex 0.915644 -13.97 0
      vertex 0.539576 -8.23234 0
      vertex 1.07684 -8.17942 0
    endloop
  endfacet
  facet normal 0 0 -1
    outer loop
      vertex 0 -14 0
      vertex 0.539576 -8.23234 0
      vertex 0.915644 -13.97 0
    endloop
  endfacet
  facet normal 0 0 -1
    outer loop
      vertex 0 -14 0
      vertex 0 -8.25 0
      vertex 0.539576 -8.23234 0
    endloop
  endfacet
  facet normal 0 0 -1
    outer loop
      vertex 0 -14 0
      vertex -0.539576 -8.23234 0
      vertex 0 -8.25 0
    endloop
  endfacet
  facet normal 0 0 -1
    outer loop
      vertex -0.915644 -13.97 0
      vertex -0.539576 -8.23234 0
      vertex 0 -14 0
    endloop
  endfacet
  facet normal 0 0 -1
    outer loop
      vertex -0.915644 -13.97 0
      vertex -1.07684 -8.17942 0
      vertex -0.539576 -8.23234 0
    endloop
  endfacet
  facet normal 0 0 -1
    outer loop
      vertex -1.82737 -13.8802 0
      vertex -1.07684 -8.17942 0
      vertex -0.915644 -13.97 0
    endloop
  endfacet
  facet normal -0 0 -1
    outer loop
      vertex -1.07684 -8.17942 0
      vertex -1.82737 -13.8802 0
      vertex -1.60949 -8.09148 0
    endloop
  endfacet
  facet normal 0 0 -1
    outer loop
      vertex -2.73126 -13.731 0
      vertex -1.60949 -8.09148 0
      vertex -1.82737 -13.8802 0
    endloop
  endfacet
  facet normal -0 0 -1
    outer loop
      vertex -1.60949 -8.09148 0
      vertex -2.73126 -13.731 0
      vertex -2.13526 -7.96889 0
    endloop
  endfacet
  facet normal 0 0 -1
    outer loop
      vertex -3.62347 -13.523 0
      vertex -2.13526 -7.96889 0
      vertex -2.73126 -13.731 0
    endloop
  endfacet
  facet normal -0 0 -1
    outer loop
      vertex -2.13526 -7.96889 0
      vertex -3.62347 -13.523 0
      vertex -2.65188 -7.81217 0
    endloop
  endfacet
  facet normal 0 0 -1
    outer loop
      vertex -4.50015 -13.257 0
      vertex -2.65188 -7.81217 0
      vertex -3.62347 -13.523 0
    endloop
  endfacet
  facet normal -0 0 -1
    outer loop
      vertex -2.65188 -7.81217 0
      vertex -4.50015 -13.257 0
      vertex -3.15714 -7.62201 0
    endloop
  endfacet
  facet normal 0 0 -1
    outer loop
      vertex -5.35757 -12.9343 0
      vertex -3.15714 -7.62201 0
      vertex -4.50015 -13.257 0
    endloop
  endfacet
  facet normal -0 0 -1
    outer loop
      vertex -3.15714 -7.62201 0
      vertex -5.35757 -12.9343 0
      vertex -3.64888 -7.3992 0
    endloop
  endfacet
  facet normal 0 0 -1
    outer loop
      vertex -6.19204 -12.5562 0
      vertex -3.64888 -7.3992 0
      vertex -5.35757 -12.9343 0
    endloop
  endfacet
  facet normal -0 0 -1
    outer loop
      vertex -3.64888 -7.3992 0
      vertex -6.19204 -12.5562 0
      vertex -4.125 -7.14471 0
    endloop
  endfacet
  facet normal 0 0 -1
    outer loop
      vertex -7 -12.1244 0
      vertex -4.125 -7.14471 0
      vertex -6.19204 -12.5562 0
    endloop
  endfacet
  facet normal -0 0 -1
    outer loop
      vertex -4.125 -7.14471 0
      vertex -7 -12.1244 0
      vertex -4.58345 -6.85962 0
    endloop
  endfacet
  facet normal 0 0 -1
    outer loop
      vertex -7.77798 -11.6406 0
      vertex -4.58345 -6.85962 0
      vertex -7 -12.1244 0
    endloop
  endfacet
  facet normal -0 0 -1
    outer loop
      vertex -4.58345 -6.85962 0
      vertex -7.77798 -11.6406 0
      vertex -5.02228 -6.54516 0
    endloop
  endfacet
  facet normal 0 0 -1
    outer loop
      vertex -8.52266 -11.1069 0
      vertex -5.02228 -6.54516 0
      vertex -7.77798 -11.6406 0
    endloop
  endfacet
  facet normal -0 0 -1
    outer loop
      vertex -5.02228 -6.54516 0
      vertex -8.52266 -11.1069 0
      vertex -5.4396 -6.20268 0
    endloop
  endfacet
  facet normal 0 0 -1
    outer loop
      vertex -9.23084 -10.5258 0
      vertex -5.4396 -6.20268 0
      vertex -8.52266 -11.1069 0
    endloop
  endfacet
  facet normal -0 0 -1
    outer loop
      vertex -5.4396 -6.20268 0
      vertex -9.23084 -10.5258 0
      vertex -5.83363 -5.83363 0
    endloop
  endfacet
  facet normal 0 0 -1
    outer loop
      vertex -9.89949 -9.89949 0
      vertex -5.83363 -5.83363 0
      vertex -9.23084 -10.5258 0
    endloop
  endfacet
  facet normal -0 0 -1
    outer loop
      vertex -5.83363 -5.83363 0
      vertex -9.89949 -9.89949 0
      vertex -6.20268 -5.4396 0
    endloop
  endfacet
  facet normal 0 0 -1
    outer loop
      vertex -10.5258 -9.23084 0
      vertex -6.20268 -5.4396 0
      vertex -9.89949 -9.89949 0
    endloop
  endfacet
  facet normal -0 0 -1
    outer loop
      vertex -6.20268 -5.4396 0
      vertex -10.5258 -9.23084 0
      vertex -6.54516 -5.02228 0
    endloop
  endfacet
  facet normal 0 0 -1
    outer loop
      vertex -11.1069 -8.52266 0
      vertex -6.54516 -5.02228 0
      vertex -10.5258 -9.23084 0
    endloop
  endfacet
  facet normal -0 0 -1
    outer loop
      vertex -6.54516 -5.02228 0
      vertex -11.1069 -8.52266 0
      vertex -6.85962 -4.58345 0
    endloop
  endfacet
  facet normal 0 0 -1
    outer loop
      vertex -11.6406 -7.77798 0
      vertex -6.85962 -4.58345 0
      vertex -11.1069 -8.52266 0
    endloop
  endfacet
  facet normal -0 0 -1
    outer loop
      vertex -6.85962 -4.58345 0
      vertex -11.6406 -7.77798 0
      vertex -7.14471 -4.125 0
    endloop
  endfacet
  facet normal 0 0 -1
    outer loop
      vertex -12.1244 -7 0
      vertex -7.14471 -4.125 0
      vertex -11.6406 -7.77798 0
    endloop
  endfacet
  facet normal 0 0 -1
    outer loop
      vertex -12.5562 -6.19204 0
      vertex -7.3992 -3.64888 0
      vertex -12.1244 -7 0
    endloop
  endfacet
  facet normal -0 0 -1
    outer loop
      vertex -7.14471 -4.125 0
      vertex -12.1244 -7 0
      vertex -7.3992 -3.64888 0
    endloop
  endfacet
  facet normal -0 0 -1
    outer loop
      vertex 12.5562 6.19204 0
      vertex 7.3992 3.64888 0
      vertex 12.1244 7 0
    endloop
  endfacet
  facet normal 0 0 -1
    outer loop
      vertex 7.14471 4.125 0
      vertex 12.1244 7 0
      vertex 7.3992 3.64888 0
    endloop
  endfacet
  facet normal -0 0 -1
    outer loop
      vertex 12.1244 7 0
      vertex 7.14471 4.125 0
      vertex 11.6406 7.77798 0
    endloop
  endfacet
  facet normal 0 0 -1
    outer loop
      vertex 6.85962 4.58345 0
      vertex 11.6406 7.77798 0
      vertex 7.14471 4.125 0
    endloop
  endfacet
  facet normal -0 0 -1
    outer loop
      vertex 11.6406 7.77798 0
      vertex 6.85962 4.58345 0
      vertex 11.1069 8.52266 0
    endloop
  endfacet
  facet normal 0 0 -1
    outer loop
      vertex 6.54516 5.02228 0
      vertex 11.1069 8.52266 0
      vertex 6.85962 4.58345 0
    endloop
  endfacet
  facet normal -0 0 -1
    outer loop
      vertex 11.1069 8.52266 0
      vertex 6.54516 5.02228 0
      vertex 10.5258 9.23084 0
    endloop
  endfacet
  facet normal 0 0 -1
    outer loop
      vertex 6.20268 5.4396 0
      vertex 10.5258 9.23084 0
      vertex 6.54516 5.02228 0
    endloop
  endfacet
  facet normal -0 0 -1
    outer loop
      vertex 10.5258 9.23084 0
      vertex 6.20268 5.4396 0
      vertex 9.89949 9.89949 0
    endloop
  endfacet
  facet normal 0 0 -1
    outer loop
      vertex 5.83363 5.83363 0
      vertex 9.89949 9.89949 0
      vertex 6.20268 5.4396 0
    endloop
  endfacet
  facet normal -0 0 -1
    outer loop
      vertex 9.89949 9.89949 0
      vertex 5.83363 5.83363 0
      vertex 9.23084 10.5258 0
    endloop
  endfacet
  facet normal 0 0 -1
    outer loop
      vertex 5.4396 6.20268 0
      vertex 9.23084 10.5258 0
      vertex 5.83363 5.83363 0
    endloop
  endfacet
  facet normal -0 0 -1
    outer loop
      vertex 9.23084 10.5258 0
      vertex 5.4396 6.20268 0
      vertex 8.52266 11.1069 0
    endloop
  endfacet
  facet normal 0 0 -1
    outer loop
      vertex 5.02228 6.54516 0
      vertex 8.52266 11.1069 0
      vertex 5.4396 6.20268 0
    endloop
  endfacet
  facet normal -0 0 -1
    outer loop
      vertex 8.52266 11.1069 0
      vertex 5.02228 6.54516 0
      vertex 7.77798 11.6406 0
    endloop
  endfacet
  facet normal 0 0 -1
    outer loop
      vertex 4.58345 6.85962 0
      vertex 7.77798 11.6406 0
      vertex 5.02228 6.54516 0
    endloop
  endfacet
  facet normal -0 0 -1
    outer loop
      vertex 7.77798 11.6406 0
      vertex 4.58345 6.85962 0
      vertex 7 12.1244 0
    endloop
  endfacet
  facet normal 0 0 -1
    outer loop
      vertex 4.125 7.14471 0
      vertex 7 12.1244 0
      vertex 4.58345 6.85962 0
    endloop
  endfacet
  facet normal -0 0 -1
    outer loop
      vertex 7 12.1244 0
      vertex 4.125 7.14471 0
      vertex 6.19204 12.5562 0
    endloop
  endfacet
  facet normal 0 0 -1
    outer loop
      vertex 3.64888 7.3992 0
      vertex 6.19204 12.5562 0
      vertex 4.125 7.14471 0
    endloop
  endfacet
  facet normal -0 0 -1
    outer loop
      vertex 6.19204 12.5562 0
      vertex 3.64888 7.3992 0
      vertex 5.35757 12.9343 0
    endloop
  endfacet
  facet normal 0 0 -1
    outer loop
      vertex 3.15714 7.62201 0
      vertex 5.35757 12.9343 0
      vertex 3.64888 7.3992 0
    endloop
  endfacet
  facet normal -0 0 -1
    outer loop
      vertex 5.35757 12.9343 0
      vertex 3.15714 7.62201 0
      vertex 4.50015 13.257 0
    endloop
  endfacet
  facet normal 0 0 -1
    outer loop
      vertex 2.65188 7.81217 0
      vertex 4.50015 13.257 0
      vertex 3.15714 7.62201 0
    endloop
  endfacet
  facet normal -0 0 -1
    outer loop
      vertex 4.50015 13.257 0
      vertex 2.65188 7.81217 0
      vertex 3.62347 13.523 0
    endloop
  endfacet
  facet normal 0 0 -1
    outer loop
      vertex 2.13526 7.96889 0
      vertex 3.62347 13.523 0
      vertex 2.65188 7.81217 0
    endloop
  endfacet
  facet normal -0 0 -1
    outer loop
      vertex 3.62347 13.523 0
      vertex 2.13526 7.96889 0
      vertex 2.73126 13.731 0
    endloop
  endfacet
  facet normal 0 0 -1
    outer loop
      vertex 1.60949 8.09148 0
      vertex 2.73126 13.731 0
      vertex 2.13526 7.96889 0
    endloop
  endfacet
  facet normal -0 0 -1
    outer loop
      vertex 2.73126 13.731 0
      vertex 1.60949 8.09148 0
      vertex 1.82737 13.8802 0
    endloop
  endfacet
  facet normal 0 0 -1
    outer loop
      vertex 1.07684 8.17942 0
      vertex 1.82737 13.8802 0
      vertex 1.60949 8.09148 0
    endloop
  endfacet
  facet normal 0 0 -1
    outer loop
      vertex 1.07684 8.17942 0
      vertex 0.915644 13.97 0
      vertex 1.82737 13.8802 0
    endloop
  endfacet
  facet normal 0 0 -1
    outer loop
      vertex 0.539576 8.23234 0
      vertex 0.915644 13.97 0
      vertex 1.07684 8.17942 0
    endloop
  endfacet
  facet normal 0 0 -1
    outer loop
      vertex 0 8.25 0
      vertex 0.915644 13.97 0
      vertex 0.539576 8.23234 0
    endloop
  endfacet
  facet normal 0 0 -1
    outer loop
      vertex 0 8.25 0
      vertex 0 14 0
      vertex 0.915644 13.97 0
    endloop
  endfacet
  facet normal 0 0 -1
    outer loop
      vertex -0.539576 8.23234 0
      vertex 0 14 0
      vertex 0 8.25 0
    endloop
  endfacet
  facet normal 0 0 -1
    outer loop
      vertex -0.539576 8.23234 0
      vertex -0.915644 13.97 0
      vertex 0 14 0
    endloop
  endfacet
  facet normal 0 0 -1
    outer loop
      vertex -1.07684 8.17942 0
      vertex -0.915644 13.97 0
      vertex -0.539576 8.23234 0
    endloop
  endfacet
  facet normal 0 0 -1
    outer loop
      vertex -1.82737 13.8802 0
      vertex -1.07684 8.17942 0
      vertex -1.60949 8.09148 0
    endloop
  endfacet
  facet normal 0 0 -1
    outer loop
      vertex -1.07684 8.17942 0
      vertex -1.82737 13.8802 0
      vertex -0.915644 13.97 0
    endloop
  endfacet
  facet normal 0 0 -1
    outer loop
      vertex -2.73126 13.731 0
      vertex -1.60949 8.09148 0
      vertex -2.13526 7.96889 0
    endloop
  endfacet
  facet normal 0 0 -1
    outer loop
      vertex -3.62347 13.523 0
      vertex -2.13526 7.96889 0
      vertex -2.65188 7.81217 0
    endloop
  endfacet
  facet normal 0 0 -1
    outer loop
      vertex -1.60949 8.09148 0
      vertex -2.73126 13.731 0
      vertex -1.82737 13.8802 0
    endloop
  endfacet
  facet normal 0 0 -1
    outer loop
      vertex -4.50015 13.257 0
      vertex -2.65188 7.81217 0
      vertex -3.15714 7.62201 0
    endloop
  endfacet
  facet normal 0 0 -1
    outer loop
      vertex -2.13526 7.96889 0
      vertex -3.62347 13.523 0
      vertex -2.73126 13.731 0
    endloop
  endfacet
  facet normal 0 0 -1
    outer loop
      vertex -5.35757 12.9343 0
      vertex -3.15714 7.62201 0
      vertex -3.64888 7.3992 0
    endloop
  endfacet
  facet normal 0 0 -1
    outer loop
      vertex -6.19204 12.5562 0
      vertex -3.64888 7.3992 0
      vertex -4.125 7.14471 0
    endloop
  endfacet
  facet normal 0 0 -1
    outer loop
      vertex -2.65188 7.81217 0
      vertex -4.50015 13.257 0
      vertex -3.62347 13.523 0
    endloop
  endfacet
  facet normal 0 0 -1
    outer loop
      vertex -7 12.1244 0
      vertex -4.125 7.14471 0
      vertex -4.58345 6.85962 0
    endloop
  endfacet
  facet normal 0 0 -1
    outer loop
      vertex -7.77798 11.6406 0
      vertex -4.58345 6.85962 0
      vertex -5.02228 6.54516 0
    endloop
  endfacet
  facet normal 0 0 -1
    outer loop
      vertex -3.15714 7.62201 0
      vertex -5.35757 12.9343 0
      vertex -4.50015 13.257 0
    endloop
  endfacet
  facet normal 0 0 -1
    outer loop
      vertex -8.52266 11.1069 0
      vertex -5.02228 6.54516 0
      vertex -5.4396 6.20268 0
    endloop
  endfacet
  facet normal 0 0 -1
    outer loop
      vertex -9.23084 10.5258 0
      vertex -5.4396 6.20268 0
      vertex -5.83363 5.83363 0
    endloop
  endfacet
  facet normal 0 0 -1
    outer loop
      vertex -3.64888 7.3992 0
      vertex -6.19204 12.5562 0
      vertex -5.35757 12.9343 0
    endloop
  endfacet
  facet normal 0 0 -1
    outer loop
      vertex -9.89949 9.89949 0
      vertex -5.83363 5.83363 0
      vertex -6.20268 5.4396 0
    endloop
  endfacet
  facet normal 0 0 -1
    outer loop
      vertex -10.5258 9.23084 0
      vertex -6.20268 5.4396 0
      vertex -6.54516 5.02228 0
    endloop
  endfacet
  facet normal 0 0 -1
    outer loop
      vertex -11.1069 8.52266 0
      vertex -6.54516 5.02228 0
      vertex -6.85962 4.58345 0
    endloop
  endfacet
  facet normal 0 0 -1
    outer loop
      vertex -4.125 7.14471 0
      vertex -7 12.1244 0
      vertex -6.19204 12.5562 0
    endloop
  endfacet
  facet normal 0 0 -1
    outer loop
      vertex -11.6406 7.77798 0
      vertex -6.85962 4.58345 0
      vertex -7.14471 4.125 0
    endloop
  endfacet
  facet normal 0 0 -1
    outer loop
      vertex -12.1244 7 0
      vertex -7.14471 4.125 0
      vertex -7.3992 3.64888 0
    endloop
  endfacet
  facet normal 0 0 -1
    outer loop
      vertex -12.5562 6.19204 0
      vertex -7.3992 3.64888 0
      vertex -7.62201 3.15714 0
    endloop
  endfacet
  facet normal 0 0 -1
    outer loop
      vertex -4.58345 6.85962 0
      vertex -7.77798 11.6406 0
      vertex -7 12.1244 0
    endloop
  endfacet
  facet normal 0 0 -1
    outer loop
      vertex -12.9343 5.35757 0
      vertex -7.62201 3.15714 0
      vertex -7.81217 2.65188 0
    endloop
  endfacet
  facet normal 0 0 -1
    outer loop
      vertex -13.257 4.50015 0
      vertex -7.81217 2.65188 0
      vertex -7.96889 2.13526 0
    endloop
  endfacet
  facet normal 0 0 -1
    outer loop
      vertex -13.523 3.62347 0
      vertex -7.96889 2.13526 0
      vertex -8.09148 1.60949 0
    endloop
  endfacet
  facet normal 0 0 -1
    outer loop
      vertex -13.731 2.73126 0
      vertex -8.09148 1.60949 0
      vertex -8.17942 1.07684 0
    endloop
  endfacet
  facet normal 0 0 -1
    outer loop
      vertex -13.8802 1.82737 0
      vertex -8.17942 1.07684 0
      vertex -8.23234 0.539576 0
    endloop
  endfacet
  facet normal 0 0 -1
    outer loop
      vertex -5.02228 6.54516 0
      vertex -8.52266 11.1069 0
      vertex -7.77798 11.6406 0
    endloop
  endfacet
  facet normal 0 0 -1
    outer loop
      vertex -13.97 0.915644 0
      vertex -8.23234 0.539576 0
      vertex -8.25 0 0
    endloop
  endfacet
  facet normal -0 0 -1
    outer loop
      vertex -7.3992 -3.64888 0
      vertex -12.5562 -6.19204 0
      vertex -7.62201 -3.15714 0
    endloop
  endfacet
  facet normal 0 0 -1
    outer loop
      vertex -12.9343 -5.35757 0
      vertex -7.62201 -3.15714 0
      vertex -12.5562 -6.19204 0
    endloop
  endfacet
  facet normal 0 0 -1
    outer loop
      vertex -5.4396 6.20268 0
      vertex -9.23084 10.5258 0
      vertex -8.52266 11.1069 0
    endloop
  endfacet
  facet normal -0 0 -1
    outer loop
      vertex -7.62201 -3.15714 0
      vertex -12.9343 -5.35757 0
      vertex -7.81217 -2.65188 0
    endloop
  endfacet
  facet normal 0 0 -1
    outer loop
      vertex -5.83363 5.83363 0
      vertex -9.89949 9.89949 0
      vertex -9.23084 10.5258 0
    endloop
  endfacet
  facet normal 0 0 -1
    outer loop
      vertex -13.257 -4.50015 0
      vertex -7.81217 -2.65188 0
      vertex -12.9343 -5.35757 0
    endloop
  endfacet
  facet normal 0 0 -1
    outer loop
      vertex -6.20268 5.4396 0
      vertex -10.5258 9.23084 0
      vertex -9.89949 9.89949 0
    endloop
  endfacet
  facet normal -0 0 -1
    outer loop
      vertex -7.81217 -2.65188 0
      vertex -13.257 -4.50015 0
      vertex -7.96889 -2.13526 0
    endloop
  endfacet
  facet normal 0 0 -1
    outer loop
      vertex -6.54516 5.02228 0
      vertex -11.1069 8.52266 0
      vertex -10.5258 9.23084 0
    endloop
  endfacet
  facet normal 0 0 -1
    outer loop
      vertex -13.523 -3.62347 0
      vertex -7.96889 -2.13526 0
      vertex -13.257 -4.50015 0
    endloop
  endfacet
  facet normal 0 0 -1
    outer loop
      vertex -6.85962 4.58345 0
      vertex -11.6406 7.77798 0
      vertex -11.1069 8.52266 0
    endloop
  endfacet
  facet normal -0 0 -1
    outer loop
      vertex -7.96889 -2.13526 0
      vertex -13.523 -3.62347 0
      vertex -8.09148 -1.60949 0
    endloop
  endfacet
  facet normal 0 0 -1
    outer loop
      vertex -7.14471 4.125 0
      vertex -12.1244 7 0
      vertex -11.6406 7.77798 0
    endloop
  endfacet
  facet normal 0 0 -1
    outer loop
      vertex -13.731 -2.73126 0
      vertex -8.09148 -1.60949 0
      vertex -13.523 -3.62347 0
    endloop
  endfacet
  facet normal 0 0 -1
    outer loop
      vertex -7.3992 3.64888 0
      vertex -12.5562 6.19204 0
      vertex -12.1244 7 0
    endloop
  endfacet
  facet normal -0 0 -1
    outer loop
      vertex -8.09148 -1.60949 0
      vertex -13.731 -2.73126 0
      vertex -8.17942 -1.07684 0
    endloop
  endfacet
  facet normal 0 0 -1
    outer loop
      vertex -7.62201 3.15714 0
      vertex -12.9343 5.35757 0
      vertex -12.5562 6.19204 0
    endloop
  endfacet
  facet normal 0 0 -1
    outer loop
      vertex -13.8802 -1.82737 0
      vertex -8.17942 -1.07684 0
      vertex -13.731 -2.73126 0
    endloop
  endfacet
  facet normal 0 0 -1
    outer loop
      vertex -7.81217 2.65188 0
      vertex -13.257 4.50015 0
      vertex -12.9343 5.35757 0
    endloop
  endfacet
  facet normal -0 0 -1
    outer loop
      vertex -8.17942 -1.07684 0
      vertex -13.8802 -1.82737 0
      vertex -8.23234 -0.539576 0
    endloop
  endfacet
  facet normal 0 0 -1
    outer loop
      vertex -7.96889 2.13526 0
      vertex -13.523 3.62347 0
      vertex -13.257 4.50015 0
    endloop
  endfacet
  facet normal 0 0 -1
    outer loop
      vertex -13.97 -0.915644 0
      vertex -8.23234 -0.539576 0
      vertex -13.8802 -1.82737 0
    endloop
  endfacet
  facet normal 0 0 -1
    outer loop
      vertex -8.09148 1.60949 0
      vertex -13.731 2.73126 0
      vertex -13.523 3.62347 0
    endloop
  endfacet
  facet normal -0 0 -1
    outer loop
      vertex -8.23234 -0.539576 0
      vertex -13.97 -0.915644 0
      vertex -8.25 0 0
    endloop
  endfacet
  facet normal 0 0 -1
    outer loop
      vertex -8.17942 1.07684 0
      vertex -13.8802 1.82737 0
      vertex -13.731 2.73126 0
    endloop
  endfacet
  facet normal 0 0 -1
    outer loop
      vertex -14 0 0
      vertex -8.25 0 0
      vertex -13.97 -0.915644 0
    endloop
  endfacet
  facet normal 0 0 -1
    outer loop
      vertex -8.23234 0.539576 0
      vertex -13.97 0.915644 0
      vertex -13.8802 1.82737 0
    endloop
  endfacet
  facet normal 0 0 -1
    outer loop
      vertex -8.25 0 0
      vertex -14 0 0
      vertex -13.97 0.915644 0
    endloop
  endfacet
  facet normal -0.919123 -0.0904934 -0.383438
    outer loop
      vertex -16.8546 -2.21894 7.22222
      vertex -16.9636 -1.11185 7.22222
      vertex -13.8802 -1.82737 0
    endloop
  endfacet
  facet normal -0.919121 0.0905284 -0.383434
    outer loop
      vertex -13.97 0.915644 0
      vertex -16.9636 1.11185 7.22222
      vertex -13.8802 1.82737 0
    endloop
  endfacet
  facet normal -0.923073 0.0302434 -0.383434
    outer loop
      vertex -14 0 0
      vertex -16.9636 1.11185 7.22222
      vertex -13.97 0.915644 0
    endloop
  endfacet
  facet normal -0.435366 0.814517 -0.38343
    outer loop
      vertex -6.19204 12.5562 0
      vertex -8.5 14.7224 7.22222
      vertex -7.51891 15.2468 7.22222
    endloop
  endfacet
  facet normal -0.435319 0.814545 -0.383423
    outer loop
      vertex -7 12.1244 0
      vertex -8.5 14.7224 7.22222
      vertex -6.19204 12.5562 0
    endloop
  endfacet
  facet normal -0.475689 0.765031 0.434106
    outer loop
      vertex -8.5 14.7224 8.22222
      vertex -9.44469 14.135 8.22222
      vertex -7 12.1244 14.4444
    endloop
  endfacet
  facet normal -0.371795 0.820554 0.434119
    outer loop
      vertex -5.35757 12.9343 14.4444
      vertex -6.50562 15.706 8.22222
      vertex -6.19204 12.5562 14.4444
    endloop
  endfacet
  facet normal -0.317283 0.843132 0.434119
    outer loop
      vertex -5.46447 16.0978 8.22222
      vertex -6.50562 15.706 8.22222
      vertex -5.35757 12.9343 14.4444
    endloop
  endfacet
  facet normal 0.841241 -0.381168 -0.383437
    outer loop
      vertex 15.706 -6.50562 7.22222
      vertex 12.5562 -6.19204 0
      vertex 12.9343 -5.35757 0
    endloop
  endfacet
  facet normal 0.814545 -0.435319 -0.383423
    outer loop
      vertex 14.7224 -8.5 7.22222
      vertex 12.1244 -7 0
      vertex 12.5562 -6.19204 0
    endloop
  endfacet
  facet normal 0.73224 -0.524758 0.434112
    outer loop
      vertex 14.135 -9.44469 8.22222
      vertex 11.6406 -7.77798 14.4444
      vertex 13.487 -10.3489 8.22222
    endloop
  endfacet
  facet normal 0.713963 -0.585864 -0.383432
    outer loop
      vertex 12.7813 -11.2089 7.22222
      vertex 11.1069 -8.52266 0
      vertex 13.487 -10.3489 7.22222
    endloop
  endfacet
  facet normal 0.732227 -0.524775 0.434114
    outer loop
      vertex 11.6406 -7.77798 14.4444
      vertex 11.1069 -8.52266 14.4444
      vertex 13.487 -10.3489 8.22222
    endloop
  endfacet
  facet normal 0.784317 -0.487681 -0.383425
    outer loop
      vertex 14.135 -9.44469 7.22222
      vertex 12.1244 -7 0
      vertex 14.7224 -8.5 7.22222
    endloop
  endfacet
  facet normal 0.877336 -0.204532 0.434107
    outer loop
      vertex 13.731 -2.73126 14.4444
      vertex 13.523 -3.62347 14.4444
      vertex 16.6733 -3.31653 8.22222
    endloop
  endfacet
  facet normal 0.911242 -0.150413 -0.383425
    outer loop
      vertex 16.6733 -3.31653 7.22222
      vertex 13.731 -2.73126 0
      vertex 13.8802 -1.82737 0
    endloop
  endfacet
  facet normal 0.911219 -0.150515 -0.383437
    outer loop
      vertex 16.6733 -3.31653 7.22222
      vertex 13.8802 -1.82737 0
      vertex 16.8546 -2.21894 7.22222
    endloop
  endfacet
  facet normal 0.261561 0.86205 0.434115
    outer loop
      vertex 5.46447 16.0978 8.22222
      vertex 3.62347 13.523 14.4444
      vertex 4.50015 13.257 14.4444
    endloop
  endfacet
  facet normal 0.475689 0.765031 0.434106
    outer loop
      vertex 8.5 14.7224 8.22222
      vertex 7 12.1244 14.4444
      vertex 9.44469 14.135 8.22222
    endloop
  endfacet
  facet normal 0.585864 0.713963 -0.383432
    outer loop
      vertex 11.2089 12.7813 7.22222
      vertex 8.52266 11.1069 0
      vertex 10.3489 13.487 7.22222
    endloop
  endfacet
  facet normal 0.631377 0.67405 -0.38343
    outer loop
      vertex 9.89949 9.89949 0
      vertex 11.2089 12.7813 7.22222
      vertex 12.0208 12.0208 7.22222
    endloop
  endfacet
  facet normal 0.631372 0.674055 -0.383431
    outer loop
      vertex 11.2089 12.7813 7.22222
      vertex 9.89949 9.89949 0
      vertex 9.23084 10.5258 0
    endloop
  endfacet
  facet normal 0.67405 0.631377 -0.38343
    outer loop
      vertex 12.7813 11.2089 7.22222
      vertex 9.89949 9.89949 0
      vertex 12.0208 12.0208 7.22222
    endloop
  endfacet
  facet normal 0.674055 0.631372 -0.383431
    outer loop
      vertex 9.89949 9.89949 0
      vertex 12.7813 11.2089 7.22222
      vertex 10.5258 9.23084 0
    endloop
  endfacet
  facet normal 0.773047 0.634348 0
    outer loop
      vertex 13.487 10.3489 8.22222
      vertex 12.7813 11.2089 7.22222
      vertex 12.7813 11.2089 8.22222
    endloop
  endfacet
  facet normal 0.773047 0.634348 0
    outer loop
      vertex 12.7813 11.2089 7.22222
      vertex 13.487 10.3489 8.22222
      vertex 13.487 10.3489 7.22222
    endloop
  endfacet
  facet normal 0.849221 0.528038 0
    outer loop
      vertex 14.7224 8.5 8.22222
      vertex 14.135 9.44469 7.22222
      vertex 14.135 9.44469 8.22222
    endloop
  endfacet
  facet normal 0.849221 0.528038 0
    outer loop
      vertex 14.135 9.44469 7.22222
      vertex 14.7224 8.5 8.22222
      vertex 14.7224 8.5 7.22222
    endloop
  endfacet
  facet normal 0.784317 0.487681 -0.383425
    outer loop
      vertex 14.7224 8.5 7.22222
      vertex 12.1244 7 0
      vertex 14.135 9.44469 7.22222
    endloop
  endfacet
  facet normal 0.843121 0.317319 0.434114
    outer loop
      vertex 16.0978 5.46447 8.22222
      vertex 12.9343 5.35757 14.4444
      vertex 13.257 4.50015 14.4444
    endloop
  endfacet
  facet normal 0.820554 0.371795 0.434119
    outer loop
      vertex 15.706 6.50562 8.22222
      vertex 12.5562 6.19204 14.4444
      vertex 12.9343 5.35757 14.4444
    endloop
  endfacet
  facet normal 0.900376 0.0294767 0.434113
    outer loop
      vertex 16.9636 1.11185 8.22222
      vertex 14 0 14.4444
      vertex 17 0 8.22222
    endloop
  endfacet
  facet normal 0.89652 -0.0882681 0.43412
    outer loop
      vertex 16.9636 -1.11185 8.22222
      vertex 13.8802 -1.82737 14.4444
      vertex 16.8546 -2.21894 8.22222
    endloop
  endfacet
  facet normal 0.888812 -0.146814 0.434119
    outer loop
      vertex 16.8546 -2.21894 8.22222
      vertex 13.8802 -1.82737 14.4444
      vertex 16.6733 -3.31653 8.22222
    endloop
  endfacet
  facet normal 0.900374 -0.0294997 0.434116
    outer loop
      vertex 14 0 14.4444
      vertex 13.97 -0.915644 14.4444
      vertex 16.9636 -1.11185 8.22222
    endloop
  endfacet
  facet normal 0.89652 0.0882681 0.43412
    outer loop
      vertex 16.8546 2.21894 8.22222
      vertex 13.8802 1.82737 14.4444
      vertex 16.9636 1.11185 8.22222
    endloop
  endfacet
  facet normal 0.923075 0.0302198 -0.383431
    outer loop
      vertex 17 0 7.22222
      vertex 14 0 0
      vertex 16.9636 1.11185 7.22222
    endloop
  endfacet
  facet normal 0.973879 0.227067 0
    outer loop
      vertex 16.6733 3.31653 8.22222
      vertex 16.4207 4.39992 7.22222
      vertex 16.4207 4.39992 8.22222
    endloop
  endfacet
  facet normal 0.973879 0.227067 0
    outer loop
      vertex 16.4207 4.39992 7.22222
      vertex 16.6733 3.31653 8.22222
      vertex 16.6733 3.31653 7.22222
    endloop
  endfacet
  facet normal 0.899448 0.209713 -0.383423
    outer loop
      vertex 16.6733 3.31653 7.22222
      vertex 13.523 3.62347 0
      vertex 16.4207 4.39992 7.22222
    endloop
  endfacet
  facet normal 0.0294767 0.900376 0.434113
    outer loop
      vertex 0 17 8.22222
      vertex 0 14 14.4444
      vertex 1.11185 16.9636 8.22222
    endloop
  endfacet
  facet normal 0.204556 0.877332 0.434104
    outer loop
      vertex 4.39992 16.4207 8.22222
      vertex 3.31653 16.6733 8.22222
      vertex 3.62347 13.523 14.4444
    endloop
  endfacet
  facet normal 0.261486 0.862078 0.434104
    outer loop
      vertex 4.39992 16.4207 8.22222
      vertex 3.62347 13.523 14.4444
      vertex 5.46447 16.0978 8.22222
    endloop
  endfacet
  facet normal 0.146814 0.888812 0.434119
    outer loop
      vertex 2.21894 16.8546 8.22222
      vertex 1.82737 13.8802 14.4444
      vertex 3.31653 16.6733 8.22222
    endloop
  endfacet
  facet normal 0.204532 0.877336 0.434107
    outer loop
      vertex 3.31653 16.6733 8.22222
      vertex 2.73126 13.731 14.4444
      vertex 3.62347 13.523 14.4444
    endloop
  endfacet
  facet normal 0.146715 0.888834 0.434106
    outer loop
      vertex 3.31653 16.6733 8.22222
      vertex 1.82737 13.8802 14.4444
      vertex 2.73126 13.731 14.4444
    endloop
  endfacet
  facet normal -0.713963 -0.585864 -0.383432
    outer loop
      vertex -12.7813 -11.2089 7.22222
      vertex -13.487 -10.3489 7.22222
      vertex -11.1069 -8.52266 0
    endloop
  endfacet
  facet normal -0.773047 -0.634348 0
    outer loop
      vertex -12.7813 -11.2089 7.22222
      vertex -13.487 -10.3489 8.22222
      vertex -13.487 -10.3489 7.22222
    endloop
  endfacet
  facet normal -0.773047 -0.634348 0
    outer loop
      vertex -13.487 -10.3489 8.22222
      vertex -12.7813 -11.2089 7.22222
      vertex -12.7813 -11.2089 8.22222
    endloop
  endfacet
  facet normal -0.487681 -0.784317 -0.383425
    outer loop
      vertex -8.5 -14.7224 7.22222
      vertex -9.44469 -14.135 7.22222
      vertex -7 -12.1244 0
    endloop
  endfacet
  facet normal -0.571447 -0.696416 0.434112
    outer loop
      vertex -9.23084 -10.5258 14.4444
      vertex -11.2089 -12.7813 8.22222
      vertex -8.52266 -11.1069 14.4444
    endloop
  endfacet
  facet normal -0.475729 -0.765002 0.434112
    outer loop
      vertex -7.77798 -11.6406 14.4444
      vertex -9.44469 -14.135 8.22222
      vertex -7 -12.1244 14.4444
    endloop
  endfacet
  facet normal -0.674055 -0.631372 -0.383431
    outer loop
      vertex -9.89949 -9.89949 0
      vertex -12.7813 -11.2089 7.22222
      vertex -10.5258 -9.23084 0
    endloop
  endfacet
  facet normal -0.67405 -0.631377 -0.38343
    outer loop
      vertex -12.7813 -11.2089 7.22222
      vertex -9.89949 -9.89949 0
      vertex -12.0208 -12.0208 7.22222
    endloop
  endfacet
  facet normal -0.528038 -0.849221 0
    outer loop
      vertex -9.44469 -14.135 7.22222
      vertex -8.5 -14.7224 8.22222
      vertex -9.44469 -14.135 8.22222
    endloop
  endfacet
  facet normal -0.528038 -0.849221 -0
    outer loop
      vertex -8.5 -14.7224 8.22222
      vertex -9.44469 -14.135 7.22222
      vertex -8.5 -14.7224 7.22222
    endloop
  endfacet
  facet normal -0.371795 -0.820554 0.434119
    outer loop
      vertex -6.19204 -12.5562 14.4444
      vertex -6.50562 -15.706 8.22222
      vertex -5.35757 -12.9343 14.4444
    endloop
  endfacet
  facet normal -0.261486 -0.862078 0.434104
    outer loop
      vertex -3.62347 -13.523 14.4444
      vertex -5.46447 -16.0978 8.22222
      vertex -4.39992 -16.4207 8.22222
    endloop
  endfacet
  facet normal -0.317319 -0.843121 0.434114
    outer loop
      vertex -5.35757 -12.9343 14.4444
      vertex -5.46447 -16.0978 8.22222
      vertex -4.50015 -13.257 14.4444
    endloop
  endfacet
  facet normal -0.0979826 -0.995188 0
    outer loop
      vertex -2.21894 -16.8546 7.22222
      vertex -1.11185 -16.9636 8.22222
      vertex -2.21894 -16.8546 8.22222
    endloop
  endfacet
  facet normal -0.0979826 -0.995188 -0
    outer loop
      vertex -1.11185 -16.9636 8.22222
      vertex -2.21894 -16.8546 7.22222
      vertex -1.11185 -16.9636 7.22222
    endloop
  endfacet
  facet normal 0.0302198 -0.923075 -0.383431
    outer loop
      vertex 1.11185 -16.9636 7.22222
      vertex 0 -17 7.22222
      vertex 0 -14 0
    endloop
  endfacet
  facet normal 0.0979826 -0.995188 0
    outer loop
      vertex 1.11185 -16.9636 7.22222
      vertex 2.21894 -16.8546 8.22222
      vertex 1.11185 -16.9636 8.22222
    endloop
  endfacet
  facet normal 0.0979826 -0.995188 0
    outer loop
      vertex 2.21894 -16.8546 8.22222
      vertex 1.11185 -16.9636 7.22222
      vertex 2.21894 -16.8546 7.22222
    endloop
  endfacet
  facet normal 0.0882681 -0.89652 0.43412
    outer loop
      vertex 1.82737 -13.8802 14.4444
      vertex 1.11185 -16.9636 8.22222
      vertex 2.21894 -16.8546 8.22222
    endloop
  endfacet
  facet normal -0.0302434 -0.923073 -0.383434
    outer loop
      vertex 0 -14 0
      vertex -1.11185 -16.9636 7.22222
      vertex -0.915644 -13.97 0
    endloop
  endfacet
  facet normal -0.0905284 -0.919121 -0.383434
    outer loop
      vertex -1.11185 -16.9636 7.22222
      vertex -1.82737 -13.8802 0
      vertex -0.915644 -13.97 0
    endloop
  endfacet
  facet normal -0.0904934 -0.919123 -0.383438
    outer loop
      vertex -1.11185 -16.9636 7.22222
      vertex -2.21894 -16.8546 7.22222
      vertex -1.82737 -13.8802 0
    endloop
  endfacet
  facet normal 0.585853 -0.713973 -0.38343
    outer loop
      vertex 11.2089 -12.7813 7.22222
      vertex 8.52266 -11.1069 0
      vertex 9.23084 -10.5258 0
    endloop
  endfacet
  facet normal 0.585864 -0.713963 -0.383432
    outer loop
      vertex 10.3489 -13.487 7.22222
      vertex 8.52266 -11.1069 0
      vertex 11.2089 -12.7813 7.22222
    endloop
  endfacet
  facet normal 0.674055 -0.631372 -0.383431
    outer loop
      vertex 12.7813 -11.2089 7.22222
      vertex 9.89949 -9.89949 0
      vertex 10.5258 -9.23084 0
    endloop
  endfacet
  facet normal 0.67405 -0.631377 -0.38343
    outer loop
      vertex 9.89949 -9.89949 0
      vertex 12.7813 -11.2089 7.22222
      vertex 12.0208 -12.0208 7.22222
    endloop
  endfacet
  facet normal 0.524775 -0.732227 0.434114
    outer loop
      vertex 8.52266 -11.1069 14.4444
      vertex 7.77798 -11.6406 14.4444
      vertex 10.3489 -13.487 8.22222
    endloop
  endfacet
  facet normal 0.571458 -0.696406 0.434114
    outer loop
      vertex 11.2089 -12.7813 8.22222
      vertex 8.52266 -11.1069 14.4444
      vertex 10.3489 -13.487 8.22222
    endloop
  endfacet
  facet normal 0.204532 -0.877336 0.434107
    outer loop
      vertex 3.62347 -13.523 14.4444
      vertex 2.73126 -13.731 14.4444
      vertex 3.31653 -16.6733 8.22222
    endloop
  endfacet
  facet normal 0.268078 -0.88381 -0.383423
    outer loop
      vertex 4.39992 -16.4207 7.22222
      vertex 3.62347 -13.523 0
      vertex 5.46447 -16.0978 7.22222
    endloop
  endfacet
  facet normal 0.424615 -0.794516 0.434104
    outer loop
      vertex 7 -12.1244 14.4444
      vertex 6.19204 -12.5562 14.4444
      vertex 8.5 -14.7224 8.22222
    endloop
  endfacet
  facet normal 0.371795 -0.820554 0.434119
    outer loop
      vertex 6.19204 -12.5562 14.4444
      vertex 5.35757 -12.9343 14.4444
      vertex 6.50562 -15.706 8.22222
    endloop
  endfacet
  facet normal 0.371847 -0.820534 0.434112
    outer loop
      vertex 7.51891 -15.2468 8.22222
      vertex 6.19204 -12.5562 14.4444
      vertex 6.50562 -15.706 8.22222
    endloop
  endfacet
  facet normal 0.209689 -0.899453 -0.383426
    outer loop
      vertex 3.31653 -16.6733 7.22222
      vertex 2.73126 -13.731 0
      vertex 3.62347 -13.523 0
    endloop
  endfacet
  facet normal 0.435319 -0.814545 -0.383423
    outer loop
      vertex 8.5 -14.7224 7.22222
      vertex 6.19204 -12.5562 0
      vertex 7 -12.1244 0
    endloop
  endfacet
  facet normal -0.784317 0.487681 -0.383425
    outer loop
      vertex -12.1244 7 0
      vertex -14.7224 8.5 7.22222
      vertex -14.135 9.44469 7.22222
    endloop
  endfacet
  facet normal -0.784288 0.487723 -0.383431
    outer loop
      vertex -12.1244 7 0
      vertex -14.135 9.44469 7.22222
      vertex -11.6406 7.77798 0
    endloop
  endfacet
  facet normal -0.864377 0.325318 -0.383432
    outer loop
      vertex -13.257 4.50015 0
      vertex -16.0978 5.46447 7.22222
      vertex -12.9343 5.35757 0
    endloop
  endfacet
  facet normal -0.877332 0.204556 0.434104
    outer loop
      vertex -16.4207 4.39992 8.22222
      vertex -16.6733 3.31653 8.22222
      vertex -13.523 3.62347 14.4444
    endloop
  endfacet
  facet normal -0.862078 0.261486 0.434104
    outer loop
      vertex -16.0978 5.46447 8.22222
      vertex -16.4207 4.39992 8.22222
      vertex -13.523 3.62347 14.4444
    endloop
  endfacet
  facet normal -0.794516 0.424615 0.434104
    outer loop
      vertex -12.1244 7 14.4444
      vertex -14.7224 8.5 8.22222
      vertex -12.5562 6.19204 14.4444
    endloop
  endfacet
  facet normal -0.88381 -0.268078 -0.383423
    outer loop
      vertex -16.0978 -5.46447 7.22222
      vertex -16.4207 -4.39992 7.22222
      vertex -13.523 -3.62347 0
    endloop
  endfacet
  facet normal -0.899448 -0.209713 -0.383423
    outer loop
      vertex -16.4207 -4.39992 7.22222
      vertex -16.6733 -3.31653 7.22222
      vertex -13.523 -3.62347 0
    endloop
  endfacet
  facet normal -0.843132 -0.317283 0.434119
    outer loop
      vertex -12.9343 -5.35757 14.4444
      vertex -16.0978 -5.46447 8.22222
      vertex -15.706 -6.50562 8.22222
    endloop
  endfacet
  facet normal -0.877332 -0.204556 0.434104
    outer loop
      vertex -13.523 -3.62347 14.4444
      vertex -16.6733 -3.31653 8.22222
      vertex -16.4207 -4.39992 8.22222
    endloop
  endfacet
  facet normal -0.919121 -0.0905284 -0.383434
    outer loop
      vertex -13.8802 -1.82737 0
      vertex -16.9636 -1.11185 7.22222
      vertex -13.97 -0.915644 0
    endloop
  endfacet
  facet normal -0.923073 -0.0302434 -0.383434
    outer loop
      vertex -13.97 -0.915644 0
      vertex -16.9636 -1.11185 7.22222
      vertex -14 0 0
    endloop
  endfacet
  facet normal -0.986631 0.162972 0
    outer loop
      vertex -16.8546 2.21894 7.22222
      vertex -16.6733 3.31653 8.22222
      vertex -16.6733 3.31653 7.22222
    endloop
  endfacet
  facet normal -0.986631 0.162972 0
    outer loop
      vertex -16.6733 3.31653 8.22222
      vertex -16.8546 2.21894 7.22222
      vertex -16.8546 2.21894 8.22222
    endloop
  endfacet
  facet normal -0.911219 0.150515 -0.383437
    outer loop
      vertex -13.8802 1.82737 0
      vertex -16.8546 2.21894 7.22222
      vertex -16.6733 3.31653 7.22222
    endloop
  endfacet
  facet normal 0.877332 -0.204556 0.434104
    outer loop
      vertex 16.6733 -3.31653 8.22222
      vertex 13.523 -3.62347 14.4444
      vertex 16.4207 -4.39992 8.22222
    endloop
  endfacet
  facet normal 0.862078 -0.261486 0.434104
    outer loop
      vertex 16.4207 -4.39992 8.22222
      vertex 13.523 -3.62347 14.4444
      vertex 16.0978 -5.46447 8.22222
    endloop
  endfacet
  facet normal 0.773047 -0.634348 0
    outer loop
      vertex 12.7813 -11.2089 8.22222
      vertex 13.487 -10.3489 7.22222
      vertex 13.487 -10.3489 8.22222
    endloop
  endfacet
  facet normal 0.773047 -0.634348 0
    outer loop
      vertex 13.487 -10.3489 7.22222
      vertex 12.7813 -11.2089 8.22222
      vertex 12.7813 -11.2089 7.22222
    endloop
  endfacet
  facet normal 0.812824 -0.582509 0
    outer loop
      vertex 13.487 -10.3489 8.22222
      vertex 14.135 -9.44469 7.22222
      vertex 14.135 -9.44469 8.22222
    endloop
  endfacet
  facet normal 0.812824 -0.582509 0
    outer loop
      vertex 14.135 -9.44469 7.22222
      vertex 13.487 -10.3489 8.22222
      vertex 13.487 -10.3489 7.22222
    endloop
  endfacet
  facet normal 0.7507 -0.537988 -0.38343
    outer loop
      vertex 13.487 -10.3489 7.22222
      vertex 11.6406 -7.77798 0
      vertex 14.135 -9.44469 7.22222
    endloop
  endfacet
  facet normal 0.750687 -0.538005 -0.383433
    outer loop
      vertex 13.487 -10.3489 7.22222
      vertex 11.1069 -8.52266 0
      vertex 11.6406 -7.77798 0
    endloop
  endfacet
  facet normal 0.657479 -0.615847 0.434113
    outer loop
      vertex 9.89949 -9.89949 14.4444
      vertex 12.7813 -11.2089 8.22222
      vertex 10.5258 -9.23084 14.4444
    endloop
  endfacet
  facet normal 0.657475 -0.615852 0.434112
    outer loop
      vertex 12.7813 -11.2089 8.22222
      vertex 9.89949 -9.89949 14.4444
      vertex 12.0208 -12.0208 8.22222
    endloop
  endfacet
  facet normal 0.765002 -0.475729 0.434112
    outer loop
      vertex 12.1244 -7 14.4444
      vertex 11.6406 -7.77798 14.4444
      vertex 14.135 -9.44469 8.22222
    endloop
  endfacet
  facet normal 0.899448 -0.209713 -0.383423
    outer loop
      vertex 16.4207 -4.39992 7.22222
      vertex 13.523 -3.62347 0
      vertex 16.6733 -3.31653 7.22222
    endloop
  endfacet
  facet normal 0.973879 -0.227067 0
    outer loop
      vertex 16.4207 -4.39992 8.22222
      vertex 16.6733 -3.31653 7.22222
      vertex 16.6733 -3.31653 8.22222
    endloop
  endfacet
  facet normal 0.973879 -0.227067 0
    outer loop
      vertex 16.6733 -3.31653 7.22222
      vertex 16.4207 -4.39992 8.22222
      vertex 16.4207 -4.39992 7.22222
    endloop
  endfacet
  facet normal 0.381168 0.841241 -0.383437
    outer loop
      vertex 6.19204 12.5562 0
      vertex 5.35757 12.9343 0
      vertex 6.50562 15.706 7.22222
    endloop
  endfacet
  facet normal 0.381222 0.84122 -0.38343
    outer loop
      vertex 7.51891 15.2468 7.22222
      vertex 6.19204 12.5562 0
      vertex 6.50562 15.706 7.22222
    endloop
  endfacet
  facet normal 0.317319 0.843121 0.434114
    outer loop
      vertex 5.46447 16.0978 8.22222
      vertex 4.50015 13.257 14.4444
      vertex 5.35757 12.9343 14.4444
    endloop
  endfacet
  facet normal 0.41277 0.910835 -0
    outer loop
      vertex 7.51891 15.2468 7.22222
      vertex 6.50562 15.706 8.22222
      vertex 7.51891 15.2468 8.22222
    endloop
  endfacet
  facet normal 0.41277 0.910835 0
    outer loop
      vertex 6.50562 15.706 8.22222
      vertex 7.51891 15.2468 7.22222
      vertex 6.50562 15.706 7.22222
    endloop
  endfacet
  facet normal 0.524758 0.73224 0.434112
    outer loop
      vertex 9.44469 14.135 8.22222
      vertex 7.77798 11.6406 14.4444
      vertex 10.3489 13.487 8.22222
    endloop
  endfacet
  facet normal 0.524775 0.732227 0.434114
    outer loop
      vertex 10.3489 13.487 8.22222
      vertex 7.77798 11.6406 14.4444
      vertex 8.52266 11.1069 14.4444
    endloop
  endfacet
  facet normal 0.537988 0.7507 -0.38343
    outer loop
      vertex 10.3489 13.487 7.22222
      vertex 7.77798 11.6406 0
      vertex 9.44469 14.135 7.22222
    endloop
  endfacet
  facet normal 0.528038 0.849221 -0
    outer loop
      vertex 9.44469 14.135 7.22222
      vertex 8.5 14.7224 8.22222
      vertex 9.44469 14.135 8.22222
    endloop
  endfacet
  facet normal 0.528038 0.849221 0
    outer loop
      vertex 8.5 14.7224 8.22222
      vertex 9.44469 14.135 7.22222
      vertex 8.5 14.7224 7.22222
    endloop
  endfacet
  facet normal 0.765002 0.475729 0.434112
    outer loop
      vertex 14.135 9.44469 8.22222
      vertex 11.6406 7.77798 14.4444
      vertex 12.1244 7 14.4444
    endloop
  endfacet
  facet normal 0.750687 0.538005 -0.383433
    outer loop
      vertex 11.6406 7.77798 0
      vertex 11.1069 8.52266 0
      vertex 13.487 10.3489 7.22222
    endloop
  endfacet
  facet normal 0.713963 0.585864 -0.383432
    outer loop
      vertex 13.487 10.3489 7.22222
      vertex 11.1069 8.52266 0
      vertex 12.7813 11.2089 7.22222
    endloop
  endfacet
  facet normal 0.935924 0.352202 0
    outer loop
      vertex 16.0978 5.46447 8.22222
      vertex 15.706 6.50562 7.22222
      vertex 15.706 6.50562 8.22222
    endloop
  endfacet
  facet normal 0.935924 0.352202 0
    outer loop
      vertex 15.706 6.50562 7.22222
      vertex 16.0978 5.46447 8.22222
      vertex 16.0978 5.46447 7.22222
    endloop
  endfacet
  facet normal 0.814517 0.435366 -0.38343
    outer loop
      vertex 15.2468 7.51891 7.22222
      vertex 12.5562 6.19204 0
      vertex 14.7224 8.5 7.22222
    endloop
  endfacet
  facet normal 0.881923 0.471394 0
    outer loop
      vertex 15.2468 7.51891 8.22222
      vertex 14.7224 8.5 7.22222
      vertex 14.7224 8.5 8.22222
    endloop
  endfacet
  facet normal 0.881923 0.471394 0
    outer loop
      vertex 14.7224 8.5 7.22222
      vertex 15.2468 7.51891 8.22222
      vertex 15.2468 7.51891 7.22222
    endloop
  endfacet
  facet normal 0.877336 0.204532 0.434107
    outer loop
      vertex 16.6733 3.31653 8.22222
      vertex 13.523 3.62347 14.4444
      vertex 13.731 2.73126 14.4444
    endloop
  endfacet
  facet normal 0.888812 0.146814 0.434119
    outer loop
      vertex 16.6733 3.31653 8.22222
      vertex 13.8802 1.82737 14.4444
      vertex 16.8546 2.21894 8.22222
    endloop
  endfacet
  facet normal 0.923075 -0.0302198 -0.383431
    outer loop
      vertex 16.9636 -1.11185 7.22222
      vertex 14 0 0
      vertex 17 0 7.22222
    endloop
  endfacet
  facet normal 0.999465 -0.0327207 0
    outer loop
      vertex 16.9636 -1.11185 8.22222
      vertex 17 0 7.22222
      vertex 17 0 8.22222
    endloop
  endfacet
  facet normal 0.999465 -0.0327207 0
    outer loop
      vertex 17 0 7.22222
      vertex 16.9636 -1.11185 8.22222
      vertex 16.9636 -1.11185 7.22222
    endloop
  endfacet
  facet normal 0.995188 -0.0979826 0
    outer loop
      vertex 16.8546 -2.21894 8.22222
      vertex 16.9636 -1.11185 7.22222
      vertex 16.9636 -1.11185 8.22222
    endloop
  endfacet
  facet normal 0.995188 -0.0979826 0
    outer loop
      vertex 16.9636 -1.11185 7.22222
      vertex 16.8546 -2.21894 8.22222
      vertex 16.8546 -2.21894 7.22222
    endloop
  endfacet
  facet normal 0.911219 0.150515 -0.383437
    outer loop
      vertex 16.8546 2.21894 7.22222
      vertex 13.8802 1.82737 0
      vertex 16.6733 3.31653 7.22222
    endloop
  endfacet
  facet normal 0.919121 0.0905284 -0.383434
    outer loop
      vertex 13.97 0.915644 0
      vertex 13.8802 1.82737 0
      vertex 16.9636 1.11185 7.22222
    endloop
  endfacet
  facet normal 0.864389 0.325282 -0.383437
    outer loop
      vertex 16.0978 5.46447 7.22222
      vertex 12.9343 5.35757 0
      vertex 15.706 6.50562 7.22222
    endloop
  endfacet
  facet normal 0.0979826 0.995188 -0
    outer loop
      vertex 2.21894 16.8546 7.22222
      vertex 1.11185 16.9636 8.22222
      vertex 2.21894 16.8546 8.22222
    endloop
  endfacet
  facet normal 0.0979826 0.995188 0
    outer loop
      vertex 1.11185 16.9636 8.22222
      vertex 2.21894 16.8546 7.22222
      vertex 1.11185 16.9636 7.22222
    endloop
  endfacet
  facet normal 0.162972 0.986631 -0
    outer loop
      vertex 3.31653 16.6733 7.22222
      vertex 2.21894 16.8546 8.22222
      vertex 3.31653 16.6733 8.22222
    endloop
  endfacet
  facet normal 0.162972 0.986631 0
    outer loop
      vertex 2.21894 16.8546 8.22222
      vertex 3.31653 16.6733 7.22222
      vertex 2.21894 16.8546 7.22222
    endloop
  endfacet
  facet normal -0.585853 -0.713973 -0.38343
    outer loop
      vertex -8.52266 -11.1069 0
      vertex -11.2089 -12.7813 7.22222
      vertex -9.23084 -10.5258 0
    endloop
  endfacet
  facet normal -0.585864 -0.713963 -0.383432
    outer loop
      vertex -10.3489 -13.487 7.22222
      vertex -11.2089 -12.7813 7.22222
      vertex -8.52266 -11.1069 0
    endloop
  endfacet
  facet normal -0.713973 -0.585853 -0.38343
    outer loop
      vertex -10.5258 -9.23084 0
      vertex -12.7813 -11.2089 7.22222
      vertex -11.1069 -8.52266 0
    endloop
  endfacet
  facet normal -0.435319 -0.814545 -0.383423
    outer loop
      vertex -6.19204 -12.5562 0
      vertex -8.5 -14.7224 7.22222
      vertex -7 -12.1244 0
    endloop
  endfacet
  facet normal -0.571458 -0.696406 0.434114
    outer loop
      vertex -8.52266 -11.1069 14.4444
      vertex -11.2089 -12.7813 8.22222
      vertex -10.3489 -13.487 8.22222
    endloop
  endfacet
  facet normal -0.371847 -0.820534 0.434112
    outer loop
      vertex -6.19204 -12.5562 14.4444
      vertex -7.51891 -15.2468 8.22222
      vertex -6.50562 -15.706 8.22222
    endloop
  endfacet
  facet normal -0.42466 -0.794488 0.434111
    outer loop
      vertex -6.19204 -12.5562 14.4444
      vertex -8.5 -14.7224 8.22222
      vertex -7.51891 -15.2468 8.22222
    endloop
  endfacet
  facet normal -0.325282 -0.864389 -0.383437
    outer loop
      vertex -5.46447 -16.0978 7.22222
      vertex -6.50562 -15.706 7.22222
      vertex -5.35757 -12.9343 0
    endloop
  endfacet
  facet normal -0.261561 -0.86205 0.434115
    outer loop
      vertex -4.50015 -13.257 14.4444
      vertex -5.46447 -16.0978 8.22222
      vertex -3.62347 -13.523 14.4444
    endloop
  endfacet
  facet normal 0.0905284 -0.919121 -0.383434
    outer loop
      vertex 1.11185 -16.9636 7.22222
      vertex 0.915644 -13.97 0
      vertex 1.82737 -13.8802 0
    endloop
  endfacet
  facet normal -0.150413 -0.911242 -0.383425
    outer loop
      vertex -1.82737 -13.8802 0
      vertex -3.31653 -16.6733 7.22222
      vertex -2.73126 -13.731 0
    endloop
  endfacet
  facet normal -0.209689 -0.899453 -0.383426
    outer loop
      vertex -3.31653 -16.6733 7.22222
      vertex -3.62347 -13.523 0
      vertex -2.73126 -13.731 0
    endloop
  endfacet
  facet normal 0.475729 -0.765002 0.434112
    outer loop
      vertex 7.77798 -11.6406 14.4444
      vertex 7 -12.1244 14.4444
      vertex 9.44469 -14.135 8.22222
    endloop
  endfacet
  facet normal 0.146715 -0.888834 0.434106
    outer loop
      vertex 2.73126 -13.731 14.4444
      vertex 1.82737 -13.8802 14.4444
      vertex 3.31653 -16.6733 8.22222
    endloop
  endfacet
  facet normal 0.146814 -0.888812 0.434119
    outer loop
      vertex 3.31653 -16.6733 8.22222
      vertex 1.82737 -13.8802 14.4444
      vertex 2.21894 -16.8546 8.22222
    endloop
  endfacet
  facet normal 0.227067 -0.973879 0
    outer loop
      vertex 3.31653 -16.6733 7.22222
      vertex 4.39992 -16.4207 8.22222
      vertex 3.31653 -16.6733 8.22222
    endloop
  endfacet
  facet normal 0.227067 -0.973879 0
    outer loop
      vertex 4.39992 -16.4207 8.22222
      vertex 3.31653 -16.6733 7.22222
      vertex 4.39992 -16.4207 7.22222
    endloop
  endfacet
  facet normal 0.290262 -0.956947 0
    outer loop
      vertex 4.39992 -16.4207 7.22222
      vertex 5.46447 -16.0978 8.22222
      vertex 4.39992 -16.4207 8.22222
    endloop
  endfacet
  facet normal 0.290262 -0.956947 0
    outer loop
      vertex 5.46447 -16.0978 8.22222
      vertex 4.39992 -16.4207 7.22222
      vertex 5.46447 -16.0978 7.22222
    endloop
  endfacet
  facet normal 0.268155 -0.883783 -0.383433
    outer loop
      vertex 5.46447 -16.0978 7.22222
      vertex 3.62347 -13.523 0
      vertex 4.50015 -13.257 0
    endloop
  endfacet
  facet normal -0.843121 -0.317319 0.434114
    outer loop
      vertex -13.257 -4.50015 14.4444
      vertex -16.0978 -5.46447 8.22222
      vertex -12.9343 -5.35757 14.4444
    endloop
  endfacet
  facet normal -0.86205 -0.261561 0.434115
    outer loop
      vertex -13.523 -3.62347 14.4444
      vertex -16.0978 -5.46447 8.22222
      vertex -13.257 -4.50015 14.4444
    endloop
  endfacet
  facet normal 0.84122 -0.381222 -0.38343
    outer loop
      vertex 15.2468 -7.51891 7.22222
      vertex 12.5562 -6.19204 0
      vertex 15.706 -6.50562 7.22222
    endloop
  endfacet
  facet normal 0.910835 -0.41277 0
    outer loop
      vertex 15.2468 -7.51891 8.22222
      vertex 15.706 -6.50562 7.22222
      vertex 15.706 -6.50562 8.22222
    endloop
  endfacet
  facet normal 0.910835 -0.41277 0
    outer loop
      vertex 15.706 -6.50562 7.22222
      vertex 15.2468 -7.51891 8.22222
      vertex 15.2468 -7.51891 7.22222
    endloop
  endfacet
  facet normal 0.86205 -0.261561 0.434115
    outer loop
      vertex 13.523 -3.62347 14.4444
      vertex 13.257 -4.50015 14.4444
      vertex 16.0978 -5.46447 8.22222
    endloop
  endfacet
  facet normal 0.843121 -0.317319 0.434114
    outer loop
      vertex 13.257 -4.50015 14.4444
      vertex 12.9343 -5.35757 14.4444
      vertex 16.0978 -5.46447 8.22222
    endloop
  endfacet
  facet normal 0.696416 -0.571447 0.434112
    outer loop
      vertex 11.1069 -8.52266 14.4444
      vertex 10.5258 -9.23084 14.4444
      vertex 12.7813 -11.2089 8.22222
    endloop
  endfacet
  facet normal 0.864377 -0.325318 -0.383432
    outer loop
      vertex 16.0978 -5.46447 7.22222
      vertex 12.9343 -5.35757 0
      vertex 13.257 -4.50015 0
    endloop
  endfacet
  facet normal 0.794516 -0.424615 0.434104
    outer loop
      vertex 12.5562 -6.19204 14.4444
      vertex 12.1244 -7 14.4444
      vertex 14.7224 -8.5 8.22222
    endloop
  endfacet
  facet normal 0.765031 -0.475689 0.434106
    outer loop
      vertex 14.7224 -8.5 8.22222
      vertex 12.1244 -7 14.4444
      vertex 14.135 -9.44469 8.22222
    endloop
  endfacet
  facet normal 0.956947 -0.290262 0
    outer loop
      vertex 16.0978 -5.46447 8.22222
      vertex 16.4207 -4.39992 7.22222
      vertex 16.4207 -4.39992 8.22222
    endloop
  endfacet
  facet normal 0.956947 -0.290262 0
    outer loop
      vertex 16.4207 -4.39992 7.22222
      vertex 16.0978 -5.46447 8.22222
      vertex 16.0978 -5.46447 7.22222
    endloop
  endfacet
  facet normal 0.88381 -0.268078 -0.383423
    outer loop
      vertex 16.0978 -5.46447 7.22222
      vertex 13.523 -3.62347 0
      vertex 16.4207 -4.39992 7.22222
    endloop
  endfacet
  facet normal 0.317283 0.843132 0.434119
    outer loop
      vertex 5.46447 16.0978 8.22222
      vertex 5.35757 12.9343 14.4444
      vertex 6.50562 15.706 8.22222
    endloop
  endfacet
  facet normal 0.371795 0.820554 0.434119
    outer loop
      vertex 6.50562 15.706 8.22222
      vertex 5.35757 12.9343 14.4444
      vertex 6.19204 12.5562 14.4444
    endloop
  endfacet
  facet normal 0.571458 0.696406 0.434114
    outer loop
      vertex 10.3489 13.487 8.22222
      vertex 8.52266 11.1069 14.4444
      vertex 11.2089 12.7813 8.22222
    endloop
  endfacet
  facet normal 0.435319 0.814545 -0.383423
    outer loop
      vertex 7 12.1244 0
      vertex 6.19204 12.5562 0
      vertex 8.5 14.7224 7.22222
    endloop
  endfacet
  facet normal 0.435366 0.814517 -0.38343
    outer loop
      vertex 8.5 14.7224 7.22222
      vertex 6.19204 12.5562 0
      vertex 7.51891 15.2468 7.22222
    endloop
  endfacet
  facet normal 0.538005 0.750687 -0.383433
    outer loop
      vertex 8.52266 11.1069 0
      vertex 7.77798 11.6406 0
      vertex 10.3489 13.487 7.22222
    endloop
  endfacet
  facet normal 0.732227 0.524775 0.434114
    outer loop
      vertex 13.487 10.3489 8.22222
      vertex 11.1069 8.52266 14.4444
      vertex 11.6406 7.77798 14.4444
    endloop
  endfacet
  facet normal 0.7507 0.537988 -0.38343
    outer loop
      vertex 14.135 9.44469 7.22222
      vertex 11.6406 7.77798 0
      vertex 13.487 10.3489 7.22222
    endloop
  endfacet
  facet normal 0.843132 0.317283 0.434119
    outer loop
      vertex 15.706 6.50562 8.22222
      vertex 12.9343 5.35757 14.4444
      vertex 16.0978 5.46447 8.22222
    endloop
  endfacet
  facet normal 0.956947 0.290262 0
    outer loop
      vertex 16.4207 4.39992 8.22222
      vertex 16.0978 5.46447 7.22222
      vertex 16.0978 5.46447 8.22222
    endloop
  endfacet
  facet normal 0.956947 0.290262 0
    outer loop
      vertex 16.0978 5.46447 7.22222
      vertex 16.4207 4.39992 8.22222
      vertex 16.4207 4.39992 7.22222
    endloop
  endfacet
  facet normal 0.910835 0.41277 0
    outer loop
      vertex 15.706 6.50562 8.22222
      vertex 15.2468 7.51891 7.22222
      vertex 15.2468 7.51891 8.22222
    endloop
  endfacet
  facet normal 0.910835 0.41277 0
    outer loop
      vertex 15.2468 7.51891 7.22222
      vertex 15.706 6.50562 8.22222
      vertex 15.706 6.50562 7.22222
    endloop
  endfacet
  facet normal 0.84122 0.381222 -0.38343
    outer loop
      vertex 15.706 6.50562 7.22222
      vertex 12.5562 6.19204 0
      vertex 15.2468 7.51891 7.22222
    endloop
  endfacet
  facet normal 0.986631 0.162972 0
    outer loop
      vertex 16.8546 2.21894 8.22222
      vertex 16.6733 3.31653 7.22222
      vertex 16.6733 3.31653 8.22222
    endloop
  endfacet
  facet normal 0.986631 0.162972 0
    outer loop
      vertex 16.6733 3.31653 7.22222
      vertex 16.8546 2.21894 8.22222
      vertex 16.8546 2.21894 7.22222
    endloop
  endfacet
  facet normal 0.995188 0.0979826 0
    outer loop
      vertex 16.9636 1.11185 8.22222
      vertex 16.8546 2.21894 7.22222
      vertex 16.8546 2.21894 8.22222
    endloop
  endfacet
  facet normal 0.995188 0.0979826 0
    outer loop
      vertex 16.8546 2.21894 7.22222
      vertex 16.9636 1.11185 8.22222
      vertex 16.9636 1.11185 7.22222
    endloop
  endfacet
  facet normal 0.923073 -0.0302434 -0.383434
    outer loop
      vertex 16.9636 -1.11185 7.22222
      vertex 13.97 -0.915644 0
      vertex 14 0 0
    endloop
  endfacet
  facet normal 0.919121 -0.0905284 -0.383434
    outer loop
      vertex 16.9636 -1.11185 7.22222
      vertex 13.8802 -1.82737 0
      vertex 13.97 -0.915644 0
    endloop
  endfacet
  facet normal 0.911242 0.150413 -0.383425
    outer loop
      vertex 13.8802 1.82737 0
      vertex 13.731 2.73126 0
      vertex 16.6733 3.31653 7.22222
    endloop
  endfacet
  facet normal 0.88381 0.268078 -0.383423
    outer loop
      vertex 16.4207 4.39992 7.22222
      vertex 13.523 3.62347 0
      vertex 16.0978 5.46447 7.22222
    endloop
  endfacet
  facet normal 0.864377 0.325318 -0.383432
    outer loop
      vertex 13.257 4.50015 0
      vertex 12.9343 5.35757 0
      vertex 16.0978 5.46447 7.22222
    endloop
  endfacet
  facet normal 0.883783 0.268155 -0.383433
    outer loop
      vertex 13.523 3.62347 0
      vertex 13.257 4.50015 0
      vertex 16.0978 5.46447 7.22222
    endloop
  endfacet
  facet normal -0.631377 -0.67405 -0.38343
    outer loop
      vertex -9.89949 -9.89949 0
      vertex -11.2089 -12.7813 7.22222
      vertex -12.0208 -12.0208 7.22222
    endloop
  endfacet
  facet normal -0.631372 -0.674055 -0.383431
    outer loop
      vertex -11.2089 -12.7813 7.22222
      vertex -9.89949 -9.89949 0
      vertex -9.23084 -10.5258 0
    endloop
  endfacet
  facet normal -0.683627 -0.729831 0
    outer loop
      vertex -12.0208 -12.0208 7.22222
      vertex -11.2089 -12.7813 8.22222
      vertex -12.0208 -12.0208 8.22222
    endloop
  endfacet
  facet normal -0.683627 -0.729831 -0
    outer loop
      vertex -11.2089 -12.7813 8.22222
      vertex -12.0208 -12.0208 7.22222
      vertex -11.2089 -12.7813 7.22222
    endloop
  endfacet
  facet normal -0.524775 -0.732227 0.434114
    outer loop
      vertex -8.52266 -11.1069 14.4444
      vertex -10.3489 -13.487 8.22222
      vertex -7.77798 -11.6406 14.4444
    endloop
  endfacet
  facet normal -0.352202 -0.935924 0
    outer loop
      vertex -6.50562 -15.706 7.22222
      vertex -5.46447 -16.0978 8.22222
      vertex -6.50562 -15.706 8.22222
    endloop
  endfacet
  facet normal -0.352202 -0.935924 -0
    outer loop
      vertex -5.46447 -16.0978 8.22222
      vertex -6.50562 -15.706 7.22222
      vertex -5.46447 -16.0978 7.22222
    endloop
  endfacet
  facet normal -0.317283 -0.843132 0.434119
    outer loop
      vertex -5.35757 -12.9343 14.4444
      vertex -6.50562 -15.706 8.22222
      vertex -5.46447 -16.0978 8.22222
    endloop
  endfacet
  facet normal 0.0302434 -0.923073 -0.383434
    outer loop
      vertex 1.11185 -16.9636 7.22222
      vertex 0 -14 0
      vertex 0.915644 -13.97 0
    endloop
  endfacet
  facet normal 0.261486 -0.862078 0.434104
    outer loop
      vertex 5.46447 -16.0978 8.22222
      vertex 3.62347 -13.523 14.4444
      vertex 4.39992 -16.4207 8.22222
    endloop
  endfacet
  facet normal 0.204556 -0.877332 0.434104
    outer loop
      vertex 3.62347 -13.523 14.4444
      vertex 3.31653 -16.6733 8.22222
      vertex 4.39992 -16.4207 8.22222
    endloop
  endfacet
  facet normal 0.261561 -0.86205 0.434115
    outer loop
      vertex 4.50015 -13.257 14.4444
      vertex 3.62347 -13.523 14.4444
      vertex 5.46447 -16.0978 8.22222
    endloop
  endfacet
  facet normal 0.317319 -0.843121 0.434114
    outer loop
      vertex 5.35757 -12.9343 14.4444
      vertex 4.50015 -13.257 14.4444
      vertex 5.46447 -16.0978 8.22222
    endloop
  endfacet
  facet normal -0.910835 -0.41277 0
    outer loop
      vertex -15.2468 -7.51891 7.22222
      vertex -15.706 -6.50562 8.22222
      vertex -15.706 -6.50562 7.22222
    endloop
  endfacet
  facet normal -0.910835 -0.41277 0
    outer loop
      vertex -15.706 -6.50562 8.22222
      vertex -15.2468 -7.51891 7.22222
      vertex -15.2468 -7.51891 8.22222
    endloop
  endfacet
  facet normal 0.881923 -0.471394 0
    outer loop
      vertex 14.7224 -8.5 8.22222
      vertex 15.2468 -7.51891 7.22222
      vertex 15.2468 -7.51891 8.22222
    endloop
  endfacet
  facet normal 0.881923 -0.471394 0
    outer loop
      vertex 15.2468 -7.51891 7.22222
      vertex 14.7224 -8.5 8.22222
      vertex 14.7224 -8.5 7.22222
    endloop
  endfacet
  facet normal 0.371847 0.820534 0.434112
    outer loop
      vertex 6.50562 15.706 8.22222
      vertex 6.19204 12.5562 14.4444
      vertex 7.51891 15.2468 8.22222
    endloop
  endfacet
  facet normal 0.615852 0.657475 0.434112
    outer loop
      vertex 11.2089 12.7813 8.22222
      vertex 9.89949 9.89949 14.4444
      vertex 12.0208 12.0208 8.22222
    endloop
  endfacet
  facet normal 0.615847 0.657479 0.434113
    outer loop
      vertex 9.89949 9.89949 14.4444
      vertex 11.2089 12.7813 8.22222
      vertex 9.23084 10.5258 14.4444
    endloop
  endfacet
  facet normal 0.571447 0.696416 0.434112
    outer loop
      vertex 11.2089 12.7813 8.22222
      vertex 8.52266 11.1069 14.4444
      vertex 9.23084 10.5258 14.4444
    endloop
  endfacet
  facet normal 0.634348 0.773047 -0
    outer loop
      vertex 11.2089 12.7813 7.22222
      vertex 10.3489 13.487 8.22222
      vertex 11.2089 12.7813 8.22222
    endloop
  endfacet
  facet normal 0.634348 0.773047 0
    outer loop
      vertex 10.3489 13.487 8.22222
      vertex 11.2089 12.7813 7.22222
      vertex 10.3489 13.487 7.22222
    endloop
  endfacet
  facet normal 0.683627 0.729831 -0
    outer loop
      vertex 12.0208 12.0208 7.22222
      vertex 11.2089 12.7813 8.22222
      vertex 12.0208 12.0208 8.22222
    endloop
  endfacet
  facet normal 0.683627 0.729831 0
    outer loop
      vertex 11.2089 12.7813 8.22222
      vertex 12.0208 12.0208 7.22222
      vertex 11.2089 12.7813 7.22222
    endloop
  endfacet
  facet normal 0.585853 0.713973 -0.38343
    outer loop
      vertex 9.23084 10.5258 0
      vertex 8.52266 11.1069 0
      vertex 11.2089 12.7813 7.22222
    endloop
  endfacet
  facet normal 0.713973 0.585853 -0.38343
    outer loop
      vertex 11.1069 8.52266 0
      vertex 10.5258 9.23084 0
      vertex 12.7813 11.2089 7.22222
    endloop
  endfacet
  facet normal 0.784288 0.487723 -0.383431
    outer loop
      vertex 12.1244 7 0
      vertex 11.6406 7.77798 0
      vertex 14.135 9.44469 7.22222
    endloop
  endfacet
  facet normal 0.86205 0.261561 0.434115
    outer loop
      vertex 16.0978 5.46447 8.22222
      vertex 13.257 4.50015 14.4444
      vertex 13.523 3.62347 14.4444
    endloop
  endfacet
  facet normal 0.794516 0.424615 0.434104
    outer loop
      vertex 14.7224 8.5 8.22222
      vertex 12.1244 7 14.4444
      vertex 12.5562 6.19204 14.4444
    endloop
  endfacet
  facet normal 0.794488 0.42466 0.434111
    outer loop
      vertex 14.7224 8.5 8.22222
      vertex 12.5562 6.19204 14.4444
      vertex 15.2468 7.51891 8.22222
    endloop
  endfacet
  facet normal 0.820534 0.371847 0.434112
    outer loop
      vertex 15.2468 7.51891 8.22222
      vertex 12.5562 6.19204 14.4444
      vertex 15.706 6.50562 8.22222
    endloop
  endfacet
  facet normal -0.820534 -0.371847 0.434112
    outer loop
      vertex -12.5562 -6.19204 14.4444
      vertex -15.706 -6.50562 8.22222
      vertex -15.2468 -7.51891 8.22222
    endloop
  endfacet
  facet normal 0.864389 -0.325282 -0.383437
    outer loop
      vertex 15.706 -6.50562 7.22222
      vertex 12.9343 -5.35757 0
      vertex 16.0978 -5.46447 7.22222
    endloop
  endfacet
  facet normal 0.814517 -0.435366 -0.38343
    outer loop
      vertex 14.7224 -8.5 7.22222
      vertex 12.5562 -6.19204 0
      vertex 15.2468 -7.51891 7.22222
    endloop
  endfacet
  facet normal 0.935924 -0.352202 0
    outer loop
      vertex 15.706 -6.50562 8.22222
      vertex 16.0978 -5.46447 7.22222
      vertex 16.0978 -5.46447 8.22222
    endloop
  endfacet
  facet normal 0.935924 -0.352202 0
    outer loop
      vertex 16.0978 -5.46447 7.22222
      vertex 15.706 -6.50562 8.22222
      vertex 15.706 -6.50562 7.22222
    endloop
  endfacet
  facet normal 0.820534 -0.371847 0.434112
    outer loop
      vertex 15.706 -6.50562 8.22222
      vertex 12.5562 -6.19204 14.4444
      vertex 15.2468 -7.51891 8.22222
    endloop
  endfacet
  facet normal 0.794488 -0.42466 0.434111
    outer loop
      vertex 15.2468 -7.51891 8.22222
      vertex 12.5562 -6.19204 14.4444
      vertex 14.7224 -8.5 8.22222
    endloop
  endfacet
  facet normal 0.657475 0.615852 0.434112
    outer loop
      vertex 9.89949 9.89949 14.4444
      vertex 12.7813 11.2089 8.22222
      vertex 12.0208 12.0208 8.22222
    endloop
  endfacet
  facet normal 0.657479 0.615847 0.434113
    outer loop
      vertex 12.7813 11.2089 8.22222
      vertex 9.89949 9.89949 14.4444
      vertex 10.5258 9.23084 14.4444
    endloop
  endfacet
  facet normal 0.729831 0.683627 0
    outer loop
      vertex 12.7813 11.2089 8.22222
      vertex 12.0208 12.0208 7.22222
      vertex 12.0208 12.0208 8.22222
    endloop
  endfacet
  facet normal 0.729831 0.683627 0
    outer loop
      vertex 12.0208 12.0208 7.22222
      vertex 12.7813 11.2089 8.22222
      vertex 12.7813 11.2089 7.22222
    endloop
  endfacet
  facet normal 0.862078 0.261486 0.434104
    outer loop
      vertex 16.0978 5.46447 8.22222
      vertex 13.523 3.62347 14.4444
      vertex 16.4207 4.39992 8.22222
    endloop
  endfacet
  facet normal 0.877332 0.204556 0.434104
    outer loop
      vertex 16.4207 4.39992 8.22222
      vertex 13.523 3.62347 14.4444
      vertex 16.6733 3.31653 8.22222
    endloop
  endfacet
  facet normal 0.634391 0.773013 -0
    outer loop
      vertex 5.27477 6.01472 14.4444
      vertex 4.87009 6.34683 16.4444
      vertex 5.27477 6.01472 16.4444
    endloop
  endfacet
  facet normal 0.634391 0.773013 0
    outer loop
      vertex 4.87009 6.34683 16.4444
      vertex 5.27477 6.01472 14.4444
      vertex 4.87009 6.34683 14.4444
    endloop
  endfacet
  facet normal -0.352243 0.935909 0
    outer loop
      vertex -2.57152 7.57544 14.4444
      vertex -3.06147 7.39104 16.4444
      vertex -2.57152 7.57544 16.4444
    endloop
  endfacet
  facet normal -0.352243 0.935909 0
    outer loop
      vertex -3.06147 7.39104 16.4444
      vertex -2.57152 7.57544 14.4444
      vertex -3.06147 7.39104 14.4444
    endloop
  endfacet
  facet normal -0.910859 0.412718 0
    outer loop
      vertex -7.39104 3.06147 14.4444
      vertex -7.17498 3.53831 16.4444
      vertex -7.17498 3.53831 14.4444
    endloop
  endfacet
  facet normal -0.910859 0.412718 0
    outer loop
      vertex -7.17498 3.53831 16.4444
      vertex -7.39104 3.06147 14.4444
      vertex -7.39104 3.06147 16.4444
    endloop
  endfacet
  facet normal 0.999465 -0.0327217 0
    outer loop
      vertex 7.98287 -0.523225 16.4444
      vertex 8 0 14.4444
      vertex 8 0 16.4444
    endloop
  endfacet
  facet normal 0.999465 -0.0327217 0
    outer loop
      vertex 8 0 14.4444
      vertex 7.98287 -0.523225 16.4444
      vertex 7.98287 -0.523225 14.4444
    endloop
  endfacet
  facet normal 0.910859 0.412718 0
    outer loop
      vertex 7.39104 3.06147 16.4444
      vertex 7.17498 3.53831 14.4444
      vertex 7.17498 3.53831 16.4444
    endloop
  endfacet
  facet normal 0.910859 0.412718 0
    outer loop
      vertex 7.17498 3.53831 14.4444
      vertex 7.39104 3.06147 16.4444
      vertex 7.39104 3.06147 14.4444
    endloop
  endfacet
  facet normal 0.88192 0.471399 0
    outer loop
      vertex 7.17498 3.53831 16.4444
      vertex 6.9282 4 14.4444
      vertex 6.9282 4 16.4444
    endloop
  endfacet
  facet normal 0.88192 0.471399 0
    outer loop
      vertex 6.9282 4 14.4444
      vertex 7.17498 3.53831 16.4444
      vertex 7.17498 3.53831 14.4444
    endloop
  endfacet
  facet normal 0.412718 0.910859 -0
    outer loop
      vertex 3.53831 7.17498 14.4444
      vertex 3.06147 7.39104 16.4444
      vertex 3.53831 7.17498 16.4444
    endloop
  endfacet
  facet normal 0.412718 0.910859 0
    outer loop
      vertex 3.06147 7.39104 16.4444
      vertex 3.53831 7.17498 14.4444
      vertex 3.06147 7.39104 14.4444
    endloop
  endfacet
  facet normal 0.162903 0.986642 -0
    outer loop
      vertex 1.56072 7.84628 14.4444
      vertex 1.04421 7.93156 16.4444
      vertex 1.56072 7.84628 16.4444
    endloop
  endfacet
  facet normal 0.162903 0.986642 0
    outer loop
      vertex 1.04421 7.93156 16.4444
      vertex 1.56072 7.84628 14.4444
      vertex 1.04421 7.93156 14.4444
    endloop
  endfacet
  facet normal -0.986642 0.162903 0
    outer loop
      vertex -7.93156 1.04421 14.4444
      vertex -7.84628 1.56072 16.4444
      vertex -7.84628 1.56072 14.4444
    endloop
  endfacet
  facet normal -0.986642 0.162903 0
    outer loop
      vertex -7.84628 1.56072 16.4444
      vertex -7.93156 1.04421 14.4444
      vertex -7.93156 1.04421 16.4444
    endloop
  endfacet
  facet normal -0.162903 0.986642 0
    outer loop
      vertex -1.04421 7.93156 14.4444
      vertex -1.56072 7.84628 16.4444
      vertex -1.04421 7.93156 16.4444
    endloop
  endfacet
  facet normal -0.162903 0.986642 0
    outer loop
      vertex -1.56072 7.84628 16.4444
      vertex -1.04421 7.93156 14.4444
      vertex -1.56072 7.84628 14.4444
    endloop
  endfacet
  facet normal 0.352243 -0.935909 0
    outer loop
      vertex 2.57152 -7.57544 14.4444
      vertex 3.06147 -7.39104 16.4444
      vertex 2.57152 -7.57544 16.4444
    endloop
  endfacet
  facet normal 0.352243 -0.935909 0
    outer loop
      vertex 3.06147 -7.39104 16.4444
      vertex 2.57152 -7.57544 14.4444
      vertex 3.06147 -7.39104 14.4444
    endloop
  endfacet
  facet normal -0.162903 -0.986642 0
    outer loop
      vertex -1.56072 -7.84628 14.4444
      vertex -1.04421 -7.93156 16.4444
      vertex -1.56072 -7.84628 16.4444
    endloop
  endfacet
  facet normal -0.162903 -0.986642 -0
    outer loop
      vertex -1.04421 -7.93156 16.4444
      vertex -1.56072 -7.84628 14.4444
      vertex -1.04421 -7.93156 14.4444
    endloop
  endfacet
  facet normal -0.683606 -0.729852 0
    outer loop
      vertex -5.65685 -5.65685 14.4444
      vertex -5.27477 -6.01472 16.4444
      vertex -5.65685 -5.65685 16.4444
    endloop
  endfacet
  facet normal -0.683606 -0.729852 -0
    outer loop
      vertex -5.27477 -6.01472 16.4444
      vertex -5.65685 -5.65685 14.4444
      vertex -5.27477 -6.01472 14.4444
    endloop
  endfacet
  facet normal -0.986642 -0.162903 0
    outer loop
      vertex -7.84628 -1.56072 14.4444
      vertex -7.93156 -1.04421 16.4444
      vertex -7.93156 -1.04421 14.4444
    endloop
  endfacet
  facet normal -0.986642 -0.162903 0
    outer loop
      vertex -7.93156 -1.04421 16.4444
      vertex -7.84628 -1.56072 14.4444
      vertex -7.84628 -1.56072 16.4444
    endloop
  endfacet
  facet normal -0.812847 -0.582477 0
    outer loop
      vertex -6.34683 -4.87009 14.4444
      vertex -6.65176 -4.44456 16.4444
      vertex -6.65176 -4.44456 14.4444
    endloop
  endfacet
  facet normal -0.812847 -0.582477 0
    outer loop
      vertex -6.65176 -4.44456 16.4444
      vertex -6.34683 -4.87009 14.4444
      vertex -6.34683 -4.87009 16.4444
    endloop
  endfacet
  facet normal 0.995185 0.0980123 0
    outer loop
      vertex 7.98287 0.523225 16.4444
      vertex 7.93156 1.04421 14.4444
      vertex 7.93156 1.04421 16.4444
    endloop
  endfacet
  facet normal 0.995185 0.0980123 0
    outer loop
      vertex 7.93156 1.04421 14.4444
      vertex 7.98287 0.523225 16.4444
      vertex 7.98287 0.523225 14.4444
    endloop
  endfacet
  facet normal 0.986642 0.162903 0
    outer loop
      vertex 7.93156 1.04421 16.4444
      vertex 7.84628 1.56072 14.4444
      vertex 7.84628 1.56072 16.4444
    endloop
  endfacet
  facet normal 0.986642 0.162903 0
    outer loop
      vertex 7.84628 1.56072 14.4444
      vertex 7.93156 1.04421 16.4444
      vertex 7.93156 1.04421 14.4444
    endloop
  endfacet
  facet normal 0.773013 0.634391 0
    outer loop
      vertex 6.34683 4.87009 16.4444
      vertex 6.01472 5.27477 14.4444
      vertex 6.01472 5.27477 16.4444
    endloop
  endfacet
  facet normal 0.773013 0.634391 0
    outer loop
      vertex 6.01472 5.27477 14.4444
      vertex 6.34683 4.87009 16.4444
      vertex 6.34683 4.87009 14.4444
    endloop
  endfacet
  facet normal 0.812847 0.582477 0
    outer loop
      vertex 6.65176 4.44456 16.4444
      vertex 6.34683 4.87009 14.4444
      vertex 6.34683 4.87009 16.4444
    endloop
  endfacet
  facet normal 0.812847 0.582477 0
    outer loop
      vertex 6.34683 4.87009 14.4444
      vertex 6.65176 4.44456 16.4444
      vertex 6.65176 4.44456 14.4444
    endloop
  endfacet
  facet normal 0.729852 0.683606 0
    outer loop
      vertex 6.01472 5.27477 16.4444
      vertex 5.65685 5.65685 14.4444
      vertex 5.65685 5.65685 16.4444
    endloop
  endfacet
  facet normal 0.729852 0.683606 0
    outer loop
      vertex 5.65685 5.65685 14.4444
      vertex 6.01472 5.27477 16.4444
      vertex 6.01472 5.27477 14.4444
    endloop
  endfacet
  facet normal 0.582477 0.812847 -0
    outer loop
      vertex 4.87009 6.34683 14.4444
      vertex 4.44456 6.65176 16.4444
      vertex 4.87009 6.34683 16.4444
    endloop
  endfacet
  facet normal 0.582477 0.812847 0
    outer loop
      vertex 4.44456 6.65176 16.4444
      vertex 4.87009 6.34683 14.4444
      vertex 4.44456 6.65176 14.4444
    endloop
  endfacet
  facet normal 0.471399 0.88192 -0
    outer loop
      vertex 4 6.9282 14.4444
      vertex 3.53831 7.17498 16.4444
      vertex 4 6.9282 16.4444
    endloop
  endfacet
  facet normal 0.471399 0.88192 0
    outer loop
      vertex 3.53831 7.17498 16.4444
      vertex 4 6.9282 14.4444
      vertex 3.53831 7.17498 14.4444
    endloop
  endfacet
  facet normal 0.290289 0.956939 -0
    outer loop
      vertex 2.57152 7.57544 14.4444
      vertex 2.07055 7.72741 16.4444
      vertex 2.57152 7.57544 16.4444
    endloop
  endfacet
  facet normal 0.290289 0.956939 0
    outer loop
      vertex 2.07055 7.72741 16.4444
      vertex 2.57152 7.57544 14.4444
      vertex 2.07055 7.72741 14.4444
    endloop
  endfacet
  facet normal 0.227066 0.973879 -0
    outer loop
      vertex 2.07055 7.72741 14.4444
      vertex 1.56072 7.84628 16.4444
      vertex 2.07055 7.72741 16.4444
    endloop
  endfacet
  facet normal 0.227066 0.973879 0
    outer loop
      vertex 1.56072 7.84628 16.4444
      vertex 2.07055 7.72741 14.4444
      vertex 1.56072 7.84628 14.4444
    endloop
  endfacet
  facet normal -0.956939 0.290289 0
    outer loop
      vertex -7.72741 2.07055 14.4444
      vertex -7.57544 2.57152 16.4444
      vertex -7.57544 2.57152 14.4444
    endloop
  endfacet
  facet normal -0.956939 0.290289 0
    outer loop
      vertex -7.57544 2.57152 16.4444
      vertex -7.72741 2.07055 14.4444
      vertex -7.72741 2.07055 16.4444
    endloop
  endfacet
  facet normal -0.973879 0.227066 0
    outer loop
      vertex -7.84628 1.56072 14.4444
      vertex -7.72741 2.07055 16.4444
      vertex -7.72741 2.07055 14.4444
    endloop
  endfacet
  facet normal -0.973879 0.227066 0
    outer loop
      vertex -7.72741 2.07055 16.4444
      vertex -7.84628 1.56072 14.4444
      vertex -7.84628 1.56072 16.4444
    endloop
  endfacet
  facet normal -0.849207 0.528061 0
    outer loop
      vertex -6.9282 4 14.4444
      vertex -6.65176 4.44456 16.4444
      vertex -6.65176 4.44456 14.4444
    endloop
  endfacet
  facet normal -0.849207 0.528061 0
    outer loop
      vertex -6.65176 4.44456 16.4444
      vertex -6.9282 4 14.4444
      vertex -6.9282 4 16.4444
    endloop
  endfacet
  facet normal -0.812847 0.582477 0
    outer loop
      vertex -6.65176 4.44456 14.4444
      vertex -6.34683 4.87009 16.4444
      vertex -6.34683 4.87009 14.4444
    endloop
  endfacet
  facet normal -0.812847 0.582477 0
    outer loop
      vertex -6.34683 4.87009 16.4444
      vertex -6.65176 4.44456 14.4444
      vertex -6.65176 4.44456 16.4444
    endloop
  endfacet
  facet normal -0.773013 0.634391 0
    outer loop
      vertex -6.34683 4.87009 14.4444
      vertex -6.01472 5.27477 16.4444
      vertex -6.01472 5.27477 14.4444
    endloop
  endfacet
  facet normal -0.773013 0.634391 0
    outer loop
      vertex -6.01472 5.27477 16.4444
      vertex -6.34683 4.87009 14.4444
      vertex -6.34683 4.87009 16.4444
    endloop
  endfacet
  facet normal -0.227066 0.973879 0
    outer loop
      vertex -1.56072 7.84628 14.4444
      vertex -2.07055 7.72741 16.4444
      vertex -1.56072 7.84628 16.4444
    endloop
  endfacet
  facet normal -0.227066 0.973879 0
    outer loop
      vertex -2.07055 7.72741 16.4444
      vertex -1.56072 7.84628 14.4444
      vertex -2.07055 7.72741 14.4444
    endloop
  endfacet
  facet normal -0.528061 0.849207 0
    outer loop
      vertex -4 6.9282 14.4444
      vertex -4.44456 6.65176 16.4444
      vertex -4 6.9282 16.4444
    endloop
  endfacet
  facet normal -0.528061 0.849207 0
    outer loop
      vertex -4.44456 6.65176 16.4444
      vertex -4 6.9282 14.4444
      vertex -4.44456 6.65176 14.4444
    endloop
  endfacet
  facet normal -0.582477 0.812847 0
    outer loop
      vertex -4.44456 6.65176 14.4444
      vertex -4.87009 6.34683 16.4444
      vertex -4.44456 6.65176 16.4444
    endloop
  endfacet
  facet normal -0.582477 0.812847 0
    outer loop
      vertex -4.87009 6.34683 16.4444
      vertex -4.44456 6.65176 14.4444
      vertex -4.87009 6.34683 14.4444
    endloop
  endfacet
  facet normal -0.412718 0.910859 0
    outer loop
      vertex -3.06147 7.39104 14.4444
      vertex -3.53831 7.17498 16.4444
      vertex -3.06147 7.39104 16.4444
    endloop
  endfacet
  facet normal -0.412718 0.910859 0
    outer loop
      vertex -3.53831 7.17498 16.4444
      vertex -3.06147 7.39104 14.4444
      vertex -3.53831 7.17498 14.4444
    endloop
  endfacet
  facet normal -0.634391 0.773013 0
    outer loop
      vertex -4.87009 6.34683 14.4444
      vertex -5.27477 6.01472 16.4444
      vertex -4.87009 6.34683 16.4444
    endloop
  endfacet
  facet normal -0.634391 0.773013 0
    outer loop
      vertex -5.27477 6.01472 16.4444
      vertex -4.87009 6.34683 14.4444
      vertex -5.27477 6.01472 14.4444
    endloop
  endfacet
  facet normal 0.999465 0.0327217 0
    outer loop
      vertex 8 0 16.4444
      vertex 7.98287 0.523225 14.4444
      vertex 7.98287 0.523225 16.4444
    endloop
  endfacet
  facet normal 0.999465 0.0327217 0
    outer loop
      vertex 7.98287 0.523225 14.4444
      vertex 8 0 16.4444
      vertex 8 0 14.4444
    endloop
  endfacet
  facet normal 0.162903 -0.986642 0
    outer loop
      vertex 1.04421 -7.93156 14.4444
      vertex 1.56072 -7.84628 16.4444
      vertex 1.04421 -7.93156 16.4444
    endloop
  endfacet
  facet normal 0.162903 -0.986642 0
    outer loop
      vertex 1.56072 -7.84628 16.4444
      vertex 1.04421 -7.93156 14.4444
      vertex 1.56072 -7.84628 14.4444
    endloop
  endfacet
  facet normal 0.956939 -0.290289 0
    outer loop
      vertex 7.57544 -2.57152 16.4444
      vertex 7.72741 -2.07055 14.4444
      vertex 7.72741 -2.07055 16.4444
    endloop
  endfacet
  facet normal 0.956939 -0.290289 0
    outer loop
      vertex 7.72741 -2.07055 14.4444
      vertex 7.57544 -2.57152 16.4444
      vertex 7.57544 -2.57152 14.4444
    endloop
  endfacet
  facet normal 0.773013 -0.634391 0
    outer loop
      vertex 6.01472 -5.27477 16.4444
      vertex 6.34683 -4.87009 14.4444
      vertex 6.34683 -4.87009 16.4444
    endloop
  endfacet
  facet normal 0.773013 -0.634391 0
    outer loop
      vertex 6.34683 -4.87009 14.4444
      vertex 6.01472 -5.27477 16.4444
      vertex 6.01472 -5.27477 14.4444
    endloop
  endfacet
  facet normal 0.910859 -0.412718 0
    outer loop
      vertex 7.17498 -3.53831 16.4444
      vertex 7.39104 -3.06147 14.4444
      vertex 7.39104 -3.06147 16.4444
    endloop
  endfacet
  facet normal 0.910859 -0.412718 0
    outer loop
      vertex 7.39104 -3.06147 14.4444
      vertex 7.17498 -3.53831 16.4444
      vertex 7.17498 -3.53831 14.4444
    endloop
  endfacet
  facet normal 0.227066 -0.973879 0
    outer loop
      vertex 1.56072 -7.84628 14.4444
      vertex 2.07055 -7.72741 16.4444
      vertex 1.56072 -7.84628 16.4444
    endloop
  endfacet
  facet normal 0.227066 -0.973879 0
    outer loop
      vertex 2.07055 -7.72741 16.4444
      vertex 1.56072 -7.84628 14.4444
      vertex 2.07055 -7.72741 14.4444
    endloop
  endfacet
  facet normal 0.634391 -0.773013 0
    outer loop
      vertex 4.87009 -6.34683 14.4444
      vertex 5.27477 -6.01472 16.4444
      vertex 4.87009 -6.34683 16.4444
    endloop
  endfacet
  facet normal 0.634391 -0.773013 0
    outer loop
      vertex 5.27477 -6.01472 16.4444
      vertex 4.87009 -6.34683 14.4444
      vertex 5.27477 -6.01472 14.4444
    endloop
  endfacet
  facet normal 0.729852 -0.683606 0
    outer loop
      vertex 5.65685 -5.65685 16.4444
      vertex 6.01472 -5.27477 14.4444
      vertex 6.01472 -5.27477 16.4444
    endloop
  endfacet
  facet normal 0.729852 -0.683606 0
    outer loop
      vertex 6.01472 -5.27477 14.4444
      vertex 5.65685 -5.65685 16.4444
      vertex 5.65685 -5.65685 14.4444
    endloop
  endfacet
  facet normal 0.582477 -0.812847 0
    outer loop
      vertex 4.44456 -6.65176 14.4444
      vertex 4.87009 -6.34683 16.4444
      vertex 4.44456 -6.65176 16.4444
    endloop
  endfacet
  facet normal 0.582477 -0.812847 0
    outer loop
      vertex 4.87009 -6.34683 16.4444
      vertex 4.44456 -6.65176 14.4444
      vertex 4.87009 -6.34683 14.4444
    endloop
  endfacet
  facet normal -0.0327217 -0.999465 0
    outer loop
      vertex -0.523225 -7.98287 14.4444
      vertex 0 -8 16.4444
      vertex -0.523225 -7.98287 16.4444
    endloop
  endfacet
  facet normal -0.0327217 -0.999465 -0
    outer loop
      vertex 0 -8 16.4444
      vertex -0.523225 -7.98287 14.4444
      vertex 0 -8 14.4444
    endloop
  endfacet
  facet normal -0.528061 -0.849207 0
    outer loop
      vertex -4.44456 -6.65176 14.4444
      vertex -4 -6.9282 16.4444
      vertex -4.44456 -6.65176 16.4444
    endloop
  endfacet
  facet normal -0.528061 -0.849207 -0
    outer loop
      vertex -4 -6.9282 16.4444
      vertex -4.44456 -6.65176 14.4444
      vertex -4 -6.9282 14.4444
    endloop
  endfacet
  facet normal -0.412718 -0.910859 0
    outer loop
      vertex -3.53831 -7.17498 14.4444
      vertex -3.06147 -7.39104 16.4444
      vertex -3.53831 -7.17498 16.4444
    endloop
  endfacet
  facet normal -0.412718 -0.910859 -0
    outer loop
      vertex -3.06147 -7.39104 16.4444
      vertex -3.53831 -7.17498 14.4444
      vertex -3.06147 -7.39104 14.4444
    endloop
  endfacet
  facet normal -0.973879 -0.227066 0
    outer loop
      vertex -7.72741 -2.07055 14.4444
      vertex -7.84628 -1.56072 16.4444
      vertex -7.84628 -1.56072 14.4444
    endloop
  endfacet
  facet normal -0.973879 -0.227066 0
    outer loop
      vertex -7.84628 -1.56072 16.4444
      vertex -7.72741 -2.07055 14.4444
      vertex -7.72741 -2.07055 16.4444
    endloop
  endfacet
  facet normal -0.935909 -0.352243 0
    outer loop
      vertex -7.39104 -3.06147 14.4444
      vertex -7.57544 -2.57152 16.4444
      vertex -7.57544 -2.57152 14.4444
    endloop
  endfacet
  facet normal -0.935909 -0.352243 0
    outer loop
      vertex -7.57544 -2.57152 16.4444
      vertex -7.39104 -3.06147 14.4444
      vertex -7.39104 -3.06147 16.4444
    endloop
  endfacet
  facet normal -0.729852 -0.683606 0
    outer loop
      vertex -5.65685 -5.65685 14.4444
      vertex -6.01472 -5.27477 16.4444
      vertex -6.01472 -5.27477 14.4444
    endloop
  endfacet
  facet normal -0.729852 -0.683606 0
    outer loop
      vertex -6.01472 -5.27477 16.4444
      vertex -5.65685 -5.65685 14.4444
      vertex -5.65685 -5.65685 16.4444
    endloop
  endfacet
  facet normal 0.973879 0.227066 0
    outer loop
      vertex 7.84628 1.56072 16.4444
      vertex 7.72741 2.07055 14.4444
      vertex 7.72741 2.07055 16.4444
    endloop
  endfacet
  facet normal 0.973879 0.227066 0
    outer loop
      vertex 7.72741 2.07055 14.4444
      vertex 7.84628 1.56072 16.4444
      vertex 7.84628 1.56072 14.4444
    endloop
  endfacet
  facet normal 0.956939 0.290289 0
    outer loop
      vertex 7.72741 2.07055 16.4444
      vertex 7.57544 2.57152 14.4444
      vertex 7.57544 2.57152 16.4444
    endloop
  endfacet
  facet normal 0.956939 0.290289 0
    outer loop
      vertex 7.57544 2.57152 14.4444
      vertex 7.72741 2.07055 16.4444
      vertex 7.72741 2.07055 14.4444
    endloop
  endfacet
  facet normal 0.935909 0.352243 0
    outer loop
      vertex 7.57544 2.57152 16.4444
      vertex 7.39104 3.06147 14.4444
      vertex 7.39104 3.06147 16.4444
    endloop
  endfacet
  facet normal 0.935909 0.352243 0
    outer loop
      vertex 7.39104 3.06147 14.4444
      vertex 7.57544 2.57152 16.4444
      vertex 7.57544 2.57152 14.4444
    endloop
  endfacet
  facet normal 0.683606 0.729852 -0
    outer loop
      vertex 5.65685 5.65685 14.4444
      vertex 5.27477 6.01472 16.4444
      vertex 5.65685 5.65685 16.4444
    endloop
  endfacet
  facet normal 0.683606 0.729852 0
    outer loop
      vertex 5.27477 6.01472 16.4444
      vertex 5.65685 5.65685 14.4444
      vertex 5.27477 6.01472 14.4444
    endloop
  endfacet
  facet normal 0.0327217 0.999465 -0
    outer loop
      vertex 0.523225 7.98287 14.4444
      vertex 0 8 16.4444
      vertex 0.523225 7.98287 16.4444
    endloop
  endfacet
  facet normal 0.0327217 0.999465 0
    outer loop
      vertex 0 8 16.4444
      vertex 0.523225 7.98287 14.4444
      vertex 0 8 14.4444
    endloop
  endfacet
  facet normal 0.528061 0.849207 -0
    outer loop
      vertex 4.44456 6.65176 14.4444
      vertex 4 6.9282 16.4444
      vertex 4.44456 6.65176 16.4444
    endloop
  endfacet
  facet normal 0.528061 0.849207 0
    outer loop
      vertex 4 6.9282 16.4444
      vertex 4.44456 6.65176 14.4444
      vertex 4 6.9282 14.4444
    endloop
  endfacet
  facet normal -0.999465 0.0327217 0
    outer loop
      vertex -8 0 14.4444
      vertex -7.98287 0.523225 16.4444
      vertex -7.98287 0.523225 14.4444
    endloop
  endfacet
  facet normal -0.999465 0.0327217 0
    outer loop
      vertex -7.98287 0.523225 16.4444
      vertex -8 0 14.4444
      vertex -8 0 16.4444
    endloop
  endfacet
  facet normal -0.290289 0.956939 0
    outer loop
      vertex -2.07055 7.72741 14.4444
      vertex -2.57152 7.57544 16.4444
      vertex -2.07055 7.72741 16.4444
    endloop
  endfacet
  facet normal -0.290289 0.956939 0
    outer loop
      vertex -2.57152 7.57544 16.4444
      vertex -2.07055 7.72741 14.4444
      vertex -2.57152 7.57544 14.4444
    endloop
  endfacet
  facet normal -0.0327217 0.999465 0
    outer loop
      vertex 0 8 14.4444
      vertex -0.523225 7.98287 16.4444
      vertex 0 8 16.4444
    endloop
  endfacet
  facet normal -0.0327217 0.999465 0
    outer loop
      vertex -0.523225 7.98287 16.4444
      vertex 0 8 14.4444
      vertex -0.523225 7.98287 14.4444
    endloop
  endfacet
  facet normal -0.0980123 0.995185 0
    outer loop
      vertex -0.523225 7.98287 14.4444
      vertex -1.04421 7.93156 16.4444
      vertex -0.523225 7.98287 16.4444
    endloop
  endfacet
  facet normal -0.0980123 0.995185 0
    outer loop
      vertex -1.04421 7.93156 16.4444
      vertex -0.523225 7.98287 14.4444
      vertex -1.04421 7.93156 14.4444
    endloop
  endfacet
  facet normal -0.471399 0.88192 0
    outer loop
      vertex -3.53831 7.17498 14.4444
      vertex -4 6.9282 16.4444
      vertex -3.53831 7.17498 16.4444
    endloop
  endfacet
  facet normal -0.471399 0.88192 0
    outer loop
      vertex -4 6.9282 16.4444
      vertex -3.53831 7.17498 14.4444
      vertex -4 6.9282 14.4444
    endloop
  endfacet
  facet normal -0.683606 0.729852 0
    outer loop
      vertex -5.27477 6.01472 14.4444
      vertex -5.65685 5.65685 16.4444
      vertex -5.27477 6.01472 16.4444
    endloop
  endfacet
  facet normal -0.683606 0.729852 0
    outer loop
      vertex -5.65685 5.65685 16.4444
      vertex -5.27477 6.01472 14.4444
      vertex -5.65685 5.65685 14.4444
    endloop
  endfacet
  facet normal 0.0327217 -0.999465 0
    outer loop
      vertex 0 -8 14.4444
      vertex 0.523225 -7.98287 16.4444
      vertex 0 -8 16.4444
    endloop
  endfacet
  facet normal 0.0327217 -0.999465 0
    outer loop
      vertex 0.523225 -7.98287 16.4444
      vertex 0 -8 14.4444
      vertex 0.523225 -7.98287 14.4444
    endloop
  endfacet
  facet normal 0.995185 -0.0980123 0
    outer loop
      vertex 7.93156 -1.04421 16.4444
      vertex 7.98287 -0.523225 14.4444
      vertex 7.98287 -0.523225 16.4444
    endloop
  endfacet
  facet normal 0.995185 -0.0980123 0
    outer loop
      vertex 7.98287 -0.523225 14.4444
      vertex 7.93156 -1.04421 16.4444
      vertex 7.93156 -1.04421 14.4444
    endloop
  endfacet
  facet normal 0.849207 -0.528061 0
    outer loop
      vertex 6.65176 -4.44456 16.4444
      vertex 6.9282 -4 14.4444
      vertex 6.9282 -4 16.4444
    endloop
  endfacet
  facet normal 0.849207 -0.528061 0
    outer loop
      vertex 6.9282 -4 14.4444
      vertex 6.65176 -4.44456 16.4444
      vertex 6.65176 -4.44456 14.4444
    endloop
  endfacet
  facet normal 0.0980123 -0.995185 0
    outer loop
      vertex 0.523225 -7.98287 14.4444
      vertex 1.04421 -7.93156 16.4444
      vertex 0.523225 -7.98287 16.4444
    endloop
  endfacet
  facet normal 0.0980123 -0.995185 0
    outer loop
      vertex 1.04421 -7.93156 16.4444
      vertex 0.523225 -7.98287 14.4444
      vertex 1.04421 -7.93156 14.4444
    endloop
  endfacet
  facet normal 0.290289 -0.956939 0
    outer loop
      vertex 2.07055 -7.72741 14.4444
      vertex 2.57152 -7.57544 16.4444
      vertex 2.07055 -7.72741 16.4444
    endloop
  endfacet
  facet normal 0.290289 -0.956939 0
    outer loop
      vertex 2.57152 -7.57544 16.4444
      vertex 2.07055 -7.72741 14.4444
      vertex 2.57152 -7.57544 14.4444
    endloop
  endfacet
  facet normal 0.683606 -0.729852 0
    outer loop
      vertex 5.27477 -6.01472 14.4444
      vertex 5.65685 -5.65685 16.4444
      vertex 5.27477 -6.01472 16.4444
    endloop
  endfacet
  facet normal 0.683606 -0.729852 0
    outer loop
      vertex 5.65685 -5.65685 16.4444
      vertex 5.27477 -6.01472 14.4444
      vertex 5.65685 -5.65685 14.4444
    endloop
  endfacet
  facet normal 0.412718 -0.910859 0
    outer loop
      vertex 3.06147 -7.39104 14.4444
      vertex 3.53831 -7.17498 16.4444
      vertex 3.06147 -7.39104 16.4444
    endloop
  endfacet
  facet normal 0.412718 -0.910859 0
    outer loop
      vertex 3.53831 -7.17498 16.4444
      vertex 3.06147 -7.39104 14.4444
      vertex 3.53831 -7.17498 14.4444
    endloop
  endfacet
  facet normal 0.528061 -0.849207 0
    outer loop
      vertex 4 -6.9282 14.4444
      vertex 4.44456 -6.65176 16.4444
      vertex 4 -6.9282 16.4444
    endloop
  endfacet
  facet normal 0.528061 -0.849207 0
    outer loop
      vertex 4.44456 -6.65176 16.4444
      vertex 4 -6.9282 14.4444
      vertex 4.44456 -6.65176 14.4444
    endloop
  endfacet
  facet normal -0.227066 -0.973879 0
    outer loop
      vertex -2.07055 -7.72741 14.4444
      vertex -1.56072 -7.84628 16.4444
      vertex -2.07055 -7.72741 16.4444
    endloop
  endfacet
  facet normal -0.227066 -0.973879 -0
    outer loop
      vertex -1.56072 -7.84628 16.4444
      vertex -2.07055 -7.72741 14.4444
      vertex -1.56072 -7.84628 14.4444
    endloop
  endfacet
  facet normal -0.352243 -0.935909 0
    outer loop
      vertex -3.06147 -7.39104 14.4444
      vertex -2.57152 -7.57544 16.4444
      vertex -3.06147 -7.39104 16.4444
    endloop
  endfacet
  facet normal -0.352243 -0.935909 -0
    outer loop
      vertex -2.57152 -7.57544 16.4444
      vertex -3.06147 -7.39104 14.4444
      vertex -2.57152 -7.57544 14.4444
    endloop
  endfacet
  facet normal -0.0980123 -0.995185 0
    outer loop
      vertex -1.04421 -7.93156 14.4444
      vertex -0.523225 -7.98287 16.4444
      vertex -1.04421 -7.93156 16.4444
    endloop
  endfacet
  facet normal -0.0980123 -0.995185 -0
    outer loop
      vertex -0.523225 -7.98287 16.4444
      vertex -1.04421 -7.93156 14.4444
      vertex -0.523225 -7.98287 14.4444
    endloop
  endfacet
  facet normal -0.290289 -0.956939 0
    outer loop
      vertex -2.57152 -7.57544 14.4444
      vertex -2.07055 -7.72741 16.4444
      vertex -2.57152 -7.57544 16.4444
    endloop
  endfacet
  facet normal -0.290289 -0.956939 -0
    outer loop
      vertex -2.07055 -7.72741 16.4444
      vertex -2.57152 -7.57544 14.4444
      vertex -2.07055 -7.72741 14.4444
    endloop
  endfacet
  facet normal -0.471399 -0.88192 0
    outer loop
      vertex -4 -6.9282 14.4444
      vertex -3.53831 -7.17498 16.4444
      vertex -4 -6.9282 16.4444
    endloop
  endfacet
  facet normal -0.471399 -0.88192 -0
    outer loop
      vertex -3.53831 -7.17498 16.4444
      vertex -4 -6.9282 14.4444
      vertex -3.53831 -7.17498 14.4444
    endloop
  endfacet
  facet normal -0.582477 -0.812847 0
    outer loop
      vertex -4.87009 -6.34683 14.4444
      vertex -4.44456 -6.65176 16.4444
      vertex -4.87009 -6.34683 16.4444
    endloop
  endfacet
  facet normal -0.582477 -0.812847 -0
    outer loop
      vertex -4.44456 -6.65176 16.4444
      vertex -4.87009 -6.34683 14.4444
      vertex -4.44456 -6.65176 14.4444
    endloop
  endfacet
  facet normal -0.634391 -0.773013 0
    outer loop
      vertex -5.27477 -6.01472 14.4444
      vertex -4.87009 -6.34683 16.4444
      vertex -5.27477 -6.01472 16.4444
    endloop
  endfacet
  facet normal -0.634391 -0.773013 -0
    outer loop
      vertex -4.87009 -6.34683 16.4444
      vertex -5.27477 -6.01472 14.4444
      vertex -4.87009 -6.34683 14.4444
    endloop
  endfacet
  facet normal -0.956939 -0.290289 0
    outer loop
      vertex -7.57544 -2.57152 14.4444
      vertex -7.72741 -2.07055 16.4444
      vertex -7.72741 -2.07055 14.4444
    endloop
  endfacet
  facet normal -0.956939 -0.290289 0
    outer loop
      vertex -7.72741 -2.07055 16.4444
      vertex -7.57544 -2.57152 14.4444
      vertex -7.57544 -2.57152 16.4444
    endloop
  endfacet
  facet normal -0.999465 -0.0327217 0
    outer loop
      vertex -7.98287 -0.523225 14.4444
      vertex -8 0 16.4444
      vertex -8 0 14.4444
    endloop
  endfacet
  facet normal -0.999465 -0.0327217 0
    outer loop
      vertex -8 0 16.4444
      vertex -7.98287 -0.523225 14.4444
      vertex -7.98287 -0.523225 16.4444
    endloop
  endfacet
  facet normal -0.995185 -0.0980123 0
    outer loop
      vertex -7.93156 -1.04421 14.4444
      vertex -7.98287 -0.523225 16.4444
      vertex -7.98287 -0.523225 14.4444
    endloop
  endfacet
  facet normal -0.995185 -0.0980123 0
    outer loop
      vertex -7.98287 -0.523225 16.4444
      vertex -7.93156 -1.04421 14.4444
      vertex -7.93156 -1.04421 16.4444
    endloop
  endfacet
  facet normal -0.88192 -0.471399 0
    outer loop
      vertex -6.9282 -4 14.4444
      vertex -7.17498 -3.53831 16.4444
      vertex -7.17498 -3.53831 14.4444
    endloop
  endfacet
  facet normal -0.88192 -0.471399 0
    outer loop
      vertex -7.17498 -3.53831 16.4444
      vertex -6.9282 -4 14.4444
      vertex -6.9282 -4 16.4444
    endloop
  endfacet
  facet normal -0.849207 -0.528061 0
    outer loop
      vertex -6.65176 -4.44456 14.4444
      vertex -6.9282 -4 16.4444
      vertex -6.9282 -4 14.4444
    endloop
  endfacet
  facet normal -0.849207 -0.528061 0
    outer loop
      vertex -6.9282 -4 16.4444
      vertex -6.65176 -4.44456 14.4444
      vertex -6.65176 -4.44456 16.4444
    endloop
  endfacet
  facet normal -0.910859 -0.412718 0
    outer loop
      vertex -7.17498 -3.53831 14.4444
      vertex -7.39104 -3.06147 16.4444
      vertex -7.39104 -3.06147 14.4444
    endloop
  endfacet
  facet normal -0.910859 -0.412718 0
    outer loop
      vertex -7.39104 -3.06147 16.4444
      vertex -7.17498 -3.53831 14.4444
      vertex -7.17498 -3.53831 16.4444
    endloop
  endfacet
  facet normal -0.773013 -0.634391 0
    outer loop
      vertex -6.01472 -5.27477 14.4444
      vertex -6.34683 -4.87009 16.4444
      vertex -6.34683 -4.87009 14.4444
    endloop
  endfacet
  facet normal -0.773013 -0.634391 0
    outer loop
      vertex -6.34683 -4.87009 16.4444
      vertex -6.01472 -5.27477 14.4444
      vertex -6.01472 -5.27477 16.4444
    endloop
  endfacet
  facet normal 0.849207 0.528061 0
    outer loop
      vertex 6.9282 4 16.4444
      vertex 6.65176 4.44456 14.4444
      vertex 6.65176 4.44456 16.4444
    endloop
  endfacet
  facet normal 0.849207 0.528061 0
    outer loop
      vertex 6.65176 4.44456 14.4444
      vertex 6.9282 4 16.4444
      vertex 6.9282 4 14.4444
    endloop
  endfacet
  facet normal 0.0980123 0.995185 -0
    outer loop
      vertex 1.04421 7.93156 14.4444
      vertex 0.523225 7.98287 16.4444
      vertex 1.04421 7.93156 16.4444
    endloop
  endfacet
  facet normal 0.0980123 0.995185 0
    outer loop
      vertex 0.523225 7.98287 16.4444
      vertex 1.04421 7.93156 14.4444
      vertex 0.523225 7.98287 14.4444
    endloop
  endfacet
  facet normal 0.352243 0.935909 -0
    outer loop
      vertex 3.06147 7.39104 14.4444
      vertex 2.57152 7.57544 16.4444
      vertex 3.06147 7.39104 16.4444
    endloop
  endfacet
  facet normal 0.352243 0.935909 0
    outer loop
      vertex 2.57152 7.57544 16.4444
      vertex 3.06147 7.39104 14.4444
      vertex 2.57152 7.57544 14.4444
    endloop
  endfacet
  facet normal 0 0 1
    outer loop
      vertex 6 0 16.4444
      vertex 8 0 16.4444
      vertex 7.98287 0.523225 16.4444
    endloop
  endfacet
  facet normal 0 0 1
    outer loop
      vertex 5.98715 0.392418 16.4444
      vertex 7.98287 0.523225 16.4444
      vertex 7.93156 1.04421 16.4444
    endloop
  endfacet
  facet normal 0 0 1
    outer loop
      vertex 8 0 16.4444
      vertex 6 0 16.4444
      vertex 7.98287 -0.523225 16.4444
    endloop
  endfacet
  facet normal 0 0 1
    outer loop
      vertex 5.94867 0.783156 16.4444
      vertex 7.93156 1.04421 16.4444
      vertex 7.84628 1.56072 16.4444
    endloop
  endfacet
  facet normal -0 0 1
    outer loop
      vertex 5.98715 -0.392418 16.4444
      vertex 7.98287 -0.523225 16.4444
      vertex 6 0 16.4444
    endloop
  endfacet
  facet normal 0 0 1
    outer loop
      vertex 5.88471 1.17054 16.4444
      vertex 7.84628 1.56072 16.4444
      vertex 7.72741 2.07055 16.4444
    endloop
  endfacet
  facet normal 0 0 1
    outer loop
      vertex 7.98287 -0.523225 16.4444
      vertex 5.98715 -0.392418 16.4444
      vertex 7.93156 -1.04421 16.4444
    endloop
  endfacet
  facet normal 0 0 1
    outer loop
      vertex 5.79555 1.55291 16.4444
      vertex 7.72741 2.07055 16.4444
      vertex 7.57544 2.57152 16.4444
    endloop
  endfacet
  facet normal -0 0 1
    outer loop
      vertex 5.94867 -0.783156 16.4444
      vertex 7.93156 -1.04421 16.4444
      vertex 5.98715 -0.392418 16.4444
    endloop
  endfacet
  facet normal 0 0 1
    outer loop
      vertex 5.68158 1.92864 16.4444
      vertex 7.57544 2.57152 16.4444
      vertex 7.39104 3.06147 16.4444
    endloop
  endfacet
  facet normal 0 0 1
    outer loop
      vertex 7.93156 -1.04421 16.4444
      vertex 5.94867 -0.783156 16.4444
      vertex 7.84628 -1.56072 16.4444
    endloop
  endfacet
  facet normal 0 0 1
    outer loop
      vertex 5.54328 2.2961 16.4444
      vertex 7.39104 3.06147 16.4444
      vertex 7.17498 3.53831 16.4444
    endloop
  endfacet
  facet normal -0 0 1
    outer loop
      vertex 5.88471 -1.17054 16.4444
      vertex 7.84628 -1.56072 16.4444
      vertex 5.94867 -0.783156 16.4444
    endloop
  endfacet
  facet normal 0 0 1
    outer loop
      vertex 5.38124 2.65373 16.4444
      vertex 7.17498 3.53831 16.4444
      vertex 6.9282 4 16.4444
    endloop
  endfacet
  facet normal 0 0 1
    outer loop
      vertex 7.84628 -1.56072 16.4444
      vertex 5.88471 -1.17054 16.4444
      vertex 7.72741 -2.07055 16.4444
    endloop
  endfacet
  facet normal 0 0 1
    outer loop
      vertex 5.19615 3 16.4444
      vertex 6.9282 4 16.4444
      vertex 6.65176 4.44456 16.4444
    endloop
  endfacet
  facet normal -0 0 1
    outer loop
      vertex 5.79555 -1.55291 16.4444
      vertex 7.72741 -2.07055 16.4444
      vertex 5.88471 -1.17054 16.4444
    endloop
  endfacet
  facet normal 0 0 1
    outer loop
      vertex 4.98882 3.33342 16.4444
      vertex 6.65176 4.44456 16.4444
      vertex 6.34683 4.87009 16.4444
    endloop
  endfacet
  facet normal 0 0 1
    outer loop
      vertex 7.72741 -2.07055 16.4444
      vertex 5.79555 -1.55291 16.4444
      vertex 7.57544 -2.57152 16.4444
    endloop
  endfacet
  facet normal 0 0 1
    outer loop
      vertex 4.76012 3.65257 16.4444
      vertex 6.34683 4.87009 16.4444
      vertex 6.01472 5.27477 16.4444
    endloop
  endfacet
  facet normal -0 0 1
    outer loop
      vertex 5.68158 -1.92864 16.4444
      vertex 7.57544 -2.57152 16.4444
      vertex 5.79555 -1.55291 16.4444
    endloop
  endfacet
  facet normal 0 0 1
    outer loop
      vertex 7.57544 -2.57152 16.4444
      vertex 5.68158 -1.92864 16.4444
      vertex 7.39104 -3.06147 16.4444
    endloop
  endfacet
  facet normal 0 0 1
    outer loop
      vertex 7.98287 0.523225 16.4444
      vertex 5.98715 0.392418 16.4444
      vertex 6 0 16.4444
    endloop
  endfacet
  facet normal 0 0 1
    outer loop
      vertex 7.93156 1.04421 16.4444
      vertex 5.94867 0.783156 16.4444
      vertex 5.98715 0.392418 16.4444
    endloop
  endfacet
  facet normal 0 0 1
    outer loop
      vertex 7.84628 1.56072 16.4444
      vertex 5.88471 1.17054 16.4444
      vertex 5.94867 0.783156 16.4444
    endloop
  endfacet
  facet normal 0 0 1
    outer loop
      vertex 7.72741 2.07055 16.4444
      vertex 5.79555 1.55291 16.4444
      vertex 5.88471 1.17054 16.4444
    endloop
  endfacet
  facet normal 0 0 1
    outer loop
      vertex 7.57544 2.57152 16.4444
      vertex 5.68158 1.92864 16.4444
      vertex 5.79555 1.55291 16.4444
    endloop
  endfacet
  facet normal 0 0 1
    outer loop
      vertex 4.51104 3.95607 16.4444
      vertex 6.01472 5.27477 16.4444
      vertex 5.65685 5.65685 16.4444
    endloop
  endfacet
  facet normal 0 0 1
    outer loop
      vertex 7.39104 3.06147 16.4444
      vertex 5.54328 2.2961 16.4444
      vertex 5.68158 1.92864 16.4444
    endloop
  endfacet
  facet normal 0 0 1
    outer loop
      vertex 7.17498 3.53831 16.4444
      vertex 5.38124 2.65373 16.4444
      vertex 5.54328 2.2961 16.4444
    endloop
  endfacet
  facet normal 0 0 1
    outer loop
      vertex 4.24264 4.24264 16.4444
      vertex 5.65685 5.65685 16.4444
      vertex 5.27477 6.01472 16.4444
    endloop
  endfacet
  facet normal 0 0 1
    outer loop
      vertex 6.9282 4 16.4444
      vertex 5.19615 3 16.4444
      vertex 5.38124 2.65373 16.4444
    endloop
  endfacet
  facet normal 0 0 1
    outer loop
      vertex 6.65176 4.44456 16.4444
      vertex 4.98882 3.33342 16.4444
      vertex 5.19615 3 16.4444
    endloop
  endfacet
  facet normal 0 0 1
    outer loop
      vertex 3.95607 4.51104 16.4444
      vertex 5.27477 6.01472 16.4444
      vertex 4.87009 6.34683 16.4444
    endloop
  endfacet
  facet normal 0 0 1
    outer loop
      vertex 6.34683 4.87009 16.4444
      vertex 4.76012 3.65257 16.4444
      vertex 4.98882 3.33342 16.4444
    endloop
  endfacet
  facet normal 0 0 1
    outer loop
      vertex 6.01472 5.27477 16.4444
      vertex 4.51104 3.95607 16.4444
      vertex 4.76012 3.65257 16.4444
    endloop
  endfacet
  facet normal 0 0 1
    outer loop
      vertex 3.65257 4.76012 16.4444
      vertex 4.87009 6.34683 16.4444
      vertex 4.44456 6.65176 16.4444
    endloop
  endfacet
  facet normal 0 0 1
    outer loop
      vertex 5.65685 5.65685 16.4444
      vertex 4.24264 4.24264 16.4444
      vertex 4.51104 3.95607 16.4444
    endloop
  endfacet
  facet normal 0 0 1
    outer loop
      vertex 3.33342 4.98882 16.4444
      vertex 4.44456 6.65176 16.4444
      vertex 4 6.9282 16.4444
    endloop
  endfacet
  facet normal 0 0 1
    outer loop
      vertex 5.27477 6.01472 16.4444
      vertex 3.95607 4.51104 16.4444
      vertex 4.24264 4.24264 16.4444
    endloop
  endfacet
  facet normal 0 0 1
    outer loop
      vertex 4.87009 6.34683 16.4444
      vertex 3.65257 4.76012 16.4444
      vertex 3.95607 4.51104 16.4444
    endloop
  endfacet
  facet normal 0 0 1
    outer loop
      vertex 3 5.19615 16.4444
      vertex 4 6.9282 16.4444
      vertex 3.53831 7.17498 16.4444
    endloop
  endfacet
  facet normal 0 0 1
    outer loop
      vertex 4.44456 6.65176 16.4444
      vertex 3.33342 4.98882 16.4444
      vertex 3.65257 4.76012 16.4444
    endloop
  endfacet
  facet normal 0 0 1
    outer loop
      vertex 2.65373 5.38124 16.4444
      vertex 3.53831 7.17498 16.4444
      vertex 3.06147 7.39104 16.4444
    endloop
  endfacet
  facet normal 0 0 1
    outer loop
      vertex 4 6.9282 16.4444
      vertex 3 5.19615 16.4444
      vertex 3.33342 4.98882 16.4444
    endloop
  endfacet
  facet normal 0 0 1
    outer loop
      vertex 3.53831 7.17498 16.4444
      vertex 2.65373 5.38124 16.4444
      vertex 3 5.19615 16.4444
    endloop
  endfacet
  facet normal 0 0 1
    outer loop
      vertex 2.2961 5.54328 16.4444
      vertex 3.06147 7.39104 16.4444
      vertex 2.57152 7.57544 16.4444
    endloop
  endfacet
  facet normal 0 0 1
    outer loop
      vertex 3.06147 7.39104 16.4444
      vertex 2.2961 5.54328 16.4444
      vertex 2.65373 5.38124 16.4444
    endloop
  endfacet
  facet normal 0 0 1
    outer loop
      vertex 1.92864 5.68158 16.4444
      vertex 2.57152 7.57544 16.4444
      vertex 2.07055 7.72741 16.4444
    endloop
  endfacet
  facet normal 0 0 1
    outer loop
      vertex 2.57152 7.57544 16.4444
      vertex 1.92864 5.68158 16.4444
      vertex 2.2961 5.54328 16.4444
    endloop
  endfacet
  facet normal 0 0 1
    outer loop
      vertex 1.55291 5.79555 16.4444
      vertex 2.07055 7.72741 16.4444
      vertex 1.56072 7.84628 16.4444
    endloop
  endfacet
  facet normal 0 0 1
    outer loop
      vertex 2.07055 7.72741 16.4444
      vertex 1.55291 5.79555 16.4444
      vertex 1.92864 5.68158 16.4444
    endloop
  endfacet
  facet normal 0 0 1
    outer loop
      vertex 1.56072 7.84628 16.4444
      vertex 1.17054 5.88471 16.4444
      vertex 1.55291 5.79555 16.4444
    endloop
  endfacet
  facet normal 0 0 1
    outer loop
      vertex 1.04421 7.93156 16.4444
      vertex 1.17054 5.88471 16.4444
      vertex 1.56072 7.84628 16.4444
    endloop
  endfacet
  facet normal 0 0 1
    outer loop
      vertex 1.04421 7.93156 16.4444
      vertex 0.783156 5.94867 16.4444
      vertex 1.17054 5.88471 16.4444
    endloop
  endfacet
  facet normal 0 0 1
    outer loop
      vertex 0.523225 7.98287 16.4444
      vertex 0.783156 5.94867 16.4444
      vertex 1.04421 7.93156 16.4444
    endloop
  endfacet
  facet normal 0 0 1
    outer loop
      vertex 0.523225 7.98287 16.4444
      vertex 0.392418 5.98715 16.4444
      vertex 0.783156 5.94867 16.4444
    endloop
  endfacet
  facet normal 0 0 1
    outer loop
      vertex 0 8 16.4444
      vertex 0.392418 5.98715 16.4444
      vertex 0.523225 7.98287 16.4444
    endloop
  endfacet
  facet normal 0 0 1
    outer loop
      vertex 0 8 16.4444
      vertex 0 6 16.4444
      vertex 0.392418 5.98715 16.4444
    endloop
  endfacet
  facet normal 0 0 1
    outer loop
      vertex 0 8 16.4444
      vertex -0.392418 5.98715 16.4444
      vertex 0 6 16.4444
    endloop
  endfacet
  facet normal -0 0 1
    outer loop
      vertex -0.523225 7.98287 16.4444
      vertex -0.392418 5.98715 16.4444
      vertex 0 8 16.4444
    endloop
  endfacet
  facet normal 0 0 1
    outer loop
      vertex -0.523225 7.98287 16.4444
      vertex -0.783156 5.94867 16.4444
      vertex -0.392418 5.98715 16.4444
    endloop
  endfacet
  facet normal -0 0 1
    outer loop
      vertex -1.04421 7.93156 16.4444
      vertex -0.783156 5.94867 16.4444
      vertex -0.523225 7.98287 16.4444
    endloop
  endfacet
  facet normal 0 0 1
    outer loop
      vertex -1.04421 7.93156 16.4444
      vertex -1.17054 5.88471 16.4444
      vertex -0.783156 5.94867 16.4444
    endloop
  endfacet
  facet normal -0 0 1
    outer loop
      vertex -1.56072 7.84628 16.4444
      vertex -1.17054 5.88471 16.4444
      vertex -1.04421 7.93156 16.4444
    endloop
  endfacet
  facet normal 0 0 1
    outer loop
      vertex -1.17054 5.88471 16.4444
      vertex -1.56072 7.84628 16.4444
      vertex -1.55291 5.79555 16.4444
    endloop
  endfacet
  facet normal -0 0 1
    outer loop
      vertex -2.07055 7.72741 16.4444
      vertex -1.55291 5.79555 16.4444
      vertex -1.56072 7.84628 16.4444
    endloop
  endfacet
  facet normal 0 0 1
    outer loop
      vertex -1.55291 5.79555 16.4444
      vertex -2.07055 7.72741 16.4444
      vertex -1.92864 5.68158 16.4444
    endloop
  endfacet
  facet normal -0 0 1
    outer loop
      vertex -2.57152 7.57544 16.4444
      vertex -1.92864 5.68158 16.4444
      vertex -2.07055 7.72741 16.4444
    endloop
  endfacet
  facet normal 0 0 1
    outer loop
      vertex -1.92864 5.68158 16.4444
      vertex -2.57152 7.57544 16.4444
      vertex -2.2961 5.54328 16.4444
    endloop
  endfacet
  facet normal -0 0 1
    outer loop
      vertex -3.06147 7.39104 16.4444
      vertex -2.2961 5.54328 16.4444
      vertex -2.57152 7.57544 16.4444
    endloop
  endfacet
  facet normal 0 0 1
    outer loop
      vertex -2.2961 5.54328 16.4444
      vertex -3.06147 7.39104 16.4444
      vertex -2.65373 5.38124 16.4444
    endloop
  endfacet
  facet normal -0 0 1
    outer loop
      vertex -3.53831 7.17498 16.4444
      vertex -2.65373 5.38124 16.4444
      vertex -3.06147 7.39104 16.4444
    endloop
  endfacet
  facet normal 0 0 1
    outer loop
      vertex -2.65373 5.38124 16.4444
      vertex -3.53831 7.17498 16.4444
      vertex -3 5.19615 16.4444
    endloop
  endfacet
  facet normal -0 0 1
    outer loop
      vertex -4 6.9282 16.4444
      vertex -3 5.19615 16.4444
      vertex -3.53831 7.17498 16.4444
    endloop
  endfacet
  facet normal 0 0 1
    outer loop
      vertex -3 5.19615 16.4444
      vertex -4 6.9282 16.4444
      vertex -3.33342 4.98882 16.4444
    endloop
  endfacet
  facet normal -0 0 1
    outer loop
      vertex -4.44456 6.65176 16.4444
      vertex -3.33342 4.98882 16.4444
      vertex -4 6.9282 16.4444
    endloop
  endfacet
  facet normal 0 0 1
    outer loop
      vertex -3.33342 4.98882 16.4444
      vertex -4.44456 6.65176 16.4444
      vertex -3.65257 4.76012 16.4444
    endloop
  endfacet
  facet normal -0 0 1
    outer loop
      vertex -4.87009 6.34683 16.4444
      vertex -3.65257 4.76012 16.4444
      vertex -4.44456 6.65176 16.4444
    endloop
  endfacet
  facet normal 0 0 1
    outer loop
      vertex -3.65257 4.76012 16.4444
      vertex -4.87009 6.34683 16.4444
      vertex -3.95607 4.51104 16.4444
    endloop
  endfacet
  facet normal -0 0 1
    outer loop
      vertex -5.27477 6.01472 16.4444
      vertex -3.95607 4.51104 16.4444
      vertex -4.87009 6.34683 16.4444
    endloop
  endfacet
  facet normal 0 0 1
    outer loop
      vertex -3.95607 4.51104 16.4444
      vertex -5.27477 6.01472 16.4444
      vertex -4.24264 4.24264 16.4444
    endloop
  endfacet
  facet normal -0 0 1
    outer loop
      vertex -5.65685 5.65685 16.4444
      vertex -4.24264 4.24264 16.4444
      vertex -5.27477 6.01472 16.4444
    endloop
  endfacet
  facet normal 0 0 1
    outer loop
      vertex -4.24264 4.24264 16.4444
      vertex -5.65685 5.65685 16.4444
      vertex -4.51104 3.95607 16.4444
    endloop
  endfacet
  facet normal -0 0 1
    outer loop
      vertex -6.01472 5.27477 16.4444
      vertex -4.51104 3.95607 16.4444
      vertex -5.65685 5.65685 16.4444
    endloop
  endfacet
  facet normal 0 0 1
    outer loop
      vertex -4.51104 3.95607 16.4444
      vertex -6.01472 5.27477 16.4444
      vertex -4.76012 3.65257 16.4444
    endloop
  endfacet
  facet normal -0 0 1
    outer loop
      vertex -6.34683 4.87009 16.4444
      vertex -4.76012 3.65257 16.4444
      vertex -6.01472 5.27477 16.4444
    endloop
  endfacet
  facet normal 0 0 1
    outer loop
      vertex -4.76012 3.65257 16.4444
      vertex -6.34683 4.87009 16.4444
      vertex -4.98882 3.33342 16.4444
    endloop
  endfacet
  facet normal -0 0 1
    outer loop
      vertex -6.65176 4.44456 16.4444
      vertex -4.98882 3.33342 16.4444
      vertex -6.34683 4.87009 16.4444
    endloop
  endfacet
  facet normal 0 0 1
    outer loop
      vertex -4.98882 3.33342 16.4444
      vertex -6.65176 4.44456 16.4444
      vertex -5.19615 3 16.4444
    endloop
  endfacet
  facet normal -0 0 1
    outer loop
      vertex -6.9282 4 16.4444
      vertex -5.19615 3 16.4444
      vertex -6.65176 4.44456 16.4444
    endloop
  endfacet
  facet normal 0 0 1
    outer loop
      vertex -5.19615 3 16.4444
      vertex -6.9282 4 16.4444
      vertex -5.38124 2.65373 16.4444
    endloop
  endfacet
  facet normal -0 0 1
    outer loop
      vertex -7.17498 3.53831 16.4444
      vertex -5.38124 2.65373 16.4444
      vertex -6.9282 4 16.4444
    endloop
  endfacet
  facet normal 0 0 1
    outer loop
      vertex -5.38124 2.65373 16.4444
      vertex -7.17498 3.53831 16.4444
      vertex -5.54328 2.2961 16.4444
    endloop
  endfacet
  facet normal 0 0 1
    outer loop
      vertex -5.54328 2.2961 16.4444
      vertex -7.39104 3.06147 16.4444
      vertex -5.68158 1.92864 16.4444
    endloop
  endfacet
  facet normal -0 0 1
    outer loop
      vertex -7.39104 3.06147 16.4444
      vertex -5.54328 2.2961 16.4444
      vertex -7.17498 3.53831 16.4444
    endloop
  endfacet
  facet normal -0 0 1
    outer loop
      vertex 5.54328 -2.2961 16.4444
      vertex 7.39104 -3.06147 16.4444
      vertex 5.68158 -1.92864 16.4444
    endloop
  endfacet
  facet normal 0 0 1
    outer loop
      vertex 7.39104 -3.06147 16.4444
      vertex 5.54328 -2.2961 16.4444
      vertex 7.17498 -3.53831 16.4444
    endloop
  endfacet
  facet normal -0 0 1
    outer loop
      vertex 5.38124 -2.65373 16.4444
      vertex 7.17498 -3.53831 16.4444
      vertex 5.54328 -2.2961 16.4444
    endloop
  endfacet
  facet normal 0 0 1
    outer loop
      vertex 7.17498 -3.53831 16.4444
      vertex 5.38124 -2.65373 16.4444
      vertex 6.9282 -4 16.4444
    endloop
  endfacet
  facet normal -0 0 1
    outer loop
      vertex 5.19615 -3 16.4444
      vertex 6.9282 -4 16.4444
      vertex 5.38124 -2.65373 16.4444
    endloop
  endfacet
  facet normal 0 0 1
    outer loop
      vertex 6.9282 -4 16.4444
      vertex 5.19615 -3 16.4444
      vertex 6.65176 -4.44456 16.4444
    endloop
  endfacet
  facet normal -0 0 1
    outer loop
      vertex 4.98882 -3.33342 16.4444
      vertex 6.65176 -4.44456 16.4444
      vertex 5.19615 -3 16.4444
    endloop
  endfacet
  facet normal 0 0 1
    outer loop
      vertex 6.65176 -4.44456 16.4444
      vertex 4.98882 -3.33342 16.4444
      vertex 6.34683 -4.87009 16.4444
    endloop
  endfacet
  facet normal -0 0 1
    outer loop
      vertex 4.76012 -3.65257 16.4444
      vertex 6.34683 -4.87009 16.4444
      vertex 4.98882 -3.33342 16.4444
    endloop
  endfacet
  facet normal 0 0 1
    outer loop
      vertex 6.34683 -4.87009 16.4444
      vertex 4.76012 -3.65257 16.4444
      vertex 6.01472 -5.27477 16.4444
    endloop
  endfacet
  facet normal -0 0 1
    outer loop
      vertex 4.51104 -3.95607 16.4444
      vertex 6.01472 -5.27477 16.4444
      vertex 4.76012 -3.65257 16.4444
    endloop
  endfacet
  facet normal 0 0 1
    outer loop
      vertex 6.01472 -5.27477 16.4444
      vertex 4.51104 -3.95607 16.4444
      vertex 5.65685 -5.65685 16.4444
    endloop
  endfacet
  facet normal -0 0 1
    outer loop
      vertex 4.24264 -4.24264 16.4444
      vertex 5.65685 -5.65685 16.4444
      vertex 4.51104 -3.95607 16.4444
    endloop
  endfacet
  facet normal 0 0 1
    outer loop
      vertex 5.65685 -5.65685 16.4444
      vertex 4.24264 -4.24264 16.4444
      vertex 5.27477 -6.01472 16.4444
    endloop
  endfacet
  facet normal -0 0 1
    outer loop
      vertex 3.95607 -4.51104 16.4444
      vertex 5.27477 -6.01472 16.4444
      vertex 4.24264 -4.24264 16.4444
    endloop
  endfacet
  facet normal 0 0 1
    outer loop
      vertex 5.27477 -6.01472 16.4444
      vertex 3.95607 -4.51104 16.4444
      vertex 4.87009 -6.34683 16.4444
    endloop
  endfacet
  facet normal -0 0 1
    outer loop
      vertex 3.65257 -4.76012 16.4444
      vertex 4.87009 -6.34683 16.4444
      vertex 3.95607 -4.51104 16.4444
    endloop
  endfacet
  facet normal 0 0 1
    outer loop
      vertex 4.87009 -6.34683 16.4444
      vertex 3.65257 -4.76012 16.4444
      vertex 4.44456 -6.65176 16.4444
    endloop
  endfacet
  facet normal -0 0 1
    outer loop
      vertex 3.33342 -4.98882 16.4444
      vertex 4.44456 -6.65176 16.4444
      vertex 3.65257 -4.76012 16.4444
    endloop
  endfacet
  facet normal 0 0 1
    outer loop
      vertex 4.44456 -6.65176 16.4444
      vertex 3.33342 -4.98882 16.4444
      vertex 4 -6.9282 16.4444
    endloop
  endfacet
  facet normal -0 0 1
    outer loop
      vertex 3 -5.19615 16.4444
      vertex 4 -6.9282 16.4444
      vertex 3.33342 -4.98882 16.4444
    endloop
  endfacet
  facet normal 0 0 1
    outer loop
      vertex 4 -6.9282 16.4444
      vertex 3 -5.19615 16.4444
      vertex 3.53831 -7.17498 16.4444
    endloop
  endfacet
  facet normal -0 0 1
    outer loop
      vertex 2.65373 -5.38124 16.4444
      vertex 3.53831 -7.17498 16.4444
      vertex 3 -5.19615 16.4444
    endloop
  endfacet
  facet normal 0 0 1
    outer loop
      vertex 3.53831 -7.17498 16.4444
      vertex 2.65373 -5.38124 16.4444
      vertex 3.06147 -7.39104 16.4444
    endloop
  endfacet
  facet normal -0 0 1
    outer loop
      vertex 2.2961 -5.54328 16.4444
      vertex 3.06147 -7.39104 16.4444
      vertex 2.65373 -5.38124 16.4444
    endloop
  endfacet
  facet normal 0 0 1
    outer loop
      vertex 3.06147 -7.39104 16.4444
      vertex 2.2961 -5.54328 16.4444
      vertex 2.57152 -7.57544 16.4444
    endloop
  endfacet
  facet normal -0 0 1
    outer loop
      vertex 1.92864 -5.68158 16.4444
      vertex 2.57152 -7.57544 16.4444
      vertex 2.2961 -5.54328 16.4444
    endloop
  endfacet
  facet normal 0 0 1
    outer loop
      vertex 2.57152 -7.57544 16.4444
      vertex 1.92864 -5.68158 16.4444
      vertex 2.07055 -7.72741 16.4444
    endloop
  endfacet
  facet normal -0 0 1
    outer loop
      vertex 1.55291 -5.79555 16.4444
      vertex 2.07055 -7.72741 16.4444
      vertex 1.92864 -5.68158 16.4444
    endloop
  endfacet
  facet normal 0 0 1
    outer loop
      vertex 2.07055 -7.72741 16.4444
      vertex 1.55291 -5.79555 16.4444
      vertex 1.56072 -7.84628 16.4444
    endloop
  endfacet
  facet normal -0 0 1
    outer loop
      vertex 1.17054 -5.88471 16.4444
      vertex 1.56072 -7.84628 16.4444
      vertex 1.55291 -5.79555 16.4444
    endloop
  endfacet
  facet normal 0 0 1
    outer loop
      vertex 1.17054 -5.88471 16.4444
      vertex 1.04421 -7.93156 16.4444
      vertex 1.56072 -7.84628 16.4444
    endloop
  endfacet
  facet normal -0 0 1
    outer loop
      vertex 0.783156 -5.94867 16.4444
      vertex 1.04421 -7.93156 16.4444
      vertex 1.17054 -5.88471 16.4444
    endloop
  endfacet
  facet normal 0 0 1
    outer loop
      vertex 0.783156 -5.94867 16.4444
      vertex 0.523225 -7.98287 16.4444
      vertex 1.04421 -7.93156 16.4444
    endloop
  endfacet
  facet normal -0 0 1
    outer loop
      vertex 0.392418 -5.98715 16.4444
      vertex 0.523225 -7.98287 16.4444
      vertex 0.783156 -5.94867 16.4444
    endloop
  endfacet
  facet normal -0 0 1
    outer loop
      vertex 0 -6 16.4444
      vertex 0.523225 -7.98287 16.4444
      vertex 0.392418 -5.98715 16.4444
    endloop
  endfacet
  facet normal 0 0 1
    outer loop
      vertex 0 -6 16.4444
      vertex 0 -8 16.4444
      vertex 0.523225 -7.98287 16.4444
    endloop
  endfacet
  facet normal 0 0 1
    outer loop
      vertex -0.392418 -5.98715 16.4444
      vertex 0 -8 16.4444
      vertex 0 -6 16.4444
    endloop
  endfacet
  facet normal 0 0 1
    outer loop
      vertex -0.392418 -5.98715 16.4444
      vertex -0.523225 -7.98287 16.4444
      vertex 0 -8 16.4444
    endloop
  endfacet
  facet normal 0 0 1
    outer loop
      vertex -0.783156 -5.94867 16.4444
      vertex -0.523225 -7.98287 16.4444
      vertex -0.392418 -5.98715 16.4444
    endloop
  endfacet
  facet normal 0 0 1
    outer loop
      vertex -0.783156 -5.94867 16.4444
      vertex -1.04421 -7.93156 16.4444
      vertex -0.523225 -7.98287 16.4444
    endloop
  endfacet
  facet normal 0 0 1
    outer loop
      vertex -1.17054 -5.88471 16.4444
      vertex -1.04421 -7.93156 16.4444
      vertex -0.783156 -5.94867 16.4444
    endloop
  endfacet
  facet normal 0 0 1
    outer loop
      vertex -1.56072 -7.84628 16.4444
      vertex -1.17054 -5.88471 16.4444
      vertex -1.55291 -5.79555 16.4444
    endloop
  endfacet
  facet normal 0 0 1
    outer loop
      vertex -1.17054 -5.88471 16.4444
      vertex -1.56072 -7.84628 16.4444
      vertex -1.04421 -7.93156 16.4444
    endloop
  endfacet
  facet normal 0 0 1
    outer loop
      vertex -2.07055 -7.72741 16.4444
      vertex -1.55291 -5.79555 16.4444
      vertex -1.92864 -5.68158 16.4444
    endloop
  endfacet
  facet normal 0 0 1
    outer loop
      vertex -1.55291 -5.79555 16.4444
      vertex -2.07055 -7.72741 16.4444
      vertex -1.56072 -7.84628 16.4444
    endloop
  endfacet
  facet normal 0 0 1
    outer loop
      vertex -2.57152 -7.57544 16.4444
      vertex -1.92864 -5.68158 16.4444
      vertex -2.2961 -5.54328 16.4444
    endloop
  endfacet
  facet normal 0 0 1
    outer loop
      vertex -1.92864 -5.68158 16.4444
      vertex -2.57152 -7.57544 16.4444
      vertex -2.07055 -7.72741 16.4444
    endloop
  endfacet
  facet normal 0 0 1
    outer loop
      vertex -3.06147 -7.39104 16.4444
      vertex -2.2961 -5.54328 16.4444
      vertex -2.65373 -5.38124 16.4444
    endloop
  endfacet
  facet normal 0 0 1
    outer loop
      vertex -3.53831 -7.17498 16.4444
      vertex -2.65373 -5.38124 16.4444
      vertex -3 -5.19615 16.4444
    endloop
  endfacet
  facet normal 0 0 1
    outer loop
      vertex -2.2961 -5.54328 16.4444
      vertex -3.06147 -7.39104 16.4444
      vertex -2.57152 -7.57544 16.4444
    endloop
  endfacet
  facet normal 0 0 1
    outer loop
      vertex -4 -6.9282 16.4444
      vertex -3 -5.19615 16.4444
      vertex -3.33342 -4.98882 16.4444
    endloop
  endfacet
  facet normal 0 0 1
    outer loop
      vertex -2.65373 -5.38124 16.4444
      vertex -3.53831 -7.17498 16.4444
      vertex -3.06147 -7.39104 16.4444
    endloop
  endfacet
  facet normal 0 0 1
    outer loop
      vertex -4.44456 -6.65176 16.4444
      vertex -3.33342 -4.98882 16.4444
      vertex -3.65257 -4.76012 16.4444
    endloop
  endfacet
  facet normal 0 0 1
    outer loop
      vertex -4.87009 -6.34683 16.4444
      vertex -3.65257 -4.76012 16.4444
      vertex -3.95607 -4.51104 16.4444
    endloop
  endfacet
  facet normal 0 0 1
    outer loop
      vertex -3 -5.19615 16.4444
      vertex -4 -6.9282 16.4444
      vertex -3.53831 -7.17498 16.4444
    endloop
  endfacet
  facet normal 0 0 1
    outer loop
      vertex -5.27477 -6.01472 16.4444
      vertex -3.95607 -4.51104 16.4444
      vertex -4.24264 -4.24264 16.4444
    endloop
  endfacet
  facet normal 0 0 1
    outer loop
      vertex -3.33342 -4.98882 16.4444
      vertex -4.44456 -6.65176 16.4444
      vertex -4 -6.9282 16.4444
    endloop
  endfacet
  facet normal 0 0 1
    outer loop
      vertex -5.65685 -5.65685 16.4444
      vertex -4.24264 -4.24264 16.4444
      vertex -4.51104 -3.95607 16.4444
    endloop
  endfacet
  facet normal 0 0 1
    outer loop
      vertex -6.01472 -5.27477 16.4444
      vertex -4.51104 -3.95607 16.4444
      vertex -4.76012 -3.65257 16.4444
    endloop
  endfacet
  facet normal 0 0 1
    outer loop
      vertex -3.65257 -4.76012 16.4444
      vertex -4.87009 -6.34683 16.4444
      vertex -4.44456 -6.65176 16.4444
    endloop
  endfacet
  facet normal 0 0 1
    outer loop
      vertex -6.34683 -4.87009 16.4444
      vertex -4.76012 -3.65257 16.4444
      vertex -4.98882 -3.33342 16.4444
    endloop
  endfacet
  facet normal 0 0 1
    outer loop
      vertex -6.65176 -4.44456 16.4444
      vertex -4.98882 -3.33342 16.4444
      vertex -5.19615 -3 16.4444
    endloop
  endfacet
  facet normal 0 0 1
    outer loop
      vertex -3.95607 -4.51104 16.4444
      vertex -5.27477 -6.01472 16.4444
      vertex -4.87009 -6.34683 16.4444
    endloop
  endfacet
  facet normal 0 0 1
    outer loop
      vertex -6.9282 -4 16.4444
      vertex -5.19615 -3 16.4444
      vertex -5.38124 -2.65373 16.4444
    endloop
  endfacet
  facet normal 0 0 1
    outer loop
      vertex -7.17498 -3.53831 16.4444
      vertex -5.38124 -2.65373 16.4444
      vertex -5.54328 -2.2961 16.4444
    endloop
  endfacet
  facet normal 0 0 1
    outer loop
      vertex -4.24264 -4.24264 16.4444
      vertex -5.65685 -5.65685 16.4444
      vertex -5.27477 -6.01472 16.4444
    endloop
  endfacet
  facet normal 0 0 1
    outer loop
      vertex -7.39104 -3.06147 16.4444
      vertex -5.54328 -2.2961 16.4444
      vertex -5.68158 -1.92864 16.4444
    endloop
  endfacet
  facet normal 0 0 1
    outer loop
      vertex -7.57544 -2.57152 16.4444
      vertex -5.68158 -1.92864 16.4444
      vertex -5.79555 -1.55291 16.4444
    endloop
  endfacet
  facet normal 0 0 1
    outer loop
      vertex -7.72741 -2.07055 16.4444
      vertex -5.79555 -1.55291 16.4444
      vertex -5.88471 -1.17054 16.4444
    endloop
  endfacet
  facet normal 0 0 1
    outer loop
      vertex -7.84628 -1.56072 16.4444
      vertex -5.88471 -1.17054 16.4444
      vertex -5.94867 -0.783156 16.4444
    endloop
  endfacet
  facet normal 0 0 1
    outer loop
      vertex -7.93156 -1.04421 16.4444
      vertex -5.94867 -0.783156 16.4444
      vertex -5.98715 -0.392418 16.4444
    endloop
  endfacet
  facet normal 0 0 1
    outer loop
      vertex -4.51104 -3.95607 16.4444
      vertex -6.01472 -5.27477 16.4444
      vertex -5.65685 -5.65685 16.4444
    endloop
  endfacet
  facet normal 0 0 1
    outer loop
      vertex -7.98287 -0.523225 16.4444
      vertex -5.98715 -0.392418 16.4444
      vertex -6 0 16.4444
    endloop
  endfacet
  facet normal -0 0 1
    outer loop
      vertex -7.57544 2.57152 16.4444
      vertex -5.68158 1.92864 16.4444
      vertex -7.39104 3.06147 16.4444
    endloop
  endfacet
  facet normal 0 0 1
    outer loop
      vertex -5.68158 1.92864 16.4444
      vertex -7.57544 2.57152 16.4444
      vertex -5.79555 1.55291 16.4444
    endloop
  endfacet
  facet normal 0 0 1
    outer loop
      vertex -4.76012 -3.65257 16.4444
      vertex -6.34683 -4.87009 16.4444
      vertex -6.01472 -5.27477 16.4444
    endloop
  endfacet
  facet normal -0 0 1
    outer loop
      vertex -7.72741 2.07055 16.4444
      vertex -5.79555 1.55291 16.4444
      vertex -7.57544 2.57152 16.4444
    endloop
  endfacet
  facet normal 0 0 1
    outer loop
      vertex -4.98882 -3.33342 16.4444
      vertex -6.65176 -4.44456 16.4444
      vertex -6.34683 -4.87009 16.4444
    endloop
  endfacet
  facet normal 0 0 1
    outer loop
      vertex -5.79555 1.55291 16.4444
      vertex -7.72741 2.07055 16.4444
      vertex -5.88471 1.17054 16.4444
    endloop
  endfacet
  facet normal 0 0 1
    outer loop
      vertex -5.19615 -3 16.4444
      vertex -6.9282 -4 16.4444
      vertex -6.65176 -4.44456 16.4444
    endloop
  endfacet
  facet normal -0 0 1
    outer loop
      vertex -7.84628 1.56072 16.4444
      vertex -5.88471 1.17054 16.4444
      vertex -7.72741 2.07055 16.4444
    endloop
  endfacet
  facet normal 0 0 1
    outer loop
      vertex -5.38124 -2.65373 16.4444
      vertex -7.17498 -3.53831 16.4444
      vertex -6.9282 -4 16.4444
    endloop
  endfacet
  facet normal 0 0 1
    outer loop
      vertex -5.88471 1.17054 16.4444
      vertex -7.84628 1.56072 16.4444
      vertex -5.94867 0.783156 16.4444
    endloop
  endfacet
  facet normal 0 0 1
    outer loop
      vertex -5.54328 -2.2961 16.4444
      vertex -7.39104 -3.06147 16.4444
      vertex -7.17498 -3.53831 16.4444
    endloop
  endfacet
  facet normal -0 0 1
    outer loop
      vertex -7.93156 1.04421 16.4444
      vertex -5.94867 0.783156 16.4444
      vertex -7.84628 1.56072 16.4444
    endloop
  endfacet
  facet normal 0 0 1
    outer loop
      vertex -5.68158 -1.92864 16.4444
      vertex -7.57544 -2.57152 16.4444
      vertex -7.39104 -3.06147 16.4444
    endloop
  endfacet
  facet normal 0 0 1
    outer loop
      vertex -5.94867 0.783156 16.4444
      vertex -7.93156 1.04421 16.4444
      vertex -5.98715 0.392418 16.4444
    endloop
  endfacet
  facet normal 0 0 1
    outer loop
      vertex -5.79555 -1.55291 16.4444
      vertex -7.72741 -2.07055 16.4444
      vertex -7.57544 -2.57152 16.4444
    endloop
  endfacet
  facet normal -0 0 1
    outer loop
      vertex -7.98287 0.523225 16.4444
      vertex -5.98715 0.392418 16.4444
      vertex -7.93156 1.04421 16.4444
    endloop
  endfacet
  facet normal 0 0 1
    outer loop
      vertex -5.88471 -1.17054 16.4444
      vertex -7.84628 -1.56072 16.4444
      vertex -7.72741 -2.07055 16.4444
    endloop
  endfacet
  facet normal 0 0 1
    outer loop
      vertex -5.98715 0.392418 16.4444
      vertex -7.98287 0.523225 16.4444
      vertex -6 0 16.4444
    endloop
  endfacet
  facet normal 0 0 1
    outer loop
      vertex -5.94867 -0.783156 16.4444
      vertex -7.93156 -1.04421 16.4444
      vertex -7.84628 -1.56072 16.4444
    endloop
  endfacet
  facet normal 0 0 1
    outer loop
      vertex -8 0 16.4444
      vertex -6 0 16.4444
      vertex -7.98287 0.523225 16.4444
    endloop
  endfacet
  facet normal 0 0 1
    outer loop
      vertex -5.98715 -0.392418 16.4444
      vertex -7.98287 -0.523225 16.4444
      vertex -7.93156 -1.04421 16.4444
    endloop
  endfacet
  facet normal 0 0 1
    outer loop
      vertex -6 0 16.4444
      vertex -8 0 16.4444
      vertex -7.98287 -0.523225 16.4444
    endloop
  endfacet
  facet normal -0.995185 0.0980123 0
    outer loop
      vertex -7.98287 0.523225 14.4444
      vertex -7.93156 1.04421 16.4444
      vertex -7.93156 1.04421 14.4444
    endloop
  endfacet
  facet normal -0.995185 0.0980123 0
    outer loop
      vertex -7.93156 1.04421 16.4444
      vertex -7.98287 0.523225 14.4444
      vertex -7.98287 0.523225 16.4444
    endloop
  endfacet
  facet normal -0.935909 0.352243 0
    outer loop
      vertex -7.57544 2.57152 14.4444
      vertex -7.39104 3.06147 16.4444
      vertex -7.39104 3.06147 14.4444
    endloop
  endfacet
  facet normal -0.935909 0.352243 0
    outer loop
      vertex -7.39104 3.06147 16.4444
      vertex -7.57544 2.57152 14.4444
      vertex -7.57544 2.57152 16.4444
    endloop
  endfacet
  facet normal -0.88192 0.471399 0
    outer loop
      vertex -7.17498 3.53831 14.4444
      vertex -6.9282 4 16.4444
      vertex -6.9282 4 14.4444
    endloop
  endfacet
  facet normal -0.88192 0.471399 0
    outer loop
      vertex -6.9282 4 16.4444
      vertex -7.17498 3.53831 14.4444
      vertex -7.17498 3.53831 16.4444
    endloop
  endfacet
  facet normal -0.729852 0.683606 0
    outer loop
      vertex -6.01472 5.27477 14.4444
      vertex -5.65685 5.65685 16.4444
      vertex -5.65685 5.65685 14.4444
    endloop
  endfacet
  facet normal -0.729852 0.683606 0
    outer loop
      vertex -5.65685 5.65685 16.4444
      vertex -6.01472 5.27477 14.4444
      vertex -6.01472 5.27477 16.4444
    endloop
  endfacet
  facet normal 0.986642 -0.162903 0
    outer loop
      vertex 7.84628 -1.56072 16.4444
      vertex 7.93156 -1.04421 14.4444
      vertex 7.93156 -1.04421 16.4444
    endloop
  endfacet
  facet normal 0.986642 -0.162903 0
    outer loop
      vertex 7.93156 -1.04421 14.4444
      vertex 7.84628 -1.56072 16.4444
      vertex 7.84628 -1.56072 14.4444
    endloop
  endfacet
  facet normal 0.973879 -0.227066 0
    outer loop
      vertex 7.72741 -2.07055 16.4444
      vertex 7.84628 -1.56072 14.4444
      vertex 7.84628 -1.56072 16.4444
    endloop
  endfacet
  facet normal 0.973879 -0.227066 0
    outer loop
      vertex 7.84628 -1.56072 14.4444
      vertex 7.72741 -2.07055 16.4444
      vertex 7.72741 -2.07055 14.4444
    endloop
  endfacet
  facet normal 0.935909 -0.352243 0
    outer loop
      vertex 7.39104 -3.06147 16.4444
      vertex 7.57544 -2.57152 14.4444
      vertex 7.57544 -2.57152 16.4444
    endloop
  endfacet
  facet normal 0.935909 -0.352243 0
    outer loop
      vertex 7.57544 -2.57152 14.4444
      vertex 7.39104 -3.06147 16.4444
      vertex 7.39104 -3.06147 14.4444
    endloop
  endfacet
  facet normal 0.812847 -0.582477 0
    outer loop
      vertex 6.34683 -4.87009 16.4444
      vertex 6.65176 -4.44456 14.4444
      vertex 6.65176 -4.44456 16.4444
    endloop
  endfacet
  facet normal 0.812847 -0.582477 0
    outer loop
      vertex 6.65176 -4.44456 14.4444
      vertex 6.34683 -4.87009 16.4444
      vertex 6.34683 -4.87009 14.4444
    endloop
  endfacet
  facet normal 0.471399 -0.88192 0
    outer loop
      vertex 3.53831 -7.17498 14.4444
      vertex 4 -6.9282 16.4444
      vertex 3.53831 -7.17498 16.4444
    endloop
  endfacet
  facet normal 0.471399 -0.88192 0
    outer loop
      vertex 4 -6.9282 16.4444
      vertex 3.53831 -7.17498 14.4444
      vertex 4 -6.9282 14.4444
    endloop
  endfacet
  facet normal 0.88192 -0.471399 0
    outer loop
      vertex 6.9282 -4 16.4444
      vertex 7.17498 -3.53831 14.4444
      vertex 7.17498 -3.53831 16.4444
    endloop
  endfacet
  facet normal 0.88192 -0.471399 0
    outer loop
      vertex 7.17498 -3.53831 14.4444
      vertex 6.9282 -4 16.4444
      vertex 6.9282 -4 14.4444
    endloop
  endfacet
  facet normal -0.634399 -0.773005 0
    outer loop
      vertex 3.65257 4.76012 3.1
      vertex 3.95607 4.51104 16.4444
      vertex 3.65257 4.76012 16.4444
    endloop
  endfacet
  facet normal -0.634399 -0.773005 -0
    outer loop
      vertex 3.95607 4.51104 16.4444
      vertex 3.65257 4.76012 3.1
      vertex 3.95607 4.51104 3.1
    endloop
  endfacet
  facet normal 0.352245 -0.935908 0
    outer loop
      vertex -2.2961 5.54328 3.1
      vertex -1.92864 5.68158 16.4444
      vertex -2.2961 5.54328 16.4444
    endloop
  endfacet
  facet normal 0.352245 -0.935908 0
    outer loop
      vertex -1.92864 5.68158 16.4444
      vertex -2.2961 5.54328 3.1
      vertex -1.92864 5.68158 3.1
    endloop
  endfacet
  facet normal 0.910864 -0.412707 0
    outer loop
      vertex -5.54328 2.2961 16.4444
      vertex -5.38124 2.65373 3.1
      vertex -5.38124 2.65373 16.4444
    endloop
  endfacet
  facet normal 0.910864 -0.412707 0
    outer loop
      vertex -5.38124 2.65373 3.1
      vertex -5.54328 2.2961 16.4444
      vertex -5.54328 2.2961 3.1
    endloop
  endfacet
  facet normal -0.582478 0.812846 0
    outer loop
      vertex 3.65257 -4.76012 3.1
      vertex 3.33342 -4.98882 16.4444
      vertex 3.65257 -4.76012 16.4444
    endloop
  endfacet
  facet normal -0.582478 0.812846 0
    outer loop
      vertex 3.33342 -4.98882 16.4444
      vertex 3.65257 -4.76012 3.1
      vertex 3.33342 -4.98882 3.1
    endloop
  endfacet
  facet normal -0.935908 0.352245 0
    outer loop
      vertex 5.54328 -2.2961 3.1
      vertex 5.68158 -1.92864 16.4444
      vertex 5.68158 -1.92864 3.1
    endloop
  endfacet
  facet normal -0.935908 0.352245 0
    outer loop
      vertex 5.68158 -1.92864 16.4444
      vertex 5.54328 -2.2961 3.1
      vertex 5.54328 -2.2961 16.4444
    endloop
  endfacet
  facet normal 0.412707 0.910864 -0
    outer loop
      vertex -2.2961 -5.54328 3.1
      vertex -2.65373 -5.38124 16.4444
      vertex -2.2961 -5.54328 16.4444
    endloop
  endfacet
  facet normal 0.412707 0.910864 0
    outer loop
      vertex -2.65373 -5.38124 16.4444
      vertex -2.2961 -5.54328 3.1
      vertex -2.65373 -5.38124 3.1
    endloop
  endfacet
  facet normal -0.881916 -0.471406 0
    outer loop
      vertex 5.38124 2.65373 3.1
      vertex 5.19615 3 16.4444
      vertex 5.19615 3 3.1
    endloop
  endfacet
  facet normal -0.881916 -0.471406 0
    outer loop
      vertex 5.19615 3 16.4444
      vertex 5.38124 2.65373 3.1
      vertex 5.38124 2.65373 16.4444
    endloop
  endfacet
  facet normal -0.352245 -0.935908 0
    outer loop
      vertex 1.92864 5.68158 3.1
      vertex 2.2961 5.54328 16.4444
      vertex 1.92864 5.68158 16.4444
    endloop
  endfacet
  facet normal -0.352245 -0.935908 -0
    outer loop
      vertex 2.2961 5.54328 16.4444
      vertex 1.92864 5.68158 3.1
      vertex 2.2961 5.54328 3.1
    endloop
  endfacet
  facet normal 0.729867 -0.683589 0
    outer loop
      vertex -4.51104 3.95607 16.4444
      vertex -4.24264 4.24264 3.1
      vertex -4.24264 4.24264 16.4444
    endloop
  endfacet
  facet normal 0.729867 -0.683589 0
    outer loop
      vertex -4.24264 4.24264 3.1
      vertex -4.51104 3.95607 16.4444
      vertex -4.51104 3.95607 3.1
    endloop
  endfacet
  facet normal 0.162902 -0.986642 0
    outer loop
      vertex -1.17054 5.88471 3.1
      vertex -0.783156 5.94867 16.4444
      vertex -1.17054 5.88471 16.4444
    endloop
  endfacet
  facet normal 0.162902 -0.986642 0
    outer loop
      vertex -0.783156 5.94867 16.4444
      vertex -1.17054 5.88471 3.1
      vertex -0.783156 5.94867 3.1
    endloop
  endfacet
  facet normal -0.995186 0.0980062 0
    outer loop
      vertex 5.94867 -0.783156 3.1
      vertex 5.98715 -0.392418 16.4444
      vertex 5.98715 -0.392418 3.1
    endloop
  endfacet
  facet normal -0.995186 0.0980062 0
    outer loop
      vertex 5.98715 -0.392418 16.4444
      vertex 5.94867 -0.783156 3.1
      vertex 5.94867 -0.783156 16.4444
    endloop
  endfacet
  facet normal -0.412707 0.910864 0
    outer loop
      vertex 2.65373 -5.38124 3.1
      vertex 2.2961 -5.54328 16.4444
      vertex 2.65373 -5.38124 16.4444
    endloop
  endfacet
  facet normal -0.412707 0.910864 0
    outer loop
      vertex 2.2961 -5.54328 16.4444
      vertex 2.65373 -5.38124 3.1
      vertex 2.2961 -5.54328 3.1
    endloop
  endfacet
  facet normal -0.773005 0.634399 0
    outer loop
      vertex 4.51104 -3.95607 3.1
      vertex 4.76012 -3.65257 16.4444
      vertex 4.76012 -3.65257 3.1
    endloop
  endfacet
  facet normal -0.773005 0.634399 0
    outer loop
      vertex 4.76012 -3.65257 16.4444
      vertex 4.51104 -3.95607 3.1
      vertex 4.51104 -3.95607 16.4444
    endloop
  endfacet
  facet normal 0.683589 0.729867 -0
    outer loop
      vertex -3.95607 -4.51104 3.1
      vertex -4.24264 -4.24264 16.4444
      vertex -3.95607 -4.51104 16.4444
    endloop
  endfacet
  facet normal 0.683589 0.729867 0
    outer loop
      vertex -4.24264 -4.24264 16.4444
      vertex -3.95607 -4.51104 3.1
      vertex -4.24264 -4.24264 3.1
    endloop
  endfacet
  facet normal -0.973875 -0.227085 0
    outer loop
      vertex 5.88471 1.17054 3.1
      vertex 5.79555 1.55291 16.4444
      vertex 5.79555 1.55291 3.1
    endloop
  endfacet
  facet normal -0.973875 -0.227085 0
    outer loop
      vertex 5.79555 1.55291 16.4444
      vertex 5.88471 1.17054 3.1
      vertex 5.88471 1.17054 16.4444
    endloop
  endfacet
  facet normal -0.956945 -0.29027 0
    outer loop
      vertex 5.79555 1.55291 3.1
      vertex 5.68158 1.92864 16.4444
      vertex 5.68158 1.92864 3.1
    endloop
  endfacet
  facet normal -0.956945 -0.29027 0
    outer loop
      vertex 5.68158 1.92864 16.4444
      vertex 5.79555 1.55291 3.1
      vertex 5.79555 1.55291 16.4444
    endloop
  endfacet
  facet normal -0.773005 -0.634399 0
    outer loop
      vertex 4.76012 3.65257 3.1
      vertex 4.51104 3.95607 16.4444
      vertex 4.51104 3.95607 3.1
    endloop
  endfacet
  facet normal -0.773005 -0.634399 0
    outer loop
      vertex 4.51104 3.95607 16.4444
      vertex 4.76012 3.65257 3.1
      vertex 4.76012 3.65257 16.4444
    endloop
  endfacet
  facet normal -0.812846 -0.582478 0
    outer loop
      vertex 4.98882 3.33342 3.1
      vertex 4.76012 3.65257 16.4444
      vertex 4.76012 3.65257 3.1
    endloop
  endfacet
  facet normal -0.812846 -0.582478 0
    outer loop
      vertex 4.76012 3.65257 16.4444
      vertex 4.98882 3.33342 3.1
      vertex 4.98882 3.33342 16.4444
    endloop
  endfacet
  facet normal -0.528061 -0.849207 0
    outer loop
      vertex 3 5.19615 3.1
      vertex 3.33342 4.98882 16.4444
      vertex 3 5.19615 16.4444
    endloop
  endfacet
  facet normal -0.528061 -0.849207 -0
    outer loop
      vertex 3.33342 4.98882 16.4444
      vertex 3 5.19615 3.1
      vertex 3.33342 4.98882 3.1
    endloop
  endfacet
  facet normal -0.0327282 -0.999464 0
    outer loop
      vertex 0 6 3.1
      vertex 0.392418 5.98715 16.4444
      vertex 0 6 16.4444
    endloop
  endfacet
  facet normal -0.0327282 -0.999464 -0
    outer loop
      vertex 0.392418 5.98715 16.4444
      vertex 0 6 3.1
      vertex 0.392418 5.98715 3.1
    endloop
  endfacet
  facet normal -0.471406 -0.881916 0
    outer loop
      vertex 2.65373 5.38124 3.1
      vertex 3 5.19615 16.4444
      vertex 2.65373 5.38124 16.4444
    endloop
  endfacet
  facet normal -0.471406 -0.881916 -0
    outer loop
      vertex 3 5.19615 16.4444
      vertex 2.65373 5.38124 3.1
      vertex 3 5.19615 3.1
    endloop
  endfacet
  facet normal -0.29027 -0.956945 0
    outer loop
      vertex 1.55291 5.79555 3.1
      vertex 1.92864 5.68158 16.4444
      vertex 1.55291 5.79555 16.4444
    endloop
  endfacet
  facet normal -0.29027 -0.956945 -0
    outer loop
      vertex 1.92864 5.68158 16.4444
      vertex 1.55291 5.79555 3.1
      vertex 1.92864 5.68158 3.1
    endloop
  endfacet
  facet normal -0.227085 -0.973875 0
    outer loop
      vertex 1.17054 5.88471 3.1
      vertex 1.55291 5.79555 16.4444
      vertex 1.17054 5.88471 16.4444
    endloop
  endfacet
  facet normal -0.227085 -0.973875 -0
    outer loop
      vertex 1.55291 5.79555 16.4444
      vertex 1.17054 5.88471 3.1
      vertex 1.55291 5.79555 3.1
    endloop
  endfacet
  facet normal 0.999464 -0.0327282 0
    outer loop
      vertex -6 0 16.4444
      vertex -5.98715 0.392418 3.1
      vertex -5.98715 0.392418 16.4444
    endloop
  endfacet
  facet normal 0.999464 -0.0327282 0
    outer loop
      vertex -5.98715 0.392418 3.1
      vertex -6 0 16.4444
      vertex -6 0 3.1
    endloop
  endfacet
  facet normal 0.935908 -0.352245 0
    outer loop
      vertex -5.68158 1.92864 16.4444
      vertex -5.54328 2.2961 3.1
      vertex -5.54328 2.2961 16.4444
    endloop
  endfacet
  facet normal 0.935908 -0.352245 0
    outer loop
      vertex -5.54328 2.2961 3.1
      vertex -5.68158 1.92864 16.4444
      vertex -5.68158 1.92864 3.1
    endloop
  endfacet
  facet normal 0.973875 -0.227085 0
    outer loop
      vertex -5.88471 1.17054 16.4444
      vertex -5.79555 1.55291 3.1
      vertex -5.79555 1.55291 16.4444
    endloop
  endfacet
  facet normal 0.973875 -0.227085 0
    outer loop
      vertex -5.79555 1.55291 3.1
      vertex -5.88471 1.17054 16.4444
      vertex -5.88471 1.17054 3.1
    endloop
  endfacet
  facet normal 0.849207 -0.528061 0
    outer loop
      vertex -5.19615 3 16.4444
      vertex -4.98882 3.33342 3.1
      vertex -4.98882 3.33342 16.4444
    endloop
  endfacet
  facet normal 0.849207 -0.528061 0
    outer loop
      vertex -4.98882 3.33342 3.1
      vertex -5.19615 3 16.4444
      vertex -5.19615 3 3.1
    endloop
  endfacet
  facet normal 0.812846 -0.582478 0
    outer loop
      vertex -4.98882 3.33342 16.4444
      vertex -4.76012 3.65257 3.1
      vertex -4.76012 3.65257 16.4444
    endloop
  endfacet
  facet normal 0.812846 -0.582478 0
    outer loop
      vertex -4.76012 3.65257 3.1
      vertex -4.98882 3.33342 16.4444
      vertex -4.98882 3.33342 3.1
    endloop
  endfacet
  facet normal 0.0327282 -0.999464 0
    outer loop
      vertex -0.392418 5.98715 3.1
      vertex 0 6 16.4444
      vertex -0.392418 5.98715 16.4444
    endloop
  endfacet
  facet normal 0.0327282 -0.999464 0
    outer loop
      vertex 0 6 16.4444
      vertex -0.392418 5.98715 3.1
      vertex 0 6 3.1
    endloop
  endfacet
  facet normal 0.528061 -0.849207 0
    outer loop
      vertex -3.33342 4.98882 3.1
      vertex -3 5.19615 16.4444
      vertex -3.33342 4.98882 16.4444
    endloop
  endfacet
  facet normal 0.528061 -0.849207 0
    outer loop
      vertex -3 5.19615 16.4444
      vertex -3.33342 4.98882 3.1
      vertex -3 5.19615 3.1
    endloop
  endfacet
  facet normal 0.471406 -0.881916 0
    outer loop
      vertex -3 5.19615 3.1
      vertex -2.65373 5.38124 16.4444
      vertex -3 5.19615 16.4444
    endloop
  endfacet
  facet normal 0.471406 -0.881916 0
    outer loop
      vertex -2.65373 5.38124 16.4444
      vertex -3 5.19615 3.1
      vertex -2.65373 5.38124 3.1
    endloop
  endfacet
  facet normal 0.683589 -0.729867 0
    outer loop
      vertex -4.24264 4.24264 3.1
      vertex -3.95607 4.51104 16.4444
      vertex -4.24264 4.24264 16.4444
    endloop
  endfacet
  facet normal 0.683589 -0.729867 0
    outer loop
      vertex -3.95607 4.51104 16.4444
      vertex -4.24264 4.24264 3.1
      vertex -3.95607 4.51104 3.1
    endloop
  endfacet
  facet normal -0.999464 -0.0327282 0
    outer loop
      vertex 6 0 3.1
      vertex 5.98715 0.392418 16.4444
      vertex 5.98715 0.392418 3.1
    endloop
  endfacet
  facet normal -0.999464 -0.0327282 0
    outer loop
      vertex 5.98715 0.392418 16.4444
      vertex 6 0 3.1
      vertex 6 0 16.4444
    endloop
  endfacet
  facet normal -0.0327282 0.999464 0
    outer loop
      vertex 0.392418 -5.98715 3.1
      vertex 0 -6 16.4444
      vertex 0.392418 -5.98715 16.4444
    endloop
  endfacet
  facet normal -0.0327282 0.999464 0
    outer loop
      vertex 0 -6 16.4444
      vertex 0.392418 -5.98715 3.1
      vertex 0 -6 3.1
    endloop
  endfacet
  facet normal -0.634399 0.773005 0
    outer loop
      vertex 3.95607 -4.51104 3.1
      vertex 3.65257 -4.76012 16.4444
      vertex 3.95607 -4.51104 16.4444
    endloop
  endfacet
  facet normal -0.634399 0.773005 0
    outer loop
      vertex 3.65257 -4.76012 16.4444
      vertex 3.95607 -4.51104 3.1
      vertex 3.65257 -4.76012 3.1
    endloop
  endfacet
  facet normal -0.471406 0.881916 0
    outer loop
      vertex 3 -5.19615 3.1
      vertex 2.65373 -5.38124 16.4444
      vertex 3 -5.19615 16.4444
    endloop
  endfacet
  facet normal -0.471406 0.881916 0
    outer loop
      vertex 2.65373 -5.38124 16.4444
      vertex 3 -5.19615 3.1
      vertex 2.65373 -5.38124 3.1
    endloop
  endfacet
  facet normal -0.881916 0.471406 0
    outer loop
      vertex 5.19615 -3 3.1
      vertex 5.38124 -2.65373 16.4444
      vertex 5.38124 -2.65373 3.1
    endloop
  endfacet
  facet normal -0.881916 0.471406 0
    outer loop
      vertex 5.38124 -2.65373 16.4444
      vertex 5.19615 -3 3.1
      vertex 5.19615 -3 16.4444
    endloop
  endfacet
  facet normal 0.352245 0.935908 -0
    outer loop
      vertex -1.92864 -5.68158 3.1
      vertex -2.2961 -5.54328 16.4444
      vertex -1.92864 -5.68158 16.4444
    endloop
  endfacet
  facet normal 0.352245 0.935908 0
    outer loop
      vertex -2.2961 -5.54328 16.4444
      vertex -1.92864 -5.68158 3.1
      vertex -2.2961 -5.54328 3.1
    endloop
  endfacet
  facet normal 0.227085 0.973875 -0
    outer loop
      vertex -1.17054 -5.88471 3.1
      vertex -1.55291 -5.79555 16.4444
      vertex -1.17054 -5.88471 16.4444
    endloop
  endfacet
  facet normal 0.227085 0.973875 0
    outer loop
      vertex -1.55291 -5.79555 16.4444
      vertex -1.17054 -5.88471 3.1
      vertex -1.55291 -5.79555 3.1
    endloop
  endfacet
  facet normal 0.528061 0.849207 -0
    outer loop
      vertex -3 -5.19615 3.1
      vertex -3.33342 -4.98882 16.4444
      vertex -3 -5.19615 16.4444
    endloop
  endfacet
  facet normal 0.528061 0.849207 0
    outer loop
      vertex -3.33342 -4.98882 16.4444
      vertex -3 -5.19615 3.1
      vertex -3.33342 -4.98882 3.1
    endloop
  endfacet
  facet normal 0.582478 0.812846 -0
    outer loop
      vertex -3.33342 -4.98882 3.1
      vertex -3.65257 -4.76012 16.4444
      vertex -3.33342 -4.98882 16.4444
    endloop
  endfacet
  facet normal 0.582478 0.812846 0
    outer loop
      vertex -3.65257 -4.76012 16.4444
      vertex -3.33342 -4.98882 3.1
      vertex -3.65257 -4.76012 3.1
    endloop
  endfacet
  facet normal 0.986642 0.162902 0
    outer loop
      vertex -5.88471 -1.17054 16.4444
      vertex -5.94867 -0.783156 3.1
      vertex -5.94867 -0.783156 16.4444
    endloop
  endfacet
  facet normal 0.986642 0.162902 0
    outer loop
      vertex -5.94867 -0.783156 3.1
      vertex -5.88471 -1.17054 16.4444
      vertex -5.88471 -1.17054 3.1
    endloop
  endfacet
  facet normal 0.999464 0.0327282 0
    outer loop
      vertex -5.98715 -0.392418 16.4444
      vertex -6 0 3.1
      vertex -6 0 16.4444
    endloop
  endfacet
  facet normal 0.999464 0.0327282 0
    outer loop
      vertex -6 0 3.1
      vertex -5.98715 -0.392418 16.4444
      vertex -5.98715 -0.392418 3.1
    endloop
  endfacet
  facet normal 0.910864 0.412707 0
    outer loop
      vertex -5.38124 -2.65373 16.4444
      vertex -5.54328 -2.2961 3.1
      vertex -5.54328 -2.2961 16.4444
    endloop
  endfacet
  facet normal 0.910864 0.412707 0
    outer loop
      vertex -5.54328 -2.2961 3.1
      vertex -5.38124 -2.65373 16.4444
      vertex -5.38124 -2.65373 3.1
    endloop
  endfacet
  facet normal -0.986642 -0.162902 0
    outer loop
      vertex 5.94867 0.783156 3.1
      vertex 5.88471 1.17054 16.4444
      vertex 5.88471 1.17054 3.1
    endloop
  endfacet
  facet normal -0.986642 -0.162902 0
    outer loop
      vertex 5.88471 1.17054 16.4444
      vertex 5.94867 0.783156 3.1
      vertex 5.94867 0.783156 16.4444
    endloop
  endfacet
  facet normal -0.995186 -0.0980062 0
    outer loop
      vertex 5.98715 0.392418 3.1
      vertex 5.94867 0.783156 16.4444
      vertex 5.94867 0.783156 3.1
    endloop
  endfacet
  facet normal -0.995186 -0.0980062 0
    outer loop
      vertex 5.94867 0.783156 16.4444
      vertex 5.98715 0.392418 3.1
      vertex 5.98715 0.392418 16.4444
    endloop
  endfacet
  facet normal -0.910864 -0.412707 0
    outer loop
      vertex 5.54328 2.2961 3.1
      vertex 5.38124 2.65373 16.4444
      vertex 5.38124 2.65373 3.1
    endloop
  endfacet
  facet normal -0.910864 -0.412707 0
    outer loop
      vertex 5.38124 2.65373 16.4444
      vertex 5.54328 2.2961 3.1
      vertex 5.54328 2.2961 16.4444
    endloop
  endfacet
  facet normal -0.935908 -0.352245 0
    outer loop
      vertex 5.68158 1.92864 3.1
      vertex 5.54328 2.2961 16.4444
      vertex 5.54328 2.2961 3.1
    endloop
  endfacet
  facet normal -0.935908 -0.352245 0
    outer loop
      vertex 5.54328 2.2961 16.4444
      vertex 5.68158 1.92864 3.1
      vertex 5.68158 1.92864 16.4444
    endloop
  endfacet
  facet normal -0.849207 -0.528061 0
    outer loop
      vertex 5.19615 3 3.1
      vertex 4.98882 3.33342 16.4444
      vertex 4.98882 3.33342 3.1
    endloop
  endfacet
  facet normal -0.849207 -0.528061 0
    outer loop
      vertex 4.98882 3.33342 16.4444
      vertex 5.19615 3 3.1
      vertex 5.19615 3 16.4444
    endloop
  endfacet
  facet normal -0.729867 -0.683589 0
    outer loop
      vertex 4.51104 3.95607 3.1
      vertex 4.24264 4.24264 16.4444
      vertex 4.24264 4.24264 3.1
    endloop
  endfacet
  facet normal -0.729867 -0.683589 0
    outer loop
      vertex 4.24264 4.24264 16.4444
      vertex 4.51104 3.95607 3.1
      vertex 4.51104 3.95607 16.4444
    endloop
  endfacet
  facet normal -0.683589 -0.729867 0
    outer loop
      vertex 3.95607 4.51104 3.1
      vertex 4.24264 4.24264 16.4444
      vertex 3.95607 4.51104 16.4444
    endloop
  endfacet
  facet normal -0.683589 -0.729867 -0
    outer loop
      vertex 4.24264 4.24264 16.4444
      vertex 3.95607 4.51104 3.1
      vertex 4.24264 4.24264 3.1
    endloop
  endfacet
  facet normal -0.582478 -0.812846 0
    outer loop
      vertex 3.33342 4.98882 3.1
      vertex 3.65257 4.76012 16.4444
      vertex 3.33342 4.98882 16.4444
    endloop
  endfacet
  facet normal -0.582478 -0.812846 -0
    outer loop
      vertex 3.65257 4.76012 16.4444
      vertex 3.33342 4.98882 3.1
      vertex 3.65257 4.76012 3.1
    endloop
  endfacet
  facet normal -0.412707 -0.910864 0
    outer loop
      vertex 2.2961 5.54328 3.1
      vertex 2.65373 5.38124 16.4444
      vertex 2.2961 5.54328 16.4444
    endloop
  endfacet
  facet normal -0.412707 -0.910864 -0
    outer loop
      vertex 2.65373 5.38124 16.4444
      vertex 2.2961 5.54328 3.1
      vertex 2.65373 5.38124 3.1
    endloop
  endfacet
  facet normal -0.162902 -0.986642 0
    outer loop
      vertex 0.783156 5.94867 3.1
      vertex 1.17054 5.88471 16.4444
      vertex 0.783156 5.94867 16.4444
    endloop
  endfacet
  facet normal -0.162902 -0.986642 -0
    outer loop
      vertex 1.17054 5.88471 16.4444
      vertex 0.783156 5.94867 3.1
      vertex 1.17054 5.88471 3.1
    endloop
  endfacet
  facet normal -0.0980062 -0.995186 0
    outer loop
      vertex 0.392418 5.98715 3.1
      vertex 0.783156 5.94867 16.4444
      vertex 0.392418 5.98715 16.4444
    endloop
  endfacet
  facet normal -0.0980062 -0.995186 -0
    outer loop
      vertex 0.783156 5.94867 16.4444
      vertex 0.392418 5.98715 3.1
      vertex 0.783156 5.94867 3.1
    endloop
  endfacet
  facet normal 0.986642 -0.162902 0
    outer loop
      vertex -5.94867 0.783156 16.4444
      vertex -5.88471 1.17054 3.1
      vertex -5.88471 1.17054 16.4444
    endloop
  endfacet
  facet normal 0.986642 -0.162902 0
    outer loop
      vertex -5.88471 1.17054 3.1
      vertex -5.94867 0.783156 16.4444
      vertex -5.94867 0.783156 3.1
    endloop
  endfacet
  facet normal 0.995186 -0.0980062 0
    outer loop
      vertex -5.98715 0.392418 16.4444
      vertex -5.94867 0.783156 3.1
      vertex -5.94867 0.783156 16.4444
    endloop
  endfacet
  facet normal 0.995186 -0.0980062 0
    outer loop
      vertex -5.94867 0.783156 3.1
      vertex -5.98715 0.392418 16.4444
      vertex -5.98715 0.392418 3.1
    endloop
  endfacet
  facet normal 0.956945 -0.29027 0
    outer loop
      vertex -5.79555 1.55291 16.4444
      vertex -5.68158 1.92864 3.1
      vertex -5.68158 1.92864 16.4444
    endloop
  endfacet
  facet normal 0.956945 -0.29027 0
    outer loop
      vertex -5.68158 1.92864 3.1
      vertex -5.79555 1.55291 16.4444
      vertex -5.79555 1.55291 3.1
    endloop
  endfacet
  facet normal 0.881916 -0.471406 0
    outer loop
      vertex -5.38124 2.65373 16.4444
      vertex -5.19615 3 3.1
      vertex -5.19615 3 16.4444
    endloop
  endfacet
  facet normal 0.881916 -0.471406 0
    outer loop
      vertex -5.19615 3 3.1
      vertex -5.38124 2.65373 16.4444
      vertex -5.38124 2.65373 3.1
    endloop
  endfacet
  facet normal 0.773005 -0.634399 0
    outer loop
      vertex -4.76012 3.65257 16.4444
      vertex -4.51104 3.95607 3.1
      vertex -4.51104 3.95607 16.4444
    endloop
  endfacet
  facet normal 0.773005 -0.634399 0
    outer loop
      vertex -4.51104 3.95607 3.1
      vertex -4.76012 3.65257 16.4444
      vertex -4.76012 3.65257 3.1
    endloop
  endfacet
  facet normal 0.227085 -0.973875 0
    outer loop
      vertex -1.55291 5.79555 3.1
      vertex -1.17054 5.88471 16.4444
      vertex -1.55291 5.79555 16.4444
    endloop
  endfacet
  facet normal 0.227085 -0.973875 0
    outer loop
      vertex -1.17054 5.88471 16.4444
      vertex -1.55291 5.79555 3.1
      vertex -1.17054 5.88471 3.1
    endloop
  endfacet
  facet normal 0.29027 -0.956945 0
    outer loop
      vertex -1.92864 5.68158 3.1
      vertex -1.55291 5.79555 16.4444
      vertex -1.92864 5.68158 16.4444
    endloop
  endfacet
  facet normal 0.29027 -0.956945 0
    outer loop
      vertex -1.55291 5.79555 16.4444
      vertex -1.92864 5.68158 3.1
      vertex -1.55291 5.79555 3.1
    endloop
  endfacet
  facet normal 0.0980062 -0.995186 0
    outer loop
      vertex -0.783156 5.94867 3.1
      vertex -0.392418 5.98715 16.4444
      vertex -0.783156 5.94867 16.4444
    endloop
  endfacet
  facet normal 0.0980062 -0.995186 0
    outer loop
      vertex -0.392418 5.98715 16.4444
      vertex -0.783156 5.94867 3.1
      vertex -0.392418 5.98715 3.1
    endloop
  endfacet
  facet normal 0.412707 -0.910864 0
    outer loop
      vertex -2.65373 5.38124 3.1
      vertex -2.2961 5.54328 16.4444
      vertex -2.65373 5.38124 16.4444
    endloop
  endfacet
  facet normal 0.412707 -0.910864 0
    outer loop
      vertex -2.2961 5.54328 16.4444
      vertex -2.65373 5.38124 3.1
      vertex -2.2961 5.54328 3.1
    endloop
  endfacet
  facet normal 0.634399 -0.773005 0
    outer loop
      vertex -3.95607 4.51104 3.1
      vertex -3.65257 4.76012 16.4444
      vertex -3.95607 4.51104 16.4444
    endloop
  endfacet
  facet normal 0.634399 -0.773005 0
    outer loop
      vertex -3.65257 4.76012 16.4444
      vertex -3.95607 4.51104 3.1
      vertex -3.65257 4.76012 3.1
    endloop
  endfacet
  facet normal 0.582478 -0.812846 0
    outer loop
      vertex -3.65257 4.76012 3.1
      vertex -3.33342 4.98882 16.4444
      vertex -3.65257 4.76012 16.4444
    endloop
  endfacet
  facet normal 0.582478 -0.812846 0
    outer loop
      vertex -3.33342 4.98882 16.4444
      vertex -3.65257 4.76012 3.1
      vertex -3.33342 4.98882 3.1
    endloop
  endfacet
  facet normal -0.986642 0.162902 0
    outer loop
      vertex 5.88471 -1.17054 3.1
      vertex 5.94867 -0.783156 16.4444
      vertex 5.94867 -0.783156 3.1
    endloop
  endfacet
  facet normal -0.986642 0.162902 0
    outer loop
      vertex 5.94867 -0.783156 16.4444
      vertex 5.88471 -1.17054 3.1
      vertex 5.88471 -1.17054 16.4444
    endloop
  endfacet
  facet normal -0.956945 0.29027 0
    outer loop
      vertex 5.68158 -1.92864 3.1
      vertex 5.79555 -1.55291 16.4444
      vertex 5.79555 -1.55291 3.1
    endloop
  endfacet
  facet normal -0.956945 0.29027 0
    outer loop
      vertex 5.79555 -1.55291 16.4444
      vertex 5.68158 -1.92864 3.1
      vertex 5.68158 -1.92864 16.4444
    endloop
  endfacet
  facet normal -0.0980062 0.995186 0
    outer loop
      vertex 0.783156 -5.94867 3.1
      vertex 0.392418 -5.98715 16.4444
      vertex 0.783156 -5.94867 16.4444
    endloop
  endfacet
  facet normal -0.0980062 0.995186 0
    outer loop
      vertex 0.392418 -5.98715 16.4444
      vertex 0.783156 -5.94867 3.1
      vertex 0.392418 -5.98715 3.1
    endloop
  endfacet
  facet normal -0.352245 0.935908 0
    outer loop
      vertex 2.2961 -5.54328 3.1
      vertex 1.92864 -5.68158 16.4444
      vertex 2.2961 -5.54328 16.4444
    endloop
  endfacet
  facet normal -0.352245 0.935908 0
    outer loop
      vertex 1.92864 -5.68158 16.4444
      vertex 2.2961 -5.54328 3.1
      vertex 1.92864 -5.68158 3.1
    endloop
  endfacet
  facet normal -0.227085 0.973875 0
    outer loop
      vertex 1.55291 -5.79555 3.1
      vertex 1.17054 -5.88471 16.4444
      vertex 1.55291 -5.79555 16.4444
    endloop
  endfacet
  facet normal -0.227085 0.973875 0
    outer loop
      vertex 1.17054 -5.88471 16.4444
      vertex 1.55291 -5.79555 3.1
      vertex 1.17054 -5.88471 3.1
    endloop
  endfacet
  facet normal -0.683589 0.729867 0
    outer loop
      vertex 4.24264 -4.24264 3.1
      vertex 3.95607 -4.51104 16.4444
      vertex 4.24264 -4.24264 16.4444
    endloop
  endfacet
  facet normal -0.683589 0.729867 0
    outer loop
      vertex 3.95607 -4.51104 16.4444
      vertex 4.24264 -4.24264 3.1
      vertex 3.95607 -4.51104 3.1
    endloop
  endfacet
  facet normal -0.528061 0.849207 0
    outer loop
      vertex 3.33342 -4.98882 3.1
      vertex 3 -5.19615 16.4444
      vertex 3.33342 -4.98882 16.4444
    endloop
  endfacet
  facet normal -0.528061 0.849207 0
    outer loop
      vertex 3 -5.19615 16.4444
      vertex 3.33342 -4.98882 3.1
      vertex 3 -5.19615 3.1
    endloop
  endfacet
  facet normal -0.910864 0.412707 0
    outer loop
      vertex 5.38124 -2.65373 3.1
      vertex 5.54328 -2.2961 16.4444
      vertex 5.54328 -2.2961 3.1
    endloop
  endfacet
  facet normal -0.910864 0.412707 0
    outer loop
      vertex 5.54328 -2.2961 16.4444
      vertex 5.38124 -2.65373 3.1
      vertex 5.38124 -2.65373 16.4444
    endloop
  endfacet
  facet normal -0.849207 0.528061 0
    outer loop
      vertex 4.98882 -3.33342 3.1
      vertex 5.19615 -3 16.4444
      vertex 5.19615 -3 3.1
    endloop
  endfacet
  facet normal -0.849207 0.528061 0
    outer loop
      vertex 5.19615 -3 16.4444
      vertex 4.98882 -3.33342 3.1
      vertex 4.98882 -3.33342 16.4444
    endloop
  endfacet
  facet normal 0.162902 0.986642 -0
    outer loop
      vertex -0.783156 -5.94867 3.1
      vertex -1.17054 -5.88471 16.4444
      vertex -0.783156 -5.94867 16.4444
    endloop
  endfacet
  facet normal 0.162902 0.986642 0
    outer loop
      vertex -1.17054 -5.88471 16.4444
      vertex -0.783156 -5.94867 3.1
      vertex -1.17054 -5.88471 3.1
    endloop
  endfacet
  facet normal 0.0327282 0.999464 -0
    outer loop
      vertex 0 -6 3.1
      vertex -0.392418 -5.98715 16.4444
      vertex 0 -6 16.4444
    endloop
  endfacet
  facet normal 0.0327282 0.999464 0
    outer loop
      vertex -0.392418 -5.98715 16.4444
      vertex 0 -6 3.1
      vertex -0.392418 -5.98715 3.1
    endloop
  endfacet
  facet normal 0.29027 0.956945 -0
    outer loop
      vertex -1.55291 -5.79555 3.1
      vertex -1.92864 -5.68158 16.4444
      vertex -1.55291 -5.79555 16.4444
    endloop
  endfacet
  facet normal 0.29027 0.956945 0
    outer loop
      vertex -1.92864 -5.68158 16.4444
      vertex -1.55291 -5.79555 3.1
      vertex -1.92864 -5.68158 3.1
    endloop
  endfacet
  facet normal 0.471406 0.881916 -0
    outer loop
      vertex -2.65373 -5.38124 3.1
      vertex -3 -5.19615 16.4444
      vertex -2.65373 -5.38124 16.4444
    endloop
  endfacet
  facet normal 0.471406 0.881916 0
    outer loop
      vertex -3 -5.19615 16.4444
      vertex -2.65373 -5.38124 3.1
      vertex -3 -5.19615 3.1
    endloop
  endfacet
  facet normal 0.634399 0.773005 -0
    outer loop
      vertex -3.65257 -4.76012 3.1
      vertex -3.95607 -4.51104 16.4444
      vertex -3.65257 -4.76012 16.4444
    endloop
  endfacet
  facet normal 0.634399 0.773005 0
    outer loop
      vertex -3.95607 -4.51104 16.4444
      vertex -3.65257 -4.76012 3.1
      vertex -3.95607 -4.51104 3.1
    endloop
  endfacet
  facet normal 0.973875 0.227085 0
    outer loop
      vertex -5.79555 -1.55291 16.4444
      vertex -5.88471 -1.17054 3.1
      vertex -5.88471 -1.17054 16.4444
    endloop
  endfacet
  facet normal 0.973875 0.227085 0
    outer loop
      vertex -5.88471 -1.17054 3.1
      vertex -5.79555 -1.55291 16.4444
      vertex -5.79555 -1.55291 3.1
    endloop
  endfacet
  facet normal 0.956945 0.29027 0
    outer loop
      vertex -5.68158 -1.92864 16.4444
      vertex -5.79555 -1.55291 3.1
      vertex -5.79555 -1.55291 16.4444
    endloop
  endfacet
  facet normal 0.956945 0.29027 0
    outer loop
      vertex -5.79555 -1.55291 3.1
      vertex -5.68158 -1.92864 16.4444
      vertex -5.68158 -1.92864 3.1
    endloop
  endfacet
  facet normal 0.935908 0.352245 0
    outer loop
      vertex -5.54328 -2.2961 16.4444
      vertex -5.68158 -1.92864 3.1
      vertex -5.68158 -1.92864 16.4444
    endloop
  endfacet
  facet normal 0.935908 0.352245 0
    outer loop
      vertex -5.68158 -1.92864 3.1
      vertex -5.54328 -2.2961 16.4444
      vertex -5.54328 -2.2961 3.1
    endloop
  endfacet
  facet normal 0.995186 0.0980062 0
    outer loop
      vertex -5.94867 -0.783156 16.4444
      vertex -5.98715 -0.392418 3.1
      vertex -5.98715 -0.392418 16.4444
    endloop
  endfacet
  facet normal 0.995186 0.0980062 0
    outer loop
      vertex -5.98715 -0.392418 3.1
      vertex -5.94867 -0.783156 16.4444
      vertex -5.94867 -0.783156 3.1
    endloop
  endfacet
  facet normal 0.849207 0.528061 0
    outer loop
      vertex -4.98882 -3.33342 16.4444
      vertex -5.19615 -3 3.1
      vertex -5.19615 -3 16.4444
    endloop
  endfacet
  facet normal 0.849207 0.528061 0
    outer loop
      vertex -5.19615 -3 3.1
      vertex -4.98882 -3.33342 16.4444
      vertex -4.98882 -3.33342 3.1
    endloop
  endfacet
  facet normal 0.881916 0.471406 0
    outer loop
      vertex -5.19615 -3 16.4444
      vertex -5.38124 -2.65373 3.1
      vertex -5.38124 -2.65373 16.4444
    endloop
  endfacet
  facet normal 0.881916 0.471406 0
    outer loop
      vertex -5.38124 -2.65373 3.1
      vertex -5.19615 -3 16.4444
      vertex -5.19615 -3 3.1
    endloop
  endfacet
  facet normal 0.812846 0.582478 0
    outer loop
      vertex -4.76012 -3.65257 16.4444
      vertex -4.98882 -3.33342 3.1
      vertex -4.98882 -3.33342 16.4444
    endloop
  endfacet
  facet normal 0.812846 0.582478 0
    outer loop
      vertex -4.98882 -3.33342 3.1
      vertex -4.76012 -3.65257 16.4444
      vertex -4.76012 -3.65257 3.1
    endloop
  endfacet
  facet normal 0.729867 0.683589 0
    outer loop
      vertex -4.24264 -4.24264 16.4444
      vertex -4.51104 -3.95607 3.1
      vertex -4.51104 -3.95607 16.4444
    endloop
  endfacet
  facet normal 0.729867 0.683589 0
    outer loop
      vertex -4.51104 -3.95607 3.1
      vertex -4.24264 -4.24264 16.4444
      vertex -4.24264 -4.24264 3.1
    endloop
  endfacet
  facet normal 0.773005 0.634399 0
    outer loop
      vertex -4.51104 -3.95607 16.4444
      vertex -4.76012 -3.65257 3.1
      vertex -4.76012 -3.65257 16.4444
    endloop
  endfacet
  facet normal 0.773005 0.634399 0
    outer loop
      vertex -4.76012 -3.65257 3.1
      vertex -4.51104 -3.95607 16.4444
      vertex -4.51104 -3.95607 3.1
    endloop
  endfacet
  facet normal -0.973875 0.227085 0
    outer loop
      vertex 5.79555 -1.55291 3.1
      vertex 5.88471 -1.17054 16.4444
      vertex 5.88471 -1.17054 3.1
    endloop
  endfacet
  facet normal -0.973875 0.227085 0
    outer loop
      vertex 5.88471 -1.17054 16.4444
      vertex 5.79555 -1.55291 3.1
      vertex 5.79555 -1.55291 16.4444
    endloop
  endfacet
  facet normal -0.162902 0.986642 0
    outer loop
      vertex 1.17054 -5.88471 3.1
      vertex 0.783156 -5.94867 16.4444
      vertex 1.17054 -5.88471 16.4444
    endloop
  endfacet
  facet normal -0.162902 0.986642 0
    outer loop
      vertex 0.783156 -5.94867 16.4444
      vertex 1.17054 -5.88471 3.1
      vertex 0.783156 -5.94867 3.1
    endloop
  endfacet
  facet normal -0.29027 0.956945 0
    outer loop
      vertex 1.92864 -5.68158 3.1
      vertex 1.55291 -5.79555 16.4444
      vertex 1.92864 -5.68158 16.4444
    endloop
  endfacet
  facet normal -0.29027 0.956945 0
    outer loop
      vertex 1.55291 -5.79555 16.4444
      vertex 1.92864 -5.68158 3.1
      vertex 1.55291 -5.79555 3.1
    endloop
  endfacet
  facet normal -0.729867 0.683589 0
    outer loop
      vertex 4.24264 -4.24264 3.1
      vertex 4.51104 -3.95607 16.4444
      vertex 4.51104 -3.95607 3.1
    endloop
  endfacet
  facet normal -0.729867 0.683589 0
    outer loop
      vertex 4.51104 -3.95607 16.4444
      vertex 4.24264 -4.24264 3.1
      vertex 4.24264 -4.24264 16.4444
    endloop
  endfacet
  facet normal -0.812846 0.582478 0
    outer loop
      vertex 4.76012 -3.65257 3.1
      vertex 4.98882 -3.33342 16.4444
      vertex 4.98882 -3.33342 3.1
    endloop
  endfacet
  facet normal -0.812846 0.582478 0
    outer loop
      vertex 4.98882 -3.33342 16.4444
      vertex 4.76012 -3.65257 3.1
      vertex 4.76012 -3.65257 16.4444
    endloop
  endfacet
  facet normal 0.0980062 0.995186 -0
    outer loop
      vertex -0.392418 -5.98715 3.1
      vertex -0.783156 -5.94867 16.4444
      vertex -0.392418 -5.98715 16.4444
    endloop
  endfacet
  facet normal 0.0980062 0.995186 0
    outer loop
      vertex -0.783156 -5.94867 16.4444
      vertex -0.392418 -5.98715 3.1
      vertex -0.783156 -5.94867 3.1
    endloop
  endfacet
  facet normal -0.999464 0.0327282 0
    outer loop
      vertex 5.98715 -0.392418 3.1
      vertex 6 0 16.4444
      vertex 6 0 3.1
    endloop
  endfacet
  facet normal -0.999464 0.0327282 0
    outer loop
      vertex 6 0 16.4444
      vertex 5.98715 -0.392418 3.1
      vertex 5.98715 -0.392418 16.4444
    endloop
  endfacet
  facet normal -0.683593 -0.729863 0
    outer loop
      vertex 5.4396 6.20268 0
      vertex 5.83363 5.83363 3.1
      vertex 5.4396 6.20268 3.1
    endloop
  endfacet
  facet normal -0.683593 -0.729863 -0
    outer loop
      vertex 5.83363 5.83363 3.1
      vertex 5.4396 6.20268 0
      vertex 5.83363 5.83363 0
    endloop
  endfacet
  facet normal 0.35224 -0.93591 0
    outer loop
      vertex -3.15714 7.62201 0
      vertex -2.65188 7.81217 3.1
      vertex -3.15714 7.62201 3.1
    endloop
  endfacet
  facet normal 0.35224 -0.93591 0
    outer loop
      vertex -2.65188 7.81217 3.1
      vertex -3.15714 7.62201 0
      vertex -2.65188 7.81217 0
    endloop
  endfacet
  facet normal 0.91086 -0.412715 0
    outer loop
      vertex -7.62201 3.15714 3.1
      vertex -7.3992 3.64888 0
      vertex -7.3992 3.64888 3.1
    endloop
  endfacet
  facet normal 0.91086 -0.412715 0
    outer loop
      vertex -7.3992 3.64888 0
      vertex -7.62201 3.15714 3.1
      vertex -7.62201 3.15714 0
    endloop
  endfacet
  facet normal -0.995184 0.0980247 0
    outer loop
      vertex 8.17942 -1.07684 0
      vertex 8.23234 -0.539576 3.1
      vertex 8.23234 -0.539576 0
    endloop
  endfacet
  facet normal -0.995184 0.0980247 0
    outer loop
      vertex 8.23234 -0.539576 3.1
      vertex 8.17942 -1.07684 0
      vertex 8.17942 -1.07684 3.1
    endloop
  endfacet
  facet normal -0.93591 -0.35224 0
    outer loop
      vertex 7.81217 2.65188 0
      vertex 7.62201 3.15714 3.1
      vertex 7.62201 3.15714 0
    endloop
  endfacet
  facet normal -0.93591 -0.35224 0
    outer loop
      vertex 7.62201 3.15714 3.1
      vertex 7.81217 2.65188 0
      vertex 7.81217 2.65188 3.1
    endloop
  endfacet
  facet normal -0.91086 -0.412715 0
    outer loop
      vertex 7.62201 3.15714 0
      vertex 7.3992 3.64888 3.1
      vertex 7.3992 3.64888 0
    endloop
  endfacet
  facet normal -0.91086 -0.412715 0
    outer loop
      vertex 7.3992 3.64888 3.1
      vertex 7.62201 3.15714 0
      vertex 7.62201 3.15714 3.1
    endloop
  endfacet
  facet normal -0.412715 -0.91086 0
    outer loop
      vertex 3.15714 7.62201 0
      vertex 3.64888 7.3992 3.1
      vertex 3.15714 7.62201 3.1
    endloop
  endfacet
  facet normal -0.412715 -0.91086 -0
    outer loop
      vertex 3.64888 7.3992 3.1
      vertex 3.15714 7.62201 0
      vertex 3.64888 7.3992 0
    endloop
  endfacet
  facet normal 0.729863 -0.683593 0
    outer loop
      vertex -6.20268 5.4396 3.1
      vertex -5.83363 5.83363 0
      vertex -5.83363 5.83363 3.1
    endloop
  endfacet
  facet normal 0.729863 -0.683593 0
    outer loop
      vertex -5.83363 5.83363 0
      vertex -6.20268 5.4396 3.1
      vertex -6.20268 5.4396 0
    endloop
  endfacet
  facet normal 0.162894 -0.986644 0
    outer loop
      vertex -1.60949 8.09148 0
      vertex -1.07684 8.17942 3.1
      vertex -1.60949 8.09148 3.1
    endloop
  endfacet
  facet normal 0.162894 -0.986644 0
    outer loop
      vertex -1.07684 8.17942 3.1
      vertex -1.60949 8.09148 0
      vertex -1.07684 8.17942 0
    endloop
  endfacet
  facet normal 0.683593 0.729863 -0
    outer loop
      vertex -5.4396 -6.20268 0
      vertex -5.83363 -5.83363 3.1
      vertex -5.4396 -6.20268 3.1
    endloop
  endfacet
  facet normal 0.683593 0.729863 0
    outer loop
      vertex -5.83363 -5.83363 3.1
      vertex -5.4396 -6.20268 0
      vertex -5.83363 -5.83363 0
    endloop
  endfacet
  facet normal 0.812848 0.582476 0
    outer loop
      vertex -6.54516 -5.02228 3.1
      vertex -6.85962 -4.58345 0
      vertex -6.85962 -4.58345 3.1
    endloop
  endfacet
  facet normal 0.812848 0.582476 0
    outer loop
      vertex -6.85962 -4.58345 0
      vertex -6.54516 -5.02228 3.1
      vertex -6.54516 -5.02228 0
    endloop
  endfacet
  facet normal -0.995184 -0.0980247 0
    outer loop
      vertex 8.23234 0.539576 0
      vertex 8.17942 1.07684 3.1
      vertex 8.17942 1.07684 0
    endloop
  endfacet
  facet normal -0.995184 -0.0980247 0
    outer loop
      vertex 8.17942 1.07684 3.1
      vertex 8.23234 0.539576 0
      vertex 8.23234 0.539576 3.1
    endloop
  endfacet
  facet normal -0.986644 -0.162894 0
    outer loop
      vertex 8.17942 1.07684 0
      vertex 8.09148 1.60949 3.1
      vertex 8.09148 1.60949 0
    endloop
  endfacet
  facet normal -0.986644 -0.162894 0
    outer loop
      vertex 8.09148 1.60949 3.1
      vertex 8.17942 1.07684 0
      vertex 8.17942 1.07684 3.1
    endloop
  endfacet
  facet normal -0.849196 -0.528078 0
    outer loop
      vertex 7.14471 4.125 0
      vertex 6.85962 4.58345 3.1
      vertex 6.85962 4.58345 0
    endloop
  endfacet
  facet normal -0.849196 -0.528078 0
    outer loop
      vertex 6.85962 4.58345 3.1
      vertex 7.14471 4.125 0
      vertex 7.14471 4.125 3.1
    endloop
  endfacet
  facet normal -0.729863 -0.683593 0
    outer loop
      vertex 6.20268 5.4396 0
      vertex 5.83363 5.83363 3.1
      vertex 5.83363 5.83363 0
    endloop
  endfacet
  facet normal -0.729863 -0.683593 0
    outer loop
      vertex 5.83363 5.83363 3.1
      vertex 6.20268 5.4396 0
      vertex 6.20268 5.4396 3.1
    endloop
  endfacet
  facet normal -0.634387 -0.773016 0
    outer loop
      vertex 5.02228 6.54516 0
      vertex 5.4396 6.20268 3.1
      vertex 5.02228 6.54516 3.1
    endloop
  endfacet
  facet normal -0.634387 -0.773016 -0
    outer loop
      vertex 5.4396 6.20268 3.1
      vertex 5.02228 6.54516 0
      vertex 5.4396 6.20268 0
    endloop
  endfacet
  facet normal -0.0327119 -0.999465 0
    outer loop
      vertex 0 8.25 0
      vertex 0.539576 8.23234 3.1
      vertex 0 8.25 3.1
    endloop
  endfacet
  facet normal -0.0327119 -0.999465 -0
    outer loop
      vertex 0.539576 8.23234 3.1
      vertex 0 8.25 0
      vertex 0.539576 8.23234 0
    endloop
  endfacet
  facet normal -0.0980247 -0.995184 0
    outer loop
      vertex 0.539576 8.23234 0
      vertex 1.07684 8.17942 3.1
      vertex 0.539576 8.23234 3.1
    endloop
  endfacet
  facet normal -0.0980247 -0.995184 -0
    outer loop
      vertex 1.07684 8.17942 3.1
      vertex 0.539576 8.23234 0
      vertex 1.07684 8.17942 0
    endloop
  endfacet
  facet normal -0.35224 -0.93591 0
    outer loop
      vertex 2.65188 7.81217 0
      vertex 3.15714 7.62201 3.1
      vertex 2.65188 7.81217 3.1
    endloop
  endfacet
  facet normal -0.35224 -0.93591 -0
    outer loop
      vertex 3.15714 7.62201 3.1
      vertex 2.65188 7.81217 0
      vertex 3.15714 7.62201 0
    endloop
  endfacet
  facet normal -0.290293 -0.956938 0
    outer loop
      vertex 2.13526 7.96889 0
      vertex 2.65188 7.81217 3.1
      vertex 2.13526 7.96889 3.1
    endloop
  endfacet
  facet normal -0.290293 -0.956938 -0
    outer loop
      vertex 2.65188 7.81217 3.1
      vertex 2.13526 7.96889 0
      vertex 2.65188 7.81217 0
    endloop
  endfacet
  facet normal 0.999465 -0.0327119 0
    outer loop
      vertex -8.25 0 3.1
      vertex -8.23234 0.539576 0
      vertex -8.23234 0.539576 3.1
    endloop
  endfacet
  facet normal 0.999465 -0.0327119 0
    outer loop
      vertex -8.23234 0.539576 0
      vertex -8.25 0 3.1
      vertex -8.25 0 0
    endloop
  endfacet
  facet normal 0.995184 -0.0980247 0
    outer loop
      vertex -8.23234 0.539576 3.1
      vertex -8.17942 1.07684 0
      vertex -8.17942 1.07684 3.1
    endloop
  endfacet
  facet normal 0.995184 -0.0980247 0
    outer loop
      vertex -8.17942 1.07684 0
      vertex -8.23234 0.539576 3.1
      vertex -8.23234 0.539576 0
    endloop
  endfacet
  facet normal 0.93591 -0.35224 0
    outer loop
      vertex -7.81217 2.65188 3.1
      vertex -7.62201 3.15714 0
      vertex -7.62201 3.15714 3.1
    endloop
  endfacet
  facet normal 0.93591 -0.35224 0
    outer loop
      vertex -7.62201 3.15714 0
      vertex -7.81217 2.65188 3.1
      vertex -7.81217 2.65188 0
    endloop
  endfacet
  facet normal 0.956938 -0.290293 0
    outer loop
      vertex -7.96889 2.13526 3.1
      vertex -7.81217 2.65188 0
      vertex -7.81217 2.65188 3.1
    endloop
  endfacet
  facet normal 0.956938 -0.290293 0
    outer loop
      vertex -7.81217 2.65188 0
      vertex -7.96889 2.13526 3.1
      vertex -7.96889 2.13526 0
    endloop
  endfacet
  facet normal 0.881922 -0.471395 0
    outer loop
      vertex -7.3992 3.64888 3.1
      vertex -7.14471 4.125 0
      vertex -7.14471 4.125 3.1
    endloop
  endfacet
  facet normal 0.881922 -0.471395 0
    outer loop
      vertex -7.14471 4.125 0
      vertex -7.3992 3.64888 3.1
      vertex -7.3992 3.64888 0
    endloop
  endfacet
  facet normal 0.812848 -0.582476 0
    outer loop
      vertex -6.85962 4.58345 3.1
      vertex -6.54516 5.02228 0
      vertex -6.54516 5.02228 3.1
    endloop
  endfacet
  facet normal 0.812848 -0.582476 0
    outer loop
      vertex -6.54516 5.02228 0
      vertex -6.85962 4.58345 3.1
      vertex -6.85962 4.58345 0
    endloop
  endfacet
  facet normal 0.290293 -0.956938 0
    outer loop
      vertex -2.65188 7.81217 0
      vertex -2.13526 7.96889 3.1
      vertex -2.65188 7.81217 3.1
    endloop
  endfacet
  facet normal 0.290293 -0.956938 0
    outer loop
      vertex -2.13526 7.96889 3.1
      vertex -2.65188 7.81217 0
      vertex -2.13526 7.96889 0
    endloop
  endfacet
  facet normal 0.0327119 -0.999465 0
    outer loop
      vertex -0.539576 8.23234 0
      vertex 0 8.25 3.1
      vertex -0.539576 8.23234 3.1
    endloop
  endfacet
  facet normal 0.0327119 -0.999465 0
    outer loop
      vertex 0 8.25 3.1
      vertex -0.539576 8.23234 0
      vertex 0 8.25 0
    endloop
  endfacet
  facet normal 0.528078 -0.849196 0
    outer loop
      vertex -4.58345 6.85962 0
      vertex -4.125 7.14471 3.1
      vertex -4.58345 6.85962 3.1
    endloop
  endfacet
  facet normal 0.528078 -0.849196 0
    outer loop
      vertex -4.125 7.14471 3.1
      vertex -4.58345 6.85962 0
      vertex -4.125 7.14471 0
    endloop
  endfacet
  facet normal 0.412715 -0.91086 0
    outer loop
      vertex -3.64888 7.3992 0
      vertex -3.15714 7.62201 3.1
      vertex -3.64888 7.3992 3.1
    endloop
  endfacet
  facet normal 0.412715 -0.91086 0
    outer loop
      vertex -3.15714 7.62201 3.1
      vertex -3.64888 7.3992 0
      vertex -3.15714 7.62201 0
    endloop
  endfacet
  facet normal 0.683593 -0.729863 0
    outer loop
      vertex -5.83363 5.83363 0
      vertex -5.4396 6.20268 3.1
      vertex -5.83363 5.83363 3.1
    endloop
  endfacet
  facet normal 0.683593 -0.729863 0
    outer loop
      vertex -5.4396 6.20268 3.1
      vertex -5.83363 5.83363 0
      vertex -5.4396 6.20268 0
    endloop
  endfacet
  facet normal -0.999465 -0.0327119 0
    outer loop
      vertex 8.25 0 0
      vertex 8.23234 0.539576 3.1
      vertex 8.23234 0.539576 0
    endloop
  endfacet
  facet normal -0.999465 -0.0327119 0
    outer loop
      vertex 8.23234 0.539576 3.1
      vertex 8.25 0 0
      vertex 8.25 0 3.1
    endloop
  endfacet
  facet normal -0.0327119 0.999465 0
    outer loop
      vertex 0.539576 -8.23234 0
      vertex 0 -8.25 3.1
      vertex 0.539576 -8.23234 3.1
    endloop
  endfacet
  facet normal -0.0327119 0.999465 0
    outer loop
      vertex 0 -8.25 3.1
      vertex 0.539576 -8.23234 0
      vertex 0 -8.25 0
    endloop
  endfacet
  facet normal -0.973878 0.227072 0
    outer loop
      vertex 7.96889 -2.13526 0
      vertex 8.09148 -1.60949 3.1
      vertex 8.09148 -1.60949 0
    endloop
  endfacet
  facet normal -0.973878 0.227072 0
    outer loop
      vertex 8.09148 -1.60949 3.1
      vertex 7.96889 -2.13526 0
      vertex 7.96889 -2.13526 3.1
    endloop
  endfacet
  facet normal -0.729863 0.683593 0
    outer loop
      vertex 5.83363 -5.83363 0
      vertex 6.20268 -5.4396 3.1
      vertex 6.20268 -5.4396 0
    endloop
  endfacet
  facet normal -0.729863 0.683593 0
    outer loop
      vertex 6.20268 -5.4396 3.1
      vertex 5.83363 -5.83363 0
      vertex 5.83363 -5.83363 3.1
    endloop
  endfacet
  facet normal -0.91086 0.412715 0
    outer loop
      vertex 7.3992 -3.64888 0
      vertex 7.62201 -3.15714 3.1
      vertex 7.62201 -3.15714 0
    endloop
  endfacet
  facet normal -0.91086 0.412715 0
    outer loop
      vertex 7.62201 -3.15714 3.1
      vertex 7.3992 -3.64888 0
      vertex 7.3992 -3.64888 3.1
    endloop
  endfacet
  facet normal -0.0980247 0.995184 0
    outer loop
      vertex 1.07684 -8.17942 0
      vertex 0.539576 -8.23234 3.1
      vertex 1.07684 -8.17942 3.1
    endloop
  endfacet
  facet normal -0.0980247 0.995184 0
    outer loop
      vertex 0.539576 -8.23234 3.1
      vertex 1.07684 -8.17942 0
      vertex 0.539576 -8.23234 0
    endloop
  endfacet
  facet normal -0.528078 0.849196 0
    outer loop
      vertex 4.58345 -6.85962 0
      vertex 4.125 -7.14471 3.1
      vertex 4.58345 -6.85962 3.1
    endloop
  endfacet
  facet normal -0.528078 0.849196 0
    outer loop
      vertex 4.125 -7.14471 3.1
      vertex 4.58345 -6.85962 0
      vertex 4.125 -7.14471 0
    endloop
  endfacet
  facet normal -0.412715 0.91086 0
    outer loop
      vertex 3.64888 -7.3992 0
      vertex 3.15714 -7.62201 3.1
      vertex 3.64888 -7.3992 3.1
    endloop
  endfacet
  facet normal -0.412715 0.91086 0
    outer loop
      vertex 3.15714 -7.62201 3.1
      vertex 3.64888 -7.3992 0
      vertex 3.15714 -7.62201 0
    endloop
  endfacet
  facet normal 0.35224 0.93591 -0
    outer loop
      vertex -2.65188 -7.81217 0
      vertex -3.15714 -7.62201 3.1
      vertex -2.65188 -7.81217 3.1
    endloop
  endfacet
  facet normal 0.35224 0.93591 0
    outer loop
      vertex -3.15714 -7.62201 3.1
      vertex -2.65188 -7.81217 0
      vertex -3.15714 -7.62201 0
    endloop
  endfacet
  facet normal 0.290293 0.956938 -0
    outer loop
      vertex -2.13526 -7.96889 0
      vertex -2.65188 -7.81217 3.1
      vertex -2.13526 -7.96889 3.1
    endloop
  endfacet
  facet normal 0.290293 0.956938 0
    outer loop
      vertex -2.65188 -7.81217 3.1
      vertex -2.13526 -7.96889 0
      vertex -2.65188 -7.81217 0
    endloop
  endfacet
  facet normal 0.582476 0.812848 -0
    outer loop
      vertex -4.58345 -6.85962 0
      vertex -5.02228 -6.54516 3.1
      vertex -4.58345 -6.85962 3.1
    endloop
  endfacet
  facet normal 0.582476 0.812848 0
    outer loop
      vertex -5.02228 -6.54516 3.1
      vertex -4.58345 -6.85962 0
      vertex -5.02228 -6.54516 0
    endloop
  endfacet
  facet normal 0.986644 0.162894 0
    outer loop
      vertex -8.09148 -1.60949 3.1
      vertex -8.17942 -1.07684 0
      vertex -8.17942 -1.07684 3.1
    endloop
  endfacet
  facet normal 0.986644 0.162894 0
    outer loop
      vertex -8.17942 -1.07684 0
      vertex -8.09148 -1.60949 3.1
      vertex -8.09148 -1.60949 0
    endloop
  endfacet
  facet normal 0.999465 0.0327119 0
    outer loop
      vertex -8.23234 -0.539576 3.1
      vertex -8.25 0 0
      vertex -8.25 0 3.1
    endloop
  endfacet
  facet normal 0.999465 0.0327119 0
    outer loop
      vertex -8.25 0 0
      vertex -8.23234 -0.539576 3.1
      vertex -8.23234 -0.539576 0
    endloop
  endfacet
  facet normal 0.91086 0.412715 0
    outer loop
      vertex -7.3992 -3.64888 3.1
      vertex -7.62201 -3.15714 0
      vertex -7.62201 -3.15714 3.1
    endloop
  endfacet
  facet normal 0.91086 0.412715 0
    outer loop
      vertex -7.62201 -3.15714 0
      vertex -7.3992 -3.64888 3.1
      vertex -7.3992 -3.64888 0
    endloop
  endfacet
  facet normal -0.973878 -0.227072 0
    outer loop
      vertex 8.09148 1.60949 0
      vertex 7.96889 2.13526 3.1
      vertex 7.96889 2.13526 0
    endloop
  endfacet
  facet normal -0.973878 -0.227072 0
    outer loop
      vertex 7.96889 2.13526 3.1
      vertex 8.09148 1.60949 0
      vertex 8.09148 1.60949 3.1
    endloop
  endfacet
  facet normal -0.956938 -0.290293 0
    outer loop
      vertex 7.96889 2.13526 0
      vertex 7.81217 2.65188 3.1
      vertex 7.81217 2.65188 0
    endloop
  endfacet
  facet normal -0.956938 -0.290293 0
    outer loop
      vertex 7.81217 2.65188 3.1
      vertex 7.96889 2.13526 0
      vertex 7.96889 2.13526 3.1
    endloop
  endfacet
  facet normal -0.812848 -0.582476 0
    outer loop
      vertex 6.85962 4.58345 0
      vertex 6.54516 5.02228 3.1
      vertex 6.54516 5.02228 0
    endloop
  endfacet
  facet normal -0.812848 -0.582476 0
    outer loop
      vertex 6.54516 5.02228 3.1
      vertex 6.85962 4.58345 0
      vertex 6.85962 4.58345 3.1
    endloop
  endfacet
  facet normal -0.773016 -0.634387 0
    outer loop
      vertex 6.54516 5.02228 0
      vertex 6.20268 5.4396 3.1
      vertex 6.20268 5.4396 0
    endloop
  endfacet
  facet normal -0.773016 -0.634387 0
    outer loop
      vertex 6.20268 5.4396 3.1
      vertex 6.54516 5.02228 0
      vertex 6.54516 5.02228 3.1
    endloop
  endfacet
  facet normal -0.582476 -0.812848 0
    outer loop
      vertex 4.58345 6.85962 0
      vertex 5.02228 6.54516 3.1
      vertex 4.58345 6.85962 3.1
    endloop
  endfacet
  facet normal -0.582476 -0.812848 -0
    outer loop
      vertex 5.02228 6.54516 3.1
      vertex 4.58345 6.85962 0
      vertex 5.02228 6.54516 0
    endloop
  endfacet
  facet normal -0.528078 -0.849196 0
    outer loop
      vertex 4.125 7.14471 0
      vertex 4.58345 6.85962 3.1
      vertex 4.125 7.14471 3.1
    endloop
  endfacet
  facet normal -0.528078 -0.849196 -0
    outer loop
      vertex 4.58345 6.85962 3.1
      vertex 4.125 7.14471 0
      vertex 4.58345 6.85962 0
    endloop
  endfacet
  facet normal -0.471395 -0.881922 0
    outer loop
      vertex 3.64888 7.3992 0
      vertex 4.125 7.14471 3.1
      vertex 3.64888 7.3992 3.1
    endloop
  endfacet
  facet normal -0.471395 -0.881922 -0
    outer loop
      vertex 4.125 7.14471 3.1
      vertex 3.64888 7.3992 0
      vertex 4.125 7.14471 0
    endloop
  endfacet
  facet normal -0.227072 -0.973878 0
    outer loop
      vertex 1.60949 8.09148 0
      vertex 2.13526 7.96889 3.1
      vertex 1.60949 8.09148 3.1
    endloop
  endfacet
  facet normal -0.227072 -0.973878 -0
    outer loop
      vertex 2.13526 7.96889 3.1
      vertex 1.60949 8.09148 0
      vertex 2.13526 7.96889 0
    endloop
  endfacet
  facet normal 0 0 -1
    outer loop
      vertex 6 0 3.1
      vertex 8.25 0 3.1
      vertex 8.23234 -0.539576 3.1
    endloop
  endfacet
  facet normal 0 0 -1
    outer loop
      vertex 5.98715 -0.392418 3.1
      vertex 8.23234 -0.539576 3.1
      vertex 8.17942 -1.07684 3.1
    endloop
  endfacet
  facet normal 0 0 -1
    outer loop
      vertex 8.25 0 3.1
      vertex 6 0 3.1
      vertex 8.23234 0.539576 3.1
    endloop
  endfacet
  facet normal 0 0 -1
    outer loop
      vertex 5.94867 -0.783156 3.1
      vertex 8.17942 -1.07684 3.1
      vertex 8.09148 -1.60949 3.1
    endloop
  endfacet
  facet normal 0 0 -1
    outer loop
      vertex 5.98715 0.392418 3.1
      vertex 8.23234 0.539576 3.1
      vertex 6 0 3.1
    endloop
  endfacet
  facet normal 0 0 -1
    outer loop
      vertex 5.88471 -1.17054 3.1
      vertex 8.09148 -1.60949 3.1
      vertex 7.96889 -2.13526 3.1
    endloop
  endfacet
  facet normal -0 0 -1
    outer loop
      vertex 8.23234 0.539576 3.1
      vertex 5.98715 0.392418 3.1
      vertex 8.17942 1.07684 3.1
    endloop
  endfacet
  facet normal 0 0 -1
    outer loop
      vertex 5.79555 -1.55291 3.1
      vertex 7.96889 -2.13526 3.1
      vertex 7.81217 -2.65188 3.1
    endloop
  endfacet
  facet normal 0 0 -1
    outer loop
      vertex 5.94867 0.783156 3.1
      vertex 8.17942 1.07684 3.1
      vertex 5.98715 0.392418 3.1
    endloop
  endfacet
  facet normal 0 0 -1
    outer loop
      vertex 5.68158 -1.92864 3.1
      vertex 7.81217 -2.65188 3.1
      vertex 7.62201 -3.15714 3.1
    endloop
  endfacet
  facet normal -0 0 -1
    outer loop
      vertex 8.17942 1.07684 3.1
      vertex 5.94867 0.783156 3.1
      vertex 8.09148 1.60949 3.1
    endloop
  endfacet
  facet normal 0 0 -1
    outer loop
      vertex 5.54328 -2.2961 3.1
      vertex 7.62201 -3.15714 3.1
      vertex 7.3992 -3.64888 3.1
    endloop
  endfacet
  facet normal 0 0 -1
    outer loop
      vertex 5.88471 1.17054 3.1
      vertex 8.09148 1.60949 3.1
      vertex 5.94867 0.783156 3.1
    endloop
  endfacet
  facet normal 0 0 -1
    outer loop
      vertex 5.38124 -2.65373 3.1
      vertex 7.3992 -3.64888 3.1
      vertex 7.14471 -4.125 3.1
    endloop
  endfacet
  facet normal -0 0 -1
    outer loop
      vertex 8.09148 1.60949 3.1
      vertex 5.88471 1.17054 3.1
      vertex 7.96889 2.13526 3.1
    endloop
  endfacet
  facet normal 0 0 -1
    outer loop
      vertex 5.19615 -3 3.1
      vertex 7.14471 -4.125 3.1
      vertex 6.85962 -4.58345 3.1
    endloop
  endfacet
  facet normal 0 0 -1
    outer loop
      vertex 5.79555 1.55291 3.1
      vertex 7.96889 2.13526 3.1
      vertex 5.88471 1.17054 3.1
    endloop
  endfacet
  facet normal 0 0 -1
    outer loop
      vertex 4.98882 -3.33342 3.1
      vertex 6.85962 -4.58345 3.1
      vertex 6.54516 -5.02228 3.1
    endloop
  endfacet
  facet normal -0 0 -1
    outer loop
      vertex 7.96889 2.13526 3.1
      vertex 5.79555 1.55291 3.1
      vertex 7.81217 2.65188 3.1
    endloop
  endfacet
  facet normal 0 0 -1
    outer loop
      vertex 4.76012 -3.65257 3.1
      vertex 6.54516 -5.02228 3.1
      vertex 6.20268 -5.4396 3.1
    endloop
  endfacet
  facet normal 0 0 -1
    outer loop
      vertex 5.68158 1.92864 3.1
      vertex 7.81217 2.65188 3.1
      vertex 5.79555 1.55291 3.1
    endloop
  endfacet
  facet normal -0 0 -1
    outer loop
      vertex 7.81217 2.65188 3.1
      vertex 5.68158 1.92864 3.1
      vertex 7.62201 3.15714 3.1
    endloop
  endfacet
  facet normal 0 0 -1
    outer loop
      vertex 8.23234 -0.539576 3.1
      vertex 5.98715 -0.392418 3.1
      vertex 6 0 3.1
    endloop
  endfacet
  facet normal 0 0 -1
    outer loop
      vertex 8.17942 -1.07684 3.1
      vertex 5.94867 -0.783156 3.1
      vertex 5.98715 -0.392418 3.1
    endloop
  endfacet
  facet normal 0 0 -1
    outer loop
      vertex 8.09148 -1.60949 3.1
      vertex 5.88471 -1.17054 3.1
      vertex 5.94867 -0.783156 3.1
    endloop
  endfacet
  facet normal 0 0 -1
    outer loop
      vertex 4.51104 -3.95607 3.1
      vertex 6.20268 -5.4396 3.1
      vertex 5.83363 -5.83363 3.1
    endloop
  endfacet
  facet normal 0 0 -1
    outer loop
      vertex 7.96889 -2.13526 3.1
      vertex 5.79555 -1.55291 3.1
      vertex 5.88471 -1.17054 3.1
    endloop
  endfacet
  facet normal 0 0 -1
    outer loop
      vertex 7.81217 -2.65188 3.1
      vertex 5.68158 -1.92864 3.1
      vertex 5.79555 -1.55291 3.1
    endloop
  endfacet
  facet normal 0 0 -1
    outer loop
      vertex 7.62201 -3.15714 3.1
      vertex 5.54328 -2.2961 3.1
      vertex 5.68158 -1.92864 3.1
    endloop
  endfacet
  facet normal 0 0 -1
    outer loop
      vertex 4.24264 -4.24264 3.1
      vertex 5.83363 -5.83363 3.1
      vertex 5.4396 -6.20268 3.1
    endloop
  endfacet
  facet normal 0 0 -1
    outer loop
      vertex 7.3992 -3.64888 3.1
      vertex 5.38124 -2.65373 3.1
      vertex 5.54328 -2.2961 3.1
    endloop
  endfacet
  facet normal 0 0 -1
    outer loop
      vertex 7.14471 -4.125 3.1
      vertex 5.19615 -3 3.1
      vertex 5.38124 -2.65373 3.1
    endloop
  endfacet
  facet normal 0 0 -1
    outer loop
      vertex 3.95607 -4.51104 3.1
      vertex 5.4396 -6.20268 3.1
      vertex 5.02228 -6.54516 3.1
    endloop
  endfacet
  facet normal 0 0 -1
    outer loop
      vertex 6.85962 -4.58345 3.1
      vertex 4.98882 -3.33342 3.1
      vertex 5.19615 -3 3.1
    endloop
  endfacet
  facet normal 0 0 -1
    outer loop
      vertex 6.54516 -5.02228 3.1
      vertex 4.76012 -3.65257 3.1
      vertex 4.98882 -3.33342 3.1
    endloop
  endfacet
  facet normal 0 0 -1
    outer loop
      vertex 3.65257 -4.76012 3.1
      vertex 5.02228 -6.54516 3.1
      vertex 4.58345 -6.85962 3.1
    endloop
  endfacet
  facet normal 0 0 -1
    outer loop
      vertex 6.20268 -5.4396 3.1
      vertex 4.51104 -3.95607 3.1
      vertex 4.76012 -3.65257 3.1
    endloop
  endfacet
  facet normal 0 0 -1
    outer loop
      vertex 5.83363 -5.83363 3.1
      vertex 4.24264 -4.24264 3.1
      vertex 4.51104 -3.95607 3.1
    endloop
  endfacet
  facet normal 0 0 -1
    outer loop
      vertex 3.33342 -4.98882 3.1
      vertex 4.58345 -6.85962 3.1
      vertex 4.125 -7.14471 3.1
    endloop
  endfacet
  facet normal 0 0 -1
    outer loop
      vertex 5.4396 -6.20268 3.1
      vertex 3.95607 -4.51104 3.1
      vertex 4.24264 -4.24264 3.1
    endloop
  endfacet
  facet normal 0 0 -1
    outer loop
      vertex 5.02228 -6.54516 3.1
      vertex 3.65257 -4.76012 3.1
      vertex 3.95607 -4.51104 3.1
    endloop
  endfacet
  facet normal 0 0 -1
    outer loop
      vertex 3 -5.19615 3.1
      vertex 4.125 -7.14471 3.1
      vertex 3.64888 -7.3992 3.1
    endloop
  endfacet
  facet normal 0 0 -1
    outer loop
      vertex 4.58345 -6.85962 3.1
      vertex 3.33342 -4.98882 3.1
      vertex 3.65257 -4.76012 3.1
    endloop
  endfacet
  facet normal 0 0 -1
    outer loop
      vertex 2.65373 -5.38124 3.1
      vertex 3.64888 -7.3992 3.1
      vertex 3.15714 -7.62201 3.1
    endloop
  endfacet
  facet normal 0 0 -1
    outer loop
      vertex 4.125 -7.14471 3.1
      vertex 3 -5.19615 3.1
      vertex 3.33342 -4.98882 3.1
    endloop
  endfacet
  facet normal 0 0 -1
    outer loop
      vertex 3.64888 -7.3992 3.1
      vertex 2.65373 -5.38124 3.1
      vertex 3 -5.19615 3.1
    endloop
  endfacet
  facet normal 0 0 -1
    outer loop
      vertex 2.2961 -5.54328 3.1
      vertex 3.15714 -7.62201 3.1
      vertex 2.65188 -7.81217 3.1
    endloop
  endfacet
  facet normal 0 0 -1
    outer loop
      vertex 3.15714 -7.62201 3.1
      vertex 2.2961 -5.54328 3.1
      vertex 2.65373 -5.38124 3.1
    endloop
  endfacet
  facet normal 0 0 -1
    outer loop
      vertex 1.92864 -5.68158 3.1
      vertex 2.65188 -7.81217 3.1
      vertex 2.13526 -7.96889 3.1
    endloop
  endfacet
  facet normal 0 0 -1
    outer loop
      vertex 2.65188 -7.81217 3.1
      vertex 1.92864 -5.68158 3.1
      vertex 2.2961 -5.54328 3.1
    endloop
  endfacet
  facet normal 0 0 -1
    outer loop
      vertex 1.55291 -5.79555 3.1
      vertex 2.13526 -7.96889 3.1
      vertex 1.60949 -8.09148 3.1
    endloop
  endfacet
  facet normal 0 0 -1
    outer loop
      vertex 2.13526 -7.96889 3.1
      vertex 1.55291 -5.79555 3.1
      vertex 1.92864 -5.68158 3.1
    endloop
  endfacet
  facet normal 0 0 -1
    outer loop
      vertex 1.60949 -8.09148 3.1
      vertex 1.17054 -5.88471 3.1
      vertex 1.55291 -5.79555 3.1
    endloop
  endfacet
  facet normal 0 0 -1
    outer loop
      vertex 1.07684 -8.17942 3.1
      vertex 1.17054 -5.88471 3.1
      vertex 1.60949 -8.09148 3.1
    endloop
  endfacet
  facet normal 0 0 -1
    outer loop
      vertex 1.07684 -8.17942 3.1
      vertex 0.783156 -5.94867 3.1
      vertex 1.17054 -5.88471 3.1
    endloop
  endfacet
  facet normal 0 0 -1
    outer loop
      vertex 0.539576 -8.23234 3.1
      vertex 0.783156 -5.94867 3.1
      vertex 1.07684 -8.17942 3.1
    endloop
  endfacet
  facet normal 0 0 -1
    outer loop
      vertex 0.539576 -8.23234 3.1
      vertex 0.392418 -5.98715 3.1
      vertex 0.783156 -5.94867 3.1
    endloop
  endfacet
  facet normal 0 0 -1
    outer loop
      vertex 0 -8.25 3.1
      vertex 0.392418 -5.98715 3.1
      vertex 0.539576 -8.23234 3.1
    endloop
  endfacet
  facet normal 0 0 -1
    outer loop
      vertex 0 -8.25 3.1
      vertex 0 -6 3.1
      vertex 0.392418 -5.98715 3.1
    endloop
  endfacet
  facet normal 0 0 -1
    outer loop
      vertex 0 -8.25 3.1
      vertex -0.392418 -5.98715 3.1
      vertex 0 -6 3.1
    endloop
  endfacet
  facet normal 0 0 -1
    outer loop
      vertex -0.539576 -8.23234 3.1
      vertex -0.392418 -5.98715 3.1
      vertex 0 -8.25 3.1
    endloop
  endfacet
  facet normal 0 0 -1
    outer loop
      vertex -0.539576 -8.23234 3.1
      vertex -0.783156 -5.94867 3.1
      vertex -0.392418 -5.98715 3.1
    endloop
  endfacet
  facet normal 0 0 -1
    outer loop
      vertex -1.07684 -8.17942 3.1
      vertex -0.783156 -5.94867 3.1
      vertex -0.539576 -8.23234 3.1
    endloop
  endfacet
  facet normal 0 0 -1
    outer loop
      vertex -1.07684 -8.17942 3.1
      vertex -1.17054 -5.88471 3.1
      vertex -0.783156 -5.94867 3.1
    endloop
  endfacet
  facet normal 0 0 -1
    outer loop
      vertex -1.60949 -8.09148 3.1
      vertex -1.17054 -5.88471 3.1
      vertex -1.07684 -8.17942 3.1
    endloop
  endfacet
  facet normal -0 0 -1
    outer loop
      vertex -1.17054 -5.88471 3.1
      vertex -1.60949 -8.09148 3.1
      vertex -1.55291 -5.79555 3.1
    endloop
  endfacet
  facet normal 0 0 -1
    outer loop
      vertex -2.13526 -7.96889 3.1
      vertex -1.55291 -5.79555 3.1
      vertex -1.60949 -8.09148 3.1
    endloop
  endfacet
  facet normal -0 0 -1
    outer loop
      vertex -1.55291 -5.79555 3.1
      vertex -2.13526 -7.96889 3.1
      vertex -1.92864 -5.68158 3.1
    endloop
  endfacet
  facet normal 0 0 -1
    outer loop
      vertex -2.65188 -7.81217 3.1
      vertex -1.92864 -5.68158 3.1
      vertex -2.13526 -7.96889 3.1
    endloop
  endfacet
  facet normal -0 0 -1
    outer loop
      vertex -1.92864 -5.68158 3.1
      vertex -2.65188 -7.81217 3.1
      vertex -2.2961 -5.54328 3.1
    endloop
  endfacet
  facet normal 0 0 -1
    outer loop
      vertex -3.15714 -7.62201 3.1
      vertex -2.2961 -5.54328 3.1
      vertex -2.65188 -7.81217 3.1
    endloop
  endfacet
  facet normal -0 0 -1
    outer loop
      vertex -2.2961 -5.54328 3.1
      vertex -3.15714 -7.62201 3.1
      vertex -2.65373 -5.38124 3.1
    endloop
  endfacet
  facet normal 0 0 -1
    outer loop
      vertex -3.64888 -7.3992 3.1
      vertex -2.65373 -5.38124 3.1
      vertex -3.15714 -7.62201 3.1
    endloop
  endfacet
  facet normal -0 0 -1
    outer loop
      vertex -2.65373 -5.38124 3.1
      vertex -3.64888 -7.3992 3.1
      vertex -3 -5.19615 3.1
    endloop
  endfacet
  facet normal 0 0 -1
    outer loop
      vertex -4.125 -7.14471 3.1
      vertex -3 -5.19615 3.1
      vertex -3.64888 -7.3992 3.1
    endloop
  endfacet
  facet normal -0 0 -1
    outer loop
      vertex -3 -5.19615 3.1
      vertex -4.125 -7.14471 3.1
      vertex -3.33342 -4.98882 3.1
    endloop
  endfacet
  facet normal 0 0 -1
    outer loop
      vertex -4.58345 -6.85962 3.1
      vertex -3.33342 -4.98882 3.1
      vertex -4.125 -7.14471 3.1
    endloop
  endfacet
  facet normal -0 0 -1
    outer loop
      vertex -3.33342 -4.98882 3.1
      vertex -4.58345 -6.85962 3.1
      vertex -3.65257 -4.76012 3.1
    endloop
  endfacet
  facet normal 0 0 -1
    outer loop
      vertex -5.02228 -6.54516 3.1
      vertex -3.65257 -4.76012 3.1
      vertex -4.58345 -6.85962 3.1
    endloop
  endfacet
  facet normal -0 0 -1
    outer loop
      vertex -3.65257 -4.76012 3.1
      vertex -5.02228 -6.54516 3.1
      vertex -3.95607 -4.51104 3.1
    endloop
  endfacet
  facet normal 0 0 -1
    outer loop
      vertex -5.4396 -6.20268 3.1
      vertex -3.95607 -4.51104 3.1
      vertex -5.02228 -6.54516 3.1
    endloop
  endfacet
  facet normal -0 0 -1
    outer loop
      vertex -3.95607 -4.51104 3.1
      vertex -5.4396 -6.20268 3.1
      vertex -4.24264 -4.24264 3.1
    endloop
  endfacet
  facet normal 0 0 -1
    outer loop
      vertex -5.83363 -5.83363 3.1
      vertex -4.24264 -4.24264 3.1
      vertex -5.4396 -6.20268 3.1
    endloop
  endfacet
  facet normal -0 0 -1
    outer loop
      vertex -4.24264 -4.24264 3.1
      vertex -5.83363 -5.83363 3.1
      vertex -4.51104 -3.95607 3.1
    endloop
  endfacet
  facet normal 0 0 -1
    outer loop
      vertex -6.20268 -5.4396 3.1
      vertex -4.51104 -3.95607 3.1
      vertex -5.83363 -5.83363 3.1
    endloop
  endfacet
  facet normal -0 0 -1
    outer loop
      vertex -4.51104 -3.95607 3.1
      vertex -6.20268 -5.4396 3.1
      vertex -4.76012 -3.65257 3.1
    endloop
  endfacet
  facet normal 0 0 -1
    outer loop
      vertex -6.54516 -5.02228 3.1
      vertex -4.76012 -3.65257 3.1
      vertex -6.20268 -5.4396 3.1
    endloop
  endfacet
  facet normal -0 0 -1
    outer loop
      vertex -4.76012 -3.65257 3.1
      vertex -6.54516 -5.02228 3.1
      vertex -4.98882 -3.33342 3.1
    endloop
  endfacet
  facet normal 0 0 -1
    outer loop
      vertex -6.85962 -4.58345 3.1
      vertex -4.98882 -3.33342 3.1
      vertex -6.54516 -5.02228 3.1
    endloop
  endfacet
  facet normal -0 0 -1
    outer loop
      vertex -4.98882 -3.33342 3.1
      vertex -6.85962 -4.58345 3.1
      vertex -5.19615 -3 3.1
    endloop
  endfacet
  facet normal 0 0 -1
    outer loop
      vertex -7.14471 -4.125 3.1
      vertex -5.19615 -3 3.1
      vertex -6.85962 -4.58345 3.1
    endloop
  endfacet
  facet normal -0 0 -1
    outer loop
      vertex -5.19615 -3 3.1
      vertex -7.14471 -4.125 3.1
      vertex -5.38124 -2.65373 3.1
    endloop
  endfacet
  facet normal 0 0 -1
    outer loop
      vertex -7.3992 -3.64888 3.1
      vertex -5.38124 -2.65373 3.1
      vertex -7.14471 -4.125 3.1
    endloop
  endfacet
  facet normal -0 0 -1
    outer loop
      vertex -5.38124 -2.65373 3.1
      vertex -7.3992 -3.64888 3.1
      vertex -5.54328 -2.2961 3.1
    endloop
  endfacet
  facet normal 0 0 -1
    outer loop
      vertex -7.62201 -3.15714 3.1
      vertex -5.54328 -2.2961 3.1
      vertex -7.3992 -3.64888 3.1
    endloop
  endfacet
  facet normal -0 0 -1
    outer loop
      vertex -5.54328 -2.2961 3.1
      vertex -7.62201 -3.15714 3.1
      vertex -5.68158 -1.92864 3.1
    endloop
  endfacet
  facet normal 0 0 -1
    outer loop
      vertex 5.54328 2.2961 3.1
      vertex 7.62201 3.15714 3.1
      vertex 5.68158 1.92864 3.1
    endloop
  endfacet
  facet normal -0 0 -1
    outer loop
      vertex 7.62201 3.15714 3.1
      vertex 5.54328 2.2961 3.1
      vertex 7.3992 3.64888 3.1
    endloop
  endfacet
  facet normal 0 0 -1
    outer loop
      vertex 5.38124 2.65373 3.1
      vertex 7.3992 3.64888 3.1
      vertex 5.54328 2.2961 3.1
    endloop
  endfacet
  facet normal -0 0 -1
    outer loop
      vertex 7.3992 3.64888 3.1
      vertex 5.38124 2.65373 3.1
      vertex 7.14471 4.125 3.1
    endloop
  endfacet
  facet normal 0 0 -1
    outer loop
      vertex 5.19615 3 3.1
      vertex 7.14471 4.125 3.1
      vertex 5.38124 2.65373 3.1
    endloop
  endfacet
  facet normal -0 0 -1
    outer loop
      vertex 7.14471 4.125 3.1
      vertex 5.19615 3 3.1
      vertex 6.85962 4.58345 3.1
    endloop
  endfacet
  facet normal 0 0 -1
    outer loop
      vertex 4.98882 3.33342 3.1
      vertex 6.85962 4.58345 3.1
      vertex 5.19615 3 3.1
    endloop
  endfacet
  facet normal -0 0 -1
    outer loop
      vertex 6.85962 4.58345 3.1
      vertex 4.98882 3.33342 3.1
      vertex 6.54516 5.02228 3.1
    endloop
  endfacet
  facet normal 0 0 -1
    outer loop
      vertex 4.76012 3.65257 3.1
      vertex 6.54516 5.02228 3.1
      vertex 4.98882 3.33342 3.1
    endloop
  endfacet
  facet normal -0 0 -1
    outer loop
      vertex 6.54516 5.02228 3.1
      vertex 4.76012 3.65257 3.1
      vertex 6.20268 5.4396 3.1
    endloop
  endfacet
  facet normal 0 0 -1
    outer loop
      vertex 4.51104 3.95607 3.1
      vertex 6.20268 5.4396 3.1
      vertex 4.76012 3.65257 3.1
    endloop
  endfacet
  facet normal -0 0 -1
    outer loop
      vertex 6.20268 5.4396 3.1
      vertex 4.51104 3.95607 3.1
      vertex 5.83363 5.83363 3.1
    endloop
  endfacet
  facet normal 0 0 -1
    outer loop
      vertex 4.24264 4.24264 3.1
      vertex 5.83363 5.83363 3.1
      vertex 4.51104 3.95607 3.1
    endloop
  endfacet
  facet normal -0 0 -1
    outer loop
      vertex 5.83363 5.83363 3.1
      vertex 4.24264 4.24264 3.1
      vertex 5.4396 6.20268 3.1
    endloop
  endfacet
  facet normal 0 0 -1
    outer loop
      vertex 3.95607 4.51104 3.1
      vertex 5.4396 6.20268 3.1
      vertex 4.24264 4.24264 3.1
    endloop
  endfacet
  facet normal -0 0 -1
    outer loop
      vertex 5.4396 6.20268 3.1
      vertex 3.95607 4.51104 3.1
      vertex 5.02228 6.54516 3.1
    endloop
  endfacet
  facet normal 0 0 -1
    outer loop
      vertex 3.65257 4.76012 3.1
      vertex 5.02228 6.54516 3.1
      vertex 3.95607 4.51104 3.1
    endloop
  endfacet
  facet normal -0 0 -1
    outer loop
      vertex 5.02228 6.54516 3.1
      vertex 3.65257 4.76012 3.1
      vertex 4.58345 6.85962 3.1
    endloop
  endfacet
  facet normal 0 0 -1
    outer loop
      vertex 3.33342 4.98882 3.1
      vertex 4.58345 6.85962 3.1
      vertex 3.65257 4.76012 3.1
    endloop
  endfacet
  facet normal -0 0 -1
    outer loop
      vertex 4.58345 6.85962 3.1
      vertex 3.33342 4.98882 3.1
      vertex 4.125 7.14471 3.1
    endloop
  endfacet
  facet normal 0 0 -1
    outer loop
      vertex 3 5.19615 3.1
      vertex 4.125 7.14471 3.1
      vertex 3.33342 4.98882 3.1
    endloop
  endfacet
  facet normal -0 0 -1
    outer loop
      vertex 4.125 7.14471 3.1
      vertex 3 5.19615 3.1
      vertex 3.64888 7.3992 3.1
    endloop
  endfacet
  facet normal 0 0 -1
    outer loop
      vertex 2.65373 5.38124 3.1
      vertex 3.64888 7.3992 3.1
      vertex 3 5.19615 3.1
    endloop
  endfacet
  facet normal -0 0 -1
    outer loop
      vertex 3.64888 7.3992 3.1
      vertex 2.65373 5.38124 3.1
      vertex 3.15714 7.62201 3.1
    endloop
  endfacet
  facet normal 0 0 -1
    outer loop
      vertex 2.2961 5.54328 3.1
      vertex 3.15714 7.62201 3.1
      vertex 2.65373 5.38124 3.1
    endloop
  endfacet
  facet normal -0 0 -1
    outer loop
      vertex 3.15714 7.62201 3.1
      vertex 2.2961 5.54328 3.1
      vertex 2.65188 7.81217 3.1
    endloop
  endfacet
  facet normal 0 0 -1
    outer loop
      vertex 1.92864 5.68158 3.1
      vertex 2.65188 7.81217 3.1
      vertex 2.2961 5.54328 3.1
    endloop
  endfacet
  facet normal -0 0 -1
    outer loop
      vertex 2.65188 7.81217 3.1
      vertex 1.92864 5.68158 3.1
      vertex 2.13526 7.96889 3.1
    endloop
  endfacet
  facet normal 0 0 -1
    outer loop
      vertex 1.55291 5.79555 3.1
      vertex 2.13526 7.96889 3.1
      vertex 1.92864 5.68158 3.1
    endloop
  endfacet
  facet normal -0 0 -1
    outer loop
      vertex 2.13526 7.96889 3.1
      vertex 1.55291 5.79555 3.1
      vertex 1.60949 8.09148 3.1
    endloop
  endfacet
  facet normal 0 0 -1
    outer loop
      vertex 1.17054 5.88471 3.1
      vertex 1.60949 8.09148 3.1
      vertex 1.55291 5.79555 3.1
    endloop
  endfacet
  facet normal 0 0 -1
    outer loop
      vertex 1.17054 5.88471 3.1
      vertex 1.07684 8.17942 3.1
      vertex 1.60949 8.09148 3.1
    endloop
  endfacet
  facet normal 0 0 -1
    outer loop
      vertex 0.783156 5.94867 3.1
      vertex 1.07684 8.17942 3.1
      vertex 1.17054 5.88471 3.1
    endloop
  endfacet
  facet normal 0 0 -1
    outer loop
      vertex 0.783156 5.94867 3.1
      vertex 0.539576 8.23234 3.1
      vertex 1.07684 8.17942 3.1
    endloop
  endfacet
  facet normal 0 0 -1
    outer loop
      vertex 0.392418 5.98715 3.1
      vertex 0.539576 8.23234 3.1
      vertex 0.783156 5.94867 3.1
    endloop
  endfacet
  facet normal 0 0 -1
    outer loop
      vertex 0 6 3.1
      vertex 0.539576 8.23234 3.1
      vertex 0.392418 5.98715 3.1
    endloop
  endfacet
  facet normal 0 0 -1
    outer loop
      vertex 0 6 3.1
      vertex 0 8.25 3.1
      vertex 0.539576 8.23234 3.1
    endloop
  endfacet
  facet normal 0 0 -1
    outer loop
      vertex -0.392418 5.98715 3.1
      vertex 0 8.25 3.1
      vertex 0 6 3.1
    endloop
  endfacet
  facet normal 0 0 -1
    outer loop
      vertex -0.392418 5.98715 3.1
      vertex -0.539576 8.23234 3.1
      vertex 0 8.25 3.1
    endloop
  endfacet
  facet normal 0 0 -1
    outer loop
      vertex -0.783156 5.94867 3.1
      vertex -0.539576 8.23234 3.1
      vertex -0.392418 5.98715 3.1
    endloop
  endfacet
  facet normal 0 0 -1
    outer loop
      vertex -0.783156 5.94867 3.1
      vertex -1.07684 8.17942 3.1
      vertex -0.539576 8.23234 3.1
    endloop
  endfacet
  facet normal 0 0 -1
    outer loop
      vertex -1.17054 5.88471 3.1
      vertex -1.07684 8.17942 3.1
      vertex -0.783156 5.94867 3.1
    endloop
  endfacet
  facet normal 0 0 -1
    outer loop
      vertex -1.60949 8.09148 3.1
      vertex -1.17054 5.88471 3.1
      vertex -1.55291 5.79555 3.1
    endloop
  endfacet
  facet normal 0 0 -1
    outer loop
      vertex -1.17054 5.88471 3.1
      vertex -1.60949 8.09148 3.1
      vertex -1.07684 8.17942 3.1
    endloop
  endfacet
  facet normal 0 0 -1
    outer loop
      vertex -2.13526 7.96889 3.1
      vertex -1.55291 5.79555 3.1
      vertex -1.92864 5.68158 3.1
    endloop
  endfacet
  facet normal 0 0 -1
    outer loop
      vertex -1.55291 5.79555 3.1
      vertex -2.13526 7.96889 3.1
      vertex -1.60949 8.09148 3.1
    endloop
  endfacet
  facet normal 0 0 -1
    outer loop
      vertex -2.65188 7.81217 3.1
      vertex -1.92864 5.68158 3.1
      vertex -2.2961 5.54328 3.1
    endloop
  endfacet
  facet normal 0 0 -1
    outer loop
      vertex -1.92864 5.68158 3.1
      vertex -2.65188 7.81217 3.1
      vertex -2.13526 7.96889 3.1
    endloop
  endfacet
  facet normal 0 0 -1
    outer loop
      vertex -3.15714 7.62201 3.1
      vertex -2.2961 5.54328 3.1
      vertex -2.65373 5.38124 3.1
    endloop
  endfacet
  facet normal 0 0 -1
    outer loop
      vertex -3.64888 7.3992 3.1
      vertex -2.65373 5.38124 3.1
      vertex -3 5.19615 3.1
    endloop
  endfacet
  facet normal 0 0 -1
    outer loop
      vertex -2.2961 5.54328 3.1
      vertex -3.15714 7.62201 3.1
      vertex -2.65188 7.81217 3.1
    endloop
  endfacet
  facet normal 0 0 -1
    outer loop
      vertex -4.125 7.14471 3.1
      vertex -3 5.19615 3.1
      vertex -3.33342 4.98882 3.1
    endloop
  endfacet
  facet normal 0 0 -1
    outer loop
      vertex -2.65373 5.38124 3.1
      vertex -3.64888 7.3992 3.1
      vertex -3.15714 7.62201 3.1
    endloop
  endfacet
  facet normal 0 0 -1
    outer loop
      vertex -4.58345 6.85962 3.1
      vertex -3.33342 4.98882 3.1
      vertex -3.65257 4.76012 3.1
    endloop
  endfacet
  facet normal 0 0 -1
    outer loop
      vertex -5.02228 6.54516 3.1
      vertex -3.65257 4.76012 3.1
      vertex -3.95607 4.51104 3.1
    endloop
  endfacet
  facet normal 0 0 -1
    outer loop
      vertex -3 5.19615 3.1
      vertex -4.125 7.14471 3.1
      vertex -3.64888 7.3992 3.1
    endloop
  endfacet
  facet normal 0 0 -1
    outer loop
      vertex -5.4396 6.20268 3.1
      vertex -3.95607 4.51104 3.1
      vertex -4.24264 4.24264 3.1
    endloop
  endfacet
  facet normal 0 0 -1
    outer loop
      vertex -5.83363 5.83363 3.1
      vertex -4.24264 4.24264 3.1
      vertex -4.51104 3.95607 3.1
    endloop
  endfacet
  facet normal 0 0 -1
    outer loop
      vertex -3.33342 4.98882 3.1
      vertex -4.58345 6.85962 3.1
      vertex -4.125 7.14471 3.1
    endloop
  endfacet
  facet normal 0 0 -1
    outer loop
      vertex -6.20268 5.4396 3.1
      vertex -4.51104 3.95607 3.1
      vertex -4.76012 3.65257 3.1
    endloop
  endfacet
  facet normal 0 0 -1
    outer loop
      vertex -6.54516 5.02228 3.1
      vertex -4.76012 3.65257 3.1
      vertex -4.98882 3.33342 3.1
    endloop
  endfacet
  facet normal 0 0 -1
    outer loop
      vertex -3.65257 4.76012 3.1
      vertex -5.02228 6.54516 3.1
      vertex -4.58345 6.85962 3.1
    endloop
  endfacet
  facet normal 0 0 -1
    outer loop
      vertex -6.85962 4.58345 3.1
      vertex -4.98882 3.33342 3.1
      vertex -5.19615 3 3.1
    endloop
  endfacet
  facet normal 0 0 -1
    outer loop
      vertex -7.14471 4.125 3.1
      vertex -5.19615 3 3.1
      vertex -5.38124 2.65373 3.1
    endloop
  endfacet
  facet normal 0 0 -1
    outer loop
      vertex -3.95607 4.51104 3.1
      vertex -5.4396 6.20268 3.1
      vertex -5.02228 6.54516 3.1
    endloop
  endfacet
  facet normal 0 0 -1
    outer loop
      vertex -7.3992 3.64888 3.1
      vertex -5.38124 2.65373 3.1
      vertex -5.54328 2.2961 3.1
    endloop
  endfacet
  facet normal 0 0 -1
    outer loop
      vertex -7.62201 3.15714 3.1
      vertex -5.54328 2.2961 3.1
      vertex -5.68158 1.92864 3.1
    endloop
  endfacet
  facet normal 0 0 -1
    outer loop
      vertex -7.81217 2.65188 3.1
      vertex -5.68158 1.92864 3.1
      vertex -5.79555 1.55291 3.1
    endloop
  endfacet
  facet normal 0 0 -1
    outer loop
      vertex -4.24264 4.24264 3.1
      vertex -5.83363 5.83363 3.1
      vertex -5.4396 6.20268 3.1
    endloop
  endfacet
  facet normal 0 0 -1
    outer loop
      vertex -7.96889 2.13526 3.1
      vertex -5.79555 1.55291 3.1
      vertex -5.88471 1.17054 3.1
    endloop
  endfacet
  facet normal 0 0 -1
    outer loop
      vertex -8.09148 1.60949 3.1
      vertex -5.88471 1.17054 3.1
      vertex -5.94867 0.783156 3.1
    endloop
  endfacet
  facet normal 0 0 -1
    outer loop
      vertex -8.17942 1.07684 3.1
      vertex -5.94867 0.783156 3.1
      vertex -5.98715 0.392418 3.1
    endloop
  endfacet
  facet normal 0 0 -1
    outer loop
      vertex -8.23234 0.539576 3.1
      vertex -5.98715 0.392418 3.1
      vertex -6 0 3.1
    endloop
  endfacet
  facet normal 0 0 -1
    outer loop
      vertex -7.81217 -2.65188 3.1
      vertex -5.68158 -1.92864 3.1
      vertex -7.62201 -3.15714 3.1
    endloop
  endfacet
  facet normal 0 0 -1
    outer loop
      vertex -4.51104 3.95607 3.1
      vertex -6.20268 5.4396 3.1
      vertex -5.83363 5.83363 3.1
    endloop
  endfacet
  facet normal -0 0 -1
    outer loop
      vertex -5.68158 -1.92864 3.1
      vertex -7.81217 -2.65188 3.1
      vertex -5.79555 -1.55291 3.1
    endloop
  endfacet
  facet normal 0 0 -1
    outer loop
      vertex -4.76012 3.65257 3.1
      vertex -6.54516 5.02228 3.1
      vertex -6.20268 5.4396 3.1
    endloop
  endfacet
  facet normal 0 0 -1
    outer loop
      vertex -7.96889 -2.13526 3.1
      vertex -5.79555 -1.55291 3.1
      vertex -7.81217 -2.65188 3.1
    endloop
  endfacet
  facet normal 0 0 -1
    outer loop
      vertex -4.98882 3.33342 3.1
      vertex -6.85962 4.58345 3.1
      vertex -6.54516 5.02228 3.1
    endloop
  endfacet
  facet normal -0 0 -1
    outer loop
      vertex -5.79555 -1.55291 3.1
      vertex -7.96889 -2.13526 3.1
      vertex -5.88471 -1.17054 3.1
    endloop
  endfacet
  facet normal 0 0 -1
    outer loop
      vertex -5.19615 3 3.1
      vertex -7.14471 4.125 3.1
      vertex -6.85962 4.58345 3.1
    endloop
  endfacet
  facet normal 0 0 -1
    outer loop
      vertex -8.09148 -1.60949 3.1
      vertex -5.88471 -1.17054 3.1
      vertex -7.96889 -2.13526 3.1
    endloop
  endfacet
  facet normal 0 0 -1
    outer loop
      vertex -5.38124 2.65373 3.1
      vertex -7.3992 3.64888 3.1
      vertex -7.14471 4.125 3.1
    endloop
  endfacet
  facet normal -0 0 -1
    outer loop
      vertex -5.88471 -1.17054 3.1
      vertex -8.09148 -1.60949 3.1
      vertex -5.94867 -0.783156 3.1
    endloop
  endfacet
  facet normal 0 0 -1
    outer loop
      vertex -5.54328 2.2961 3.1
      vertex -7.62201 3.15714 3.1
      vertex -7.3992 3.64888 3.1
    endloop
  endfacet
  facet normal 0 0 -1
    outer loop
      vertex -8.17942 -1.07684 3.1
      vertex -5.94867 -0.783156 3.1
      vertex -8.09148 -1.60949 3.1
    endloop
  endfacet
  facet normal 0 0 -1
    outer loop
      vertex -5.68158 1.92864 3.1
      vertex -7.81217 2.65188 3.1
      vertex -7.62201 3.15714 3.1
    endloop
  endfacet
  facet normal -0 0 -1
    outer loop
      vertex -5.94867 -0.783156 3.1
      vertex -8.17942 -1.07684 3.1
      vertex -5.98715 -0.392418 3.1
    endloop
  endfacet
  facet normal 0 0 -1
    outer loop
      vertex -5.79555 1.55291 3.1
      vertex -7.96889 2.13526 3.1
      vertex -7.81217 2.65188 3.1
    endloop
  endfacet
  facet normal 0 0 -1
    outer loop
      vertex -8.23234 -0.539576 3.1
      vertex -5.98715 -0.392418 3.1
      vertex -8.17942 -1.07684 3.1
    endloop
  endfacet
  facet normal 0 0 -1
    outer loop
      vertex -5.88471 1.17054 3.1
      vertex -8.09148 1.60949 3.1
      vertex -7.96889 2.13526 3.1
    endloop
  endfacet
  facet normal -0 0 -1
    outer loop
      vertex -5.98715 -0.392418 3.1
      vertex -8.23234 -0.539576 3.1
      vertex -6 0 3.1
    endloop
  endfacet
  facet normal 0 0 -1
    outer loop
      vertex -5.94867 0.783156 3.1
      vertex -8.17942 1.07684 3.1
      vertex -8.09148 1.60949 3.1
    endloop
  endfacet
  facet normal 0 0 -1
    outer loop
      vertex -8.25 0 3.1
      vertex -6 0 3.1
      vertex -8.23234 -0.539576 3.1
    endloop
  endfacet
  facet normal 0 0 -1
    outer loop
      vertex -5.98715 0.392418 3.1
      vertex -8.23234 0.539576 3.1
      vertex -8.17942 1.07684 3.1
    endloop
  endfacet
  facet normal 0 0 -1
    outer loop
      vertex -6 0 3.1
      vertex -8.25 0 3.1
      vertex -8.23234 0.539576 3.1
    endloop
  endfacet
  facet normal 0.973878 -0.227072 0
    outer loop
      vertex -8.09148 1.60949 3.1
      vertex -7.96889 2.13526 0
      vertex -7.96889 2.13526 3.1
    endloop
  endfacet
  facet normal 0.973878 -0.227072 0
    outer loop
      vertex -7.96889 2.13526 0
      vertex -8.09148 1.60949 3.1
      vertex -8.09148 1.60949 0
    endloop
  endfacet
  facet normal 0.582476 -0.812848 0
    outer loop
      vertex -5.02228 6.54516 0
      vertex -4.58345 6.85962 3.1
      vertex -5.02228 6.54516 3.1
    endloop
  endfacet
  facet normal 0.582476 -0.812848 0
    outer loop
      vertex -4.58345 6.85962 3.1
      vertex -5.02228 6.54516 0
      vertex -4.58345 6.85962 0
    endloop
  endfacet
  facet normal 0.634387 -0.773016 0
    outer loop
      vertex -5.4396 6.20268 0
      vertex -5.02228 6.54516 3.1
      vertex -5.4396 6.20268 3.1
    endloop
  endfacet
  facet normal 0.634387 -0.773016 0
    outer loop
      vertex -5.02228 6.54516 3.1
      vertex -5.4396 6.20268 0
      vertex -5.02228 6.54516 0
    endloop
  endfacet
  facet normal -0.986644 0.162894 0
    outer loop
      vertex 8.09148 -1.60949 0
      vertex 8.17942 -1.07684 3.1
      vertex 8.17942 -1.07684 0
    endloop
  endfacet
  facet normal -0.986644 0.162894 0
    outer loop
      vertex 8.17942 -1.07684 3.1
      vertex 8.09148 -1.60949 0
      vertex 8.09148 -1.60949 3.1
    endloop
  endfacet
  facet normal -0.849196 0.528078 0
    outer loop
      vertex 6.85962 -4.58345 0
      vertex 7.14471 -4.125 3.1
      vertex 7.14471 -4.125 0
    endloop
  endfacet
  facet normal -0.849196 0.528078 0
    outer loop
      vertex 7.14471 -4.125 3.1
      vertex 6.85962 -4.58345 0
      vertex 6.85962 -4.58345 3.1
    endloop
  endfacet
  facet normal -0.227072 0.973878 0
    outer loop
      vertex 2.13526 -7.96889 0
      vertex 1.60949 -8.09148 3.1
      vertex 2.13526 -7.96889 3.1
    endloop
  endfacet
  facet normal -0.227072 0.973878 0
    outer loop
      vertex 1.60949 -8.09148 3.1
      vertex 2.13526 -7.96889 0
      vertex 1.60949 -8.09148 0
    endloop
  endfacet
  facet normal -0.35224 0.93591 0
    outer loop
      vertex 3.15714 -7.62201 0
      vertex 2.65188 -7.81217 3.1
      vertex 3.15714 -7.62201 3.1
    endloop
  endfacet
  facet normal -0.35224 0.93591 0
    outer loop
      vertex 2.65188 -7.81217 3.1
      vertex 3.15714 -7.62201 0
      vertex 2.65188 -7.81217 0
    endloop
  endfacet
  facet normal -0.290293 0.956938 0
    outer loop
      vertex 2.65188 -7.81217 0
      vertex 2.13526 -7.96889 3.1
      vertex 2.65188 -7.81217 3.1
    endloop
  endfacet
  facet normal -0.290293 0.956938 0
    outer loop
      vertex 2.13526 -7.96889 3.1
      vertex 2.65188 -7.81217 0
      vertex 2.13526 -7.96889 0
    endloop
  endfacet
  facet normal -0.683593 0.729863 0
    outer loop
      vertex 5.83363 -5.83363 0
      vertex 5.4396 -6.20268 3.1
      vertex 5.83363 -5.83363 3.1
    endloop
  endfacet
  facet normal -0.683593 0.729863 0
    outer loop
      vertex 5.4396 -6.20268 3.1
      vertex 5.83363 -5.83363 0
      vertex 5.4396 -6.20268 0
    endloop
  endfacet
  facet normal -0.582476 0.812848 0
    outer loop
      vertex 5.02228 -6.54516 0
      vertex 4.58345 -6.85962 3.1
      vertex 5.02228 -6.54516 3.1
    endloop
  endfacet
  facet normal -0.582476 0.812848 0
    outer loop
      vertex 4.58345 -6.85962 3.1
      vertex 5.02228 -6.54516 0
      vertex 4.58345 -6.85962 0
    endloop
  endfacet
  facet normal -0.634387 0.773016 0
    outer loop
      vertex 5.4396 -6.20268 0
      vertex 5.02228 -6.54516 3.1
      vertex 5.4396 -6.20268 3.1
    endloop
  endfacet
  facet normal -0.634387 0.773016 0
    outer loop
      vertex 5.02228 -6.54516 3.1
      vertex 5.4396 -6.20268 0
      vertex 5.02228 -6.54516 0
    endloop
  endfacet
  facet normal -0.471395 0.881922 0
    outer loop
      vertex 4.125 -7.14471 0
      vertex 3.64888 -7.3992 3.1
      vertex 4.125 -7.14471 3.1
    endloop
  endfacet
  facet normal -0.471395 0.881922 0
    outer loop
      vertex 3.64888 -7.3992 3.1
      vertex 4.125 -7.14471 0
      vertex 3.64888 -7.3992 0
    endloop
  endfacet
  facet normal 0.0327119 0.999465 -0
    outer loop
      vertex 0 -8.25 0
      vertex -0.539576 -8.23234 3.1
      vertex 0 -8.25 3.1
    endloop
  endfacet
  facet normal 0.0327119 0.999465 0
    outer loop
      vertex -0.539576 -8.23234 3.1
      vertex 0 -8.25 0
      vertex -0.539576 -8.23234 0
    endloop
  endfacet
  facet normal 0.162894 0.986644 -0
    outer loop
      vertex -1.07684 -8.17942 0
      vertex -1.60949 -8.09148 3.1
      vertex -1.07684 -8.17942 3.1
    endloop
  endfacet
  facet normal 0.162894 0.986644 0
    outer loop
      vertex -1.60949 -8.09148 3.1
      vertex -1.07684 -8.17942 0
      vertex -1.60949 -8.09148 0
    endloop
  endfacet
  facet normal 0.0980247 0.995184 -0
    outer loop
      vertex -0.539576 -8.23234 0
      vertex -1.07684 -8.17942 3.1
      vertex -0.539576 -8.23234 3.1
    endloop
  endfacet
  facet normal 0.0980247 0.995184 0
    outer loop
      vertex -1.07684 -8.17942 3.1
      vertex -0.539576 -8.23234 0
      vertex -1.07684 -8.17942 0
    endloop
  endfacet
  facet normal 0.412715 0.91086 -0
    outer loop
      vertex -3.15714 -7.62201 0
      vertex -3.64888 -7.3992 3.1
      vertex -3.15714 -7.62201 3.1
    endloop
  endfacet
  facet normal 0.412715 0.91086 0
    outer loop
      vertex -3.64888 -7.3992 3.1
      vertex -3.15714 -7.62201 0
      vertex -3.64888 -7.3992 0
    endloop
  endfacet
  facet normal 0.528078 0.849196 -0
    outer loop
      vertex -4.125 -7.14471 0
      vertex -4.58345 -6.85962 3.1
      vertex -4.125 -7.14471 3.1
    endloop
  endfacet
  facet normal 0.528078 0.849196 0
    outer loop
      vertex -4.58345 -6.85962 3.1
      vertex -4.125 -7.14471 0
      vertex -4.58345 -6.85962 0
    endloop
  endfacet
  facet normal 0.471395 0.881922 -0
    outer loop
      vertex -3.64888 -7.3992 0
      vertex -4.125 -7.14471 3.1
      vertex -3.64888 -7.3992 3.1
    endloop
  endfacet
  facet normal 0.471395 0.881922 0
    outer loop
      vertex -4.125 -7.14471 3.1
      vertex -3.64888 -7.3992 0
      vertex -4.125 -7.14471 0
    endloop
  endfacet
  facet normal 0.634387 0.773016 -0
    outer loop
      vertex -5.02228 -6.54516 0
      vertex -5.4396 -6.20268 3.1
      vertex -5.02228 -6.54516 3.1
    endloop
  endfacet
  facet normal 0.634387 0.773016 0
    outer loop
      vertex -5.4396 -6.20268 3.1
      vertex -5.02228 -6.54516 0
      vertex -5.4396 -6.20268 0
    endloop
  endfacet
  facet normal 0.93591 0.35224 0
    outer loop
      vertex -7.62201 -3.15714 3.1
      vertex -7.81217 -2.65188 0
      vertex -7.81217 -2.65188 3.1
    endloop
  endfacet
  facet normal 0.93591 0.35224 0
    outer loop
      vertex -7.81217 -2.65188 0
      vertex -7.62201 -3.15714 3.1
      vertex -7.62201 -3.15714 0
    endloop
  endfacet
  facet normal 0.973878 0.227072 0
    outer loop
      vertex -7.96889 -2.13526 3.1
      vertex -8.09148 -1.60949 0
      vertex -8.09148 -1.60949 3.1
    endloop
  endfacet
  facet normal 0.973878 0.227072 0
    outer loop
      vertex -8.09148 -1.60949 0
      vertex -7.96889 -2.13526 3.1
      vertex -7.96889 -2.13526 0
    endloop
  endfacet
  facet normal 0.956938 0.290293 0
    outer loop
      vertex -7.81217 -2.65188 3.1
      vertex -7.96889 -2.13526 0
      vertex -7.96889 -2.13526 3.1
    endloop
  endfacet
  facet normal 0.956938 0.290293 0
    outer loop
      vertex -7.96889 -2.13526 0
      vertex -7.81217 -2.65188 3.1
      vertex -7.81217 -2.65188 0
    endloop
  endfacet
  facet normal 0.995184 0.0980247 0
    outer loop
      vertex -8.17942 -1.07684 3.1
      vertex -8.23234 -0.539576 0
      vertex -8.23234 -0.539576 3.1
    endloop
  endfacet
  facet normal 0.995184 0.0980247 0
    outer loop
      vertex -8.23234 -0.539576 0
      vertex -8.17942 -1.07684 3.1
      vertex -8.17942 -1.07684 0
    endloop
  endfacet
  facet normal 0.881922 0.471395 0
    outer loop
      vertex -7.14471 -4.125 3.1
      vertex -7.3992 -3.64888 0
      vertex -7.3992 -3.64888 3.1
    endloop
  endfacet
  facet normal 0.881922 0.471395 0
    outer loop
      vertex -7.3992 -3.64888 0
      vertex -7.14471 -4.125 3.1
      vertex -7.14471 -4.125 0
    endloop
  endfacet
  facet normal 0.729863 0.683593 0
    outer loop
      vertex -5.83363 -5.83363 3.1
      vertex -6.20268 -5.4396 0
      vertex -6.20268 -5.4396 3.1
    endloop
  endfacet
  facet normal 0.729863 0.683593 0
    outer loop
      vertex -6.20268 -5.4396 0
      vertex -5.83363 -5.83363 3.1
      vertex -5.83363 -5.83363 0
    endloop
  endfacet
  facet normal 0.773016 0.634387 0
    outer loop
      vertex -6.20268 -5.4396 3.1
      vertex -6.54516 -5.02228 0
      vertex -6.54516 -5.02228 3.1
    endloop
  endfacet
  facet normal 0.773016 0.634387 0
    outer loop
      vertex -6.54516 -5.02228 0
      vertex -6.20268 -5.4396 3.1
      vertex -6.20268 -5.4396 0
    endloop
  endfacet
  facet normal -0.881922 -0.471395 0
    outer loop
      vertex 7.3992 3.64888 0
      vertex 7.14471 4.125 3.1
      vertex 7.14471 4.125 0
    endloop
  endfacet
  facet normal -0.881922 -0.471395 0
    outer loop
      vertex 7.14471 4.125 3.1
      vertex 7.3992 3.64888 0
      vertex 7.3992 3.64888 3.1
    endloop
  endfacet
  facet normal -0.162894 -0.986644 0
    outer loop
      vertex 1.07684 8.17942 0
      vertex 1.60949 8.09148 3.1
      vertex 1.07684 8.17942 3.1
    endloop
  endfacet
  facet normal -0.162894 -0.986644 -0
    outer loop
      vertex 1.60949 8.09148 3.1
      vertex 1.07684 8.17942 0
      vertex 1.60949 8.09148 0
    endloop
  endfacet
  facet normal 0.986644 -0.162894 0
    outer loop
      vertex -8.17942 1.07684 3.1
      vertex -8.09148 1.60949 0
      vertex -8.09148 1.60949 3.1
    endloop
  endfacet
  facet normal 0.986644 -0.162894 0
    outer loop
      vertex -8.09148 1.60949 0
      vertex -8.17942 1.07684 3.1
      vertex -8.17942 1.07684 0
    endloop
  endfacet
  facet normal 0.849196 -0.528078 0
    outer loop
      vertex -7.14471 4.125 3.1
      vertex -6.85962 4.58345 0
      vertex -6.85962 4.58345 3.1
    endloop
  endfacet
  facet normal 0.849196 -0.528078 0
    outer loop
      vertex -6.85962 4.58345 0
      vertex -7.14471 4.125 3.1
      vertex -7.14471 4.125 0
    endloop
  endfacet
  facet normal 0.773016 -0.634387 0
    outer loop
      vertex -6.54516 5.02228 3.1
      vertex -6.20268 5.4396 0
      vertex -6.20268 5.4396 3.1
    endloop
  endfacet
  facet normal 0.773016 -0.634387 0
    outer loop
      vertex -6.20268 5.4396 0
      vertex -6.54516 5.02228 3.1
      vertex -6.54516 5.02228 0
    endloop
  endfacet
  facet normal 0.227072 -0.973878 0
    outer loop
      vertex -2.13526 7.96889 0
      vertex -1.60949 8.09148 3.1
      vertex -2.13526 7.96889 3.1
    endloop
  endfacet
  facet normal 0.227072 -0.973878 0
    outer loop
      vertex -1.60949 8.09148 3.1
      vertex -2.13526 7.96889 0
      vertex -1.60949 8.09148 0
    endloop
  endfacet
  facet normal 0.0980247 -0.995184 0
    outer loop
      vertex -1.07684 8.17942 0
      vertex -0.539576 8.23234 3.1
      vertex -1.07684 8.17942 3.1
    endloop
  endfacet
  facet normal 0.0980247 -0.995184 0
    outer loop
      vertex -0.539576 8.23234 3.1
      vertex -1.07684 8.17942 0
      vertex -0.539576 8.23234 0
    endloop
  endfacet
  facet normal 0.471395 -0.881922 0
    outer loop
      vertex -4.125 7.14471 0
      vertex -3.64888 7.3992 3.1
      vertex -4.125 7.14471 3.1
    endloop
  endfacet
  facet normal 0.471395 -0.881922 0
    outer loop
      vertex -3.64888 7.3992 3.1
      vertex -4.125 7.14471 0
      vertex -3.64888 7.3992 0
    endloop
  endfacet
  facet normal -0.956938 0.290293 0
    outer loop
      vertex 7.81217 -2.65188 0
      vertex 7.96889 -2.13526 3.1
      vertex 7.96889 -2.13526 0
    endloop
  endfacet
  facet normal -0.956938 0.290293 0
    outer loop
      vertex 7.96889 -2.13526 3.1
      vertex 7.81217 -2.65188 0
      vertex 7.81217 -2.65188 3.1
    endloop
  endfacet
  facet normal -0.999465 0.0327119 0
    outer loop
      vertex 8.23234 -0.539576 0
      vertex 8.25 0 3.1
      vertex 8.25 0 0
    endloop
  endfacet
  facet normal -0.999465 0.0327119 0
    outer loop
      vertex 8.25 0 3.1
      vertex 8.23234 -0.539576 0
      vertex 8.23234 -0.539576 3.1
    endloop
  endfacet
  facet normal -0.93591 0.35224 0
    outer loop
      vertex 7.62201 -3.15714 0
      vertex 7.81217 -2.65188 3.1
      vertex 7.81217 -2.65188 0
    endloop
  endfacet
  facet normal -0.93591 0.35224 0
    outer loop
      vertex 7.81217 -2.65188 3.1
      vertex 7.62201 -3.15714 0
      vertex 7.62201 -3.15714 3.1
    endloop
  endfacet
  facet normal -0.812848 0.582476 0
    outer loop
      vertex 6.54516 -5.02228 0
      vertex 6.85962 -4.58345 3.1
      vertex 6.85962 -4.58345 0
    endloop
  endfacet
  facet normal -0.812848 0.582476 0
    outer loop
      vertex 6.85962 -4.58345 3.1
      vertex 6.54516 -5.02228 0
      vertex 6.54516 -5.02228 3.1
    endloop
  endfacet
  facet normal -0.162894 0.986644 0
    outer loop
      vertex 1.60949 -8.09148 0
      vertex 1.07684 -8.17942 3.1
      vertex 1.60949 -8.09148 3.1
    endloop
  endfacet
  facet normal -0.162894 0.986644 0
    outer loop
      vertex 1.07684 -8.17942 3.1
      vertex 1.60949 -8.09148 0
      vertex 1.07684 -8.17942 0
    endloop
  endfacet
  facet normal 0.227072 0.973878 -0
    outer loop
      vertex -1.60949 -8.09148 0
      vertex -2.13526 -7.96889 3.1
      vertex -1.60949 -8.09148 3.1
    endloop
  endfacet
  facet normal 0.227072 0.973878 0
    outer loop
      vertex -2.13526 -7.96889 3.1
      vertex -1.60949 -8.09148 0
      vertex -2.13526 -7.96889 0
    endloop
  endfacet
  facet normal 0.849196 0.528078 0
    outer loop
      vertex -6.85962 -4.58345 3.1
      vertex -7.14471 -4.125 0
      vertex -7.14471 -4.125 3.1
    endloop
  endfacet
  facet normal 0.849196 0.528078 0
    outer loop
      vertex -7.14471 -4.125 0
      vertex -6.85962 -4.58345 3.1
      vertex -6.85962 -4.58345 0
    endloop
  endfacet
  facet normal -0.773016 0.634387 0
    outer loop
      vertex 6.20268 -5.4396 0
      vertex 6.54516 -5.02228 3.1
      vertex 6.54516 -5.02228 0
    endloop
  endfacet
  facet normal -0.773016 0.634387 0
    outer loop
      vertex 6.54516 -5.02228 3.1
      vertex 6.20268 -5.4396 0
      vertex 6.20268 -5.4396 3.1
    endloop
  endfacet
  facet normal -0.881922 0.471395 0
    outer loop
      vertex 7.14471 -4.125 0
      vertex 7.3992 -3.64888 3.1
      vertex 7.3992 -3.64888 0
    endloop
  endfacet
  facet normal -0.881922 0.471395 0
    outer loop
      vertex 7.3992 -3.64888 3.1
      vertex 7.14471 -4.125 0
      vertex 7.14471 -4.125 3.1
    endloop
  endfacet
endsolid OpenSCAD_Model
