solid OpenSCAD_Model
  facet normal 0.448688 -0.546759 0.706918
    outer loop
      vertex 7.21158 -8.22323 0.677825
      vertex 7.61178 -8.77119 0
      vertex 7.6585 -8.73285 0
    endloop
  endfacet
  facet normal 0.448699 -0.54675 0.706918
    outer loop
      vertex 7.61178 -8.77119 0
      vertex 7.21158 -8.22323 0.677825
      vertex 6.65831 -8.67728 0.677825
    endloop
  endfacet
  facet normal 0.487137 -0.11358 0.865908
    outer loop
      vertex 7.39742 -1.47144 3.11074
      vertex 7.28535 -1.9521 3.11074
      vertex 8.28674 -1.64833 2.58723
    endloop
  endfacet
  facet normal 0.283616 -0.1516 0.946879
    outer loop
      vertex 5.05478 -2.49274 3.97449
      vertex 4.16557 -2.05423 4.31104
      vertex 4.88092 -2.818 3.97449
    endloop
  endfacet
  facet normal -0.321422 0.0105248 0.946878
    outer loop
      vertex -5.62393 0.368611 3.97449
      vertex -5.636 0 3.97449
      vertex -4.63461 0.303768 4.31104
    endloop
  endfacet
  facet normal -0.600807 -0.0992329 0.793211
    outer loop
      vertex -9.23991 -1.21646 2.00555
      vertex -10.0635 -1.32488 1.36817
      vertex -9.95526 -1.98022 1.36817
    endloop
  endfacet
  facet normal 0.11358 0.487137 0.865908
    outer loop
      vertex 1.64833 8.28674 2.58723
      vertex 1.47144 7.39742 3.11074
      vertex 1.9521 7.28535 3.11074
    endloop
  endfacet
  facet normal 0.133431 0.142461 0.980765
    outer loop
      vertex 2.56907 2.56907 4.58203
      vertex 1.71847 1.95954 4.78629
      vertex 1.84295 1.84295 4.78629
    endloop
  endfacet
  facet normal 0.555476 -0.0181943 0.831333
    outer loop
      vertex 8.44909 0 2.58723
      vertex 8.43099 -0.552596 2.58723
      vertex 9.31964 0 2.00555
    endloop
  endfacet
  facet normal -0.177013 -0.189 0.965891
    outer loop
      vertex -2.56907 -2.56907 4.58203
      vertex -3.2842 -3.2842 4.31104
      vertex -3.06237 -3.49196 4.31104
    endloop
  endfacet
  facet normal -0.161334 0.53184 0.831335
    outer loop
      vertex -2.4121 9.00208 2.00555
      vertex -2.71587 8.00069 2.58723
      vertex -2.18678 8.16119 2.58723
    endloop
  endfacet
  facet normal 0.470742 0.386325 0.793193
    outer loop
      vertex 7.63139 6.69255 1.36817
      vertex 7.00688 6.14487 2.00555
      vertex 7.39377 5.67344 2.00555
    endloop
  endfacet
  facet normal 0.560091 -0.348283 0.751662
    outer loop
      vertex 9.47213 -5.46874 0.677825
      vertex 8.79041 -5.07515 1.36817
      vertex 9.09418 -6.07654 0.677825
    endloop
  endfacet
  facet normal -0.478666 0.145204 0.865907
    outer loop
      vertex -8.00069 2.71587 2.58723
      vertex -8.16119 2.18678 2.58723
      vertex -7.28535 1.9521 3.11074
    endloop
  endfacet
  facet normal 0.403037 0.182621 0.896778
    outer loop
      vertex 6.96822 2.88633 3.11074
      vertex 5.92233 2.92057 3.57382
      vertex 6.10067 2.52698 3.57382
    endloop
  endfacet
  facet normal -0.0315213 -0.320046 0.946877
    outer loop
      vertex -0.606236 -4.60482 4.31104
      vertex -0.735645 -5.58778 3.97449
      vertex -0.303768 -4.63461 4.31104
    endloop
  endfacet
  facet normal -0.617284 -0.232317 0.751658
    outer loop
      vertex -9.37765 -3.88435 1.36817
      vertex -10.357 -3.51574 0.677825
      vertex -10.1049 -4.18559 0.677825
    endloop
  endfacet
  facet normal 0.548348 -0.0905301 0.831336
    outer loop
      vertex 9.23991 -1.21646 2.00555
      vertex 8.3768 -1.10283 2.58723
      vertex 9.14057 -1.81817 2.00555
    endloop
  endfacet
  facet normal 0.451755 0.323725 0.831336
    outer loop
      vertex 7.39377 5.67344 2.00555
      vertex 7.02516 4.69406 2.58723
      vertex 7.749 5.17772 2.00555
    endloop
  endfacet
  facet normal -0.430921 -0.100473 0.896779
    outer loop
      vertex -6.47643 -1.28824 3.57382
      vertex -7.39742 -1.47144 3.11074
      vertex -7.28535 -1.9521 3.11074
    endloop
  endfacet
  facet normal 0.317299 0.0523874 0.946877
    outer loop
      vertex 5.58778 0.735645 3.97449
      vertex 4.55531 0.906107 4.31104
      vertex 4.60482 0.606236 4.31104
    endloop
  endfacet
  facet normal -0.656371 0.0646421 0.751664
    outer loop
      vertex -10.0635 1.32488 1.36817
      vertex -10.9141 0.715344 0.677825
      vertex -10.1286 0.66386 1.36817
    endloop
  endfacet
  facet normal 0.451755 -0.323725 0.831336
    outer loop
      vertex 7.749 -5.17772 2.00555
      vertex 7.02516 -4.69406 2.58723
      vertex 7.39377 -5.67344 2.00555
    endloop
  endfacet
  facet normal -0.32142 -0.0105176 0.946878
    outer loop
      vertex -4.64455 0 4.31104
      vertex -5.636 0 3.97449
      vertex -4.63461 -0.303768 4.31104
    endloop
  endfacet
  facet normal 0.38666 -0.317328 0.865908
    outer loop
      vertex 5.98375 -4.59149 3.11074
      vertex 5.67064 -4.97301 3.11074
      vertex 6.35236 -5.57087 2.58723
    endloop
  endfacet
  facet normal -0.320046 0.031522 0.946878
    outer loop
      vertex -5.58778 0.735645 3.97449
      vertex -5.62393 0.368611 3.97449
      vertex -4.63461 0.303768 4.31104
    endloop
  endfacet
  facet normal -0.130533 -0.00426329 0.991435
    outer loop
      vertex -1.56827 0 4.92296
      vertex -2.60075 -0.170462 4.78629
      vertex -1.56492 -0.10257 4.92296
    endloop
  endfacet
  facet normal 0.423426 -0.128441 0.896779
    outer loop
      vertex 6.37831 -1.70906 3.57382
      vertex 6.25288 -2.12256 3.57382
      vertex 7.28535 -1.9521 3.11074
    endloop
  endfacet
  facet normal 0.520151 0.195769 0.831335
    outer loop
      vertex 8.61023 3.56647 2.00555
      vertex 7.80594 3.23333 2.58723
      vertex 8.82505 2.9957 2.00555
    endloop
  endfacet
  facet normal -0.122232 0.0460053 0.991435
    outer loop
      vertex -1.4489 0.600152 4.92296
      vertex -2.46801 0.837776 4.78629
      vertex -1.48505 0.504105 4.92296
    endloop
  endfacet
  facet normal 0.440349 -0.0433664 0.896779
    outer loop
      vertex 6.58917 -0.431877 3.57382
      vertex 6.54682 -0.861905 3.57382
      vertex 7.47782 -0.984473 3.11074
    endloop
  endfacet
  facet normal 0.656389 0.0646911 0.751644
    outer loop
      vertex 10.8439 1.42763 0.677825
      vertex 10.0635 1.32488 1.36817
      vertex 10.9141 0.715344 0.677825
    endloop
  endfacet
  facet normal 0.0645563 -0.01066 0.997857
    outer loop
      vertex 1.55486 -0.2047 4.92296
      vertex 0.513446 -0.10213 4.99143
      vertex 1.53814 -0.305955 4.92296
    endloop
  endfacet
  facet normal 0.600833 0.0991952 0.793196
    outer loop
      vertex 9.95526 1.98022 1.36817
      vertex 9.14057 1.81817 2.00555
      vertex 9.23991 1.21646 2.00555
    endloop
  endfacet
  facet normal 0.517136 0.321577 0.793195
    outer loop
      vertex 8.43966 5.6392 1.36817
      vertex 7.749 5.17772 2.00555
      vertex 8.79041 5.07515 1.36817
    endloop
  endfacet
  facet normal -0.219838 -0.234725 0.946877
    outer loop
      vertex -3.2842 -3.2842 4.31104
      vertex -3.98525 -3.98525 3.97449
      vertex -3.06237 -3.49196 4.31104
    endloop
  endfacet
  facet normal -0.47196 0.293483 0.831337
    outer loop
      vertex -7.749 5.17772 2.00555
      vertex -8.07105 4.65982 2.00555
      vertex -7.31712 4.22454 2.58723
    endloop
  endfacet
  facet normal -0.258814 -0.00846901 0.96589
    outer loop
      vertex -3.63322 0 4.58203
      vertex -4.64455 0 4.31104
      vertex -4.63461 -0.303768 4.31104
    endloop
  endfacet
  facet normal -0.703803 0.0702048 0.706918
    outer loop
      vertex -11.5219 1.45595 0
      vertex -10.8439 1.42763 0.677825
      vertex -11.5159 1.5161 0
    endloop
  endfacet
  facet normal -0.703862 0.0693697 0.706942
    outer loop
      vertex -10.8439 1.42763 0.677825
      vertex -11.5219 1.45595 0
      vertex -10.9141 0.715344 0.677825
    endloop
  endfacet
  facet normal 0.0148555 0.0637218 0.997857
    outer loop
      vertex 0.305955 1.53814 4.92296
      vertex 0.10213 0.513446 4.99143
      vertex 0.405899 1.51484 4.92296
    endloop
  endfacet
  facet normal -0.321422 -0.0105248 0.946878
    outer loop
      vertex -4.63461 -0.303768 4.31104
      vertex -5.636 0 3.97449
      vertex -5.62393 -0.368611 3.97449
    endloop
  endfacet
  facet normal -0.494997 0.354712 0.793195
    outer loop
      vertex -7.39377 5.67344 2.00555
      vertex -8.43966 5.6392 1.36817
      vertex -7.749 5.17772 2.00555
    endloop
  endfacet
  facet normal -0.470742 -0.386325 0.793193
    outer loop
      vertex -7.39377 -5.67344 2.00555
      vertex -7.63139 -6.69255 1.36817
      vertex -7.00688 -6.14487 2.00555
    endloop
  endfacet
  facet normal 0.093348 0.307746 0.946878
    outer loop
      vertex 1.4587 5.44396 3.97449
      vertex 1.2021 4.48629 4.31104
      vertex 1.49294 4.39807 4.31104
    endloop
  endfacet
  facet normal -0.192582 -0.0317966 0.980766
    outer loop
      vertex -2.55625 -0.508469 4.78629
      vertex -3.60214 -0.47423 4.58203
      vertex -3.56341 -0.708806 4.58203
    endloop
  endfacet
  facet normal 0.242883 -0.29595 0.923808
    outer loop
      vertex 3.71607 -4.23737 3.97449
      vertex 3.43098 -4.47134 3.97449
      vertex 4.01984 -5.23876 3.57382
    endloop
  endfacet
  facet normal 0.0828518 -0.100957 0.991435
    outer loop
      vertex 1.03403 -1.17909 4.92296
      vertex 0.954704 -1.24419 4.92296
      vertex 1.58663 -2.06774 4.78629
    endloop
  endfacet
  facet normal -0.650744 -0.107448 0.751656
    outer loop
      vertex -9.95526 -1.98022 1.36817
      vertex -10.8439 -1.42763 0.677825
      vertex -10.7273 -2.1338 0.677825
    endloop
  endfacet
  facet normal -0.169828 -0.273098 0.946877
    outer loop
      vertex -2.58038 -3.86181 4.31104
      vertex -3.13119 -4.68616 3.97449
      vertex -2.818 -4.88092 3.97449
    endloop
  endfacet
  facet normal -0.19425 -0.0191289 0.980765
    outer loop
      vertex -2.60075 -0.170462 4.78629
      vertex -3.62544 -0.237623 4.58203
      vertex -3.60214 -0.47423 4.58203
    endloop
  endfacet
  facet normal 0.471964 -0.29348 0.831336
    outer loop
      vertex 7.31712 -4.22454 2.58723
      vertex 7.02516 -4.69406 2.58723
      vertex 7.749 -5.17772 2.00555
    endloop
  endfacet
  facet normal 0.541251 -0.126207 0.831336
    outer loop
      vertex 9.14057 -1.81817 2.00555
      vertex 8.28674 -1.64833 2.58723
      vertex 9.00208 -2.4121 2.00555
    endloop
  endfacet
  facet normal 0.337648 0.180482 0.923807
    outer loop
      vertex 5.92233 2.92057 3.57382
      vertex 4.88092 2.818 3.97449
      vertex 5.05478 2.49274 3.97449
    endloop
  endfacet
  facet normal 0.468145 -0.17619 0.865909
    outer loop
      vertex 8.00069 -2.71587 2.58723
      vertex 6.96822 -2.88633 3.11074
      vertex 7.80594 -3.23333 2.58723
    endloop
  endfacet
  facet normal 0.644247 -0.291899 0.706923
    outer loop
      vertex 9.80952 -4.83752 0.677825
      vertex 10.4424 -5.08226 0
      vertex 10.1049 -4.18559 0.677825
    endloop
  endfacet
  facet normal 0.644028 -0.292421 0.706907
    outer loop
      vertex 10.4424 -5.08226 0
      vertex 9.80952 -4.83752 0.677825
      vertex 10.4174 -5.13732 0
    endloop
  endfacet
  facet normal 0.169828 0.273098 0.946877
    outer loop
      vertex 2.818 4.88092 3.97449
      vertex 2.58038 3.86181 4.31104
      vertex 3.13119 4.68616 3.97449
    endloop
  endfacet
  facet normal -0.322952 -0.302472 0.896779
    outer loop
      vertex -4.96463 -4.35387 3.57382
      vertex -5.67064 -4.97301 3.11074
      vertex -4.66925 -4.66925 3.57382
    endloop
  endfacet
  facet normal 0.293483 0.47196 0.831337
    outer loop
      vertex 4.65982 8.07105 2.00555
      vertex 4.22454 7.31712 2.58723
      vertex 5.17772 7.749 2.00555
    endloop
  endfacet
  facet normal 0.279429 0.26172 0.923809
    outer loop
      vertex 4.96463 4.35387 3.57382
      vertex 3.98525 3.98525 3.97449
      vertex 4.23737 3.71607 3.97449
    endloop
  endfacet
  facet normal 0.0144786 0.44224 0.89678
    outer loop
      vertex 0.493293 7.5262 3.11074
      vertex 0 7.54235 3.11074
      vertex 0.431877 6.58917 3.57382
    endloop
  endfacet
  facet normal 0.546759 0.448688 0.706918
    outer loop
      vertex 8.22323 7.21158 0.677825
      vertex 8.77119 7.61178 0
      vertex 8.73285 7.6585 0
    endloop
  endfacet
  facet normal 0.54675 0.448699 0.706918
    outer loop
      vertex 8.77119 7.61178 0
      vertex 8.22323 7.21158 0.677825
      vertex 8.67728 6.65831 0.677825
    endloop
  endfacet
  facet normal 0.249198 0.661957 0.706904
    outer loop
      vertex 4.44498 10.7311 0
      vertex 3.79019 10.9776 0
      vertex 4.18559 10.1049 0.677825
    endloop
  endfacet
  facet normal 0.688827 0.160641 0.706903
    outer loop
      vertex 11.2195 3.00626 0
      vertex 10.5648 2.83083 0.677825
      vertex 11.3784 2.3249 0
    endloop
  endfacet
  facet normal -0.195086 -0.00638728 0.980765
    outer loop
      vertex -2.60075 -0.170462 4.78629
      vertex -3.63322 0 4.58203
      vertex -3.62544 -0.237623 4.58203
    endloop
  endfacet
  facet normal -0.258813 -0.00847377 0.96589
    outer loop
      vertex -3.63322 0 4.58203
      vertex -4.63461 -0.303768 4.31104
      vertex -3.62544 -0.237623 4.58203
    endloop
  endfacet
  facet normal -0.64233 -0.149748 0.751657
    outer loop
      vertex -9.95526 -1.98022 1.36817
      vertex -10.7273 -2.1338 0.677825
      vertex -10.5648 -2.83083 0.677825
    endloop
  endfacet
  facet normal -0.386663 0.317326 0.865907
    outer loop
      vertex -6.35236 5.57087 2.58723
      vertex -6.70311 5.14348 2.58723
      vertex -5.98375 4.59149 3.11074
    endloop
  endfacet
  facet normal -0.659195 -0.0215475 0.751663
    outer loop
      vertex -10.1503 0 1.36817
      vertex -10.9141 -0.715344 0.677825
      vertex -10.1286 -0.66386 1.36817
    endloop
  endfacet
  facet normal 0.354712 0.494997 0.793195
    outer loop
      vertex 5.6392 8.43966 1.36817
      vertex 5.17772 7.749 2.00555
      vertex 5.67344 7.39377 2.00555
    endloop
  endfacet
  facet normal 0.0490316 0.497795 0.865907
    outer loop
      vertex 1.10283 8.3768 2.58723
      vertex 0.493293 7.5262 3.11074
      vertex 0.984473 7.47782 3.11074
    endloop
  endfacet
  facet normal -0.661957 0.249198 0.706904
    outer loop
      vertex -10.7311 4.44498 0
      vertex -10.9776 3.79019 0
      vertex -10.1049 4.18559 0.677825
    endloop
  endfacet
  facet normal -0.688813 -0.160584 0.706929
    outer loop
      vertex -10.7273 -2.1338 0.677825
      vertex -11.3784 -2.3249 0
      vertex -10.5648 -2.83083 0.677825
    endloop
  endfacet
  facet normal -0.688884 -0.160315 0.706921
    outer loop
      vertex -11.3784 -2.3249 0
      vertex -10.7273 -2.1338 0.677825
      vertex -11.3921 -2.26603 0
    endloop
  endfacet
  facet normal -0.214506 -0.569936 0.793196
    outer loop
      vertex -2.9957 -8.82505 2.00555
      vertex -3.88435 -9.37765 1.36817
      vertex -3.2627 -9.61162 1.36817
    endloop
  endfacet
  facet normal 0.509838 -0.418407 0.751665
    outer loop
      vertex 8.67728 -6.65831 0.677825
      vertex 7.63139 -6.69255 1.36817
      vertex 8.22323 -7.21158 0.677825
    endloop
  endfacet
  facet normal -0.208588 -0.390228 0.896779
    outer loop
      vertex -2.92057 -5.92233 3.57382
      vertex -3.77117 -6.53186 3.11074
      vertex -3.33589 -6.76453 3.11074
    endloop
  endfacet
  facet normal -0.40564 -0.379917 0.831336
    outer loop
      vertex -6.35236 -5.57087 2.58723
      vertex -7.00688 -6.14487 2.00555
      vertex -5.97441 -5.97441 2.58723
    endloop
  endfacet
  facet normal -0.381011 0.0375227 0.923809
    outer loop
      vertex -6.54682 0.861905 3.57382
      vertex -6.58917 0.431877 3.57382
      vertex -5.58778 0.735645 3.97449
    endloop
  endfacet
  facet normal -0.0933535 -0.307746 0.946878
    outer loop
      vertex -1.49294 -4.39807 4.31104
      vertex -1.81163 -5.3369 3.97449
      vertex -1.4587 -5.44396 3.97449
    endloop
  endfacet
  facet normal 0.252187 -0.0588053 0.96589
    outer loop
      vertex 4.55531 -0.906107 4.31104
      vertex 3.56341 -0.708806 4.58203
      vertex 4.48629 -1.2021 4.31104
    endloop
  endfacet
  facet normal -0.548348 -0.0905301 0.831336
    outer loop
      vertex -8.3768 -1.10283 2.58723
      vertex -9.14057 -1.81817 2.00555
      vertex -8.28674 -1.64833 2.58723
    endloop
  endfacet
  facet normal -0.506231 -0.229376 0.831335
    outer loop
      vertex -7.80594 -3.23333 2.58723
      vertex -8.61023 -3.56647 2.00555
      vertex -8.35853 -4.12197 2.00555
    endloop
  endfacet
  facet normal -0.600833 0.0991952 0.793196
    outer loop
      vertex -9.14057 1.81817 2.00555
      vertex -9.95526 1.98022 1.36817
      vertex -9.23991 1.21646 2.00555
    endloop
  endfacet
  facet normal 0.373479 -0.600652 0.706917
    outer loop
      vertex 6.07654 -9.09418 0.677825
      vertex 5.85898 -10.0272 0
      vertex 6.45312 -9.65777 0
    endloop
  endfacet
  facet normal 0.47867 -0.145199 0.865906
    outer loop
      vertex 7.28535 -1.9521 3.11074
      vertex 7.14208 -2.42441 3.11074
      vertex 8.00069 -2.71587 2.58723
    endloop
  endfacet
  facet normal 0.493521 -0.0814821 0.865908
    outer loop
      vertex 7.47782 -0.984473 3.11074
      vertex 7.39742 -1.47144 3.11074
      vertex 8.28674 -1.64833 2.58723
    endloop
  endfacet
  facet normal 0.283616 0.1516 0.946879
    outer loop
      vertex 4.88092 2.818 3.97449
      vertex 4.16557 2.05423 4.31104
      vertex 5.05478 2.49274 3.97449
    endloop
  endfacet
  facet normal 0.0539068 -0.118958 0.991435
    outer loop
      vertex 0.693629 -1.40654 4.92296
      vertex 0.600152 -1.4489 4.92296
      vertex 1.15275 -2.33754 4.78629
    endloop
  endfacet
  facet normal 0.441136 -0.2358 0.865908
    outer loop
      vertex 6.76453 -3.33589 3.11074
      vertex 6.53186 -3.77117 3.11074
      vertex 7.31712 -4.22454 2.58723
    endloop
  endfacet
  facet normal 0.661909 -0.249225 0.706939
    outer loop
      vertex 10.357 -3.51574 0.677825
      vertex 10.9776 -3.79019 0
      vertex 10.9989 -3.73362 0
    endloop
  endfacet
  facet normal 0.66195 -0.249127 0.706936
    outer loop
      vertex 10.9776 -3.79019 0
      vertex 10.357 -3.51574 0.677825
      vertex 10.1049 -4.18559 0.677825
    endloop
  endfacet
  facet normal 0.115179 0.0615674 0.991435
    outer loop
      vertex 2.25715 1.30316 4.78629
      vertex 1.35816 0.784137 4.92296
      vertex 1.40654 0.693629 4.92296
    endloop
  endfacet
  facet normal 0.128858 0.0212728 0.991435
    outer loop
      vertex 2.55625 0.508469 4.78629
      vertex 1.55486 0.2047 4.92296
      vertex 2.58403 0.340194 4.78629
    endloop
  endfacet
  facet normal 0.242357 0.0912094 0.96589
    outer loop
      vertex 4.29101 1.77739 4.31104
      vertex 3.35666 1.39037 4.58203
      vertex 3.4404 1.16786 4.58203
    endloop
  endfacet
  facet normal 0.311205 0.223002 0.923808
    outer loop
      vertex 5.23876 4.01984 3.57382
      vertex 4.68616 3.13119 3.97449
      vertex 5.49045 3.6686 3.57382
    endloop
  endfacet
  facet normal 0.642313 0.149768 0.751667
    outer loop
      vertex 10.5648 2.83083 0.677825
      vertex 9.80443 2.62709 1.36817
      vertex 9.95526 1.98022 1.36817
    endloop
  endfacet
  facet normal 0.554683 0.251327 0.793197
    outer loop
      vertex 9.10352 4.48936 1.36817
      vertex 8.35853 4.12197 2.00555
      vertex 9.37765 3.88435 1.36817
    endloop
  endfacet
  facet normal 0.546743 0.448703 0.706922
    outer loop
      vertex 8.77119 7.61178 0
      vertex 8.67728 6.65831 0.677825
      vertex 9.21504 7.07095 0
    endloop
  endfacet
  facet normal 0.416289 0.444457 0.793197
    outer loop
      vertex 7.17734 7.17734 1.36817
      vertex 6.14487 7.00688 2.00555
      vertex 6.58998 6.58998 2.00555
    endloop
  endfacet
  facet normal 0.176771 0.582745 0.793196
    outer loop
      vertex 3.2627 9.61162 1.36817
      vertex 2.4121 9.00208 2.00555
      vertex 2.9957 8.82505 2.00555
    endloop
  endfacet
  facet normal 0.499935 -0.0163675 0.865908
    outer loop
      vertex 7.54235 0 3.11074
      vertex 7.5262 -0.493293 3.11074
      vertex 8.44909 0 2.58723
    endloop
  endfacet
  facet normal 0.493523 0.0814789 0.865908
    outer loop
      vertex 8.28674 1.64833 2.58723
      vertex 7.47782 0.984473 3.11074
      vertex 8.3768 1.10283 2.58723
    endloop
  endfacet
  facet normal 0.424775 0.264136 0.865909
    outer loop
      vertex 7.02516 4.69406 2.58723
      vertex 6.27123 4.1903 3.11074
      vertex 7.31712 4.22454 2.58723
    endloop
  endfacet
  facet normal 0.252187 0.0588053 0.96589
    outer loop
      vertex 4.48629 1.2021 4.31104
      vertex 3.56341 0.708806 4.58203
      vertex 4.55531 0.906107 4.31104
    endloop
  endfacet
  facet normal -0.195769 0.520151 0.831335
    outer loop
      vertex -2.9957 8.82505 2.00555
      vertex -3.56647 8.61023 2.00555
      vertex -3.23333 7.80594 2.58723
    endloop
  endfacet
  facet normal -0.149768 0.642313 0.751667
    outer loop
      vertex -1.98022 9.95526 1.36817
      vertex -2.83083 10.5648 0.677825
      vertex -2.62709 9.80443 1.36817
    endloop
  endfacet
  facet normal 0.100475 0.430919 0.896779
    outer loop
      vertex 1.9521 7.28535 3.11074
      vertex 1.28824 6.47643 3.57382
      vertex 1.70906 6.37831 3.57382
    endloop
  endfacet
  facet normal -0.258814 0.00846901 0.96589
    outer loop
      vertex -4.63461 0.303768 4.31104
      vertex -4.64455 0 4.31104
      vertex -3.63322 0 4.58203
    endloop
  endfacet
  facet normal -0.32142 0.0105176 0.946878
    outer loop
      vertex -4.63461 0.303768 4.31104
      vertex -5.636 0 3.97449
      vertex -4.64455 0 4.31104
    endloop
  endfacet
  facet normal -0.300982 -0.113279 0.946878
    outer loop
      vertex -4.39807 -1.49294 4.31104
      vertex -5.3369 -1.81163 3.97449
      vertex -5.20699 -2.1568 3.97449
    endloop
  endfacet
  facet normal -0.257705 -0.0253776 0.96589
    outer loop
      vertex -3.62544 -0.237623 4.58203
      vertex -4.63461 -0.303768 4.31104
      vertex -3.60214 -0.47423 4.58203
    endloop
  endfacet
  facet normal -0.656389 -0.0646911 0.751644
    outer loop
      vertex -10.0635 -1.32488 1.36817
      vertex -10.9141 -0.715344 0.677825
      vertex -10.8439 -1.42763 0.677825
    endloop
  endfacet
  facet normal -0.650754 -0.107483 0.751642
    outer loop
      vertex -10.0635 -1.32488 1.36817
      vertex -10.8439 -1.42763 0.677825
      vertex -9.95526 -1.98022 1.36817
    endloop
  endfacet
  facet normal -0.606016 -0.0596903 0.793209
    outer loop
      vertex -9.29969 -0.609533 2.00555
      vertex -10.1286 -0.66386 1.36817
      vertex -9.23991 -1.21646 2.00555
    endloop
  endfacet
  facet normal -0.631135 -0.191485 0.751666
    outer loop
      vertex -9.80443 -2.62709 1.36817
      vertex -10.5648 -2.83083 0.677825
      vertex -10.357 -3.51574 0.677825
    endloop
  endfacet
  facet normal -0.493523 0.0814789 0.865908
    outer loop
      vertex -8.28674 1.64833 2.58723
      vertex -8.3768 1.10283 2.58723
      vertex -7.47782 0.984473 3.11074
    endloop
  endfacet
  facet normal -0.0421836 0.255493 0.96589
    outer loop
      vertex -0.606236 4.60482 4.31104
      vertex -0.708806 3.56341 4.58203
      vertex -0.47423 3.60214 4.58203
    endloop
  endfacet
  facet normal -0.0730287 0.313191 0.946878
    outer loop
      vertex -1.09953 5.52771 3.97449
      vertex -1.4587 5.44396 3.97449
      vertex -0.906107 4.55531 4.31104
    endloop
  endfacet
  facet normal -0.00638728 0.195086 0.980765
    outer loop
      vertex 0 3.63322 4.58203
      vertex -0.237623 3.62544 4.58203
      vertex -0.170462 2.60075 4.78629
    endloop
  endfacet
  facet normal 0.0805543 0.177791 0.980766
    outer loop
      vertex 1.39037 3.35666 4.58203
      vertex 0.997398 2.40793 4.78629
      vertex 1.60693 3.25854 4.58203
    endloop
  endfacet
  facet normal 0.322949 0.302482 0.896777
    outer loop
      vertex 5.33324 5.33324 3.11074
      vertex 4.66925 4.66925 3.57382
      vertex 5.67064 4.97301 3.11074
    endloop
  endfacet
  facet normal -0.161329 0.531839 0.831336
    outer loop
      vertex -2.4121 9.00208 2.00555
      vertex -2.9957 8.82505 2.00555
      vertex -2.71587 8.00069 2.58723
    endloop
  endfacet
  facet normal -0.697821 -0.115221 0.706944
    outer loop
      vertex -11.402 -2.2064 0
      vertex -10.7273 -2.1338 0.677825
      vertex -10.8439 -1.42763 0.677825
    endloop
  endfacet
  facet normal -0.697736 -0.115841 0.706927
    outer loop
      vertex -10.7273 -2.1338 0.677825
      vertex -11.402 -2.2064 0
      vertex -11.3921 -2.26603 0
    endloop
  endfacet
  facet normal -0.54675 -0.448699 0.706918
    outer loop
      vertex -8.77119 -7.61178 0
      vertex -8.22323 -7.21158 0.677825
      vertex -8.67728 -6.65831 0.677825
    endloop
  endfacet
  facet normal -0.546759 -0.448688 0.706918
    outer loop
      vertex -8.22323 -7.21158 0.677825
      vertex -8.77119 -7.61178 0
      vertex -8.73285 -7.6585 0
    endloop
  endfacet
  facet normal -0.348732 -0.158006 0.923807
    outer loop
      vertex -5.20699 -2.1568 3.97449
      vertex -5.92233 -2.92057 3.57382
      vertex -5.05478 -2.49274 3.97449
    endloop
  endfacet
  facet normal -0.600652 -0.373479 0.706917
    outer loop
      vertex -9.09418 -6.07654 0.677825
      vertex -10.0272 -5.85898 0
      vertex -9.65777 -6.45312 0
    endloop
  endfacet
  facet normal -0.194249 -0.0191351 0.980766
    outer loop
      vertex -2.60075 -0.170462 4.78629
      vertex -3.60214 -0.47423 4.58203
      vertex -2.58403 -0.340194 4.78629
    endloop
  endfacet
  facet normal 0.311206 -0.223001 0.923808
    outer loop
      vertex 4.68616 -3.13119 3.97449
      vertex 4.47134 -3.43098 3.97449
      vertex 5.23876 -4.01984 3.57382
    endloop
  endfacet
  facet normal 0.195769 -0.520151 0.831335
    outer loop
      vertex 3.23333 -7.80594 2.58723
      vertex 2.9957 -8.82505 2.00555
      vertex 3.56647 -8.61023 2.00555
    endloop
  endfacet
  facet normal -0.342042 -0.280705 0.896779
    outer loop
      vertex -5.23876 -4.01984 3.57382
      vertex -5.67064 -4.97301 3.11074
      vertex -4.96463 -4.35387 3.57382
    endloop
  endfacet
  facet normal -0.520151 0.195763 0.831336
    outer loop
      vertex -7.80594 3.23333 2.58723
      vertex -8.82505 2.9957 2.00555
      vertex -8.00069 2.71587 2.58723
    endloop
  endfacet
  facet normal -0.257705 -0.0253813 0.96589
    outer loop
      vertex -3.60214 -0.47423 4.58203
      vertex -4.63461 -0.303768 4.31104
      vertex -4.60482 -0.606236 4.31104
    endloop
  endfacet
  facet normal -0.366371 -0.111134 0.923808
    outer loop
      vertex -5.44396 -1.4587 3.97449
      vertex -6.37831 -1.70906 3.57382
      vertex -6.25288 -2.12256 3.57382
    endloop
  endfacet
  facet normal 0.418407 -0.509838 0.751665
    outer loop
      vertex 6.69255 -7.63139 1.36817
      vertex 6.65831 -8.67728 0.677825
      vertex 7.21158 -8.22323 0.677825
    endloop
  endfacet
  facet normal 0.536116 -0.384171 0.75166
    outer loop
      vertex 8.43966 -5.6392 1.36817
      vertex 8.05277 -6.17911 1.36817
      vertex 8.67728 -6.65831 0.677825
    endloop
  endfacet
  facet normal 0.706926 -0.0234038 0.7069
    outer loop
      vertex 10.9375 0 0.677825
      vertex 11.6133 -0.0604113 0
      vertex 11.6153 0 0
    endloop
  endfacet
  facet normal 0.706943 -0.0231252 0.706892
    outer loop
      vertex 11.6133 -0.0604113 0
      vertex 10.9375 0 0.677825
      vertex 10.9141 -0.715344 0.677825
    endloop
  endfacet
  facet normal 0.497798 -0.0490259 0.865906
    outer loop
      vertex 8.43099 -0.552596 2.58723
      vertex 7.5262 -0.493293 3.11074
      vertex 8.3768 -1.10283 2.58723
    endloop
  endfacet
  facet normal 0.44224 0.0144793 0.89678
    outer loop
      vertex 7.54235 0 3.11074
      vertex 6.58917 0.431877 3.57382
      vertex 6.60331 0 3.57382
    endloop
  endfacet
  facet normal 0.317298 -0.0523794 0.946878
    outer loop
      vertex 5.58778 -0.735645 3.97449
      vertex 4.55531 -0.906107 4.31104
      vertex 5.52771 -1.09953 3.97449
    endloop
  endfacet
  facet normal 0.430921 -0.100473 0.896779
    outer loop
      vertex 7.39742 -1.47144 3.11074
      vertex 6.47643 -1.28824 3.57382
      vertex 7.28535 -1.9521 3.11074
    endloop
  endfacet
  facet normal 0.366369 0.111137 0.923809
    outer loop
      vertex 6.25288 2.12256 3.57382
      vertex 5.3369 1.81163 3.97449
      vertex 5.44396 1.4587 3.97449
    endloop
  endfacet
  facet normal 0.506231 0.229376 0.831335
    outer loop
      vertex 8.35853 4.12197 2.00555
      vertex 7.80594 3.23333 2.58723
      vertex 8.61023 3.56647 2.00555
    endloop
  endfacet
  facet normal 0.520151 -0.195763 0.831336
    outer loop
      vertex 8.00069 -2.71587 2.58723
      vertex 7.80594 -3.23333 2.58723
      vertex 8.82505 -2.9957 2.00555
    endloop
  endfacet
  facet normal 0.348726 -0.158012 0.923809
    outer loop
      vertex 6.10067 -2.52698 3.57382
      vertex 5.20699 -2.1568 3.97449
      vertex 5.92233 -2.92057 3.57382
    endloop
  endfacet
  facet normal 0.506231 -0.229376 0.831335
    outer loop
      vertex 8.61023 -3.56647 2.00555
      vertex 7.80594 -3.23333 2.58723
      vertex 8.35853 -4.12197 2.00555
    endloop
  endfacet
  facet normal 0.490147 -0.261986 0.831336
    outer loop
      vertex 7.57775 -3.73693 2.58723
      vertex 7.31712 -4.22454 2.58723
      vertex 8.35853 -4.12197 2.00555
    endloop
  endfacet
  facet normal 0.54675 -0.448699 0.706918
    outer loop
      vertex 8.22323 -7.21158 0.677825
      vertex 8.77119 -7.61178 0
      vertex 8.67728 -6.65831 0.677825
    endloop
  endfacet
  facet normal 0.546759 -0.448688 0.706918
    outer loop
      vertex 8.77119 -7.61178 0
      vertex 8.22323 -7.21158 0.677825
      vertex 8.73285 -7.6585 0
    endloop
  endfacet
  facet normal 0.176203 0.468145 0.865906
    outer loop
      vertex 2.71587 8.00069 2.58723
      vertex 2.42441 7.14208 3.11074
      vertex 2.88633 6.96822 3.11074
    endloop
  endfacet
  facet normal 0.414122 0.155861 0.896778
    outer loop
      vertex 6.96822 2.88633 3.11074
      vertex 6.10067 2.52698 3.57382
      vertex 6.25288 2.12256 3.57382
    endloop
  endfacet
  facet normal 0.202181 0.325117 0.923808
    outer loop
      vertex 3.30166 5.71864 3.57382
      vertex 3.13119 4.68616 3.97449
      vertex 3.6686 5.49045 3.57382
    endloop
  endfacet
  facet normal 0.150833 0.210489 0.96589
    outer loop
      vertex 2.82743 3.68477 4.31104
      vertex 2.01851 3.02091 4.58203
      vertex 2.21176 2.88243 4.58203
    endloop
  endfacet
  facet normal 0.537059 0.287063 0.793197
    outer loop
      vertex 8.79041 5.07515 1.36817
      vertex 8.35853 4.12197 2.00555
      vertex 9.10352 4.48936 1.36817
    endloop
  endfacet
  facet normal 0.365073 0.341936 0.865911
    outer loop
      vertex 5.97441 5.97441 2.58723
      vertex 5.33324 5.33324 3.11074
      vertex 5.67064 4.97301 3.11074
    endloop
  endfacet
  facet normal 0.40564 0.379917 0.831336
    outer loop
      vertex 7.00688 6.14487 2.00555
      vertex 5.97441 5.97441 2.58723
      vertex 6.35236 5.57087 2.58723
    endloop
  endfacet
  facet normal 0.444468 0.416285 0.793193
    outer loop
      vertex 7.17734 7.17734 1.36817
      vertex 7.00688 6.14487 2.00555
      vertex 7.63139 6.69255 1.36817
    endloop
  endfacet
  facet normal -0.0544718 0.553095 0.831336
    outer loop
      vertex -0.552596 8.43099 2.58723
      vertex -1.21646 9.23991 2.00555
      vertex -1.10283 8.3768 2.58723
    endloop
  endfacet
  facet normal 0.38633 0.470732 0.793197
    outer loop
      vertex 6.17911 8.05277 1.36817
      vertex 5.67344 7.39377 2.00555
      vertex 6.69255 7.63139 1.36817
    endloop
  endfacet
  facet normal 0.481381 0.450857 0.751665
    outer loop
      vertex 8.22323 7.21158 0.677825
      vertex 7.17734 7.17734 1.36817
      vertex 7.63139 6.69255 1.36817
    endloop
  endfacet
  facet normal 0.483503 0.516227 0.706919
    outer loop
      vertex 7.6585 8.73285 0
      vertex 7.21158 8.22323 0.677825
      vertex 8.16914 8.25458 0
    endloop
  endfacet
  facet normal 0.697873 -0.115149 0.706905
    outer loop
      vertex 11.5159 -1.5161 0
      vertex 10.8439 -1.42763 0.677825
      vertex 11.402 -2.2064 0
    endloop
  endfacet
  facet normal 0.650754 0.107483 0.751642
    outer loop
      vertex 10.8439 1.42763 0.677825
      vertex 9.95526 1.98022 1.36817
      vertex 10.0635 1.32488 1.36817
    endloop
  endfacet
  facet normal 0.37774 0.0623668 0.923809
    outer loop
      vertex 6.47643 1.28824 3.57382
      vertex 5.58778 0.735645 3.97449
      vertex 6.54682 0.861905 3.57382
    endloop
  endfacet
  facet normal 0.382651 -0.0125283 0.923808
    outer loop
      vertex 6.60331 0 3.57382
      vertex 5.636 0 3.97449
      vertex 6.58917 -0.431877 3.57382
    endloop
  endfacet
  facet normal 0.258814 -0.00846901 0.96589
    outer loop
      vertex 4.64455 0 4.31104
      vertex 3.63322 0 4.58203
      vertex 4.63461 -0.303768 4.31104
    endloop
  endfacet
  facet normal 0.44224 -0.0144793 0.89678
    outer loop
      vertex 6.60331 0 3.57382
      vertex 6.58917 -0.431877 3.57382
      vertex 7.54235 0 3.11074
    endloop
  endfacet
  facet normal 0.0626133 0.0189924 0.997857
    outer loop
      vertex 1.51484 0.405899 4.92296
      vertex 0.495723 0.168275 4.99143
      vertex 0.505667 0.135492 4.99143
    endloop
  endfacet
  facet normal 0.129973 -0.0128026 0.991435
    outer loop
      vertex 1.56492 -0.10257 4.92296
      vertex 1.55486 -0.2047 4.92296
      vertex 2.60075 -0.170462 4.78629
    endloop
  endfacet
  facet normal 0.189 0.177013 0.965891
    outer loop
      vertex 3.2842 3.2842 4.31104
      vertex 2.56907 2.56907 4.58203
      vertex 3.49196 3.06237 4.31104
    endloop
  endfacet
  facet normal 0.283622 0.151593 0.946878
    outer loop
      vertex 4.88092 2.818 3.97449
      vertex 4.0223 2.32228 4.31104
      vertex 4.16557 2.05423 4.31104
    endloop
  endfacet
  facet normal -0.169828 0.273098 0.946877
    outer loop
      vertex -2.818 4.88092 3.97449
      vertex -3.13119 4.68616 3.97449
      vertex -2.58038 3.86181 4.31104
    endloop
  endfacet
  facet normal -0.19009 -0.0443247 0.980766
    outer loop
      vertex -2.55625 -0.508469 4.78629
      vertex -3.56341 -0.708806 4.58203
      vertex -2.51752 -0.674566 4.78629
    endloop
  endfacet
  facet normal -0.317299 -0.0523874 0.946877
    outer loop
      vertex -4.60482 -0.606236 4.31104
      vertex -5.58778 -0.735645 3.97449
      vertex -4.55531 -0.906107 4.31104
    endloop
  endfacet
  facet normal -0.606014 -0.0596827 0.793212
    outer loop
      vertex -9.23991 -1.21646 2.00555
      vertex -10.1286 -0.66386 1.36817
      vertex -10.0635 -1.32488 1.36817
    endloop
  endfacet
  facet normal -0.656371 -0.0646421 0.751664
    outer loop
      vertex -10.1286 -0.66386 1.36817
      vertex -10.9141 -0.715344 0.677825
      vertex -10.0635 -1.32488 1.36817
    endloop
  endfacet
  facet normal -0.517136 0.321575 0.793196
    outer loop
      vertex -7.749 5.17772 2.00555
      vertex -8.79041 5.07515 1.36817
      vertex -8.07105 4.65982 2.00555
    endloop
  endfacet
  facet normal -0.555471 -0.0181805 0.831337
    outer loop
      vertex -8.43099 -0.552596 2.58723
      vertex -9.31964 0 2.00555
      vertex -9.29969 -0.609533 2.00555
    endloop
  endfacet
  facet normal -0.560091 0.348283 0.751662
    outer loop
      vertex -9.09418 6.07654 0.677825
      vertex -9.47213 5.46874 0.677825
      vertex -8.79041 5.07515 1.36817
    endloop
  endfacet
  facet normal -0.487137 0.11358 0.865908
    outer loop
      vertex -7.28535 1.9521 3.11074
      vertex -8.28674 1.64833 2.58723
      vertex -7.39742 1.47144 3.11074
    endloop
  endfacet
  facet normal -0.136744 0.219902 0.96589
    outer loop
      vertex -1.81661 3.14646 4.58203
      vertex -2.32228 4.0223 4.31104
      vertex -2.01851 3.02091 4.58203
    endloop
  endfacet
  facet normal -0.0626133 0.0189924 0.997857
    outer loop
      vertex -0.495723 0.168275 4.99143
      vertex -1.51484 0.405899 4.92296
      vertex -0.505667 0.135492 4.99143
    endloop
  endfacet
  facet normal -0.0539068 0.118958 0.991435
    outer loop
      vertex -0.600152 1.4489 4.92296
      vertex -1.15275 2.33754 4.78629
      vertex -0.693629 1.40654 4.92296
    endloop
  endfacet
  facet normal -0.40659 0.291358 0.865907
    outer loop
      vertex -6.70311 5.14348 2.58723
      vertex -7.02516 4.69406 2.58723
      vertex -5.98375 4.59149 3.11074
    endloop
  endfacet
  facet normal -0.546743 0.448703 0.706922
    outer loop
      vertex -8.77119 7.61178 0
      vertex -9.21504 7.07095 0
      vertex -8.67728 6.65831 0.677825
    endloop
  endfacet
  facet normal 0.373479 0.600652 0.706917
    outer loop
      vertex 6.45312 9.65777 0
      vertex 5.85898 10.0272 0
      vertex 6.07654 9.09418 0.677825
    endloop
  endfacet
  facet normal 0.291872 0.644281 0.706904
    outer loop
      vertex 4.44498 10.7311 0
      vertex 4.18559 10.1049 0.677825
      vertex 5.08226 10.4424 0
    endloop
  endfacet
  facet normal 0.206446 0.455612 0.865909
    outer loop
      vertex 3.23333 7.80594 2.58723
      vertex 2.88633 6.96822 3.11074
      vertex 3.73693 7.57775 2.58723
    endloop
  endfacet
  facet normal 0.272205 0.600762 0.751658
    outer loop
      vertex 4.18559 10.1049 0.677825
      vertex 3.88435 9.37765 1.36817
      vertex 4.48936 9.10352 1.36817
    endloop
  endfacet
  facet normal 0.302472 0.322952 0.896779
    outer loop
      vertex 4.97301 5.67064 3.11074
      vertex 4.35387 4.96463 3.57382
      vertex 4.66925 4.66925 3.57382
    endloop
  endfacet
  facet normal 0.0433664 0.440349 0.896779
    outer loop
      vertex 0.984473 7.47782 3.11074
      vertex 0.431877 6.58917 3.57382
      vertex 0.861905 6.54682 3.57382
    endloop
  endfacet
  facet normal -0.450866 0.481378 0.751661
    outer loop
      vertex -7.21158 8.22323 0.677825
      vertex -7.73396 7.73396 0.677825
      vertex -7.17734 7.17734 1.36817
    endloop
  endfacet
  facet normal -0.366369 0.111137 0.923809
    outer loop
      vertex -5.3369 1.81163 3.97449
      vertex -6.25288 2.12256 3.57382
      vertex -5.44396 1.4587 3.97449
    endloop
  endfacet
  facet normal -0.321575 0.517136 0.793196
    outer loop
      vertex -5.07515 8.79041 1.36817
      vertex -5.17772 7.749 2.00555
      vertex -4.65982 8.07105 2.00555
    endloop
  endfacet
  facet normal -0.642313 0.149768 0.751667
    outer loop
      vertex -9.80443 2.62709 1.36817
      vertex -10.5648 2.83083 0.677825
      vertex -9.95526 1.98022 1.36817
    endloop
  endfacet
  facet normal -0.66195 -0.249127 0.706936
    outer loop
      vertex -10.357 -3.51574 0.677825
      vertex -10.9776 -3.79019 0
      vertex -10.1049 -4.18559 0.677825
    endloop
  endfacet
  facet normal -0.661909 -0.249225 0.706939
    outer loop
      vertex -10.9776 -3.79019 0
      vertex -10.357 -3.51574 0.677825
      vertex -10.9989 -3.73362 0
    endloop
  endfacet
  facet normal -0.537059 -0.287063 0.793197
    outer loop
      vertex -8.35853 -4.12197 2.00555
      vertex -9.10352 -4.48936 1.36817
      vertex -8.79041 -5.07515 1.36817
    endloop
  endfacet
  facet normal -0.509838 -0.418407 0.751665
    outer loop
      vertex -7.63139 -6.69255 1.36817
      vertex -8.67728 -6.65831 0.677825
      vertex -8.22323 -7.21158 0.677825
    endloop
  endfacet
  facet normal 0.021563 -0.659187 0.75167
    outer loop
      vertex 0 -10.1503 1.36817
      vertex 0 -10.9375 0.677825
      vertex 0.715344 -10.9141 0.677825
    endloop
  endfacet
  facet normal -0.35967 -0.257728 0.89678
    outer loop
      vertex -5.23876 -4.01984 3.57382
      vertex -6.27123 -4.1903 3.11074
      vertex -5.98375 -4.59149 3.11074
    endloop
  endfacet
  facet normal -0.375758 -0.23366 0.896777
    outer loop
      vertex -5.71864 -3.30166 3.57382
      vertex -6.53186 -3.77117 3.11074
      vertex -6.27123 -4.1903 3.11074
    endloop
  endfacet
  facet normal -0.706955 -0.0231518 0.706879
    outer loop
      vertex -10.9141 -0.715344 0.677825
      vertex -11.6133 -0.0604113 0
      vertex -11.5904 -0.759677 0
    endloop
  endfacet
  facet normal -0.623797 -0.333422 0.706899
    outer loop
      vertex -9.80952 -4.83752 0.677825
      vertex -10.4174 -5.13732 0
      vertex -10.0876 -5.75434 0
    endloop
  endfacet
  facet normal -0.676831 -0.205349 0.706917
    outer loop
      vertex -11.0164 -3.67578 0
      vertex -10.357 -3.51574 0.677825
      vertex -10.5648 -2.83083 0.677825
    endloop
  endfacet
  facet normal -0.676974 -0.204824 0.706933
    outer loop
      vertex -10.357 -3.51574 0.677825
      vertex -11.0164 -3.67578 0
      vertex -10.9989 -3.73362 0
    endloop
  endfacet
  facet normal -0.0596903 -0.606016 0.793209
    outer loop
      vertex -0.609533 -9.29969 2.00555
      vertex -1.21646 -9.23991 2.00555
      vertex -0.66386 -10.1286 1.36817
    endloop
  endfacet
  facet normal 0.00213587 -0.0653958 0.997857
    outer loop
      vertex 0 -0.523505 4.99143
      vertex 0 -1.56827 4.92296
      vertex 0.10257 -1.56492 4.92296
    endloop
  endfacet
  facet normal 0.325118 -0.202177 0.923809
    outer loop
      vertex 4.88092 -2.818 3.97449
      vertex 4.68616 -3.13119 3.97449
      vertex 5.71864 -3.30166 3.57382
    endloop
  endfacet
  facet normal 0.176773 -0.582743 0.793197
    outer loop
      vertex 3.2627 -9.61162 1.36817
      vertex 2.4121 -9.00208 2.00555
      vertex 2.62709 -9.80443 1.36817
    endloop
  endfacet
  facet normal -0.0317966 -0.192582 0.980766
    outer loop
      vertex -0.508469 -2.55625 4.78629
      vertex -0.708806 -3.56341 4.58203
      vertex -0.47423 -3.60214 4.58203
    endloop
  endfacet
  facet normal 0.0421836 -0.255493 0.96589
    outer loop
      vertex 0.708806 -3.56341 4.58203
      vertex 0.47423 -3.60214 4.58203
      vertex 0.606236 -4.60482 4.31104
    endloop
  endfacet
  facet normal 0.257728 -0.35967 0.89678
    outer loop
      vertex 4.59149 -5.98375 3.11074
      vertex 4.01984 -5.23876 3.57382
      vertex 4.1903 -6.27123 3.11074
    endloop
  endfacet
  facet normal -0.0163675 -0.499935 0.865908
    outer loop
      vertex 0 -7.54235 3.11074
      vertex -0.493293 -7.5262 3.11074
      vertex 0 -8.44909 2.58723
    endloop
  endfacet
  facet normal 0.390228 -0.208588 0.896779
    outer loop
      vertex 6.76453 -3.33589 3.11074
      vertex 5.92233 -2.92057 3.57382
      vertex 6.53186 -3.77117 3.11074
    endloop
  endfacet
  facet normal 0.0105248 -0.321422 0.946878
    outer loop
      vertex 0.303768 -4.63461 4.31104
      vertex 0 -5.636 3.97449
      vertex 0.368611 -5.62393 3.97449
    endloop
  endfacet
  facet normal -0.10616 -0.0760723 0.991435
    outer loop
      vertex -1.30397 -0.871286 4.92296
      vertex -2.16708 -1.448 4.78629
      vertex -2.06774 -1.58663 4.78629
    endloop
  endfacet
  facet normal -0.381012 -0.0375267 0.923808
    outer loop
      vertex -5.62393 -0.368611 3.97449
      vertex -6.58917 -0.431877 3.57382
      vertex -5.58778 -0.735645 3.97449
    endloop
  endfacet
  facet normal -0.493521 0.0814821 0.865908
    outer loop
      vertex -7.39742 1.47144 3.11074
      vertex -8.28674 1.64833 2.58723
      vertex -7.47782 0.984473 3.11074
    endloop
  endfacet
  facet normal -0.582743 -0.176773 0.793197
    outer loop
      vertex -9.00208 -2.4121 2.00555
      vertex -9.80443 -2.62709 1.36817
      vertex -9.61162 -3.2627 1.36817
    endloop
  endfacet
  facet normal -0.478666 -0.145204 0.865907
    outer loop
      vertex -7.28535 -1.9521 3.11074
      vertex -8.16119 -2.18678 2.58723
      vertex -8.00069 -2.71587 2.58723
    endloop
  endfacet
  facet normal -0.107448 -0.650744 0.751656
    outer loop
      vertex -1.98022 -9.95526 1.36817
      vertex -2.1338 -10.7273 0.677825
      vertex -1.42763 -10.8439 0.677825
    endloop
  endfacet
  facet normal -0.341936 -0.365073 0.865911
    outer loop
      vertex -5.33324 -5.33324 3.11074
      vertex -5.97441 -5.97441 2.58723
      vertex -4.97301 -5.67064 3.11074
    endloop
  endfacet
  facet normal -0.0905301 0.548348 0.831336
    outer loop
      vertex -1.10283 8.3768 2.58723
      vertex -1.81817 9.14057 2.00555
      vertex -1.64833 8.28674 2.58723
    endloop
  endfacet
  facet normal -0.26414 0.424774 0.865908
    outer loop
      vertex -3.77117 6.53186 3.11074
      vertex -4.22454 7.31712 2.58723
      vertex -4.1903 6.27123 3.11074
    endloop
  endfacet
  facet normal 0.0490259 0.497798 0.865906
    outer loop
      vertex 0.552596 8.43099 2.58723
      vertex 0.493293 7.5262 3.11074
      vertex 1.10283 8.3768 2.58723
    endloop
  endfacet
  facet normal -0.0490259 0.497798 0.865906
    outer loop
      vertex -0.552596 8.43099 2.58723
      vertex -1.10283 8.3768 2.58723
      vertex -0.493293 7.5262 3.11074
    endloop
  endfacet
  facet normal 0.38265 -0.0125297 0.923808
    outer loop
      vertex 5.636 0 3.97449
      vertex 5.62393 -0.368611 3.97449
      vertex 6.58917 -0.431877 3.57382
    endloop
  endfacet
  facet normal 0.32142 -0.0105176 0.946878
    outer loop
      vertex 4.64455 0 4.31104
      vertex 4.63461 -0.303768 4.31104
      vertex 5.636 0 3.97449
    endloop
  endfacet
  facet normal 0.497795 -0.0490316 0.865907
    outer loop
      vertex 7.5262 -0.493293 3.11074
      vertex 7.47782 -0.984473 3.11074
      vertex 8.3768 -1.10283 2.58723
    endloop
  endfacet
  facet normal 0.499939 -0.0163752 0.865906
    outer loop
      vertex 8.44909 0 2.58723
      vertex 7.5262 -0.493293 3.11074
      vertex 8.43099 -0.552596 2.58723
    endloop
  endfacet
  facet normal 0.358317 -0.134858 0.923809
    outer loop
      vertex 6.25288 -2.12256 3.57382
      vertex 5.20699 -2.1568 3.97449
      vertex 6.10067 -2.52698 3.57382
    endloop
  endfacet
  facet normal 0.403038 -0.182611 0.89678
    outer loop
      vertex 6.96822 -2.88633 3.11074
      vertex 5.92233 -2.92057 3.57382
      vertex 6.76453 -3.33589 3.11074
    endloop
  endfacet
  facet normal 0.440346 -0.0433729 0.89678
    outer loop
      vertex 7.5262 -0.493293 3.11074
      vertex 6.58917 -0.431877 3.57382
      vertex 7.47782 -0.984473 3.11074
    endloop
  endfacet
  facet normal 0.44224 -0.0144786 0.89678
    outer loop
      vertex 7.54235 0 3.11074
      vertex 6.58917 -0.431877 3.57382
      vertex 7.5262 -0.493293 3.11074
    endloop
  endfacet
  facet normal 0.177789 0.0805564 0.980766
    outer loop
      vertex 3.25854 1.60693 4.58203
      vertex 2.33754 1.15275 4.78629
      vertex 2.40793 0.997398 4.78629
    endloop
  endfacet
  facet normal 0.150883 0.123828 0.980766
    outer loop
      vertex 2.88243 2.21176 4.58203
      vertex 1.95954 1.71847 4.78629
      vertex 2.06774 1.58663 4.78629
    endloop
  endfacet
  facet normal 0.382651 0.0125283 0.923808
    outer loop
      vertex 6.58917 0.431877 3.57382
      vertex 5.636 0 3.97449
      vertex 6.60331 0 3.57382
    endloop
  endfacet
  facet normal 0.19425 0.0191289 0.980765
    outer loop
      vertex 3.60214 0.47423 4.58203
      vertex 2.60075 0.170462 4.78629
      vertex 3.62544 0.237623 4.58203
    endloop
  endfacet
  facet normal 0.506226 -0.22938 0.831336
    outer loop
      vertex 7.80594 -3.23333 2.58723
      vertex 7.57775 -3.73693 2.58723
      vertex 8.35853 -4.12197 2.00555
    endloop
  endfacet
  facet normal 0.441144 -0.235794 0.865906
    outer loop
      vertex 7.57775 -3.73693 2.58723
      vertex 6.76453 -3.33589 3.11074
      vertex 7.31712 -4.22454 2.58723
    endloop
  endfacet
  facet normal 0.593057 -0.138287 0.793196
    outer loop
      vertex 9.14057 -1.81817 2.00555
      vertex 9.00208 -2.4121 2.00555
      vertex 9.95526 -1.98022 1.36817
    endloop
  endfacet
  facet normal 0.53184 -0.161334 0.831335
    outer loop
      vertex 8.16119 -2.18678 2.58723
      vertex 8.00069 -2.71587 2.58723
      vertex 9.00208 -2.4121 2.00555
    endloop
  endfacet
  facet normal 0.372855 -0.0869362 0.923808
    outer loop
      vertex 6.47643 -1.28824 3.57382
      vertex 5.44396 -1.4587 3.97449
      vertex 6.37831 -1.70906 3.57382
    endloop
  endfacet
  facet normal 0.455622 -0.206437 0.865906
    outer loop
      vertex 6.96822 -2.88633 3.11074
      vertex 6.76453 -3.33589 3.11074
      vertex 7.57775 -3.73693 2.58723
    endloop
  endfacet
  facet normal 0.593056 -0.138282 0.793197
    outer loop
      vertex 9.95526 -1.98022 1.36817
      vertex 9.00208 -2.4121 2.00555
      vertex 9.80443 -2.62709 1.36817
    endloop
  endfacet
  facet normal 0.617284 -0.232317 0.751658
    outer loop
      vertex 10.357 -3.51574 0.677825
      vertex 9.37765 -3.88435 1.36817
      vertex 10.1049 -4.18559 0.677825
    endloop
  endfacet
  facet normal 0.600762 -0.272205 0.751658
    outer loop
      vertex 9.37765 -3.88435 1.36817
      vertex 9.10352 -4.48936 1.36817
      vertex 10.1049 -4.18559 0.677825
    endloop
  endfacet
  facet normal 0.517136 -0.321575 0.793196
    outer loop
      vertex 8.07105 -4.65982 2.00555
      vertex 7.749 -5.17772 2.00555
      vertex 8.79041 -5.07515 1.36817
    endloop
  endfacet
  facet normal 0.429617 -0.352578 0.831335
    outer loop
      vertex 6.70311 -5.14348 2.58723
      vertex 6.35236 -5.57087 2.58723
      vertex 7.39377 -5.67344 2.00555
    endloop
  endfacet
  facet normal 0.323724 -0.451757 0.831335
    outer loop
      vertex 5.14348 -6.70311 2.58723
      vertex 4.69406 -7.02516 2.58723
      vertex 5.67344 -7.39377 2.00555
    endloop
  endfacet
  facet normal 0.0375227 0.381011 0.923809
    outer loop
      vertex 0.861905 6.54682 3.57382
      vertex 0.431877 6.58917 3.57382
      vertex 0.735645 5.58778 3.97449
    endloop
  endfacet
  facet normal 0.295951 0.24288 0.923809
    outer loop
      vertex 4.96463 4.35387 3.57382
      vertex 4.23737 3.71607 3.97449
      vertex 5.23876 4.01984 3.57382
    endloop
  endfacet
  facet normal 0.390228 0.208588 0.896779
    outer loop
      vertex 6.53186 3.77117 3.11074
      vertex 5.92233 2.92057 3.57382
      vertex 6.76453 3.33589 3.11074
    endloop
  endfacet
  facet normal 0.555476 0.0181943 0.831333
    outer loop
      vertex 9.31964 0 2.00555
      vertex 8.43099 0.552596 2.58723
      vertex 8.44909 0 2.58723
    endloop
  endfacet
  facet normal 0.155861 0.414122 0.896778
    outer loop
      vertex 2.88633 6.96822 3.11074
      vertex 2.12256 6.25288 3.57382
      vertex 2.52698 6.10067 3.57382
    endloop
  endfacet
  facet normal 0.24288 0.295951 0.923809
    outer loop
      vertex 4.01984 5.23876 3.57382
      vertex 3.71607 4.23737 3.97449
      vertex 4.35387 4.96463 3.57382
    endloop
  endfacet
  facet normal 0.341932 0.365083 0.865908
    outer loop
      vertex 5.57087 6.35236 2.58723
      vertex 4.97301 5.67064 3.11074
      vertex 5.97441 5.97441 2.58723
    endloop
  endfacet
  facet normal 0.29135 0.406591 0.865909
    outer loop
      vertex 4.69406 7.02516 2.58723
      vertex 4.1903 6.27123 3.11074
      vertex 4.59149 5.98375 3.11074
    endloop
  endfacet
  facet normal 0.429617 0.352578 0.831335
    outer loop
      vertex 7.39377 5.67344 2.00555
      vertex 6.35236 5.57087 2.58723
      vertex 6.70311 5.14348 2.58723
    endloop
  endfacet
  facet normal 0.38666 0.317328 0.865908
    outer loop
      vertex 6.35236 5.57087 2.58723
      vertex 5.67064 4.97301 3.11074
      vertex 5.98375 4.59149 3.11074
    endloop
  endfacet
  facet normal 0.352575 0.429617 0.831336
    outer loop
      vertex 5.67344 7.39377 2.00555
      vertex 5.57087 6.35236 2.58723
      vertex 6.14487 7.00688 2.00555
    endloop
  endfacet
  facet normal 0.450857 0.481381 0.751665
    outer loop
      vertex 7.21158 8.22323 0.677825
      vertex 6.69255 7.63139 1.36817
      vertex 7.17734 7.17734 1.36817
    endloop
  endfacet
  facet normal 0.379928 0.405636 0.831333
    outer loop
      vertex 6.14487 7.00688 2.00555
      vertex 5.97441 5.97441 2.58723
      vertex 6.58998 6.58998 2.00555
    endloop
  endfacet
  facet normal 0.560087 0.348286 0.751664
    outer loop
      vertex 9.09418 6.07654 0.677825
      vertex 8.43966 5.6392 1.36817
      vertex 8.79041 5.07515 1.36817
    endloop
  endfacet
  facet normal 0.448688 0.546759 0.706918
    outer loop
      vertex 7.61178 8.77119 0
      vertex 7.21158 8.22323 0.677825
      vertex 7.6585 8.73285 0
    endloop
  endfacet
  facet normal 0.448699 0.54675 0.706918
    outer loop
      vertex 7.21158 8.22323 0.677825
      vertex 7.61178 8.77119 0
      vertex 6.65831 8.67728 0.677825
    endloop
  endfacet
  facet normal 0.418407 0.509838 0.751665
    outer loop
      vertex 7.21158 8.22323 0.677825
      vertex 6.65831 8.67728 0.677825
      vertex 6.69255 7.63139 1.36817
    endloop
  endfacet
  facet normal 0.272196 0.600762 0.751661
    outer loop
      vertex 4.83752 9.80952 0.677825
      vertex 4.18559 10.1049 0.677825
      vertex 4.48936 9.10352 1.36817
    endloop
  endfacet
  facet normal 0.111137 0.366369 0.923809
    outer loop
      vertex 2.12256 6.25288 3.57382
      vertex 1.4587 5.44396 3.97449
      vertex 1.81163 5.3369 3.97449
    endloop
  endfacet
  facet normal 0.581671 0.310908 0.751661
    outer loop
      vertex 9.80952 4.83752 0.677825
      vertex 8.79041 5.07515 1.36817
      vertex 9.10352 4.48936 1.36817
    endloop
  endfacet
  facet normal 0.509838 0.418407 0.751665
    outer loop
      vertex 8.22323 7.21158 0.677825
      vertex 7.63139 6.69255 1.36817
      vertex 8.67728 6.65831 0.677825
    endloop
  endfacet
  facet normal 0.661909 0.249225 0.706939
    outer loop
      vertex 10.9776 3.79019 0
      vertex 10.357 3.51574 0.677825
      vertex 10.9989 3.73362 0
    endloop
  endfacet
  facet normal 0.66195 0.249127 0.706936
    outer loop
      vertex 10.357 3.51574 0.677825
      vertex 10.9776 3.79019 0
      vertex 10.1049 4.18559 0.677825
    endloop
  endfacet
  facet normal 0.676854 0.205325 0.706902
    outer loop
      vertex 11.0164 3.67578 0
      vertex 10.5648 2.83083 0.677825
      vertex 11.2195 3.00626 0
    endloop
  endfacet
  facet normal 0.688884 0.160315 0.706921
    outer loop
      vertex 11.3784 2.3249 0
      vertex 10.7273 2.1338 0.677825
      vertex 11.3921 2.26603 0
    endloop
  endfacet
  facet normal 0.688813 0.160584 0.706929
    outer loop
      vertex 10.7273 2.1338 0.677825
      vertex 11.3784 2.3249 0
      vertex 10.5648 2.83083 0.677825
    endloop
  endfacet
  facet normal 0.676974 0.204824 0.706933
    outer loop
      vertex 10.357 3.51574 0.677825
      vertex 11.0164 3.67578 0
      vertex 10.9989 3.73362 0
    endloop
  endfacet
  facet normal 0.676831 0.205349 0.706917
    outer loop
      vertex 11.0164 3.67578 0
      vertex 10.357 3.51574 0.677825
      vertex 10.5648 2.83083 0.677825
    endloop
  endfacet
  facet normal 0.440349 0.0433664 0.896779
    outer loop
      vertex 7.47782 0.984473 3.11074
      vertex 6.54682 0.861905 3.57382
      vertex 6.58917 0.431877 3.57382
    endloop
  endfacet
  facet normal 0.703935 0.0692538 0.70688
    outer loop
      vertex 11.5219 1.45595 0
      vertex 10.9141 0.715344 0.677825
      vertex 11.5904 0.759677 0
    endloop
  endfacet
  facet normal 0.697873 0.115149 0.706905
    outer loop
      vertex 11.402 2.2064 0
      vertex 10.8439 1.42763 0.677825
      vertex 11.5159 1.5161 0
    endloop
  endfacet
  facet normal 0.440346 0.0433729 0.89678
    outer loop
      vertex 7.47782 0.984473 3.11074
      vertex 6.58917 0.431877 3.57382
      vertex 7.5262 0.493293 3.11074
    endloop
  endfacet
  facet normal 0.555471 -0.0181805 0.831337
    outer loop
      vertex 9.31964 0 2.00555
      vertex 8.43099 -0.552596 2.58723
      vertex 9.29969 -0.609533 2.00555
    endloop
  endfacet
  facet normal 0.606016 -0.0596903 0.793209
    outer loop
      vertex 9.29969 -0.609533 2.00555
      vertex 9.23991 -1.21646 2.00555
      vertex 10.1286 -0.66386 1.36817
    endloop
  endfacet
  facet normal 0.650754 -0.107483 0.751642
    outer loop
      vertex 10.0635 -1.32488 1.36817
      vertex 9.95526 -1.98022 1.36817
      vertex 10.8439 -1.42763 0.677825
    endloop
  endfacet
  facet normal 0.553092 0.0544774 0.831337
    outer loop
      vertex 9.23991 1.21646 2.00555
      vertex 8.43099 0.552596 2.58723
      vertex 9.29969 0.609533 2.00555
    endloop
  endfacet
  facet normal 0.258814 0.00846901 0.96589
    outer loop
      vertex 4.63461 0.303768 4.31104
      vertex 3.63322 0 4.58203
      vertex 4.64455 0 4.31104
    endloop
  endfacet
  facet normal 0.31319 0.07303 0.946878
    outer loop
      vertex 5.44396 1.4587 3.97449
      vertex 4.48629 1.2021 4.31104
      vertex 4.55531 0.906107 4.31104
    endloop
  endfacet
  facet normal 0.0892799 0.0953217 0.991435
    outer loop
      vertex 1.71847 1.95954 4.78629
      vertex 1.10894 1.10894 4.92296
      vertex 1.84295 1.84295 4.78629
    endloop
  endfacet
  facet normal 0.252187 0.0588045 0.96589
    outer loop
      vertex 4.48629 1.2021 4.31104
      vertex 3.50942 0.940346 4.58203
      vertex 3.56341 0.708806 4.58203
    endloop
  endfacet
  facet normal 0.123825 0.150884 0.980766
    outer loop
      vertex 2.21176 2.88243 4.58203
      vertex 1.71847 1.95954 4.78629
      vertex 2.39555 2.7316 4.58203
    endloop
  endfacet
  facet normal 0.122065 0.228377 0.96589
    outer loop
      vertex 2.05423 4.16557 4.31104
      vertex 1.81661 3.14646 4.58203
      vertex 2.32228 4.0223 4.31104
    endloop
  endfacet
  facet normal 0.235871 0.106869 0.96589
    outer loop
      vertex 4.29101 1.77739 4.31104
      vertex 3.25854 1.60693 4.58203
      vertex 3.35666 1.39037 4.58203
    endloop
  endfacet
  facet normal 0.248595 0.204017 0.946878
    outer loop
      vertex 4.47134 3.43098 3.97449
      vertex 3.49196 3.06237 4.31104
      vertex 3.68477 2.82743 4.31104
    endloop
  endfacet
  facet normal 0.01066 0.0645563 0.997857
    outer loop
      vertex 0.2047 1.55486 4.92296
      vertex 0.10213 0.513446 4.99143
      vertex 0.305955 1.53814 4.92296
    endloop
  endfacet
  facet normal -0.242357 0.0912094 0.96589
    outer loop
      vertex -3.35666 1.39037 4.58203
      vertex -4.29101 1.77739 4.31104
      vertex -3.4404 1.16786 4.58203
    endloop
  endfacet
  facet normal -0.110906 0.0689682 0.991435
    outer loop
      vertex -2.16708 1.448 4.78629
      vertex -2.25715 1.30316 4.78629
      vertex -1.30397 0.871286 4.92296
    endloop
  endfacet
  facet normal -0.555476 -0.0181943 0.831333
    outer loop
      vertex -8.44909 0 2.58723
      vertex -9.31964 0 2.00555
      vertex -8.43099 -0.552596 2.58723
    endloop
  endfacet
  facet normal -0.38265 -0.0125297 0.923808
    outer loop
      vertex -5.636 0 3.97449
      vertex -6.58917 -0.431877 3.57382
      vertex -5.62393 -0.368611 3.97449
    endloop
  endfacet
  facet normal -0.26172 0.279429 0.923809
    outer loop
      vertex -3.71607 4.23737 3.97449
      vertex -4.35387 4.96463 3.57382
      vertex -3.98525 3.98525 3.97449
    endloop
  endfacet
  facet normal -0.405636 0.379928 0.831333
    outer loop
      vertex -6.58998 6.58998 2.00555
      vertex -7.00688 6.14487 2.00555
      vertex -5.97441 5.97441 2.58723
    endloop
  endfacet
  facet normal -0.617285 0.232327 0.751653
    outer loop
      vertex -9.37765 3.88435 1.36817
      vertex -10.357 3.51574 0.677825
      vertex -9.61162 3.2627 1.36817
    endloop
  endfacet
  facet normal -0.656389 0.0646911 0.751644
    outer loop
      vertex -10.8439 1.42763 0.677825
      vertex -10.9141 0.715344 0.677825
      vertex -10.0635 1.32488 1.36817
    endloop
  endfacet
  facet normal -0.650754 0.107483 0.751642
    outer loop
      vertex -9.95526 1.98022 1.36817
      vertex -10.8439 1.42763 0.677825
      vertex -10.0635 1.32488 1.36817
    endloop
  endfacet
  facet normal -0.608636 -0.0199206 0.7932
    outer loop
      vertex -9.31964 0 2.00555
      vertex -10.1503 0 1.36817
      vertex -9.29969 -0.609533 2.00555
    endloop
  endfacet
  facet normal -0.53184 0.161334 0.831335
    outer loop
      vertex -8.00069 2.71587 2.58723
      vertex -9.00208 2.4121 2.00555
      vertex -8.16119 2.18678 2.58723
    endloop
  endfacet
  facet normal -0.325118 0.202177 0.923809
    outer loop
      vertex -4.68616 3.13119 3.97449
      vertex -5.71864 3.30166 3.57382
      vertex -4.88092 2.818 3.97449
    endloop
  endfacet
  facet normal -0.30098 0.113282 0.946878
    outer loop
      vertex -4.29101 1.77739 4.31104
      vertex -5.20699 2.1568 3.97449
      vertex -4.39807 1.49294 4.31104
    endloop
  endfacet
  facet normal -0.113279 0.300982 0.946878
    outer loop
      vertex -1.81163 5.3369 3.97449
      vertex -2.1568 5.20699 3.97449
      vertex -1.49294 4.39807 4.31104
    endloop
  endfacet
  facet normal 0.0460065 0.122231 0.991435
    outer loop
      vertex 0.837776 2.46801 4.78629
      vertex 0.600152 1.4489 4.92296
      vertex 0.997398 2.40793 4.78629
    endloop
  endfacet
  facet normal -0.0637211 0.0148578 0.997857
    outer loop
      vertex -0.505667 0.135492 4.99143
      vertex -1.51484 0.405899 4.92296
      vertex -0.513446 0.10213 4.99143
    endloop
  endfacet
  facet normal -0.242353 0.0912158 0.965891
    outer loop
      vertex -4.29101 1.77739 4.31104
      vertex -4.39807 1.49294 4.31104
      vertex -3.4404 1.16786 4.58203
    endloop
  endfacet
  facet normal -0.261983 0.490147 0.831337
    outer loop
      vertex -4.12197 8.35853 2.00555
      vertex -4.65982 8.07105 2.00555
      vertex -4.22454 7.31712 2.58723
    endloop
  endfacet
  facet normal -0.1516 0.283616 0.946879
    outer loop
      vertex -2.49274 5.05478 3.97449
      vertex -2.818 4.88092 3.97449
      vertex -2.05423 4.16557 4.31104
    endloop
  endfacet
  facet normal -0.342038 0.280707 0.89678
    outer loop
      vertex -5.67064 4.97301 3.11074
      vertex -5.98375 4.59149 3.11074
      vertex -5.23876 4.01984 3.57382
    endloop
  endfacet
  facet normal 0.28706 0.537064 0.793195
    outer loop
      vertex 5.07515 8.79041 1.36817
      vertex 4.12197 8.35853 2.00555
      vertex 4.65982 8.07105 2.00555
    endloop
  endfacet
  facet normal 0.333474 0.623772 0.706898
    outer loop
      vertex 5.75434 10.0876 0
      vertex 5.46874 9.47213 0.677825
      vertex 5.80765 10.0591 0
    endloop
  endfacet
  facet normal 0.333422 0.623797 0.706899
    outer loop
      vertex 5.46874 9.47213 0.677825
      vertex 5.75434 10.0876 0
      vertex 4.83752 9.80952 0.677825
    endloop
  endfacet
  facet normal 0.115841 0.697736 0.706927
    outer loop
      vertex 2.2064 11.402 0
      vertex 2.1338 10.7273 0.677825
      vertex 2.26603 11.3921 0
    endloop
  endfacet
  facet normal 0.115221 0.697821 0.706944
    outer loop
      vertex 2.1338 10.7273 0.677825
      vertex 2.2064 11.402 0
      vertex 1.42763 10.8439 0.677825
    endloop
  endfacet
  facet normal 0.232317 0.617284 0.751658
    outer loop
      vertex 4.18559 10.1049 0.677825
      vertex 3.51574 10.357 0.677825
      vertex 3.88435 9.37765 1.36817
    endloop
  endfacet
  facet normal 0.0646421 0.656371 0.751664
    outer loop
      vertex 0.715344 10.9141 0.677825
      vertex 0.66386 10.1286 1.36817
      vertex 1.32488 10.0635 1.36817
    endloop
  endfacet
  facet normal 0.134858 0.358317 0.923809
    outer loop
      vertex 2.52698 6.10067 3.57382
      vertex 2.12256 6.25288 3.57382
      vertex 2.1568 5.20699 3.97449
    endloop
  endfacet
  facet normal 0.113282 0.30098 0.946878
    outer loop
      vertex 2.1568 5.20699 3.97449
      vertex 1.49294 4.39807 4.31104
      vertex 1.77739 4.29101 4.31104
    endloop
  endfacet
  facet normal -0.676974 0.204824 0.706933
    outer loop
      vertex -11.0164 3.67578 0
      vertex -10.357 3.51574 0.677825
      vertex -10.9989 3.73362 0
    endloop
  endfacet
  facet normal -0.676831 0.205349 0.706917
    outer loop
      vertex -10.357 3.51574 0.677825
      vertex -11.0164 3.67578 0
      vertex -10.5648 2.83083 0.677825
    endloop
  endfacet
  facet normal -0.536106 -0.384177 0.751664
    outer loop
      vertex -8.43966 -5.6392 1.36817
      vertex -9.09418 -6.07654 0.677825
      vertex -8.67728 -6.65831 0.677825
    endloop
  endfacet
  facet normal -0.560091 -0.348283 0.751662
    outer loop
      vertex -8.79041 -5.07515 1.36817
      vertex -9.47213 -5.46874 0.677825
      vertex -9.09418 -6.07654 0.677825
    endloop
  endfacet
  facet normal -0.554683 -0.251327 0.793197
    outer loop
      vertex -8.35853 -4.12197 2.00555
      vertex -9.37765 -3.88435 1.36817
      vertex -9.10352 -4.48936 1.36817
    endloop
  endfacet
  facet normal -0.661957 -0.249198 0.706904
    outer loop
      vertex -10.1049 -4.18559 0.677825
      vertex -10.9776 -3.79019 0
      vertex -10.7311 -4.44498 0
    endloop
  endfacet
  facet normal -0.37774 -0.0623668 0.923809
    outer loop
      vertex -5.58778 -0.735645 3.97449
      vertex -6.54682 -0.861905 3.57382
      vertex -6.47643 -1.28824 3.57382
    endloop
  endfacet
  facet normal -0.325117 -0.202181 0.923808
    outer loop
      vertex -4.68616 -3.13119 3.97449
      vertex -5.71864 -3.30166 3.57382
      vertex -5.49045 -3.6686 3.57382
    endloop
  endfacet
  facet normal -0.471964 -0.29348 0.831336
    outer loop
      vertex -7.31712 -4.22454 2.58723
      vertex -7.749 -5.17772 2.00555
      vertex -7.02516 -4.69406 2.58723
    endloop
  endfacet
  facet normal -0.38666 -0.317328 0.865908
    outer loop
      vertex -5.98375 -4.59149 3.11074
      vertex -6.35236 -5.57087 2.58723
      vertex -5.67064 -4.97301 3.11074
    endloop
  endfacet
  facet normal -0.676854 -0.205325 0.706902
    outer loop
      vertex -10.5648 -2.83083 0.677825
      vertex -11.2195 -3.00626 0
      vertex -11.0164 -3.67578 0
    endloop
  endfacet
  facet normal -0.644281 -0.291872 0.706904
    outer loop
      vertex -10.1049 -4.18559 0.677825
      vertex -10.7311 -4.44498 0
      vertex -10.4424 -5.08226 0
    endloop
  endfacet
  facet normal -0.520151 -0.195769 0.831335
    outer loop
      vertex -7.80594 -3.23333 2.58723
      vertex -8.82505 -2.9957 2.00555
      vertex -8.61023 -3.56647 2.00555
    endloop
  endfacet
  facet normal -0.53184 -0.161334 0.831335
    outer loop
      vertex -8.16119 -2.18678 2.58723
      vertex -9.00208 -2.4121 2.00555
      vertex -8.00069 -2.71587 2.58723
    endloop
  endfacet
  facet normal -0.483504 -0.516224 0.70692
    outer loop
      vertex -7.73396 -7.73396 0.677825
      vertex -8.16914 -8.25458 0
      vertex -7.21158 -8.22323 0.677825
    endloop
  endfacet
  facet normal -0.483482 -0.516244 0.706921
    outer loop
      vertex -8.16914 -8.25458 0
      vertex -7.73396 -7.73396 0.677825
      vertex -8.21326 -8.21326 0
    endloop
  endfacet
  facet normal -0.113693 -0.15866 0.980766
    outer loop
      vertex -1.58663 -2.06774 4.78629
      vertex -2.01851 -3.02091 4.58203
      vertex -1.448 -2.16708 4.78629
    endloop
  endfacet
  facet normal 0.348283 -0.560091 0.751662
    outer loop
      vertex 6.07654 -9.09418 0.677825
      vertex 5.07515 -8.79041 1.36817
      vertex 5.46874 -9.47213 0.677825
    endloop
  endfacet
  facet normal -0.123828 -0.150883 0.980766
    outer loop
      vertex -1.71847 -1.95954 4.78629
      vertex -2.21176 -2.88243 4.58203
      vertex -1.58663 -2.06774 4.78629
    endloop
  endfacet
  facet normal -0.100956 -0.0828537 0.991435
    outer loop
      vertex -1.17909 -1.03403 4.92296
      vertex -2.06774 -1.58663 4.78629
      vertex -1.95954 -1.71847 4.78629
    endloop
  endfacet
  facet normal -0.252187 -0.0588053 0.96589
    outer loop
      vertex -3.56341 -0.708806 4.58203
      vertex -4.55531 -0.906107 4.31104
      vertex -4.48629 -1.2021 4.31104
    endloop
  endfacet
  facet normal -0.283616 -0.1516 0.946879
    outer loop
      vertex -4.16557 -2.05423 4.31104
      vertex -5.05478 -2.49274 3.97449
      vertex -4.88092 -2.818 3.97449
    endloop
  endfacet
  facet normal -0.23366 -0.375758 0.896777
    outer loop
      vertex -3.30166 -5.71864 3.57382
      vertex -4.1903 -6.27123 3.11074
      vertex -3.77117 -6.53186 3.11074
    endloop
  endfacet
  facet normal -0.348286 -0.560087 0.751664
    outer loop
      vertex -5.6392 -8.43966 1.36817
      vertex -6.07654 -9.09418 0.677825
      vertex -5.07515 -8.79041 1.36817
    endloop
  endfacet
  facet normal 0.0953282 -0.0892708 0.991435
    outer loop
      vertex 1.17909 -1.03403 4.92296
      vertex 1.10894 -1.10894 4.92296
      vertex 1.95954 -1.71847 4.78629
    endloop
  endfacet
  facet normal 0.124979 -0.0379125 0.991435
    outer loop
      vertex 2.51752 -0.674566 4.78629
      vertex 1.51484 -0.405899 4.92296
      vertex 2.46801 -0.837776 4.78629
    endloop
  endfacet
  facet normal 0.38265 0.0125297 0.923808
    outer loop
      vertex 6.58917 0.431877 3.57382
      vertex 5.62393 0.368611 3.97449
      vertex 5.636 0 3.97449
    endloop
  endfacet
  facet normal 0.257705 -0.0253776 0.96589
    outer loop
      vertex 3.62544 -0.237623 4.58203
      vertex 3.60214 -0.47423 4.58203
      vertex 4.63461 -0.303768 4.31104
    endloop
  endfacet
  facet normal -0.0125283 -0.382651 0.923808
    outer loop
      vertex 0 -5.636 3.97449
      vertex -0.431877 -6.58917 3.57382
      vertex 0 -6.60331 3.57382
    endloop
  endfacet
  facet normal -0.25773 -0.359669 0.896779
    outer loop
      vertex -4.01984 -5.23876 3.57382
      vertex -4.1903 -6.27123 3.11074
      vertex -3.6686 -5.49045 3.57382
    endloop
  endfacet
  facet normal 0.310906 -0.581671 0.751662
    outer loop
      vertex 5.07515 -8.79041 1.36817
      vertex 4.83752 -9.80952 0.677825
      vertex 5.46874 -9.47213 0.677825
    endloop
  endfacet
  facet normal 0.365083 -0.341932 0.865908
    outer loop
      vertex 6.35236 -5.57087 2.58723
      vertex 5.67064 -4.97301 3.11074
      vertex 5.97441 -5.97441 2.58723
    endloop
  endfacet
  facet normal -0.0751744 -0.247801 0.96589
    outer loop
      vertex -1.16786 -3.4404 4.58203
      vertex -1.2021 -4.48629 4.31104
      vertex -0.940346 -3.50942 4.58203
    endloop
  endfacet
  facet normal 0.375758 -0.23366 0.896777
    outer loop
      vertex 6.53186 -3.77117 3.11074
      vertex 5.71864 -3.30166 3.57382
      vertex 6.27123 -4.1903 3.11074
    endloop
  endfacet
  facet normal 0.261712 -0.279432 0.92381
    outer loop
      vertex 4.66925 -4.66925 3.57382
      vertex 3.98525 -3.98525 3.97449
      vertex 4.35387 -4.96463 3.57382
    endloop
  endfacet
  facet normal 0.0588053 -0.252187 0.96589
    outer loop
      vertex 1.2021 -4.48629 4.31104
      vertex 0.708806 -3.56341 4.58203
      vertex 0.906107 -4.55531 4.31104
    endloop
  endfacet
  facet normal -0.0433729 -0.440346 0.89678
    outer loop
      vertex -0.431877 -6.58917 3.57382
      vertex -0.984473 -7.47782 3.11074
      vertex -0.493293 -7.5262 3.11074
    endloop
  endfacet
  facet normal -0.403038 -0.182611 0.89678
    outer loop
      vertex -5.92233 -2.92057 3.57382
      vertex -6.96822 -2.88633 3.11074
      vertex -6.76453 -3.33589 3.11074
    endloop
  endfacet
  facet normal -0.47867 -0.145199 0.865906
    outer loop
      vertex -7.28535 -1.9521 3.11074
      vertex -8.00069 -2.71587 2.58723
      vertex -7.14208 -2.42441 3.11074
    endloop
  endfacet
  facet normal -0.455622 -0.206437 0.865906
    outer loop
      vertex -6.96822 -2.88633 3.11074
      vertex -7.57775 -3.73693 2.58723
      vertex -6.76453 -3.33589 3.11074
    endloop
  endfacet
  facet normal -0.430919 -0.100475 0.896779
    outer loop
      vertex -6.47643 -1.28824 3.57382
      vertex -7.28535 -1.9521 3.11074
      vertex -6.37831 -1.70906 3.57382
    endloop
  endfacet
  facet normal -0.487137 -0.11358 0.865908
    outer loop
      vertex -7.39742 -1.47144 3.11074
      vertex -8.28674 -1.64833 2.58723
      vertex -7.28535 -1.9521 3.11074
    endloop
  endfacet
  facet normal -0.593056 -0.138282 0.793197
    outer loop
      vertex -9.00208 -2.4121 2.00555
      vertex -9.95526 -1.98022 1.36817
      vertex -9.80443 -2.62709 1.36817
    endloop
  endfacet
  facet normal -0.19146 0.631158 0.751653
    outer loop
      vertex -2.62709 9.80443 1.36817
      vertex -3.51574 10.357 0.677825
      vertex -3.2627 9.61162 1.36817
    endloop
  endfacet
  facet normal 0.107448 0.650744 0.751656
    outer loop
      vertex 2.1338 10.7273 0.677825
      vertex 1.42763 10.8439 0.677825
      vertex 1.98022 9.95526 1.36817
    endloop
  endfacet
  facet normal -0.113586 0.487138 0.865907
    outer loop
      vertex -1.64833 8.28674 2.58723
      vertex -2.18678 8.16119 2.58723
      vertex -1.9521 7.28535 3.11074
    endloop
  endfacet
  facet normal -0.107448 0.650744 0.751656
    outer loop
      vertex -1.42763 10.8439 0.677825
      vertex -2.1338 10.7273 0.677825
      vertex -1.98022 9.95526 1.36817
    endloop
  endfacet
  facet normal 0.0215475 0.659195 0.751663
    outer loop
      vertex 0.715344 10.9141 0.677825
      vertex 0 10.1503 1.36817
      vertex 0.66386 10.1286 1.36817
    endloop
  endfacet
  facet normal 0.19146 0.631158 0.751653
    outer loop
      vertex 3.51574 10.357 0.677825
      vertex 2.62709 9.80443 1.36817
      vertex 3.2627 9.61162 1.36817
    endloop
  endfacet
  facet normal 0.161329 0.531839 0.831336
    outer loop
      vertex 2.9957 8.82505 2.00555
      vertex 2.4121 9.00208 2.00555
      vertex 2.71587 8.00069 2.58723
    endloop
  endfacet
  facet normal 0.0433729 0.440346 0.89678
    outer loop
      vertex 0.493293 7.5262 3.11074
      vertex 0.431877 6.58917 3.57382
      vertex 0.984473 7.47782 3.11074
    endloop
  endfacet
  facet normal 0.656389 -0.0646911 0.751644
    outer loop
      vertex 10.9141 -0.715344 0.677825
      vertex 10.0635 -1.32488 1.36817
      vertex 10.8439 -1.42763 0.677825
    endloop
  endfacet
  facet normal 0.333422 -0.623797 0.706899
    outer loop
      vertex 5.75434 -10.0876 0
      vertex 4.83752 -9.80952 0.677825
      vertex 5.13732 -10.4174 0
    endloop
  endfacet
  facet normal 0.493523 -0.0814789 0.865908
    outer loop
      vertex 8.3768 -1.10283 2.58723
      vertex 7.47782 -0.984473 3.11074
      vertex 8.28674 -1.64833 2.58723
    endloop
  endfacet
  facet normal 0.548348 -0.0905301 0.831336
    outer loop
      vertex 8.3768 -1.10283 2.58723
      vertex 8.28674 -1.64833 2.58723
      vertex 9.14057 -1.81817 2.00555
    endloop
  endfacet
  facet normal 0.608624 0.0198945 0.793209
    outer loop
      vertex 10.1286 0.66386 1.36817
      vertex 9.29969 0.609533 2.00555
      vertex 10.1503 0 1.36817
    endloop
  endfacet
  facet normal 0.423426 0.128441 0.896779
    outer loop
      vertex 7.28535 1.9521 3.11074
      vertex 6.25288 2.12256 3.57382
      vertex 6.37831 1.70906 3.57382
    endloop
  endfacet
  facet normal 0.31319 -0.07303 0.946878
    outer loop
      vertex 4.55531 -0.906107 4.31104
      vertex 4.48629 -1.2021 4.31104
      vertex 5.44396 -1.4587 3.97449
    endloop
  endfacet
  facet normal 0.19009 -0.0443248 0.980766
    outer loop
      vertex 3.56341 -0.708806 4.58203
      vertex 2.51752 -0.674566 4.78629
      vertex 3.50942 -0.940346 4.58203
    endloop
  endfacet
  facet normal 0.129973 0.0128034 0.991435
    outer loop
      vertex 2.58403 0.340194 4.78629
      vertex 1.55486 0.2047 4.92296
      vertex 2.60075 0.170462 4.78629
    endloop
  endfacet
  facet normal 0.182679 0.0687584 0.980765
    outer loop
      vertex 3.4404 1.16786 4.58203
      vertex 2.40793 0.997398 4.78629
      vertex 2.46801 0.837776 4.78629
    endloop
  endfacet
  facet normal 0.320046 0.031522 0.946878
    outer loop
      vertex 5.58778 0.735645 3.97449
      vertex 4.63461 0.303768 4.31104
      vertex 5.62393 0.368611 3.97449
    endloop
  endfacet
  facet normal 0.194249 -0.0191351 0.980766
    outer loop
      vertex 2.60075 -0.170462 4.78629
      vertex 2.58403 -0.340194 4.78629
      vertex 3.60214 -0.47423 4.58203
    endloop
  endfacet
  facet normal 0.436569 -0.0720797 0.896779
    outer loop
      vertex 6.54682 -0.861905 3.57382
      vertex 6.47643 -1.28824 3.57382
      vertex 7.47782 -0.984473 3.11074
    endloop
  endfacet
  facet normal 0.436569 -0.0720791 0.896779
    outer loop
      vertex 7.47782 -0.984473 3.11074
      vertex 6.47643 -1.28824 3.57382
      vertex 7.39742 -1.47144 3.11074
    endloop
  endfacet
  facet normal 0.455612 -0.206446 0.865909
    outer loop
      vertex 7.80594 -3.23333 2.58723
      vertex 6.96822 -2.88633 3.11074
      vertex 7.57775 -3.73693 2.58723
    endloop
  endfacet
  facet normal 0.403037 -0.182621 0.896778
    outer loop
      vertex 6.10067 -2.52698 3.57382
      vertex 5.92233 -2.92057 3.57382
      vertex 6.96822 -2.88633 3.11074
    endloop
  endfacet
  facet normal 0.478666 -0.145204 0.865907
    outer loop
      vertex 8.16119 -2.18678 2.58723
      vertex 7.28535 -1.9521 3.11074
      vertex 8.00069 -2.71587 2.58723
    endloop
  endfacet
  facet normal 0.531839 -0.161329 0.831336
    outer loop
      vertex 9.00208 -2.4121 2.00555
      vertex 8.00069 -2.71587 2.58723
      vertex 8.82505 -2.9957 2.00555
    endloop
  endfacet
  facet normal 0.468145 -0.176203 0.865906
    outer loop
      vertex 7.14208 -2.42441 3.11074
      vertex 6.96822 -2.88633 3.11074
      vertex 8.00069 -2.71587 2.58723
    endloop
  endfacet
  facet normal 0.423426 -0.128442 0.896779
    outer loop
      vertex 7.28535 -1.9521 3.11074
      vertex 6.25288 -2.12256 3.57382
      vertex 7.14208 -2.42441 3.11074
    endloop
  endfacet
  facet normal 0.631158 -0.19146 0.751653
    outer loop
      vertex 9.80443 -2.62709 1.36817
      vertex 9.61162 -3.2627 1.36817
      vertex 10.357 -3.51574 0.677825
    endloop
  endfacet
  facet normal 0.650744 -0.107448 0.751656
    outer loop
      vertex 10.8439 -1.42763 0.677825
      vertex 9.95526 -1.98022 1.36817
      vertex 10.7273 -2.1338 0.677825
    endloop
  endfacet
  facet normal 0.520151 -0.195769 0.831335
    outer loop
      vertex 8.82505 -2.9957 2.00555
      vertex 7.80594 -3.23333 2.58723
      vertex 8.61023 -3.56647 2.00555
    endloop
  endfacet
  facet normal 0.47196 -0.293483 0.831337
    outer loop
      vertex 8.07105 -4.65982 2.00555
      vertex 7.31712 -4.22454 2.58723
      vertex 7.749 -5.17772 2.00555
    endloop
  endfacet
  facet normal 0.418421 -0.509835 0.75166
    outer loop
      vertex 6.69255 -7.63139 1.36817
      vertex 6.17911 -8.05277 1.36817
      vertex 6.65831 -8.67728 0.677825
    endloop
  endfacet
  facet normal 0.494997 -0.354706 0.793197
    outer loop
      vertex 8.43966 -5.6392 1.36817
      vertex 7.39377 -5.67344 2.00555
      vertex 8.05277 -6.17911 1.36817
    endloop
  endfacet
  facet normal 0.516227 -0.483503 0.706919
    outer loop
      vertex 8.73285 -7.6585 0
      vertex 8.22323 -7.21158 0.677825
      vertex 8.25458 -8.16914 0
    endloop
  endfacet
  facet normal 0.494997 -0.354712 0.793195
    outer loop
      vertex 7.749 -5.17772 2.00555
      vertex 7.39377 -5.67344 2.00555
      vertex 8.43966 -5.6392 1.36817
    endloop
  endfacet
  facet normal 0.348732 0.158006 0.923807
    outer loop
      vertex 5.92233 2.92057 3.57382
      vertex 5.05478 2.49274 3.97449
      vertex 5.20699 2.1568 3.97449
    endloop
  endfacet
  facet normal 0.30098 0.113282 0.946878
    outer loop
      vertex 5.20699 2.1568 3.97449
      vertex 4.29101 1.77739 4.31104
      vertex 4.39807 1.49294 4.31104
    endloop
  endfacet
  facet normal 0.248594 0.204019 0.946878
    outer loop
      vertex 4.23737 3.71607 3.97449
      vertex 3.49196 3.06237 4.31104
      vertex 4.47134 3.43098 3.97449
    endloop
  endfacet
  facet normal 0.375748 0.233667 0.896779
    outer loop
      vertex 6.27123 4.1903 3.11074
      vertex 5.49045 3.6686 3.57382
      vertex 5.71864 3.30166 3.57382
    endloop
  endfacet
  facet normal 0.234725 0.219838 0.946877
    outer loop
      vertex 3.98525 3.98525 3.97449
      vertex 3.2842 3.2842 4.31104
      vertex 3.49196 3.06237 4.31104
    endloop
  endfacet
  facet normal 0.234718 0.219842 0.946878
    outer loop
      vertex 3.98525 3.98525 3.97449
      vertex 3.49196 3.06237 4.31104
      vertex 4.23737 3.71607 3.97449
    endloop
  endfacet
  facet normal 0.133434 0.142457 0.980766
    outer loop
      vertex 2.39555 2.7316 4.58203
      vertex 1.71847 1.95954 4.78629
      vertex 2.56907 2.56907 4.58203
    endloop
  endfacet
  facet normal 0.177013 0.189 0.965891
    outer loop
      vertex 3.06237 3.49196 4.31104
      vertex 2.56907 2.56907 4.58203
      vertex 3.2842 3.2842 4.31104
    endloop
  endfacet
  facet normal 0.379917 0.40564 0.831336
    outer loop
      vertex 6.14487 7.00688 2.00555
      vertex 5.57087 6.35236 2.58723
      vertex 5.97441 5.97441 2.58723
    endloop
  endfacet
  facet normal 0.317326 0.386663 0.865907
    outer loop
      vertex 5.14348 6.70311 2.58723
      vertex 4.59149 5.98375 3.11074
      vertex 5.57087 6.35236 2.58723
    endloop
  endfacet
  facet normal 0.365083 0.341932 0.865908
    outer loop
      vertex 5.97441 5.97441 2.58723
      vertex 5.67064 4.97301 3.11074
      vertex 6.35236 5.57087 2.58723
    endloop
  endfacet
  facet normal 0.342038 0.280707 0.89678
    outer loop
      vertex 5.67064 4.97301 3.11074
      vertex 5.23876 4.01984 3.57382
      vertex 5.98375 4.59149 3.11074
    endloop
  endfacet
  facet normal 0.342042 0.280705 0.896779
    outer loop
      vertex 5.67064 4.97301 3.11074
      vertex 4.96463 4.35387 3.57382
      vertex 5.23876 4.01984 3.57382
    endloop
  endfacet
  facet normal 0.322952 0.302472 0.896779
    outer loop
      vertex 5.67064 4.97301 3.11074
      vertex 4.66925 4.66925 3.57382
      vertex 4.96463 4.35387 3.57382
    endloop
  endfacet
  facet normal 0.375758 0.23366 0.896777
    outer loop
      vertex 6.27123 4.1903 3.11074
      vertex 5.71864 3.30166 3.57382
      vertex 6.53186 3.77117 3.11074
    endloop
  endfacet
  facet normal 0.455622 0.206437 0.865906
    outer loop
      vertex 7.57775 3.73693 2.58723
      vertex 6.76453 3.33589 3.11074
      vertex 6.96822 2.88633 3.11074
    endloop
  endfacet
  facet normal 0.354706 0.494997 0.793197
    outer loop
      vertex 6.17911 8.05277 1.36817
      vertex 5.6392 8.43966 1.36817
      vertex 5.67344 7.39377 2.00555
    endloop
  endfacet
  facet normal 0.0596827 0.606014 0.793212
    outer loop
      vertex 1.32488 10.0635 1.36817
      vertex 0.66386 10.1286 1.36817
      vertex 1.21646 9.23991 2.00555
    endloop
  endfacet
  facet normal 0.536116 0.384171 0.75166
    outer loop
      vertex 8.67728 6.65831 0.677825
      vertex 8.05277 6.17911 1.36817
      vertex 8.43966 5.6392 1.36817
    endloop
  endfacet
  facet normal 0.292421 0.644028 0.706907
    outer loop
      vertex 5.08226 10.4424 0
      vertex 4.83752 9.80952 0.677825
      vertex 5.13732 10.4174 0
    endloop
  endfacet
  facet normal 0.291899 0.644247 0.706923
    outer loop
      vertex 4.83752 9.80952 0.677825
      vertex 5.08226 10.4424 0
      vertex 4.18559 10.1049 0.677825
    endloop
  endfacet
  facet normal 0.373349 0.600752 0.7069
    outer loop
      vertex 5.46874 9.47213 0.677825
      vertex 5.85898 10.0272 0
      vertex 5.80765 10.0591 0
    endloop
  endfacet
  facet normal 0.373503 0.600649 0.706906
    outer loop
      vertex 5.85898 10.0272 0
      vertex 5.46874 9.47213 0.677825
      vertex 6.07654 9.09418 0.677825
    endloop
  endfacet
  facet normal 0.600752 0.373349 0.7069
    outer loop
      vertex 10.0272 5.85898 0
      vertex 9.47213 5.46874 0.677825
      vertex 10.0591 5.80765 0
    endloop
  endfacet
  facet normal 0.600649 0.373503 0.706906
    outer loop
      vertex 9.47213 5.46874 0.677825
      vertex 10.0272 5.85898 0
      vertex 9.09418 6.07654 0.677825
    endloop
  endfacet
  facet normal 0.470732 0.38633 0.793197
    outer loop
      vertex 7.63139 6.69255 1.36817
      vertex 7.39377 5.67344 2.00555
      vertex 8.05277 6.17911 1.36817
    endloop
  endfacet
  facet normal 0.405636 0.379928 0.831333
    outer loop
      vertex 6.58998 6.58998 2.00555
      vertex 5.97441 5.97441 2.58723
      vertex 7.00688 6.14487 2.00555
    endloop
  endfacet
  facet normal 0.444457 0.416289 0.793197
    outer loop
      vertex 7.17734 7.17734 1.36817
      vertex 6.58998 6.58998 2.00555
      vertex 7.00688 6.14487 2.00555
    endloop
  endfacet
  facet normal 0.384177 0.536106 0.751664
    outer loop
      vertex 6.07654 9.09418 0.677825
      vertex 5.6392 8.43966 1.36817
      vertex 6.65831 8.67728 0.677825
    endloop
  endfacet
  facet normal 0.448703 0.546743 0.706922
    outer loop
      vertex 7.07095 9.21504 0
      vertex 6.65831 8.67728 0.677825
      vertex 7.61178 8.77119 0
    endloop
  endfacet
  facet normal 0.180471 0.33765 0.923809
    outer loop
      vertex 2.92057 5.92233 3.57382
      vertex 2.818 4.88092 3.97449
      vertex 3.30166 5.71864 3.57382
    endloop
  endfacet
  facet normal 0.22938 0.506226 0.831336
    outer loop
      vertex 4.12197 8.35853 2.00555
      vertex 3.23333 7.80594 2.58723
      vertex 3.73693 7.57775 2.58723
    endloop
  endfacet
  facet normal 0.536106 0.384177 0.751664
    outer loop
      vertex 8.67728 6.65831 0.677825
      vertex 8.43966 5.6392 1.36817
      vertex 9.09418 6.07654 0.677825
    endloop
  endfacet
  facet normal 0.600652 0.373479 0.706917
    outer loop
      vertex 9.65777 6.45312 0
      vertex 9.09418 6.07654 0.677825
      vertex 10.0272 5.85898 0
    endloop
  endfacet
  facet normal 0.659187 0.021563 0.75167
    outer loop
      vertex 10.9141 0.715344 0.677825
      vertex 10.1503 0 1.36817
      vertex 10.9375 0 0.677825
    endloop
  endfacet
  facet normal 0.703803 0.0702048 0.706918
    outer loop
      vertex 10.8439 1.42763 0.677825
      vertex 11.5219 1.45595 0
      vertex 11.5159 1.5161 0
    endloop
  endfacet
  facet normal 0.703862 0.0693697 0.706942
    outer loop
      vertex 11.5219 1.45595 0
      vertex 10.8439 1.42763 0.677825
      vertex 10.9141 0.715344 0.677825
    endloop
  endfacet
  facet normal 0.47196 0.293483 0.831337
    outer loop
      vertex 7.749 5.17772 2.00555
      vertex 7.31712 4.22454 2.58723
      vertex 8.07105 4.65982 2.00555
    endloop
  endfacet
  facet normal 0.424774 0.26414 0.865908
    outer loop
      vertex 7.31712 4.22454 2.58723
      vertex 6.27123 4.1903 3.11074
      vertex 6.53186 3.77117 3.11074
    endloop
  endfacet
  facet normal 0.372855 0.0869362 0.923808
    outer loop
      vertex 6.37831 1.70906 3.57382
      vertex 5.44396 1.4587 3.97449
      vertex 6.47643 1.28824 3.57382
    endloop
  endfacet
  facet normal 0.436569 0.0720797 0.896779
    outer loop
      vertex 7.47782 0.984473 3.11074
      vertex 6.47643 1.28824 3.57382
      vertex 6.54682 0.861905 3.57382
    endloop
  endfacet
  facet normal 0.548348 0.0905301 0.831336
    outer loop
      vertex 9.14057 1.81817 2.00555
      vertex 8.3768 1.10283 2.58723
      vertex 9.23991 1.21646 2.00555
    endloop
  endfacet
  facet normal 0.414116 0.155867 0.896779
    outer loop
      vertex 6.96822 2.88633 3.11074
      vertex 6.25288 2.12256 3.57382
      vertex 7.14208 2.42441 3.11074
    endloop
  endfacet
  facet normal 0.487138 0.113586 0.865907
    outer loop
      vertex 8.16119 2.18678 2.58723
      vertex 7.28535 1.9521 3.11074
      vertex 8.28674 1.64833 2.58723
    endloop
  endfacet
  facet normal 0.631135 0.191485 0.751666
    outer loop
      vertex 10.357 3.51574 0.677825
      vertex 9.80443 2.62709 1.36817
      vertex 10.5648 2.83083 0.677825
    endloop
  endfacet
  facet normal 0.644281 0.291872 0.706904
    outer loop
      vertex 10.4424 5.08226 0
      vertex 10.1049 4.18559 0.677825
      vertex 10.7311 4.44498 0
    endloop
  endfacet
  facet normal 0.644028 0.292421 0.706907
    outer loop
      vertex 9.80952 4.83752 0.677825
      vertex 10.4424 5.08226 0
      vertex 10.4174 5.13732 0
    endloop
  endfacet
  facet normal 0.644247 0.291899 0.706923
    outer loop
      vertex 10.4424 5.08226 0
      vertex 9.80952 4.83752 0.677825
      vertex 10.1049 4.18559 0.677825
    endloop
  endfacet
  facet normal 0.608636 0.0199206 0.7932
    outer loop
      vertex 10.1503 0 1.36817
      vertex 9.29969 0.609533 2.00555
      vertex 9.31964 0 2.00555
    endloop
  endfacet
  facet normal 0.553095 -0.0544718 0.831336
    outer loop
      vertex 8.43099 -0.552596 2.58723
      vertex 8.3768 -1.10283 2.58723
      vertex 9.23991 -1.21646 2.00555
    endloop
  endfacet
  facet normal 0.659187 -0.021563 0.75167
    outer loop
      vertex 10.9375 0 0.677825
      vertex 10.1503 0 1.36817
      vertex 10.9141 -0.715344 0.677825
    endloop
  endfacet
  facet normal 0.706955 -0.0231518 0.706879
    outer loop
      vertex 11.6133 -0.0604113 0
      vertex 10.9141 -0.715344 0.677825
      vertex 11.5904 -0.759677 0
    endloop
  endfacet
  facet normal 0.381012 0.0375267 0.923808
    outer loop
      vertex 6.58917 0.431877 3.57382
      vertex 5.58778 0.735645 3.97449
      vertex 5.62393 0.368611 3.97449
    endloop
  endfacet
  facet normal 0.381011 0.0375227 0.923809
    outer loop
      vertex 6.54682 0.861905 3.57382
      vertex 5.58778 0.735645 3.97449
      vertex 6.58917 0.431877 3.57382
    endloop
  endfacet
  facet normal 0.19009 0.0443247 0.980766
    outer loop
      vertex 3.56341 0.708806 4.58203
      vertex 2.51752 0.674566 4.78629
      vertex 2.55625 0.508469 4.78629
    endloop
  endfacet
  facet normal 0.19009 -0.0443247 0.980766
    outer loop
      vertex 2.55625 -0.508469 4.78629
      vertex 2.51752 -0.674566 4.78629
      vertex 3.56341 -0.708806 4.58203
    endloop
  endfacet
  facet normal 0.0595968 0.0270069 0.997857
    outer loop
      vertex 1.40654 0.693629 4.92296
      vertex 0.483655 0.200336 4.99143
      vertex 1.4489 0.600152 4.92296
    endloop
  endfacet
  facet normal 0.172143 0.0920059 0.980766
    outer loop
      vertex 3.25854 1.60693 4.58203
      vertex 2.25715 1.30316 4.78629
      vertex 2.33754 1.15275 4.78629
    endloop
  endfacet
  facet normal 0.103074 0.165755 0.980765
    outer loop
      vertex 1.81661 3.14646 4.58203
      vertex 1.30316 2.25715 4.78629
      vertex 2.01851 3.02091 4.58203
    endloop
  endfacet
  facet normal 0.150836 0.210484 0.965891
    outer loop
      vertex 2.58038 3.86181 4.31104
      vertex 2.01851 3.02091 4.58203
      vertex 2.82743 3.68477 4.31104
    endloop
  endfacet
  facet normal 0.177024 0.188994 0.96589
    outer loop
      vertex 3.06237 3.49196 4.31104
      vertex 2.39555 2.7316 4.58203
      vertex 2.56907 2.56907 4.58203
    endloop
  endfacet
  facet normal 0.164276 0.200174 0.96589
    outer loop
      vertex 3.06237 3.49196 4.31104
      vertex 2.21176 2.88243 4.58203
      vertex 2.39555 2.7316 4.58203
    endloop
  endfacet
  facet normal 0.307746 0.0933535 0.946878
    outer loop
      vertex 5.3369 1.81163 3.97449
      vertex 4.39807 1.49294 4.31104
      vertex 5.44396 1.4587 3.97449
    endloop
  endfacet
  facet normal 0.279432 0.261712 0.92381
    outer loop
      vertex 4.66925 4.66925 3.57382
      vertex 3.98525 3.98525 3.97449
      vertex 4.96463 4.35387 3.57382
    endloop
  endfacet
  facet normal 0.10616 0.0760723 0.991435
    outer loop
      vertex 2.06774 1.58663 4.78629
      vertex 1.30397 0.871286 4.92296
      vertex 2.16708 1.448 4.78629
    endloop
  endfacet
  facet normal 0.15866 0.113693 0.980766
    outer loop
      vertex 3.02091 2.01851 4.58203
      vertex 2.06774 1.58663 4.78629
      vertex 2.16708 1.448 4.78629
    endloop
  endfacet
  facet normal 0.0689682 0.110906 0.991435
    outer loop
      vertex 1.30316 2.25715 4.78629
      vertex 0.871286 1.30397 4.92296
      vertex 1.448 2.16708 4.78629
    endloop
  endfacet
  facet normal 0.0566616 0.186785 0.980765
    outer loop
      vertex 1.16786 3.4404 4.58203
      vertex 0.674566 2.51752 4.78629
      vertex 0.837776 2.46801 4.78629
    endloop
  endfacet
  facet normal 0.0212728 0.128858 0.991435
    outer loop
      vertex 0.340194 2.58403 4.78629
      vertex 0.2047 1.55486 4.92296
      vertex 0.508469 2.55625 4.78629
    endloop
  endfacet
  facet normal -0.0415075 0.0505798 0.997857
    outer loop
      vertex -0.318689 0.415324 4.99143
      vertex -0.954704 1.24419 4.92296
      vertex -0.345171 0.393592 4.99143
    endloop
  endfacet
  facet normal -0.00214108 0.0653953 0.997857
    outer loop
      vertex 0 0.523505 4.99143
      vertex -0.10257 1.56492 4.92296
      vertex -0.0342388 0.522384 4.99143
    endloop
  endfacet
  facet normal -0.0577045 0.0308444 0.997857
    outer loop
      vertex -0.453368 0.261752 4.99143
      vertex -1.40654 0.693629 4.92296
      vertex -0.469517 0.23154 4.99143
    endloop
  endfacet
  facet normal -0.0651153 0.00641398 0.997857
    outer loop
      vertex -1.55486 0.2047 4.92296
      vertex -1.56492 0.10257 4.92296
      vertex -0.522384 0.0342388 4.99143
    endloop
  endfacet
  facet normal 0 0 1
    outer loop
      vertex 0.522384 0.0342388 4.99143
      vertex 0.522384 -0.0342388 4.99143
      vertex 0.523505 0 4.99143
    endloop
  endfacet
  facet normal 0 0 1
    outer loop
      vertex 0.519026 0.0683308 4.99143
      vertex 0.522384 -0.0342388 4.99143
      vertex 0.522384 0.0342388 4.99143
    endloop
  endfacet
  facet normal 0 0 1
    outer loop
      vertex 0.519026 0.0683308 4.99143
      vertex 0.519026 -0.0683308 4.99143
      vertex 0.522384 -0.0342388 4.99143
    endloop
  endfacet
  facet normal 0 0 1
    outer loop
      vertex 0.513446 0.10213 4.99143
      vertex 0.519026 -0.0683308 4.99143
      vertex 0.519026 0.0683308 4.99143
    endloop
  endfacet
  facet normal 0 0 1
    outer loop
      vertex 0.513446 0.10213 4.99143
      vertex 0.513446 -0.10213 4.99143
      vertex 0.519026 -0.0683308 4.99143
    endloop
  endfacet
  facet normal 0 0 1
    outer loop
      vertex 0.505667 0.135492 4.99143
      vertex 0.513446 -0.10213 4.99143
      vertex 0.513446 0.10213 4.99143
    endloop
  endfacet
  facet normal 0 0 1
    outer loop
      vertex 0.505667 0.135492 4.99143
      vertex 0.505667 -0.135492 4.99143
      vertex 0.513446 -0.10213 4.99143
    endloop
  endfacet
  facet normal 0 0 1
    outer loop
      vertex 0.495723 0.168275 4.99143
      vertex 0.505667 -0.135492 4.99143
      vertex 0.505667 0.135492 4.99143
    endloop
  endfacet
  facet normal 0 0 1
    outer loop
      vertex 0.495723 0.168275 4.99143
      vertex 0.495723 -0.168275 4.99143
      vertex 0.505667 -0.135492 4.99143
    endloop
  endfacet
  facet normal 0 0 1
    outer loop
      vertex 0.483655 0.200336 4.99143
      vertex 0.495723 -0.168275 4.99143
      vertex 0.495723 0.168275 4.99143
    endloop
  endfacet
  facet normal 0 0 1
    outer loop
      vertex 0.483655 0.200336 4.99143
      vertex 0.483655 -0.200336 4.99143
      vertex 0.495723 -0.168275 4.99143
    endloop
  endfacet
  facet normal 0 0 1
    outer loop
      vertex 0.469517 0.23154 4.99143
      vertex 0.483655 -0.200336 4.99143
      vertex 0.483655 0.200336 4.99143
    endloop
  endfacet
  facet normal 0 0 1
    outer loop
      vertex 0.469517 0.23154 4.99143
      vertex 0.469517 -0.23154 4.99143
      vertex 0.483655 -0.200336 4.99143
    endloop
  endfacet
  facet normal 0 0 1
    outer loop
      vertex 0.453368 0.261752 4.99143
      vertex 0.469517 -0.23154 4.99143
      vertex 0.469517 0.23154 4.99143
    endloop
  endfacet
  facet normal 0 0 1
    outer loop
      vertex 0.453368 0.261752 4.99143
      vertex 0.453368 -0.261752 4.99143
      vertex 0.469517 -0.23154 4.99143
    endloop
  endfacet
  facet normal 0 0 1
    outer loop
      vertex 0.435278 0.290844 4.99143
      vertex 0.453368 -0.261752 4.99143
      vertex 0.453368 0.261752 4.99143
    endloop
  endfacet
  facet normal 0 0 1
    outer loop
      vertex 0.435278 0.290844 4.99143
      vertex 0.435278 -0.290844 4.99143
      vertex 0.453368 -0.261752 4.99143
    endloop
  endfacet
  facet normal 0 0 1
    outer loop
      vertex 0.415324 0.318689 4.99143
      vertex 0.435278 -0.290844 4.99143
      vertex 0.435278 0.290844 4.99143
    endloop
  endfacet
  facet normal 0 0 1
    outer loop
      vertex 0.415324 0.318689 4.99143
      vertex 0.415324 -0.318689 4.99143
      vertex 0.435278 -0.290844 4.99143
    endloop
  endfacet
  facet normal 0 0 1
    outer loop
      vertex 0.393592 0.345171 4.99143
      vertex 0.415324 -0.318689 4.99143
      vertex 0.415324 0.318689 4.99143
    endloop
  endfacet
  facet normal 0 0 1
    outer loop
      vertex 0.393592 0.345171 4.99143
      vertex 0.393592 -0.345171 4.99143
      vertex 0.415324 -0.318689 4.99143
    endloop
  endfacet
  facet normal 0 0 1
    outer loop
      vertex 0.370173 0.370173 4.99143
      vertex 0.393592 -0.345171 4.99143
      vertex 0.393592 0.345171 4.99143
    endloop
  endfacet
  facet normal 0 0 1
    outer loop
      vertex 0.370173 0.370173 4.99143
      vertex 0.370173 -0.370173 4.99143
      vertex 0.393592 -0.345171 4.99143
    endloop
  endfacet
  facet normal 0 0 1
    outer loop
      vertex 0.345171 0.393592 4.99143
      vertex 0.370173 -0.370173 4.99143
      vertex 0.370173 0.370173 4.99143
    endloop
  endfacet
  facet normal 0 0 1
    outer loop
      vertex 0.345171 0.393592 4.99143
      vertex 0.345171 -0.393592 4.99143
      vertex 0.370173 -0.370173 4.99143
    endloop
  endfacet
  facet normal 0 0 1
    outer loop
      vertex 0.318689 0.415324 4.99143
      vertex 0.345171 -0.393592 4.99143
      vertex 0.345171 0.393592 4.99143
    endloop
  endfacet
  facet normal 0 0 1
    outer loop
      vertex 0.318689 0.415324 4.99143
      vertex 0.318689 -0.415324 4.99143
      vertex 0.345171 -0.393592 4.99143
    endloop
  endfacet
  facet normal 0 0 1
    outer loop
      vertex 0.290844 0.435278 4.99143
      vertex 0.318689 -0.415324 4.99143
      vertex 0.318689 0.415324 4.99143
    endloop
  endfacet
  facet normal 0 0 1
    outer loop
      vertex 0.290844 0.435278 4.99143
      vertex 0.290844 -0.435278 4.99143
      vertex 0.318689 -0.415324 4.99143
    endloop
  endfacet
  facet normal 0 0 1
    outer loop
      vertex 0.261752 0.453368 4.99143
      vertex 0.290844 -0.435278 4.99143
      vertex 0.290844 0.435278 4.99143
    endloop
  endfacet
  facet normal 0 0 1
    outer loop
      vertex 0.261752 0.453368 4.99143
      vertex 0.261752 -0.453368 4.99143
      vertex 0.290844 -0.435278 4.99143
    endloop
  endfacet
  facet normal 0 0 1
    outer loop
      vertex 0.23154 0.469517 4.99143
      vertex 0.261752 -0.453368 4.99143
      vertex 0.261752 0.453368 4.99143
    endloop
  endfacet
  facet normal 0 0 1
    outer loop
      vertex 0.23154 0.469517 4.99143
      vertex 0.23154 -0.469517 4.99143
      vertex 0.261752 -0.453368 4.99143
    endloop
  endfacet
  facet normal 0 0 1
    outer loop
      vertex 0.200336 0.483655 4.99143
      vertex 0.23154 -0.469517 4.99143
      vertex 0.23154 0.469517 4.99143
    endloop
  endfacet
  facet normal 0 0 1
    outer loop
      vertex 0.200336 0.483655 4.99143
      vertex 0.200336 -0.483655 4.99143
      vertex 0.23154 -0.469517 4.99143
    endloop
  endfacet
  facet normal 0 0 1
    outer loop
      vertex 0.168275 0.495723 4.99143
      vertex 0.200336 -0.483655 4.99143
      vertex 0.200336 0.483655 4.99143
    endloop
  endfacet
  facet normal 0 0 1
    outer loop
      vertex 0.168275 0.495723 4.99143
      vertex 0.168275 -0.495723 4.99143
      vertex 0.200336 -0.483655 4.99143
    endloop
  endfacet
  facet normal 0 0 1
    outer loop
      vertex 0.135492 0.505667 4.99143
      vertex 0.168275 -0.495723 4.99143
      vertex 0.168275 0.495723 4.99143
    endloop
  endfacet
  facet normal 0 0 1
    outer loop
      vertex 0.135492 0.505667 4.99143
      vertex 0.135492 -0.505667 4.99143
      vertex 0.168275 -0.495723 4.99143
    endloop
  endfacet
  facet normal 0 0 1
    outer loop
      vertex 0.10213 0.513446 4.99143
      vertex 0.135492 -0.505667 4.99143
      vertex 0.135492 0.505667 4.99143
    endloop
  endfacet
  facet normal 0 0 1
    outer loop
      vertex 0.10213 0.513446 4.99143
      vertex 0.10213 -0.513446 4.99143
      vertex 0.135492 -0.505667 4.99143
    endloop
  endfacet
  facet normal 0 0 1
    outer loop
      vertex 0.0683308 0.519026 4.99143
      vertex 0.10213 -0.513446 4.99143
      vertex 0.10213 0.513446 4.99143
    endloop
  endfacet
  facet normal 0 0 1
    outer loop
      vertex 0.0683308 0.519026 4.99143
      vertex 0.0683308 -0.519026 4.99143
      vertex 0.10213 -0.513446 4.99143
    endloop
  endfacet
  facet normal 0 0 1
    outer loop
      vertex 0.0342388 0.522384 4.99143
      vertex 0.0683308 -0.519026 4.99143
      vertex 0.0683308 0.519026 4.99143
    endloop
  endfacet
  facet normal 0 0 1
    outer loop
      vertex 0.0342388 0.522384 4.99143
      vertex 0.0342388 -0.522384 4.99143
      vertex 0.0683308 -0.519026 4.99143
    endloop
  endfacet
  facet normal 0 0 1
    outer loop
      vertex 0 0.523505 4.99143
      vertex 0.0342388 -0.522384 4.99143
      vertex 0.0342388 0.522384 4.99143
    endloop
  endfacet
  facet normal 0 0 1
    outer loop
      vertex 0 0.523505 4.99143
      vertex 0 -0.523505 4.99143
      vertex 0.0342388 -0.522384 4.99143
    endloop
  endfacet
  facet normal -0 0 1
    outer loop
      vertex -0.0342388 0.522384 4.99143
      vertex 0 -0.523505 4.99143
      vertex 0 0.523505 4.99143
    endloop
  endfacet
  facet normal 0 0 1
    outer loop
      vertex -0.0342388 0.522384 4.99143
      vertex -0.0342388 -0.522384 4.99143
      vertex 0 -0.523505 4.99143
    endloop
  endfacet
  facet normal -0 0 1
    outer loop
      vertex -0.0683308 0.519026 4.99143
      vertex -0.0342388 -0.522384 4.99143
      vertex -0.0342388 0.522384 4.99143
    endloop
  endfacet
  facet normal 0 0 1
    outer loop
      vertex -0.0683308 0.519026 4.99143
      vertex -0.0683308 -0.519026 4.99143
      vertex -0.0342388 -0.522384 4.99143
    endloop
  endfacet
  facet normal -0 0 1
    outer loop
      vertex -0.10213 0.513446 4.99143
      vertex -0.0683308 -0.519026 4.99143
      vertex -0.0683308 0.519026 4.99143
    endloop
  endfacet
  facet normal 0 0 1
    outer loop
      vertex -0.10213 0.513446 4.99143
      vertex -0.10213 -0.513446 4.99143
      vertex -0.0683308 -0.519026 4.99143
    endloop
  endfacet
  facet normal -0 0 1
    outer loop
      vertex -0.135492 0.505667 4.99143
      vertex -0.10213 -0.513446 4.99143
      vertex -0.10213 0.513446 4.99143
    endloop
  endfacet
  facet normal 0 0 1
    outer loop
      vertex -0.135492 0.505667 4.99143
      vertex -0.135492 -0.505667 4.99143
      vertex -0.10213 -0.513446 4.99143
    endloop
  endfacet
  facet normal -0 0 1
    outer loop
      vertex -0.168275 0.495723 4.99143
      vertex -0.135492 -0.505667 4.99143
      vertex -0.135492 0.505667 4.99143
    endloop
  endfacet
  facet normal 0 0 1
    outer loop
      vertex -0.168275 0.495723 4.99143
      vertex -0.168275 -0.495723 4.99143
      vertex -0.135492 -0.505667 4.99143
    endloop
  endfacet
  facet normal -0 0 1
    outer loop
      vertex -0.200336 0.483655 4.99143
      vertex -0.168275 -0.495723 4.99143
      vertex -0.168275 0.495723 4.99143
    endloop
  endfacet
  facet normal 0 0 1
    outer loop
      vertex -0.200336 0.483655 4.99143
      vertex -0.200336 -0.483655 4.99143
      vertex -0.168275 -0.495723 4.99143
    endloop
  endfacet
  facet normal -0 0 1
    outer loop
      vertex -0.23154 0.469517 4.99143
      vertex -0.200336 -0.483655 4.99143
      vertex -0.200336 0.483655 4.99143
    endloop
  endfacet
  facet normal 0 0 1
    outer loop
      vertex -0.23154 0.469517 4.99143
      vertex -0.23154 -0.469517 4.99143
      vertex -0.200336 -0.483655 4.99143
    endloop
  endfacet
  facet normal -0 0 1
    outer loop
      vertex -0.261752 0.453368 4.99143
      vertex -0.23154 -0.469517 4.99143
      vertex -0.23154 0.469517 4.99143
    endloop
  endfacet
  facet normal 0 0 1
    outer loop
      vertex -0.261752 0.453368 4.99143
      vertex -0.261752 -0.453368 4.99143
      vertex -0.23154 -0.469517 4.99143
    endloop
  endfacet
  facet normal -0 0 1
    outer loop
      vertex -0.290844 0.435278 4.99143
      vertex -0.261752 -0.453368 4.99143
      vertex -0.261752 0.453368 4.99143
    endloop
  endfacet
  facet normal 0 0 1
    outer loop
      vertex -0.290844 0.435278 4.99143
      vertex -0.290844 -0.435278 4.99143
      vertex -0.261752 -0.453368 4.99143
    endloop
  endfacet
  facet normal -0 0 1
    outer loop
      vertex -0.318689 0.415324 4.99143
      vertex -0.290844 -0.435278 4.99143
      vertex -0.290844 0.435278 4.99143
    endloop
  endfacet
  facet normal 0 0 1
    outer loop
      vertex -0.318689 0.415324 4.99143
      vertex -0.318689 -0.415324 4.99143
      vertex -0.290844 -0.435278 4.99143
    endloop
  endfacet
  facet normal -0 0 1
    outer loop
      vertex -0.345171 0.393592 4.99143
      vertex -0.318689 -0.415324 4.99143
      vertex -0.318689 0.415324 4.99143
    endloop
  endfacet
  facet normal 0 0 1
    outer loop
      vertex -0.345171 0.393592 4.99143
      vertex -0.345171 -0.393592 4.99143
      vertex -0.318689 -0.415324 4.99143
    endloop
  endfacet
  facet normal -0 0 1
    outer loop
      vertex -0.370173 0.370173 4.99143
      vertex -0.345171 -0.393592 4.99143
      vertex -0.345171 0.393592 4.99143
    endloop
  endfacet
  facet normal 0 0 1
    outer loop
      vertex -0.370173 0.370173 4.99143
      vertex -0.370173 -0.370173 4.99143
      vertex -0.345171 -0.393592 4.99143
    endloop
  endfacet
  facet normal -0 0 1
    outer loop
      vertex -0.393592 0.345171 4.99143
      vertex -0.370173 -0.370173 4.99143
      vertex -0.370173 0.370173 4.99143
    endloop
  endfacet
  facet normal 0 0 1
    outer loop
      vertex -0.393592 0.345171 4.99143
      vertex -0.393592 -0.345171 4.99143
      vertex -0.370173 -0.370173 4.99143
    endloop
  endfacet
  facet normal -0 0 1
    outer loop
      vertex -0.415324 0.318689 4.99143
      vertex -0.393592 -0.345171 4.99143
      vertex -0.393592 0.345171 4.99143
    endloop
  endfacet
  facet normal 0 0 1
    outer loop
      vertex -0.415324 0.318689 4.99143
      vertex -0.415324 -0.318689 4.99143
      vertex -0.393592 -0.345171 4.99143
    endloop
  endfacet
  facet normal -0 0 1
    outer loop
      vertex -0.435278 0.290844 4.99143
      vertex -0.415324 -0.318689 4.99143
      vertex -0.415324 0.318689 4.99143
    endloop
  endfacet
  facet normal 0 0 1
    outer loop
      vertex -0.435278 0.290844 4.99143
      vertex -0.435278 -0.290844 4.99143
      vertex -0.415324 -0.318689 4.99143
    endloop
  endfacet
  facet normal -0 0 1
    outer loop
      vertex -0.453368 0.261752 4.99143
      vertex -0.435278 -0.290844 4.99143
      vertex -0.435278 0.290844 4.99143
    endloop
  endfacet
  facet normal 0 0 1
    outer loop
      vertex -0.453368 0.261752 4.99143
      vertex -0.453368 -0.261752 4.99143
      vertex -0.435278 -0.290844 4.99143
    endloop
  endfacet
  facet normal -0 0 1
    outer loop
      vertex -0.469517 0.23154 4.99143
      vertex -0.453368 -0.261752 4.99143
      vertex -0.453368 0.261752 4.99143
    endloop
  endfacet
  facet normal 0 0 1
    outer loop
      vertex -0.469517 0.23154 4.99143
      vertex -0.469517 -0.23154 4.99143
      vertex -0.453368 -0.261752 4.99143
    endloop
  endfacet
  facet normal -0 0 1
    outer loop
      vertex -0.483655 0.200336 4.99143
      vertex -0.469517 -0.23154 4.99143
      vertex -0.469517 0.23154 4.99143
    endloop
  endfacet
  facet normal 0 0 1
    outer loop
      vertex -0.483655 0.200336 4.99143
      vertex -0.483655 -0.200336 4.99143
      vertex -0.469517 -0.23154 4.99143
    endloop
  endfacet
  facet normal -0 0 1
    outer loop
      vertex -0.495723 0.168275 4.99143
      vertex -0.483655 -0.200336 4.99143
      vertex -0.483655 0.200336 4.99143
    endloop
  endfacet
  facet normal 0 0 1
    outer loop
      vertex -0.495723 0.168275 4.99143
      vertex -0.495723 -0.168275 4.99143
      vertex -0.483655 -0.200336 4.99143
    endloop
  endfacet
  facet normal -0 0 1
    outer loop
      vertex -0.505667 0.135492 4.99143
      vertex -0.495723 -0.168275 4.99143
      vertex -0.495723 0.168275 4.99143
    endloop
  endfacet
  facet normal 0 0 1
    outer loop
      vertex -0.505667 0.135492 4.99143
      vertex -0.505667 -0.135492 4.99143
      vertex -0.495723 -0.168275 4.99143
    endloop
  endfacet
  facet normal -0 0 1
    outer loop
      vertex -0.513446 0.10213 4.99143
      vertex -0.505667 -0.135492 4.99143
      vertex -0.505667 0.135492 4.99143
    endloop
  endfacet
  facet normal 0 0 1
    outer loop
      vertex -0.513446 0.10213 4.99143
      vertex -0.513446 -0.10213 4.99143
      vertex -0.505667 -0.135492 4.99143
    endloop
  endfacet
  facet normal -0 0 1
    outer loop
      vertex -0.519026 0.0683308 4.99143
      vertex -0.513446 -0.10213 4.99143
      vertex -0.513446 0.10213 4.99143
    endloop
  endfacet
  facet normal 0 0 1
    outer loop
      vertex -0.519026 0.0683308 4.99143
      vertex -0.519026 -0.0683308 4.99143
      vertex -0.513446 -0.10213 4.99143
    endloop
  endfacet
  facet normal -0 0 1
    outer loop
      vertex -0.522384 0.0342388 4.99143
      vertex -0.519026 -0.0683308 4.99143
      vertex -0.519026 0.0683308 4.99143
    endloop
  endfacet
  facet normal 0 0 1
    outer loop
      vertex -0.522384 0.0342388 4.99143
      vertex -0.522384 -0.0342388 4.99143
      vertex -0.519026 -0.0683308 4.99143
    endloop
  endfacet
  facet normal 0 -0 1
    outer loop
      vertex -0.522384 -0.0342388 4.99143
      vertex -0.522384 0.0342388 4.99143
      vertex -0.523505 0 4.99143
    endloop
  endfacet
  facet normal -0.38265 0.0125297 0.923808
    outer loop
      vertex -5.62393 0.368611 3.97449
      vertex -6.58917 0.431877 3.57382
      vertex -5.636 0 3.97449
    endloop
  endfacet
  facet normal -0.381012 0.0375267 0.923808
    outer loop
      vertex -5.58778 0.735645 3.97449
      vertex -6.58917 0.431877 3.57382
      vertex -5.62393 0.368611 3.97449
    endloop
  endfacet
  facet normal -0.44224 -0.0144793 0.89678
    outer loop
      vertex -6.60331 0 3.57382
      vertex -7.54235 0 3.11074
      vertex -6.58917 -0.431877 3.57382
    endloop
  endfacet
  facet normal -0.382651 -0.0125283 0.923808
    outer loop
      vertex -5.636 0 3.97449
      vertex -6.60331 0 3.57382
      vertex -6.58917 -0.431877 3.57382
    endloop
  endfacet
  facet normal -0.436569 -0.0720797 0.896779
    outer loop
      vertex -6.54682 -0.861905 3.57382
      vertex -7.47782 -0.984473 3.11074
      vertex -6.47643 -1.28824 3.57382
    endloop
  endfacet
  facet normal -0.468145 0.176203 0.865906
    outer loop
      vertex -6.96822 2.88633 3.11074
      vertex -8.00069 2.71587 2.58723
      vertex -7.14208 2.42441 3.11074
    endloop
  endfacet
  facet normal -0.172141 0.0920142 0.980765
    outer loop
      vertex -3.14646 1.81661 4.58203
      vertex -3.25854 1.60693 4.58203
      vertex -2.25715 1.30316 4.78629
    endloop
  endfacet
  facet normal -0.0892799 0.0953217 0.991435
    outer loop
      vertex -1.71847 1.95954 4.78629
      vertex -1.84295 1.84295 4.78629
      vertex -1.10894 1.10894 4.92296
    endloop
  endfacet
  facet normal -0.644281 0.291872 0.706904
    outer loop
      vertex -10.4424 5.08226 0
      vertex -10.7311 4.44498 0
      vertex -10.1049 4.18559 0.677825
    endloop
  endfacet
  facet normal -0.706955 0.0231518 0.706879
    outer loop
      vertex -11.5904 0.759677 0
      vertex -11.6133 0.0604113 0
      vertex -10.9141 0.715344 0.677825
    endloop
  endfacet
  facet normal -0.706943 -0.0231252 0.706892
    outer loop
      vertex -10.9375 0 0.677825
      vertex -11.6133 -0.0604113 0
      vertex -10.9141 -0.715344 0.677825
    endloop
  endfacet
  facet normal -0.706926 -0.0234038 0.7069
    outer loop
      vertex -11.6133 -0.0604113 0
      vertex -10.9375 0 0.677825
      vertex -11.6153 0 0
    endloop
  endfacet
  facet normal -0.553092 -0.0544774 0.831337
    outer loop
      vertex -8.43099 -0.552596 2.58723
      vertex -9.29969 -0.609533 2.00555
      vertex -9.23991 -1.21646 2.00555
    endloop
  endfacet
  facet normal -0.659195 0.0215475 0.751663
    outer loop
      vertex -10.1286 0.66386 1.36817
      vertex -10.9141 0.715344 0.677825
      vertex -10.1503 0 1.36817
    endloop
  endfacet
  facet normal -0.497798 -0.0490259 0.865906
    outer loop
      vertex -7.5262 -0.493293 3.11074
      vertex -8.43099 -0.552596 2.58723
      vertex -8.3768 -1.10283 2.58723
    endloop
  endfacet
  facet normal -0.414116 0.155867 0.896779
    outer loop
      vertex -6.96822 2.88633 3.11074
      vertex -7.14208 2.42441 3.11074
      vertex -6.25288 2.12256 3.57382
    endloop
  endfacet
  facet normal -0.676854 0.205325 0.706902
    outer loop
      vertex -11.0164 3.67578 0
      vertex -11.2195 3.00626 0
      vertex -10.5648 2.83083 0.677825
    endloop
  endfacet
  facet normal -0.703935 0.0692538 0.70688
    outer loop
      vertex -11.5219 1.45595 0
      vertex -11.5904 0.759677 0
      vertex -10.9141 0.715344 0.677825
    endloop
  endfacet
  facet normal -0.320046 0.0315213 0.946877
    outer loop
      vertex -4.60482 0.606236 4.31104
      vertex -5.58778 0.735645 3.97449
      vertex -4.63461 0.303768 4.31104
    endloop
  endfacet
  facet normal -0.257705 0.0253776 0.96589
    outer loop
      vertex -3.60214 0.47423 4.58203
      vertex -4.63461 0.303768 4.31104
      vertex -3.62544 0.237623 4.58203
    endloop
  endfacet
  facet normal 0.0125297 0.38265 0.923808
    outer loop
      vertex 0.431877 6.58917 3.57382
      vertex 0 5.636 3.97449
      vertex 0.368611 5.62393 3.97449
    endloop
  endfacet
  facet normal 0.0253776 0.257705 0.96589
    outer loop
      vertex 0.303768 4.63461 4.31104
      vertex 0.237623 3.62544 4.58203
      vertex 0.47423 3.60214 4.58203
    endloop
  endfacet
  facet normal -0.0523874 0.317299 0.946877
    outer loop
      vertex -0.735645 5.58778 3.97449
      vertex -0.906107 4.55531 4.31104
      vertex -0.606236 4.60482 4.31104
    endloop
  endfacet
  facet normal 0.0375267 0.381012 0.923808
    outer loop
      vertex 0.431877 6.58917 3.57382
      vertex 0.368611 5.62393 3.97449
      vertex 0.735645 5.58778 3.97449
    endloop
  endfacet
  facet normal -0.155867 0.414116 0.896779
    outer loop
      vertex -2.42441 7.14208 3.11074
      vertex -2.88633 6.96822 3.11074
      vertex -2.12256 6.25288 3.57382
    endloop
  endfacet
  facet normal -0.0144793 0.44224 0.89678
    outer loop
      vertex 0 7.54235 3.11074
      vertex -0.431877 6.58917 3.57382
      vertex 0 6.60331 3.57382
    endloop
  endfacet
  facet normal -0.279429 0.26172 0.923809
    outer loop
      vertex -3.98525 3.98525 3.97449
      vertex -4.96463 4.35387 3.57382
      vertex -4.23737 3.71607 3.97449
    endloop
  endfacet
  facet normal -0.106876 0.23587 0.96589
    outer loop
      vertex -1.77739 4.29101 4.31104
      vertex -2.05423 4.16557 4.31104
      vertex -1.60693 3.25854 4.58203
    endloop
  endfacet
  facet normal -0.317298 0.0523794 0.946878
    outer loop
      vertex -5.52771 1.09953 3.97449
      vertex -5.58778 0.735645 3.97449
      vertex -4.55531 0.906107 4.31104
    endloop
  endfacet
  facet normal -0.0189924 0.0626133 0.997857
    outer loop
      vertex -0.135492 0.505667 4.99143
      vertex -0.405899 1.51484 4.92296
      vertex -0.168275 0.495723 4.99143
    endloop
  endfacet
  facet normal -0.313191 0.0730287 0.946878
    outer loop
      vertex -5.44396 1.4587 3.97449
      vertex -5.52771 1.09953 3.97449
      vertex -4.55531 0.906107 4.31104
    endloop
  endfacet
  facet normal -0.19009 0.0443248 0.980766
    outer loop
      vertex -3.50942 0.940346 4.58203
      vertex -3.56341 0.708806 4.58203
      vertex -2.51752 0.674566 4.78629
    endloop
  endfacet
  facet normal -0.258813 0.00847377 0.96589
    outer loop
      vertex -3.62544 0.237623 4.58203
      vertex -4.63461 0.303768 4.31104
      vertex -3.63322 0 4.58203
    endloop
  endfacet
  facet normal -0.317299 0.0523874 0.946877
    outer loop
      vertex -4.55531 0.906107 4.31104
      vertex -5.58778 0.735645 3.97449
      vertex -4.60482 0.606236 4.31104
    endloop
  endfacet
  facet normal -0.418421 0.509835 0.75166
    outer loop
      vertex -6.65831 8.67728 0.677825
      vertex -6.69255 7.63139 1.36817
      vertex -6.17911 8.05277 1.36817
    endloop
  endfacet
  facet normal -0.23366 0.375758 0.896777
    outer loop
      vertex -3.77117 6.53186 3.11074
      vertex -4.1903 6.27123 3.11074
      vertex -3.30166 5.71864 3.57382
    endloop
  endfacet
  facet normal -0.323725 0.451755 0.831336
    outer loop
      vertex -5.17772 7.749 2.00555
      vertex -5.67344 7.39377 2.00555
      vertex -4.69406 7.02516 2.58723
    endloop
  endfacet
  facet normal -0.554683 0.25133 0.793196
    outer loop
      vertex -8.35853 4.12197 2.00555
      vertex -9.37765 3.88435 1.36817
      vertex -8.61023 3.56647 2.00555
    endloop
  endfacet
  facet normal -0.593057 0.138287 0.793196
    outer loop
      vertex -9.00208 2.4121 2.00555
      vertex -9.95526 1.98022 1.36817
      vertex -9.14057 1.81817 2.00555
    endloop
  endfacet
  facet normal -0.416285 0.444468 0.793193
    outer loop
      vertex -6.69255 7.63139 1.36817
      vertex -7.17734 7.17734 1.36817
      vertex -6.14487 7.00688 2.00555
    endloop
  endfacet
  facet normal -0.444468 0.416285 0.793193
    outer loop
      vertex -7.17734 7.17734 1.36817
      vertex -7.63139 6.69255 1.36817
      vertex -7.00688 6.14487 2.00555
    endloop
  endfacet
  facet normal -0.623797 0.333422 0.706899
    outer loop
      vertex -10.0876 5.75434 0
      vertex -10.4174 5.13732 0
      vertex -9.80952 4.83752 0.677825
    endloop
  endfacet
  facet normal -0.537059 0.287063 0.793197
    outer loop
      vertex -8.79041 5.07515 1.36817
      vertex -9.10352 4.48936 1.36817
      vertex -8.35853 4.12197 2.00555
    endloop
  endfacet
  facet normal 0.310908 0.581671 0.751661
    outer loop
      vertex 4.83752 9.80952 0.677825
      vertex 4.48936 9.10352 1.36817
      vertex 5.07515 8.79041 1.36817
    endloop
  endfacet
  facet normal 0.321575 0.517136 0.793196
    outer loop
      vertex 5.07515 8.79041 1.36817
      vertex 4.65982 8.07105 2.00555
      vertex 5.17772 7.749 2.00555
    endloop
  endfacet
  facet normal 0.161334 0.53184 0.831335
    outer loop
      vertex 2.4121 9.00208 2.00555
      vertex 2.18678 8.16119 2.58723
      vertex 2.71587 8.00069 2.58723
    endloop
  endfacet
  facet normal 0.0231518 0.706955 0.706879
    outer loop
      vertex 0.759677 11.5904 0
      vertex 0.0604113 11.6133 0
      vertex 0.715344 10.9141 0.677825
    endloop
  endfacet
  facet normal 0.2358 0.441136 0.865908
    outer loop
      vertex 4.22454 7.31712 2.58723
      vertex 3.33589 6.76453 3.11074
      vertex 3.77117 6.53186 3.11074
    endloop
  endfacet
  facet normal 0.280707 0.342038 0.89678
    outer loop
      vertex 4.59149 5.98375 3.11074
      vertex 4.01984 5.23876 3.57382
      vertex 4.97301 5.67064 3.11074
    endloop
  endfacet
  facet normal 0.242883 0.29595 0.923808
    outer loop
      vertex 4.01984 5.23876 3.57382
      vertex 3.43098 4.47134 3.97449
      vertex 3.71607 4.23737 3.97449
    endloop
  endfacet
  facet normal 0.145204 0.478666 0.865907
    outer loop
      vertex 2.18678 8.16119 2.58723
      vertex 1.9521 7.28535 3.11074
      vertex 2.71587 8.00069 2.58723
    endloop
  endfacet
  facet normal 0.223002 0.311205 0.923808
    outer loop
      vertex 3.6686 5.49045 3.57382
      vertex 3.13119 4.68616 3.97449
      vertex 4.01984 5.23876 3.57382
    endloop
  endfacet
  facet normal 0.1516 0.283616 0.946879
    outer loop
      vertex 2.49274 5.05478 3.97449
      vertex 2.05423 4.16557 4.31104
      vertex 2.818 4.88092 3.97449
    endloop
  endfacet
  facet normal -0.160315 0.688884 0.706921
    outer loop
      vertex -2.3249 11.3784 0
      vertex -2.1338 10.7273 0.677825
      vertex -2.26603 11.3921 0
    endloop
  endfacet
  facet normal -0.160584 0.688813 0.706929
    outer loop
      vertex -2.1338 10.7273 0.677825
      vertex -2.3249 11.3784 0
      vertex -2.83083 10.5648 0.677825
    endloop
  endfacet
  facet normal -0.490147 -0.261986 0.831336
    outer loop
      vertex -7.57775 -3.73693 2.58723
      vertex -8.35853 -4.12197 2.00555
      vertex -7.31712 -4.22454 2.58723
    endloop
  endfacet
  facet normal -0.536116 -0.384171 0.75166
    outer loop
      vertex -8.43966 -5.6392 1.36817
      vertex -8.67728 -6.65831 0.677825
      vertex -8.05277 -6.17911 1.36817
    endloop
  endfacet
  facet normal -0.644247 -0.291899 0.706923
    outer loop
      vertex -10.4424 -5.08226 0
      vertex -9.80952 -4.83752 0.677825
      vertex -10.1049 -4.18559 0.677825
    endloop
  endfacet
  facet normal -0.644028 -0.292421 0.706907
    outer loop
      vertex -9.80952 -4.83752 0.677825
      vertex -10.4424 -5.08226 0
      vertex -10.4174 -5.13732 0
    endloop
  endfacet
  facet normal -0.47196 -0.293483 0.831337
    outer loop
      vertex -7.31712 -4.22454 2.58723
      vertex -8.07105 -4.65982 2.00555
      vertex -7.749 -5.17772 2.00555
    endloop
  endfacet
  facet normal -0.520151 -0.195763 0.831336
    outer loop
      vertex -8.00069 -2.71587 2.58723
      vertex -8.82505 -2.9957 2.00555
      vertex -7.80594 -3.23333 2.58723
    endloop
  endfacet
  facet normal -0.569936 -0.214506 0.793196
    outer loop
      vertex -8.82505 -2.9957 2.00555
      vertex -9.37765 -3.88435 1.36817
      vertex -8.61023 -3.56647 2.00555
    endloop
  endfacet
  facet normal -0.424774 -0.26414 0.865908
    outer loop
      vertex -6.53186 -3.77117 3.11074
      vertex -7.31712 -4.22454 2.58723
      vertex -6.27123 -4.1903 3.11074
    endloop
  endfacet
  facet normal -0.406591 -0.29135 0.865909
    outer loop
      vertex -6.27123 -4.1903 3.11074
      vertex -7.02516 -4.69406 2.58723
      vertex -5.98375 -4.59149 3.11074
    endloop
  endfacet
  facet normal -0.451757 -0.323724 0.831335
    outer loop
      vertex -7.02516 -4.69406 2.58723
      vertex -7.39377 -5.67344 2.00555
      vertex -6.70311 -5.14348 2.58723
    endloop
  endfacet
  facet normal -0.342038 -0.280707 0.89678
    outer loop
      vertex -5.23876 -4.01984 3.57382
      vertex -5.98375 -4.59149 3.11074
      vertex -5.67064 -4.97301 3.11074
    endloop
  endfacet
  facet normal -0.537064 -0.28706 0.793195
    outer loop
      vertex -8.35853 -4.12197 2.00555
      vertex -8.79041 -5.07515 1.36817
      vertex -8.07105 -4.65982 2.00555
    endloop
  endfacet
  facet normal -0.441144 -0.235794 0.865906
    outer loop
      vertex -6.76453 -3.33589 3.11074
      vertex -7.57775 -3.73693 2.58723
      vertex -7.31712 -4.22454 2.58723
    endloop
  endfacet
  facet normal -0.470732 -0.38633 0.793197
    outer loop
      vertex -7.39377 -5.67344 2.00555
      vertex -8.05277 -6.17911 1.36817
      vertex -7.63139 -6.69255 1.36817
    endloop
  endfacet
  facet normal -0.429617 -0.352578 0.831335
    outer loop
      vertex -6.70311 -5.14348 2.58723
      vertex -7.39377 -5.67344 2.00555
      vertex -6.35236 -5.57087 2.58723
    endloop
  endfacet
  facet normal -0.429617 -0.352575 0.831336
    outer loop
      vertex -6.35236 -5.57087 2.58723
      vertex -7.39377 -5.67344 2.00555
      vertex -7.00688 -6.14487 2.00555
    endloop
  endfacet
  facet normal -0.365073 -0.341936 0.865911
    outer loop
      vertex -5.67064 -4.97301 3.11074
      vertex -5.97441 -5.97441 2.58723
      vertex -5.33324 -5.33324 3.11074
    endloop
  endfacet
  facet normal -0.688827 -0.160641 0.706903
    outer loop
      vertex -10.5648 -2.83083 0.677825
      vertex -11.3784 -2.3249 0
      vertex -11.2195 -3.00626 0
    endloop
  endfacet
  facet normal -0.600762 -0.272196 0.751661
    outer loop
      vertex -9.10352 -4.48936 1.36817
      vertex -10.1049 -4.18559 0.677825
      vertex -9.80952 -4.83752 0.677825
    endloop
  endfacet
  facet normal -0.600762 -0.272205 0.751658
    outer loop
      vertex -9.37765 -3.88435 1.36817
      vertex -10.1049 -4.18559 0.677825
      vertex -9.10352 -4.48936 1.36817
    endloop
  endfacet
  facet normal -0.113586 -0.487138 0.865907
    outer loop
      vertex -1.9521 -7.28535 3.11074
      vertex -2.18678 -8.16119 2.58723
      vertex -1.64833 -8.28674 2.58723
    endloop
  endfacet
  facet normal -0.574926 -0.411981 0.706917
    outer loop
      vertex -9.09418 -6.07654 0.677825
      vertex -9.65777 -6.45312 0
      vertex -9.25025 -7.02182 0
    endloop
  endfacet
  facet normal -0.509835 -0.418421 0.75166
    outer loop
      vertex -8.05277 -6.17911 1.36817
      vertex -8.67728 -6.65831 0.677825
      vertex -7.63139 -6.69255 1.36817
    endloop
  endfacet
  facet normal -0.494997 -0.354706 0.793197
    outer loop
      vertex -7.39377 -5.67344 2.00555
      vertex -8.43966 -5.6392 1.36817
      vertex -8.05277 -6.17911 1.36817
    endloop
  endfacet
  facet normal -0.177789 -0.0805564 0.980766
    outer loop
      vertex -2.40793 -0.997398 4.78629
      vertex -3.25854 -1.60693 4.58203
      vertex -2.33754 -1.15275 4.78629
    endloop
  endfacet
  facet normal -0.129973 -0.0128034 0.991435
    outer loop
      vertex -1.55486 -0.2047 4.92296
      vertex -2.60075 -0.170462 4.78629
      vertex -2.58403 -0.340194 4.78629
    endloop
  endfacet
  facet normal -0.128858 -0.0212728 0.991435
    outer loop
      vertex -1.55486 -0.2047 4.92296
      vertex -2.58403 -0.340194 4.78629
      vertex -2.55625 -0.508469 4.78629
    endloop
  endfacet
  facet normal -0.0531847 -0.0381127 0.997857
    outer loop
      vertex -0.435278 -0.290844 4.99143
      vertex -1.30397 -0.871286 4.92296
      vertex -0.415324 -0.318689 4.99143
    endloop
  endfacet
  facet normal -0.279432 -0.261712 0.92381
    outer loop
      vertex -3.98525 -3.98525 3.97449
      vertex -4.96463 -4.35387 3.57382
      vertex -4.66925 -4.66925 3.57382
    endloop
  endfacet
  facet normal -0.337648 -0.180482 0.923807
    outer loop
      vertex -5.05478 -2.49274 3.97449
      vertex -5.92233 -2.92057 3.57382
      vertex -4.88092 -2.818 3.97449
    endloop
  endfacet
  facet normal -0.128441 -0.423426 0.896779
    outer loop
      vertex -1.70906 -6.37831 3.57382
      vertex -2.12256 -6.25288 3.57382
      vertex -1.9521 -7.28535 3.11074
    endloop
  endfacet
  facet normal -0.0191351 -0.194249 0.980766
    outer loop
      vertex -0.340194 -2.58403 4.78629
      vertex -0.47423 -3.60214 4.58203
      vertex -0.170462 -2.60075 4.78629
    endloop
  endfacet
  facet normal -0.228375 -0.122073 0.96589
    outer loop
      vertex -3.25854 -1.60693 4.58203
      vertex -4.16557 -2.05423 4.31104
      vertex -3.14646 -1.81661 4.58203
    endloop
  endfacet
  facet normal -0.322949 -0.302482 0.896777
    outer loop
      vertex -4.66925 -4.66925 3.57382
      vertex -5.67064 -4.97301 3.11074
      vertex -5.33324 -5.33324 3.11074
    endloop
  endfacet
  facet normal 0.00426329 -0.130533 0.991435
    outer loop
      vertex 0.10257 -1.56492 4.92296
      vertex 0 -1.56827 4.92296
      vertex 0.170462 -2.60075 4.78629
    endloop
  endfacet
  facet normal 0.248594 -0.204019 0.946878
    outer loop
      vertex 4.47134 -3.43098 3.97449
      vertex 3.49196 -3.06237 4.31104
      vertex 4.23737 -3.71607 3.97449
    endloop
  endfacet
  facet normal 0.337648 -0.180482 0.923807
    outer loop
      vertex 5.05478 -2.49274 3.97449
      vertex 4.88092 -2.818 3.97449
      vertex 5.92233 -2.92057 3.57382
    endloop
  endfacet
  facet normal 0.194249 0.0191351 0.980766
    outer loop
      vertex 3.60214 0.47423 4.58203
      vertex 2.58403 0.340194 4.78629
      vertex 2.60075 0.170462 4.78629
    endloop
  endfacet
  facet normal 0.0651153 0.00641398 0.997857
    outer loop
      vertex 1.55486 0.2047 4.92296
      vertex 0.522384 0.0342388 4.99143
      vertex 1.56492 0.10257 4.92296
    endloop
  endfacet
  facet normal 0.0637218 -0.0148555 0.997857
    outer loop
      vertex 1.53814 -0.305955 4.92296
      vertex 0.513446 -0.10213 4.99143
      vertex 1.51484 -0.405899 4.92296
    endloop
  endfacet
  facet normal 0.128857 -0.0212778 0.991435
    outer loop
      vertex 1.55486 -0.2047 4.92296
      vertex 1.53814 -0.305955 4.92296
      vertex 2.55625 -0.508469 4.78629
    endloop
  endfacet
  facet normal 0.228375 -0.122073 0.96589
    outer loop
      vertex 3.25854 -1.60693 4.58203
      vertex 3.14646 -1.81661 4.58203
      vertex 4.16557 -2.05423 4.31104
    endloop
  endfacet
  facet normal 0.169818 -0.273101 0.946878
    outer loop
      vertex 2.58038 -3.86181 4.31104
      vertex 2.32228 -4.0223 4.31104
      vertex 2.818 -4.88092 3.97449
    endloop
  endfacet
  facet normal 0.272196 -0.600762 0.751661
    outer loop
      vertex 4.48936 -9.10352 1.36817
      vertex 4.18559 -10.1049 0.677825
      vertex 4.83752 -9.80952 0.677825
    endloop
  endfacet
  facet normal 0.348286 -0.560087 0.751664
    outer loop
      vertex 5.6392 -8.43966 1.36817
      vertex 5.07515 -8.79041 1.36817
      vertex 6.07654 -9.09418 0.677825
    endloop
  endfacet
  facet normal 0.280705 -0.342042 0.896779
    outer loop
      vertex 4.35387 -4.96463 3.57382
      vertex 4.01984 -5.23876 3.57382
      vertex 4.97301 -5.67064 3.11074
    endloop
  endfacet
  facet normal 0.373503 -0.600649 0.706906
    outer loop
      vertex 5.46874 -9.47213 0.677825
      vertex 5.85898 -10.0272 0
      vertex 6.07654 -9.09418 0.677825
    endloop
  endfacet
  facet normal 0.373349 -0.600752 0.7069
    outer loop
      vertex 5.85898 -10.0272 0
      vertex 5.46874 -9.47213 0.677825
      vertex 5.80765 -10.0591 0
    endloop
  endfacet
  facet normal 0.38633 -0.470732 0.793197
    outer loop
      vertex 6.69255 -7.63139 1.36817
      vertex 5.67344 -7.39377 2.00555
      vertex 6.17911 -8.05277 1.36817
    endloop
  endfacet
  facet normal -0.111137 -0.366369 0.923809
    outer loop
      vertex -1.81163 -5.3369 3.97449
      vertex -2.12256 -6.25288 3.57382
      vertex -1.4587 -5.44396 3.97449
    endloop
  endfacet
  facet normal 0.0596827 -0.606014 0.793212
    outer loop
      vertex 1.21646 -9.23991 2.00555
      vertex 0.66386 -10.1286 1.36817
      vertex 1.32488 -10.0635 1.36817
    endloop
  endfacet
  facet normal 0.145199 -0.47867 0.865906
    outer loop
      vertex 2.42441 -7.14208 3.11074
      vertex 1.9521 -7.28535 3.11074
      vertex 2.71587 -8.00069 2.58723
    endloop
  endfacet
  facet normal 0.348732 -0.158006 0.923807
    outer loop
      vertex 5.20699 -2.1568 3.97449
      vertex 5.05478 -2.49274 3.97449
      vertex 5.92233 -2.92057 3.57382
    endloop
  endfacet
  facet normal 0.0381135 -0.0531842 0.997857
    outer loop
      vertex 0.954704 -1.24419 4.92296
      vertex 0.318689 -0.415324 4.99143
      vertex 0.871286 -1.30397 4.92296
    endloop
  endfacet
  facet normal 0.386663 -0.317326 0.865907
    outer loop
      vertex 6.70311 -5.14348 2.58723
      vertex 5.98375 -4.59149 3.11074
      vertex 6.35236 -5.57087 2.58723
    endloop
  endfacet
  facet normal 0.325117 -0.202181 0.923808
    outer loop
      vertex 5.71864 -3.30166 3.57382
      vertex 4.68616 -3.13119 3.97449
      vertex 5.49045 -3.6686 3.57382
    endloop
  endfacet
  facet normal 0.451757 -0.323724 0.831335
    outer loop
      vertex 7.02516 -4.69406 2.58723
      vertex 6.70311 -5.14348 2.58723
      vertex 7.39377 -5.67344 2.00555
    endloop
  endfacet
  facet normal 0.375748 -0.233667 0.896779
    outer loop
      vertex 5.71864 -3.30166 3.57382
      vertex 5.49045 -3.6686 3.57382
      vertex 6.27123 -4.1903 3.11074
    endloop
  endfacet
  facet normal 0.24288 -0.295951 0.923809
    outer loop
      vertex 4.35387 -4.96463 3.57382
      vertex 3.71607 -4.23737 3.97449
      vertex 4.01984 -5.23876 3.57382
    endloop
  endfacet
  facet normal 0.113282 -0.30098 0.946878
    outer loop
      vertex 1.77739 -4.29101 4.31104
      vertex 1.49294 -4.39807 4.31104
      vertex 2.1568 -5.20699 3.97449
    endloop
  endfacet
  facet normal 0.134858 -0.358317 0.923809
    outer loop
      vertex 2.1568 -5.20699 3.97449
      vertex 2.12256 -6.25288 3.57382
      vertex 2.52698 -6.10067 3.57382
    endloop
  endfacet
  facet normal 0.25773 -0.359669 0.896779
    outer loop
      vertex 4.01984 -5.23876 3.57382
      vertex 3.6686 -5.49045 3.57382
      vertex 4.1903 -6.27123 3.11074
    endloop
  endfacet
  facet normal -0.493523 -0.0814789 0.865908
    outer loop
      vertex -7.47782 -0.984473 3.11074
      vertex -8.3768 -1.10283 2.58723
      vertex -8.28674 -1.64833 2.58723
    endloop
  endfacet
  facet normal -0.381011 -0.0375227 0.923809
    outer loop
      vertex -5.58778 -0.735645 3.97449
      vertex -6.58917 -0.431877 3.57382
      vertex -6.54682 -0.861905 3.57382
    endloop
  endfacet
  facet normal -0.283622 -0.151593 0.946878
    outer loop
      vertex -4.16557 -2.05423 4.31104
      vertex -4.88092 -2.818 3.97449
      vertex -4.0223 -2.32228 4.31104
    endloop
  endfacet
  facet normal -0.358317 -0.134858 0.923809
    outer loop
      vertex -5.20699 -2.1568 3.97449
      vertex -6.25288 -2.12256 3.57382
      vertex -6.10067 -2.52698 3.57382
    endloop
  endfacet
  facet normal -0.403037 -0.182621 0.896778
    outer loop
      vertex -6.10067 -2.52698 3.57382
      vertex -6.96822 -2.88633 3.11074
      vertex -5.92233 -2.92057 3.57382
    endloop
  endfacet
  facet normal -0.348726 -0.158012 0.923809
    outer loop
      vertex -5.20699 -2.1568 3.97449
      vertex -6.10067 -2.52698 3.57382
      vertex -5.92233 -2.92057 3.57382
    endloop
  endfacet
  facet normal -0.441136 -0.2358 0.865908
    outer loop
      vertex -6.76453 -3.33589 3.11074
      vertex -7.31712 -4.22454 2.58723
      vertex -6.53186 -3.77117 3.11074
    endloop
  endfacet
  facet normal -0.390228 -0.208588 0.896779
    outer loop
      vertex -5.92233 -2.92057 3.57382
      vertex -6.76453 -3.33589 3.11074
      vertex -6.53186 -3.77117 3.11074
    endloop
  endfacet
  facet normal -0.126204 0.541253 0.831335
    outer loop
      vertex -1.64833 8.28674 2.58723
      vertex -2.4121 9.00208 2.00555
      vertex -2.18678 8.16119 2.58723
    endloop
  endfacet
  facet normal -0.195763 0.520151 0.831336
    outer loop
      vertex -2.9957 8.82505 2.00555
      vertex -3.23333 7.80594 2.58723
      vertex -2.71587 8.00069 2.58723
    endloop
  endfacet
  facet normal -0.0991952 0.600833 0.793196
    outer loop
      vertex -1.21646 9.23991 2.00555
      vertex -1.98022 9.95526 1.36817
      vertex -1.81817 9.14057 2.00555
    endloop
  endfacet
  facet normal -0.0693697 0.703862 0.706942
    outer loop
      vertex -1.45595 11.5219 0
      vertex -1.42763 10.8439 0.677825
      vertex -0.715344 10.9141 0.677825
    endloop
  endfacet
  facet normal -0.0702048 0.703803 0.706918
    outer loop
      vertex -1.42763 10.8439 0.677825
      vertex -1.45595 11.5219 0
      vertex -1.5161 11.5159 0
    endloop
  endfacet
  facet normal -0.0720791 0.436569 0.896779
    outer loop
      vertex -0.984473 7.47782 3.11074
      vertex -1.47144 7.39742 3.11074
      vertex -1.28824 6.47643 3.57382
    endloop
  endfacet
  facet normal 0.0905301 0.548348 0.831336
    outer loop
      vertex 1.21646 9.23991 2.00555
      vertex 1.10283 8.3768 2.58723
      vertex 1.81817 9.14057 2.00555
    endloop
  endfacet
  facet normal 0.0596903 0.606016 0.793209
    outer loop
      vertex 0.66386 10.1286 1.36817
      vertex 0.609533 9.29969 2.00555
      vertex 1.21646 9.23991 2.00555
    endloop
  endfacet
  facet normal 0.205325 0.676854 0.706902
    outer loop
      vertex 3.00626 11.2195 0
      vertex 2.83083 10.5648 0.677825
      vertex 3.67578 11.0164 0
    endloop
  endfacet
  facet normal -0.0433729 0.440346 0.89678
    outer loop
      vertex -0.493293 7.5262 3.11074
      vertex -0.984473 7.47782 3.11074
      vertex -0.431877 6.58917 3.57382
    endloop
  endfacet
  facet normal -0.0163675 0.499935 0.865908
    outer loop
      vertex 0 8.44909 2.58723
      vertex -0.493293 7.5262 3.11074
      vertex 0 7.54235 3.11074
    endloop
  endfacet
  facet normal 0.107483 -0.650754 0.751642
    outer loop
      vertex 1.98022 -9.95526 1.36817
      vertex 1.32488 -10.0635 1.36817
      vertex 1.42763 -10.8439 0.677825
    endloop
  endfacet
  facet normal 0.249198 -0.661957 0.706904
    outer loop
      vertex 4.18559 -10.1049 0.677825
      vertex 3.79019 -10.9776 0
      vertex 4.44498 -10.7311 0
    endloop
  endfacet
  facet normal 0.546743 -0.448703 0.706922
    outer loop
      vertex 9.21504 -7.07095 0
      vertex 8.67728 -6.65831 0.677825
      vertex 8.77119 -7.61178 0
    endloop
  endfacet
  facet normal 0.617285 -0.232327 0.751653
    outer loop
      vertex 9.61162 -3.2627 1.36817
      vertex 9.37765 -3.88435 1.36817
      vertex 10.357 -3.51574 0.677825
    endloop
  endfacet
  facet normal 0.600833 -0.0991952 0.793196
    outer loop
      vertex 9.23991 -1.21646 2.00555
      vertex 9.14057 -1.81817 2.00555
      vertex 9.95526 -1.98022 1.36817
    endloop
  endfacet
  facet normal 0.600807 -0.0992329 0.793211
    outer loop
      vertex 10.0635 -1.32488 1.36817
      vertex 9.23991 -1.21646 2.00555
      vertex 9.95526 -1.98022 1.36817
    endloop
  endfacet
  facet normal 0.186785 -0.0566616 0.980765
    outer loop
      vertex 2.51752 -0.674566 4.78629
      vertex 2.46801 -0.837776 4.78629
      vertex 3.4404 -1.16786 4.58203
    endloop
  endfacet
  facet normal 0.10616 -0.0760723 0.991435
    outer loop
      vertex 2.16708 -1.448 4.78629
      vertex 1.30397 -0.871286 4.92296
      vertex 2.06774 -1.58663 4.78629
    endloop
  endfacet
  facet normal 0.300982 0.113279 0.946878
    outer loop
      vertex 5.20699 2.1568 3.97449
      vertex 4.39807 1.49294 4.31104
      vertex 5.3369 1.81163 3.97449
    endloop
  endfacet
  facet normal 0.325117 0.202181 0.923808
    outer loop
      vertex 5.49045 3.6686 3.57382
      vertex 4.68616 3.13119 3.97449
      vertex 5.71864 3.30166 3.57382
    endloop
  endfacet
  facet normal 0.192582 0.0317966 0.980766
    outer loop
      vertex 3.56341 0.708806 4.58203
      vertex 2.55625 0.508469 4.78629
      vertex 3.60214 0.47423 4.58203
    endloop
  endfacet
  facet normal 0.122232 0.0460053 0.991435
    outer loop
      vertex 2.46801 0.837776 4.78629
      vertex 1.4489 0.600152 4.92296
      vertex 1.48505 0.504105 4.92296
    endloop
  endfacet
  facet normal 0.242353 -0.0912158 0.965891
    outer loop
      vertex 4.39807 -1.49294 4.31104
      vertex 3.4404 -1.16786 4.58203
      vertex 4.29101 -1.77739 4.31104
    endloop
  endfacet
  facet normal 0.192582 -0.0317928 0.980766
    outer loop
      vertex 2.58403 -0.340194 4.78629
      vertex 2.55625 -0.508469 4.78629
      vertex 3.60214 -0.47423 4.58203
    endloop
  endfacet
  facet normal 0.195085 -0.00638603 0.980765
    outer loop
      vertex 2.60633 0 4.78629
      vertex 2.60075 -0.170462 4.78629
      vertex 3.63322 0 4.58203
    endloop
  endfacet
  facet normal 0.195086 0.00638728 0.980765
    outer loop
      vertex 3.62544 0.237623 4.58203
      vertex 2.60075 0.170462 4.78629
      vertex 3.63322 0 4.58203
    endloop
  endfacet
  facet normal 0.377745 -0.062358 0.923807
    outer loop
      vertex 5.58778 -0.735645 3.97449
      vertex 5.52771 -1.09953 3.97449
      vertex 6.47643 -1.28824 3.57382
    endloop
  endfacet
  facet normal 0.430919 -0.100475 0.896779
    outer loop
      vertex 6.47643 -1.28824 3.57382
      vertex 6.37831 -1.70906 3.57382
      vertex 7.28535 -1.9521 3.11074
    endloop
  endfacet
  facet normal 0.37774 -0.0623668 0.923809
    outer loop
      vertex 6.54682 -0.861905 3.57382
      vertex 5.58778 -0.735645 3.97449
      vertex 6.47643 -1.28824 3.57382
    endloop
  endfacet
  facet normal 0.381011 -0.0375227 0.923809
    outer loop
      vertex 6.58917 -0.431877 3.57382
      vertex 5.58778 -0.735645 3.97449
      vertex 6.54682 -0.861905 3.57382
    endloop
  endfacet
  facet normal 0.414116 -0.155867 0.896779
    outer loop
      vertex 7.14208 -2.42441 3.11074
      vertex 6.25288 -2.12256 3.57382
      vertex 6.96822 -2.88633 3.11074
    endloop
  endfacet
  facet normal 0.414122 -0.155861 0.896778
    outer loop
      vertex 6.25288 -2.12256 3.57382
      vertex 6.10067 -2.52698 3.57382
      vertex 6.96822 -2.88633 3.11074
    endloop
  endfacet
  facet normal 0.541253 -0.126204 0.831335
    outer loop
      vertex 8.28674 -1.64833 2.58723
      vertex 8.16119 -2.18678 2.58723
      vertex 9.00208 -2.4121 2.00555
    endloop
  endfacet
  facet normal 0.487138 -0.113586 0.865907
    outer loop
      vertex 8.28674 -1.64833 2.58723
      vertex 7.28535 -1.9521 3.11074
      vertex 8.16119 -2.18678 2.58723
    endloop
  endfacet
  facet normal 0.366369 -0.111137 0.923809
    outer loop
      vertex 5.44396 -1.4587 3.97449
      vertex 5.3369 -1.81163 3.97449
      vertex 6.25288 -2.12256 3.57382
    endloop
  endfacet
  facet normal 0.366371 -0.111134 0.923808
    outer loop
      vertex 6.37831 -1.70906 3.57382
      vertex 5.44396 -1.4587 3.97449
      vertex 6.25288 -2.12256 3.57382
    endloop
  endfacet
  facet normal 0.569936 -0.214506 0.793196
    outer loop
      vertex 9.61162 -3.2627 1.36817
      vertex 8.82505 -2.9957 2.00555
      vertex 9.37765 -3.88435 1.36817
    endloop
  endfacet
  facet normal 0.554683 -0.251327 0.793197
    outer loop
      vertex 9.37765 -3.88435 1.36817
      vertex 8.35853 -4.12197 2.00555
      vertex 9.10352 -4.48936 1.36817
    endloop
  endfacet
  facet normal 0.554683 -0.25133 0.793196
    outer loop
      vertex 8.61023 -3.56647 2.00555
      vertex 8.35853 -4.12197 2.00555
      vertex 9.37765 -3.88435 1.36817
    endloop
  endfacet
  facet normal 0.569936 -0.214506 0.793196
    outer loop
      vertex 8.82505 -2.9957 2.00555
      vertex 8.61023 -3.56647 2.00555
      vertex 9.37765 -3.88435 1.36817
    endloop
  endfacet
  facet normal 0.517136 -0.321577 0.793195
    outer loop
      vertex 8.79041 -5.07515 1.36817
      vertex 7.749 -5.17772 2.00555
      vertex 8.43966 -5.6392 1.36817
    endloop
  endfacet
  facet normal 0.536106 -0.384177 0.751664
    outer loop
      vertex 9.09418 -6.07654 0.677825
      vertex 8.43966 -5.6392 1.36817
      vertex 8.67728 -6.65831 0.677825
    endloop
  endfacet
  facet normal 0.342038 -0.280707 0.89678
    outer loop
      vertex 5.98375 -4.59149 3.11074
      vertex 5.23876 -4.01984 3.57382
      vertex 5.67064 -4.97301 3.11074
    endloop
  endfacet
  facet normal 0.40659 -0.291358 0.865907
    outer loop
      vertex 7.02516 -4.69406 2.58723
      vertex 5.98375 -4.59149 3.11074
      vertex 6.70311 -5.14348 2.58723
    endloop
  endfacet
  facet normal 0.470732 -0.38633 0.793197
    outer loop
      vertex 8.05277 -6.17911 1.36817
      vertex 7.39377 -5.67344 2.00555
      vertex 7.63139 -6.69255 1.36817
    endloop
  endfacet
  facet normal 0.325118 0.202177 0.923809
    outer loop
      vertex 5.71864 3.30166 3.57382
      vertex 4.68616 3.13119 3.97449
      vertex 4.88092 2.818 3.97449
    endloop
  endfacet
  facet normal 0.358317 0.134858 0.923809
    outer loop
      vertex 6.25288 2.12256 3.57382
      vertex 5.20699 2.1568 3.97449
      vertex 5.3369 1.81163 3.97449
    endloop
  endfacet
  facet normal 0.390238 0.20858 0.896777
    outer loop
      vertex 6.53186 3.77117 3.11074
      vertex 5.71864 3.30166 3.57382
      vertex 5.92233 2.92057 3.57382
    endloop
  endfacet
  facet normal 0.33765 0.180471 0.923809
    outer loop
      vertex 5.71864 3.30166 3.57382
      vertex 4.88092 2.818 3.97449
      vertex 5.92233 2.92057 3.57382
    endloop
  endfacet
  facet normal 0.219842 0.234718 0.946878
    outer loop
      vertex 3.71607 4.23737 3.97449
      vertex 3.06237 3.49196 4.31104
      vertex 3.98525 3.98525 3.97449
    endloop
  endfacet
  facet normal 0.219838 0.234725 0.946877
    outer loop
      vertex 3.98525 3.98525 3.97449
      vertex 3.06237 3.49196 4.31104
      vertex 3.2842 3.2842 4.31104
    endloop
  endfacet
  facet normal 0.164277 0.200172 0.96589
    outer loop
      vertex 2.82743 3.68477 4.31104
      vertex 2.21176 2.88243 4.58203
      vertex 3.06237 3.49196 4.31104
    endloop
  endfacet
  facet normal 0.187325 0.261403 0.946878
    outer loop
      vertex 3.43098 4.47134 3.97449
      vertex 2.58038 3.86181 4.31104
      vertex 2.82743 3.68477 4.31104
    endloop
  endfacet
  facet normal 0.317328 0.38666 0.865908
    outer loop
      vertex 5.57087 6.35236 2.58723
      vertex 4.59149 5.98375 3.11074
      vertex 4.97301 5.67064 3.11074
    endloop
  endfacet
  facet normal 0.233667 0.375748 0.896779
    outer loop
      vertex 4.1903 6.27123 3.11074
      vertex 3.30166 5.71864 3.57382
      vertex 3.6686 5.49045 3.57382
    endloop
  endfacet
  facet normal 0.418421 0.509835 0.75166
    outer loop
      vertex 6.65831 8.67728 0.677825
      vertex 6.17911 8.05277 1.36817
      vertex 6.69255 7.63139 1.36817
    endloop
  endfacet
  facet normal 0.384171 0.536116 0.75166
    outer loop
      vertex 6.65831 8.67728 0.677825
      vertex 5.6392 8.43966 1.36817
      vertex 6.17911 8.05277 1.36817
    endloop
  endfacet
  facet normal 0.429617 0.352575 0.831336
    outer loop
      vertex 7.00688 6.14487 2.00555
      vertex 6.35236 5.57087 2.58723
      vertex 7.39377 5.67344 2.00555
    endloop
  endfacet
  facet normal 0.451757 0.323724 0.831335
    outer loop
      vertex 7.39377 5.67344 2.00555
      vertex 6.70311 5.14348 2.58723
      vertex 7.02516 4.69406 2.58723
    endloop
  endfacet
  facet normal 0.35967 0.257728 0.89678
    outer loop
      vertex 5.98375 4.59149 3.11074
      vertex 5.23876 4.01984 3.57382
      vertex 6.27123 4.1903 3.11074
    endloop
  endfacet
  facet normal 0.406591 0.29135 0.865909
    outer loop
      vertex 7.02516 4.69406 2.58723
      vertex 5.98375 4.59149 3.11074
      vertex 6.27123 4.1903 3.11074
    endloop
  endfacet
  facet normal 0.359669 0.25773 0.896779
    outer loop
      vertex 6.27123 4.1903 3.11074
      vertex 5.23876 4.01984 3.57382
      vertex 5.49045 3.6686 3.57382
    endloop
  endfacet
  facet normal 0.29595 0.242883 0.923808
    outer loop
      vertex 5.23876 4.01984 3.57382
      vertex 4.23737 3.71607 3.97449
      vertex 4.47134 3.43098 3.97449
    endloop
  endfacet
  facet normal 0.386325 0.470742 0.793193
    outer loop
      vertex 6.69255 7.63139 1.36817
      vertex 5.67344 7.39377 2.00555
      vertex 6.14487 7.00688 2.00555
    endloop
  endfacet
  facet normal 0.416285 0.444468 0.793193
    outer loop
      vertex 6.69255 7.63139 1.36817
      vertex 6.14487 7.00688 2.00555
      vertex 7.17734 7.17734 1.36817
    endloop
  endfacet
  facet normal 0.560091 0.348283 0.751662
    outer loop
      vertex 9.09418 6.07654 0.677825
      vertex 8.79041 5.07515 1.36817
      vertex 9.47213 5.46874 0.677825
    endloop
  endfacet
  facet normal 0.623797 0.333422 0.706899
    outer loop
      vertex 10.0876 5.75434 0
      vertex 9.80952 4.83752 0.677825
      vertex 10.4174 5.13732 0
    endloop
  endfacet
  facet normal 0.569936 0.214506 0.793196
    outer loop
      vertex 9.37765 3.88435 1.36817
      vertex 8.61023 3.56647 2.00555
      vertex 8.82505 2.9957 2.00555
    endloop
  endfacet
  facet normal 0.509835 0.418421 0.75166
    outer loop
      vertex 8.67728 6.65831 0.677825
      vertex 7.63139 6.69255 1.36817
      vertex 8.05277 6.17911 1.36817
    endloop
  endfacet
  facet normal 0.516227 0.483503 0.706919
    outer loop
      vertex 8.25458 8.16914 0
      vertex 8.22323 7.21158 0.677825
      vertex 8.73285 7.6585 0
    endloop
  endfacet
  facet normal 0.494997 0.354706 0.793197
    outer loop
      vertex 8.05277 6.17911 1.36817
      vertex 7.39377 5.67344 2.00555
      vertex 8.43966 5.6392 1.36817
    endloop
  endfacet
  facet normal 0.494997 0.354712 0.793195
    outer loop
      vertex 8.43966 5.6392 1.36817
      vertex 7.39377 5.67344 2.00555
      vertex 7.749 5.17772 2.00555
    endloop
  endfacet
  facet normal 0.29348 0.471964 0.831336
    outer loop
      vertex 5.17772 7.749 2.00555
      vertex 4.22454 7.31712 2.58723
      vertex 4.69406 7.02516 2.58723
    endloop
  endfacet
  facet normal 0.208588 0.390228 0.896779
    outer loop
      vertex 3.33589 6.76453 3.11074
      vertex 2.92057 5.92233 3.57382
      vertex 3.77117 6.53186 3.11074
    endloop
  endfacet
  facet normal 0.483482 0.516244 0.706921
    outer loop
      vertex 8.16914 8.25458 0
      vertex 7.73396 7.73396 0.677825
      vertex 8.21326 8.21326 0
    endloop
  endfacet
  facet normal 0.483504 0.516224 0.70692
    outer loop
      vertex 7.73396 7.73396 0.677825
      vertex 8.16914 8.25458 0
      vertex 7.21158 8.22323 0.677825
    endloop
  endfacet
  facet normal 0.450866 0.481378 0.751661
    outer loop
      vertex 7.21158 8.22323 0.677825
      vertex 7.17734 7.17734 1.36817
      vertex 7.73396 7.73396 0.677825
    endloop
  endfacet
  facet normal 0.706926 0.0234038 0.7069
    outer loop
      vertex 11.6133 0.0604113 0
      vertex 10.9375 0 0.677825
      vertex 11.6153 0 0
    endloop
  endfacet
  facet normal 0.706943 0.0231252 0.706892
    outer loop
      vertex 10.9375 0 0.677825
      vertex 11.6133 0.0604113 0
      vertex 10.9141 0.715344 0.677825
    endloop
  endfacet
  facet normal 0.706955 0.0231518 0.706879
    outer loop
      vertex 11.5904 0.759677 0
      vertex 10.9141 0.715344 0.677825
      vertex 11.6133 0.0604113 0
    endloop
  endfacet
  facet normal 0.553095 0.0544718 0.831336
    outer loop
      vertex 9.23991 1.21646 2.00555
      vertex 8.3768 1.10283 2.58723
      vertex 8.43099 0.552596 2.58723
    endloop
  endfacet
  facet normal 0.697736 0.115841 0.706927
    outer loop
      vertex 10.7273 2.1338 0.677825
      vertex 11.402 2.2064 0
      vertex 11.3921 2.26603 0
    endloop
  endfacet
  facet normal 0.697821 0.115221 0.706944
    outer loop
      vertex 11.402 2.2064 0
      vertex 10.7273 2.1338 0.677825
      vertex 10.8439 1.42763 0.677825
    endloop
  endfacet
  facet normal 0.490147 0.261983 0.831337
    outer loop
      vertex 8.07105 4.65982 2.00555
      vertex 7.31712 4.22454 2.58723
      vertex 8.35853 4.12197 2.00555
    endloop
  endfacet
  facet normal 0.471964 0.29348 0.831336
    outer loop
      vertex 7.749 5.17772 2.00555
      vertex 7.02516 4.69406 2.58723
      vertex 7.31712 4.22454 2.58723
    endloop
  endfacet
  facet normal 0.436569 0.0720791 0.896779
    outer loop
      vertex 7.39742 1.47144 3.11074
      vertex 6.47643 1.28824 3.57382
      vertex 7.47782 0.984473 3.11074
    endloop
  endfacet
  facet normal 0.403038 0.182611 0.89678
    outer loop
      vertex 6.76453 3.33589 3.11074
      vertex 5.92233 2.92057 3.57382
      vertex 6.96822 2.88633 3.11074
    endloop
  endfacet
  facet normal 0.44224 0.0144786 0.89678
    outer loop
      vertex 7.5262 0.493293 3.11074
      vertex 6.58917 0.431877 3.57382
      vertex 7.54235 0 3.11074
    endloop
  endfacet
  facet normal 0.499935 0.0163675 0.865908
    outer loop
      vertex 8.44909 0 2.58723
      vertex 7.5262 0.493293 3.11074
      vertex 7.54235 0 3.11074
    endloop
  endfacet
  facet normal 0.423426 0.128442 0.896779
    outer loop
      vertex 7.14208 2.42441 3.11074
      vertex 6.25288 2.12256 3.57382
      vertex 7.28535 1.9521 3.11074
    endloop
  endfacet
  facet normal 0.366371 0.111134 0.923808
    outer loop
      vertex 6.25288 2.12256 3.57382
      vertex 5.44396 1.4587 3.97449
      vertex 6.37831 1.70906 3.57382
    endloop
  endfacet
  facet normal 0.430919 0.100475 0.896779
    outer loop
      vertex 7.28535 1.9521 3.11074
      vertex 6.37831 1.70906 3.57382
      vertex 6.47643 1.28824 3.57382
    endloop
  endfacet
  facet normal 0.600807 0.0992329 0.793211
    outer loop
      vertex 9.95526 1.98022 1.36817
      vertex 9.23991 1.21646 2.00555
      vertex 10.0635 1.32488 1.36817
    endloop
  endfacet
  facet normal 0.490147 0.261986 0.831336
    outer loop
      vertex 8.35853 4.12197 2.00555
      vertex 7.31712 4.22454 2.58723
      vertex 7.57775 3.73693 2.58723
    endloop
  endfacet
  facet normal 0.554683 0.25133 0.793196
    outer loop
      vertex 9.37765 3.88435 1.36817
      vertex 8.35853 4.12197 2.00555
      vertex 8.61023 3.56647 2.00555
    endloop
  endfacet
  facet normal 0.617285 0.232327 0.751653
    outer loop
      vertex 10.357 3.51574 0.677825
      vertex 9.37765 3.88435 1.36817
      vertex 9.61162 3.2627 1.36817
    endloop
  endfacet
  facet normal 0.569936 0.214506 0.793196
    outer loop
      vertex 9.37765 3.88435 1.36817
      vertex 8.82505 2.9957 2.00555
      vertex 9.61162 3.2627 1.36817
    endloop
  endfacet
  facet normal 0.688884 -0.160315 0.706921
    outer loop
      vertex 10.7273 -2.1338 0.677825
      vertex 11.3784 -2.3249 0
      vertex 11.3921 -2.26603 0
    endloop
  endfacet
  facet normal 0.688813 -0.160584 0.706929
    outer loop
      vertex 11.3784 -2.3249 0
      vertex 10.7273 -2.1338 0.677825
      vertex 10.5648 -2.83083 0.677825
    endloop
  endfacet
  facet normal 0.697821 -0.115221 0.706944
    outer loop
      vertex 10.7273 -2.1338 0.677825
      vertex 11.402 -2.2064 0
      vertex 10.8439 -1.42763 0.677825
    endloop
  endfacet
  facet normal 0.697736 -0.115841 0.706927
    outer loop
      vertex 11.402 -2.2064 0
      vertex 10.7273 -2.1338 0.677825
      vertex 11.3921 -2.26603 0
    endloop
  endfacet
  facet normal 0.553092 -0.0544774 0.831337
    outer loop
      vertex 9.29969 -0.609533 2.00555
      vertex 8.43099 -0.552596 2.58723
      vertex 9.23991 -1.21646 2.00555
    endloop
  endfacet
  facet normal 0.606014 -0.0596827 0.793212
    outer loop
      vertex 10.1286 -0.66386 1.36817
      vertex 9.23991 -1.21646 2.00555
      vertex 10.0635 -1.32488 1.36817
    endloop
  endfacet
  facet normal 0.703862 -0.0693697 0.706942
    outer loop
      vertex 10.8439 -1.42763 0.677825
      vertex 11.5219 -1.45595 0
      vertex 10.9141 -0.715344 0.677825
    endloop
  endfacet
  facet normal 0.703803 -0.0702048 0.706918
    outer loop
      vertex 11.5219 -1.45595 0
      vertex 10.8439 -1.42763 0.677825
      vertex 11.5159 -1.5161 0
    endloop
  endfacet
  facet normal 0.703935 -0.0692538 0.70688
    outer loop
      vertex 11.5904 -0.759677 0
      vertex 10.9141 -0.715344 0.677825
      vertex 11.5219 -1.45595 0
    endloop
  endfacet
  facet normal 0.377745 0.062358 0.923807
    outer loop
      vertex 6.47643 1.28824 3.57382
      vertex 5.52771 1.09953 3.97449
      vertex 5.58778 0.735645 3.97449
    endloop
  endfacet
  facet normal 0.372855 0.0869411 0.923807
    outer loop
      vertex 6.47643 1.28824 3.57382
      vertex 5.44396 1.4587 3.97449
      vertex 5.52771 1.09953 3.97449
    endloop
  endfacet
  facet normal 0.255493 0.0421831 0.96589
    outer loop
      vertex 4.55531 0.906107 4.31104
      vertex 3.56341 0.708806 4.58203
      vertex 4.60482 0.606236 4.31104
    endloop
  endfacet
  facet normal 0.255493 0.0421836 0.96589
    outer loop
      vertex 4.60482 0.606236 4.31104
      vertex 3.56341 0.708806 4.58203
      vertex 3.60214 0.47423 4.58203
    endloop
  endfacet
  facet normal 0.32142 0.0105176 0.946878
    outer loop
      vertex 5.636 0 3.97449
      vertex 4.63461 0.303768 4.31104
      vertex 4.64455 0 4.31104
    endloop
  endfacet
  facet normal 0.321422 0.0105248 0.946878
    outer loop
      vertex 5.62393 0.368611 3.97449
      vertex 4.63461 0.303768 4.31104
      vertex 5.636 0 3.97449
    endloop
  endfacet
  facet normal 0.0505798 0.0415075 0.997857
    outer loop
      vertex 1.24419 0.954704 4.92296
      vertex 0.393592 0.345171 4.99143
      vertex 0.415324 0.318689 4.99143
    endloop
  endfacet
  facet normal 0.113693 0.158659 0.980766
    outer loop
      vertex 2.01851 3.02091 4.58203
      vertex 1.58663 2.06774 4.78629
      vertex 2.21176 2.88243 4.58203
    endloop
  endfacet
  facet normal 0.0612359 0.0230497 0.997857
    outer loop
      vertex 1.4489 0.600152 4.92296
      vertex 0.483655 0.200336 4.99143
      vertex 0.495723 0.168275 4.99143
    endloop
  endfacet
  facet normal 0.0577045 0.0308444 0.997857
    outer loop
      vertex 1.40654 0.693629 4.92296
      vertex 0.453368 0.261752 4.99143
      vertex 0.469517 0.23154 4.99143
    endloop
  endfacet
  facet normal 0.110908 0.0689638 0.991435
    outer loop
      vertex 2.25715 1.30316 4.78629
      vertex 1.30397 0.871286 4.92296
      vertex 1.35816 0.784137 4.92296
    endloop
  endfacet
  facet normal 0.0828537 0.100956 0.991435
    outer loop
      vertex 1.58663 2.06774 4.78629
      vertex 1.03403 1.17909 4.92296
      vertex 1.71847 1.95954 4.78629
    endloop
  endfacet
  facet normal 0.0381135 0.0531842 0.997857
    outer loop
      vertex 0.871286 1.30397 4.92296
      vertex 0.318689 0.415324 4.99143
      vertex 0.954704 1.24419 4.92296
    endloop
  endfacet
  facet normal 0.0953217 0.0892799 0.991435
    outer loop
      vertex 1.84295 1.84295 4.78629
      vertex 1.10894 1.10894 4.92296
      vertex 1.95954 1.71847 4.78629
    endloop
  endfacet
  facet normal 0.158659 0.113693 0.980766
    outer loop
      vertex 2.88243 2.21176 4.58203
      vertex 2.06774 1.58663 4.78629
      vertex 3.02091 2.01851 4.58203
    endloop
  endfacet
  facet normal 0.261403 0.187325 0.946878
    outer loop
      vertex 4.47134 3.43098 3.97449
      vertex 3.68477 2.82743 4.31104
      vertex 3.86181 2.58038 4.31104
    endloop
  endfacet
  facet normal 0.219902 0.136744 0.96589
    outer loop
      vertex 4.0223 2.32228 4.31104
      vertex 3.02091 2.01851 4.58203
      vertex 3.14646 1.81661 4.58203
    endloop
  endfacet
  facet normal 0.115183 0.0615619 0.991435
    outer loop
      vertex 2.25715 1.30316 4.78629
      vertex 1.40654 0.693629 4.92296
      vertex 2.33754 1.15275 4.78629
    endloop
  endfacet
  facet normal 0.118958 0.0539068 0.991435
    outer loop
      vertex 2.33754 1.15275 4.78629
      vertex 1.40654 0.693629 4.92296
      vertex 1.4489 0.600152 4.92296
    endloop
  endfacet
  facet normal 0.142461 0.133431 0.980765
    outer loop
      vertex 2.56907 2.56907 4.58203
      vertex 1.84295 1.84295 4.78629
      vertex 1.95954 1.71847 4.78629
    endloop
  endfacet
  facet normal 0.100956 0.0828537 0.991435
    outer loop
      vertex 1.95954 1.71847 4.78629
      vertex 1.17909 1.03403 4.92296
      vertex 2.06774 1.58663 4.78629
    endloop
  endfacet
  facet normal 0.0345511 0.0555645 0.997857
    outer loop
      vertex 0.784137 1.35816 4.92296
      vertex 0.261752 0.453368 4.99143
      vertex 0.290844 0.435278 4.99143
    endloop
  endfacet
  facet normal 0.0920059 0.172143 0.980766
    outer loop
      vertex 1.60693 3.25854 4.58203
      vertex 1.15275 2.33754 4.78629
      vertex 1.30316 2.25715 4.78629
    endloop
  endfacet
  facet normal 0.0687584 0.182679 0.980765
    outer loop
      vertex 1.16786 3.4404 4.58203
      vertex 0.837776 2.46801 4.78629
      vertex 0.997398 2.40793 4.78629
    endloop
  endfacet
  facet normal -0.0531842 0.0381135 0.997857
    outer loop
      vertex -1.24419 0.954704 4.92296
      vertex -1.30397 0.871286 4.92296
      vertex -0.415324 0.318689 4.99143
    endloop
  endfacet
  facet normal -0.0612366 0.0230481 0.997857
    outer loop
      vertex -1.4489 0.600152 4.92296
      vertex -1.48505 0.504105 4.92296
      vertex -0.495723 0.168275 4.99143
    endloop
  endfacet
  facet normal -0.192582 0.0317928 0.980766
    outer loop
      vertex -2.55625 0.508469 4.78629
      vertex -3.60214 0.47423 4.58203
      vertex -2.58403 0.340194 4.78629
    endloop
  endfacet
  facet normal -0.129973 0.0128026 0.991435
    outer loop
      vertex -1.55486 0.2047 4.92296
      vertex -2.60075 0.170462 4.78629
      vertex -1.56492 0.10257 4.92296
    endloop
  endfacet
  facet normal -0.130533 0.00426329 0.991435
    outer loop
      vertex -1.56492 0.10257 4.92296
      vertex -2.60075 0.170462 4.78629
      vertex -1.56827 0 4.92296
    endloop
  endfacet
  facet normal -0.0653953 -0.00214108 0.997857
    outer loop
      vertex -0.523505 0 4.99143
      vertex -1.56492 -0.10257 4.92296
      vertex -0.522384 -0.0342388 4.99143
    endloop
  endfacet
  facet normal -0.44224 0.0144793 0.89678
    outer loop
      vertex -6.58917 0.431877 3.57382
      vertex -7.54235 0 3.11074
      vertex -6.60331 0 3.57382
    endloop
  endfacet
  facet normal -0.382651 0.0125283 0.923808
    outer loop
      vertex -6.58917 0.431877 3.57382
      vertex -6.60331 0 3.57382
      vertex -5.636 0 3.97449
    endloop
  endfacet
  facet normal -0.487138 0.113586 0.865907
    outer loop
      vertex -8.16119 2.18678 2.58723
      vertex -8.28674 1.64833 2.58723
      vertex -7.28535 1.9521 3.11074
    endloop
  endfacet
  facet normal -0.554683 0.251327 0.793197
    outer loop
      vertex -9.10352 4.48936 1.36817
      vertex -9.37765 3.88435 1.36817
      vertex -8.35853 4.12197 2.00555
    endloop
  endfacet
  facet normal -0.307746 0.0933535 0.946878
    outer loop
      vertex -5.3369 1.81163 3.97449
      vertex -5.44396 1.4587 3.97449
      vertex -4.39807 1.49294 4.31104
    endloop
  endfacet
  facet normal -0.375748 0.233667 0.896779
    outer loop
      vertex -5.49045 3.6686 3.57382
      vertex -6.27123 4.1903 3.11074
      vertex -5.71864 3.30166 3.57382
    endloop
  endfacet
  facet normal -0.37774 0.0623668 0.923809
    outer loop
      vertex -6.47643 1.28824 3.57382
      vertex -6.54682 0.861905 3.57382
      vertex -5.58778 0.735645 3.97449
    endloop
  endfacet
  facet normal -0.377745 0.062358 0.923807
    outer loop
      vertex -5.52771 1.09953 3.97449
      vertex -6.47643 1.28824 3.57382
      vertex -5.58778 0.735645 3.97449
    endloop
  endfacet
  facet normal -0.38666 0.317328 0.865908
    outer loop
      vertex -5.67064 4.97301 3.11074
      vertex -6.35236 5.57087 2.58723
      vertex -5.98375 4.59149 3.11074
    endloop
  endfacet
  facet normal -0.311206 0.223001 0.923808
    outer loop
      vertex -4.47134 3.43098 3.97449
      vertex -5.23876 4.01984 3.57382
      vertex -4.68616 3.13119 3.97449
    endloop
  endfacet
  facet normal -0.706943 0.0231252 0.706892
    outer loop
      vertex -11.6133 0.0604113 0
      vertex -10.9375 0 0.677825
      vertex -10.9141 0.715344 0.677825
    endloop
  endfacet
  facet normal -0.706926 0.0234038 0.7069
    outer loop
      vertex -10.9375 0 0.677825
      vertex -11.6133 0.0604113 0
      vertex -11.6153 0 0
    endloop
  endfacet
  facet normal -0.606016 0.0596903 0.793209
    outer loop
      vertex -9.23991 1.21646 2.00555
      vertex -10.1286 0.66386 1.36817
      vertex -9.29969 0.609533 2.00555
    endloop
  endfacet
  facet normal -0.608624 -0.0198945 0.793209
    outer loop
      vertex -9.29969 -0.609533 2.00555
      vertex -10.1503 0 1.36817
      vertex -10.1286 -0.66386 1.36817
    endloop
  endfacet
  facet normal -0.548348 0.0905301 0.831336
    outer loop
      vertex -8.28674 1.64833 2.58723
      vertex -9.14057 1.81817 2.00555
      vertex -8.3768 1.10283 2.58723
    endloop
  endfacet
  facet normal -0.436569 0.0720797 0.896779
    outer loop
      vertex -6.47643 1.28824 3.57382
      vertex -7.47782 0.984473 3.11074
      vertex -6.54682 0.861905 3.57382
    endloop
  endfacet
  facet normal -0.497795 0.0490316 0.865907
    outer loop
      vertex -7.47782 0.984473 3.11074
      vertex -8.3768 1.10283 2.58723
      vertex -7.5262 0.493293 3.11074
    endloop
  endfacet
  facet normal -0.423426 0.128441 0.896779
    outer loop
      vertex -6.25288 2.12256 3.57382
      vertex -7.28535 1.9521 3.11074
      vertex -6.37831 1.70906 3.57382
    endloop
  endfacet
  facet normal -0.499939 -0.0163752 0.865906
    outer loop
      vertex -7.5262 -0.493293 3.11074
      vertex -8.44909 0 2.58723
      vertex -8.43099 -0.552596 2.58723
    endloop
  endfacet
  facet normal -0.631135 0.191485 0.751666
    outer loop
      vertex -10.357 3.51574 0.677825
      vertex -10.5648 2.83083 0.677825
      vertex -9.80443 2.62709 1.36817
    endloop
  endfacet
  facet normal -0.582743 0.176773 0.793197
    outer loop
      vertex -9.61162 3.2627 1.36817
      vertex -9.80443 2.62709 1.36817
      vertex -9.00208 2.4121 2.00555
    endloop
  endfacet
  facet normal -0.195086 0.00638728 0.980765
    outer loop
      vertex -3.62544 0.237623 4.58203
      vertex -3.63322 0 4.58203
      vertex -2.60075 0.170462 4.78629
    endloop
  endfacet
  facet normal -0.0653958 -0.00213587 0.997857
    outer loop
      vertex -0.523505 0 4.99143
      vertex -1.56827 0 4.92296
      vertex -1.56492 -0.10257 4.92296
    endloop
  endfacet
  facet normal -0.177791 0.0805543 0.980766
    outer loop
      vertex -3.25854 1.60693 4.58203
      vertex -3.35666 1.39037 4.58203
      vertex -2.40793 0.997398 4.78629
    endloop
  endfacet
  facet normal -0.0595968 0.0270069 0.997857
    outer loop
      vertex -1.40654 0.693629 4.92296
      vertex -1.4489 0.600152 4.92296
      vertex -0.483655 0.200336 4.99143
    endloop
  endfacet
  facet normal -0.100957 0.0828518 0.991435
    outer loop
      vertex -1.17909 1.03403 4.92296
      vertex -2.06774 1.58663 4.78629
      vertex -1.24419 0.954704 4.92296
    endloop
  endfacet
  facet normal -0.0588045 0.252187 0.96589
    outer loop
      vertex -0.708806 3.56341 4.58203
      vertex -1.2021 4.48629 4.31104
      vertex -0.940346 3.50942 4.58203
    endloop
  endfacet
  facet normal -0.0460053 0.122232 0.991435
    outer loop
      vertex -0.504105 1.48505 4.92296
      vertex -0.837776 2.46801 4.78629
      vertex -0.600152 1.4489 4.92296
    endloop
  endfacet
  facet normal 0.134858 0.358317 0.923809
    outer loop
      vertex 2.12256 6.25288 3.57382
      vertex 1.81163 5.3369 3.97449
      vertex 2.1568 5.20699 3.97449
    endloop
  endfacet
  facet normal 0.0296579 0.12719 0.991435
    outer loop
      vertex 0.508469 2.55625 4.78629
      vertex 0.405899 1.51484 4.92296
      vertex 0.674566 2.51752 4.78629
    endloop
  endfacet
  facet normal -0.0433664 0.440349 0.896779
    outer loop
      vertex -0.431877 6.58917 3.57382
      vertex -0.984473 7.47782 3.11074
      vertex -0.861905 6.54682 3.57382
    endloop
  endfacet
  facet normal -0.0375227 0.381011 0.923809
    outer loop
      vertex -0.431877 6.58917 3.57382
      vertex -0.861905 6.54682 3.57382
      vertex -0.735645 5.58778 3.97449
    endloop
  endfacet
  facet normal -0.11358 0.487137 0.865908
    outer loop
      vertex -1.64833 8.28674 2.58723
      vertex -1.9521 7.28535 3.11074
      vertex -1.47144 7.39742 3.11074
    endloop
  endfacet
  facet normal -0.100473 0.430921 0.896779
    outer loop
      vertex -1.47144 7.39742 3.11074
      vertex -1.9521 7.28535 3.11074
      vertex -1.28824 6.47643 3.57382
    endloop
  endfacet
  facet normal -0.093348 0.307746 0.946878
    outer loop
      vertex -1.4587 5.44396 3.97449
      vertex -1.49294 4.39807 4.31104
      vertex -1.2021 4.48629 4.31104
    endloop
  endfacet
  facet normal -0.219842 0.234718 0.946878
    outer loop
      vertex -3.71607 4.23737 3.97449
      vertex -3.98525 3.98525 3.97449
      vertex -3.06237 3.49196 4.31104
    endloop
  endfacet
  facet normal -0.235794 0.441144 0.865906
    outer loop
      vertex -3.73693 7.57775 2.58723
      vertex -4.22454 7.31712 2.58723
      vertex -3.33589 6.76453 3.11074
    endloop
  endfacet
  facet normal -0.182611 0.403038 0.89678
    outer loop
      vertex -2.88633 6.96822 3.11074
      vertex -3.33589 6.76453 3.11074
      vertex -2.92057 5.92233 3.57382
    endloop
  endfacet
  facet normal -0.20858 0.390238 0.896777
    outer loop
      vertex -2.92057 5.92233 3.57382
      vertex -3.77117 6.53186 3.11074
      vertex -3.30166 5.71864 3.57382
    endloop
  endfacet
  facet normal -0.264136 0.424775 0.865909
    outer loop
      vertex -4.22454 7.31712 2.58723
      vertex -4.69406 7.02516 2.58723
      vertex -4.1903 6.27123 3.11074
    endloop
  endfacet
  facet normal -0.100956 0.0828537 0.991435
    outer loop
      vertex -1.95954 1.71847 4.78629
      vertex -2.06774 1.58663 4.78629
      vertex -1.17909 1.03403 4.92296
    endloop
  endfacet
  facet normal -0.29595 0.242883 0.923808
    outer loop
      vertex -4.23737 3.71607 3.97449
      vertex -5.23876 4.01984 3.57382
      vertex -4.47134 3.43098 3.97449
    endloop
  endfacet
  facet normal -0.516227 0.483503 0.706919
    outer loop
      vertex -8.25458 8.16914 0
      vertex -8.73285 7.6585 0
      vertex -8.22323 7.21158 0.677825
    endloop
  endfacet
  facet normal -0.22938 0.506226 0.831336
    outer loop
      vertex -3.23333 7.80594 2.58723
      vertex -4.12197 8.35853 2.00555
      vertex -3.73693 7.57775 2.58723
    endloop
  endfacet
  facet normal -0.386325 0.470742 0.793193
    outer loop
      vertex -5.67344 7.39377 2.00555
      vertex -6.69255 7.63139 1.36817
      vertex -6.14487 7.00688 2.00555
    endloop
  endfacet
  facet normal -0.416289 0.444457 0.793197
    outer loop
      vertex -6.14487 7.00688 2.00555
      vertex -7.17734 7.17734 1.36817
      vertex -6.58998 6.58998 2.00555
    endloop
  endfacet
  facet normal -0.317328 0.38666 0.865908
    outer loop
      vertex -4.59149 5.98375 3.11074
      vertex -5.57087 6.35236 2.58723
      vertex -4.97301 5.67064 3.11074
    endloop
  endfacet
  facet normal -0.280705 0.342042 0.896779
    outer loop
      vertex -4.01984 5.23876 3.57382
      vertex -4.97301 5.67064 3.11074
      vertex -4.35387 4.96463 3.57382
    endloop
  endfacet
  facet normal -0.509835 0.418421 0.75166
    outer loop
      vertex -7.63139 6.69255 1.36817
      vertex -8.67728 6.65831 0.677825
      vertex -8.05277 6.17911 1.36817
    endloop
  endfacet
  facet normal -0.390238 0.20858 0.896777
    outer loop
      vertex -5.71864 3.30166 3.57382
      vertex -6.53186 3.77117 3.11074
      vertex -5.92233 2.92057 3.57382
    endloop
  endfacet
  facet normal -0.517136 0.321577 0.793195
    outer loop
      vertex -8.43966 5.6392 1.36817
      vertex -8.79041 5.07515 1.36817
      vertex -7.749 5.17772 2.00555
    endloop
  endfacet
  facet normal -0.574926 0.411981 0.706917
    outer loop
      vertex -9.25025 7.02182 0
      vertex -9.65777 6.45312 0
      vertex -9.09418 6.07654 0.677825
    endloop
  endfacet
  facet normal -0.451755 0.323725 0.831336
    outer loop
      vertex -7.39377 5.67344 2.00555
      vertex -7.749 5.17772 2.00555
      vertex -7.02516 4.69406 2.58723
    endloop
  endfacet
  facet normal -0.481378 0.450866 0.751661
    outer loop
      vertex -7.73396 7.73396 0.677825
      vertex -8.22323 7.21158 0.677825
      vertex -7.17734 7.17734 1.36817
    endloop
  endfacet
  facet normal -0.600652 0.373479 0.706917
    outer loop
      vertex -9.65777 6.45312 0
      vertex -10.0272 5.85898 0
      vertex -9.09418 6.07654 0.677825
    endloop
  endfacet
  facet normal -0.38633 0.470732 0.793197
    outer loop
      vertex -6.17911 8.05277 1.36817
      vertex -6.69255 7.63139 1.36817
      vertex -5.67344 7.39377 2.00555
    endloop
  endfacet
  facet normal -0.444457 0.416289 0.793197
    outer loop
      vertex -6.58998 6.58998 2.00555
      vertex -7.17734 7.17734 1.36817
      vertex -7.00688 6.14487 2.00555
    endloop
  endfacet
  facet normal 0.214506 0.569936 0.793196
    outer loop
      vertex 3.88435 9.37765 1.36817
      vertex 2.9957 8.82505 2.00555
      vertex 3.56647 8.61023 2.00555
    endloop
  endfacet
  facet normal 0.348283 0.560091 0.751662
    outer loop
      vertex 5.46874 9.47213 0.677825
      vertex 5.07515 8.79041 1.36817
      vertex 6.07654 9.09418 0.677825
    endloop
  endfacet
  facet normal 0.333422 0.623797 0.706899
    outer loop
      vertex 5.13732 10.4174 0
      vertex 4.83752 9.80952 0.677825
      vertex 5.75434 10.0876 0
    endloop
  endfacet
  facet normal 0.321577 0.517136 0.793195
    outer loop
      vertex 5.6392 8.43966 1.36817
      vertex 5.07515 8.79041 1.36817
      vertex 5.17772 7.749 2.00555
    endloop
  endfacet
  facet normal 0.348286 0.560087 0.751664
    outer loop
      vertex 6.07654 9.09418 0.677825
      vertex 5.07515 8.79041 1.36817
      vertex 5.6392 8.43966 1.36817
    endloop
  endfacet
  facet normal 0.261986 0.490147 0.831336
    outer loop
      vertex 4.12197 8.35853 2.00555
      vertex 3.73693 7.57775 2.58723
      vertex 4.22454 7.31712 2.58723
    endloop
  endfacet
  facet normal 0.261983 0.490147 0.831337
    outer loop
      vertex 4.65982 8.07105 2.00555
      vertex 4.12197 8.35853 2.00555
      vertex 4.22454 7.31712 2.58723
    endloop
  endfacet
  facet normal 0.113586 0.487138 0.865907
    outer loop
      vertex 2.18678 8.16119 2.58723
      vertex 1.64833 8.28674 2.58723
      vertex 1.9521 7.28535 3.11074
    endloop
  endfacet
  facet normal 0.0814789 0.493523 0.865908
    outer loop
      vertex 1.10283 8.3768 2.58723
      vertex 0.984473 7.47782 3.11074
      vertex 1.64833 8.28674 2.58723
    endloop
  endfacet
  facet normal 0.229376 0.506231 0.831335
    outer loop
      vertex 3.56647 8.61023 2.00555
      vertex 3.23333 7.80594 2.58723
      vertex 4.12197 8.35853 2.00555
    endloop
  endfacet
  facet normal 0.195769 0.520151 0.831335
    outer loop
      vertex 3.56647 8.61023 2.00555
      vertex 2.9957 8.82505 2.00555
      vertex 3.23333 7.80594 2.58723
    endloop
  endfacet
  facet normal 0.180482 0.337648 0.923807
    outer loop
      vertex 2.92057 5.92233 3.57382
      vertex 2.49274 5.05478 3.97449
      vertex 2.818 4.88092 3.97449
    endloop
  endfacet
  facet normal 0.280705 0.342042 0.896779
    outer loop
      vertex 4.97301 5.67064 3.11074
      vertex 4.01984 5.23876 3.57382
      vertex 4.35387 4.96463 3.57382
    endloop
  endfacet
  facet normal 0.264136 0.424775 0.865909
    outer loop
      vertex 4.22454 7.31712 2.58723
      vertex 4.1903 6.27123 3.11074
      vertex 4.69406 7.02516 2.58723
    endloop
  endfacet
  facet normal 0.235794 0.441144 0.865906
    outer loop
      vertex 3.73693 7.57775 2.58723
      vertex 3.33589 6.76453 3.11074
      vertex 4.22454 7.31712 2.58723
    endloop
  endfacet
  facet normal 0.132727 0.292923 0.946879
    outer loop
      vertex 2.49274 5.05478 3.97449
      vertex 1.77739 4.29101 4.31104
      vertex 2.05423 4.16557 4.31104
    endloop
  endfacet
  facet normal 0.0730287 0.313191 0.946878
    outer loop
      vertex 1.09953 5.52771 3.97449
      vertex 0.906107 4.55531 4.31104
      vertex 1.4587 5.44396 3.97449
    endloop
  endfacet
  facet normal 0.202177 0.325118 0.923809
    outer loop
      vertex 3.30166 5.71864 3.57382
      vertex 2.818 4.88092 3.97449
      vertex 3.13119 4.68616 3.97449
    endloop
  endfacet
  facet normal 0.158012 0.348726 0.923809
    outer loop
      vertex 2.52698 6.10067 3.57382
      vertex 2.1568 5.20699 3.97449
      vertex 2.92057 5.92233 3.57382
    endloop
  endfacet
  facet normal 0.136744 0.219902 0.96589
    outer loop
      vertex 2.32228 4.0223 4.31104
      vertex 1.81661 3.14646 4.58203
      vertex 2.01851 3.02091 4.58203
    endloop
  endfacet
  facet normal 0.136739 0.219904 0.965891
    outer loop
      vertex 2.32228 4.0223 4.31104
      vertex 2.01851 3.02091 4.58203
      vertex 2.58038 3.86181 4.31104
    endloop
  endfacet
  facet normal -0.293483 0.47196 0.831337
    outer loop
      vertex -4.65982 8.07105 2.00555
      vertex -5.17772 7.749 2.00555
      vertex -4.22454 7.31712 2.58723
    endloop
  endfacet
  facet normal -0.214506 0.569936 0.793196
    outer loop
      vertex -3.2627 9.61162 1.36817
      vertex -3.88435 9.37765 1.36817
      vertex -2.9957 8.82505 2.00555
    endloop
  endfacet
  facet normal -0.0692538 0.703935 0.70688
    outer loop
      vertex -0.759677 11.5904 0
      vertex -1.45595 11.5219 0
      vertex -0.715344 10.9141 0.677825
    endloop
  endfacet
  facet normal -0.516224 -0.483504 0.70692
    outer loop
      vertex -8.25458 -8.16914 0
      vertex -7.73396 -7.73396 0.677825
      vertex -8.22323 -7.21158 0.677825
    endloop
  endfacet
  facet normal -0.516244 -0.483482 0.706921
    outer loop
      vertex -7.73396 -7.73396 0.677825
      vertex -8.25458 -8.16914 0
      vertex -8.21326 -8.21326 0
    endloop
  endfacet
  facet normal -0.581671 -0.310908 0.751661
    outer loop
      vertex -9.10352 -4.48936 1.36817
      vertex -9.80952 -4.83752 0.677825
      vertex -8.79041 -5.07515 1.36817
    endloop
  endfacet
  facet normal -0.600649 -0.373503 0.706906
    outer loop
      vertex -9.47213 -5.46874 0.677825
      vertex -10.0272 -5.85898 0
      vertex -9.09418 -6.07654 0.677825
    endloop
  endfacet
  facet normal -0.600752 -0.373349 0.7069
    outer loop
      vertex -10.0272 -5.85898 0
      vertex -9.47213 -5.46874 0.677825
      vertex -10.0591 -5.80765 0
    endloop
  endfacet
  facet normal -0.531839 -0.161329 0.831336
    outer loop
      vertex -8.00069 -2.71587 2.58723
      vertex -9.00208 -2.4121 2.00555
      vertex -8.82505 -2.9957 2.00555
    endloop
  endfacet
  facet normal -0.642313 -0.149768 0.751667
    outer loop
      vertex -9.95526 -1.98022 1.36817
      vertex -10.5648 -2.83083 0.677825
      vertex -9.80443 -2.62709 1.36817
    endloop
  endfacet
  facet normal -0.506226 -0.22938 0.831336
    outer loop
      vertex -7.80594 -3.23333 2.58723
      vertex -8.35853 -4.12197 2.00555
      vertex -7.57775 -3.73693 2.58723
    endloop
  endfacet
  facet normal -0.554683 -0.25133 0.793196
    outer loop
      vertex -8.61023 -3.56647 2.00555
      vertex -9.37765 -3.88435 1.36817
      vertex -8.35853 -4.12197 2.00555
    endloop
  endfacet
  facet normal -0.424775 -0.264136 0.865909
    outer loop
      vertex -6.27123 -4.1903 3.11074
      vertex -7.31712 -4.22454 2.58723
      vertex -7.02516 -4.69406 2.58723
    endloop
  endfacet
  facet normal -0.33765 -0.180471 0.923809
    outer loop
      vertex -4.88092 -2.818 3.97449
      vertex -5.92233 -2.92057 3.57382
      vertex -5.71864 -3.30166 3.57382
    endloop
  endfacet
  facet normal -0.365083 -0.341932 0.865908
    outer loop
      vertex -5.67064 -4.97301 3.11074
      vertex -6.35236 -5.57087 2.58723
      vertex -5.97441 -5.97441 2.58723
    endloop
  endfacet
  facet normal -0.204019 -0.248594 0.946878
    outer loop
      vertex -3.06237 -3.49196 4.31104
      vertex -3.71607 -4.23737 3.97449
      vertex -3.43098 -4.47134 3.97449
    endloop
  endfacet
  facet normal -0.490147 -0.261983 0.831337
    outer loop
      vertex -7.31712 -4.22454 2.58723
      vertex -8.35853 -4.12197 2.00555
      vertex -8.07105 -4.65982 2.00555
    endloop
  endfacet
  facet normal -0.517136 -0.321575 0.793196
    outer loop
      vertex -8.07105 -4.65982 2.00555
      vertex -8.79041 -5.07515 1.36817
      vertex -7.749 -5.17772 2.00555
    endloop
  endfacet
  facet normal -0.494997 -0.354712 0.793195
    outer loop
      vertex -7.749 -5.17772 2.00555
      vertex -8.43966 -5.6392 1.36817
      vertex -7.39377 -5.67344 2.00555
    endloop
  endfacet
  facet normal -0.451755 -0.323725 0.831336
    outer loop
      vertex -7.02516 -4.69406 2.58723
      vertex -7.749 -5.17772 2.00555
      vertex -7.39377 -5.67344 2.00555
    endloop
  endfacet
  facet normal -0.386663 -0.317326 0.865907
    outer loop
      vertex -5.98375 -4.59149 3.11074
      vertex -6.70311 -5.14348 2.58723
      vertex -6.35236 -5.57087 2.58723
    endloop
  endfacet
  facet normal -0.40659 -0.291358 0.865907
    outer loop
      vertex -5.98375 -4.59149 3.11074
      vertex -7.02516 -4.69406 2.58723
      vertex -6.70311 -5.14348 2.58723
    endloop
  endfacet
  facet normal -0.0181805 -0.555471 0.831337
    outer loop
      vertex -0.552596 -8.43099 2.58723
      vertex -0.609533 -9.29969 2.00555
      vertex 0 -9.31964 2.00555
    endloop
  endfacet
  facet normal -0.132722 -0.292928 0.946878
    outer loop
      vertex -1.77739 -4.29101 4.31104
      vertex -2.49274 -5.05478 3.97449
      vertex -2.1568 -5.20699 3.97449
    endloop
  endfacet
  facet normal -0.697873 -0.115149 0.706905
    outer loop
      vertex -10.8439 -1.42763 0.677825
      vertex -11.5159 -1.5161 0
      vertex -11.402 -2.2064 0
    endloop
  endfacet
  facet normal -0.703862 -0.0693697 0.706942
    outer loop
      vertex -11.5219 -1.45595 0
      vertex -10.8439 -1.42763 0.677825
      vertex -10.9141 -0.715344 0.677825
    endloop
  endfacet
  facet normal -0.703803 -0.0702048 0.706918
    outer loop
      vertex -10.8439 -1.42763 0.677825
      vertex -11.5219 -1.45595 0
      vertex -11.5159 -1.5161 0
    endloop
  endfacet
  facet normal -0.251327 -0.554683 0.793197
    outer loop
      vertex -4.12197 -8.35853 2.00555
      vertex -4.48936 -9.10352 1.36817
      vertex -3.88435 -9.37765 1.36817
    endloop
  endfacet
  facet normal 0.0992329 -0.600807 0.793211
    outer loop
      vertex 1.98022 -9.95526 1.36817
      vertex 1.21646 -9.23991 2.00555
      vertex 1.32488 -10.0635 1.36817
    endloop
  endfacet
  facet normal -0.257728 -0.35967 0.89678
    outer loop
      vertex -4.01984 -5.23876 3.57382
      vertex -4.59149 -5.98375 3.11074
      vertex -4.1903 -6.27123 3.11074
    endloop
  endfacet
  facet normal -0.546743 -0.448703 0.706922
    outer loop
      vertex -8.67728 -6.65831 0.677825
      vertex -9.21504 -7.07095 0
      vertex -8.77119 -7.61178 0
    endloop
  endfacet
  facet normal -0.574914 -0.411987 0.706923
    outer loop
      vertex -9.25025 -7.02182 0
      vertex -8.67728 -6.65831 0.677825
      vertex -9.09418 -6.07654 0.677825
    endloop
  endfacet
  facet normal -0.574898 -0.412012 0.706922
    outer loop
      vertex -8.67728 -6.65831 0.677825
      vertex -9.25025 -7.02182 0
      vertex -9.21504 -7.07095 0
    endloop
  endfacet
  facet normal -0.0345506 -0.0555647 0.997857
    outer loop
      vertex -0.290844 -0.435278 4.99143
      vertex -0.871286 -1.30397 4.92296
      vertex -0.784137 -1.35816 4.92296
    endloop
  endfacet
  facet normal -0.0212728 -0.128858 0.991435
    outer loop
      vertex -0.2047 -1.55486 4.92296
      vertex -0.508469 -2.55625 4.78629
      vertex -0.340194 -2.58403 4.78629
    endloop
  endfacet
  facet normal -0.047759 -0.0447242 0.997857
    outer loop
      vertex -0.393592 -0.345171 4.99143
      vertex -1.17909 -1.03403 4.92296
      vertex -1.10894 -1.10894 4.92296
    endloop
  endfacet
  facet normal -0.192582 -0.0317928 0.980766
    outer loop
      vertex -2.58403 -0.340194 4.78629
      vertex -3.60214 -0.47423 4.58203
      vertex -2.55625 -0.508469 4.78629
    endloop
  endfacet
  facet normal -0.242357 -0.0912094 0.96589
    outer loop
      vertex -3.4404 -1.16786 4.58203
      vertex -4.29101 -1.77739 4.31104
      vertex -3.35666 -1.39037 4.58203
    endloop
  endfacet
  facet normal -0.15866 -0.113693 0.980766
    outer loop
      vertex -2.16708 -1.448 4.78629
      vertex -3.02091 -2.01851 4.58203
      vertex -2.06774 -1.58663 4.78629
    endloop
  endfacet
  facet normal -0.19009 -0.0443248 0.980766
    outer loop
      vertex -2.51752 -0.674566 4.78629
      vertex -3.56341 -0.708806 4.58203
      vertex -3.50942 -0.940346 4.58203
    endloop
  endfacet
  facet normal -0.100473 -0.430921 0.896779
    outer loop
      vertex -1.28824 -6.47643 3.57382
      vertex -1.9521 -7.28535 3.11074
      vertex -1.47144 -7.39742 3.11074
    endloop
  endfacet
  facet normal -0.132727 -0.292923 0.946879
    outer loop
      vertex -2.05423 -4.16557 4.31104
      vertex -2.49274 -5.05478 3.97449
      vertex -1.77739 -4.29101 4.31104
    endloop
  endfacet
  facet normal -0.311205 -0.223002 0.923808
    outer loop
      vertex -4.68616 -3.13119 3.97449
      vertex -5.49045 -3.6686 3.57382
      vertex -5.23876 -4.01984 3.57382
    endloop
  endfacet
  facet normal -0.210484 -0.150836 0.965891
    outer loop
      vertex -3.02091 -2.01851 4.58203
      vertex -3.86181 -2.58038 4.31104
      vertex -3.68477 -2.82743 4.31104
    endloop
  endfacet
  facet normal 0.031522 -0.320046 0.946878
    outer loop
      vertex 0.735645 -5.58778 3.97449
      vertex 0.303768 -4.63461 4.31104
      vertex 0.368611 -5.62393 3.97449
    endloop
  endfacet
  facet normal -0.0523794 -0.317298 0.946878
    outer loop
      vertex -0.906107 -4.55531 4.31104
      vertex -1.09953 -5.52771 3.97449
      vertex -0.735645 -5.58778 3.97449
    endloop
  endfacet
  facet normal -0.136739 -0.219904 0.965891
    outer loop
      vertex -2.01851 -3.02091 4.58203
      vertex -2.58038 -3.86181 4.31104
      vertex -2.32228 -4.0223 4.31104
    endloop
  endfacet
  facet normal -0.0212778 -0.128857 0.991435
    outer loop
      vertex -0.305955 -1.53814 4.92296
      vertex -0.508469 -2.55625 4.78629
      vertex -0.2047 -1.55486 4.92296
    endloop
  endfacet
  facet normal -0.19146 -0.631158 0.751653
    outer loop
      vertex -3.2627 -9.61162 1.36817
      vertex -3.51574 -10.357 0.677825
      vertex -2.62709 -9.80443 1.36817
    endloop
  endfacet
  facet normal -0.0730287 -0.313191 0.946878
    outer loop
      vertex -0.906107 -4.55531 4.31104
      vertex -1.4587 -5.44396 3.97449
      vertex -1.09953 -5.52771 3.97449
    endloop
  endfacet
  facet normal -0.261712 -0.279432 0.92381
    outer loop
      vertex -3.98525 -3.98525 3.97449
      vertex -4.66925 -4.66925 3.57382
      vertex -4.35387 -4.96463 3.57382
    endloop
  endfacet
  facet normal -0.113693 -0.158659 0.980766
    outer loop
      vertex -1.58663 -2.06774 4.78629
      vertex -2.21176 -2.88243 4.58203
      vertex -2.01851 -3.02091 4.58203
    endloop
  endfacet
  facet normal -0.187319 -0.261411 0.946877
    outer loop
      vertex -2.58038 -3.86181 4.31104
      vertex -3.43098 -4.47134 3.97449
      vertex -3.13119 -4.68616 3.97449
    endloop
  endfacet
  facet normal -0.348283 -0.560091 0.751662
    outer loop
      vertex -5.07515 -8.79041 1.36817
      vertex -6.07654 -9.09418 0.677825
      vertex -5.46874 -9.47213 0.677825
    endloop
  endfacet
  facet normal 0.0148555 -0.0637218 0.997857
    outer loop
      vertex 0.405899 -1.51484 4.92296
      vertex 0.10213 -0.513446 4.99143
      vertex 0.305955 -1.53814 4.92296
    endloop
  endfacet
  facet normal 0.122065 -0.228377 0.96589
    outer loop
      vertex 2.32228 -4.0223 4.31104
      vertex 1.81661 -3.14646 4.58203
      vertex 2.05423 -4.16557 4.31104
    endloop
  endfacet
  facet normal 0.189 -0.177013 0.965891
    outer loop
      vertex 3.49196 -3.06237 4.31104
      vertex 2.56907 -2.56907 4.58203
      vertex 3.2842 -3.2842 4.31104
    endloop
  endfacet
  facet normal 0.127191 0.0296521 0.991435
    outer loop
      vertex 2.55625 0.508469 4.78629
      vertex 1.51484 0.405899 4.92296
      vertex 1.53814 0.305955 4.92296
    endloop
  endfacet
  facet normal 0.0653953 0.00214108 0.997857
    outer loop
      vertex 1.56492 0.10257 4.92296
      vertex 0.522384 0.0342388 4.99143
      vertex 0.523505 0 4.99143
    endloop
  endfacet
  facet normal 0.255493 -0.0421836 0.96589
    outer loop
      vertex 3.60214 -0.47423 4.58203
      vertex 3.56341 -0.708806 4.58203
      vertex 4.60482 -0.606236 4.31104
    endloop
  endfacet
  facet normal 0.192582 -0.0317966 0.980766
    outer loop
      vertex 3.60214 -0.47423 4.58203
      vertex 2.55625 -0.508469 4.78629
      vertex 3.56341 -0.708806 4.58203
    endloop
  endfacet
  facet normal 0.0612359 -0.0230497 0.997857
    outer loop
      vertex 0.495723 -0.168275 4.99143
      vertex 0.483655 -0.200336 4.99143
      vertex 1.4489 -0.600152 4.92296
    endloop
  endfacet
  facet normal 0.118961 -0.0539013 0.991435
    outer loop
      vertex 2.40793 -0.997398 4.78629
      vertex 1.4489 -0.600152 4.92296
      vertex 2.33754 -1.15275 4.78629
    endloop
  endfacet
  facet normal 0.127191 -0.0296521 0.991435
    outer loop
      vertex 1.53814 -0.305955 4.92296
      vertex 1.51484 -0.405899 4.92296
      vertex 2.55625 -0.508469 4.78629
    endloop
  endfacet
  facet normal 0.12719 -0.0296579 0.991435
    outer loop
      vertex 2.55625 -0.508469 4.78629
      vertex 1.51484 -0.405899 4.92296
      vertex 2.51752 -0.674566 4.78629
    endloop
  endfacet
  facet normal 0.310908 -0.581671 0.751661
    outer loop
      vertex 5.07515 -8.79041 1.36817
      vertex 4.48936 -9.10352 1.36817
      vertex 4.83752 -9.80952 0.677825
    endloop
  endfacet
  facet normal 0.321575 -0.517136 0.793196
    outer loop
      vertex 5.17772 -7.749 2.00555
      vertex 4.65982 -8.07105 2.00555
      vertex 5.07515 -8.79041 1.36817
    endloop
  endfacet
  facet normal 0.354706 -0.494997 0.793197
    outer loop
      vertex 5.67344 -7.39377 2.00555
      vertex 5.6392 -8.43966 1.36817
      vertex 6.17911 -8.05277 1.36817
    endloop
  endfacet
  facet normal 0.384177 -0.536106 0.751664
    outer loop
      vertex 6.65831 -8.67728 0.677825
      vertex 5.6392 -8.43966 1.36817
      vertex 6.07654 -9.09418 0.677825
    endloop
  endfacet
  facet normal 0.272205 -0.600762 0.751658
    outer loop
      vertex 4.48936 -9.10352 1.36817
      vertex 3.88435 -9.37765 1.36817
      vertex 4.18559 -10.1049 0.677825
    endloop
  endfacet
  facet normal 0.214506 -0.569936 0.793196
    outer loop
      vertex 3.88435 -9.37765 1.36817
      vertex 2.9957 -8.82505 2.00555
      vertex 3.2627 -9.61162 1.36817
    endloop
  endfacet
  facet normal 0.134858 -0.358317 0.923809
    outer loop
      vertex 2.1568 -5.20699 3.97449
      vertex 1.81163 -5.3369 3.97449
      vertex 2.12256 -6.25288 3.57382
    endloop
  endfacet
  facet normal 0.20858 -0.390238 0.896777
    outer loop
      vertex 3.30166 -5.71864 3.57382
      vertex 2.92057 -5.92233 3.57382
      vertex 3.77117 -6.53186 3.11074
    endloop
  endfacet
  facet normal -0.0751652 -0.247801 0.965891
    outer loop
      vertex -1.16786 -3.4404 4.58203
      vertex -1.49294 -4.39807 4.31104
      vertex -1.2021 -4.48629 4.31104
    endloop
  endfacet
  facet normal -0.134858 -0.358317 0.923809
    outer loop
      vertex -1.81163 -5.3369 3.97449
      vertex -2.1568 -5.20699 3.97449
      vertex -2.12256 -6.25288 3.57382
    endloop
  endfacet
  facet normal 0.180471 -0.33765 0.923809
    outer loop
      vertex 3.30166 -5.71864 3.57382
      vertex 2.818 -4.88092 3.97449
      vertex 2.92057 -5.92233 3.57382
    endloop
  endfacet
  facet normal 0.0163752 -0.499939 0.865906
    outer loop
      vertex 0.493293 -7.5262 3.11074
      vertex 0 -8.44909 2.58723
      vertex 0.552596 -8.43099 2.58723
    endloop
  endfacet
  facet normal 0.0181805 -0.555471 0.831337
    outer loop
      vertex 0.552596 -8.43099 2.58723
      vertex 0 -9.31964 2.00555
      vertex 0.609533 -9.29969 2.00555
    endloop
  endfacet
  facet normal 0.322949 -0.302482 0.896777
    outer loop
      vertex 5.67064 -4.97301 3.11074
      vertex 4.66925 -4.66925 3.57382
      vertex 5.33324 -5.33324 3.11074
    endloop
  endfacet
  facet normal 0.279432 -0.261712 0.92381
    outer loop
      vertex 4.96463 -4.35387 3.57382
      vertex 3.98525 -3.98525 3.97449
      vertex 4.66925 -4.66925 3.57382
    endloop
  endfacet
  facet normal 0.295951 -0.24288 0.923809
    outer loop
      vertex 5.23876 -4.01984 3.57382
      vertex 4.23737 -3.71607 3.97449
      vertex 4.96463 -4.35387 3.57382
    endloop
  endfacet
  facet normal 0.279429 -0.26172 0.923809
    outer loop
      vertex 4.23737 -3.71607 3.97449
      vertex 3.98525 -3.98525 3.97449
      vertex 4.96463 -4.35387 3.57382
    endloop
  endfacet
  facet normal 0.33765 -0.180471 0.923809
    outer loop
      vertex 5.92233 -2.92057 3.57382
      vertex 4.88092 -2.818 3.97449
      vertex 5.71864 -3.30166 3.57382
    endloop
  endfacet
  facet normal 0.390238 -0.20858 0.896777
    outer loop
      vertex 5.92233 -2.92057 3.57382
      vertex 5.71864 -3.30166 3.57382
      vertex 6.53186 -3.77117 3.11074
    endloop
  endfacet
  facet normal 0.311205 -0.223002 0.923808
    outer loop
      vertex 5.49045 -3.6686 3.57382
      vertex 4.68616 -3.13119 3.97449
      vertex 5.23876 -4.01984 3.57382
    endloop
  endfacet
  facet normal 0.359669 -0.25773 0.896779
    outer loop
      vertex 5.49045 -3.6686 3.57382
      vertex 5.23876 -4.01984 3.57382
      vertex 6.27123 -4.1903 3.11074
    endloop
  endfacet
  facet normal 0.424775 -0.264136 0.865909
    outer loop
      vertex 7.31712 -4.22454 2.58723
      vertex 6.27123 -4.1903 3.11074
      vertex 7.02516 -4.69406 2.58723
    endloop
  endfacet
  facet normal 0.424774 -0.26414 0.865908
    outer loop
      vertex 6.53186 -3.77117 3.11074
      vertex 6.27123 -4.1903 3.11074
      vertex 7.31712 -4.22454 2.58723
    endloop
  endfacet
  facet normal 0.341932 -0.365083 0.865908
    outer loop
      vertex 5.97441 -5.97441 2.58723
      vertex 4.97301 -5.67064 3.11074
      vertex 5.57087 -6.35236 2.58723
    endloop
  endfacet
  facet normal 0.233667 -0.375748 0.896779
    outer loop
      vertex 3.6686 -5.49045 3.57382
      vertex 3.30166 -5.71864 3.57382
      vertex 4.1903 -6.27123 3.11074
    endloop
  endfacet
  facet normal 0.234718 -0.219842 0.946878
    outer loop
      vertex 4.23737 -3.71607 3.97449
      vertex 3.49196 -3.06237 4.31104
      vertex 3.98525 -3.98525 3.97449
    endloop
  endfacet
  facet normal 0.187325 -0.261403 0.946878
    outer loop
      vertex 2.82743 -3.68477 4.31104
      vertex 2.58038 -3.86181 4.31104
      vertex 3.43098 -4.47134 3.97449
    endloop
  endfacet
  facet normal -0.320046 -0.0315213 0.946877
    outer loop
      vertex -4.63461 -0.303768 4.31104
      vertex -5.58778 -0.735645 3.97449
      vertex -4.60482 -0.606236 4.31104
    endloop
  endfacet
  facet normal -0.320046 -0.031522 0.946878
    outer loop
      vertex -4.63461 -0.303768 4.31104
      vertex -5.62393 -0.368611 3.97449
      vertex -5.58778 -0.735645 3.97449
    endloop
  endfacet
  facet normal -0.390238 -0.20858 0.896777
    outer loop
      vertex -5.92233 -2.92057 3.57382
      vertex -6.53186 -3.77117 3.11074
      vertex -5.71864 -3.30166 3.57382
    endloop
  endfacet
  facet normal -0.325118 -0.202177 0.923809
    outer loop
      vertex -4.88092 -2.818 3.97449
      vertex -5.71864 -3.30166 3.57382
      vertex -4.68616 -3.13119 3.97449
    endloop
  endfacet
  facet normal -0.317298 -0.0523794 0.946878
    outer loop
      vertex -4.55531 -0.906107 4.31104
      vertex -5.58778 -0.735645 3.97449
      vertex -5.52771 -1.09953 3.97449
    endloop
  endfacet
  facet normal -0.423426 -0.128441 0.896779
    outer loop
      vertex -6.37831 -1.70906 3.57382
      vertex -7.28535 -1.9521 3.11074
      vertex -6.25288 -2.12256 3.57382
    endloop
  endfacet
  facet normal -0.414122 -0.155861 0.896778
    outer loop
      vertex -6.25288 -2.12256 3.57382
      vertex -6.96822 -2.88633 3.11074
      vertex -6.10067 -2.52698 3.57382
    endloop
  endfacet
  facet normal -0.468145 -0.176203 0.865906
    outer loop
      vertex -7.14208 -2.42441 3.11074
      vertex -8.00069 -2.71587 2.58723
      vertex -6.96822 -2.88633 3.11074
    endloop
  endfacet
  facet normal -0.0905301 0.548348 0.831336
    outer loop
      vertex -1.21646 9.23991 2.00555
      vertex -1.81817 9.14057 2.00555
      vertex -1.10283 8.3768 2.58723
    endloop
  endfacet
  facet normal -0.249225 0.661909 0.706939
    outer loop
      vertex -3.79019 10.9776 0
      vertex -3.51574 10.357 0.677825
      vertex -3.73362 10.9989 0
    endloop
  endfacet
  facet normal -0.249127 0.66195 0.706936
    outer loop
      vertex -3.51574 10.357 0.677825
      vertex -3.79019 10.9776 0
      vertex -4.18559 10.1049 0.677825
    endloop
  endfacet
  facet normal -0.176771 0.582745 0.793196
    outer loop
      vertex -2.4121 9.00208 2.00555
      vertex -3.2627 9.61162 1.36817
      vertex -2.9957 8.82505 2.00555
    endloop
  endfacet
  facet normal -0.0163752 0.499939 0.865906
    outer loop
      vertex 0 8.44909 2.58723
      vertex -0.552596 8.43099 2.58723
      vertex -0.493293 7.5262 3.11074
    endloop
  endfacet
  facet normal 0.0181805 0.555471 0.831337
    outer loop
      vertex 0.609533 9.29969 2.00555
      vertex 0 9.31964 2.00555
      vertex 0.552596 8.43099 2.58723
    endloop
  endfacet
  facet normal -0.115221 0.697821 0.706944
    outer loop
      vertex -2.2064 11.402 0
      vertex -2.1338 10.7273 0.677825
      vertex -1.42763 10.8439 0.677825
    endloop
  endfacet
  facet normal -0.115841 0.697736 0.706927
    outer loop
      vertex -2.1338 10.7273 0.677825
      vertex -2.2064 11.402 0
      vertex -2.26603 11.3921 0
    endloop
  endfacet
  facet normal 0.126204 0.541253 0.831335
    outer loop
      vertex 2.4121 9.00208 2.00555
      vertex 1.64833 8.28674 2.58723
      vertex 2.18678 8.16119 2.58723
    endloop
  endfacet
  facet normal 0.100473 0.430921 0.896779
    outer loop
      vertex 1.47144 7.39742 3.11074
      vertex 1.28824 6.47643 3.57382
      vertex 1.9521 7.28535 3.11074
    endloop
  endfacet
  facet normal -0.021563 0.659187 0.75167
    outer loop
      vertex 0 10.9375 0.677825
      vertex -0.715344 10.9141 0.677825
      vertex 0 10.1503 1.36817
    endloop
  endfacet
  facet normal 0.0992329 0.600807 0.793211
    outer loop
      vertex 1.32488 10.0635 1.36817
      vertex 1.21646 9.23991 2.00555
      vertex 1.98022 9.95526 1.36817
    endloop
  endfacet
  facet normal 0.0991952 0.600833 0.793196
    outer loop
      vertex 1.98022 9.95526 1.36817
      vertex 1.21646 9.23991 2.00555
      vertex 1.81817 9.14057 2.00555
    endloop
  endfacet
  facet normal 0.149748 0.64233 0.751657
    outer loop
      vertex 2.1338 10.7273 0.677825
      vertex 1.98022 9.95526 1.36817
      vertex 2.83083 10.5648 0.677825
    endloop
  endfacet
  facet normal -0.0623668 0.37774 0.923809
    outer loop
      vertex -0.861905 6.54682 3.57382
      vertex -1.28824 6.47643 3.57382
      vertex -0.735645 5.58778 3.97449
    endloop
  endfacet
  facet normal 0.0523874 0.317299 0.946877
    outer loop
      vertex 0.735645 5.58778 3.97449
      vertex 0.606236 4.60482 4.31104
      vertex 0.906107 4.55531 4.31104
    endloop
  endfacet
  facet normal 0.0692538 0.703935 0.70688
    outer loop
      vertex 0.759677 11.5904 0
      vertex 0.715344 10.9141 0.677825
      vertex 1.45595 11.5219 0
    endloop
  endfacet
  facet normal 0.249127 -0.66195 0.706936
    outer loop
      vertex 3.51574 -10.357 0.677825
      vertex 3.79019 -10.9776 0
      vertex 4.18559 -10.1049 0.677825
    endloop
  endfacet
  facet normal 0.249225 -0.661909 0.706939
    outer loop
      vertex 3.79019 -10.9776 0
      vertex 3.51574 -10.357 0.677825
      vertex 3.73362 -10.9989 0
    endloop
  endfacet
  facet normal 0.509835 -0.418421 0.75166
    outer loop
      vertex 8.05277 -6.17911 1.36817
      vertex 7.63139 -6.69255 1.36817
      vertex 8.67728 -6.65831 0.677825
    endloop
  endfacet
  facet normal 0.30098 -0.113282 0.946878
    outer loop
      vertex 4.39807 -1.49294 4.31104
      vertex 4.29101 -1.77739 4.31104
      vertex 5.20699 -2.1568 3.97449
    endloop
  endfacet
  facet normal 0.358317 -0.134858 0.923809
    outer loop
      vertex 5.3369 -1.81163 3.97449
      vertex 5.20699 -2.1568 3.97449
      vertex 6.25288 -2.12256 3.57382
    endloop
  endfacet
  facet normal 0.307746 -0.093348 0.946878
    outer loop
      vertex 4.48629 -1.2021 4.31104
      vertex 4.39807 -1.49294 4.31104
      vertex 5.44396 -1.4587 3.97449
    endloop
  endfacet
  facet normal 0.235871 -0.106869 0.96589
    outer loop
      vertex 3.35666 -1.39037 4.58203
      vertex 3.25854 -1.60693 4.58203
      vertex 4.29101 -1.77739 4.31104
    endloop
  endfacet
  facet normal 0.247801 0.0751744 0.96589
    outer loop
      vertex 4.48629 1.2021 4.31104
      vertex 3.4404 1.16786 4.58203
      vertex 3.50942 0.940346 4.58203
    endloop
  endfacet
  facet normal 0.19009 0.0443248 0.980766
    outer loop
      vertex 3.50942 0.940346 4.58203
      vertex 2.51752 0.674566 4.78629
      vertex 3.56341 0.708806 4.58203
    endloop
  endfacet
  facet normal 0.129973 0.0128026 0.991435
    outer loop
      vertex 2.60075 0.170462 4.78629
      vertex 1.55486 0.2047 4.92296
      vertex 1.56492 0.10257 4.92296
    endloop
  endfacet
  facet normal 0.192582 0.0317928 0.980766
    outer loop
      vertex 3.60214 0.47423 4.58203
      vertex 2.55625 0.508469 4.78629
      vertex 2.58403 0.340194 4.78629
    endloop
  endfacet
  facet normal 0.317299 -0.0523874 0.946877
    outer loop
      vertex 4.60482 -0.606236 4.31104
      vertex 4.55531 -0.906107 4.31104
      vertex 5.58778 -0.735645 3.97449
    endloop
  endfacet
  facet normal 0.255493 -0.0421831 0.96589
    outer loop
      vertex 4.60482 -0.606236 4.31104
      vertex 3.56341 -0.708806 4.58203
      vertex 4.55531 -0.906107 4.31104
    endloop
  endfacet
  facet normal 0.257705 -0.0253813 0.96589
    outer loop
      vertex 4.63461 -0.303768 4.31104
      vertex 3.60214 -0.47423 4.58203
      vertex 4.60482 -0.606236 4.31104
    endloop
  endfacet
  facet normal 0.195086 -0.00638728 0.980765
    outer loop
      vertex 3.63322 0 4.58203
      vertex 2.60075 -0.170462 4.78629
      vertex 3.62544 -0.237623 4.58203
    endloop
  endfacet
  facet normal 0.0637211 0.0148578 0.997857
    outer loop
      vertex 1.51484 0.405899 4.92296
      vertex 0.505667 0.135492 4.99143
      vertex 0.513446 0.10213 4.99143
    endloop
  endfacet
  facet normal 0.195085 0.00638603 0.980765
    outer loop
      vertex 3.63322 0 4.58203
      vertex 2.60075 0.170462 4.78629
      vertex 2.60633 0 4.78629
    endloop
  endfacet
  facet normal 0.258813 -0.00847377 0.96589
    outer loop
      vertex 3.63322 0 4.58203
      vertex 3.62544 -0.237623 4.58203
      vertex 4.63461 -0.303768 4.31104
    endloop
  endfacet
  facet normal 0.381012 -0.0375267 0.923808
    outer loop
      vertex 5.62393 -0.368611 3.97449
      vertex 5.58778 -0.735645 3.97449
      vertex 6.58917 -0.431877 3.57382
    endloop
  endfacet
  facet normal 0.661957 -0.249198 0.706904
    outer loop
      vertex 10.9776 -3.79019 0
      vertex 10.1049 -4.18559 0.677825
      vertex 10.7311 -4.44498 0
    endloop
  endfacet
  facet normal 0.582743 -0.176773 0.793197
    outer loop
      vertex 9.80443 -2.62709 1.36817
      vertex 9.00208 -2.4121 2.00555
      vertex 9.61162 -3.2627 1.36817
    endloop
  endfacet
  facet normal 0.582745 -0.176771 0.793196
    outer loop
      vertex 9.00208 -2.4121 2.00555
      vertex 8.82505 -2.9957 2.00555
      vertex 9.61162 -3.2627 1.36817
    endloop
  endfacet
  facet normal 0.537059 -0.287063 0.793197
    outer loop
      vertex 9.10352 -4.48936 1.36817
      vertex 8.35853 -4.12197 2.00555
      vertex 8.79041 -5.07515 1.36817
    endloop
  endfacet
  facet normal 0.600762 -0.272196 0.751661
    outer loop
      vertex 10.1049 -4.18559 0.677825
      vertex 9.10352 -4.48936 1.36817
      vertex 9.80952 -4.83752 0.677825
    endloop
  endfacet
  facet normal 0.537064 -0.28706 0.793195
    outer loop
      vertex 8.35853 -4.12197 2.00555
      vertex 8.07105 -4.65982 2.00555
      vertex 8.79041 -5.07515 1.36817
    endloop
  endfacet
  facet normal 0.490147 -0.261983 0.831337
    outer loop
      vertex 8.35853 -4.12197 2.00555
      vertex 7.31712 -4.22454 2.58723
      vertex 8.07105 -4.65982 2.00555
    endloop
  endfacet
  facet normal 0.292928 0.132722 0.946878
    outer loop
      vertex 5.05478 2.49274 3.97449
      vertex 4.29101 1.77739 4.31104
      vertex 5.20699 2.1568 3.97449
    endloop
  endfacet
  facet normal 0.242353 0.0912158 0.965891
    outer loop
      vertex 4.29101 1.77739 4.31104
      vertex 3.4404 1.16786 4.58203
      vertex 4.39807 1.49294 4.31104
    endloop
  endfacet
  facet normal 0.348726 0.158012 0.923809
    outer loop
      vertex 5.92233 2.92057 3.57382
      vertex 5.20699 2.1568 3.97449
      vertex 6.10067 2.52698 3.57382
    endloop
  endfacet
  facet normal 0.358317 0.134858 0.923809
    outer loop
      vertex 6.10067 2.52698 3.57382
      vertex 5.20699 2.1568 3.97449
      vertex 6.25288 2.12256 3.57382
    endloop
  endfacet
  facet normal 0.341936 0.365073 0.865911
    outer loop
      vertex 5.97441 5.97441 2.58723
      vertex 4.97301 5.67064 3.11074
      vertex 5.33324 5.33324 3.11074
    endloop
  endfacet
  facet normal 0.302482 0.322949 0.896777
    outer loop
      vertex 4.97301 5.67064 3.11074
      vertex 4.66925 4.66925 3.57382
      vertex 5.33324 5.33324 3.11074
    endloop
  endfacet
  facet normal 0.386663 0.317326 0.865907
    outer loop
      vertex 6.35236 5.57087 2.58723
      vertex 5.98375 4.59149 3.11074
      vertex 6.70311 5.14348 2.58723
    endloop
  endfacet
  facet normal 0.40659 0.291358 0.865907
    outer loop
      vertex 6.70311 5.14348 2.58723
      vertex 5.98375 4.59149 3.11074
      vertex 7.02516 4.69406 2.58723
    endloop
  endfacet
  facet normal 0.661957 0.249198 0.706904
    outer loop
      vertex 10.7311 4.44498 0
      vertex 10.1049 4.18559 0.677825
      vertex 10.9776 3.79019 0
    endloop
  endfacet
  facet normal 0.574926 0.411981 0.706917
    outer loop
      vertex 9.25025 7.02182 0
      vertex 9.09418 6.07654 0.677825
      vertex 9.65777 6.45312 0
    endloop
  endfacet
  facet normal 0.574898 0.412012 0.706922
    outer loop
      vertex 8.67728 6.65831 0.677825
      vertex 9.25025 7.02182 0
      vertex 9.21504 7.07095 0
    endloop
  endfacet
  facet normal 0.574914 0.411987 0.706923
    outer loop
      vertex 9.25025 7.02182 0
      vertex 8.67728 6.65831 0.677825
      vertex 9.09418 6.07654 0.677825
    endloop
  endfacet
  facet normal 0.206437 0.455622 0.865906
    outer loop
      vertex 3.73693 7.57775 2.58723
      vertex 2.88633 6.96822 3.11074
      vertex 3.33589 6.76453 3.11074
    endloop
  endfacet
  facet normal 0.20858 0.390238 0.896777
    outer loop
      vertex 3.77117 6.53186 3.11074
      vertex 2.92057 5.92233 3.57382
      vertex 3.30166 5.71864 3.57382
    endloop
  endfacet
  facet normal 0.352578 0.429617 0.831335
    outer loop
      vertex 5.67344 7.39377 2.00555
      vertex 5.14348 6.70311 2.58723
      vertex 5.57087 6.35236 2.58723
    endloop
  endfacet
  facet normal 0.323725 0.451755 0.831336
    outer loop
      vertex 5.17772 7.749 2.00555
      vertex 4.69406 7.02516 2.58723
      vertex 5.67344 7.39377 2.00555
    endloop
  endfacet
  facet normal 0.516244 0.483482 0.706921
    outer loop
      vertex 7.73396 7.73396 0.677825
      vertex 8.25458 8.16914 0
      vertex 8.21326 8.21326 0
    endloop
  endfacet
  facet normal 0.516224 0.483504 0.70692
    outer loop
      vertex 8.25458 8.16914 0
      vertex 7.73396 7.73396 0.677825
      vertex 8.22323 7.21158 0.677825
    endloop
  endfacet
  facet normal 0.481378 0.450866 0.751661
    outer loop
      vertex 7.73396 7.73396 0.677825
      vertex 7.17734 7.17734 1.36817
      vertex 8.22323 7.21158 0.677825
    endloop
  endfacet
  facet normal 0.659195 0.0215475 0.751663
    outer loop
      vertex 10.9141 0.715344 0.677825
      vertex 10.1286 0.66386 1.36817
      vertex 10.1503 0 1.36817
    endloop
  endfacet
  facet normal 0.656371 0.0646421 0.751664
    outer loop
      vertex 10.9141 0.715344 0.677825
      vertex 10.0635 1.32488 1.36817
      vertex 10.1286 0.66386 1.36817
    endloop
  endfacet
  facet normal 0.441144 0.235794 0.865906
    outer loop
      vertex 7.31712 4.22454 2.58723
      vertex 6.76453 3.33589 3.11074
      vertex 7.57775 3.73693 2.58723
    endloop
  endfacet
  facet normal 0.441136 0.2358 0.865908
    outer loop
      vertex 7.31712 4.22454 2.58723
      vertex 6.53186 3.77117 3.11074
      vertex 6.76453 3.33589 3.11074
    endloop
  endfacet
  facet normal 0.497795 0.0490316 0.865907
    outer loop
      vertex 8.3768 1.10283 2.58723
      vertex 7.47782 0.984473 3.11074
      vertex 7.5262 0.493293 3.11074
    endloop
  endfacet
  facet normal 0.555471 0.0181805 0.831337
    outer loop
      vertex 9.29969 0.609533 2.00555
      vertex 8.43099 0.552596 2.58723
      vertex 9.31964 0 2.00555
    endloop
  endfacet
  facet normal 0.541253 0.126204 0.831335
    outer loop
      vertex 9.00208 2.4121 2.00555
      vertex 8.16119 2.18678 2.58723
      vertex 8.28674 1.64833 2.58723
    endloop
  endfacet
  facet normal 0.593057 0.138287 0.793196
    outer loop
      vertex 9.95526 1.98022 1.36817
      vertex 9.00208 2.4121 2.00555
      vertex 9.14057 1.81817 2.00555
    endloop
  endfacet
  facet normal 0.650744 0.107448 0.751656
    outer loop
      vertex 10.7273 2.1338 0.677825
      vertex 9.95526 1.98022 1.36817
      vertex 10.8439 1.42763 0.677825
    endloop
  endfacet
  facet normal 0.64233 0.149748 0.751657
    outer loop
      vertex 10.5648 2.83083 0.677825
      vertex 9.95526 1.98022 1.36817
      vertex 10.7273 2.1338 0.677825
    endloop
  endfacet
  facet normal 0.593056 0.138282 0.793197
    outer loop
      vertex 9.80443 2.62709 1.36817
      vertex 9.00208 2.4121 2.00555
      vertex 9.95526 1.98022 1.36817
    endloop
  endfacet
  facet normal 0.582745 0.176771 0.793196
    outer loop
      vertex 9.61162 3.2627 1.36817
      vertex 8.82505 2.9957 2.00555
      vertex 9.00208 2.4121 2.00555
    endloop
  endfacet
  facet normal 0.537064 0.28706 0.793195
    outer loop
      vertex 8.79041 5.07515 1.36817
      vertex 8.07105 4.65982 2.00555
      vertex 8.35853 4.12197 2.00555
    endloop
  endfacet
  facet normal 0.517136 0.321575 0.793196
    outer loop
      vertex 8.79041 5.07515 1.36817
      vertex 7.749 5.17772 2.00555
      vertex 8.07105 4.65982 2.00555
    endloop
  endfacet
  facet normal 0.455612 0.206446 0.865909
    outer loop
      vertex 7.57775 3.73693 2.58723
      vertex 6.96822 2.88633 3.11074
      vertex 7.80594 3.23333 2.58723
    endloop
  endfacet
  facet normal 0.468145 0.176203 0.865906
    outer loop
      vertex 8.00069 2.71587 2.58723
      vertex 6.96822 2.88633 3.11074
      vertex 7.14208 2.42441 3.11074
    endloop
  endfacet
  facet normal 0.582743 0.176773 0.793197
    outer loop
      vertex 9.61162 3.2627 1.36817
      vertex 9.00208 2.4121 2.00555
      vertex 9.80443 2.62709 1.36817
    endloop
  endfacet
  facet normal 0.631158 0.19146 0.751653
    outer loop
      vertex 10.357 3.51574 0.677825
      vertex 9.61162 3.2627 1.36817
      vertex 9.80443 2.62709 1.36817
    endloop
  endfacet
  facet normal 0.64233 -0.149748 0.751657
    outer loop
      vertex 10.7273 -2.1338 0.677825
      vertex 9.95526 -1.98022 1.36817
      vertex 10.5648 -2.83083 0.677825
    endloop
  endfacet
  facet normal 0.642313 -0.149768 0.751667
    outer loop
      vertex 9.95526 -1.98022 1.36817
      vertex 9.80443 -2.62709 1.36817
      vertex 10.5648 -2.83083 0.677825
    endloop
  endfacet
  facet normal 0.608624 -0.0198945 0.793209
    outer loop
      vertex 10.1503 0 1.36817
      vertex 9.29969 -0.609533 2.00555
      vertex 10.1286 -0.66386 1.36817
    endloop
  endfacet
  facet normal 0.608636 -0.0199206 0.7932
    outer loop
      vertex 9.31964 0 2.00555
      vertex 9.29969 -0.609533 2.00555
      vertex 10.1503 0 1.36817
    endloop
  endfacet
  facet normal 0.659195 -0.0215475 0.751663
    outer loop
      vertex 10.1503 0 1.36817
      vertex 10.1286 -0.66386 1.36817
      vertex 10.9141 -0.715344 0.677825
    endloop
  endfacet
  facet normal 0.656371 -0.0646421 0.751664
    outer loop
      vertex 10.1286 -0.66386 1.36817
      vertex 10.0635 -1.32488 1.36817
      vertex 10.9141 -0.715344 0.677825
    endloop
  endfacet
  facet normal 0.317298 0.0523794 0.946878
    outer loop
      vertex 5.52771 1.09953 3.97449
      vertex 4.55531 0.906107 4.31104
      vertex 5.58778 0.735645 3.97449
    endloop
  endfacet
  facet normal 0.313191 0.0730287 0.946878
    outer loop
      vertex 5.44396 1.4587 3.97449
      vertex 4.55531 0.906107 4.31104
      vertex 5.52771 1.09953 3.97449
    endloop
  endfacet
  facet normal 0.320046 0.0315213 0.946877
    outer loop
      vertex 5.58778 0.735645 3.97449
      vertex 4.60482 0.606236 4.31104
      vertex 4.63461 0.303768 4.31104
    endloop
  endfacet
  facet normal 0.257705 0.0253813 0.96589
    outer loop
      vertex 4.60482 0.606236 4.31104
      vertex 3.60214 0.47423 4.58203
      vertex 4.63461 0.303768 4.31104
    endloop
  endfacet
  facet normal 0.0531842 0.0381135 0.997857
    outer loop
      vertex 1.24419 0.954704 4.92296
      vertex 0.415324 0.318689 4.99143
      vertex 1.30397 0.871286 4.92296
    endloop
  endfacet
  facet normal 0.106157 0.0760753 0.991435
    outer loop
      vertex 2.06774 1.58663 4.78629
      vertex 1.24419 0.954704 4.92296
      vertex 1.30397 0.871286 4.92296
    endloop
  endfacet
  facet normal 0.0270069 0.0595968 0.997857
    outer loop
      vertex 0.600152 1.4489 4.92296
      vertex 0.200336 0.483655 4.99143
      vertex 0.693629 1.40654 4.92296
    endloop
  endfacet
  facet normal 0.0637218 0.0148555 0.997857
    outer loop
      vertex 1.51484 0.405899 4.92296
      vertex 0.513446 0.10213 4.99143
      vertex 1.53814 0.305955 4.92296
    endloop
  endfacet
  facet normal 0.0595988 0.0270032 0.997857
    outer loop
      vertex 1.40654 0.693629 4.92296
      vertex 0.469517 0.23154 4.99143
      vertex 0.483655 0.200336 4.99143
    endloop
  endfacet
  facet normal 0.200174 0.164276 0.96589
    outer loop
      vertex 3.49196 3.06237 4.31104
      vertex 2.7316 2.39555 4.58203
      vertex 2.88243 2.21176 4.58203
    endloop
  endfacet
  facet normal 0.188994 0.177024 0.96589
    outer loop
      vertex 3.49196 3.06237 4.31104
      vertex 2.56907 2.56907 4.58203
      vertex 2.7316 2.39555 4.58203
    endloop
  endfacet
  facet normal 0.23587 0.106876 0.96589
    outer loop
      vertex 4.16557 2.05423 4.31104
      vertex 3.25854 1.60693 4.58203
      vertex 4.29101 1.77739 4.31104
    endloop
  endfacet
  facet normal 0.292923 0.132727 0.946879
    outer loop
      vertex 5.05478 2.49274 3.97449
      vertex 4.16557 2.05423 4.31104
      vertex 4.29101 1.77739 4.31104
    endloop
  endfacet
  facet normal 0.261411 0.187319 0.946877
    outer loop
      vertex 4.47134 3.43098 3.97449
      vertex 3.86181 2.58038 4.31104
      vertex 4.68616 3.13119 3.97449
    endloop
  endfacet
  facet normal 0.210484 0.150836 0.965891
    outer loop
      vertex 3.68477 2.82743 4.31104
      vertex 3.02091 2.01851 4.58203
      vertex 3.86181 2.58038 4.31104
    endloop
  endfacet
  facet normal 0.165755 0.103074 0.980765
    outer loop
      vertex 3.02091 2.01851 4.58203
      vertex 2.25715 1.30316 4.78629
      vertex 3.14646 1.81661 4.58203
    endloop
  endfacet
  facet normal 0.172141 0.0920142 0.980765
    outer loop
      vertex 3.14646 1.81661 4.58203
      vertex 2.25715 1.30316 4.78629
      vertex 3.25854 1.60693 4.58203
    endloop
  endfacet
  facet normal 0.110906 0.0689682 0.991435
    outer loop
      vertex 2.16708 1.448 4.78629
      vertex 1.30397 0.871286 4.92296
      vertex 2.25715 1.30316 4.78629
    endloop
  endfacet
  facet normal 0.165754 0.103075 0.980766
    outer loop
      vertex 3.02091 2.01851 4.58203
      vertex 2.16708 1.448 4.78629
      vertex 2.25715 1.30316 4.78629
    endloop
  endfacet
  facet normal 0.118961 0.0539013 0.991435
    outer loop
      vertex 2.33754 1.15275 4.78629
      vertex 1.4489 0.600152 4.92296
      vertex 2.40793 0.997398 4.78629
    endloop
  endfacet
  facet normal 0.122231 0.0460065 0.991435
    outer loop
      vertex 2.40793 0.997398 4.78629
      vertex 1.4489 0.600152 4.92296
      vertex 2.46801 0.837776 4.78629
    endloop
  endfacet
  facet normal 0.150884 0.123825 0.980766
    outer loop
      vertex 2.7316 2.39555 4.58203
      vertex 1.95954 1.71847 4.78629
      vertex 2.88243 2.21176 4.58203
    endloop
  endfacet
  facet normal 0.142457 0.133434 0.980766
    outer loop
      vertex 2.56907 2.56907 4.58203
      vertex 1.95954 1.71847 4.78629
      vertex 2.7316 2.39555 4.58203
    endloop
  endfacet
  facet normal 0.103075 0.165754 0.980766
    outer loop
      vertex 2.01851 3.02091 4.58203
      vertex 1.30316 2.25715 4.78629
      vertex 1.448 2.16708 4.78629
    endloop
  endfacet
  facet normal 0.0308451 0.0577042 0.997857
    outer loop
      vertex 0.693629 1.40654 4.92296
      vertex 0.261752 0.453368 4.99143
      vertex 0.784137 1.35816 4.92296
    endloop
  endfacet
  facet normal 0.106869 0.235871 0.96589
    outer loop
      vertex 1.77739 4.29101 4.31104
      vertex 1.39037 3.35666 4.58203
      vertex 1.60693 3.25854 4.58203
    endloop
  endfacet
  facet normal 0.0539013 0.118961 0.991435
    outer loop
      vertex 0.997398 2.40793 4.78629
      vertex 0.600152 1.4489 4.92296
      vertex 1.15275 2.33754 4.78629
    endloop
  endfacet
  facet normal 0.0379114 0.124979 0.991435
    outer loop
      vertex 0.837776 2.46801 4.78629
      vertex 0.405899 1.51484 4.92296
      vertex 0.504105 1.48505 4.92296
    endloop
  endfacet
  facet normal 0.00641374 0.0651153 0.997857
    outer loop
      vertex 0.2047 1.55486 4.92296
      vertex 0.0342388 0.522384 4.99143
      vertex 0.0683308 0.519026 4.99143
    endloop
  endfacet
  facet normal -0.0615674 0.115179 0.991435
    outer loop
      vertex -0.693629 1.40654 4.92296
      vertex -1.30316 2.25715 4.78629
      vertex -0.784137 1.35816 4.92296
    endloop
  endfacet
  facet normal -0.00641398 0.0651153 0.997857
    outer loop
      vertex -0.10257 1.56492 4.92296
      vertex -0.2047 1.55486 4.92296
      vertex -0.0342388 0.522384 4.99143
    endloop
  endfacet
  facet normal -0.490147 0.261986 0.831336
    outer loop
      vertex -7.31712 4.22454 2.58723
      vertex -8.35853 4.12197 2.00555
      vertex -7.57775 3.73693 2.58723
    endloop
  endfacet
  facet normal -0.506231 0.229376 0.831335
    outer loop
      vertex -8.35853 4.12197 2.00555
      vertex -8.61023 3.56647 2.00555
      vertex -7.80594 3.23333 2.58723
    endloop
  endfacet
  facet normal -0.441136 0.2358 0.865908
    outer loop
      vertex -6.53186 3.77117 3.11074
      vertex -7.31712 4.22454 2.58723
      vertex -6.76453 3.33589 3.11074
    endloop
  endfacet
  facet normal -0.311205 0.223002 0.923808
    outer loop
      vertex -5.23876 4.01984 3.57382
      vertex -5.49045 3.6686 3.57382
      vertex -4.68616 3.13119 3.97449
    endloop
  endfacet
  facet normal -0.255493 0.0421831 0.96589
    outer loop
      vertex -4.55531 0.906107 4.31104
      vertex -4.60482 0.606236 4.31104
      vertex -3.56341 0.708806 4.58203
    endloop
  endfacet
  facet normal -0.19425 0.0191289 0.980765
    outer loop
      vertex -3.60214 0.47423 4.58203
      vertex -3.62544 0.237623 4.58203
      vertex -2.60075 0.170462 4.78629
    endloop
  endfacet
  facet normal -0.12719 0.0296579 0.991435
    outer loop
      vertex -2.51752 0.674566 4.78629
      vertex -2.55625 0.508469 4.78629
      vertex -1.51484 0.405899 4.92296
    endloop
  endfacet
  facet normal -0.19009 0.0443247 0.980766
    outer loop
      vertex -2.51752 0.674566 4.78629
      vertex -3.56341 0.708806 4.58203
      vertex -2.55625 0.508469 4.78629
    endloop
  endfacet
  facet normal -0.659187 0.021563 0.75167
    outer loop
      vertex -10.9141 0.715344 0.677825
      vertex -10.9375 0 0.677825
      vertex -10.1503 0 1.36817
    endloop
  endfacet
  facet normal -0.659187 -0.021563 0.75167
    outer loop
      vertex -10.1503 0 1.36817
      vertex -10.9375 0 0.677825
      vertex -10.9141 -0.715344 0.677825
    endloop
  endfacet
  facet normal -0.593056 0.138282 0.793197
    outer loop
      vertex -9.80443 2.62709 1.36817
      vertex -9.95526 1.98022 1.36817
      vertex -9.00208 2.4121 2.00555
    endloop
  endfacet
  facet normal -0.600807 0.0992329 0.793211
    outer loop
      vertex -9.95526 1.98022 1.36817
      vertex -10.0635 1.32488 1.36817
      vertex -9.23991 1.21646 2.00555
    endloop
  endfacet
  facet normal -0.697736 0.115841 0.706927
    outer loop
      vertex -11.402 2.2064 0
      vertex -10.7273 2.1338 0.677825
      vertex -11.3921 2.26603 0
    endloop
  endfacet
  facet normal -0.697821 0.115221 0.706944
    outer loop
      vertex -10.7273 2.1338 0.677825
      vertex -11.402 2.2064 0
      vertex -10.8439 1.42763 0.677825
    endloop
  endfacet
  facet normal -0.688827 0.160641 0.706903
    outer loop
      vertex -11.2195 3.00626 0
      vertex -11.3784 2.3249 0
      vertex -10.5648 2.83083 0.677825
    endloop
  endfacet
  facet normal -0.688813 0.160584 0.706929
    outer loop
      vertex -11.3784 2.3249 0
      vertex -10.7273 2.1338 0.677825
      vertex -10.5648 2.83083 0.677825
    endloop
  endfacet
  facet normal -0.688884 0.160315 0.706921
    outer loop
      vertex -10.7273 2.1338 0.677825
      vertex -11.3784 2.3249 0
      vertex -11.3921 2.26603 0
    endloop
  endfacet
  facet normal -0.553095 -0.0544718 0.831336
    outer loop
      vertex -8.43099 -0.552596 2.58723
      vertex -9.23991 -1.21646 2.00555
      vertex -8.3768 -1.10283 2.58723
    endloop
  endfacet
  facet normal -0.440346 -0.0433729 0.89678
    outer loop
      vertex -6.58917 -0.431877 3.57382
      vertex -7.5262 -0.493293 3.11074
      vertex -7.47782 -0.984473 3.11074
    endloop
  endfacet
  facet normal -0.440349 -0.0433664 0.896779
    outer loop
      vertex -6.58917 -0.431877 3.57382
      vertex -7.47782 -0.984473 3.11074
      vertex -6.54682 -0.861905 3.57382
    endloop
  endfacet
  facet normal -0.497795 -0.0490316 0.865907
    outer loop
      vertex -7.5262 -0.493293 3.11074
      vertex -8.3768 -1.10283 2.58723
      vertex -7.47782 -0.984473 3.11074
    endloop
  endfacet
  facet normal -0.606014 0.0596827 0.793212
    outer loop
      vertex -10.0635 1.32488 1.36817
      vertex -10.1286 0.66386 1.36817
      vertex -9.23991 1.21646 2.00555
    endloop
  endfacet
  facet normal -0.497798 0.0490259 0.865906
    outer loop
      vertex -8.3768 1.10283 2.58723
      vertex -8.43099 0.552596 2.58723
      vertex -7.5262 0.493293 3.11074
    endloop
  endfacet
  facet normal -0.390228 0.208588 0.896779
    outer loop
      vertex -6.53186 3.77117 3.11074
      vertex -6.76453 3.33589 3.11074
      vertex -5.92233 2.92057 3.57382
    endloop
  endfacet
  facet normal -0.468145 0.17619 0.865909
    outer loop
      vertex -7.80594 3.23333 2.58723
      vertex -8.00069 2.71587 2.58723
      vertex -6.96822 2.88633 3.11074
    endloop
  endfacet
  facet normal -0.548348 0.0905301 0.831336
    outer loop
      vertex -9.14057 1.81817 2.00555
      vertex -9.23991 1.21646 2.00555
      vertex -8.3768 1.10283 2.58723
    endloop
  endfacet
  facet normal -0.553095 0.0544718 0.831336
    outer loop
      vertex -8.3768 1.10283 2.58723
      vertex -9.23991 1.21646 2.00555
      vertex -8.43099 0.552596 2.58723
    endloop
  endfacet
  facet normal -0.372855 0.0869411 0.923807
    outer loop
      vertex -5.44396 1.4587 3.97449
      vertex -6.47643 1.28824 3.57382
      vertex -5.52771 1.09953 3.97449
    endloop
  endfacet
  facet normal -0.430919 0.100475 0.896779
    outer loop
      vertex -6.37831 1.70906 3.57382
      vertex -7.28535 1.9521 3.11074
      vertex -6.47643 1.28824 3.57382
    endloop
  endfacet
  facet normal -0.531839 0.161329 0.831336
    outer loop
      vertex -8.82505 2.9957 2.00555
      vertex -9.00208 2.4121 2.00555
      vertex -8.00069 2.71587 2.58723
    endloop
  endfacet
  facet normal -0.631158 0.19146 0.751653
    outer loop
      vertex -9.61162 3.2627 1.36817
      vertex -10.357 3.51574 0.677825
      vertex -9.80443 2.62709 1.36817
    endloop
  endfacet
  facet normal -0.195085 0.00638603 0.980765
    outer loop
      vertex -2.60075 0.170462 4.78629
      vertex -3.63322 0 4.58203
      vertex -2.60633 0 4.78629
    endloop
  endfacet
  facet normal -0.195085 -0.00638603 0.980765
    outer loop
      vertex -2.60633 0 4.78629
      vertex -3.63322 0 4.58203
      vertex -2.60075 -0.170462 4.78629
    endloop
  endfacet
  facet normal -0.0651153 0.00641374 0.997857
    outer loop
      vertex -0.519026 0.0683308 4.99143
      vertex -1.55486 0.2047 4.92296
      vertex -0.522384 0.0342388 4.99143
    endloop
  endfacet
  facet normal -0.0645566 0.0106578 0.997857
    outer loop
      vertex -0.513446 0.10213 4.99143
      vertex -1.55486 0.2047 4.92296
      vertex -0.519026 0.0683308 4.99143
    endloop
  endfacet
  facet normal -0.194249 0.0191351 0.980766
    outer loop
      vertex -2.58403 0.340194 4.78629
      vertex -3.60214 0.47423 4.58203
      vertex -2.60075 0.170462 4.78629
    endloop
  endfacet
  facet normal -0.192582 0.0317966 0.980766
    outer loop
      vertex -3.56341 0.708806 4.58203
      vertex -3.60214 0.47423 4.58203
      vertex -2.55625 0.508469 4.78629
    endloop
  endfacet
  facet normal -0.124979 0.0379125 0.991435
    outer loop
      vertex -2.46801 0.837776 4.78629
      vertex -2.51752 0.674566 4.78629
      vertex -1.51484 0.405899 4.92296
    endloop
  endfacet
  facet normal -0.177789 0.0805564 0.980766
    outer loop
      vertex -2.33754 1.15275 4.78629
      vertex -3.25854 1.60693 4.58203
      vertex -2.40793 0.997398 4.78629
    endloop
  endfacet
  facet normal -0.0612359 0.0230497 0.997857
    outer loop
      vertex -0.483655 0.200336 4.99143
      vertex -1.4489 0.600152 4.92296
      vertex -0.495723 0.168275 4.99143
    endloop
  endfacet
  facet normal -0.0531847 0.0381127 0.997857
    outer loop
      vertex -0.415324 0.318689 4.99143
      vertex -1.30397 0.871286 4.92296
      vertex -0.435278 0.290844 4.99143
    endloop
  endfacet
  facet normal -0.110908 0.0689638 0.991435
    outer loop
      vertex -1.30397 0.871286 4.92296
      vertex -2.25715 1.30316 4.78629
      vertex -1.35816 0.784137 4.92296
    endloop
  endfacet
  facet normal -0.142457 0.133434 0.980766
    outer loop
      vertex -2.56907 2.56907 4.58203
      vertex -2.7316 2.39555 4.58203
      vertex -1.95954 1.71847 4.78629
    endloop
  endfacet
  facet normal -0.106157 0.0760753 0.991435
    outer loop
      vertex -1.24419 0.954704 4.92296
      vertex -2.06774 1.58663 4.78629
      vertex -1.30397 0.871286 4.92296
    endloop
  endfacet
  facet normal -0.0555647 0.0345506 0.997857
    outer loop
      vertex -1.30397 0.871286 4.92296
      vertex -1.35816 0.784137 4.92296
      vertex -0.435278 0.290844 4.99143
    endloop
  endfacet
  facet normal -0.0555645 0.0345511 0.997857
    outer loop
      vertex -0.435278 0.290844 4.99143
      vertex -1.35816 0.784137 4.92296
      vertex -0.453368 0.261752 4.99143
    endloop
  endfacet
  facet normal -0.0381135 0.0531842 0.997857
    outer loop
      vertex -0.871286 1.30397 4.92296
      vertex -0.954704 1.24419 4.92296
      vertex -0.318689 0.415324 4.99143
    endloop
  endfacet
  facet normal -0.150883 0.123828 0.980766
    outer loop
      vertex -1.95954 1.71847 4.78629
      vertex -2.88243 2.21176 4.58203
      vertex -2.06774 1.58663 4.78629
    endloop
  endfacet
  facet normal -0.0308451 0.0577042 0.997857
    outer loop
      vertex -0.693629 1.40654 4.92296
      vertex -0.784137 1.35816 4.92296
      vertex -0.261752 0.453368 4.99143
    endloop
  endfacet
  facet normal -0.0148578 0.0637211 0.997857
    outer loop
      vertex -0.10213 0.513446 4.99143
      vertex -0.405899 1.51484 4.92296
      vertex -0.135492 0.505667 4.99143
    endloop
  endfacet
  facet normal -0.132727 0.292923 0.946879
    outer loop
      vertex -1.77739 4.29101 4.31104
      vertex -2.49274 5.05478 3.97449
      vertex -2.05423 4.16557 4.31104
    endloop
  endfacet
  facet normal 0.0315213 0.320046 0.946877
    outer loop
      vertex 0.735645 5.58778 3.97449
      vertex 0.303768 4.63461 4.31104
      vertex 0.606236 4.60482 4.31104
    endloop
  endfacet
  facet normal -0.0443248 0.19009 0.980766
    outer loop
      vertex -0.708806 3.56341 4.58203
      vertex -0.940346 3.50942 4.58203
      vertex -0.674566 2.51752 4.78629
    endloop
  endfacet
  facet normal 0.0588045 0.252187 0.96589
    outer loop
      vertex 1.2021 4.48629 4.31104
      vertex 0.708806 3.56341 4.58203
      vertex 0.940346 3.50942 4.58203
    endloop
  endfacet
  facet normal 0.0751744 0.247801 0.96589
    outer loop
      vertex 1.2021 4.48629 4.31104
      vertex 0.940346 3.50942 4.58203
      vertex 1.16786 3.4404 4.58203
    endloop
  endfacet
  facet normal 0.0805564 0.177789 0.980766
    outer loop
      vertex 1.60693 3.25854 4.58203
      vertex 0.997398 2.40793 4.78629
      vertex 1.15275 2.33754 4.78629
    endloop
  endfacet
  facet normal 0.0920142 0.172141 0.980765
    outer loop
      vertex 1.60693 3.25854 4.58203
      vertex 1.30316 2.25715 4.78629
      vertex 1.81661 3.14646 4.58203
    endloop
  endfacet
  facet normal 0.0317928 0.192582 0.980766
    outer loop
      vertex 0.47423 3.60214 4.58203
      vertex 0.340194 2.58403 4.78629
      vertex 0.508469 2.55625 4.78629
    endloop
  endfacet
  facet normal 0.0566639 0.186784 0.980765
    outer loop
      vertex 0.940346 3.50942 4.58203
      vertex 0.674566 2.51752 4.78629
      vertex 1.16786 3.4404 4.58203
    endloop
  endfacet
  facet normal -0.0814821 0.493521 0.865908
    outer loop
      vertex -0.984473 7.47782 3.11074
      vertex -1.64833 8.28674 2.58723
      vertex -1.47144 7.39742 3.11074
    endloop
  endfacet
  facet normal -0.134858 0.358317 0.923809
    outer loop
      vertex -2.12256 6.25288 3.57382
      vertex -2.1568 5.20699 3.97449
      vertex -1.81163 5.3369 3.97449
    endloop
  endfacet
  facet normal -0.0720797 0.436569 0.896779
    outer loop
      vertex -0.984473 7.47782 3.11074
      vertex -1.28824 6.47643 3.57382
      vertex -0.861905 6.54682 3.57382
    endloop
  endfacet
  facet normal -0.0125283 0.382651 0.923808
    outer loop
      vertex 0 6.60331 3.57382
      vertex -0.431877 6.58917 3.57382
      vertex 0 5.636 3.97449
    endloop
  endfacet
  facet normal -0.07303 0.31319 0.946878
    outer loop
      vertex -0.906107 4.55531 4.31104
      vertex -1.4587 5.44396 3.97449
      vertex -1.2021 4.48629 4.31104
    endloop
  endfacet
  facet normal -0.0869411 0.372855 0.923807
    outer loop
      vertex -1.28824 6.47643 3.57382
      vertex -1.4587 5.44396 3.97449
      vertex -1.09953 5.52771 3.97449
    endloop
  endfacet
  facet normal -0.0751652 0.247801 0.965891
    outer loop
      vertex -1.2021 4.48629 4.31104
      vertex -1.49294 4.39807 4.31104
      vertex -1.16786 3.4404 4.58203
    endloop
  endfacet
  facet normal -0.180482 0.337648 0.923807
    outer loop
      vertex -2.49274 5.05478 3.97449
      vertex -2.92057 5.92233 3.57382
      vertex -2.818 4.88092 3.97449
    endloop
  endfacet
  facet normal -0.208588 0.390228 0.896779
    outer loop
      vertex -3.33589 6.76453 3.11074
      vertex -3.77117 6.53186 3.11074
      vertex -2.92057 5.92233 3.57382
    endloop
  endfacet
  facet normal -0.429617 0.352578 0.831335
    outer loop
      vertex -6.35236 5.57087 2.58723
      vertex -7.39377 5.67344 2.00555
      vertex -6.70311 5.14348 2.58723
    endloop
  endfacet
  facet normal -0.176203 0.468145 0.865906
    outer loop
      vertex -2.71587 8.00069 2.58723
      vertex -2.88633 6.96822 3.11074
      vertex -2.42441 7.14208 3.11074
    endloop
  endfacet
  facet normal -0.17619 0.468145 0.865909
    outer loop
      vertex -2.71587 8.00069 2.58723
      vertex -3.23333 7.80594 2.58723
      vertex -2.88633 6.96822 3.11074
    endloop
  endfacet
  facet normal -0.164277 0.200172 0.96589
    outer loop
      vertex -2.82743 3.68477 4.31104
      vertex -3.06237 3.49196 4.31104
      vertex -2.21176 2.88243 4.58203
    endloop
  endfacet
  facet normal -0.0539013 0.118961 0.991435
    outer loop
      vertex -0.997398 2.40793 4.78629
      vertex -1.15275 2.33754 4.78629
      vertex -0.600152 1.4489 4.92296
    endloop
  endfacet
  facet normal -0.219902 0.136744 0.96589
    outer loop
      vertex -3.02091 2.01851 4.58203
      vertex -4.0223 2.32228 4.31104
      vertex -3.14646 1.81661 4.58203
    endloop
  endfacet
  facet normal -0.204019 0.248594 0.946878
    outer loop
      vertex -3.43098 4.47134 3.97449
      vertex -3.71607 4.23737 3.97449
      vertex -3.06237 3.49196 4.31104
    endloop
  endfacet
  facet normal -0.283622 0.151593 0.946878
    outer loop
      vertex -4.0223 2.32228 4.31104
      vertex -4.88092 2.818 3.97449
      vertex -4.16557 2.05423 4.31104
    endloop
  endfacet
  facet normal -0.165755 0.103074 0.980765
    outer loop
      vertex -3.02091 2.01851 4.58203
      vertex -3.14646 1.81661 4.58203
      vertex -2.25715 1.30316 4.78629
    endloop
  endfacet
  facet normal -0.272205 0.600762 0.751658
    outer loop
      vertex -4.18559 10.1049 0.677825
      vertex -4.48936 9.10352 1.36817
      vertex -3.88435 9.37765 1.36817
    endloop
  endfacet
  facet normal -0.229376 0.506231 0.831335
    outer loop
      vertex -3.56647 8.61023 2.00555
      vertex -4.12197 8.35853 2.00555
      vertex -3.23333 7.80594 2.58723
    endloop
  endfacet
  facet normal -0.2358 0.441136 0.865908
    outer loop
      vertex -3.33589 6.76453 3.11074
      vertex -4.22454 7.31712 2.58723
      vertex -3.77117 6.53186 3.11074
    endloop
  endfacet
  facet normal -0.261986 0.490147 0.831336
    outer loop
      vertex -4.12197 8.35853 2.00555
      vertex -4.22454 7.31712 2.58723
      vertex -3.73693 7.57775 2.58723
    endloop
  endfacet
  facet normal -0.470742 0.386325 0.793193
    outer loop
      vertex -7.00688 6.14487 2.00555
      vertex -7.63139 6.69255 1.36817
      vertex -7.39377 5.67344 2.00555
    endloop
  endfacet
  facet normal -0.29348 0.471964 0.831336
    outer loop
      vertex -4.22454 7.31712 2.58723
      vertex -5.17772 7.749 2.00555
      vertex -4.69406 7.02516 2.58723
    endloop
  endfacet
  facet normal -0.261712 0.279432 0.92381
    outer loop
      vertex -4.35387 4.96463 3.57382
      vertex -4.66925 4.66925 3.57382
      vertex -3.98525 3.98525 3.97449
    endloop
  endfacet
  facet normal -0.24288 0.295951 0.923809
    outer loop
      vertex -4.01984 5.23876 3.57382
      vertex -4.35387 4.96463 3.57382
      vertex -3.71607 4.23737 3.97449
    endloop
  endfacet
  facet normal -0.180471 0.33765 0.923809
    outer loop
      vertex -2.92057 5.92233 3.57382
      vertex -3.30166 5.71864 3.57382
      vertex -2.818 4.88092 3.97449
    endloop
  endfacet
  facet normal -0.223002 0.311205 0.923808
    outer loop
      vertex -3.6686 5.49045 3.57382
      vertex -4.01984 5.23876 3.57382
      vertex -3.13119 4.68616 3.97449
    endloop
  endfacet
  facet normal -0.470732 0.38633 0.793197
    outer loop
      vertex -7.63139 6.69255 1.36817
      vertex -8.05277 6.17911 1.36817
      vertex -7.39377 5.67344 2.00555
    endloop
  endfacet
  facet normal -0.471964 0.29348 0.831336
    outer loop
      vertex -7.02516 4.69406 2.58723
      vertex -7.749 5.17772 2.00555
      vertex -7.31712 4.22454 2.58723
    endloop
  endfacet
  facet normal -0.451757 0.323724 0.831335
    outer loop
      vertex -6.70311 5.14348 2.58723
      vertex -7.39377 5.67344 2.00555
      vertex -7.02516 4.69406 2.58723
    endloop
  endfacet
  facet normal -0.322949 0.302482 0.896777
    outer loop
      vertex -5.33324 5.33324 3.11074
      vertex -5.67064 4.97301 3.11074
      vertex -4.66925 4.66925 3.57382
    endloop
  endfacet
  facet normal -0.623772 0.333474 0.706898
    outer loop
      vertex -10.0876 5.75434 0
      vertex -9.47213 5.46874 0.677825
      vertex -10.0591 5.80765 0
    endloop
  endfacet
  facet normal -0.623797 0.333422 0.706899
    outer loop
      vertex -9.47213 5.46874 0.677825
      vertex -10.0876 5.75434 0
      vertex -9.80952 4.83752 0.677825
    endloop
  endfacet
  facet normal -0.581671 0.310906 0.751662
    outer loop
      vertex -9.47213 5.46874 0.677825
      vertex -9.80952 4.83752 0.677825
      vertex -8.79041 5.07515 1.36817
    endloop
  endfacet
  facet normal -0.494997 0.354706 0.793197
    outer loop
      vertex -8.05277 6.17911 1.36817
      vertex -8.43966 5.6392 1.36817
      vertex -7.39377 5.67344 2.00555
    endloop
  endfacet
  facet normal -0.536116 0.384171 0.75166
    outer loop
      vertex -8.05277 6.17911 1.36817
      vertex -8.67728 6.65831 0.677825
      vertex -8.43966 5.6392 1.36817
    endloop
  endfacet
  facet normal -0.600649 0.373503 0.706906
    outer loop
      vertex -10.0272 5.85898 0
      vertex -9.47213 5.46874 0.677825
      vertex -9.09418 6.07654 0.677825
    endloop
  endfacet
  facet normal -0.600752 0.373349 0.7069
    outer loop
      vertex -9.47213 5.46874 0.677825
      vertex -10.0272 5.85898 0
      vertex -10.0591 5.80765 0
    endloop
  endfacet
  facet normal -0.450857 0.481381 0.751665
    outer loop
      vertex -6.69255 7.63139 1.36817
      vertex -7.21158 8.22323 0.677825
      vertex -7.17734 7.17734 1.36817
    endloop
  endfacet
  facet normal -0.354712 0.494997 0.793195
    outer loop
      vertex -5.6392 8.43966 1.36817
      vertex -5.67344 7.39377 2.00555
      vertex -5.17772 7.749 2.00555
    endloop
  endfacet
  facet normal -0.546759 0.448688 0.706918
    outer loop
      vertex -8.77119 7.61178 0
      vertex -8.22323 7.21158 0.677825
      vertex -8.73285 7.6585 0
    endloop
  endfacet
  facet normal -0.54675 0.448699 0.706918
    outer loop
      vertex -8.22323 7.21158 0.677825
      vertex -8.77119 7.61178 0
      vertex -8.67728 6.65831 0.677825
    endloop
  endfacet
  facet normal -0.28706 0.537064 0.793195
    outer loop
      vertex -4.12197 8.35853 2.00555
      vertex -5.07515 8.79041 1.36817
      vertex -4.65982 8.07105 2.00555
    endloop
  endfacet
  facet normal -0.516244 0.483482 0.706921
    outer loop
      vertex -8.25458 8.16914 0
      vertex -7.73396 7.73396 0.677825
      vertex -8.21326 8.21326 0
    endloop
  endfacet
  facet normal -0.516224 0.483504 0.70692
    outer loop
      vertex -7.73396 7.73396 0.677825
      vertex -8.25458 8.16914 0
      vertex -8.22323 7.21158 0.677825
    endloop
  endfacet
  facet normal 0.25133 0.554683 0.793196
    outer loop
      vertex 3.88435 9.37765 1.36817
      vertex 3.56647 8.61023 2.00555
      vertex 4.12197 8.35853 2.00555
    endloop
  endfacet
  facet normal 0.249225 0.661909 0.706939
    outer loop
      vertex 3.51574 10.357 0.677825
      vertex 3.79019 10.9776 0
      vertex 3.73362 10.9989 0
    endloop
  endfacet
  facet normal 0.249127 0.66195 0.706936
    outer loop
      vertex 3.79019 10.9776 0
      vertex 3.51574 10.357 0.677825
      vertex 4.18559 10.1049 0.677825
    endloop
  endfacet
  facet normal 0.232327 0.617285 0.751653
    outer loop
      vertex 3.51574 10.357 0.677825
      vertex 3.2627 9.61162 1.36817
      vertex 3.88435 9.37765 1.36817
    endloop
  endfacet
  facet normal 0.214506 0.569936 0.793196
    outer loop
      vertex 3.2627 9.61162 1.36817
      vertex 2.9957 8.82505 2.00555
      vertex 3.88435 9.37765 1.36817
    endloop
  endfacet
  facet normal 0.310906 0.581671 0.751662
    outer loop
      vertex 5.46874 9.47213 0.677825
      vertex 4.83752 9.80952 0.677825
      vertex 5.07515 8.79041 1.36817
    endloop
  endfacet
  facet normal 0.412012 0.574898 0.706922
    outer loop
      vertex 7.02182 9.25025 0
      vertex 6.65831 8.67728 0.677825
      vertex 7.07095 9.21504 0
    endloop
  endfacet
  facet normal 0.411987 0.574914 0.706923
    outer loop
      vertex 6.65831 8.67728 0.677825
      vertex 7.02182 9.25025 0
      vertex 6.07654 9.09418 0.677825
    endloop
  endfacet
  facet normal 0.411981 0.574926 0.706917
    outer loop
      vertex 6.45312 9.65777 0
      vertex 6.07654 9.09418 0.677825
      vertex 7.02182 9.25025 0
    endloop
  endfacet
  facet normal 0.111134 0.366371 0.923808
    outer loop
      vertex 1.70906 6.37831 3.57382
      vertex 1.4587 5.44396 3.97449
      vertex 2.12256 6.25288 3.57382
    endloop
  endfacet
  facet normal 0.0814821 0.493521 0.865908
    outer loop
      vertex 1.64833 8.28674 2.58723
      vertex 0.984473 7.47782 3.11074
      vertex 1.47144 7.39742 3.11074
    endloop
  endfacet
  facet normal 0.0720791 0.436569 0.896779
    outer loop
      vertex 1.47144 7.39742 3.11074
      vertex 0.984473 7.47782 3.11074
      vertex 1.28824 6.47643 3.57382
    endloop
  endfacet
  facet normal 0.0720797 0.436569 0.896779
    outer loop
      vertex 0.984473 7.47782 3.11074
      vertex 0.861905 6.54682 3.57382
      vertex 1.28824 6.47643 3.57382
    endloop
  endfacet
  facet normal 0.126207 0.541251 0.831336
    outer loop
      vertex 1.81817 9.14057 2.00555
      vertex 1.64833 8.28674 2.58723
      vertex 2.4121 9.00208 2.00555
    endloop
  endfacet
  facet normal 0.0905301 0.548348 0.831336
    outer loop
      vertex 1.81817 9.14057 2.00555
      vertex 1.10283 8.3768 2.58723
      vertex 1.64833 8.28674 2.58723
    endloop
  endfacet
  facet normal 0.17619 0.468145 0.865909
    outer loop
      vertex 3.23333 7.80594 2.58723
      vertex 2.71587 8.00069 2.58723
      vertex 2.88633 6.96822 3.11074
    endloop
  endfacet
  facet normal 0.195763 0.520151 0.831336
    outer loop
      vertex 2.9957 8.82505 2.00555
      vertex 2.71587 8.00069 2.58723
      vertex 3.23333 7.80594 2.58723
    endloop
  endfacet
  facet normal 0.26172 0.279429 0.923809
    outer loop
      vertex 4.35387 4.96463 3.57382
      vertex 3.71607 4.23737 3.97449
      vertex 3.98525 3.98525 3.97449
    endloop
  endfacet
  facet normal 0.261712 0.279432 0.92381
    outer loop
      vertex 4.35387 4.96463 3.57382
      vertex 3.98525 3.98525 3.97449
      vertex 4.66925 4.66925 3.57382
    endloop
  endfacet
  facet normal 0.128441 0.423426 0.896779
    outer loop
      vertex 1.9521 7.28535 3.11074
      vertex 1.70906 6.37831 3.57382
      vertex 2.12256 6.25288 3.57382
    endloop
  endfacet
  facet normal 0.145199 0.47867 0.865906
    outer loop
      vertex 2.71587 8.00069 2.58723
      vertex 1.9521 7.28535 3.11074
      vertex 2.42441 7.14208 3.11074
    endloop
  endfacet
  facet normal 0.132722 0.292928 0.946878
    outer loop
      vertex 2.1568 5.20699 3.97449
      vertex 1.77739 4.29101 4.31104
      vertex 2.49274 5.05478 3.97449
    endloop
  endfacet
  facet normal 0.158006 0.348732 0.923807
    outer loop
      vertex 2.92057 5.92233 3.57382
      vertex 2.1568 5.20699 3.97449
      vertex 2.49274 5.05478 3.97449
    endloop
  endfacet
  facet normal 0.187319 0.261411 0.946877
    outer loop
      vertex 3.13119 4.68616 3.97449
      vertex 2.58038 3.86181 4.31104
      vertex 3.43098 4.47134 3.97449
    endloop
  endfacet
  facet normal 0.223001 0.311206 0.923808
    outer loop
      vertex 4.01984 5.23876 3.57382
      vertex 3.13119 4.68616 3.97449
      vertex 3.43098 4.47134 3.97449
    endloop
  endfacet
  facet normal 0.182611 0.403038 0.89678
    outer loop
      vertex 3.33589 6.76453 3.11074
      vertex 2.88633 6.96822 3.11074
      vertex 2.92057 5.92233 3.57382
    endloop
  endfacet
  facet normal 0.182621 0.403037 0.896778
    outer loop
      vertex 2.88633 6.96822 3.11074
      vertex 2.52698 6.10067 3.57382
      vertex 2.92057 5.92233 3.57382
    endloop
  endfacet
  facet normal -0.251327 0.554683 0.793197
    outer loop
      vertex -3.88435 9.37765 1.36817
      vertex -4.48936 9.10352 1.36817
      vertex -4.12197 8.35853 2.00555
    endloop
  endfacet
  facet normal -0.287063 0.537059 0.793197
    outer loop
      vertex -4.48936 9.10352 1.36817
      vertex -5.07515 8.79041 1.36817
      vertex -4.12197 8.35853 2.00555
    endloop
  endfacet
  facet normal -0.29135 -0.406591 0.865909
    outer loop
      vertex -4.59149 -5.98375 3.11074
      vertex -4.69406 -7.02516 2.58723
      vertex -4.1903 -6.27123 3.11074
    endloop
  endfacet
  facet normal -0.516227 -0.483503 0.706919
    outer loop
      vertex -8.22323 -7.21158 0.677825
      vertex -8.73285 -7.6585 0
      vertex -8.25458 -8.16914 0
    endloop
  endfacet
  facet normal -0.483503 -0.516227 0.706919
    outer loop
      vertex -7.21158 -8.22323 0.677825
      vertex -8.16914 -8.25458 0
      vertex -7.6585 -8.73285 0
    endloop
  endfacet
  facet normal -0.352578 -0.429617 0.831335
    outer loop
      vertex -5.57087 -6.35236 2.58723
      vertex -5.67344 -7.39377 2.00555
      vertex -5.14348 -6.70311 2.58723
    endloop
  endfacet
  facet normal -0.517136 -0.321577 0.793195
    outer loop
      vertex -7.749 -5.17772 2.00555
      vertex -8.79041 -5.07515 1.36817
      vertex -8.43966 -5.6392 1.36817
    endloop
  endfacet
  facet normal -0.560087 -0.348286 0.751664
    outer loop
      vertex -8.79041 -5.07515 1.36817
      vertex -9.09418 -6.07654 0.677825
      vertex -8.43966 -5.6392 1.36817
    endloop
  endfacet
  facet normal -0.581671 -0.310906 0.751662
    outer loop
      vertex -8.79041 -5.07515 1.36817
      vertex -9.80952 -4.83752 0.677825
      vertex -9.47213 -5.46874 0.677825
    endloop
  endfacet
  facet normal -0.623797 -0.333422 0.706899
    outer loop
      vertex -10.0876 -5.75434 0
      vertex -9.47213 -5.46874 0.677825
      vertex -9.80952 -4.83752 0.677825
    endloop
  endfacet
  facet normal -0.623772 -0.333474 0.706898
    outer loop
      vertex -9.47213 -5.46874 0.677825
      vertex -10.0876 -5.75434 0
      vertex -10.0591 -5.80765 0
    endloop
  endfacet
  facet normal -0.631158 -0.19146 0.751653
    outer loop
      vertex -9.80443 -2.62709 1.36817
      vertex -10.357 -3.51574 0.677825
      vertex -9.61162 -3.2627 1.36817
    endloop
  endfacet
  facet normal -0.617285 -0.232327 0.751653
    outer loop
      vertex -9.61162 -3.2627 1.36817
      vertex -10.357 -3.51574 0.677825
      vertex -9.37765 -3.88435 1.36817
    endloop
  endfacet
  facet normal -0.548348 -0.0905301 0.831336
    outer loop
      vertex -8.3768 -1.10283 2.58723
      vertex -9.23991 -1.21646 2.00555
      vertex -9.14057 -1.81817 2.00555
    endloop
  endfacet
  facet normal -0.600833 -0.0991952 0.793196
    outer loop
      vertex -9.23991 -1.21646 2.00555
      vertex -9.95526 -1.98022 1.36817
      vertex -9.14057 -1.81817 2.00555
    endloop
  endfacet
  facet normal -0.359669 -0.25773 0.896779
    outer loop
      vertex -5.49045 -3.6686 3.57382
      vertex -6.27123 -4.1903 3.11074
      vertex -5.23876 -4.01984 3.57382
    endloop
  endfacet
  facet normal -0.375748 -0.233667 0.896779
    outer loop
      vertex -5.71864 -3.30166 3.57382
      vertex -6.27123 -4.1903 3.11074
      vertex -5.49045 -3.6686 3.57382
    endloop
  endfacet
  facet normal -0.161329 -0.531839 0.831336
    outer loop
      vertex -2.71587 -8.00069 2.58723
      vertex -2.9957 -8.82505 2.00555
      vertex -2.4121 -9.00208 2.00555
    endloop
  endfacet
  facet normal 0.0692538 -0.703935 0.70688
    outer loop
      vertex 1.45595 -11.5219 0
      vertex 0.715344 -10.9141 0.677825
      vertex 0.759677 -11.5904 0
    endloop
  endfacet
  facet normal -0.160641 -0.688827 0.706903
    outer loop
      vertex -2.83083 -10.5648 0.677825
      vertex -3.00626 -11.2195 0
      vertex -2.3249 -11.3784 0
    endloop
  endfacet
  facet normal -0.138287 -0.593057 0.793196
    outer loop
      vertex -1.81817 -9.14057 2.00555
      vertex -2.4121 -9.00208 2.00555
      vertex -1.98022 -9.95526 1.36817
    endloop
  endfacet
  facet normal 0.138282 -0.593056 0.793197
    outer loop
      vertex 2.4121 -9.00208 2.00555
      vertex 1.98022 -9.95526 1.36817
      vertex 2.62709 -9.80443 1.36817
    endloop
  endfacet
  facet normal -0.0433664 -0.440349 0.896779
    outer loop
      vertex -0.861905 -6.54682 3.57382
      vertex -0.984473 -7.47782 3.11074
      vertex -0.431877 -6.58917 3.57382
    endloop
  endfacet
  facet normal -0.0230497 -0.0612359 0.997857
    outer loop
      vertex -0.200336 -0.483655 4.99143
      vertex -0.600152 -1.4489 4.92296
      vertex -0.168275 -0.495723 4.99143
    endloop
  endfacet
  facet normal -0.0447297 -0.0477532 0.997857
    outer loop
      vertex -0.370173 -0.370173 4.99143
      vertex -1.10894 -1.10894 4.92296
      vertex -0.345171 -0.393592 4.99143
    endloop
  endfacet
  facet normal -0.122073 -0.228375 0.96589
    outer loop
      vertex -1.81661 -3.14646 4.58203
      vertex -2.05423 -4.16557 4.31104
      vertex -1.60693 -3.25854 4.58203
    endloop
  endfacet
  facet normal -0.01066 -0.0645563 0.997857
    outer loop
      vertex -0.10213 -0.513446 4.99143
      vertex -0.305955 -1.53814 4.92296
      vertex -0.2047 -1.55486 4.92296
    endloop
  endfacet
  facet normal -0.0760723 -0.10616 0.991435
    outer loop
      vertex -0.871286 -1.30397 4.92296
      vertex -1.58663 -2.06774 4.78629
      vertex -1.448 -2.16708 4.78629
    endloop
  endfacet
  facet normal -0.0539013 -0.118961 0.991435
    outer loop
      vertex -0.600152 -1.4489 4.92296
      vertex -1.15275 -2.33754 4.78629
      vertex -0.997398 -2.40793 4.78629
    endloop
  endfacet
  facet normal -0.128857 -0.0212778 0.991435
    outer loop
      vertex -1.55486 -0.2047 4.92296
      vertex -2.55625 -0.508469 4.78629
      vertex -1.53814 -0.305955 4.92296
    endloop
  endfacet
  facet normal -0.0645563 -0.01066 0.997857
    outer loop
      vertex -0.513446 -0.10213 4.99143
      vertex -1.55486 -0.2047 4.92296
      vertex -1.53814 -0.305955 4.92296
    endloop
  endfacet
  facet normal -0.150883 -0.123828 0.980766
    outer loop
      vertex -2.06774 -1.58663 4.78629
      vertex -2.88243 -2.21176 4.58203
      vertex -1.95954 -1.71847 4.78629
    endloop
  endfacet
  facet normal -0.248595 -0.204017 0.946878
    outer loop
      vertex -3.68477 -2.82743 4.31104
      vertex -4.47134 -3.43098 3.97449
      vertex -3.49196 -3.06237 4.31104
    endloop
  endfacet
  facet normal -0.118958 -0.0539068 0.991435
    outer loop
      vertex -1.4489 -0.600152 4.92296
      vertex -2.33754 -1.15275 4.78629
      vertex -1.40654 -0.693629 4.92296
    endloop
  endfacet
  facet normal -0.247801 -0.0751744 0.96589
    outer loop
      vertex -3.50942 -0.940346 4.58203
      vertex -4.48629 -1.2021 4.31104
      vertex -3.4404 -1.16786 4.58203
    endloop
  endfacet
  facet normal -0.122231 -0.0460065 0.991435
    outer loop
      vertex -1.4489 -0.600152 4.92296
      vertex -2.46801 -0.837776 4.78629
      vertex -2.40793 -0.997398 4.78629
    endloop
  endfacet
  facet normal -0.0612366 -0.0230481 0.997857
    outer loop
      vertex -0.495723 -0.168275 4.99143
      vertex -1.48505 -0.504105 4.92296
      vertex -1.4489 -0.600152 4.92296
    endloop
  endfacet
  facet normal -0.0953217 -0.0892799 0.991435
    outer loop
      vertex -1.10894 -1.10894 4.92296
      vertex -1.95954 -1.71847 4.78629
      vertex -1.84295 -1.84295 4.78629
    endloop
  endfacet
  facet normal -0.100957 -0.0828518 0.991435
    outer loop
      vertex -1.24419 -0.954704 4.92296
      vertex -2.06774 -1.58663 4.78629
      vertex -1.17909 -1.03403 4.92296
    endloop
  endfacet
  facet normal -0.0912158 -0.242353 0.965891
    outer loop
      vertex -1.16786 -3.4404 4.58203
      vertex -1.77739 -4.29101 4.31104
      vertex -1.49294 -4.39807 4.31104
    endloop
  endfacet
  facet normal 0.093348 -0.307746 0.946878
    outer loop
      vertex 1.49294 -4.39807 4.31104
      vertex 1.2021 -4.48629 4.31104
      vertex 1.4587 -5.44396 3.97449
    endloop
  endfacet
  facet normal -0.24288 -0.295951 0.923809
    outer loop
      vertex -3.71607 -4.23737 3.97449
      vertex -4.35387 -4.96463 3.57382
      vertex -4.01984 -5.23876 3.57382
    endloop
  endfacet
  facet normal -0.280705 -0.342042 0.896779
    outer loop
      vertex -4.35387 -4.96463 3.57382
      vertex -4.97301 -5.67064 3.11074
      vertex -4.01984 -5.23876 3.57382
    endloop
  endfacet
  facet normal -0.18268 -0.0687504 0.980766
    outer loop
      vertex -2.40793 -0.997398 4.78629
      vertex -3.4404 -1.16786 4.58203
      vertex -3.35666 -1.39037 4.58203
    endloop
  endfacet
  facet normal -0.307746 -0.093348 0.946878
    outer loop
      vertex -4.48629 -1.2021 4.31104
      vertex -5.44396 -1.4587 3.97449
      vertex -4.39807 -1.49294 4.31104
    endloop
  endfacet
  facet normal 0.111137 -0.366369 0.923809
    outer loop
      vertex 1.81163 -5.3369 3.97449
      vertex 1.4587 -5.44396 3.97449
      vertex 2.12256 -6.25288 3.57382
    endloop
  endfacet
  facet normal 0.0912158 -0.242353 0.965891
    outer loop
      vertex 1.77739 -4.29101 4.31104
      vertex 1.16786 -3.4404 4.58203
      vertex 1.49294 -4.39807 4.31104
    endloop
  endfacet
  facet normal -0.0317928 -0.192582 0.980766
    outer loop
      vertex -0.340194 -2.58403 4.78629
      vertex -0.508469 -2.55625 4.78629
      vertex -0.47423 -3.60214 4.58203
    endloop
  endfacet
  facet normal -0.0421836 -0.255493 0.96589
    outer loop
      vertex -0.47423 -3.60214 4.58203
      vertex -0.708806 -3.56341 4.58203
      vertex -0.606236 -4.60482 4.31104
    endloop
  endfacet
  facet normal -0.0375267 -0.381012 0.923808
    outer loop
      vertex -0.368611 -5.62393 3.97449
      vertex -0.735645 -5.58778 3.97449
      vertex -0.431877 -6.58917 3.57382
    endloop
  endfacet
  facet normal -0.0125297 -0.38265 0.923808
    outer loop
      vertex -0.368611 -5.62393 3.97449
      vertex -0.431877 -6.58917 3.57382
      vertex 0 -5.636 3.97449
    endloop
  endfacet
  facet normal -0.142461 -0.133431 0.980765
    outer loop
      vertex -1.95954 -1.71847 4.78629
      vertex -2.56907 -2.56907 4.58203
      vertex -1.84295 -1.84295 4.78629
    endloop
  endfacet
  facet normal -0.142457 -0.133434 0.980766
    outer loop
      vertex -1.95954 -1.71847 4.78629
      vertex -2.7316 -2.39555 4.58203
      vertex -2.56907 -2.56907 4.58203
    endloop
  endfacet
  facet normal -0.302472 -0.322952 0.896779
    outer loop
      vertex -4.66925 -4.66925 3.57382
      vertex -4.97301 -5.67064 3.11074
      vertex -4.35387 -4.96463 3.57382
    endloop
  endfacet
  facet normal -0.302482 -0.322949 0.896777
    outer loop
      vertex -4.66925 -4.66925 3.57382
      vertex -5.33324 -5.33324 3.11074
      vertex -4.97301 -5.67064 3.11074
    endloop
  endfacet
  facet normal -0.280707 -0.342038 0.89678
    outer loop
      vertex -4.01984 -5.23876 3.57382
      vertex -4.97301 -5.67064 3.11074
      vertex -4.59149 -5.98375 3.11074
    endloop
  endfacet
  facet normal -0.444468 -0.416285 0.793193
    outer loop
      vertex -7.00688 -6.14487 2.00555
      vertex -7.63139 -6.69255 1.36817
      vertex -7.17734 -7.17734 1.36817
    endloop
  endfacet
  facet normal 0.0421831 -0.255493 0.96589
    outer loop
      vertex 0.708806 -3.56341 4.58203
      vertex 0.606236 -4.60482 4.31104
      vertex 0.906107 -4.55531 4.31104
    endloop
  endfacet
  facet normal 0.00641398 -0.0651153 0.997857
    outer loop
      vertex 0.2047 -1.55486 4.92296
      vertex 0.0342388 -0.522384 4.99143
      vertex 0.10257 -1.56492 4.92296
    endloop
  endfacet
  facet normal 0.0505791 -0.0415085 0.997857
    outer loop
      vertex 1.24419 -0.954704 4.92296
      vertex 0.393592 -0.345171 4.99143
      vertex 1.17909 -1.03403 4.92296
    endloop
  endfacet
  facet normal 0.158659 -0.113693 0.980766
    outer loop
      vertex 3.02091 -2.01851 4.58203
      vertex 2.06774 -1.58663 4.78629
      vertex 2.88243 -2.21176 4.58203
    endloop
  endfacet
  facet normal 0.0645566 -0.0106578 0.997857
    outer loop
      vertex 0.519026 -0.0683308 4.99143
      vertex 0.513446 -0.10213 4.99143
      vertex 1.55486 -0.2047 4.92296
    endloop
  endfacet
  facet normal 0.0653958 -0.00213587 0.997857
    outer loop
      vertex 1.56827 0 4.92296
      vertex 0.523505 0 4.99143
      vertex 1.56492 -0.10257 4.92296
    endloop
  endfacet
  facet normal 0.130531 0.00427289 0.991435
    outer loop
      vertex 2.60075 0.170462 4.78629
      vertex 1.56827 0 4.92296
      vertex 2.60633 0 4.78629
    endloop
  endfacet
  facet normal 0.0612366 0.0230481 0.997857
    outer loop
      vertex 1.4489 0.600152 4.92296
      vertex 0.495723 0.168275 4.99143
      vertex 1.48505 0.504105 4.92296
    endloop
  endfacet
  facet normal 0.0892799 -0.0953217 0.991435
    outer loop
      vertex 1.84295 -1.84295 4.78629
      vertex 1.10894 -1.10894 4.92296
      vertex 1.71847 -1.95954 4.78629
    endloop
  endfacet
  facet normal 0.0828537 -0.100956 0.991435
    outer loop
      vertex 1.71847 -1.95954 4.78629
      vertex 1.03403 -1.17909 4.92296
      vertex 1.58663 -2.06774 4.78629
    endloop
  endfacet
  facet normal 0.136739 -0.219904 0.965891
    outer loop
      vertex 2.58038 -3.86181 4.31104
      vertex 2.01851 -3.02091 4.58203
      vertex 2.32228 -4.0223 4.31104
    endloop
  endfacet
  facet normal 0.150836 -0.210484 0.965891
    outer loop
      vertex 2.82743 -3.68477 4.31104
      vertex 2.01851 -3.02091 4.58203
      vertex 2.58038 -3.86181 4.31104
    endloop
  endfacet
  facet normal 0.0953217 -0.0892799 0.991435
    outer loop
      vertex 1.95954 -1.71847 4.78629
      vertex 1.10894 -1.10894 4.92296
      vertex 1.84295 -1.84295 4.78629
    endloop
  endfacet
  facet normal 0.177789 -0.0805564 0.980766
    outer loop
      vertex 2.40793 -0.997398 4.78629
      vertex 2.33754 -1.15275 4.78629
      vertex 3.25854 -1.60693 4.58203
    endloop
  endfacet
  facet normal 0.448703 -0.546743 0.706922
    outer loop
      vertex 7.61178 -8.77119 0
      vertex 6.65831 -8.67728 0.677825
      vertex 7.07095 -9.21504 0
    endloop
  endfacet
  facet normal 0.379917 -0.40564 0.831336
    outer loop
      vertex 5.97441 -5.97441 2.58723
      vertex 5.57087 -6.35236 2.58723
      vertex 6.14487 -7.00688 2.00555
    endloop
  endfacet
  facet normal 0.450857 -0.481381 0.751665
    outer loop
      vertex 7.17734 -7.17734 1.36817
      vertex 6.69255 -7.63139 1.36817
      vertex 7.21158 -8.22323 0.677825
    endloop
  endfacet
  facet normal 0.333474 -0.623772 0.706898
    outer loop
      vertex 5.46874 -9.47213 0.677825
      vertex 5.75434 -10.0876 0
      vertex 5.80765 -10.0591 0
    endloop
  endfacet
  facet normal 0.333422 -0.623797 0.706899
    outer loop
      vertex 5.75434 -10.0876 0
      vertex 5.46874 -9.47213 0.677825
      vertex 4.83752 -9.80952 0.677825
    endloop
  endfacet
  facet normal 0.149748 -0.64233 0.751657
    outer loop
      vertex 2.83083 -10.5648 0.677825
      vertex 1.98022 -9.95526 1.36817
      vertex 2.1338 -10.7273 0.677825
    endloop
  endfacet
  facet normal 0.232317 -0.617284 0.751658
    outer loop
      vertex 3.88435 -9.37765 1.36817
      vertex 3.51574 -10.357 0.677825
      vertex 4.18559 -10.1049 0.677825
    endloop
  endfacet
  facet normal -0.0623668 -0.37774 0.923809
    outer loop
      vertex -0.735645 -5.58778 3.97449
      vertex -1.28824 -6.47643 3.57382
      vertex -0.861905 -6.54682 3.57382
    endloop
  endfacet
  facet normal -0.176771 -0.582745 0.793196
    outer loop
      vertex -2.9957 -8.82505 2.00555
      vertex -3.2627 -9.61162 1.36817
      vertex -2.4121 -9.00208 2.00555
    endloop
  endfacet
  facet normal 0.0317966 -0.192582 0.980766
    outer loop
      vertex 0.508469 -2.55625 4.78629
      vertex 0.47423 -3.60214 4.58203
      vertex 0.708806 -3.56341 4.58203
    endloop
  endfacet
  facet normal 0.0315213 -0.320046 0.946877
    outer loop
      vertex 0.606236 -4.60482 4.31104
      vertex 0.303768 -4.63461 4.31104
      vertex 0.735645 -5.58778 3.97449
    endloop
  endfacet
  facet normal -0.481381 -0.450857 0.751665
    outer loop
      vertex -7.63139 -6.69255 1.36817
      vertex -8.22323 -7.21158 0.677825
      vertex -7.17734 -7.17734 1.36817
    endloop
  endfacet
  facet normal -0.233667 -0.375748 0.896779
    outer loop
      vertex -3.6686 -5.49045 3.57382
      vertex -4.1903 -6.27123 3.11074
      vertex -3.30166 -5.71864 3.57382
    endloop
  endfacet
  facet normal -0.111134 -0.366371 0.923808
    outer loop
      vertex -1.4587 -5.44396 3.97449
      vertex -2.12256 -6.25288 3.57382
      vertex -1.70906 -6.37831 3.57382
    endloop
  endfacet
  facet normal -0.0720797 -0.436569 0.896779
    outer loop
      vertex -0.861905 -6.54682 3.57382
      vertex -1.28824 -6.47643 3.57382
      vertex -0.984473 -7.47782 3.11074
    endloop
  endfacet
  facet normal -0.126207 -0.541251 0.831336
    outer loop
      vertex -1.64833 -8.28674 2.58723
      vertex -2.4121 -9.00208 2.00555
      vertex -1.81817 -9.14057 2.00555
    endloop
  endfacet
  facet normal 0.0544774 -0.553092 0.831337
    outer loop
      vertex 1.21646 -9.23991 2.00555
      vertex 0.552596 -8.43099 2.58723
      vertex 0.609533 -9.29969 2.00555
    endloop
  endfacet
  facet normal 0.0596903 -0.606016 0.793209
    outer loop
      vertex 1.21646 -9.23991 2.00555
      vertex 0.609533 -9.29969 2.00555
      vertex 0.66386 -10.1286 1.36817
    endloop
  endfacet
  facet normal 0.176771 -0.582745 0.793196
    outer loop
      vertex 2.9957 -8.82505 2.00555
      vertex 2.4121 -9.00208 2.00555
      vertex 3.2627 -9.61162 1.36817
    endloop
  endfacet
  facet normal 0.161329 -0.531839 0.831336
    outer loop
      vertex 2.71587 -8.00069 2.58723
      vertex 2.4121 -9.00208 2.00555
      vertex 2.9957 -8.82505 2.00555
    endloop
  endfacet
  facet normal 0.182621 -0.403037 0.896778
    outer loop
      vertex 2.92057 -5.92233 3.57382
      vertex 2.52698 -6.10067 3.57382
      vertex 2.88633 -6.96822 3.11074
    endloop
  endfacet
  facet normal 0.158006 -0.348732 0.923807
    outer loop
      vertex 2.49274 -5.05478 3.97449
      vertex 2.1568 -5.20699 3.97449
      vertex 2.92057 -5.92233 3.57382
    endloop
  endfacet
  facet normal 0.142457 -0.133434 0.980766
    outer loop
      vertex 2.7316 -2.39555 4.58203
      vertex 1.95954 -1.71847 4.78629
      vertex 2.56907 -2.56907 4.58203
    endloop
  endfacet
  facet normal 0.29595 -0.242883 0.923808
    outer loop
      vertex 4.47134 -3.43098 3.97449
      vertex 4.23737 -3.71607 3.97449
      vertex 5.23876 -4.01984 3.57382
    endloop
  endfacet
  facet normal 0.322952 -0.302472 0.896779
    outer loop
      vertex 4.96463 -4.35387 3.57382
      vertex 4.66925 -4.66925 3.57382
      vertex 5.67064 -4.97301 3.11074
    endloop
  endfacet
  facet normal 0.342042 -0.280705 0.896779
    outer loop
      vertex 5.23876 -4.01984 3.57382
      vertex 4.96463 -4.35387 3.57382
      vertex 5.67064 -4.97301 3.11074
    endloop
  endfacet
  facet normal 0.23587 -0.106876 0.96589
    outer loop
      vertex 4.29101 -1.77739 4.31104
      vertex 3.25854 -1.60693 4.58203
      vertex 4.16557 -2.05423 4.31104
    endloop
  endfacet
  facet normal 0.165755 -0.103074 0.980765
    outer loop
      vertex 3.14646 -1.81661 4.58203
      vertex 2.25715 -1.30316 4.78629
      vertex 3.02091 -2.01851 4.58203
    endloop
  endfacet
  facet normal 0.406591 -0.29135 0.865909
    outer loop
      vertex 6.27123 -4.1903 3.11074
      vertex 5.98375 -4.59149 3.11074
      vertex 7.02516 -4.69406 2.58723
    endloop
  endfacet
  facet normal 0.35967 -0.257728 0.89678
    outer loop
      vertex 6.27123 -4.1903 3.11074
      vertex 5.23876 -4.01984 3.57382
      vertex 5.98375 -4.59149 3.11074
    endloop
  endfacet
  facet normal 0.384171 -0.536116 0.75166
    outer loop
      vertex 6.17911 -8.05277 1.36817
      vertex 5.6392 -8.43966 1.36817
      vertex 6.65831 -8.67728 0.677825
    endloop
  endfacet
  facet normal 0.444468 -0.416285 0.793193
    outer loop
      vertex 7.63139 -6.69255 1.36817
      vertex 7.00688 -6.14487 2.00555
      vertex 7.17734 -7.17734 1.36817
    endloop
  endfacet
  facet normal 0.223002 -0.311205 0.923808
    outer loop
      vertex 4.01984 -5.23876 3.57382
      vertex 3.13119 -4.68616 3.97449
      vertex 3.6686 -5.49045 3.57382
    endloop
  endfacet
  facet normal 0.202181 -0.325117 0.923808
    outer loop
      vertex 3.6686 -5.49045 3.57382
      vertex 3.13119 -4.68616 3.97449
      vertex 3.30166 -5.71864 3.57382
    endloop
  endfacet
  facet normal 0.132727 -0.292923 0.946879
    outer loop
      vertex 2.05423 -4.16557 4.31104
      vertex 1.77739 -4.29101 4.31104
      vertex 2.49274 -5.05478 3.97449
    endloop
  endfacet
  facet normal 0.180482 -0.337648 0.923807
    outer loop
      vertex 2.818 -4.88092 3.97449
      vertex 2.49274 -5.05478 3.97449
      vertex 2.92057 -5.92233 3.57382
    endloop
  endfacet
  facet normal 0.26172 -0.279429 0.923809
    outer loop
      vertex 3.98525 -3.98525 3.97449
      vertex 3.71607 -4.23737 3.97449
      vertex 4.35387 -4.96463 3.57382
    endloop
  endfacet
  facet normal 0.164277 -0.200172 0.96589
    outer loop
      vertex 3.06237 -3.49196 4.31104
      vertex 2.21176 -2.88243 4.58203
      vertex 2.82743 -3.68477 4.31104
    endloop
  endfacet
  facet normal -0.377745 -0.062358 0.923807
    outer loop
      vertex -5.58778 -0.735645 3.97449
      vertex -6.47643 -1.28824 3.57382
      vertex -5.52771 -1.09953 3.97449
    endloop
  endfacet
  facet normal -0.372855 -0.0869362 0.923808
    outer loop
      vertex -5.44396 -1.4587 3.97449
      vertex -6.47643 -1.28824 3.57382
      vertex -6.37831 -1.70906 3.57382
    endloop
  endfacet
  facet normal -0.414116 -0.155867 0.896779
    outer loop
      vertex -6.25288 -2.12256 3.57382
      vertex -7.14208 -2.42441 3.11074
      vertex -6.96822 -2.88633 3.11074
    endloop
  endfacet
  facet normal -0.423426 -0.128442 0.896779
    outer loop
      vertex -6.25288 -2.12256 3.57382
      vertex -7.28535 -1.9521 3.11074
      vertex -7.14208 -2.42441 3.11074
    endloop
  endfacet
  facet normal -0.455612 -0.206446 0.865909
    outer loop
      vertex -6.96822 -2.88633 3.11074
      vertex -7.80594 -3.23333 2.58723
      vertex -7.57775 -3.73693 2.58723
    endloop
  endfacet
  facet normal -0.468145 -0.17619 0.865909
    outer loop
      vertex -6.96822 -2.88633 3.11074
      vertex -8.00069 -2.71587 2.58723
      vertex -7.80594 -3.23333 2.58723
    endloop
  endfacet
  facet normal 0.107483 0.650754 0.751642
    outer loop
      vertex 1.42763 10.8439 0.677825
      vertex 1.32488 10.0635 1.36817
      vertex 1.98022 9.95526 1.36817
    endloop
  endfacet
  facet normal -0.0231518 0.706955 0.706879
    outer loop
      vertex -0.0604113 11.6133 0
      vertex -0.759677 11.5904 0
      vertex -0.715344 10.9141 0.677825
    endloop
  endfacet
  facet normal -0.176773 0.582743 0.793197
    outer loop
      vertex -2.62709 9.80443 1.36817
      vertex -3.2627 9.61162 1.36817
      vertex -2.4121 9.00208 2.00555
    endloop
  endfacet
  facet normal 0.021563 0.659187 0.75167
    outer loop
      vertex 0 10.9375 0.677825
      vertex 0 10.1503 1.36817
      vertex 0.715344 10.9141 0.677825
    endloop
  endfacet
  facet normal -0.0814789 0.493523 0.865908
    outer loop
      vertex -1.10283 8.3768 2.58723
      vertex -1.64833 8.28674 2.58723
      vertex -0.984473 7.47782 3.11074
    endloop
  endfacet
  facet normal -0.0490316 0.497795 0.865907
    outer loop
      vertex -0.493293 7.5262 3.11074
      vertex -1.10283 8.3768 2.58723
      vertex -0.984473 7.47782 3.11074
    endloop
  endfacet
  facet normal -0.115149 0.697873 0.706905
    outer loop
      vertex -1.5161 11.5159 0
      vertex -2.2064 11.402 0
      vertex -1.42763 10.8439 0.677825
    endloop
  endfacet
  facet normal -0.249198 0.661957 0.706904
    outer loop
      vertex -3.79019 10.9776 0
      vertex -4.44498 10.7311 0
      vertex -4.18559 10.1049 0.677825
    endloop
  endfacet
  facet normal 0.138287 0.593057 0.793196
    outer loop
      vertex 1.98022 9.95526 1.36817
      vertex 1.81817 9.14057 2.00555
      vertex 2.4121 9.00208 2.00555
    endloop
  endfacet
  facet normal 0.149768 0.642313 0.751667
    outer loop
      vertex 2.83083 10.5648 0.677825
      vertex 1.98022 9.95526 1.36817
      vertex 2.62709 9.80443 1.36817
    endloop
  endfacet
  facet normal 0.0544774 0.553092 0.831337
    outer loop
      vertex 0.609533 9.29969 2.00555
      vertex 0.552596 8.43099 2.58723
      vertex 1.21646 9.23991 2.00555
    endloop
  endfacet
  facet normal 0.0544718 0.553095 0.831336
    outer loop
      vertex 1.21646 9.23991 2.00555
      vertex 0.552596 8.43099 2.58723
      vertex 1.10283 8.3768 2.58723
    endloop
  endfacet
  facet normal 0.0163675 0.499935 0.865908
    outer loop
      vertex 0 8.44909 2.58723
      vertex 0 7.54235 3.11074
      vertex 0.493293 7.5262 3.11074
    endloop
  endfacet
  facet normal 0.0163752 0.499939 0.865906
    outer loop
      vertex 0.552596 8.43099 2.58723
      vertex 0 8.44909 2.58723
      vertex 0.493293 7.5262 3.11074
    endloop
  endfacet
  facet normal -0.0375267 0.381012 0.923808
    outer loop
      vertex -0.431877 6.58917 3.57382
      vertex -0.735645 5.58778 3.97449
      vertex -0.368611 5.62393 3.97449
    endloop
  endfacet
  facet normal -0.0144786 0.44224 0.89678
    outer loop
      vertex 0 7.54235 3.11074
      vertex -0.493293 7.5262 3.11074
      vertex -0.431877 6.58917 3.57382
    endloop
  endfacet
  facet normal 0.160641 0.688827 0.706903
    outer loop
      vertex 3.00626 11.2195 0
      vertex 2.3249 11.3784 0
      vertex 2.83083 10.5648 0.677825
    endloop
  endfacet
  facet normal 0.160315 0.688884 0.706921
    outer loop
      vertex 2.1338 10.7273 0.677825
      vertex 2.3249 11.3784 0
      vertex 2.26603 11.3921 0
    endloop
  endfacet
  facet normal 0.160584 0.688813 0.706929
    outer loop
      vertex 2.3249 11.3784 0
      vertex 2.1338 10.7273 0.677825
      vertex 2.83083 10.5648 0.677825
    endloop
  endfacet
  facet normal 0.483503 -0.516227 0.706919
    outer loop
      vertex 8.16914 -8.25458 0
      vertex 7.21158 -8.22323 0.677825
      vertex 7.6585 -8.73285 0
    endloop
  endfacet
  facet normal 0.600752 -0.373349 0.7069
    outer loop
      vertex 9.47213 -5.46874 0.677825
      vertex 10.0272 -5.85898 0
      vertex 10.0591 -5.80765 0
    endloop
  endfacet
  facet normal 0.600649 -0.373503 0.706906
    outer loop
      vertex 10.0272 -5.85898 0
      vertex 9.47213 -5.46874 0.677825
      vertex 9.09418 -6.07654 0.677825
    endloop
  endfacet
  facet normal 0.560087 -0.348286 0.751664
    outer loop
      vertex 8.79041 -5.07515 1.36817
      vertex 8.43966 -5.6392 1.36817
      vertex 9.09418 -6.07654 0.677825
    endloop
  endfacet
  facet normal 0.247801 -0.0751652 0.965891
    outer loop
      vertex 4.48629 -1.2021 4.31104
      vertex 3.4404 -1.16786 4.58203
      vertex 4.39807 -1.49294 4.31104
    endloop
  endfacet
  facet normal 0.186784 -0.0566639 0.980765
    outer loop
      vertex 3.50942 -0.940346 4.58203
      vertex 2.51752 -0.674566 4.78629
      vertex 3.4404 -1.16786 4.58203
    endloop
  endfacet
  facet normal 0.292923 -0.132727 0.946879
    outer loop
      vertex 4.29101 -1.77739 4.31104
      vertex 4.16557 -2.05423 4.31104
      vertex 5.05478 -2.49274 3.97449
    endloop
  endfacet
  facet normal 0.292928 -0.132722 0.946878
    outer loop
      vertex 5.20699 -2.1568 3.97449
      vertex 4.29101 -1.77739 4.31104
      vertex 5.05478 -2.49274 3.97449
    endloop
  endfacet
  facet normal 0.307746 -0.0933535 0.946878
    outer loop
      vertex 5.44396 -1.4587 3.97449
      vertex 4.39807 -1.49294 4.31104
      vertex 5.3369 -1.81163 3.97449
    endloop
  endfacet
  facet normal 0.300982 -0.113279 0.946878
    outer loop
      vertex 5.3369 -1.81163 3.97449
      vertex 4.39807 -1.49294 4.31104
      vertex 5.20699 -2.1568 3.97449
    endloop
  endfacet
  facet normal 0.186784 0.0566639 0.980765
    outer loop
      vertex 3.4404 1.16786 4.58203
      vertex 2.51752 0.674566 4.78629
      vertex 3.50942 0.940346 4.58203
    endloop
  endfacet
  facet normal 0.186785 0.0566616 0.980765
    outer loop
      vertex 3.4404 1.16786 4.58203
      vertex 2.46801 0.837776 4.78629
      vertex 2.51752 0.674566 4.78629
    endloop
  endfacet
  facet normal 0.0645566 0.0106578 0.997857
    outer loop
      vertex 1.55486 0.2047 4.92296
      vertex 0.513446 0.10213 4.99143
      vertex 0.519026 0.0683308 4.99143
    endloop
  endfacet
  facet normal 0.0651153 0.00641374 0.997857
    outer loop
      vertex 1.55486 0.2047 4.92296
      vertex 0.519026 0.0683308 4.99143
      vertex 0.522384 0.0342388 4.99143
    endloop
  endfacet
  facet normal 0.313191 -0.0730287 0.946878
    outer loop
      vertex 5.52771 -1.09953 3.97449
      vertex 4.55531 -0.906107 4.31104
      vertex 5.44396 -1.4587 3.97449
    endloop
  endfacet
  facet normal 0.372855 -0.0869411 0.923807
    outer loop
      vertex 5.52771 -1.09953 3.97449
      vertex 5.44396 -1.4587 3.97449
      vertex 6.47643 -1.28824 3.57382
    endloop
  endfacet
  facet normal 0.320046 -0.0315213 0.946877
    outer loop
      vertex 4.63461 -0.303768 4.31104
      vertex 4.60482 -0.606236 4.31104
      vertex 5.58778 -0.735645 3.97449
    endloop
  endfacet
  facet normal 0.19425 -0.0191289 0.980765
    outer loop
      vertex 3.62544 -0.237623 4.58203
      vertex 2.60075 -0.170462 4.78629
      vertex 3.60214 -0.47423 4.58203
    endloop
  endfacet
  facet normal 0.130533 -0.00426329 0.991435
    outer loop
      vertex 1.56827 0 4.92296
      vertex 1.56492 -0.10257 4.92296
      vertex 2.60075 -0.170462 4.78629
    endloop
  endfacet
  facet normal 0.130531 -0.00427289 0.991435
    outer loop
      vertex 2.60633 0 4.78629
      vertex 1.56827 0 4.92296
      vertex 2.60075 -0.170462 4.78629
    endloop
  endfacet
  facet normal 0.320046 -0.031522 0.946878
    outer loop
      vertex 5.62393 -0.368611 3.97449
      vertex 4.63461 -0.303768 4.31104
      vertex 5.58778 -0.735645 3.97449
    endloop
  endfacet
  facet normal 0.321422 -0.0105248 0.946878
    outer loop
      vertex 5.636 0 3.97449
      vertex 4.63461 -0.303768 4.31104
      vertex 5.62393 -0.368611 3.97449
    endloop
  endfacet
  facet normal 0.644281 -0.291872 0.706904
    outer loop
      vertex 10.7311 -4.44498 0
      vertex 10.1049 -4.18559 0.677825
      vertex 10.4424 -5.08226 0
    endloop
  endfacet
  facet normal 0.581671 -0.310908 0.751661
    outer loop
      vertex 9.10352 -4.48936 1.36817
      vertex 8.79041 -5.07515 1.36817
      vertex 9.80952 -4.83752 0.677825
    endloop
  endfacet
  facet normal 0.581671 -0.310906 0.751662
    outer loop
      vertex 9.80952 -4.83752 0.677825
      vertex 8.79041 -5.07515 1.36817
      vertex 9.47213 -5.46874 0.677825
    endloop
  endfacet
  facet normal 0.600762 0.272205 0.751658
    outer loop
      vertex 10.1049 4.18559 0.677825
      vertex 9.10352 4.48936 1.36817
      vertex 9.37765 3.88435 1.36817
    endloop
  endfacet
  facet normal 0.617284 0.232317 0.751658
    outer loop
      vertex 10.1049 4.18559 0.677825
      vertex 9.37765 3.88435 1.36817
      vertex 10.357 3.51574 0.677825
    endloop
  endfacet
  facet normal 0.25773 0.359669 0.896779
    outer loop
      vertex 4.1903 6.27123 3.11074
      vertex 3.6686 5.49045 3.57382
      vertex 4.01984 5.23876 3.57382
    endloop
  endfacet
  facet normal 0.257728 0.35967 0.89678
    outer loop
      vertex 4.1903 6.27123 3.11074
      vertex 4.01984 5.23876 3.57382
      vertex 4.59149 5.98375 3.11074
    endloop
  endfacet
  facet normal 0.323724 0.451757 0.831335
    outer loop
      vertex 5.67344 7.39377 2.00555
      vertex 4.69406 7.02516 2.58723
      vertex 5.14348 6.70311 2.58723
    endloop
  endfacet
  facet normal 0.291358 0.40659 0.865907
    outer loop
      vertex 4.69406 7.02516 2.58723
      vertex 4.59149 5.98375 3.11074
      vertex 5.14348 6.70311 2.58723
    endloop
  endfacet
  facet normal 0.497798 0.0490259 0.865906
    outer loop
      vertex 8.3768 1.10283 2.58723
      vertex 7.5262 0.493293 3.11074
      vertex 8.43099 0.552596 2.58723
    endloop
  endfacet
  facet normal 0.499939 0.0163752 0.865906
    outer loop
      vertex 8.43099 0.552596 2.58723
      vertex 7.5262 0.493293 3.11074
      vertex 8.44909 0 2.58723
    endloop
  endfacet
  facet normal 0.606016 0.0596903 0.793209
    outer loop
      vertex 10.1286 0.66386 1.36817
      vertex 9.23991 1.21646 2.00555
      vertex 9.29969 0.609533 2.00555
    endloop
  endfacet
  facet normal 0.606014 0.0596827 0.793212
    outer loop
      vertex 10.0635 1.32488 1.36817
      vertex 9.23991 1.21646 2.00555
      vertex 10.1286 0.66386 1.36817
    endloop
  endfacet
  facet normal 0.47867 0.145199 0.865906
    outer loop
      vertex 8.00069 2.71587 2.58723
      vertex 7.14208 2.42441 3.11074
      vertex 7.28535 1.9521 3.11074
    endloop
  endfacet
  facet normal 0.506226 0.22938 0.831336
    outer loop
      vertex 8.35853 4.12197 2.00555
      vertex 7.57775 3.73693 2.58723
      vertex 7.80594 3.23333 2.58723
    endloop
  endfacet
  facet normal 0.541251 0.126207 0.831336
    outer loop
      vertex 9.00208 2.4121 2.00555
      vertex 8.28674 1.64833 2.58723
      vertex 9.14057 1.81817 2.00555
    endloop
  endfacet
  facet normal 0.430921 0.100473 0.896779
    outer loop
      vertex 7.28535 1.9521 3.11074
      vertex 6.47643 1.28824 3.57382
      vertex 7.39742 1.47144 3.11074
    endloop
  endfacet
  facet normal 0.676831 -0.205349 0.706917
    outer loop
      vertex 10.357 -3.51574 0.677825
      vertex 11.0164 -3.67578 0
      vertex 10.5648 -2.83083 0.677825
    endloop
  endfacet
  facet normal 0.676974 -0.204824 0.706933
    outer loop
      vertex 11.0164 -3.67578 0
      vertex 10.357 -3.51574 0.677825
      vertex 10.9989 -3.73362 0
    endloop
  endfacet
  facet normal 0.631135 -0.191485 0.751666
    outer loop
      vertex 10.5648 -2.83083 0.677825
      vertex 9.80443 -2.62709 1.36817
      vertex 10.357 -3.51574 0.677825
    endloop
  endfacet
  facet normal 0.688827 -0.160641 0.706903
    outer loop
      vertex 11.3784 -2.3249 0
      vertex 10.5648 -2.83083 0.677825
      vertex 11.2195 -3.00626 0
    endloop
  endfacet
  facet normal 0.676854 -0.205325 0.706902
    outer loop
      vertex 11.2195 -3.00626 0
      vertex 10.5648 -2.83083 0.677825
      vertex 11.0164 -3.67578 0
    endloop
  endfacet
  facet normal 0.258813 0.00847377 0.96589
    outer loop
      vertex 4.63461 0.303768 4.31104
      vertex 3.62544 0.237623 4.58203
      vertex 3.63322 0 4.58203
    endloop
  endfacet
  facet normal 0.257705 0.0253776 0.96589
    outer loop
      vertex 4.63461 0.303768 4.31104
      vertex 3.60214 0.47423 4.58203
      vertex 3.62544 0.237623 4.58203
    endloop
  endfacet
  facet normal 0.0555647 0.0345506 0.997857
    outer loop
      vertex 1.30397 0.871286 4.92296
      vertex 0.435278 0.290844 4.99143
      vertex 1.35816 0.784137 4.92296
    endloop
  endfacet
  facet normal 0.0531847 0.0381127 0.997857
    outer loop
      vertex 1.30397 0.871286 4.92296
      vertex 0.415324 0.318689 4.99143
      vertex 0.435278 0.290844 4.99143
    endloop
  endfacet
  facet normal 0.0555645 0.0345511 0.997857
    outer loop
      vertex 1.35816 0.784137 4.92296
      vertex 0.435278 0.290844 4.99143
      vertex 0.453368 0.261752 4.99143
    endloop
  endfacet
  facet normal 0.0577042 0.0308451 0.997857
    outer loop
      vertex 1.35816 0.784137 4.92296
      vertex 0.453368 0.261752 4.99143
      vertex 1.40654 0.693629 4.92296
    endloop
  endfacet
  facet normal 0.0953282 0.0892708 0.991435
    outer loop
      vertex 1.95954 1.71847 4.78629
      vertex 1.10894 1.10894 4.92296
      vertex 1.17909 1.03403 4.92296
    endloop
  endfacet
  facet normal 0.0505791 0.0415085 0.997857
    outer loop
      vertex 1.17909 1.03403 4.92296
      vertex 0.393592 0.345171 4.99143
      vertex 1.24419 0.954704 4.92296
    endloop
  endfacet
  facet normal 0.0615674 0.115179 0.991435
    outer loop
      vertex 1.30316 2.25715 4.78629
      vertex 0.693629 1.40654 4.92296
      vertex 0.784137 1.35816 4.92296
    endloop
  endfacet
  facet normal 0.247801 0.0751652 0.965891
    outer loop
      vertex 4.39807 1.49294 4.31104
      vertex 3.4404 1.16786 4.58203
      vertex 4.48629 1.2021 4.31104
    endloop
  endfacet
  facet normal 0.307746 0.093348 0.946878
    outer loop
      vertex 5.44396 1.4587 3.97449
      vertex 4.39807 1.49294 4.31104
      vertex 4.48629 1.2021 4.31104
    endloop
  endfacet
  facet normal 0.228377 0.122065 0.96589
    outer loop
      vertex 4.0223 2.32228 4.31104
      vertex 3.14646 1.81661 4.58203
      vertex 4.16557 2.05423 4.31104
    endloop
  endfacet
  facet normal 0.228375 0.122073 0.96589
    outer loop
      vertex 4.16557 2.05423 4.31104
      vertex 3.14646 1.81661 4.58203
      vertex 3.25854 1.60693 4.58203
    endloop
  endfacet
  facet normal 0.273098 0.169828 0.946877
    outer loop
      vertex 4.68616 3.13119 3.97449
      vertex 3.86181 2.58038 4.31104
      vertex 4.88092 2.818 3.97449
    endloop
  endfacet
  facet normal 0.311206 0.223001 0.923808
    outer loop
      vertex 5.23876 4.01984 3.57382
      vertex 4.47134 3.43098 3.97449
      vertex 4.68616 3.13119 3.97449
    endloop
  endfacet
  facet normal 0.18268 0.0687504 0.980766
    outer loop
      vertex 3.35666 1.39037 4.58203
      vertex 2.40793 0.997398 4.78629
      vertex 3.4404 1.16786 4.58203
    endloop
  endfacet
  facet normal 0.177791 0.0805543 0.980766
    outer loop
      vertex 3.25854 1.60693 4.58203
      vertex 2.40793 0.997398 4.78629
      vertex 3.35666 1.39037 4.58203
    endloop
  endfacet
  facet normal 0.0415085 0.0505791 0.997857
    outer loop
      vertex 0.954704 1.24419 4.92296
      vertex 0.345171 0.393592 4.99143
      vertex 1.03403 1.17909 4.92296
    endloop
  endfacet
  facet normal 0.123828 0.150883 0.980766
    outer loop
      vertex 2.21176 2.88243 4.58203
      vertex 1.58663 2.06774 4.78629
      vertex 1.71847 1.95954 4.78629
    endloop
  endfacet
  facet normal 0.0230497 0.0612359 0.997857
    outer loop
      vertex 0.600152 1.4489 4.92296
      vertex 0.168275 0.495723 4.99143
      vertex 0.200336 0.483655 4.99143
    endloop
  endfacet
  facet normal 0.0106578 0.0645566 0.997857
    outer loop
      vertex 0.2047 1.55486 4.92296
      vertex 0.0683308 0.519026 4.99143
      vertex 0.10213 0.513446 4.99143
    endloop
  endfacet
  facet normal 0.00214108 0.0653953 0.997857
    outer loop
      vertex 0.10257 1.56492 4.92296
      vertex 0 0.523505 4.99143
      vertex 0.0342388 0.522384 4.99143
    endloop
  endfacet
  facet normal 0.00641398 0.0651153 0.997857
    outer loop
      vertex 0.10257 1.56492 4.92296
      vertex 0.0342388 0.522384 4.99143
      vertex 0.2047 1.55486 4.92296
    endloop
  endfacet
  facet normal 0.00426329 0.130533 0.991435
    outer loop
      vertex 0.170462 2.60075 4.78629
      vertex 0 1.56827 4.92296
      vertex 0.10257 1.56492 4.92296
    endloop
  endfacet
  facet normal 0.07303 0.31319 0.946878
    outer loop
      vertex 1.4587 5.44396 3.97449
      vertex 0.906107 4.55531 4.31104
      vertex 1.2021 4.48629 4.31104
    endloop
  endfacet
  facet normal -0.537064 0.28706 0.793195
    outer loop
      vertex -8.07105 4.65982 2.00555
      vertex -8.79041 5.07515 1.36817
      vertex -8.35853 4.12197 2.00555
    endloop
  endfacet
  facet normal -0.490147 0.261983 0.831337
    outer loop
      vertex -8.07105 4.65982 2.00555
      vertex -8.35853 4.12197 2.00555
      vertex -7.31712 4.22454 2.58723
    endloop
  endfacet
  facet normal -0.600762 0.272205 0.751658
    outer loop
      vertex -9.10352 4.48936 1.36817
      vertex -10.1049 4.18559 0.677825
      vertex -9.37765 3.88435 1.36817
    endloop
  endfacet
  facet normal -0.581671 0.310908 0.751661
    outer loop
      vertex -8.79041 5.07515 1.36817
      vertex -9.80952 4.83752 0.677825
      vertex -9.10352 4.48936 1.36817
    endloop
  endfacet
  facet normal -0.455612 0.206446 0.865909
    outer loop
      vertex -7.57775 3.73693 2.58723
      vertex -7.80594 3.23333 2.58723
      vertex -6.96822 2.88633 3.11074
    endloop
  endfacet
  facet normal -0.506226 0.22938 0.831336
    outer loop
      vertex -7.57775 3.73693 2.58723
      vertex -8.35853 4.12197 2.00555
      vertex -7.80594 3.23333 2.58723
    endloop
  endfacet
  facet normal -0.248595 0.204017 0.946878
    outer loop
      vertex -3.49196 3.06237 4.31104
      vertex -4.47134 3.43098 3.97449
      vertex -3.68477 2.82743 4.31104
    endloop
  endfacet
  facet normal -0.358317 0.134858 0.923809
    outer loop
      vertex -6.10067 2.52698 3.57382
      vertex -6.25288 2.12256 3.57382
      vertex -5.20699 2.1568 3.97449
    endloop
  endfacet
  facet normal -0.406591 0.29135 0.865909
    outer loop
      vertex -5.98375 4.59149 3.11074
      vertex -7.02516 4.69406 2.58723
      vertex -6.27123 4.1903 3.11074
    endloop
  endfacet
  facet normal -0.424775 0.264136 0.865909
    outer loop
      vertex -7.02516 4.69406 2.58723
      vertex -7.31712 4.22454 2.58723
      vertex -6.27123 4.1903 3.11074
    endloop
  endfacet
  facet normal -0.257705 0.0253813 0.96589
    outer loop
      vertex -4.60482 0.606236 4.31104
      vertex -4.63461 0.303768 4.31104
      vertex -3.60214 0.47423 4.58203
    endloop
  endfacet
  facet normal -0.255493 0.0421836 0.96589
    outer loop
      vertex -3.56341 0.708806 4.58203
      vertex -4.60482 0.606236 4.31104
      vertex -3.60214 0.47423 4.58203
    endloop
  endfacet
  facet normal -0.118961 0.0539013 0.991435
    outer loop
      vertex -2.33754 1.15275 4.78629
      vertex -2.40793 0.997398 4.78629
      vertex -1.4489 0.600152 4.92296
    endloop
  endfacet
  facet normal -0.172143 0.0920059 0.980766
    outer loop
      vertex -2.25715 1.30316 4.78629
      vertex -3.25854 1.60693 4.58203
      vertex -2.33754 1.15275 4.78629
    endloop
  endfacet
  facet normal -0.307746 0.093348 0.946878
    outer loop
      vertex -4.39807 1.49294 4.31104
      vertex -5.44396 1.4587 3.97449
      vertex -4.48629 1.2021 4.31104
    endloop
  endfacet
  facet normal -0.247801 0.0751652 0.965891
    outer loop
      vertex -4.39807 1.49294 4.31104
      vertex -4.48629 1.2021 4.31104
      vertex -3.4404 1.16786 4.58203
    endloop
  endfacet
  facet normal -0.703935 -0.0692538 0.70688
    outer loop
      vertex -10.9141 -0.715344 0.677825
      vertex -11.5904 -0.759677 0
      vertex -11.5219 -1.45595 0
    endloop
  endfacet
  facet normal -0.64233 0.149748 0.751657
    outer loop
      vertex -10.5648 2.83083 0.677825
      vertex -10.7273 2.1338 0.677825
      vertex -9.95526 1.98022 1.36817
    endloop
  endfacet
  facet normal -0.650744 0.107448 0.751656
    outer loop
      vertex -10.7273 2.1338 0.677825
      vertex -10.8439 1.42763 0.677825
      vertex -9.95526 1.98022 1.36817
    endloop
  endfacet
  facet normal -0.541253 -0.126204 0.831335
    outer loop
      vertex -8.28674 -1.64833 2.58723
      vertex -9.00208 -2.4121 2.00555
      vertex -8.16119 -2.18678 2.58723
    endloop
  endfacet
  facet normal -0.487138 -0.113586 0.865907
    outer loop
      vertex -7.28535 -1.9521 3.11074
      vertex -8.28674 -1.64833 2.58723
      vertex -8.16119 -2.18678 2.58723
    endloop
  endfacet
  facet normal -0.499935 -0.0163675 0.865908
    outer loop
      vertex -7.54235 0 3.11074
      vertex -8.44909 0 2.58723
      vertex -7.5262 -0.493293 3.11074
    endloop
  endfacet
  facet normal -0.44224 -0.0144786 0.89678
    outer loop
      vertex -6.58917 -0.431877 3.57382
      vertex -7.54235 0 3.11074
      vertex -7.5262 -0.493293 3.11074
    endloop
  endfacet
  facet normal -0.493521 -0.0814821 0.865908
    outer loop
      vertex -7.47782 -0.984473 3.11074
      vertex -8.28674 -1.64833 2.58723
      vertex -7.39742 -1.47144 3.11074
    endloop
  endfacet
  facet normal -0.436569 -0.0720791 0.896779
    outer loop
      vertex -6.47643 -1.28824 3.57382
      vertex -7.47782 -0.984473 3.11074
      vertex -7.39742 -1.47144 3.11074
    endloop
  endfacet
  facet normal -0.47867 0.145199 0.865906
    outer loop
      vertex -7.14208 2.42441 3.11074
      vertex -8.00069 2.71587 2.58723
      vertex -7.28535 1.9521 3.11074
    endloop
  endfacet
  facet normal -0.423426 0.128442 0.896779
    outer loop
      vertex -7.14208 2.42441 3.11074
      vertex -7.28535 1.9521 3.11074
      vertex -6.25288 2.12256 3.57382
    endloop
  endfacet
  facet normal -0.555476 0.0181943 0.831333
    outer loop
      vertex -8.43099 0.552596 2.58723
      vertex -9.31964 0 2.00555
      vertex -8.44909 0 2.58723
    endloop
  endfacet
  facet normal -0.440346 0.0433729 0.89678
    outer loop
      vertex -7.47782 0.984473 3.11074
      vertex -7.5262 0.493293 3.11074
      vertex -6.58917 0.431877 3.57382
    endloop
  endfacet
  facet normal -0.541253 0.126204 0.831335
    outer loop
      vertex -8.16119 2.18678 2.58723
      vertex -9.00208 2.4121 2.00555
      vertex -8.28674 1.64833 2.58723
    endloop
  endfacet
  facet normal -0.541251 0.126207 0.831336
    outer loop
      vertex -9.00208 2.4121 2.00555
      vertex -9.14057 1.81817 2.00555
      vertex -8.28674 1.64833 2.58723
    endloop
  endfacet
  facet normal -0.608624 0.0198945 0.793209
    outer loop
      vertex -10.1286 0.66386 1.36817
      vertex -10.1503 0 1.36817
      vertex -9.29969 0.609533 2.00555
    endloop
  endfacet
  facet normal -0.608636 0.0199206 0.7932
    outer loop
      vertex -9.29969 0.609533 2.00555
      vertex -10.1503 0 1.36817
      vertex -9.31964 0 2.00555
    endloop
  endfacet
  facet normal -0.372855 0.0869362 0.923808
    outer loop
      vertex -6.37831 1.70906 3.57382
      vertex -6.47643 1.28824 3.57382
      vertex -5.44396 1.4587 3.97449
    endloop
  endfacet
  facet normal -0.366371 0.111134 0.923808
    outer loop
      vertex -6.25288 2.12256 3.57382
      vertex -6.37831 1.70906 3.57382
      vertex -5.44396 1.4587 3.97449
    endloop
  endfacet
  facet normal -0.569936 0.214506 0.793196
    outer loop
      vertex -9.37765 3.88435 1.36817
      vertex -9.61162 3.2627 1.36817
      vertex -8.82505 2.9957 2.00555
    endloop
  endfacet
  facet normal -0.582745 0.176771 0.793196
    outer loop
      vertex -8.82505 2.9957 2.00555
      vertex -9.61162 3.2627 1.36817
      vertex -9.00208 2.4121 2.00555
    endloop
  endfacet
  facet normal -0.130531 0.00427289 0.991435
    outer loop
      vertex -2.60075 0.170462 4.78629
      vertex -2.60633 0 4.78629
      vertex -1.56827 0 4.92296
    endloop
  endfacet
  facet normal -0.130531 -0.00427289 0.991435
    outer loop
      vertex -1.56827 0 4.92296
      vertex -2.60633 0 4.78629
      vertex -2.60075 -0.170462 4.78629
    endloop
  endfacet
  facet normal -0.0637218 0.0148555 0.997857
    outer loop
      vertex -1.51484 0.405899 4.92296
      vertex -1.53814 0.305955 4.92296
      vertex -0.513446 0.10213 4.99143
    endloop
  endfacet
  facet normal -0.127191 0.0296521 0.991435
    outer loop
      vertex -1.51484 0.405899 4.92296
      vertex -2.55625 0.508469 4.78629
      vertex -1.53814 0.305955 4.92296
    endloop
  endfacet
  facet normal -0.129973 0.0128034 0.991435
    outer loop
      vertex -2.58403 0.340194 4.78629
      vertex -2.60075 0.170462 4.78629
      vertex -1.55486 0.2047 4.92296
    endloop
  endfacet
  facet normal -0.128858 0.0212728 0.991435
    outer loop
      vertex -2.55625 0.508469 4.78629
      vertex -2.58403 0.340194 4.78629
      vertex -1.55486 0.2047 4.92296
    endloop
  endfacet
  facet normal -0.186785 0.0566616 0.980765
    outer loop
      vertex -2.46801 0.837776 4.78629
      vertex -3.4404 1.16786 4.58203
      vertex -2.51752 0.674566 4.78629
    endloop
  endfacet
  facet normal -0.186784 0.0566639 0.980765
    outer loop
      vertex -3.4404 1.16786 4.58203
      vertex -3.50942 0.940346 4.58203
      vertex -2.51752 0.674566 4.78629
    endloop
  endfacet
  facet normal -0.0595988 0.0270032 0.997857
    outer loop
      vertex -0.469517 0.23154 4.99143
      vertex -1.40654 0.693629 4.92296
      vertex -0.483655 0.200336 4.99143
    endloop
  endfacet
  facet normal -0.0577042 0.0308451 0.997857
    outer loop
      vertex -1.35816 0.784137 4.92296
      vertex -1.40654 0.693629 4.92296
      vertex -0.453368 0.261752 4.99143
    endloop
  endfacet
  facet normal -0.115179 0.0615674 0.991435
    outer loop
      vertex -1.35816 0.784137 4.92296
      vertex -2.25715 1.30316 4.78629
      vertex -1.40654 0.693629 4.92296
    endloop
  endfacet
  facet normal -0.158659 0.113693 0.980766
    outer loop
      vertex -2.88243 2.21176 4.58203
      vertex -3.02091 2.01851 4.58203
      vertex -2.06774 1.58663 4.78629
    endloop
  endfacet
  facet normal -0.10616 0.0760723 0.991435
    outer loop
      vertex -2.06774 1.58663 4.78629
      vertex -2.16708 1.448 4.78629
      vertex -1.30397 0.871286 4.92296
    endloop
  endfacet
  facet normal -0.0953282 0.0892708 0.991435
    outer loop
      vertex -1.10894 1.10894 4.92296
      vertex -1.95954 1.71847 4.78629
      vertex -1.17909 1.03403 4.92296
    endloop
  endfacet
  facet normal -0.0505791 0.0415085 0.997857
    outer loop
      vertex -1.17909 1.03403 4.92296
      vertex -1.24419 0.954704 4.92296
      vertex -0.393592 0.345171 4.99143
    endloop
  endfacet
  facet normal -0.0892708 0.0953282 0.991435
    outer loop
      vertex -1.03403 1.17909 4.92296
      vertex -1.71847 1.95954 4.78629
      vertex -1.10894 1.10894 4.92296
    endloop
  endfacet
  facet normal -0.0447297 0.0477532 0.997857
    outer loop
      vertex -0.345171 0.393592 4.99143
      vertex -1.10894 1.10894 4.92296
      vertex -0.370173 0.370173 4.99143
    endloop
  endfacet
  facet normal -0.0760723 0.10616 0.991435
    outer loop
      vertex -1.448 2.16708 4.78629
      vertex -1.58663 2.06774 4.78629
      vertex -0.871286 1.30397 4.92296
    endloop
  endfacet
  facet normal -0.0128026 0.129973 0.991435
    outer loop
      vertex -0.170462 2.60075 4.78629
      vertex -0.2047 1.55486 4.92296
      vertex -0.10257 1.56492 4.92296
    endloop
  endfacet
  facet normal -0.0270069 0.0595968 0.997857
    outer loop
      vertex -0.600152 1.4489 4.92296
      vertex -0.693629 1.40654 4.92296
      vertex -0.200336 0.483655 4.99143
    endloop
  endfacet
  facet normal -0.0230497 0.0612359 0.997857
    outer loop
      vertex -0.168275 0.495723 4.99143
      vertex -0.600152 1.4489 4.92296
      vertex -0.200336 0.483655 4.99143
    endloop
  endfacet
  facet normal 0.0125283 0.382651 0.923808
    outer loop
      vertex 0 6.60331 3.57382
      vertex 0 5.636 3.97449
      vertex 0.431877 6.58917 3.57382
    endloop
  endfacet
  facet normal -0.100475 0.430919 0.896779
    outer loop
      vertex -1.28824 6.47643 3.57382
      vertex -1.9521 7.28535 3.11074
      vertex -1.70906 6.37831 3.57382
    endloop
  endfacet
  facet normal 0.0379125 0.124979 0.991435
    outer loop
      vertex 0.674566 2.51752 4.78629
      vertex 0.405899 1.51484 4.92296
      vertex 0.837776 2.46801 4.78629
    endloop
  endfacet
  facet normal 0.0460053 0.122232 0.991435
    outer loop
      vertex 0.837776 2.46801 4.78629
      vertex 0.504105 1.48505 4.92296
      vertex 0.600152 1.4489 4.92296
    endloop
  endfacet
  facet normal 0.0443247 0.19009 0.980766
    outer loop
      vertex 0.708806 3.56341 4.58203
      vertex 0.508469 2.55625 4.78629
      vertex 0.674566 2.51752 4.78629
    endloop
  endfacet
  facet normal 0.0443248 0.19009 0.980766
    outer loop
      vertex 0.708806 3.56341 4.58203
      vertex 0.674566 2.51752 4.78629
      vertex 0.940346 3.50942 4.58203
    endloop
  endfacet
  facet normal 0.0687504 0.18268 0.980766
    outer loop
      vertex 1.16786 3.4404 4.58203
      vertex 0.997398 2.40793 4.78629
      vertex 1.39037 3.35666 4.58203
    endloop
  endfacet
  facet normal 0.0912094 0.242357 0.96589
    outer loop
      vertex 1.77739 4.29101 4.31104
      vertex 1.16786 3.4404 4.58203
      vertex 1.39037 3.35666 4.58203
    endloop
  endfacet
  facet normal 0.122073 0.228375 0.96589
    outer loop
      vertex 2.05423 4.16557 4.31104
      vertex 1.60693 3.25854 4.58203
      vertex 1.81661 3.14646 4.58203
    endloop
  endfacet
  facet normal 0.106876 0.23587 0.96589
    outer loop
      vertex 1.77739 4.29101 4.31104
      vertex 1.60693 3.25854 4.58203
      vertex 2.05423 4.16557 4.31104
    endloop
  endfacet
  facet normal 0.00846901 0.258814 0.96589
    outer loop
      vertex 0 4.64455 4.31104
      vertex 0 3.63322 4.58203
      vertex 0.303768 4.63461 4.31104
    endloop
  endfacet
  facet normal 0.0317966 0.192582 0.980766
    outer loop
      vertex 0.708806 3.56341 4.58203
      vertex 0.47423 3.60214 4.58203
      vertex 0.508469 2.55625 4.78629
    endloop
  endfacet
  facet normal -0.128442 0.423426 0.896779
    outer loop
      vertex -1.9521 7.28535 3.11074
      vertex -2.42441 7.14208 3.11074
      vertex -2.12256 6.25288 3.57382
    endloop
  endfacet
  facet normal -0.128441 0.423426 0.896779
    outer loop
      vertex -1.9521 7.28535 3.11074
      vertex -2.12256 6.25288 3.57382
      vertex -1.70906 6.37831 3.57382
    endloop
  endfacet
  facet normal -0.111137 0.366369 0.923809
    outer loop
      vertex -1.4587 5.44396 3.97449
      vertex -2.12256 6.25288 3.57382
      vertex -1.81163 5.3369 3.97449
    endloop
  endfacet
  facet normal -0.113282 0.30098 0.946878
    outer loop
      vertex -1.49294 4.39807 4.31104
      vertex -2.1568 5.20699 3.97449
      vertex -1.77739 4.29101 4.31104
    endloop
  endfacet
  facet normal -0.0912158 0.242353 0.965891
    outer loop
      vertex -1.49294 4.39807 4.31104
      vertex -1.77739 4.29101 4.31104
      vertex -1.16786 3.4404 4.58203
    endloop
  endfacet
  facet normal -0.0933535 0.307746 0.946878
    outer loop
      vertex -1.4587 5.44396 3.97449
      vertex -1.81163 5.3369 3.97449
      vertex -1.49294 4.39807 4.31104
    endloop
  endfacet
  facet normal -0.202177 0.325118 0.923809
    outer loop
      vertex -2.818 4.88092 3.97449
      vertex -3.30166 5.71864 3.57382
      vertex -3.13119 4.68616 3.97449
    endloop
  endfacet
  facet normal -0.187325 0.261403 0.946878
    outer loop
      vertex -2.58038 3.86181 4.31104
      vertex -3.43098 4.47134 3.97449
      vertex -2.82743 3.68477 4.31104
    endloop
  endfacet
  facet normal -0.150836 0.210484 0.965891
    outer loop
      vertex -2.58038 3.86181 4.31104
      vertex -2.82743 3.68477 4.31104
      vertex -2.01851 3.02091 4.58203
    endloop
  endfacet
  facet normal -0.103075 0.165754 0.980766
    outer loop
      vertex -1.30316 2.25715 4.78629
      vertex -2.01851 3.02091 4.58203
      vertex -1.448 2.16708 4.78629
    endloop
  endfacet
  facet normal -0.200174 0.164276 0.96589
    outer loop
      vertex -2.7316 2.39555 4.58203
      vertex -3.49196 3.06237 4.31104
      vertex -2.88243 2.21176 4.58203
    endloop
  endfacet
  facet normal -0.188994 0.177024 0.96589
    outer loop
      vertex -2.56907 2.56907 4.58203
      vertex -3.49196 3.06237 4.31104
      vertex -2.7316 2.39555 4.58203
    endloop
  endfacet
  facet normal -0.322952 0.302472 0.896779
    outer loop
      vertex -4.66925 4.66925 3.57382
      vertex -5.67064 4.97301 3.11074
      vertex -4.96463 4.35387 3.57382
    endloop
  endfacet
  facet normal -0.279432 0.261712 0.92381
    outer loop
      vertex -4.66925 4.66925 3.57382
      vertex -4.96463 4.35387 3.57382
      vertex -3.98525 3.98525 3.97449
    endloop
  endfacet
  facet normal -0.25133 0.554683 0.793196
    outer loop
      vertex -3.88435 9.37765 1.36817
      vertex -4.12197 8.35853 2.00555
      vertex -3.56647 8.61023 2.00555
    endloop
  endfacet
  facet normal -0.214506 0.569936 0.793196
    outer loop
      vertex -2.9957 8.82505 2.00555
      vertex -3.88435 9.37765 1.36817
      vertex -3.56647 8.61023 2.00555
    endloop
  endfacet
  facet normal -0.206437 0.455622 0.865906
    outer loop
      vertex -2.88633 6.96822 3.11074
      vertex -3.73693 7.57775 2.58723
      vertex -3.33589 6.76453 3.11074
    endloop
  endfacet
  facet normal -0.206446 0.455612 0.865909
    outer loop
      vertex -3.23333 7.80594 2.58723
      vertex -3.73693 7.57775 2.58723
      vertex -2.88633 6.96822 3.11074
    endloop
  endfacet
  facet normal -0.302482 0.322949 0.896777
    outer loop
      vertex -4.97301 5.67064 3.11074
      vertex -5.33324 5.33324 3.11074
      vertex -4.66925 4.66925 3.57382
    endloop
  endfacet
  facet normal -0.29135 0.406591 0.865909
    outer loop
      vertex -4.1903 6.27123 3.11074
      vertex -4.69406 7.02516 2.58723
      vertex -4.59149 5.98375 3.11074
    endloop
  endfacet
  facet normal -0.352578 0.429617 0.831335
    outer loop
      vertex -5.14348 6.70311 2.58723
      vertex -5.67344 7.39377 2.00555
      vertex -5.57087 6.35236 2.58723
    endloop
  endfacet
  facet normal -0.317326 0.386663 0.865907
    outer loop
      vertex -5.14348 6.70311 2.58723
      vertex -5.57087 6.35236 2.58723
      vertex -4.59149 5.98375 3.11074
    endloop
  endfacet
  facet normal -0.481381 0.450857 0.751665
    outer loop
      vertex -7.17734 7.17734 1.36817
      vertex -8.22323 7.21158 0.677825
      vertex -7.63139 6.69255 1.36817
    endloop
  endfacet
  facet normal -0.509838 0.418407 0.751665
    outer loop
      vertex -8.22323 7.21158 0.677825
      vertex -8.67728 6.65831 0.677825
      vertex -7.63139 6.69255 1.36817
    endloop
  endfacet
  facet normal -0.560087 0.348286 0.751664
    outer loop
      vertex -8.43966 5.6392 1.36817
      vertex -9.09418 6.07654 0.677825
      vertex -8.79041 5.07515 1.36817
    endloop
  endfacet
  facet normal -0.536106 0.384177 0.751664
    outer loop
      vertex -8.67728 6.65831 0.677825
      vertex -9.09418 6.07654 0.677825
      vertex -8.43966 5.6392 1.36817
    endloop
  endfacet
  facet normal -0.483504 0.516224 0.70692
    outer loop
      vertex -8.16914 8.25458 0
      vertex -7.73396 7.73396 0.677825
      vertex -7.21158 8.22323 0.677825
    endloop
  endfacet
  facet normal -0.483482 0.516244 0.706921
    outer loop
      vertex -7.73396 7.73396 0.677825
      vertex -8.16914 8.25458 0
      vertex -8.21326 8.21326 0
    endloop
  endfacet
  facet normal -0.354706 0.494997 0.793197
    outer loop
      vertex -5.6392 8.43966 1.36817
      vertex -6.17911 8.05277 1.36817
      vertex -5.67344 7.39377 2.00555
    endloop
  endfacet
  facet normal 0.251327 0.554683 0.793197
    outer loop
      vertex 4.48936 9.10352 1.36817
      vertex 3.88435 9.37765 1.36817
      vertex 4.12197 8.35853 2.00555
    endloop
  endfacet
  facet normal 0.287063 0.537059 0.793197
    outer loop
      vertex 4.48936 9.10352 1.36817
      vertex 4.12197 8.35853 2.00555
      vertex 5.07515 8.79041 1.36817
    endloop
  endfacet
  facet normal 0.128442 0.423426 0.896779
    outer loop
      vertex 2.42441 7.14208 3.11074
      vertex 1.9521 7.28535 3.11074
      vertex 2.12256 6.25288 3.57382
    endloop
  endfacet
  facet normal 0.155867 0.414116 0.896779
    outer loop
      vertex 2.42441 7.14208 3.11074
      vertex 2.12256 6.25288 3.57382
      vertex 2.88633 6.96822 3.11074
    endloop
  endfacet
  facet normal 0.0869362 0.372855 0.923808
    outer loop
      vertex 1.70906 6.37831 3.57382
      vertex 1.28824 6.47643 3.57382
      vertex 1.4587 5.44396 3.97449
    endloop
  endfacet
  facet normal -0.00847377 0.258813 0.96589
    outer loop
      vertex 0 3.63322 4.58203
      vertex -0.303768 4.63461 4.31104
      vertex -0.237623 3.62544 4.58203
    endloop
  endfacet
  facet normal 0.204017 0.248595 0.946878
    outer loop
      vertex 3.43098 4.47134 3.97449
      vertex 2.82743 3.68477 4.31104
      vertex 3.06237 3.49196 4.31104
    endloop
  endfacet
  facet normal 0.204019 0.248594 0.946878
    outer loop
      vertex 3.43098 4.47134 3.97449
      vertex 3.06237 3.49196 4.31104
      vertex 3.71607 4.23737 3.97449
    endloop
  endfacet
  facet normal 0.151593 0.283622 0.946878
    outer loop
      vertex 2.818 4.88092 3.97449
      vertex 2.05423 4.16557 4.31104
      vertex 2.32228 4.0223 4.31104
    endloop
  endfacet
  facet normal 0.169818 0.273101 0.946878
    outer loop
      vertex 2.818 4.88092 3.97449
      vertex 2.32228 4.0223 4.31104
      vertex 2.58038 3.86181 4.31104
    endloop
  endfacet
  facet normal -0.232317 0.617284 0.751658
    outer loop
      vertex -3.51574 10.357 0.677825
      vertex -4.18559 10.1049 0.677825
      vertex -3.88435 9.37765 1.36817
    endloop
  endfacet
  facet normal -0.232327 0.617285 0.751653
    outer loop
      vertex -3.51574 10.357 0.677825
      vertex -3.88435 9.37765 1.36817
      vertex -3.2627 9.61162 1.36817
    endloop
  endfacet
  facet normal -0.373479 -0.600652 0.706917
    outer loop
      vertex -6.07654 -9.09418 0.677825
      vertex -6.45312 -9.65777 0
      vertex -5.85898 -10.0272 0
    endloop
  endfacet
  facet normal -0.411987 -0.574914 0.706923
    outer loop
      vertex -6.65831 -8.67728 0.677825
      vertex -7.02182 -9.25025 0
      vertex -6.07654 -9.09418 0.677825
    endloop
  endfacet
  facet normal -0.412012 -0.574898 0.706922
    outer loop
      vertex -7.02182 -9.25025 0
      vertex -6.65831 -8.67728 0.677825
      vertex -7.07095 -9.21504 0
    endloop
  endfacet
  facet normal -0.481378 -0.450866 0.751661
    outer loop
      vertex -7.17734 -7.17734 1.36817
      vertex -8.22323 -7.21158 0.677825
      vertex -7.73396 -7.73396 0.677825
    endloop
  endfacet
  facet normal -0.450866 -0.481378 0.751661
    outer loop
      vertex -7.17734 -7.17734 1.36817
      vertex -7.73396 -7.73396 0.677825
      vertex -7.21158 -8.22323 0.677825
    endloop
  endfacet
  facet normal -0.582745 -0.176771 0.793196
    outer loop
      vertex -9.00208 -2.4121 2.00555
      vertex -9.61162 -3.2627 1.36817
      vertex -8.82505 -2.9957 2.00555
    endloop
  endfacet
  facet normal -0.569936 -0.214506 0.793196
    outer loop
      vertex -8.82505 -2.9957 2.00555
      vertex -9.61162 -3.2627 1.36817
      vertex -9.37765 -3.88435 1.36817
    endloop
  endfacet
  facet normal -0.541251 -0.126207 0.831336
    outer loop
      vertex -8.28674 -1.64833 2.58723
      vertex -9.14057 -1.81817 2.00555
      vertex -9.00208 -2.4121 2.00555
    endloop
  endfacet
  facet normal -0.593057 -0.138287 0.793196
    outer loop
      vertex -9.14057 -1.81817 2.00555
      vertex -9.95526 -1.98022 1.36817
      vertex -9.00208 -2.4121 2.00555
    endloop
  endfacet
  facet normal -0.0991952 -0.600833 0.793196
    outer loop
      vertex -1.81817 -9.14057 2.00555
      vertex -1.98022 -9.95526 1.36817
      vertex -1.21646 -9.23991 2.00555
    endloop
  endfacet
  facet normal -0.232317 -0.617284 0.751658
    outer loop
      vertex -3.88435 -9.37765 1.36817
      vertex -4.18559 -10.1049 0.677825
      vertex -3.51574 -10.357 0.677825
    endloop
  endfacet
  facet normal -0.149768 -0.642313 0.751667
    outer loop
      vertex -2.62709 -9.80443 1.36817
      vertex -2.83083 -10.5648 0.677825
      vertex -1.98022 -9.95526 1.36817
    endloop
  endfacet
  facet normal -0.0544774 -0.553092 0.831337
    outer loop
      vertex -0.552596 -8.43099 2.58723
      vertex -1.21646 -9.23991 2.00555
      vertex -0.609533 -9.29969 2.00555
    endloop
  endfacet
  facet normal 0.0646421 -0.656371 0.751664
    outer loop
      vertex 1.32488 -10.0635 1.36817
      vertex 0.66386 -10.1286 1.36817
      vertex 0.715344 -10.9141 0.677825
    endloop
  endfacet
  facet normal -0.0199206 -0.608636 0.7932
    outer loop
      vertex 0 -9.31964 2.00555
      vertex -0.609533 -9.29969 2.00555
      vertex 0 -10.1503 1.36817
    endloop
  endfacet
  facet normal 0.107448 -0.650744 0.751656
    outer loop
      vertex 1.98022 -9.95526 1.36817
      vertex 1.42763 -10.8439 0.677825
      vertex 2.1338 -10.7273 0.677825
    endloop
  endfacet
  facet normal 0.160641 -0.688827 0.706903
    outer loop
      vertex 2.83083 -10.5648 0.677825
      vertex 2.3249 -11.3784 0
      vertex 3.00626 -11.2195 0
    endloop
  endfacet
  facet normal -0.164276 -0.200174 0.96589
    outer loop
      vertex -2.39555 -2.7316 4.58203
      vertex -3.06237 -3.49196 4.31104
      vertex -2.21176 -2.88243 4.58203
    endloop
  endfacet
  facet normal -0.106876 -0.23587 0.96589
    outer loop
      vertex -1.60693 -3.25854 4.58203
      vertex -2.05423 -4.16557 4.31104
      vertex -1.77739 -4.29101 4.31104
    endloop
  endfacet
  facet normal -0.093348 -0.307746 0.946878
    outer loop
      vertex -1.2021 -4.48629 4.31104
      vertex -1.49294 -4.39807 4.31104
      vertex -1.4587 -5.44396 3.97449
    endloop
  endfacet
  facet normal -0.00214108 -0.0653953 0.997857
    outer loop
      vertex -0.0342388 -0.522384 4.99143
      vertex -0.10257 -1.56492 4.92296
      vertex 0 -0.523505 4.99143
    endloop
  endfacet
  facet normal -0.0128034 -0.129973 0.991435
    outer loop
      vertex -0.2047 -1.55486 4.92296
      vertex -0.340194 -2.58403 4.78629
      vertex -0.170462 -2.60075 4.78629
    endloop
  endfacet
  facet normal -0.0615674 -0.115179 0.991435
    outer loop
      vertex -0.784137 -1.35816 4.92296
      vertex -1.30316 -2.25715 4.78629
      vertex -0.693629 -1.40654 4.92296
    endloop
  endfacet
  facet normal -0.0308444 -0.0577045 0.997857
    outer loop
      vertex -0.261752 -0.453368 4.99143
      vertex -0.693629 -1.40654 4.92296
      vertex -0.23154 -0.469517 4.99143
    endloop
  endfacet
  facet normal -0.0381135 -0.0531842 0.997857
    outer loop
      vertex -0.318689 -0.415324 4.99143
      vertex -0.954704 -1.24419 4.92296
      vertex -0.871286 -1.30397 4.92296
    endloop
  endfacet
  facet normal -0.0189924 -0.0626133 0.997857
    outer loop
      vertex -0.168275 -0.495723 4.99143
      vertex -0.405899 -1.51484 4.92296
      vertex -0.135492 -0.505667 4.99143
    endloop
  endfacet
  facet normal -0.0379114 -0.124979 0.991435
    outer loop
      vertex -0.504105 -1.48505 4.92296
      vertex -0.837776 -2.46801 4.78629
      vertex -0.405899 -1.51484 4.92296
    endloop
  endfacet
  facet normal -0.0148555 -0.0637218 0.997857
    outer loop
      vertex -0.10213 -0.513446 4.99143
      vertex -0.405899 -1.51484 4.92296
      vertex -0.305955 -1.53814 4.92296
    endloop
  endfacet
  facet normal -0.0296521 -0.127191 0.991435
    outer loop
      vertex -0.405899 -1.51484 4.92296
      vertex -0.508469 -2.55625 4.78629
      vertex -0.305955 -1.53814 4.92296
    endloop
  endfacet
  facet normal -0.110906 -0.0689682 0.991435
    outer loop
      vertex -1.30397 -0.871286 4.92296
      vertex -2.25715 -1.30316 4.78629
      vertex -2.16708 -1.448 4.78629
    endloop
  endfacet
  facet normal -0.172143 -0.0920059 0.980766
    outer loop
      vertex -2.33754 -1.15275 4.78629
      vertex -3.25854 -1.60693 4.58203
      vertex -2.25715 -1.30316 4.78629
    endloop
  endfacet
  facet normal -0.255493 -0.0421836 0.96589
    outer loop
      vertex -3.60214 -0.47423 4.58203
      vertex -4.60482 -0.606236 4.31104
      vertex -3.56341 -0.708806 4.58203
    endloop
  endfacet
  facet normal -0.255493 -0.0421831 0.96589
    outer loop
      vertex -3.56341 -0.708806 4.58203
      vertex -4.60482 -0.606236 4.31104
      vertex -4.55531 -0.906107 4.31104
    endloop
  endfacet
  facet normal -0.12719 -0.0296579 0.991435
    outer loop
      vertex -1.51484 -0.405899 4.92296
      vertex -2.55625 -0.508469 4.78629
      vertex -2.51752 -0.674566 4.78629
    endloop
  endfacet
  facet normal -0.182679 -0.0687584 0.980765
    outer loop
      vertex -2.46801 -0.837776 4.78629
      vertex -3.4404 -1.16786 4.58203
      vertex -2.40793 -0.997398 4.78629
    endloop
  endfacet
  facet normal -0.186784 -0.0566639 0.980765
    outer loop
      vertex -2.51752 -0.674566 4.78629
      vertex -3.50942 -0.940346 4.58203
      vertex -3.4404 -1.16786 4.58203
    endloop
  endfacet
  facet normal -0.0651153 -0.00641374 0.997857
    outer loop
      vertex -0.522384 -0.0342388 4.99143
      vertex -1.55486 -0.2047 4.92296
      vertex -0.519026 -0.0683308 4.99143
    endloop
  endfacet
  facet normal -0.122232 -0.0460053 0.991435
    outer loop
      vertex -1.48505 -0.504105 4.92296
      vertex -2.46801 -0.837776 4.78629
      vertex -1.4489 -0.600152 4.92296
    endloop
  endfacet
  facet normal -0.106157 -0.0760753 0.991435
    outer loop
      vertex -1.30397 -0.871286 4.92296
      vertex -2.06774 -1.58663 4.78629
      vertex -1.24419 -0.954704 4.92296
    endloop
  endfacet
  facet normal -0.0477532 -0.0447297 0.997857
    outer loop
      vertex -0.393592 -0.345171 4.99143
      vertex -1.10894 -1.10894 4.92296
      vertex -0.370173 -0.370173 4.99143
    endloop
  endfacet
  facet normal -0.150884 -0.123825 0.980766
    outer loop
      vertex -1.95954 -1.71847 4.78629
      vertex -2.88243 -2.21176 4.58203
      vertex -2.7316 -2.39555 4.58203
    endloop
  endfacet
  facet normal -0.0953282 -0.0892708 0.991435
    outer loop
      vertex -1.17909 -1.03403 4.92296
      vertex -1.95954 -1.71847 4.78629
      vertex -1.10894 -1.10894 4.92296
    endloop
  endfacet
  facet normal -0.0253813 -0.257705 0.96589
    outer loop
      vertex -0.47423 -3.60214 4.58203
      vertex -0.606236 -4.60482 4.31104
      vertex -0.303768 -4.63461 4.31104
    endloop
  endfacet
  facet normal -0.00638728 -0.195086 0.980765
    outer loop
      vertex -0.170462 -2.60075 4.78629
      vertex -0.237623 -3.62544 4.58203
      vertex 0 -3.63322 4.58203
    endloop
  endfacet
  facet normal -0.106869 -0.235871 0.96589
    outer loop
      vertex -1.60693 -3.25854 4.58203
      vertex -1.77739 -4.29101 4.31104
      vertex -1.39037 -3.35666 4.58203
    endloop
  endfacet
  facet normal -0.242883 -0.29595 0.923808
    outer loop
      vertex -3.71607 -4.23737 3.97449
      vertex -4.01984 -5.23876 3.57382
      vertex -3.43098 -4.47134 3.97449
    endloop
  endfacet
  facet normal -0.223001 -0.311206 0.923808
    outer loop
      vertex -3.43098 -4.47134 3.97449
      vertex -4.01984 -5.23876 3.57382
      vertex -3.13119 -4.68616 3.97449
    endloop
  endfacet
  facet normal -0.223002 -0.311205 0.923808
    outer loop
      vertex -3.13119 -4.68616 3.97449
      vertex -4.01984 -5.23876 3.57382
      vertex -3.6686 -5.49045 3.57382
    endloop
  endfacet
  facet normal -0.261403 -0.187325 0.946878
    outer loop
      vertex -3.86181 -2.58038 4.31104
      vertex -4.47134 -3.43098 3.97449
      vertex -3.68477 -2.82743 4.31104
    endloop
  endfacet
  facet normal -0.261411 -0.187319 0.946877
    outer loop
      vertex -3.86181 -2.58038 4.31104
      vertex -4.68616 -3.13119 3.97449
      vertex -4.47134 -3.43098 3.97449
    endloop
  endfacet
  facet normal -0.219904 -0.136739 0.965891
    outer loop
      vertex -3.02091 -2.01851 4.58203
      vertex -4.0223 -2.32228 4.31104
      vertex -3.86181 -2.58038 4.31104
    endloop
  endfacet
  facet normal -0.219902 -0.136744 0.96589
    outer loop
      vertex -3.14646 -1.81661 4.58203
      vertex -4.0223 -2.32228 4.31104
      vertex -3.02091 -2.01851 4.58203
    endloop
  endfacet
  facet normal -0.279429 -0.26172 0.923809
    outer loop
      vertex -4.23737 -3.71607 3.97449
      vertex -4.96463 -4.35387 3.57382
      vertex -3.98525 -3.98525 3.97449
    endloop
  endfacet
  facet normal -0.158659 -0.113693 0.980766
    outer loop
      vertex -2.06774 -1.58663 4.78629
      vertex -3.02091 -2.01851 4.58203
      vertex -2.88243 -2.21176 4.58203
    endloop
  endfacet
  facet normal -0.30098 -0.113282 0.946878
    outer loop
      vertex -4.39807 -1.49294 4.31104
      vertex -5.20699 -2.1568 3.97449
      vertex -4.29101 -1.77739 4.31104
    endloop
  endfacet
  facet normal -0.292928 -0.132722 0.946878
    outer loop
      vertex -4.29101 -1.77739 4.31104
      vertex -5.20699 -2.1568 3.97449
      vertex -5.05478 -2.49274 3.97449
    endloop
  endfacet
  facet normal 0.0460065 -0.122231 0.991435
    outer loop
      vertex 0.997398 -2.40793 4.78629
      vertex 0.600152 -1.4489 4.92296
      vertex 0.837776 -2.46801 4.78629
    endloop
  endfacet
  facet normal 0.0230481 -0.0612366 0.997857
    outer loop
      vertex 0.600152 -1.4489 4.92296
      vertex 0.168275 -0.495723 4.99143
      vertex 0.504105 -1.48505 4.92296
    endloop
  endfacet
  facet normal 0.113279 -0.300982 0.946878
    outer loop
      vertex 2.1568 -5.20699 3.97449
      vertex 1.49294 -4.39807 4.31104
      vertex 1.81163 -5.3369 3.97449
    endloop
  endfacet
  facet normal 0.0933535 -0.307746 0.946878
    outer loop
      vertex 1.49294 -4.39807 4.31104
      vertex 1.4587 -5.44396 3.97449
      vertex 1.81163 -5.3369 3.97449
    endloop
  endfacet
  facet normal -0.165754 -0.103075 0.980766
    outer loop
      vertex -2.25715 -1.30316 4.78629
      vertex -3.02091 -2.01851 4.58203
      vertex -2.16708 -1.448 4.78629
    endloop
  endfacet
  facet normal -0.228377 -0.122065 0.96589
    outer loop
      vertex -3.14646 -1.81661 4.58203
      vertex -4.16557 -2.05423 4.31104
      vertex -4.0223 -2.32228 4.31104
    endloop
  endfacet
  facet normal -0.123825 -0.150884 0.980766
    outer loop
      vertex -1.71847 -1.95954 4.78629
      vertex -2.39555 -2.7316 4.58203
      vertex -2.21176 -2.88243 4.58203
    endloop
  endfacet
  facet normal -0.133431 -0.142461 0.980765
    outer loop
      vertex -1.84295 -1.84295 4.78629
      vertex -2.56907 -2.56907 4.58203
      vertex -1.71847 -1.95954 4.78629
    endloop
  endfacet
  facet normal 0.0443247 -0.19009 0.980766
    outer loop
      vertex 0.674566 -2.51752 4.78629
      vertex 0.508469 -2.55625 4.78629
      vertex 0.708806 -3.56341 4.58203
    endloop
  endfacet
  facet normal 0.01066 -0.0645563 0.997857
    outer loop
      vertex 0.305955 -1.53814 4.92296
      vertex 0.10213 -0.513446 4.99143
      vertex 0.2047 -1.55486 4.92296
    endloop
  endfacet
  facet normal 0.0212778 -0.128857 0.991435
    outer loop
      vertex 0.305955 -1.53814 4.92296
      vertex 0.2047 -1.55486 4.92296
      vertex 0.508469 -2.55625 4.78629
    endloop
  endfacet
  facet normal 0.0566616 -0.186785 0.980765
    outer loop
      vertex 0.837776 -2.46801 4.78629
      vertex 0.674566 -2.51752 4.78629
      vertex 1.16786 -3.4404 4.58203
    endloop
  endfacet
  facet normal 0.0689638 -0.110908 0.991435
    outer loop
      vertex 0.871286 -1.30397 4.92296
      vertex 0.784137 -1.35816 4.92296
      vertex 1.30316 -2.25715 4.78629
    endloop
  endfacet
  facet normal 0.0760753 -0.106157 0.991435
    outer loop
      vertex 0.954704 -1.24419 4.92296
      vertex 0.871286 -1.30397 4.92296
      vertex 1.58663 -2.06774 4.78629
    endloop
  endfacet
  facet normal 0.0447297 -0.0477532 0.997857
    outer loop
      vertex 0.370173 -0.370173 4.99143
      vertex 0.345171 -0.393592 4.99143
      vertex 1.10894 -1.10894 4.92296
    endloop
  endfacet
  facet normal 0.0555647 -0.0345506 0.997857
    outer loop
      vertex 1.35816 -0.784137 4.92296
      vertex 0.435278 -0.290844 4.99143
      vertex 1.30397 -0.871286 4.92296
    endloop
  endfacet
  facet normal 0.110908 -0.0689638 0.991435
    outer loop
      vertex 1.35816 -0.784137 4.92296
      vertex 1.30397 -0.871286 4.92296
      vertex 2.25715 -1.30316 4.78629
    endloop
  endfacet
  facet normal 0.122231 -0.0460065 0.991435
    outer loop
      vertex 2.46801 -0.837776 4.78629
      vertex 1.4489 -0.600152 4.92296
      vertex 2.40793 -0.997398 4.78629
    endloop
  endfacet
  facet normal 0.0531847 -0.0381127 0.997857
    outer loop
      vertex 0.435278 -0.290844 4.99143
      vertex 0.415324 -0.318689 4.99143
      vertex 1.30397 -0.871286 4.92296
    endloop
  endfacet
  facet normal 0.0651153 -0.00641374 0.997857
    outer loop
      vertex 0.522384 -0.0342388 4.99143
      vertex 0.519026 -0.0683308 4.99143
      vertex 1.55486 -0.2047 4.92296
    endloop
  endfacet
  facet normal 0.0920059 -0.172143 0.980766
    outer loop
      vertex 1.30316 -2.25715 4.78629
      vertex 1.15275 -2.33754 4.78629
      vertex 1.60693 -3.25854 4.58203
    endloop
  endfacet
  facet normal 0.150884 -0.123825 0.980766
    outer loop
      vertex 2.88243 -2.21176 4.58203
      vertex 1.95954 -1.71847 4.78629
      vertex 2.7316 -2.39555 4.58203
    endloop
  endfacet
  facet normal 0.169828 -0.273098 0.946877
    outer loop
      vertex 3.13119 -4.68616 3.97449
      vertex 2.58038 -3.86181 4.31104
      vertex 2.818 -4.88092 3.97449
    endloop
  endfacet
  facet normal 0.0751652 -0.247801 0.965891
    outer loop
      vertex 1.49294 -4.39807 4.31104
      vertex 1.16786 -3.4404 4.58203
      vertex 1.2021 -4.48629 4.31104
    endloop
  endfacet
  facet normal 0.0805543 -0.177791 0.980766
    outer loop
      vertex 1.60693 -3.25854 4.58203
      vertex 0.997398 -2.40793 4.78629
      vertex 1.39037 -3.35666 4.58203
    endloop
  endfacet
  facet normal 0.172141 -0.0920142 0.980765
    outer loop
      vertex 3.25854 -1.60693 4.58203
      vertex 2.25715 -1.30316 4.78629
      vertex 3.14646 -1.81661 4.58203
    endloop
  endfacet
  facet normal 0.15866 -0.113693 0.980766
    outer loop
      vertex 2.16708 -1.448 4.78629
      vertex 2.06774 -1.58663 4.78629
      vertex 3.02091 -2.01851 4.58203
    endloop
  endfacet
  facet normal 0.412012 -0.574898 0.706922
    outer loop
      vertex 6.65831 -8.67728 0.677825
      vertex 7.02182 -9.25025 0
      vertex 7.07095 -9.21504 0
    endloop
  endfacet
  facet normal 0.411987 -0.574914 0.706923
    outer loop
      vertex 7.02182 -9.25025 0
      vertex 6.65831 -8.67728 0.677825
      vertex 6.07654 -9.09418 0.677825
    endloop
  endfacet
  facet normal 0.411981 -0.574926 0.706917
    outer loop
      vertex 7.02182 -9.25025 0
      vertex 6.07654 -9.09418 0.677825
      vertex 6.45312 -9.65777 0
    endloop
  endfacet
  facet normal 0.470742 -0.386325 0.793193
    outer loop
      vertex 7.39377 -5.67344 2.00555
      vertex 7.00688 -6.14487 2.00555
      vertex 7.63139 -6.69255 1.36817
    endloop
  endfacet
  facet normal 0.429617 -0.352575 0.831336
    outer loop
      vertex 7.39377 -5.67344 2.00555
      vertex 6.35236 -5.57087 2.58723
      vertex 7.00688 -6.14487 2.00555
    endloop
  endfacet
  facet normal 0.292421 -0.644028 0.706907
    outer loop
      vertex 4.83752 -9.80952 0.677825
      vertex 5.08226 -10.4424 0
      vertex 5.13732 -10.4174 0
    endloop
  endfacet
  facet normal 0.291899 -0.644247 0.706923
    outer loop
      vertex 5.08226 -10.4424 0
      vertex 4.83752 -9.80952 0.677825
      vertex 4.18559 -10.1049 0.677825
    endloop
  endfacet
  facet normal 0.291872 -0.644281 0.706904
    outer loop
      vertex 5.08226 -10.4424 0
      vertex 4.18559 -10.1049 0.677825
      vertex 4.44498 -10.7311 0
    endloop
  endfacet
  facet normal 0.204824 -0.676974 0.706933
    outer loop
      vertex 3.51574 -10.357 0.677825
      vertex 3.67578 -11.0164 0
      vertex 3.73362 -10.9989 0
    endloop
  endfacet
  facet normal 0.205349 -0.676831 0.706917
    outer loop
      vertex 3.67578 -11.0164 0
      vertex 3.51574 -10.357 0.677825
      vertex 2.83083 -10.5648 0.677825
    endloop
  endfacet
  facet normal 0.0490316 -0.497795 0.865907
    outer loop
      vertex 0.984473 -7.47782 3.11074
      vertex 0.493293 -7.5262 3.11074
      vertex 1.10283 -8.3768 2.58723
    endloop
  endfacet
  facet normal -0.20858 -0.390238 0.896777
    outer loop
      vertex -3.30166 -5.71864 3.57382
      vertex -3.77117 -6.53186 3.11074
      vertex -2.92057 -5.92233 3.57382
    endloop
  endfacet
  facet normal -0.151593 -0.283622 0.946878
    outer loop
      vertex -2.32228 -4.0223 4.31104
      vertex -2.818 -4.88092 3.97449
      vertex -2.05423 -4.16557 4.31104
    endloop
  endfacet
  facet normal -0.0720791 -0.436569 0.896779
    outer loop
      vertex -1.28824 -6.47643 3.57382
      vertex -1.47144 -7.39742 3.11074
      vertex -0.984473 -7.47782 3.11074
    endloop
  endfacet
  facet normal -0.0375227 -0.381011 0.923809
    outer loop
      vertex -0.735645 -5.58778 3.97449
      vertex -0.861905 -6.54682 3.57382
      vertex -0.431877 -6.58917 3.57382
    endloop
  endfacet
  facet normal -0.317326 -0.386663 0.865907
    outer loop
      vertex -4.59149 -5.98375 3.11074
      vertex -5.57087 -6.35236 2.58723
      vertex -5.14348 -6.70311 2.58723
    endloop
  endfacet
  facet normal -0.448703 -0.546743 0.706922
    outer loop
      vertex -6.65831 -8.67728 0.677825
      vertex -7.61178 -8.77119 0
      vertex -7.07095 -9.21504 0
    endloop
  endfacet
  facet normal -0.1516 -0.283616 0.946879
    outer loop
      vertex -2.05423 -4.16557 4.31104
      vertex -2.818 -4.88092 3.97449
      vertex -2.49274 -5.05478 3.97449
    endloop
  endfacet
  facet normal -0.202181 -0.325117 0.923808
    outer loop
      vertex -3.13119 -4.68616 3.97449
      vertex -3.6686 -5.49045 3.57382
      vertex -3.30166 -5.71864 3.57382
    endloop
  endfacet
  facet normal -0.0814821 -0.493521 0.865908
    outer loop
      vertex -1.47144 -7.39742 3.11074
      vertex -1.64833 -8.28674 2.58723
      vertex -0.984473 -7.47782 3.11074
    endloop
  endfacet
  facet normal -0.0905301 -0.548348 0.831336
    outer loop
      vertex -1.64833 -8.28674 2.58723
      vertex -1.81817 -9.14057 2.00555
      vertex -1.10283 -8.3768 2.58723
    endloop
  endfacet
  facet normal 0.182611 -0.403038 0.89678
    outer loop
      vertex 2.92057 -5.92233 3.57382
      vertex 2.88633 -6.96822 3.11074
      vertex 3.33589 -6.76453 3.11074
    endloop
  endfacet
  facet normal 0.062358 -0.377745 0.923807
    outer loop
      vertex 1.09953 -5.52771 3.97449
      vertex 0.735645 -5.58778 3.97449
      vertex 1.28824 -6.47643 3.57382
    endloop
  endfacet
  facet normal 0.0433664 -0.440349 0.896779
    outer loop
      vertex 0.861905 -6.54682 3.57382
      vertex 0.431877 -6.58917 3.57382
      vertex 0.984473 -7.47782 3.11074
    endloop
  endfacet
  facet normal 0.0544718 -0.553095 0.831336
    outer loop
      vertex 1.10283 -8.3768 2.58723
      vertex 0.552596 -8.43099 2.58723
      vertex 1.21646 -9.23991 2.00555
    endloop
  endfacet
  facet normal 0.25133 -0.554683 0.793196
    outer loop
      vertex 4.12197 -8.35853 2.00555
      vertex 3.56647 -8.61023 2.00555
      vertex 3.88435 -9.37765 1.36817
    endloop
  endfacet
  facet normal 0.195763 -0.520151 0.831336
    outer loop
      vertex 3.23333 -7.80594 2.58723
      vertex 2.71587 -8.00069 2.58723
      vertex 2.9957 -8.82505 2.00555
    endloop
  endfacet
  facet normal 0.155861 -0.414122 0.896778
    outer loop
      vertex 2.52698 -6.10067 3.57382
      vertex 2.12256 -6.25288 3.57382
      vertex 2.88633 -6.96822 3.11074
    endloop
  endfacet
  facet normal 0.261983 -0.490147 0.831337
    outer loop
      vertex 4.22454 -7.31712 2.58723
      vertex 4.12197 -8.35853 2.00555
      vertex 4.65982 -8.07105 2.00555
    endloop
  endfacet
  facet normal 0.0588045 -0.252187 0.96589
    outer loop
      vertex 0.940346 -3.50942 4.58203
      vertex 0.708806 -3.56341 4.58203
      vertex 1.2021 -4.48629 4.31104
    endloop
  endfacet
  facet normal 0.0144786 -0.44224 0.89678
    outer loop
      vertex 0.431877 -6.58917 3.57382
      vertex 0 -7.54235 3.11074
      vertex 0.493293 -7.5262 3.11074
    endloop
  endfacet
  facet normal 0.261403 -0.187325 0.946878
    outer loop
      vertex 3.86181 -2.58038 4.31104
      vertex 3.68477 -2.82743 4.31104
      vertex 4.47134 -3.43098 3.97449
    endloop
  endfacet
  facet normal 0.261411 -0.187319 0.946877
    outer loop
      vertex 4.68616 -3.13119 3.97449
      vertex 3.86181 -2.58038 4.31104
      vertex 4.47134 -3.43098 3.97449
    endloop
  endfacet
  facet normal 0.228377 -0.122065 0.96589
    outer loop
      vertex 4.16557 -2.05423 4.31104
      vertex 3.14646 -1.81661 4.58203
      vertex 4.0223 -2.32228 4.31104
    endloop
  endfacet
  facet normal 0.273098 -0.169828 0.946877
    outer loop
      vertex 4.88092 -2.818 3.97449
      vertex 3.86181 -2.58038 4.31104
      vertex 4.68616 -3.13119 3.97449
    endloop
  endfacet
  facet normal 0.379928 -0.405636 0.831333
    outer loop
      vertex 6.58998 -6.58998 2.00555
      vertex 5.97441 -5.97441 2.58723
      vertex 6.14487 -7.00688 2.00555
    endloop
  endfacet
  facet normal 0.29135 -0.406591 0.865909
    outer loop
      vertex 4.59149 -5.98375 3.11074
      vertex 4.1903 -6.27123 3.11074
      vertex 4.69406 -7.02516 2.58723
    endloop
  endfacet
  facet normal 0.352578 -0.429617 0.831335
    outer loop
      vertex 5.57087 -6.35236 2.58723
      vertex 5.14348 -6.70311 2.58723
      vertex 5.67344 -7.39377 2.00555
    endloop
  endfacet
  facet normal 0.405636 -0.379928 0.831333
    outer loop
      vertex 7.00688 -6.14487 2.00555
      vertex 5.97441 -5.97441 2.58723
      vertex 6.58998 -6.58998 2.00555
    endloop
  endfacet
  facet normal 0.202177 -0.325118 0.923809
    outer loop
      vertex 3.13119 -4.68616 3.97449
      vertex 2.818 -4.88092 3.97449
      vertex 3.30166 -5.71864 3.57382
    endloop
  endfacet
  facet normal 0.204017 -0.248595 0.946878
    outer loop
      vertex 3.06237 -3.49196 4.31104
      vertex 2.82743 -3.68477 4.31104
      vertex 3.43098 -4.47134 3.97449
    endloop
  endfacet
  facet normal -0.307746 -0.0933535 0.946878
    outer loop
      vertex -4.39807 -1.49294 4.31104
      vertex -5.44396 -1.4587 3.97449
      vertex -5.3369 -1.81163 3.97449
    endloop
  endfacet
  facet normal -0.31319 -0.07303 0.946878
    outer loop
      vertex -4.55531 -0.906107 4.31104
      vertex -5.44396 -1.4587 3.97449
      vertex -4.48629 -1.2021 4.31104
    endloop
  endfacet
  facet normal 0.0646911 0.656389 0.751644
    outer loop
      vertex 1.42763 10.8439 0.677825
      vertex 0.715344 10.9141 0.677825
      vertex 1.32488 10.0635 1.36817
    endloop
  endfacet
  facet normal -0.0181805 0.555471 0.831337
    outer loop
      vertex 0 9.31964 2.00555
      vertex -0.609533 9.29969 2.00555
      vertex -0.552596 8.43099 2.58723
    endloop
  endfacet
  facet normal -0.149748 0.64233 0.751657
    outer loop
      vertex -2.1338 10.7273 0.677825
      vertex -2.83083 10.5648 0.677825
      vertex -1.98022 9.95526 1.36817
    endloop
  endfacet
  facet normal 0.138282 0.593056 0.793197
    outer loop
      vertex 2.62709 9.80443 1.36817
      vertex 1.98022 9.95526 1.36817
      vertex 2.4121 9.00208 2.00555
    endloop
  endfacet
  facet normal 0.176773 0.582743 0.793197
    outer loop
      vertex 2.62709 9.80443 1.36817
      vertex 2.4121 9.00208 2.00555
      vertex 3.2627 9.61162 1.36817
    endloop
  endfacet
  facet normal -0.0125297 0.38265 0.923808
    outer loop
      vertex 0 5.636 3.97449
      vertex -0.431877 6.58917 3.57382
      vertex -0.368611 5.62393 3.97449
    endloop
  endfacet
  facet normal 0.0144793 0.44224 0.89678
    outer loop
      vertex 0 7.54235 3.11074
      vertex 0 6.60331 3.57382
      vertex 0.431877 6.58917 3.57382
    endloop
  endfacet
  facet normal 0.191485 0.631135 0.751666
    outer loop
      vertex 2.83083 10.5648 0.677825
      vertex 2.62709 9.80443 1.36817
      vertex 3.51574 10.357 0.677825
    endloop
  endfacet
  facet normal 0.204824 0.676974 0.706933
    outer loop
      vertex 3.67578 11.0164 0
      vertex 3.51574 10.357 0.677825
      vertex 3.73362 10.9989 0
    endloop
  endfacet
  facet normal 0.205349 0.676831 0.706917
    outer loop
      vertex 3.51574 10.357 0.677825
      vertex 3.67578 11.0164 0
      vertex 2.83083 10.5648 0.677825
    endloop
  endfacet
  facet normal 0.574914 -0.411987 0.706923
    outer loop
      vertex 8.67728 -6.65831 0.677825
      vertex 9.25025 -7.02182 0
      vertex 9.09418 -6.07654 0.677825
    endloop
  endfacet
  facet normal 0.574898 -0.412012 0.706922
    outer loop
      vertex 9.25025 -7.02182 0
      vertex 8.67728 -6.65831 0.677825
      vertex 9.21504 -7.07095 0
    endloop
  endfacet
  facet normal 0.481381 -0.450857 0.751665
    outer loop
      vertex 7.63139 -6.69255 1.36817
      vertex 7.17734 -7.17734 1.36817
      vertex 8.22323 -7.21158 0.677825
    endloop
  endfacet
  facet normal 0.247801 -0.0751744 0.96589
    outer loop
      vertex 3.50942 -0.940346 4.58203
      vertex 3.4404 -1.16786 4.58203
      vertex 4.48629 -1.2021 4.31104
    endloop
  endfacet
  facet normal 0.252187 -0.0588045 0.96589
    outer loop
      vertex 3.56341 -0.708806 4.58203
      vertex 3.50942 -0.940346 4.58203
      vertex 4.48629 -1.2021 4.31104
    endloop
  endfacet
  facet normal 0.242357 -0.0912094 0.96589
    outer loop
      vertex 3.4404 -1.16786 4.58203
      vertex 3.35666 -1.39037 4.58203
      vertex 4.29101 -1.77739 4.31104
    endloop
  endfacet
  facet normal 0.177791 -0.0805543 0.980766
    outer loop
      vertex 3.35666 -1.39037 4.58203
      vertex 2.40793 -0.997398 4.78629
      vertex 3.25854 -1.60693 4.58203
    endloop
  endfacet
  facet normal 0.12719 0.0296579 0.991435
    outer loop
      vertex 2.51752 0.674566 4.78629
      vertex 1.51484 0.405899 4.92296
      vertex 2.55625 0.508469 4.78629
    endloop
  endfacet
  facet normal 0.124979 0.0379125 0.991435
    outer loop
      vertex 2.46801 0.837776 4.78629
      vertex 1.51484 0.405899 4.92296
      vertex 2.51752 0.674566 4.78629
    endloop
  endfacet
  facet normal 0.130533 0.00426329 0.991435
    outer loop
      vertex 2.60075 0.170462 4.78629
      vertex 1.56492 0.10257 4.92296
      vertex 1.56827 0 4.92296
    endloop
  endfacet
  facet normal 0.0653958 0.00213587 0.997857
    outer loop
      vertex 1.56492 0.10257 4.92296
      vertex 0.523505 0 4.99143
      vertex 1.56827 0 4.92296
    endloop
  endfacet
  facet normal 0.600762 0.272196 0.751661
    outer loop
      vertex 9.80952 4.83752 0.677825
      vertex 9.10352 4.48936 1.36817
      vertex 10.1049 4.18559 0.677825
    endloop
  endfacet
  facet normal 0.23366 0.375758 0.896777
    outer loop
      vertex 3.77117 6.53186 3.11074
      vertex 3.30166 5.71864 3.57382
      vertex 4.1903 6.27123 3.11074
    endloop
  endfacet
  facet normal 0.26414 0.424774 0.865908
    outer loop
      vertex 4.22454 7.31712 2.58723
      vertex 3.77117 6.53186 3.11074
      vertex 4.1903 6.27123 3.11074
    endloop
  endfacet
  facet normal 0.548348 0.0905301 0.831336
    outer loop
      vertex 9.14057 1.81817 2.00555
      vertex 8.28674 1.64833 2.58723
      vertex 8.3768 1.10283 2.58723
    endloop
  endfacet
  facet normal 0.531839 0.161329 0.831336
    outer loop
      vertex 8.82505 2.9957 2.00555
      vertex 8.00069 2.71587 2.58723
      vertex 9.00208 2.4121 2.00555
    endloop
  endfacet
  facet normal 0.100957 0.0828518 0.991435
    outer loop
      vertex 2.06774 1.58663 4.78629
      vertex 1.17909 1.03403 4.92296
      vertex 1.24419 0.954704 4.92296
    endloop
  endfacet
  facet normal 0.047759 0.0447242 0.997857
    outer loop
      vertex 1.10894 1.10894 4.92296
      vertex 0.393592 0.345171 4.99143
      vertex 1.17909 1.03403 4.92296
    endloop
  endfacet
  facet normal 0.0447297 0.0477532 0.997857
    outer loop
      vertex 1.10894 1.10894 4.92296
      vertex 0.345171 0.393592 4.99143
      vertex 0.370173 0.370173 4.99143
    endloop
  endfacet
  facet normal 0.0447242 0.047759 0.997857
    outer loop
      vertex 1.03403 1.17909 4.92296
      vertex 0.345171 0.393592 4.99143
      vertex 1.10894 1.10894 4.92296
    endloop
  endfacet
  facet normal 0.0892708 0.0953282 0.991435
    outer loop
      vertex 1.71847 1.95954 4.78629
      vertex 1.03403 1.17909 4.92296
      vertex 1.10894 1.10894 4.92296
    endloop
  endfacet
  facet normal 0.0415075 0.0505798 0.997857
    outer loop
      vertex 0.954704 1.24419 4.92296
      vertex 0.318689 0.415324 4.99143
      vertex 0.345171 0.393592 4.99143
    endloop
  endfacet
  facet normal 0.0381127 0.0531847 0.997857
    outer loop
      vertex 0.871286 1.30397 4.92296
      vertex 0.290844 0.435278 4.99143
      vertex 0.318689 0.415324 4.99143
    endloop
  endfacet
  facet normal 0.0615619 0.115183 0.991435
    outer loop
      vertex 1.15275 2.33754 4.78629
      vertex 0.693629 1.40654 4.92296
      vertex 1.30316 2.25715 4.78629
    endloop
  endfacet
  facet normal 0.0539068 0.118958 0.991435
    outer loop
      vertex 1.15275 2.33754 4.78629
      vertex 0.600152 1.4489 4.92296
      vertex 0.693629 1.40654 4.92296
    endloop
  endfacet
  facet normal 0.0345506 0.0555647 0.997857
    outer loop
      vertex 0.784137 1.35816 4.92296
      vertex 0.290844 0.435278 4.99143
      vertex 0.871286 1.30397 4.92296
    endloop
  endfacet
  facet normal 0.0689638 0.110908 0.991435
    outer loop
      vertex 1.30316 2.25715 4.78629
      vertex 0.784137 1.35816 4.92296
      vertex 0.871286 1.30397 4.92296
    endloop
  endfacet
  facet normal 0.219904 0.136739 0.965891
    outer loop
      vertex 3.86181 2.58038 4.31104
      vertex 3.02091 2.01851 4.58203
      vertex 4.0223 2.32228 4.31104
    endloop
  endfacet
  facet normal 0.273101 0.169818 0.946878
    outer loop
      vertex 4.88092 2.818 3.97449
      vertex 3.86181 2.58038 4.31104
      vertex 4.0223 2.32228 4.31104
    endloop
  endfacet
  facet normal 0.0760723 0.10616 0.991435
    outer loop
      vertex 1.448 2.16708 4.78629
      vertex 0.871286 1.30397 4.92296
      vertex 1.58663 2.06774 4.78629
    endloop
  endfacet
  facet normal 0.113693 0.15866 0.980766
    outer loop
      vertex 2.01851 3.02091 4.58203
      vertex 1.448 2.16708 4.78629
      vertex 1.58663 2.06774 4.78629
    endloop
  endfacet
  facet normal 0.0189924 0.0626133 0.997857
    outer loop
      vertex 0.405899 1.51484 4.92296
      vertex 0.135492 0.505667 4.99143
      vertex 0.168275 0.495723 4.99143
    endloop
  endfacet
  facet normal 0.0148578 0.0637211 0.997857
    outer loop
      vertex 0.405899 1.51484 4.92296
      vertex 0.10213 0.513446 4.99143
      vertex 0.135492 0.505667 4.99143
    endloop
  endfacet
  facet normal 0.00427289 0.130531 0.991435
    outer loop
      vertex 0 2.60633 4.78629
      vertex 0 1.56827 4.92296
      vertex 0.170462 2.60075 4.78629
    endloop
  endfacet
  facet normal 0.00213587 0.0653958 0.997857
    outer loop
      vertex 0 1.56827 4.92296
      vertex 0 0.523505 4.99143
      vertex 0.10257 1.56492 4.92296
    endloop
  endfacet
  facet normal 0.0128026 0.129973 0.991435
    outer loop
      vertex 0.170462 2.60075 4.78629
      vertex 0.10257 1.56492 4.92296
      vertex 0.2047 1.55486 4.92296
    endloop
  endfacet
  facet normal 0.0128034 0.129973 0.991435
    outer loop
      vertex 0.340194 2.58403 4.78629
      vertex 0.170462 2.60075 4.78629
      vertex 0.2047 1.55486 4.92296
    endloop
  endfacet
  facet normal -0.00427289 0.130531 0.991435
    outer loop
      vertex 0 2.60633 4.78629
      vertex -0.170462 2.60075 4.78629
      vertex 0 1.56827 4.92296
    endloop
  endfacet
  facet normal 0.00638728 0.195086 0.980765
    outer loop
      vertex 0.237623 3.62544 4.58203
      vertex 0 3.63322 4.58203
      vertex 0.170462 2.60075 4.78629
    endloop
  endfacet
  facet normal -0.113693 0.158659 0.980766
    outer loop
      vertex -2.01851 3.02091 4.58203
      vertex -2.21176 2.88243 4.58203
      vertex -1.58663 2.06774 4.78629
    endloop
  endfacet
  facet normal -0.150884 0.123825 0.980766
    outer loop
      vertex -2.7316 2.39555 4.58203
      vertex -2.88243 2.21176 4.58203
      vertex -1.95954 1.71847 4.78629
    endloop
  endfacet
  facet normal -0.01066 0.0645563 0.997857
    outer loop
      vertex -0.2047 1.55486 4.92296
      vertex -0.305955 1.53814 4.92296
      vertex -0.10213 0.513446 4.99143
    endloop
  endfacet
  facet normal -0.0296521 0.127191 0.991435
    outer loop
      vertex -0.305955 1.53814 4.92296
      vertex -0.508469 2.55625 4.78629
      vertex -0.405899 1.51484 4.92296
    endloop
  endfacet
  facet normal -0.0148555 0.0637218 0.997857
    outer loop
      vertex -0.305955 1.53814 4.92296
      vertex -0.405899 1.51484 4.92296
      vertex -0.10213 0.513446 4.99143
    endloop
  endfacet
  facet normal -0.644028 0.292421 0.706907
    outer loop
      vertex -10.4424 5.08226 0
      vertex -9.80952 4.83752 0.677825
      vertex -10.4174 5.13732 0
    endloop
  endfacet
  facet normal -0.644247 0.291899 0.706923
    outer loop
      vertex -9.80952 4.83752 0.677825
      vertex -10.4424 5.08226 0
      vertex -10.1049 4.18559 0.677825
    endloop
  endfacet
  facet normal -0.600762 0.272196 0.751661
    outer loop
      vertex -9.80952 4.83752 0.677825
      vertex -10.1049 4.18559 0.677825
      vertex -9.10352 4.48936 1.36817
    endloop
  endfacet
  facet normal -0.455622 0.206437 0.865906
    outer loop
      vertex -6.76453 3.33589 3.11074
      vertex -7.57775 3.73693 2.58723
      vertex -6.96822 2.88633 3.11074
    endloop
  endfacet
  facet normal -0.441144 0.235794 0.865906
    outer loop
      vertex -7.31712 4.22454 2.58723
      vertex -7.57775 3.73693 2.58723
      vertex -6.76453 3.33589 3.11074
    endloop
  endfacet
  facet normal -0.292928 0.132722 0.946878
    outer loop
      vertex -5.05478 2.49274 3.97449
      vertex -5.20699 2.1568 3.97449
      vertex -4.29101 1.77739 4.31104
    endloop
  endfacet
  facet normal -0.348732 0.158006 0.923807
    outer loop
      vertex -5.05478 2.49274 3.97449
      vertex -5.92233 2.92057 3.57382
      vertex -5.20699 2.1568 3.97449
    endloop
  endfacet
  facet normal -0.403038 0.182611 0.89678
    outer loop
      vertex -6.76453 3.33589 3.11074
      vertex -6.96822 2.88633 3.11074
      vertex -5.92233 2.92057 3.57382
    endloop
  endfacet
  facet normal -0.348726 0.158012 0.923809
    outer loop
      vertex -5.92233 2.92057 3.57382
      vertex -6.10067 2.52698 3.57382
      vertex -5.20699 2.1568 3.97449
    endloop
  endfacet
  facet normal -0.273101 0.169818 0.946878
    outer loop
      vertex -3.86181 2.58038 4.31104
      vertex -4.88092 2.818 3.97449
      vertex -4.0223 2.32228 4.31104
    endloop
  endfacet
  facet normal -0.424774 0.26414 0.865908
    outer loop
      vertex -6.27123 4.1903 3.11074
      vertex -7.31712 4.22454 2.58723
      vertex -6.53186 3.77117 3.11074
    endloop
  endfacet
  facet normal -0.18268 0.0687504 0.980766
    outer loop
      vertex -3.35666 1.39037 4.58203
      vertex -3.4404 1.16786 4.58203
      vertex -2.40793 0.997398 4.78629
    endloop
  endfacet
  facet normal -0.235871 0.106869 0.96589
    outer loop
      vertex -3.25854 1.60693 4.58203
      vertex -4.29101 1.77739 4.31104
      vertex -3.35666 1.39037 4.58203
    endloop
  endfacet
  facet normal -0.118958 0.0539068 0.991435
    outer loop
      vertex -1.40654 0.693629 4.92296
      vertex -2.33754 1.15275 4.78629
      vertex -1.4489 0.600152 4.92296
    endloop
  endfacet
  facet normal -0.115183 0.0615619 0.991435
    outer loop
      vertex -2.25715 1.30316 4.78629
      vertex -2.33754 1.15275 4.78629
      vertex -1.40654 0.693629 4.92296
    endloop
  endfacet
  facet normal -0.31319 0.07303 0.946878
    outer loop
      vertex -4.48629 1.2021 4.31104
      vertex -5.44396 1.4587 3.97449
      vertex -4.55531 0.906107 4.31104
    endloop
  endfacet
  facet normal -0.252187 0.0588053 0.96589
    outer loop
      vertex -4.48629 1.2021 4.31104
      vertex -4.55531 0.906107 4.31104
      vertex -3.56341 0.708806 4.58203
    endloop
  endfacet
  facet normal -0.697873 0.115149 0.706905
    outer loop
      vertex -11.402 2.2064 0
      vertex -11.5159 1.5161 0
      vertex -10.8439 1.42763 0.677825
    endloop
  endfacet
  facet normal -0.499939 0.0163752 0.865906
    outer loop
      vertex -8.43099 0.552596 2.58723
      vertex -8.44909 0 2.58723
      vertex -7.5262 0.493293 3.11074
    endloop
  endfacet
  facet normal -0.440349 0.0433664 0.896779
    outer loop
      vertex -6.54682 0.861905 3.57382
      vertex -7.47782 0.984473 3.11074
      vertex -6.58917 0.431877 3.57382
    endloop
  endfacet
  facet normal -0.553092 0.0544774 0.831337
    outer loop
      vertex -9.23991 1.21646 2.00555
      vertex -9.29969 0.609533 2.00555
      vertex -8.43099 0.552596 2.58723
    endloop
  endfacet
  facet normal -0.555471 0.0181805 0.831337
    outer loop
      vertex -9.29969 0.609533 2.00555
      vertex -9.31964 0 2.00555
      vertex -8.43099 0.552596 2.58723
    endloop
  endfacet
  facet normal -0.520151 0.195769 0.831335
    outer loop
      vertex -8.61023 3.56647 2.00555
      vertex -8.82505 2.9957 2.00555
      vertex -7.80594 3.23333 2.58723
    endloop
  endfacet
  facet normal -0.569936 0.214506 0.793196
    outer loop
      vertex -8.61023 3.56647 2.00555
      vertex -9.37765 3.88435 1.36817
      vertex -8.82505 2.9957 2.00555
    endloop
  endfacet
  facet normal -0.0653958 0.00213587 0.997857
    outer loop
      vertex -1.56492 0.10257 4.92296
      vertex -1.56827 0 4.92296
      vertex -0.523505 0 4.99143
    endloop
  endfacet
  facet normal -0.0653953 0.00214108 0.997857
    outer loop
      vertex -0.522384 0.0342388 4.99143
      vertex -1.56492 0.10257 4.92296
      vertex -0.523505 0 4.99143
    endloop
  endfacet
  facet normal -0.124979 0.0379114 0.991435
    outer loop
      vertex -1.48505 0.504105 4.92296
      vertex -2.46801 0.837776 4.78629
      vertex -1.51484 0.405899 4.92296
    endloop
  endfacet
  facet normal -0.0626131 0.0189932 0.997857
    outer loop
      vertex -1.48505 0.504105 4.92296
      vertex -1.51484 0.405899 4.92296
      vertex -0.495723 0.168275 4.99143
    endloop
  endfacet
  facet normal -0.128857 0.0212778 0.991435
    outer loop
      vertex -1.53814 0.305955 4.92296
      vertex -2.55625 0.508469 4.78629
      vertex -1.55486 0.2047 4.92296
    endloop
  endfacet
  facet normal -0.0645563 0.01066 0.997857
    outer loop
      vertex -1.53814 0.305955 4.92296
      vertex -1.55486 0.2047 4.92296
      vertex -0.513446 0.10213 4.99143
    endloop
  endfacet
  facet normal -0.15866 0.113693 0.980766
    outer loop
      vertex -2.06774 1.58663 4.78629
      vertex -3.02091 2.01851 4.58203
      vertex -2.16708 1.448 4.78629
    endloop
  endfacet
  facet normal -0.165754 0.103075 0.980766
    outer loop
      vertex -2.16708 1.448 4.78629
      vertex -3.02091 2.01851 4.58203
      vertex -2.25715 1.30316 4.78629
    endloop
  endfacet
  facet normal -0.0296579 0.12719 0.991435
    outer loop
      vertex -0.508469 2.55625 4.78629
      vertex -0.674566 2.51752 4.78629
      vertex -0.405899 1.51484 4.92296
    endloop
  endfacet
  facet normal -0.133431 0.142461 0.980765
    outer loop
      vertex -1.71847 1.95954 4.78629
      vertex -2.56907 2.56907 4.58203
      vertex -1.84295 1.84295 4.78629
    endloop
  endfacet
  facet normal -0.0505798 0.0415075 0.997857
    outer loop
      vertex -0.393592 0.345171 4.99143
      vertex -1.24419 0.954704 4.92296
      vertex -0.415324 0.318689 4.99143
    endloop
  endfacet
  facet normal -0.047759 0.0447242 0.997857
    outer loop
      vertex -1.10894 1.10894 4.92296
      vertex -1.17909 1.03403 4.92296
      vertex -0.393592 0.345171 4.99143
    endloop
  endfacet
  facet normal -0.0477532 0.0447297 0.997857
    outer loop
      vertex -0.370173 0.370173 4.99143
      vertex -1.10894 1.10894 4.92296
      vertex -0.393592 0.345171 4.99143
    endloop
  endfacet
  facet normal -0.0270032 0.0595988 0.997857
    outer loop
      vertex -0.200336 0.483655 4.99143
      vertex -0.693629 1.40654 4.92296
      vertex -0.23154 0.469517 4.99143
    endloop
  endfacet
  facet normal -0.0308444 0.0577045 0.997857
    outer loop
      vertex -0.23154 0.469517 4.99143
      vertex -0.693629 1.40654 4.92296
      vertex -0.261752 0.453368 4.99143
    endloop
  endfacet
  facet normal -0.0189932 0.0626131 0.997857
    outer loop
      vertex -0.405899 1.51484 4.92296
      vertex -0.504105 1.48505 4.92296
      vertex -0.168275 0.495723 4.99143
    endloop
  endfacet
  facet normal -0.0379125 0.124979 0.991435
    outer loop
      vertex -0.674566 2.51752 4.78629
      vertex -0.837776 2.46801 4.78629
      vertex -0.405899 1.51484 4.92296
    endloop
  endfacet
  facet normal -0.0317966 0.192582 0.980766
    outer loop
      vertex -0.47423 3.60214 4.58203
      vertex -0.708806 3.56341 4.58203
      vertex -0.508469 2.55625 4.78629
    endloop
  endfacet
  facet normal -0.0588053 0.252187 0.96589
    outer loop
      vertex -0.906107 4.55531 4.31104
      vertex -1.2021 4.48629 4.31104
      vertex -0.708806 3.56341 4.58203
    endloop
  endfacet
  facet normal -0.0105248 0.321422 0.946878
    outer loop
      vertex 0 5.636 3.97449
      vertex -0.368611 5.62393 3.97449
      vertex -0.303768 4.63461 4.31104
    endloop
  endfacet
  facet normal 0.031522 0.320046 0.946878
    outer loop
      vertex 0.368611 5.62393 3.97449
      vertex 0.303768 4.63461 4.31104
      vertex 0.735645 5.58778 3.97449
    endloop
  endfacet
  facet normal 0.0189932 0.0626131 0.997857
    outer loop
      vertex 0.405899 1.51484 4.92296
      vertex 0.168275 0.495723 4.99143
      vertex 0.504105 1.48505 4.92296
    endloop
  endfacet
  facet normal 0.0230481 0.0612366 0.997857
    outer loop
      vertex 0.504105 1.48505 4.92296
      vertex 0.168275 0.495723 4.99143
      vertex 0.600152 1.4489 4.92296
    endloop
  endfacet
  facet normal 0.0296521 0.127191 0.991435
    outer loop
      vertex 0.508469 2.55625 4.78629
      vertex 0.305955 1.53814 4.92296
      vertex 0.405899 1.51484 4.92296
    endloop
  endfacet
  facet normal 0.0212778 0.128857 0.991435
    outer loop
      vertex 0.508469 2.55625 4.78629
      vertex 0.2047 1.55486 4.92296
      vertex 0.305955 1.53814 4.92296
    endloop
  endfacet
  facet normal 0.0191289 0.19425 0.980765
    outer loop
      vertex 0.237623 3.62544 4.58203
      vertex 0.170462 2.60075 4.78629
      vertex 0.47423 3.60214 4.58203
    endloop
  endfacet
  facet normal 0.0191351 0.194249 0.980766
    outer loop
      vertex 0.47423 3.60214 4.58203
      vertex 0.170462 2.60075 4.78629
      vertex 0.340194 2.58403 4.78629
    endloop
  endfacet
  facet normal -0.155861 0.414122 0.896778
    outer loop
      vertex -2.12256 6.25288 3.57382
      vertex -2.88633 6.96822 3.11074
      vertex -2.52698 6.10067 3.57382
    endloop
  endfacet
  facet normal -0.182621 0.403037 0.896778
    outer loop
      vertex -2.88633 6.96822 3.11074
      vertex -2.92057 5.92233 3.57382
      vertex -2.52698 6.10067 3.57382
    endloop
  endfacet
  facet normal -0.145204 0.478666 0.865907
    outer loop
      vertex -2.18678 8.16119 2.58723
      vertex -2.71587 8.00069 2.58723
      vertex -1.9521 7.28535 3.11074
    endloop
  endfacet
  facet normal -0.145199 0.47867 0.865906
    outer loop
      vertex -1.9521 7.28535 3.11074
      vertex -2.71587 8.00069 2.58723
      vertex -2.42441 7.14208 3.11074
    endloop
  endfacet
  facet normal -0.0523794 0.317298 0.946878
    outer loop
      vertex -0.735645 5.58778 3.97449
      vertex -1.09953 5.52771 3.97449
      vertex -0.906107 4.55531 4.31104
    endloop
  endfacet
  facet normal -0.062358 0.377745 0.923807
    outer loop
      vertex -0.735645 5.58778 3.97449
      vertex -1.28824 6.47643 3.57382
      vertex -1.09953 5.52771 3.97449
    endloop
  endfacet
  facet normal -0.111134 0.366371 0.923808
    outer loop
      vertex -1.70906 6.37831 3.57382
      vertex -2.12256 6.25288 3.57382
      vertex -1.4587 5.44396 3.97449
    endloop
  endfacet
  facet normal -0.0869362 0.372855 0.923808
    outer loop
      vertex -1.28824 6.47643 3.57382
      vertex -1.70906 6.37831 3.57382
      vertex -1.4587 5.44396 3.97449
    endloop
  endfacet
  facet normal -0.0687504 0.18268 0.980766
    outer loop
      vertex -1.16786 3.4404 4.58203
      vertex -1.39037 3.35666 4.58203
      vertex -0.997398 2.40793 4.78629
    endloop
  endfacet
  facet normal -0.122073 0.228375 0.96589
    outer loop
      vertex -1.60693 3.25854 4.58203
      vertex -2.05423 4.16557 4.31104
      vertex -1.81661 3.14646 4.58203
    endloop
  endfacet
  facet normal -0.25773 0.359669 0.896779
    outer loop
      vertex -3.6686 5.49045 3.57382
      vertex -4.1903 6.27123 3.11074
      vertex -4.01984 5.23876 3.57382
    endloop
  endfacet
  facet normal -0.187319 0.261411 0.946877
    outer loop
      vertex -3.13119 4.68616 3.97449
      vertex -3.43098 4.47134 3.97449
      vertex -2.58038 3.86181 4.31104
    endloop
  endfacet
  facet normal -0.151593 0.283622 0.946878
    outer loop
      vertex -2.05423 4.16557 4.31104
      vertex -2.818 4.88092 3.97449
      vertex -2.32228 4.0223 4.31104
    endloop
  endfacet
  facet normal -0.169818 0.273101 0.946878
    outer loop
      vertex -2.32228 4.0223 4.31104
      vertex -2.818 4.88092 3.97449
      vertex -2.58038 3.86181 4.31104
    endloop
  endfacet
  facet normal -0.134858 0.358317 0.923809
    outer loop
      vertex -2.12256 6.25288 3.57382
      vertex -2.52698 6.10067 3.57382
      vertex -2.1568 5.20699 3.97449
    endloop
  endfacet
  facet normal -0.158012 0.348726 0.923809
    outer loop
      vertex -2.52698 6.10067 3.57382
      vertex -2.92057 5.92233 3.57382
      vertex -2.1568 5.20699 3.97449
    endloop
  endfacet
  facet normal -0.234725 0.219838 0.946877
    outer loop
      vertex -3.2842 3.2842 4.31104
      vertex -3.98525 3.98525 3.97449
      vertex -3.49196 3.06237 4.31104
    endloop
  endfacet
  facet normal -0.189 0.177013 0.965891
    outer loop
      vertex -3.2842 3.2842 4.31104
      vertex -3.49196 3.06237 4.31104
      vertex -2.56907 2.56907 4.58203
    endloop
  endfacet
  facet normal -0.375758 0.23366 0.896777
    outer loop
      vertex -6.27123 4.1903 3.11074
      vertex -6.53186 3.77117 3.11074
      vertex -5.71864 3.30166 3.57382
    endloop
  endfacet
  facet normal -0.200172 0.164277 0.96589
    outer loop
      vertex -3.49196 3.06237 4.31104
      vertex -3.68477 2.82743 4.31104
      vertex -2.88243 2.21176 4.58203
    endloop
  endfacet
  facet normal -0.35967 0.257728 0.89678
    outer loop
      vertex -5.98375 4.59149 3.11074
      vertex -6.27123 4.1903 3.11074
      vertex -5.23876 4.01984 3.57382
    endloop
  endfacet
  facet normal -0.359669 0.25773 0.896779
    outer loop
      vertex -5.23876 4.01984 3.57382
      vertex -6.27123 4.1903 3.11074
      vertex -5.49045 3.6686 3.57382
    endloop
  endfacet
  facet normal -0.302472 0.322952 0.896779
    outer loop
      vertex -4.35387 4.96463 3.57382
      vertex -4.97301 5.67064 3.11074
      vertex -4.66925 4.66925 3.57382
    endloop
  endfacet
  facet normal -0.341932 0.365083 0.865908
    outer loop
      vertex -5.57087 6.35236 2.58723
      vertex -5.97441 5.97441 2.58723
      vertex -4.97301 5.67064 3.11074
    endloop
  endfacet
  facet normal -0.352575 0.429617 0.831336
    outer loop
      vertex -5.67344 7.39377 2.00555
      vertex -6.14487 7.00688 2.00555
      vertex -5.57087 6.35236 2.58723
    endloop
  endfacet
  facet normal -0.365083 0.341932 0.865908
    outer loop
      vertex -5.97441 5.97441 2.58723
      vertex -6.35236 5.57087 2.58723
      vertex -5.67064 4.97301 3.11074
    endloop
  endfacet
  facet normal -0.280707 0.342038 0.89678
    outer loop
      vertex -4.59149 5.98375 3.11074
      vertex -4.97301 5.67064 3.11074
      vertex -4.01984 5.23876 3.57382
    endloop
  endfacet
  facet normal -0.257728 0.35967 0.89678
    outer loop
      vertex -4.1903 6.27123 3.11074
      vertex -4.59149 5.98375 3.11074
      vertex -4.01984 5.23876 3.57382
    endloop
  endfacet
  facet normal -0.40564 0.379917 0.831336
    outer loop
      vertex -5.97441 5.97441 2.58723
      vertex -7.00688 6.14487 2.00555
      vertex -6.35236 5.57087 2.58723
    endloop
  endfacet
  facet normal -0.341936 0.365073 0.865911
    outer loop
      vertex -4.97301 5.67064 3.11074
      vertex -5.97441 5.97441 2.58723
      vertex -5.33324 5.33324 3.11074
    endloop
  endfacet
  facet normal -0.429617 0.352575 0.831336
    outer loop
      vertex -7.00688 6.14487 2.00555
      vertex -7.39377 5.67344 2.00555
      vertex -6.35236 5.57087 2.58723
    endloop
  endfacet
  facet normal -0.365073 0.341936 0.865911
    outer loop
      vertex -5.33324 5.33324 3.11074
      vertex -5.97441 5.97441 2.58723
      vertex -5.67064 4.97301 3.11074
    endloop
  endfacet
  facet normal -0.574898 0.412012 0.706922
    outer loop
      vertex -9.25025 7.02182 0
      vertex -8.67728 6.65831 0.677825
      vertex -9.21504 7.07095 0
    endloop
  endfacet
  facet normal -0.574914 0.411987 0.706923
    outer loop
      vertex -8.67728 6.65831 0.677825
      vertex -9.25025 7.02182 0
      vertex -9.09418 6.07654 0.677825
    endloop
  endfacet
  facet normal -0.272196 0.600762 0.751661
    outer loop
      vertex -4.18559 10.1049 0.677825
      vertex -4.83752 9.80952 0.677825
      vertex -4.48936 9.10352 1.36817
    endloop
  endfacet
  facet normal -0.348283 0.560091 0.751662
    outer loop
      vertex -5.46874 9.47213 0.677825
      vertex -6.07654 9.09418 0.677825
      vertex -5.07515 8.79041 1.36817
    endloop
  endfacet
  facet normal -0.411987 0.574914 0.706923
    outer loop
      vertex -7.02182 9.25025 0
      vertex -6.65831 8.67728 0.677825
      vertex -6.07654 9.09418 0.677825
    endloop
  endfacet
  facet normal -0.412012 0.574898 0.706922
    outer loop
      vertex -6.65831 8.67728 0.677825
      vertex -7.02182 9.25025 0
      vertex -7.07095 9.21504 0
    endloop
  endfacet
  facet normal -0.384171 0.536116 0.75166
    outer loop
      vertex -5.6392 8.43966 1.36817
      vertex -6.65831 8.67728 0.677825
      vertex -6.17911 8.05277 1.36817
    endloop
  endfacet
  facet normal -0.321577 0.517136 0.793195
    outer loop
      vertex -5.07515 8.79041 1.36817
      vertex -5.6392 8.43966 1.36817
      vertex -5.17772 7.749 2.00555
    endloop
  endfacet
  facet normal 0.0869411 0.372855 0.923807
    outer loop
      vertex 1.28824 6.47643 3.57382
      vertex 1.09953 5.52771 3.97449
      vertex 1.4587 5.44396 3.97449
    endloop
  endfacet
  facet normal 0.0623668 0.37774 0.923809
    outer loop
      vertex 0.861905 6.54682 3.57382
      vertex 0.735645 5.58778 3.97449
      vertex 1.28824 6.47643 3.57382
    endloop
  endfacet
  facet normal 0.0933535 0.307746 0.946878
    outer loop
      vertex 1.81163 5.3369 3.97449
      vertex 1.4587 5.44396 3.97449
      vertex 1.49294 4.39807 4.31104
    endloop
  endfacet
  facet normal 0.113279 0.300982 0.946878
    outer loop
      vertex 1.81163 5.3369 3.97449
      vertex 1.49294 4.39807 4.31104
      vertex 2.1568 5.20699 3.97449
    endloop
  endfacet
  facet normal -0.191485 0.631135 0.751666
    outer loop
      vertex -2.83083 10.5648 0.677825
      vertex -3.51574 10.357 0.677825
      vertex -2.62709 9.80443 1.36817
    endloop
  endfacet
  facet normal -0.138282 0.593056 0.793197
    outer loop
      vertex -1.98022 9.95526 1.36817
      vertex -2.62709 9.80443 1.36817
      vertex -2.4121 9.00208 2.00555
    endloop
  endfacet
  facet normal -0.310906 0.581671 0.751662
    outer loop
      vertex -4.83752 9.80952 0.677825
      vertex -5.46874 9.47213 0.677825
      vertex -5.07515 8.79041 1.36817
    endloop
  endfacet
  facet normal -0.310908 0.581671 0.751661
    outer loop
      vertex -4.83752 9.80952 0.677825
      vertex -5.07515 8.79041 1.36817
      vertex -4.48936 9.10352 1.36817
    endloop
  endfacet
  facet normal -0.232327 -0.617285 0.751653
    outer loop
      vertex -3.2627 -9.61162 1.36817
      vertex -3.88435 -9.37765 1.36817
      vertex -3.51574 -10.357 0.677825
    endloop
  endfacet
  facet normal -0.384177 -0.536106 0.751664
    outer loop
      vertex -5.6392 -8.43966 1.36817
      vertex -6.65831 -8.67728 0.677825
      vertex -6.07654 -9.09418 0.677825
    endloop
  endfacet
  facet normal -0.411981 -0.574926 0.706917
    outer loop
      vertex -6.07654 -9.09418 0.677825
      vertex -7.02182 -9.25025 0
      vertex -6.45312 -9.65777 0
    endloop
  endfacet
  facet normal -0.0234038 -0.706926 0.7069
    outer loop
      vertex 0 -10.9375 0.677825
      vertex -0.0604113 -11.6133 0
      vertex 0 -11.6153 0
    endloop
  endfacet
  facet normal -0.0231252 -0.706943 0.706892
    outer loop
      vertex -0.0604113 -11.6133 0
      vertex 0 -10.9375 0.677825
      vertex -0.715344 -10.9141 0.677825
    endloop
  endfacet
  facet normal -0.249225 -0.661909 0.706939
    outer loop
      vertex -3.51574 -10.357 0.677825
      vertex -3.79019 -10.9776 0
      vertex -3.73362 -10.9989 0
    endloop
  endfacet
  facet normal -0.249127 -0.66195 0.706936
    outer loop
      vertex -3.79019 -10.9776 0
      vertex -3.51574 -10.357 0.677825
      vertex -4.18559 -10.1049 0.677825
    endloop
  endfacet
  facet normal -0.310906 -0.581671 0.751662
    outer loop
      vertex -5.07515 -8.79041 1.36817
      vertex -5.46874 -9.47213 0.677825
      vertex -4.83752 -9.80952 0.677825
    endloop
  endfacet
  facet normal -0.126204 -0.541253 0.831335
    outer loop
      vertex -2.18678 -8.16119 2.58723
      vertex -2.4121 -9.00208 2.00555
      vertex -1.64833 -8.28674 2.58723
    endloop
  endfacet
  facet normal 0.0702048 -0.703803 0.706918
    outer loop
      vertex 1.42763 -10.8439 0.677825
      vertex 1.45595 -11.5219 0
      vertex 1.5161 -11.5159 0
    endloop
  endfacet
  facet normal 0.0693697 -0.703862 0.706942
    outer loop
      vertex 1.45595 -11.5219 0
      vertex 1.42763 -10.8439 0.677825
      vertex 0.715344 -10.9141 0.677825
    endloop
  endfacet
  facet normal -0.0596827 -0.606014 0.793212
    outer loop
      vertex -1.21646 -9.23991 2.00555
      vertex -1.32488 -10.0635 1.36817
      vertex -0.66386 -10.1286 1.36817
    endloop
  endfacet
  facet normal 0.0646911 -0.656389 0.751644
    outer loop
      vertex 1.32488 -10.0635 1.36817
      vertex 0.715344 -10.9141 0.677825
      vertex 1.42763 -10.8439 0.677825
    endloop
  endfacet
  facet normal -0.249198 -0.661957 0.706904
    outer loop
      vertex -4.18559 -10.1049 0.677825
      vertex -4.44498 -10.7311 0
      vertex -3.79019 -10.9776 0
    endloop
  endfacet
  facet normal -0.0447242 -0.047759 0.997857
    outer loop
      vertex -0.345171 -0.393592 4.99143
      vertex -1.10894 -1.10894 4.92296
      vertex -1.03403 -1.17909 4.92296
    endloop
  endfacet
  facet normal -0.0828537 -0.100956 0.991435
    outer loop
      vertex -1.03403 -1.17909 4.92296
      vertex -1.71847 -1.95954 4.78629
      vertex -1.58663 -2.06774 4.78629
    endloop
  endfacet
  facet normal -0.0920059 -0.172143 0.980766
    outer loop
      vertex -1.30316 -2.25715 4.78629
      vertex -1.60693 -3.25854 4.58203
      vertex -1.15275 -2.33754 4.78629
    endloop
  endfacet
  facet normal -0.0689638 -0.110908 0.991435
    outer loop
      vertex -0.871286 -1.30397 4.92296
      vertex -1.30316 -2.25715 4.78629
      vertex -0.784137 -1.35816 4.92296
    endloop
  endfacet
  facet normal 0.00638603 -0.195085 0.980765
    outer loop
      vertex 0 -2.60633 4.78629
      vertex 0 -3.63322 4.58203
      vertex 0.170462 -2.60075 4.78629
    endloop
  endfacet
  facet normal -0.00641374 -0.0651153 0.997857
    outer loop
      vertex -0.0683308 -0.519026 4.99143
      vertex -0.2047 -1.55486 4.92296
      vertex -0.0342388 -0.522384 4.99143
    endloop
  endfacet
  facet normal -0.0805543 -0.177791 0.980766
    outer loop
      vertex -0.997398 -2.40793 4.78629
      vertex -1.60693 -3.25854 4.58203
      vertex -1.39037 -3.35666 4.58203
    endloop
  endfacet
  facet normal -0.0460053 -0.122232 0.991435
    outer loop
      vertex -0.600152 -1.4489 4.92296
      vertex -0.837776 -2.46801 4.78629
      vertex -0.504105 -1.48505 4.92296
    endloop
  endfacet
  facet normal -0.0191289 -0.19425 0.980765
    outer loop
      vertex -0.170462 -2.60075 4.78629
      vertex -0.47423 -3.60214 4.58203
      vertex -0.237623 -3.62544 4.58203
    endloop
  endfacet
  facet normal 0.00427289 -0.130531 0.991435
    outer loop
      vertex 0 -1.56827 4.92296
      vertex 0 -2.60633 4.78629
      vertex 0.170462 -2.60075 4.78629
    endloop
  endfacet
  facet normal -0.0615619 -0.115183 0.991435
    outer loop
      vertex -0.693629 -1.40654 4.92296
      vertex -1.30316 -2.25715 4.78629
      vertex -1.15275 -2.33754 4.78629
    endloop
  endfacet
  facet normal -0.0539068 -0.118958 0.991435
    outer loop
      vertex -0.693629 -1.40654 4.92296
      vertex -1.15275 -2.33754 4.78629
      vertex -0.600152 -1.4489 4.92296
    endloop
  endfacet
  facet normal -0.0148578 -0.0637211 0.997857
    outer loop
      vertex -0.135492 -0.505667 4.99143
      vertex -0.405899 -1.51484 4.92296
      vertex -0.10213 -0.513446 4.99143
    endloop
  endfacet
  facet normal -0.115183 -0.0615619 0.991435
    outer loop
      vertex -1.40654 -0.693629 4.92296
      vertex -2.33754 -1.15275 4.78629
      vertex -2.25715 -1.30316 4.78629
    endloop
  endfacet
  facet normal -0.118961 -0.0539013 0.991435
    outer loop
      vertex -1.4489 -0.600152 4.92296
      vertex -2.40793 -0.997398 4.78629
      vertex -2.33754 -1.15275 4.78629
    endloop
  endfacet
  facet normal -0.186785 -0.0566616 0.980765
    outer loop
      vertex -2.51752 -0.674566 4.78629
      vertex -3.4404 -1.16786 4.58203
      vertex -2.46801 -0.837776 4.78629
    endloop
  endfacet
  facet normal -0.252187 -0.0588045 0.96589
    outer loop
      vertex -3.56341 -0.708806 4.58203
      vertex -4.48629 -1.2021 4.31104
      vertex -3.50942 -0.940346 4.58203
    endloop
  endfacet
  facet normal -0.124979 -0.0379125 0.991435
    outer loop
      vertex -1.51484 -0.405899 4.92296
      vertex -2.51752 -0.674566 4.78629
      vertex -2.46801 -0.837776 4.78629
    endloop
  endfacet
  facet normal -0.124979 -0.0379114 0.991435
    outer loop
      vertex -1.51484 -0.405899 4.92296
      vertex -2.46801 -0.837776 4.78629
      vertex -1.48505 -0.504105 4.92296
    endloop
  endfacet
  facet normal -0.0651153 -0.00641398 0.997857
    outer loop
      vertex -0.522384 -0.0342388 4.99143
      vertex -1.56492 -0.10257 4.92296
      vertex -1.55486 -0.2047 4.92296
    endloop
  endfacet
  facet normal -0.129973 -0.0128026 0.991435
    outer loop
      vertex -1.56492 -0.10257 4.92296
      vertex -2.60075 -0.170462 4.78629
      vertex -1.55486 -0.2047 4.92296
    endloop
  endfacet
  facet normal -0.115179 -0.0615674 0.991435
    outer loop
      vertex -1.40654 -0.693629 4.92296
      vertex -2.25715 -1.30316 4.78629
      vertex -1.35816 -0.784137 4.92296
    endloop
  endfacet
  facet normal -0.110908 -0.0689638 0.991435
    outer loop
      vertex -1.35816 -0.784137 4.92296
      vertex -2.25715 -1.30316 4.78629
      vertex -1.30397 -0.871286 4.92296
    endloop
  endfacet
  facet normal -0.0505791 -0.0415085 0.997857
    outer loop
      vertex -0.393592 -0.345171 4.99143
      vertex -1.24419 -0.954704 4.92296
      vertex -1.17909 -1.03403 4.92296
    endloop
  endfacet
  facet normal -0.210489 -0.150833 0.96589
    outer loop
      vertex -3.02091 -2.01851 4.58203
      vertex -3.68477 -2.82743 4.31104
      vertex -2.88243 -2.21176 4.58203
    endloop
  endfacet
  facet normal -0.188994 -0.177024 0.96589
    outer loop
      vertex -2.7316 -2.39555 4.58203
      vertex -3.49196 -3.06237 4.31104
      vertex -2.56907 -2.56907 4.58203
    endloop
  endfacet
  facet normal -0.031522 -0.320046 0.946878
    outer loop
      vertex -0.303768 -4.63461 4.31104
      vertex -0.735645 -5.58778 3.97449
      vertex -0.368611 -5.62393 3.97449
    endloop
  endfacet
  facet normal -0.0105248 -0.321422 0.946878
    outer loop
      vertex -0.303768 -4.63461 4.31104
      vertex -0.368611 -5.62393 3.97449
      vertex 0 -5.636 3.97449
    endloop
  endfacet
  facet normal -0.113282 -0.30098 0.946878
    outer loop
      vertex -1.77739 -4.29101 4.31104
      vertex -2.1568 -5.20699 3.97449
      vertex -1.49294 -4.39807 4.31104
    endloop
  endfacet
  facet normal -0.113279 -0.300982 0.946878
    outer loop
      vertex -1.49294 -4.39807 4.31104
      vertex -2.1568 -5.20699 3.97449
      vertex -1.81163 -5.3369 3.97449
    endloop
  endfacet
  facet normal -0.0869411 -0.372855 0.923807
    outer loop
      vertex -1.09953 -5.52771 3.97449
      vertex -1.4587 -5.44396 3.97449
      vertex -1.28824 -6.47643 3.57382
    endloop
  endfacet
  facet normal -0.062358 -0.377745 0.923807
    outer loop
      vertex -1.09953 -5.52771 3.97449
      vertex -1.28824 -6.47643 3.57382
      vertex -0.735645 -5.58778 3.97449
    endloop
  endfacet
  facet normal -0.204017 -0.248595 0.946878
    outer loop
      vertex -3.06237 -3.49196 4.31104
      vertex -3.43098 -4.47134 3.97449
      vertex -2.82743 -3.68477 4.31104
    endloop
  endfacet
  facet normal -0.189 -0.177013 0.965891
    outer loop
      vertex -2.56907 -2.56907 4.58203
      vertex -3.49196 -3.06237 4.31104
      vertex -3.2842 -3.2842 4.31104
    endloop
  endfacet
  facet normal -0.169818 -0.273101 0.946878
    outer loop
      vertex -2.58038 -3.86181 4.31104
      vertex -2.818 -4.88092 3.97449
      vertex -2.32228 -4.0223 4.31104
    endloop
  endfacet
  facet normal -0.202177 -0.325118 0.923809
    outer loop
      vertex -3.13119 -4.68616 3.97449
      vertex -3.30166 -5.71864 3.57382
      vertex -2.818 -4.88092 3.97449
    endloop
  endfacet
  facet normal -0.219842 -0.234718 0.946878
    outer loop
      vertex -3.06237 -3.49196 4.31104
      vertex -3.98525 -3.98525 3.97449
      vertex -3.71607 -4.23737 3.97449
    endloop
  endfacet
  facet normal -0.26172 -0.279429 0.923809
    outer loop
      vertex -3.98525 -3.98525 3.97449
      vertex -4.35387 -4.96463 3.57382
      vertex -3.71607 -4.23737 3.97449
    endloop
  endfacet
  facet normal -0.234718 -0.219842 0.946878
    outer loop
      vertex -3.49196 -3.06237 4.31104
      vertex -4.23737 -3.71607 3.97449
      vertex -3.98525 -3.98525 3.97449
    endloop
  endfacet
  facet normal -0.234725 -0.219838 0.946877
    outer loop
      vertex -3.49196 -3.06237 4.31104
      vertex -3.98525 -3.98525 3.97449
      vertex -3.2842 -3.2842 4.31104
    endloop
  endfacet
  facet normal -0.23587 -0.106876 0.96589
    outer loop
      vertex -3.25854 -1.60693 4.58203
      vertex -4.29101 -1.77739 4.31104
      vertex -4.16557 -2.05423 4.31104
    endloop
  endfacet
  facet normal -0.292923 -0.132727 0.946879
    outer loop
      vertex -4.29101 -1.77739 4.31104
      vertex -5.05478 -2.49274 3.97449
      vertex -4.16557 -2.05423 4.31104
    endloop
  endfacet
  facet normal -0.235871 -0.106869 0.96589
    outer loop
      vertex -3.35666 -1.39037 4.58203
      vertex -4.29101 -1.77739 4.31104
      vertex -3.25854 -1.60693 4.58203
    endloop
  endfacet
  facet normal -0.177791 -0.0805543 0.980766
    outer loop
      vertex -2.40793 -0.997398 4.78629
      vertex -3.35666 -1.39037 4.58203
      vertex -3.25854 -1.60693 4.58203
    endloop
  endfacet
  facet normal -0.242353 -0.0912158 0.965891
    outer loop
      vertex -3.4404 -1.16786 4.58203
      vertex -4.39807 -1.49294 4.31104
      vertex -4.29101 -1.77739 4.31104
    endloop
  endfacet
  facet normal -0.247801 -0.0751652 0.965891
    outer loop
      vertex -3.4404 -1.16786 4.58203
      vertex -4.48629 -1.2021 4.31104
      vertex -4.39807 -1.49294 4.31104
    endloop
  endfacet
  facet normal 0.07303 -0.31319 0.946878
    outer loop
      vertex 1.2021 -4.48629 4.31104
      vertex 0.906107 -4.55531 4.31104
      vertex 1.4587 -5.44396 3.97449
    endloop
  endfacet
  facet normal 0.0375267 -0.381012 0.923808
    outer loop
      vertex 0.735645 -5.58778 3.97449
      vertex 0.368611 -5.62393 3.97449
      vertex 0.431877 -6.58917 3.57382
    endloop
  endfacet
  facet normal -0.165755 -0.103074 0.980765
    outer loop
      vertex -2.25715 -1.30316 4.78629
      vertex -3.14646 -1.81661 4.58203
      vertex -3.02091 -2.01851 4.58203
    endloop
  endfacet
  facet normal -0.172141 -0.0920142 0.980765
    outer loop
      vertex -2.25715 -1.30316 4.78629
      vertex -3.25854 -1.60693 4.58203
      vertex -3.14646 -1.81661 4.58203
    endloop
  endfacet
  facet normal -0.273101 -0.169818 0.946878
    outer loop
      vertex -4.0223 -2.32228 4.31104
      vertex -4.88092 -2.818 3.97449
      vertex -3.86181 -2.58038 4.31104
    endloop
  endfacet
  facet normal -0.273098 -0.169828 0.946877
    outer loop
      vertex -3.86181 -2.58038 4.31104
      vertex -4.88092 -2.818 3.97449
      vertex -4.68616 -3.13119 3.97449
    endloop
  endfacet
  facet normal -0.200172 -0.164277 0.96589
    outer loop
      vertex -2.88243 -2.21176 4.58203
      vertex -3.68477 -2.82743 4.31104
      vertex -3.49196 -3.06237 4.31104
    endloop
  endfacet
  facet normal -0.200174 -0.164276 0.96589
    outer loop
      vertex -2.88243 -2.21176 4.58203
      vertex -3.49196 -3.06237 4.31104
      vertex -2.7316 -2.39555 4.58203
    endloop
  endfacet
  facet normal -0.177024 -0.188994 0.96589
    outer loop
      vertex -2.56907 -2.56907 4.58203
      vertex -3.06237 -3.49196 4.31104
      vertex -2.39555 -2.7316 4.58203
    endloop
  endfacet
  facet normal -0.133434 -0.142457 0.980766
    outer loop
      vertex -1.71847 -1.95954 4.78629
      vertex -2.56907 -2.56907 4.58203
      vertex -2.39555 -2.7316 4.58203
    endloop
  endfacet
  facet normal -0.0892708 -0.0953282 0.991435
    outer loop
      vertex -1.10894 -1.10894 4.92296
      vertex -1.71847 -1.95954 4.78629
      vertex -1.03403 -1.17909 4.92296
    endloop
  endfacet
  facet normal -0.0892799 -0.0953217 0.991435
    outer loop
      vertex -1.10894 -1.10894 4.92296
      vertex -1.84295 -1.84295 4.78629
      vertex -1.71847 -1.95954 4.78629
    endloop
  endfacet
  facet normal 0.0128026 -0.129973 0.991435
    outer loop
      vertex 0.2047 -1.55486 4.92296
      vertex 0.10257 -1.56492 4.92296
      vertex 0.170462 -2.60075 4.78629
    endloop
  endfacet
  facet normal 0.00214108 -0.0653953 0.997857
    outer loop
      vertex 0.0342388 -0.522384 4.99143
      vertex 0 -0.523505 4.99143
      vertex 0.10257 -1.56492 4.92296
    endloop
  endfacet
  facet normal 0.0212728 -0.128858 0.991435
    outer loop
      vertex 0.508469 -2.55625 4.78629
      vertex 0.2047 -1.55486 4.92296
      vertex 0.340194 -2.58403 4.78629
    endloop
  endfacet
  facet normal 0.0128034 -0.129973 0.991435
    outer loop
      vertex 0.2047 -1.55486 4.92296
      vertex 0.170462 -2.60075 4.78629
      vertex 0.340194 -2.58403 4.78629
    endloop
  endfacet
  facet normal 0.0296521 -0.127191 0.991435
    outer loop
      vertex 0.405899 -1.51484 4.92296
      vertex 0.305955 -1.53814 4.92296
      vertex 0.508469 -2.55625 4.78629
    endloop
  endfacet
  facet normal 0.0460053 -0.122232 0.991435
    outer loop
      vertex 0.600152 -1.4489 4.92296
      vertex 0.504105 -1.48505 4.92296
      vertex 0.837776 -2.46801 4.78629
    endloop
  endfacet
  facet normal 0.0615674 -0.115179 0.991435
    outer loop
      vertex 0.784137 -1.35816 4.92296
      vertex 0.693629 -1.40654 4.92296
      vertex 1.30316 -2.25715 4.78629
    endloop
  endfacet
  facet normal 0.0415075 -0.0505798 0.997857
    outer loop
      vertex 0.345171 -0.393592 4.99143
      vertex 0.318689 -0.415324 4.99143
      vertex 0.954704 -1.24419 4.92296
    endloop
  endfacet
  facet normal 0.142461 -0.133431 0.980765
    outer loop
      vertex 1.95954 -1.71847 4.78629
      vertex 1.84295 -1.84295 4.78629
      vertex 2.56907 -2.56907 4.58203
    endloop
  endfacet
  facet normal 0.0689682 -0.110906 0.991435
    outer loop
      vertex 1.448 -2.16708 4.78629
      vertex 0.871286 -1.30397 4.92296
      vertex 1.30316 -2.25715 4.78629
    endloop
  endfacet
  facet normal 0.0415085 -0.0505791 0.997857
    outer loop
      vertex 1.03403 -1.17909 4.92296
      vertex 0.345171 -0.393592 4.99143
      vertex 0.954704 -1.24419 4.92296
    endloop
  endfacet
  facet normal 0.106157 -0.0760753 0.991435
    outer loop
      vertex 1.30397 -0.871286 4.92296
      vertex 1.24419 -0.954704 4.92296
      vertex 2.06774 -1.58663 4.78629
    endloop
  endfacet
  facet normal 0.100957 -0.0828518 0.991435
    outer loop
      vertex 1.24419 -0.954704 4.92296
      vertex 1.17909 -1.03403 4.92296
      vertex 2.06774 -1.58663 4.78629
    endloop
  endfacet
  facet normal 0.124979 -0.0379114 0.991435
    outer loop
      vertex 1.51484 -0.405899 4.92296
      vertex 1.48505 -0.504105 4.92296
      vertex 2.46801 -0.837776 4.78629
    endloop
  endfacet
  facet normal 0.0626131 -0.0189932 0.997857
    outer loop
      vertex 1.51484 -0.405899 4.92296
      vertex 0.495723 -0.168275 4.99143
      vertex 1.48505 -0.504105 4.92296
    endloop
  endfacet
  facet normal 0.18268 -0.0687504 0.980766
    outer loop
      vertex 3.4404 -1.16786 4.58203
      vertex 2.40793 -0.997398 4.78629
      vertex 3.35666 -1.39037 4.58203
    endloop
  endfacet
  facet normal 0.182679 -0.0687584 0.980765
    outer loop
      vertex 2.46801 -0.837776 4.78629
      vertex 2.40793 -0.997398 4.78629
      vertex 3.4404 -1.16786 4.58203
    endloop
  endfacet
  facet normal 0.0477532 -0.0447297 0.997857
    outer loop
      vertex 0.393592 -0.345171 4.99143
      vertex 0.370173 -0.370173 4.99143
      vertex 1.10894 -1.10894 4.92296
    endloop
  endfacet
  facet normal 0.047759 -0.0447242 0.997857
    outer loop
      vertex 1.17909 -1.03403 4.92296
      vertex 0.393592 -0.345171 4.99143
      vertex 1.10894 -1.10894 4.92296
    endloop
  endfacet
  facet normal 0.0595988 -0.0270032 0.997857
    outer loop
      vertex 0.483655 -0.200336 4.99143
      vertex 0.469517 -0.23154 4.99143
      vertex 1.40654 -0.693629 4.92296
    endloop
  endfacet
  facet normal 0.0555645 -0.0345511 0.997857
    outer loop
      vertex 0.453368 -0.261752 4.99143
      vertex 0.435278 -0.290844 4.99143
      vertex 1.35816 -0.784137 4.92296
    endloop
  endfacet
  facet normal 0.128858 -0.0212728 0.991435
    outer loop
      vertex 2.58403 -0.340194 4.78629
      vertex 1.55486 -0.2047 4.92296
      vertex 2.55625 -0.508469 4.78629
    endloop
  endfacet
  facet normal 0.129973 -0.0128034 0.991435
    outer loop
      vertex 2.60075 -0.170462 4.78629
      vertex 1.55486 -0.2047 4.92296
      vertex 2.58403 -0.340194 4.78629
    endloop
  endfacet
  facet normal 0.0651153 -0.00641398 0.997857
    outer loop
      vertex 1.56492 -0.10257 4.92296
      vertex 0.522384 -0.0342388 4.99143
      vertex 1.55486 -0.2047 4.92296
    endloop
  endfacet
  facet normal 0.0653953 -0.00214108 0.997857
    outer loop
      vertex 0.523505 0 4.99143
      vertex 0.522384 -0.0342388 4.99143
      vertex 1.56492 -0.10257 4.92296
    endloop
  endfacet
  facet normal 0.103075 -0.165754 0.980766
    outer loop
      vertex 1.448 -2.16708 4.78629
      vertex 1.30316 -2.25715 4.78629
      vertex 2.01851 -3.02091 4.58203
    endloop
  endfacet
  facet normal 0.123828 -0.150883 0.980766
    outer loop
      vertex 1.71847 -1.95954 4.78629
      vertex 1.58663 -2.06774 4.78629
      vertex 2.21176 -2.88243 4.58203
    endloop
  endfacet
  facet normal 0.113693 -0.158659 0.980766
    outer loop
      vertex 2.21176 -2.88243 4.58203
      vertex 1.58663 -2.06774 4.78629
      vertex 2.01851 -3.02091 4.58203
    endloop
  endfacet
  facet normal 0.150833 -0.210489 0.96589
    outer loop
      vertex 2.21176 -2.88243 4.58203
      vertex 2.01851 -3.02091 4.58203
      vertex 2.82743 -3.68477 4.31104
    endloop
  endfacet
  facet normal 0.187319 -0.261411 0.946877
    outer loop
      vertex 3.43098 -4.47134 3.97449
      vertex 2.58038 -3.86181 4.31104
      vertex 3.13119 -4.68616 3.97449
    endloop
  endfacet
  facet normal 0.223001 -0.311206 0.923808
    outer loop
      vertex 3.43098 -4.47134 3.97449
      vertex 3.13119 -4.68616 3.97449
      vertex 4.01984 -5.23876 3.57382
    endloop
  endfacet
  facet normal 0.177024 -0.188994 0.96589
    outer loop
      vertex 2.56907 -2.56907 4.58203
      vertex 2.39555 -2.7316 4.58203
      vertex 3.06237 -3.49196 4.31104
    endloop
  endfacet
  facet normal 0.234725 -0.219838 0.946877
    outer loop
      vertex 3.49196 -3.06237 4.31104
      vertex 3.2842 -3.2842 4.31104
      vertex 3.98525 -3.98525 3.97449
    endloop
  endfacet
  facet normal 0.0920142 -0.172141 0.980765
    outer loop
      vertex 1.81661 -3.14646 4.58203
      vertex 1.30316 -2.25715 4.78629
      vertex 1.60693 -3.25854 4.58203
    endloop
  endfacet
  facet normal 0.0805564 -0.177789 0.980766
    outer loop
      vertex 1.15275 -2.33754 4.78629
      vertex 0.997398 -2.40793 4.78629
      vertex 1.60693 -3.25854 4.58203
    endloop
  endfacet
  facet normal 0.0615619 -0.115183 0.991435
    outer loop
      vertex 1.30316 -2.25715 4.78629
      vertex 0.693629 -1.40654 4.92296
      vertex 1.15275 -2.33754 4.78629
    endloop
  endfacet
  facet normal 0.0539013 -0.118961 0.991435
    outer loop
      vertex 1.15275 -2.33754 4.78629
      vertex 0.600152 -1.4489 4.92296
      vertex 0.997398 -2.40793 4.78629
    endloop
  endfacet
  facet normal 0.0912094 -0.242357 0.96589
    outer loop
      vertex 1.39037 -3.35666 4.58203
      vertex 1.16786 -3.4404 4.58203
      vertex 1.77739 -4.29101 4.31104
    endloop
  endfacet
  facet normal 0.0687504 -0.18268 0.980766
    outer loop
      vertex 1.39037 -3.35666 4.58203
      vertex 0.997398 -2.40793 4.78629
      vertex 1.16786 -3.4404 4.58203
    endloop
  endfacet
  facet normal 0.132722 -0.292928 0.946878
    outer loop
      vertex 2.49274 -5.05478 3.97449
      vertex 1.77739 -4.29101 4.31104
      vertex 2.1568 -5.20699 3.97449
    endloop
  endfacet
  facet normal 0.106876 -0.23587 0.96589
    outer loop
      vertex 2.05423 -4.16557 4.31104
      vertex 1.60693 -3.25854 4.58203
      vertex 1.77739 -4.29101 4.31104
    endloop
  endfacet
  facet normal 0.219904 -0.136739 0.965891
    outer loop
      vertex 4.0223 -2.32228 4.31104
      vertex 3.02091 -2.01851 4.58203
      vertex 3.86181 -2.58038 4.31104
    endloop
  endfacet
  facet normal 0.219902 -0.136744 0.96589
    outer loop
      vertex 3.14646 -1.81661 4.58203
      vertex 3.02091 -2.01851 4.58203
      vertex 4.0223 -2.32228 4.31104
    endloop
  endfacet
  facet normal 0.19146 -0.631158 0.751653
    outer loop
      vertex 3.2627 -9.61162 1.36817
      vertex 2.62709 -9.80443 1.36817
      vertex 3.51574 -10.357 0.677825
    endloop
  endfacet
  facet normal 0.232327 -0.617285 0.751653
    outer loop
      vertex 3.88435 -9.37765 1.36817
      vertex 3.2627 -9.61162 1.36817
      vertex 3.51574 -10.357 0.677825
    endloop
  endfacet
  facet normal -0.386325 -0.470742 0.793193
    outer loop
      vertex -6.14487 -7.00688 2.00555
      vertex -6.69255 -7.63139 1.36817
      vertex -5.67344 -7.39377 2.00555
    endloop
  endfacet
  facet normal -0.418407 -0.509838 0.751665
    outer loop
      vertex -6.69255 -7.63139 1.36817
      vertex -7.21158 -8.22323 0.677825
      vertex -6.65831 -8.67728 0.677825
    endloop
  endfacet
  facet normal -0.26414 -0.424774 0.865908
    outer loop
      vertex -4.1903 -6.27123 3.11074
      vertex -4.22454 -7.31712 2.58723
      vertex -3.77117 -6.53186 3.11074
    endloop
  endfacet
  facet normal -0.25133 -0.554683 0.793196
    outer loop
      vertex -3.56647 -8.61023 2.00555
      vertex -4.12197 -8.35853 2.00555
      vertex -3.88435 -9.37765 1.36817
    endloop
  endfacet
  facet normal -0.134858 -0.358317 0.923809
    outer loop
      vertex -2.1568 -5.20699 3.97449
      vertex -2.52698 -6.10067 3.57382
      vertex -2.12256 -6.25288 3.57382
    endloop
  endfacet
  facet normal -0.158006 -0.348732 0.923807
    outer loop
      vertex -2.49274 -5.05478 3.97449
      vertex -2.92057 -5.92233 3.57382
      vertex -2.1568 -5.20699 3.97449
    endloop
  endfacet
  facet normal -0.180471 -0.33765 0.923809
    outer loop
      vertex -2.818 -4.88092 3.97449
      vertex -3.30166 -5.71864 3.57382
      vertex -2.92057 -5.92233 3.57382
    endloop
  endfacet
  facet normal -0.180482 -0.337648 0.923807
    outer loop
      vertex -2.818 -4.88092 3.97449
      vertex -2.92057 -5.92233 3.57382
      vertex -2.49274 -5.05478 3.97449
    endloop
  endfacet
  facet normal -0.11358 -0.487137 0.865908
    outer loop
      vertex -1.47144 -7.39742 3.11074
      vertex -1.9521 -7.28535 3.11074
      vertex -1.64833 -8.28674 2.58723
    endloop
  endfacet
  facet normal -0.0905301 -0.548348 0.831336
    outer loop
      vertex -1.10283 -8.3768 2.58723
      vertex -1.81817 -9.14057 2.00555
      vertex -1.21646 -9.23991 2.00555
    endloop
  endfacet
  facet normal -0.0544718 -0.553095 0.831336
    outer loop
      vertex -1.10283 -8.3768 2.58723
      vertex -1.21646 -9.23991 2.00555
      vertex -0.552596 -8.43099 2.58723
    endloop
  endfacet
  facet normal -0.0490259 -0.497798 0.865906
    outer loop
      vertex -0.493293 -7.5262 3.11074
      vertex -1.10283 -8.3768 2.58723
      vertex -0.552596 -8.43099 2.58723
    endloop
  endfacet
  facet normal 0.0181943 -0.555476 0.831333
    outer loop
      vertex 0 -8.44909 2.58723
      vertex 0 -9.31964 2.00555
      vertex 0.552596 -8.43099 2.58723
    endloop
  endfacet
  facet normal 0.0720797 -0.436569 0.896779
    outer loop
      vertex 1.28824 -6.47643 3.57382
      vertex 0.861905 -6.54682 3.57382
      vertex 0.984473 -7.47782 3.11074
    endloop
  endfacet
  facet normal 0.128442 -0.423426 0.896779
    outer loop
      vertex 2.12256 -6.25288 3.57382
      vertex 1.9521 -7.28535 3.11074
      vertex 2.42441 -7.14208 3.11074
    endloop
  endfacet
  facet normal 0.0905301 -0.548348 0.831336
    outer loop
      vertex 1.64833 -8.28674 2.58723
      vertex 1.10283 -8.3768 2.58723
      vertex 1.81817 -9.14057 2.00555
    endloop
  endfacet
  facet normal 0.138287 -0.593057 0.793196
    outer loop
      vertex 2.4121 -9.00208 2.00555
      vertex 1.81817 -9.14057 2.00555
      vertex 1.98022 -9.95526 1.36817
    endloop
  endfacet
  facet normal 0.0869411 -0.372855 0.923807
    outer loop
      vertex 1.4587 -5.44396 3.97449
      vertex 1.09953 -5.52771 3.97449
      vertex 1.28824 -6.47643 3.57382
    endloop
  endfacet
  facet normal 0.287063 -0.537059 0.793197
    outer loop
      vertex 5.07515 -8.79041 1.36817
      vertex 4.12197 -8.35853 2.00555
      vertex 4.48936 -9.10352 1.36817
    endloop
  endfacet
  facet normal 0.251327 -0.554683 0.793197
    outer loop
      vertex 4.12197 -8.35853 2.00555
      vertex 3.88435 -9.37765 1.36817
      vertex 4.48936 -9.10352 1.36817
    endloop
  endfacet
  facet normal 0.26414 -0.424774 0.865908
    outer loop
      vertex 4.1903 -6.27123 3.11074
      vertex 3.77117 -6.53186 3.11074
      vertex 4.22454 -7.31712 2.58723
    endloop
  endfacet
  facet normal 0.321577 -0.517136 0.793195
    outer loop
      vertex 5.17772 -7.749 2.00555
      vertex 5.07515 -8.79041 1.36817
      vertex 5.6392 -8.43966 1.36817
    endloop
  endfacet
  facet normal 0.17619 -0.468145 0.865909
    outer loop
      vertex 2.88633 -6.96822 3.11074
      vertex 2.71587 -8.00069 2.58723
      vertex 3.23333 -7.80594 2.58723
    endloop
  endfacet
  facet normal 0.22938 -0.506226 0.831336
    outer loop
      vertex 3.73693 -7.57775 2.58723
      vertex 3.23333 -7.80594 2.58723
      vertex 4.12197 -8.35853 2.00555
    endloop
  endfacet
  facet normal 0.229376 -0.506231 0.831335
    outer loop
      vertex 4.12197 -8.35853 2.00555
      vertex 3.23333 -7.80594 2.58723
      vertex 3.56647 -8.61023 2.00555
    endloop
  endfacet
  facet normal 0.214506 -0.569936 0.793196
    outer loop
      vertex 3.56647 -8.61023 2.00555
      vertex 2.9957 -8.82505 2.00555
      vertex 3.88435 -9.37765 1.36817
    endloop
  endfacet
  facet normal 0.2358 -0.441136 0.865908
    outer loop
      vertex 3.77117 -6.53186 3.11074
      vertex 3.33589 -6.76453 3.11074
      vertex 4.22454 -7.31712 2.58723
    endloop
  endfacet
  facet normal 0.158012 -0.348726 0.923809
    outer loop
      vertex 2.92057 -5.92233 3.57382
      vertex 2.1568 -5.20699 3.97449
      vertex 2.52698 -6.10067 3.57382
    endloop
  endfacet
  facet normal 0.0191289 -0.19425 0.980765
    outer loop
      vertex 0.47423 -3.60214 4.58203
      vertex 0.170462 -2.60075 4.78629
      vertex 0.237623 -3.62544 4.58203
    endloop
  endfacet
  facet normal 0.0125297 -0.38265 0.923808
    outer loop
      vertex 0.368611 -5.62393 3.97449
      vertex 0 -5.636 3.97449
      vertex 0.431877 -6.58917 3.57382
    endloop
  endfacet
  facet normal 0.0375227 -0.381011 0.923809
    outer loop
      vertex 0.735645 -5.58778 3.97449
      vertex 0.431877 -6.58917 3.57382
      vertex 0.861905 -6.54682 3.57382
    endloop
  endfacet
  facet normal 0.0523794 -0.317298 0.946878
    outer loop
      vertex 0.906107 -4.55531 4.31104
      vertex 0.735645 -5.58778 3.97449
      vertex 1.09953 -5.52771 3.97449
    endloop
  endfacet
  facet normal 0.210484 -0.150836 0.965891
    outer loop
      vertex 3.86181 -2.58038 4.31104
      vertex 3.02091 -2.01851 4.58203
      vertex 3.68477 -2.82743 4.31104
    endloop
  endfacet
  facet normal 0.210489 -0.150833 0.96589
    outer loop
      vertex 3.02091 -2.01851 4.58203
      vertex 2.88243 -2.21176 4.58203
      vertex 3.68477 -2.82743 4.31104
    endloop
  endfacet
  facet normal 0.273101 -0.169818 0.946878
    outer loop
      vertex 4.0223 -2.32228 4.31104
      vertex 3.86181 -2.58038 4.31104
      vertex 4.88092 -2.818 3.97449
    endloop
  endfacet
  facet normal 0.283622 -0.151593 0.946878
    outer loop
      vertex 4.16557 -2.05423 4.31104
      vertex 4.0223 -2.32228 4.31104
      vertex 4.88092 -2.818 3.97449
    endloop
  endfacet
  facet normal 0.444457 -0.416289 0.793197
    outer loop
      vertex 7.00688 -6.14487 2.00555
      vertex 6.58998 -6.58998 2.00555
      vertex 7.17734 -7.17734 1.36817
    endloop
  endfacet
  facet normal 0.40564 -0.379917 0.831336
    outer loop
      vertex 6.35236 -5.57087 2.58723
      vertex 5.97441 -5.97441 2.58723
      vertex 7.00688 -6.14487 2.00555
    endloop
  endfacet
  facet normal 0.302482 -0.322949 0.896777
    outer loop
      vertex 5.33324 -5.33324 3.11074
      vertex 4.66925 -4.66925 3.57382
      vertex 4.97301 -5.67064 3.11074
    endloop
  endfacet
  facet normal 0.302472 -0.322952 0.896779
    outer loop
      vertex 4.66925 -4.66925 3.57382
      vertex 4.35387 -4.96463 3.57382
      vertex 4.97301 -5.67064 3.11074
    endloop
  endfacet
  facet normal 0.416289 -0.444457 0.793197
    outer loop
      vertex 6.58998 -6.58998 2.00555
      vertex 6.14487 -7.00688 2.00555
      vertex 7.17734 -7.17734 1.36817
    endloop
  endfacet
  facet normal 0.416285 -0.444468 0.793193
    outer loop
      vertex 7.17734 -7.17734 1.36817
      vertex 6.14487 -7.00688 2.00555
      vertex 6.69255 -7.63139 1.36817
    endloop
  endfacet
  facet normal -0.372855 -0.0869411 0.923807
    outer loop
      vertex -5.52771 -1.09953 3.97449
      vertex -6.47643 -1.28824 3.57382
      vertex -5.44396 -1.4587 3.97449
    endloop
  endfacet
  facet normal -0.313191 -0.0730287 0.946878
    outer loop
      vertex -4.55531 -0.906107 4.31104
      vertex -5.52771 -1.09953 3.97449
      vertex -5.44396 -1.4587 3.97449
    endloop
  endfacet
  facet normal -0.366369 -0.111137 0.923809
    outer loop
      vertex -5.44396 -1.4587 3.97449
      vertex -6.25288 -2.12256 3.57382
      vertex -5.3369 -1.81163 3.97449
    endloop
  endfacet
  facet normal -0.358317 -0.134858 0.923809
    outer loop
      vertex -5.3369 -1.81163 3.97449
      vertex -6.25288 -2.12256 3.57382
      vertex -5.20699 -2.1568 3.97449
    endloop
  endfacet
  facet normal -0.0596903 0.606016 0.793209
    outer loop
      vertex -0.66386 10.1286 1.36817
      vertex -1.21646 9.23991 2.00555
      vertex -0.609533 9.29969 2.00555
    endloop
  endfacet
  facet normal 0.0234038 0.706926 0.7069
    outer loop
      vertex 0 10.9375 0.677825
      vertex 0.0604113 11.6133 0
      vertex 0 11.6153 0
    endloop
  endfacet
  facet normal 0.0231252 0.706943 0.706892
    outer loop
      vertex 0.0604113 11.6133 0
      vertex 0 10.9375 0.677825
      vertex 0.715344 10.9141 0.677825
    endloop
  endfacet
  facet normal 0.0702048 0.703803 0.706918
    outer loop
      vertex 1.45595 11.5219 0
      vertex 1.42763 10.8439 0.677825
      vertex 1.5161 11.5159 0
    endloop
  endfacet
  facet normal 0.0693697 0.703862 0.706942
    outer loop
      vertex 1.42763 10.8439 0.677825
      vertex 1.45595 11.5219 0
      vertex 0.715344 10.9141 0.677825
    endloop
  endfacet
  facet normal 0.115149 0.697873 0.706905
    outer loop
      vertex 1.5161 11.5159 0
      vertex 1.42763 10.8439 0.677825
      vertex 2.2064 11.402 0
    endloop
  endfacet
  facet normal -0.0646421 0.656371 0.751664
    outer loop
      vertex -0.715344 10.9141 0.677825
      vertex -1.32488 10.0635 1.36817
      vertex -0.66386 10.1286 1.36817
    endloop
  endfacet
  facet normal -0.0646911 0.656389 0.751644
    outer loop
      vertex -0.715344 10.9141 0.677825
      vertex -1.42763 10.8439 0.677825
      vertex -1.32488 10.0635 1.36817
    endloop
  endfacet
  facet normal -0.138287 0.593057 0.793196
    outer loop
      vertex -1.98022 9.95526 1.36817
      vertex -2.4121 9.00208 2.00555
      vertex -1.81817 9.14057 2.00555
    endloop
  endfacet
  facet normal -0.126207 0.541251 0.831336
    outer loop
      vertex -1.81817 9.14057 2.00555
      vertex -2.4121 9.00208 2.00555
      vertex -1.64833 8.28674 2.58723
    endloop
  endfacet
  facet normal -0.0181943 0.555476 0.831333
    outer loop
      vertex 0 9.31964 2.00555
      vertex -0.552596 8.43099 2.58723
      vertex 0 8.44909 2.58723
    endloop
  endfacet
  facet normal 0.0181943 0.555476 0.831333
    outer loop
      vertex 0 9.31964 2.00555
      vertex 0 8.44909 2.58723
      vertex 0.552596 8.43099 2.58723
    endloop
  endfacet
  facet normal 0.574926 -0.411981 0.706917
    outer loop
      vertex 9.65777 -6.45312 0
      vertex 9.09418 -6.07654 0.677825
      vertex 9.25025 -7.02182 0
    endloop
  endfacet
  facet normal 0.481378 -0.450866 0.751661
    outer loop
      vertex 8.22323 -7.21158 0.677825
      vertex 7.17734 -7.17734 1.36817
      vertex 7.73396 -7.73396 0.677825
    endloop
  endfacet
  facet normal 0.450866 -0.481378 0.751661
    outer loop
      vertex 7.73396 -7.73396 0.677825
      vertex 7.17734 -7.17734 1.36817
      vertex 7.21158 -8.22323 0.677825
    endloop
  endfacet
  facet normal 0.516224 -0.483504 0.70692
    outer loop
      vertex 7.73396 -7.73396 0.677825
      vertex 8.25458 -8.16914 0
      vertex 8.22323 -7.21158 0.677825
    endloop
  endfacet
  facet normal 0.516244 -0.483482 0.706921
    outer loop
      vertex 8.25458 -8.16914 0
      vertex 7.73396 -7.73396 0.677825
      vertex 8.21326 -8.21326 0
    endloop
  endfacet
  facet normal 0.483482 -0.516244 0.706921
    outer loop
      vertex 7.73396 -7.73396 0.677825
      vertex 8.16914 -8.25458 0
      vertex 8.21326 -8.21326 0
    endloop
  endfacet
  facet normal 0.483504 -0.516224 0.70692
    outer loop
      vertex 8.16914 -8.25458 0
      vertex 7.73396 -7.73396 0.677825
      vertex 7.21158 -8.22323 0.677825
    endloop
  endfacet
  facet normal 0.0626131 0.0189932 0.997857
    outer loop
      vertex 1.48505 0.504105 4.92296
      vertex 0.495723 0.168275 4.99143
      vertex 1.51484 0.405899 4.92296
    endloop
  endfacet
  facet normal 0.124979 0.0379114 0.991435
    outer loop
      vertex 2.46801 0.837776 4.78629
      vertex 1.48505 0.504105 4.92296
      vertex 1.51484 0.405899 4.92296
    endloop
  endfacet
  facet normal 0.0645563 0.01066 0.997857
    outer loop
      vertex 1.53814 0.305955 4.92296
      vertex 0.513446 0.10213 4.99143
      vertex 1.55486 0.2047 4.92296
    endloop
  endfacet
  facet normal 0.128857 0.0212778 0.991435
    outer loop
      vertex 2.55625 0.508469 4.78629
      vertex 1.53814 0.305955 4.92296
      vertex 1.55486 0.2047 4.92296
    endloop
  endfacet
  facet normal 0.623772 0.333474 0.706898
    outer loop
      vertex 9.47213 5.46874 0.677825
      vertex 10.0876 5.75434 0
      vertex 10.0591 5.80765 0
    endloop
  endfacet
  facet normal 0.623797 0.333422 0.706899
    outer loop
      vertex 10.0876 5.75434 0
      vertex 9.47213 5.46874 0.677825
      vertex 9.80952 4.83752 0.677825
    endloop
  endfacet
  facet normal 0.581671 0.310906 0.751662
    outer loop
      vertex 9.47213 5.46874 0.677825
      vertex 8.79041 5.07515 1.36817
      vertex 9.80952 4.83752 0.677825
    endloop
  endfacet
  facet normal 0.468145 0.17619 0.865909
    outer loop
      vertex 7.80594 3.23333 2.58723
      vertex 6.96822 2.88633 3.11074
      vertex 8.00069 2.71587 2.58723
    endloop
  endfacet
  facet normal 0.520151 0.195763 0.831336
    outer loop
      vertex 8.82505 2.9957 2.00555
      vertex 7.80594 3.23333 2.58723
      vertex 8.00069 2.71587 2.58723
    endloop
  endfacet
  facet normal 0.487137 0.11358 0.865908
    outer loop
      vertex 8.28674 1.64833 2.58723
      vertex 7.28535 1.9521 3.11074
      vertex 7.39742 1.47144 3.11074
    endloop
  endfacet
  facet normal 0.493521 0.0814821 0.865908
    outer loop
      vertex 8.28674 1.64833 2.58723
      vertex 7.39742 1.47144 3.11074
      vertex 7.47782 0.984473 3.11074
    endloop
  endfacet
  facet normal 0.0477532 0.0447297 0.997857
    outer loop
      vertex 1.10894 1.10894 4.92296
      vertex 0.370173 0.370173 4.99143
      vertex 0.393592 0.345171 4.99143
    endloop
  endfacet
  facet normal 0.0828518 0.100957 0.991435
    outer loop
      vertex 1.58663 2.06774 4.78629
      vertex 0.954704 1.24419 4.92296
      vertex 1.03403 1.17909 4.92296
    endloop
  endfacet
  facet normal 0.0760753 0.106157 0.991435
    outer loop
      vertex 1.58663 2.06774 4.78629
      vertex 0.871286 1.30397 4.92296
      vertex 0.954704 1.24419 4.92296
    endloop
  endfacet
  facet normal 0.0308444 0.0577045 0.997857
    outer loop
      vertex 0.693629 1.40654 4.92296
      vertex 0.23154 0.469517 4.99143
      vertex 0.261752 0.453368 4.99143
    endloop
  endfacet
  facet normal 0.0270032 0.0595988 0.997857
    outer loop
      vertex 0.693629 1.40654 4.92296
      vertex 0.200336 0.483655 4.99143
      vertex 0.23154 0.469517 4.99143
    endloop
  endfacet
  facet normal 0.200172 0.164277 0.96589
    outer loop
      vertex 3.49196 3.06237 4.31104
      vertex 2.88243 2.21176 4.58203
      vertex 3.68477 2.82743 4.31104
    endloop
  endfacet
  facet normal 0.210489 0.150833 0.96589
    outer loop
      vertex 3.68477 2.82743 4.31104
      vertex 2.88243 2.21176 4.58203
      vertex 3.02091 2.01851 4.58203
    endloop
  endfacet
  facet normal -0.0212728 0.128858 0.991435
    outer loop
      vertex -0.340194 2.58403 4.78629
      vertex -0.508469 2.55625 4.78629
      vertex -0.2047 1.55486 4.92296
    endloop
  endfacet
  facet normal -0.0212778 0.128857 0.991435
    outer loop
      vertex -0.2047 1.55486 4.92296
      vertex -0.508469 2.55625 4.78629
      vertex -0.305955 1.53814 4.92296
    endloop
  endfacet
  facet normal -0.031522 0.320046 0.946878
    outer loop
      vertex -0.368611 5.62393 3.97449
      vertex -0.735645 5.58778 3.97449
      vertex -0.303768 4.63461 4.31104
    endloop
  endfacet
  facet normal 0.00847377 0.258813 0.96589
    outer loop
      vertex 0.303768 4.63461 4.31104
      vertex 0 3.63322 4.58203
      vertex 0.237623 3.62544 4.58203
    endloop
  endfacet
  facet normal 0.00638603 0.195085 0.980765
    outer loop
      vertex 0 3.63322 4.58203
      vertex 0 2.60633 4.78629
      vertex 0.170462 2.60075 4.78629
    endloop
  endfacet
  facet normal -0.00638603 0.195085 0.980765
    outer loop
      vertex 0 3.63322 4.58203
      vertex -0.170462 2.60075 4.78629
      vertex 0 2.60633 4.78629
    endloop
  endfacet
  facet normal -0.0443247 0.19009 0.980766
    outer loop
      vertex -0.508469 2.55625 4.78629
      vertex -0.708806 3.56341 4.58203
      vertex -0.674566 2.51752 4.78629
    endloop
  endfacet
  facet normal -0.0751744 0.247801 0.96589
    outer loop
      vertex -0.940346 3.50942 4.58203
      vertex -1.2021 4.48629 4.31104
      vertex -1.16786 3.4404 4.58203
    endloop
  endfacet
  facet normal -0.66195 0.249127 0.706936
    outer loop
      vertex -10.9776 3.79019 0
      vertex -10.357 3.51574 0.677825
      vertex -10.1049 4.18559 0.677825
    endloop
  endfacet
  facet normal -0.661909 0.249225 0.706939
    outer loop
      vertex -10.357 3.51574 0.677825
      vertex -10.9776 3.79019 0
      vertex -10.9989 3.73362 0
    endloop
  endfacet
  facet normal -0.617284 0.232317 0.751658
    outer loop
      vertex -10.1049 4.18559 0.677825
      vertex -10.357 3.51574 0.677825
      vertex -9.37765 3.88435 1.36817
    endloop
  endfacet
  facet normal -0.300982 0.113279 0.946878
    outer loop
      vertex -5.20699 2.1568 3.97449
      vertex -5.3369 1.81163 3.97449
      vertex -4.39807 1.49294 4.31104
    endloop
  endfacet
  facet normal -0.358317 0.134858 0.923809
    outer loop
      vertex -5.20699 2.1568 3.97449
      vertex -6.25288 2.12256 3.57382
      vertex -5.3369 1.81163 3.97449
    endloop
  endfacet
  facet normal -0.403037 0.182621 0.896778
    outer loop
      vertex -5.92233 2.92057 3.57382
      vertex -6.96822 2.88633 3.11074
      vertex -6.10067 2.52698 3.57382
    endloop
  endfacet
  facet normal -0.414122 0.155861 0.896778
    outer loop
      vertex -6.10067 2.52698 3.57382
      vertex -6.96822 2.88633 3.11074
      vertex -6.25288 2.12256 3.57382
    endloop
  endfacet
  facet normal -0.182679 0.0687584 0.980765
    outer loop
      vertex -2.40793 0.997398 4.78629
      vertex -3.4404 1.16786 4.58203
      vertex -2.46801 0.837776 4.78629
    endloop
  endfacet
  facet normal -0.122231 0.0460065 0.991435
    outer loop
      vertex -2.40793 0.997398 4.78629
      vertex -2.46801 0.837776 4.78629
      vertex -1.4489 0.600152 4.92296
    endloop
  endfacet
  facet normal -0.247801 0.0751744 0.96589
    outer loop
      vertex -3.4404 1.16786 4.58203
      vertex -4.48629 1.2021 4.31104
      vertex -3.50942 0.940346 4.58203
    endloop
  endfacet
  facet normal -0.252187 0.0588045 0.96589
    outer loop
      vertex -3.50942 0.940346 4.58203
      vertex -4.48629 1.2021 4.31104
      vertex -3.56341 0.708806 4.58203
    endloop
  endfacet
  facet normal -0.436569 0.0720791 0.896779
    outer loop
      vertex -7.39742 1.47144 3.11074
      vertex -7.47782 0.984473 3.11074
      vertex -6.47643 1.28824 3.57382
    endloop
  endfacet
  facet normal -0.430921 0.100473 0.896779
    outer loop
      vertex -7.28535 1.9521 3.11074
      vertex -7.39742 1.47144 3.11074
      vertex -6.47643 1.28824 3.57382
    endloop
  endfacet
  facet normal -0.499935 0.0163675 0.865908
    outer loop
      vertex -7.5262 0.493293 3.11074
      vertex -8.44909 0 2.58723
      vertex -7.54235 0 3.11074
    endloop
  endfacet
  facet normal -0.44224 0.0144786 0.89678
    outer loop
      vertex -7.5262 0.493293 3.11074
      vertex -7.54235 0 3.11074
      vertex -6.58917 0.431877 3.57382
    endloop
  endfacet
  facet normal -0.0953217 0.0892799 0.991435
    outer loop
      vertex -1.84295 1.84295 4.78629
      vertex -1.95954 1.71847 4.78629
      vertex -1.10894 1.10894 4.92296
    endloop
  endfacet
  facet normal -0.142461 0.133431 0.980765
    outer loop
      vertex -1.84295 1.84295 4.78629
      vertex -2.56907 2.56907 4.58203
      vertex -1.95954 1.71847 4.78629
    endloop
  endfacet
  facet normal -0.0689682 0.110906 0.991435
    outer loop
      vertex -1.30316 2.25715 4.78629
      vertex -1.448 2.16708 4.78629
      vertex -0.871286 1.30397 4.92296
    endloop
  endfacet
  facet normal -0.0828537 0.100956 0.991435
    outer loop
      vertex -1.58663 2.06774 4.78629
      vertex -1.71847 1.95954 4.78629
      vertex -1.03403 1.17909 4.92296
    endloop
  endfacet
  facet normal -0.150833 0.210489 0.96589
    outer loop
      vertex -2.01851 3.02091 4.58203
      vertex -2.82743 3.68477 4.31104
      vertex -2.21176 2.88243 4.58203
    endloop
  endfacet
  facet normal -0.204017 0.248595 0.946878
    outer loop
      vertex -2.82743 3.68477 4.31104
      vertex -3.43098 4.47134 3.97449
      vertex -3.06237 3.49196 4.31104
    endloop
  endfacet
  facet normal -0.0447242 0.047759 0.997857
    outer loop
      vertex -1.03403 1.17909 4.92296
      vertex -1.10894 1.10894 4.92296
      vertex -0.345171 0.393592 4.99143
    endloop
  endfacet
  facet normal -0.0415085 0.0505791 0.997857
    outer loop
      vertex -0.954704 1.24419 4.92296
      vertex -1.03403 1.17909 4.92296
      vertex -0.345171 0.393592 4.99143
    endloop
  endfacet
  facet normal -0.0379114 0.124979 0.991435
    outer loop
      vertex -0.405899 1.51484 4.92296
      vertex -0.837776 2.46801 4.78629
      vertex -0.504105 1.48505 4.92296
    endloop
  endfacet
  facet normal -0.0230481 0.0612366 0.997857
    outer loop
      vertex -0.504105 1.48505 4.92296
      vertex -0.600152 1.4489 4.92296
      vertex -0.168275 0.495723 4.99143
    endloop
  endfacet
  facet normal -0.0191351 0.194249 0.980766
    outer loop
      vertex -0.170462 2.60075 4.78629
      vertex -0.47423 3.60214 4.58203
      vertex -0.340194 2.58403 4.78629
    endloop
  endfacet
  facet normal -0.0191289 0.19425 0.980765
    outer loop
      vertex -0.237623 3.62544 4.58203
      vertex -0.47423 3.60214 4.58203
      vertex -0.170462 2.60075 4.78629
    endloop
  endfacet
  facet normal -0.223001 0.311206 0.923808
    outer loop
      vertex -3.13119 4.68616 3.97449
      vertex -4.01984 5.23876 3.57382
      vertex -3.43098 4.47134 3.97449
    endloop
  endfacet
  facet normal -0.242883 0.29595 0.923808
    outer loop
      vertex -3.43098 4.47134 3.97449
      vertex -4.01984 5.23876 3.57382
      vertex -3.71607 4.23737 3.97449
    endloop
  endfacet
  facet normal -0.202181 0.325117 0.923808
    outer loop
      vertex -3.30166 5.71864 3.57382
      vertex -3.6686 5.49045 3.57382
      vertex -3.13119 4.68616 3.97449
    endloop
  endfacet
  facet normal -0.233667 0.375748 0.896779
    outer loop
      vertex -3.30166 5.71864 3.57382
      vertex -4.1903 6.27123 3.11074
      vertex -3.6686 5.49045 3.57382
    endloop
  endfacet
  facet normal -0.136739 0.219904 0.965891
    outer loop
      vertex -2.32228 4.0223 4.31104
      vertex -2.58038 3.86181 4.31104
      vertex -2.01851 3.02091 4.58203
    endloop
  endfacet
  facet normal -0.122065 0.228377 0.96589
    outer loop
      vertex -2.05423 4.16557 4.31104
      vertex -2.32228 4.0223 4.31104
      vertex -1.81661 3.14646 4.58203
    endloop
  endfacet
  facet normal -0.132722 0.292928 0.946878
    outer loop
      vertex -2.1568 5.20699 3.97449
      vertex -2.49274 5.05478 3.97449
      vertex -1.77739 4.29101 4.31104
    endloop
  endfacet
  facet normal -0.158006 0.348732 0.923807
    outer loop
      vertex -2.1568 5.20699 3.97449
      vertex -2.92057 5.92233 3.57382
      vertex -2.49274 5.05478 3.97449
    endloop
  endfacet
  facet normal -0.219838 0.234725 0.946877
    outer loop
      vertex -3.06237 3.49196 4.31104
      vertex -3.98525 3.98525 3.97449
      vertex -3.2842 3.2842 4.31104
    endloop
  endfacet
  facet normal -0.177013 0.189 0.965891
    outer loop
      vertex -3.06237 3.49196 4.31104
      vertex -3.2842 3.2842 4.31104
      vertex -2.56907 2.56907 4.58203
    endloop
  endfacet
  facet normal -0.33765 0.180471 0.923809
    outer loop
      vertex -5.71864 3.30166 3.57382
      vertex -5.92233 2.92057 3.57382
      vertex -4.88092 2.818 3.97449
    endloop
  endfacet
  facet normal -0.219904 0.136739 0.965891
    outer loop
      vertex -3.86181 2.58038 4.31104
      vertex -4.0223 2.32228 4.31104
      vertex -3.02091 2.01851 4.58203
    endloop
  endfacet
  facet normal -0.248594 0.204019 0.946878
    outer loop
      vertex -4.23737 3.71607 3.97449
      vertex -4.47134 3.43098 3.97449
      vertex -3.49196 3.06237 4.31104
    endloop
  endfacet
  facet normal -0.234718 0.219842 0.946878
    outer loop
      vertex -3.98525 3.98525 3.97449
      vertex -4.23737 3.71607 3.97449
      vertex -3.49196 3.06237 4.31104
    endloop
  endfacet
  facet normal -0.273098 0.169828 0.946877
    outer loop
      vertex -4.68616 3.13119 3.97449
      vertex -4.88092 2.818 3.97449
      vertex -3.86181 2.58038 4.31104
    endloop
  endfacet
  facet normal -0.325117 0.202181 0.923808
    outer loop
      vertex -5.49045 3.6686 3.57382
      vertex -5.71864 3.30166 3.57382
      vertex -4.68616 3.13119 3.97449
    endloop
  endfacet
  facet normal -0.295951 0.24288 0.923809
    outer loop
      vertex -4.96463 4.35387 3.57382
      vertex -5.23876 4.01984 3.57382
      vertex -4.23737 3.71607 3.97449
    endloop
  endfacet
  facet normal -0.342042 0.280705 0.896779
    outer loop
      vertex -4.96463 4.35387 3.57382
      vertex -5.67064 4.97301 3.11074
      vertex -5.23876 4.01984 3.57382
    endloop
  endfacet
  facet normal -0.379917 0.40564 0.831336
    outer loop
      vertex -5.57087 6.35236 2.58723
      vertex -6.14487 7.00688 2.00555
      vertex -5.97441 5.97441 2.58723
    endloop
  endfacet
  facet normal -0.379928 0.405636 0.831333
    outer loop
      vertex -6.14487 7.00688 2.00555
      vertex -6.58998 6.58998 2.00555
      vertex -5.97441 5.97441 2.58723
    endloop
  endfacet
  facet normal -0.291358 0.40659 0.865907
    outer loop
      vertex -4.69406 7.02516 2.58723
      vertex -5.14348 6.70311 2.58723
      vertex -4.59149 5.98375 3.11074
    endloop
  endfacet
  facet normal -0.323724 0.451757 0.831335
    outer loop
      vertex -4.69406 7.02516 2.58723
      vertex -5.67344 7.39377 2.00555
      vertex -5.14348 6.70311 2.58723
    endloop
  endfacet
  facet normal -0.483503 0.516227 0.706919
    outer loop
      vertex -7.6585 8.73285 0
      vertex -8.16914 8.25458 0
      vertex -7.21158 8.22323 0.677825
    endloop
  endfacet
  facet normal -0.411981 0.574926 0.706917
    outer loop
      vertex -6.45312 9.65777 0
      vertex -7.02182 9.25025 0
      vertex -6.07654 9.09418 0.677825
    endloop
  endfacet
  facet normal -0.348286 0.560087 0.751664
    outer loop
      vertex -5.07515 8.79041 1.36817
      vertex -6.07654 9.09418 0.677825
      vertex -5.6392 8.43966 1.36817
    endloop
  endfacet
  facet normal 0.062358 0.377745 0.923807
    outer loop
      vertex 1.28824 6.47643 3.57382
      vertex 0.735645 5.58778 3.97449
      vertex 1.09953 5.52771 3.97449
    endloop
  endfacet
  facet normal 0.0253813 0.257705 0.96589
    outer loop
      vertex 0.606236 4.60482 4.31104
      vertex 0.303768 4.63461 4.31104
      vertex 0.47423 3.60214 4.58203
    endloop
  endfacet
  facet normal 0.0751652 0.247801 0.965891
    outer loop
      vertex 1.2021 4.48629 4.31104
      vertex 1.16786 3.4404 4.58203
      vertex 1.49294 4.39807 4.31104
    endloop
  endfacet
  facet normal 0.0912158 0.242353 0.965891
    outer loop
      vertex 1.49294 4.39807 4.31104
      vertex 1.16786 3.4404 4.58203
      vertex 1.77739 4.29101 4.31104
    endloop
  endfacet
  facet normal -0.205349 0.676831 0.706917
    outer loop
      vertex -3.67578 11.0164 0
      vertex -3.51574 10.357 0.677825
      vertex -2.83083 10.5648 0.677825
    endloop
  endfacet
  facet normal -0.204824 0.676974 0.706933
    outer loop
      vertex -3.51574 10.357 0.677825
      vertex -3.67578 11.0164 0
      vertex -3.73362 10.9989 0
    endloop
  endfacet
  facet normal -0.205325 0.676854 0.706902
    outer loop
      vertex -3.00626 11.2195 0
      vertex -3.67578 11.0164 0
      vertex -2.83083 10.5648 0.677825
    endloop
  endfacet
  facet normal -0.373349 -0.600752 0.7069
    outer loop
      vertex -5.46874 -9.47213 0.677825
      vertex -5.85898 -10.0272 0
      vertex -5.80765 -10.0591 0
    endloop
  endfacet
  facet normal -0.373503 -0.600649 0.706906
    outer loop
      vertex -5.85898 -10.0272 0
      vertex -5.46874 -9.47213 0.677825
      vertex -6.07654 -9.09418 0.677825
    endloop
  endfacet
  facet normal -0.205349 -0.676831 0.706917
    outer loop
      vertex -3.51574 -10.357 0.677825
      vertex -3.67578 -11.0164 0
      vertex -2.83083 -10.5648 0.677825
    endloop
  endfacet
  facet normal -0.204824 -0.676974 0.706933
    outer loop
      vertex -3.67578 -11.0164 0
      vertex -3.51574 -10.357 0.677825
      vertex -3.73362 -10.9989 0
    endloop
  endfacet
  facet normal 0.0231518 -0.706955 0.706879
    outer loop
      vertex 0.715344 -10.9141 0.677825
      vertex 0.0604113 -11.6133 0
      vertex 0.759677 -11.5904 0
    endloop
  endfacet
  facet normal -0.176773 -0.582743 0.793197
    outer loop
      vertex -2.4121 -9.00208 2.00555
      vertex -3.2627 -9.61162 1.36817
      vertex -2.62709 -9.80443 1.36817
    endloop
  endfacet
  facet normal -0.205325 -0.676854 0.706902
    outer loop
      vertex -2.83083 -10.5648 0.677825
      vertex -3.67578 -11.0164 0
      vertex -3.00626 -11.2195 0
    endloop
  endfacet
  facet normal -0.323725 -0.451755 0.831336
    outer loop
      vertex -4.69406 -7.02516 2.58723
      vertex -5.67344 -7.39377 2.00555
      vertex -5.17772 -7.749 2.00555
    endloop
  endfacet
  facet normal -0.333422 -0.623797 0.706899
    outer loop
      vertex -5.46874 -9.47213 0.677825
      vertex -5.75434 -10.0876 0
      vertex -4.83752 -9.80952 0.677825
    endloop
  endfacet
  facet normal -0.333474 -0.623772 0.706898
    outer loop
      vertex -5.75434 -10.0876 0
      vertex -5.46874 -9.47213 0.677825
      vertex -5.80765 -10.0591 0
    endloop
  endfacet
  facet normal 0.115149 -0.697873 0.706905
    outer loop
      vertex 2.2064 -11.402 0
      vertex 1.42763 -10.8439 0.677825
      vertex 1.5161 -11.5159 0
    endloop
  endfacet
  facet normal -0.291872 -0.644281 0.706904
    outer loop
      vertex -4.18559 -10.1049 0.677825
      vertex -5.08226 -10.4424 0
      vertex -4.44498 -10.7311 0
    endloop
  endfacet
  facet normal -0.0828518 -0.100957 0.991435
    outer loop
      vertex -1.03403 -1.17909 4.92296
      vertex -1.58663 -2.06774 4.78629
      vertex -0.954704 -1.24419 4.92296
    endloop
  endfacet
  facet normal -0.0760753 -0.106157 0.991435
    outer loop
      vertex -0.954704 -1.24419 4.92296
      vertex -1.58663 -2.06774 4.78629
      vertex -0.871286 -1.30397 4.92296
    endloop
  endfacet
  facet normal -0.0106578 -0.0645566 0.997857
    outer loop
      vertex -0.10213 -0.513446 4.99143
      vertex -0.2047 -1.55486 4.92296
      vertex -0.0683308 -0.519026 4.99143
    endloop
  endfacet
  facet normal -0.0805564 -0.177789 0.980766
    outer loop
      vertex -1.15275 -2.33754 4.78629
      vertex -1.60693 -3.25854 4.58203
      vertex -0.997398 -2.40793 4.78629
    endloop
  endfacet
  facet normal -0.0687504 -0.18268 0.980766
    outer loop
      vertex -0.997398 -2.40793 4.78629
      vertex -1.39037 -3.35666 4.58203
      vertex -1.16786 -3.4404 4.58203
    endloop
  endfacet
  facet normal -0.0689682 -0.110906 0.991435
    outer loop
      vertex -0.871286 -1.30397 4.92296
      vertex -1.448 -2.16708 4.78629
      vertex -1.30316 -2.25715 4.78629
    endloop
  endfacet
  facet normal -0.103075 -0.165754 0.980766
    outer loop
      vertex -1.448 -2.16708 4.78629
      vertex -2.01851 -3.02091 4.58203
      vertex -1.30316 -2.25715 4.78629
    endloop
  endfacet
  facet normal -0.00638603 -0.195085 0.980765
    outer loop
      vertex 0 -2.60633 4.78629
      vertex -0.170462 -2.60075 4.78629
      vertex 0 -3.63322 4.58203
    endloop
  endfacet
  facet normal -0.00427289 -0.130531 0.991435
    outer loop
      vertex 0 -1.56827 4.92296
      vertex -0.170462 -2.60075 4.78629
      vertex 0 -2.60633 4.78629
    endloop
  endfacet
  facet normal -0.0308451 -0.0577042 0.997857
    outer loop
      vertex -0.261752 -0.453368 4.99143
      vertex -0.784137 -1.35816 4.92296
      vertex -0.693629 -1.40654 4.92296
    endloop
  endfacet
  facet normal -0.0270069 -0.0595968 0.997857
    outer loop
      vertex -0.200336 -0.483655 4.99143
      vertex -0.693629 -1.40654 4.92296
      vertex -0.600152 -1.4489 4.92296
    endloop
  endfacet
  facet normal -0.0637218 -0.0148555 0.997857
    outer loop
      vertex -0.513446 -0.10213 4.99143
      vertex -1.53814 -0.305955 4.92296
      vertex -1.51484 -0.405899 4.92296
    endloop
  endfacet
  facet normal -0.127191 -0.0296521 0.991435
    outer loop
      vertex -1.53814 -0.305955 4.92296
      vertex -2.55625 -0.508469 4.78629
      vertex -1.51484 -0.405899 4.92296
    endloop
  endfacet
  facet normal -0.0637211 -0.0148578 0.997857
    outer loop
      vertex -0.513446 -0.10213 4.99143
      vertex -1.51484 -0.405899 4.92296
      vertex -0.505667 -0.135492 4.99143
    endloop
  endfacet
  facet normal -0.0531842 -0.0381135 0.997857
    outer loop
      vertex -0.415324 -0.318689 4.99143
      vertex -1.30397 -0.871286 4.92296
      vertex -1.24419 -0.954704 4.92296
    endloop
  endfacet
  facet normal 0.0105176 -0.32142 0.946878
    outer loop
      vertex 0 -4.64455 4.31104
      vertex 0 -5.636 3.97449
      vertex 0.303768 -4.63461 4.31104
    endloop
  endfacet
  facet normal 0.00846901 -0.258814 0.96589
    outer loop
      vertex 0 -3.63322 4.58203
      vertex 0 -4.64455 4.31104
      vertex 0.303768 -4.63461 4.31104
    endloop
  endfacet
  facet normal -0.0421831 -0.255493 0.96589
    outer loop
      vertex -0.708806 -3.56341 4.58203
      vertex -0.906107 -4.55531 4.31104
      vertex -0.606236 -4.60482 4.31104
    endloop
  endfacet
  facet normal -0.0523874 -0.317299 0.946877
    outer loop
      vertex -0.606236 -4.60482 4.31104
      vertex -0.906107 -4.55531 4.31104
      vertex -0.735645 -5.58778 3.97449
    endloop
  endfacet
  facet normal -0.07303 -0.31319 0.946878
    outer loop
      vertex -1.2021 -4.48629 4.31104
      vertex -1.4587 -5.44396 3.97449
      vertex -0.906107 -4.55531 4.31104
    endloop
  endfacet
  facet normal -0.0588053 -0.252187 0.96589
    outer loop
      vertex -0.708806 -3.56341 4.58203
      vertex -1.2021 -4.48629 4.31104
      vertex -0.906107 -4.55531 4.31104
    endloop
  endfacet
  facet normal -0.187325 -0.261403 0.946878
    outer loop
      vertex -2.82743 -3.68477 4.31104
      vertex -3.43098 -4.47134 3.97449
      vertex -2.58038 -3.86181 4.31104
    endloop
  endfacet
  facet normal -0.150836 -0.210484 0.965891
    outer loop
      vertex -2.01851 -3.02091 4.58203
      vertex -2.82743 -3.68477 4.31104
      vertex -2.58038 -3.86181 4.31104
    endloop
  endfacet
  facet normal -0.136744 -0.219902 0.96589
    outer loop
      vertex -2.01851 -3.02091 4.58203
      vertex -2.32228 -4.0223 4.31104
      vertex -1.81661 -3.14646 4.58203
    endloop
  endfacet
  facet normal -0.122065 -0.228377 0.96589
    outer loop
      vertex -1.81661 -3.14646 4.58203
      vertex -2.32228 -4.0223 4.31104
      vertex -2.05423 -4.16557 4.31104
    endloop
  endfacet
  facet normal -0.311206 -0.223001 0.923808
    outer loop
      vertex -4.68616 -3.13119 3.97449
      vertex -5.23876 -4.01984 3.57382
      vertex -4.47134 -3.43098 3.97449
    endloop
  endfacet
  facet normal -0.248594 -0.204019 0.946878
    outer loop
      vertex -3.49196 -3.06237 4.31104
      vertex -4.47134 -3.43098 3.97449
      vertex -4.23737 -3.71607 3.97449
    endloop
  endfacet
  facet normal 0.0523874 -0.317299 0.946877
    outer loop
      vertex 0.906107 -4.55531 4.31104
      vertex 0.606236 -4.60482 4.31104
      vertex 0.735645 -5.58778 3.97449
    endloop
  endfacet
  facet normal 0.0730287 -0.313191 0.946878
    outer loop
      vertex 1.4587 -5.44396 3.97449
      vertex 0.906107 -4.55531 4.31104
      vertex 1.09953 -5.52771 3.97449
    endloop
  endfacet
  facet normal 0.0106578 -0.0645566 0.997857
    outer loop
      vertex 0.10213 -0.513446 4.99143
      vertex 0.0683308 -0.519026 4.99143
      vertex 0.2047 -1.55486 4.92296
    endloop
  endfacet
  facet normal 0.0189932 -0.0626131 0.997857
    outer loop
      vertex 0.504105 -1.48505 4.92296
      vertex 0.168275 -0.495723 4.99143
      vertex 0.405899 -1.51484 4.92296
    endloop
  endfacet
  facet normal 0.0379114 -0.124979 0.991435
    outer loop
      vertex 0.504105 -1.48505 4.92296
      vertex 0.405899 -1.51484 4.92296
      vertex 0.837776 -2.46801 4.78629
    endloop
  endfacet
  facet normal 0.0148578 -0.0637211 0.997857
    outer loop
      vertex 0.135492 -0.505667 4.99143
      vertex 0.10213 -0.513446 4.99143
      vertex 0.405899 -1.51484 4.92296
    endloop
  endfacet
  facet normal 0.0189924 -0.0626133 0.997857
    outer loop
      vertex 0.168275 -0.495723 4.99143
      vertex 0.135492 -0.505667 4.99143
      vertex 0.405899 -1.51484 4.92296
    endloop
  endfacet
  facet normal 0.0345506 -0.0555647 0.997857
    outer loop
      vertex 0.871286 -1.30397 4.92296
      vertex 0.290844 -0.435278 4.99143
      vertex 0.784137 -1.35816 4.92296
    endloop
  endfacet
  facet normal 0.0381127 -0.0531847 0.997857
    outer loop
      vertex 0.318689 -0.415324 4.99143
      vertex 0.290844 -0.435278 4.99143
      vertex 0.871286 -1.30397 4.92296
    endloop
  endfacet
  facet normal 0.150883 -0.123828 0.980766
    outer loop
      vertex 2.06774 -1.58663 4.78629
      vertex 1.95954 -1.71847 4.78629
      vertex 2.88243 -2.21176 4.58203
    endloop
  endfacet
  facet normal 0.100956 -0.0828537 0.991435
    outer loop
      vertex 2.06774 -1.58663 4.78629
      vertex 1.17909 -1.03403 4.92296
      vertex 1.95954 -1.71847 4.78629
    endloop
  endfacet
  facet normal 0.165754 -0.103075 0.980766
    outer loop
      vertex 2.25715 -1.30316 4.78629
      vertex 2.16708 -1.448 4.78629
      vertex 3.02091 -2.01851 4.58203
    endloop
  endfacet
  facet normal 0.110906 -0.0689682 0.991435
    outer loop
      vertex 2.25715 -1.30316 4.78629
      vertex 1.30397 -0.871286 4.92296
      vertex 2.16708 -1.448 4.78629
    endloop
  endfacet
  facet normal 0.0577042 -0.0308451 0.997857
    outer loop
      vertex 1.40654 -0.693629 4.92296
      vertex 0.453368 -0.261752 4.99143
      vertex 1.35816 -0.784137 4.92296
    endloop
  endfacet
  facet normal 0.172143 -0.0920059 0.980766
    outer loop
      vertex 2.33754 -1.15275 4.78629
      vertex 2.25715 -1.30316 4.78629
      vertex 3.25854 -1.60693 4.58203
    endloop
  endfacet
  facet normal 0.0505798 -0.0415075 0.997857
    outer loop
      vertex 0.415324 -0.318689 4.99143
      vertex 0.393592 -0.345171 4.99143
      vertex 1.24419 -0.954704 4.92296
    endloop
  endfacet
  facet normal 0.0531842 -0.0381135 0.997857
    outer loop
      vertex 1.30397 -0.871286 4.92296
      vertex 0.415324 -0.318689 4.99143
      vertex 1.24419 -0.954704 4.92296
    endloop
  endfacet
  facet normal 0.115179 -0.0615674 0.991435
    outer loop
      vertex 1.40654 -0.693629 4.92296
      vertex 1.35816 -0.784137 4.92296
      vertex 2.25715 -1.30316 4.78629
    endloop
  endfacet
  facet normal 0.115183 -0.0615619 0.991435
    outer loop
      vertex 2.33754 -1.15275 4.78629
      vertex 1.40654 -0.693629 4.92296
      vertex 2.25715 -1.30316 4.78629
    endloop
  endfacet
  facet normal 0.164276 -0.200174 0.96589
    outer loop
      vertex 2.39555 -2.7316 4.58203
      vertex 2.21176 -2.88243 4.58203
      vertex 3.06237 -3.49196 4.31104
    endloop
  endfacet
  facet normal 0.133431 -0.142461 0.980765
    outer loop
      vertex 1.84295 -1.84295 4.78629
      vertex 1.71847 -1.95954 4.78629
      vertex 2.56907 -2.56907 4.58203
    endloop
  endfacet
  facet normal 0.113693 -0.15866 0.980766
    outer loop
      vertex 1.58663 -2.06774 4.78629
      vertex 1.448 -2.16708 4.78629
      vertex 2.01851 -3.02091 4.58203
    endloop
  endfacet
  facet normal 0.0760723 -0.10616 0.991435
    outer loop
      vertex 1.58663 -2.06774 4.78629
      vertex 0.871286 -1.30397 4.92296
      vertex 1.448 -2.16708 4.78629
    endloop
  endfacet
  facet normal 0.204019 -0.248594 0.946878
    outer loop
      vertex 3.71607 -4.23737 3.97449
      vertex 3.06237 -3.49196 4.31104
      vertex 3.43098 -4.47134 3.97449
    endloop
  endfacet
  facet normal 0.219842 -0.234718 0.946878
    outer loop
      vertex 3.98525 -3.98525 3.97449
      vertex 3.06237 -3.49196 4.31104
      vertex 3.71607 -4.23737 3.97449
    endloop
  endfacet
  facet normal 0.103074 -0.165755 0.980765
    outer loop
      vertex 2.01851 -3.02091 4.58203
      vertex 1.30316 -2.25715 4.78629
      vertex 1.81661 -3.14646 4.58203
    endloop
  endfacet
  facet normal 0.136744 -0.219902 0.96589
    outer loop
      vertex 2.01851 -3.02091 4.58203
      vertex 1.81661 -3.14646 4.58203
      vertex 2.32228 -4.0223 4.31104
    endloop
  endfacet
  facet normal 0.106869 -0.235871 0.96589
    outer loop
      vertex 1.60693 -3.25854 4.58203
      vertex 1.39037 -3.35666 4.58203
      vertex 1.77739 -4.29101 4.31104
    endloop
  endfacet
  facet normal 0.122073 -0.228375 0.96589
    outer loop
      vertex 1.81661 -3.14646 4.58203
      vertex 1.60693 -3.25854 4.58203
      vertex 2.05423 -4.16557 4.31104
    endloop
  endfacet
  facet normal 0.0308451 -0.0577042 0.997857
    outer loop
      vertex 0.784137 -1.35816 4.92296
      vertex 0.261752 -0.453368 4.99143
      vertex 0.693629 -1.40654 4.92296
    endloop
  endfacet
  facet normal 0.0230497 -0.0612359 0.997857
    outer loop
      vertex 0.200336 -0.483655 4.99143
      vertex 0.168275 -0.495723 4.99143
      vertex 0.600152 -1.4489 4.92296
    endloop
  endfacet
  facet normal 0.0443248 -0.19009 0.980766
    outer loop
      vertex 0.940346 -3.50942 4.58203
      vertex 0.674566 -2.51752 4.78629
      vertex 0.708806 -3.56341 4.58203
    endloop
  endfacet
  facet normal 0.0687584 -0.182679 0.980765
    outer loop
      vertex 0.997398 -2.40793 4.78629
      vertex 0.837776 -2.46801 4.78629
      vertex 1.16786 -3.4404 4.58203
    endloop
  endfacet
  facet normal 0.0253776 -0.257705 0.96589
    outer loop
      vertex 0.47423 -3.60214 4.58203
      vertex 0.237623 -3.62544 4.58203
      vertex 0.303768 -4.63461 4.31104
    endloop
  endfacet
  facet normal 0.0253813 -0.257705 0.96589
    outer loop
      vertex 0.47423 -3.60214 4.58203
      vertex 0.303768 -4.63461 4.31104
      vertex 0.606236 -4.60482 4.31104
    endloop
  endfacet
  facet normal -0.264136 -0.424775 0.865909
    outer loop
      vertex -4.1903 -6.27123 3.11074
      vertex -4.69406 -7.02516 2.58723
      vertex -4.22454 -7.31712 2.58723
    endloop
  endfacet
  facet normal -0.444457 -0.416289 0.793197
    outer loop
      vertex -7.00688 -6.14487 2.00555
      vertex -7.17734 -7.17734 1.36817
      vertex -6.58998 -6.58998 2.00555
    endloop
  endfacet
  facet normal -0.416289 -0.444457 0.793197
    outer loop
      vertex -6.58998 -6.58998 2.00555
      vertex -7.17734 -7.17734 1.36817
      vertex -6.14487 -7.00688 2.00555
    endloop
  endfacet
  facet normal -0.450857 -0.481381 0.751665
    outer loop
      vertex -7.17734 -7.17734 1.36817
      vertex -7.21158 -8.22323 0.677825
      vertex -6.69255 -7.63139 1.36817
    endloop
  endfacet
  facet normal -0.317328 -0.38666 0.865908
    outer loop
      vertex -4.97301 -5.67064 3.11074
      vertex -5.57087 -6.35236 2.58723
      vertex -4.59149 -5.98375 3.11074
    endloop
  endfacet
  facet normal -0.341932 -0.365083 0.865908
    outer loop
      vertex -4.97301 -5.67064 3.11074
      vertex -5.97441 -5.97441 2.58723
      vertex -5.57087 -6.35236 2.58723
    endloop
  endfacet
  facet normal -0.158012 -0.348726 0.923809
    outer loop
      vertex -2.1568 -5.20699 3.97449
      vertex -2.92057 -5.92233 3.57382
      vertex -2.52698 -6.10067 3.57382
    endloop
  endfacet
  facet normal -0.182621 -0.403037 0.896778
    outer loop
      vertex -2.52698 -6.10067 3.57382
      vertex -2.92057 -5.92233 3.57382
      vertex -2.88633 -6.96822 3.11074
    endloop
  endfacet
  facet normal -0.0814789 -0.493523 0.865908
    outer loop
      vertex -0.984473 -7.47782 3.11074
      vertex -1.64833 -8.28674 2.58723
      vertex -1.10283 -8.3768 2.58723
    endloop
  endfacet
  facet normal -0.0490316 -0.497795 0.865907
    outer loop
      vertex -0.984473 -7.47782 3.11074
      vertex -1.10283 -8.3768 2.58723
      vertex -0.493293 -7.5262 3.11074
    endloop
  endfacet
  facet normal -0.155861 -0.414122 0.896778
    outer loop
      vertex -2.52698 -6.10067 3.57382
      vertex -2.88633 -6.96822 3.11074
      vertex -2.12256 -6.25288 3.57382
    endloop
  endfacet
  facet normal -0.128442 -0.423426 0.896779
    outer loop
      vertex -2.12256 -6.25288 3.57382
      vertex -2.42441 -7.14208 3.11074
      vertex -1.9521 -7.28535 3.11074
    endloop
  endfacet
  facet normal -0.0163752 -0.499939 0.865906
    outer loop
      vertex -0.493293 -7.5262 3.11074
      vertex -0.552596 -8.43099 2.58723
      vertex 0 -8.44909 2.58723
    endloop
  endfacet
  facet normal -0.0181943 -0.555476 0.831333
    outer loop
      vertex 0 -8.44909 2.58723
      vertex -0.552596 -8.43099 2.58723
      vertex 0 -9.31964 2.00555
    endloop
  endfacet
  facet normal 0.126207 -0.541251 0.831336
    outer loop
      vertex 2.4121 -9.00208 2.00555
      vertex 1.64833 -8.28674 2.58723
      vertex 1.81817 -9.14057 2.00555
    endloop
  endfacet
  facet normal 0.113586 -0.487138 0.865907
    outer loop
      vertex 1.9521 -7.28535 3.11074
      vertex 1.64833 -8.28674 2.58723
      vertex 2.18678 -8.16119 2.58723
    endloop
  endfacet
  facet normal 0.0433729 -0.440346 0.89678
    outer loop
      vertex 0.984473 -7.47782 3.11074
      vertex 0.431877 -6.58917 3.57382
      vertex 0.493293 -7.5262 3.11074
    endloop
  endfacet
  facet normal 0.145204 -0.478666 0.865907
    outer loop
      vertex 2.71587 -8.00069 2.58723
      vertex 1.9521 -7.28535 3.11074
      vertex 2.18678 -8.16119 2.58723
    endloop
  endfacet
  facet normal 0.323725 -0.451755 0.831336
    outer loop
      vertex 5.67344 -7.39377 2.00555
      vertex 4.69406 -7.02516 2.58723
      vertex 5.17772 -7.749 2.00555
    endloop
  endfacet
  facet normal 0.354712 -0.494997 0.793195
    outer loop
      vertex 5.67344 -7.39377 2.00555
      vertex 5.17772 -7.749 2.00555
      vertex 5.6392 -8.43966 1.36817
    endloop
  endfacet
  facet normal 0.261986 -0.490147 0.831336
    outer loop
      vertex 4.22454 -7.31712 2.58723
      vertex 3.73693 -7.57775 2.58723
      vertex 4.12197 -8.35853 2.00555
    endloop
  endfacet
  facet normal 0.28706 -0.537064 0.793195
    outer loop
      vertex 4.65982 -8.07105 2.00555
      vertex 4.12197 -8.35853 2.00555
      vertex 5.07515 -8.79041 1.36817
    endloop
  endfacet
  facet normal 0.293483 -0.47196 0.831337
    outer loop
      vertex 5.17772 -7.749 2.00555
      vertex 4.22454 -7.31712 2.58723
      vertex 4.65982 -8.07105 2.00555
    endloop
  endfacet
  facet normal 0.23366 -0.375758 0.896777
    outer loop
      vertex 4.1903 -6.27123 3.11074
      vertex 3.30166 -5.71864 3.57382
      vertex 3.77117 -6.53186 3.11074
    endloop
  endfacet
  facet normal 0.206446 -0.455612 0.865909
    outer loop
      vertex 3.73693 -7.57775 2.58723
      vertex 2.88633 -6.96822 3.11074
      vertex 3.23333 -7.80594 2.58723
    endloop
  endfacet
  facet normal 0.208588 -0.390228 0.896779
    outer loop
      vertex 3.77117 -6.53186 3.11074
      vertex 2.92057 -5.92233 3.57382
      vertex 3.33589 -6.76453 3.11074
    endloop
  endfacet
  facet normal 0.0490259 -0.497798 0.865906
    outer loop
      vertex 1.10283 -8.3768 2.58723
      vertex 0.493293 -7.5262 3.11074
      vertex 0.552596 -8.43099 2.58723
    endloop
  endfacet
  facet normal 0.0125283 -0.382651 0.923808
    outer loop
      vertex 0 -5.636 3.97449
      vertex 0 -6.60331 3.57382
      vertex 0.431877 -6.58917 3.57382
    endloop
  endfacet
  facet normal 0.0144793 -0.44224 0.89678
    outer loop
      vertex 0 -6.60331 3.57382
      vertex 0 -7.54235 3.11074
      vertex 0.431877 -6.58917 3.57382
    endloop
  endfacet
  facet normal 0.0163675 -0.499935 0.865908
    outer loop
      vertex 0 -7.54235 3.11074
      vertex 0 -8.44909 2.58723
      vertex 0.493293 -7.5262 3.11074
    endloop
  endfacet
  facet normal 0.248595 -0.204017 0.946878
    outer loop
      vertex 3.68477 -2.82743 4.31104
      vertex 3.49196 -3.06237 4.31104
      vertex 4.47134 -3.43098 3.97449
    endloop
  endfacet
  facet normal 0.200172 -0.164277 0.96589
    outer loop
      vertex 3.68477 -2.82743 4.31104
      vertex 2.88243 -2.21176 4.58203
      vertex 3.49196 -3.06237 4.31104
    endloop
  endfacet
  facet normal 0.317328 -0.38666 0.865908
    outer loop
      vertex 4.97301 -5.67064 3.11074
      vertex 4.59149 -5.98375 3.11074
      vertex 5.57087 -6.35236 2.58723
    endloop
  endfacet
  facet normal 0.280707 -0.342038 0.89678
    outer loop
      vertex 4.97301 -5.67064 3.11074
      vertex 4.01984 -5.23876 3.57382
      vertex 4.59149 -5.98375 3.11074
    endloop
  endfacet
  facet normal 0.341936 -0.365073 0.865911
    outer loop
      vertex 5.33324 -5.33324 3.11074
      vertex 4.97301 -5.67064 3.11074
      vertex 5.97441 -5.97441 2.58723
    endloop
  endfacet
  facet normal 0.365073 -0.341936 0.865911
    outer loop
      vertex 5.67064 -4.97301 3.11074
      vertex 5.33324 -5.33324 3.11074
      vertex 5.97441 -5.97441 2.58723
    endloop
  endfacet
  facet normal -0.0234038 0.706926 0.7069
    outer loop
      vertex -0.0604113 11.6133 0
      vertex 0 10.9375 0.677825
      vertex 0 11.6153 0
    endloop
  endfacet
  facet normal -0.0231252 0.706943 0.706892
    outer loop
      vertex 0 10.9375 0.677825
      vertex -0.0604113 11.6133 0
      vertex -0.715344 10.9141 0.677825
    endloop
  endfacet
  facet normal -0.0596827 0.606014 0.793212
    outer loop
      vertex -0.66386 10.1286 1.36817
      vertex -1.32488 10.0635 1.36817
      vertex -1.21646 9.23991 2.00555
    endloop
  endfacet
  facet normal -0.0992329 0.600807 0.793211
    outer loop
      vertex -1.32488 10.0635 1.36817
      vertex -1.98022 9.95526 1.36817
      vertex -1.21646 9.23991 2.00555
    endloop
  endfacet
  facet normal -0.107483 0.650754 0.751642
    outer loop
      vertex -1.42763 10.8439 0.677825
      vertex -1.98022 9.95526 1.36817
      vertex -1.32488 10.0635 1.36817
    endloop
  endfacet
  facet normal 0.0199206 0.608636 0.7932
    outer loop
      vertex 0 10.1503 1.36817
      vertex 0 9.31964 2.00555
      vertex 0.609533 9.29969 2.00555
    endloop
  endfacet
  facet normal 0.0198945 0.608624 0.793209
    outer loop
      vertex 0.66386 10.1286 1.36817
      vertex 0 10.1503 1.36817
      vertex 0.609533 9.29969 2.00555
    endloop
  endfacet
  facet normal 0.600652 -0.373479 0.706917
    outer loop
      vertex 10.0272 -5.85898 0
      vertex 9.09418 -6.07654 0.677825
      vertex 9.65777 -6.45312 0
    endloop
  endfacet
  facet normal 0.53184 0.161334 0.831335
    outer loop
      vertex 9.00208 2.4121 2.00555
      vertex 8.00069 2.71587 2.58723
      vertex 8.16119 2.18678 2.58723
    endloop
  endfacet
  facet normal 0.478666 0.145204 0.865907
    outer loop
      vertex 8.00069 2.71587 2.58723
      vertex 7.28535 1.9521 3.11074
      vertex 8.16119 2.18678 2.58723
    endloop
  endfacet
  facet normal -0.00426329 0.130533 0.991435
    outer loop
      vertex 0 1.56827 4.92296
      vertex -0.170462 2.60075 4.78629
      vertex -0.10257 1.56492 4.92296
    endloop
  endfacet
  facet normal -0.00213587 0.0653958 0.997857
    outer loop
      vertex 0 1.56827 4.92296
      vertex -0.10257 1.56492 4.92296
      vertex 0 0.523505 4.99143
    endloop
  endfacet
  facet normal -0.0317928 0.192582 0.980766
    outer loop
      vertex -0.47423 3.60214 4.58203
      vertex -0.508469 2.55625 4.78629
      vertex -0.340194 2.58403 4.78629
    endloop
  endfacet
  facet normal -0.0128034 0.129973 0.991435
    outer loop
      vertex -0.170462 2.60075 4.78629
      vertex -0.340194 2.58403 4.78629
      vertex -0.2047 1.55486 4.92296
    endloop
  endfacet
  facet normal 0.0421836 0.255493 0.96589
    outer loop
      vertex 0.606236 4.60482 4.31104
      vertex 0.47423 3.60214 4.58203
      vertex 0.708806 3.56341 4.58203
    endloop
  endfacet
  facet normal 0.0523794 0.317298 0.946878
    outer loop
      vertex 1.09953 5.52771 3.97449
      vertex 0.735645 5.58778 3.97449
      vertex 0.906107 4.55531 4.31104
    endloop
  endfacet
  facet normal 0.0105176 0.32142 0.946878
    outer loop
      vertex 0 5.636 3.97449
      vertex 0 4.64455 4.31104
      vertex 0.303768 4.63461 4.31104
    endloop
  endfacet
  facet normal 0.0105248 0.321422 0.946878
    outer loop
      vertex 0.368611 5.62393 3.97449
      vertex 0 5.636 3.97449
      vertex 0.303768 4.63461 4.31104
    endloop
  endfacet
  facet normal -0.0421831 0.255493 0.96589
    outer loop
      vertex -0.606236 4.60482 4.31104
      vertex -0.906107 4.55531 4.31104
      vertex -0.708806 3.56341 4.58203
    endloop
  endfacet
  facet normal -0.0253776 0.257705 0.96589
    outer loop
      vertex -0.303768 4.63461 4.31104
      vertex -0.47423 3.60214 4.58203
      vertex -0.237623 3.62544 4.58203
    endloop
  endfacet
  facet normal -0.0912094 0.242357 0.96589
    outer loop
      vertex -1.16786 3.4404 4.58203
      vertex -1.77739 4.29101 4.31104
      vertex -1.39037 3.35666 4.58203
    endloop
  endfacet
  facet normal -0.106869 0.235871 0.96589
    outer loop
      vertex -1.39037 3.35666 4.58203
      vertex -1.77739 4.29101 4.31104
      vertex -1.60693 3.25854 4.58203
    endloop
  endfacet
  facet normal -0.0381127 0.0531847 0.997857
    outer loop
      vertex -0.290844 0.435278 4.99143
      vertex -0.871286 1.30397 4.92296
      vertex -0.318689 0.415324 4.99143
    endloop
  endfacet
  facet normal -0.0689638 0.110908 0.991435
    outer loop
      vertex -0.784137 1.35816 4.92296
      vertex -1.30316 2.25715 4.78629
      vertex -0.871286 1.30397 4.92296
    endloop
  endfacet
  facet normal -0.0920059 0.172143 0.980766
    outer loop
      vertex -1.15275 2.33754 4.78629
      vertex -1.60693 3.25854 4.58203
      vertex -1.30316 2.25715 4.78629
    endloop
  endfacet
  facet normal -0.0615619 0.115183 0.991435
    outer loop
      vertex -1.15275 2.33754 4.78629
      vertex -1.30316 2.25715 4.78629
      vertex -0.693629 1.40654 4.92296
    endloop
  endfacet
  facet normal -0.103074 0.165755 0.980765
    outer loop
      vertex -1.81661 3.14646 4.58203
      vertex -2.01851 3.02091 4.58203
      vertex -1.30316 2.25715 4.78629
    endloop
  endfacet
  facet normal -0.0920142 0.172141 0.980765
    outer loop
      vertex -1.60693 3.25854 4.58203
      vertex -1.81661 3.14646 4.58203
      vertex -1.30316 2.25715 4.78629
    endloop
  endfacet
  facet normal -0.164276 0.200174 0.96589
    outer loop
      vertex -2.21176 2.88243 4.58203
      vertex -3.06237 3.49196 4.31104
      vertex -2.39555 2.7316 4.58203
    endloop
  endfacet
  facet normal -0.177024 0.188994 0.96589
    outer loop
      vertex -2.39555 2.7316 4.58203
      vertex -3.06237 3.49196 4.31104
      vertex -2.56907 2.56907 4.58203
    endloop
  endfacet
  facet normal -0.113693 0.15866 0.980766
    outer loop
      vertex -1.448 2.16708 4.78629
      vertex -2.01851 3.02091 4.58203
      vertex -1.58663 2.06774 4.78629
    endloop
  endfacet
  facet normal -0.123828 0.150883 0.980766
    outer loop
      vertex -1.58663 2.06774 4.78629
      vertex -2.21176 2.88243 4.58203
      vertex -1.71847 1.95954 4.78629
    endloop
  endfacet
  facet normal -0.283616 0.1516 0.946879
    outer loop
      vertex -4.88092 2.818 3.97449
      vertex -5.05478 2.49274 3.97449
      vertex -4.16557 2.05423 4.31104
    endloop
  endfacet
  facet normal -0.23587 0.106876 0.96589
    outer loop
      vertex -4.16557 2.05423 4.31104
      vertex -4.29101 1.77739 4.31104
      vertex -3.25854 1.60693 4.58203
    endloop
  endfacet
  facet normal -0.210484 0.150836 0.965891
    outer loop
      vertex -3.68477 2.82743 4.31104
      vertex -3.86181 2.58038 4.31104
      vertex -3.02091 2.01851 4.58203
    endloop
  endfacet
  facet normal -0.210489 0.150833 0.96589
    outer loop
      vertex -2.88243 2.21176 4.58203
      vertex -3.68477 2.82743 4.31104
      vertex -3.02091 2.01851 4.58203
    endloop
  endfacet
  facet normal -0.337648 0.180482 0.923807
    outer loop
      vertex -4.88092 2.818 3.97449
      vertex -5.92233 2.92057 3.57382
      vertex -5.05478 2.49274 3.97449
    endloop
  endfacet
  facet normal -0.292923 0.132727 0.946879
    outer loop
      vertex -4.16557 2.05423 4.31104
      vertex -5.05478 2.49274 3.97449
      vertex -4.29101 1.77739 4.31104
    endloop
  endfacet
  facet normal -0.261411 0.187319 0.946877
    outer loop
      vertex -4.47134 3.43098 3.97449
      vertex -4.68616 3.13119 3.97449
      vertex -3.86181 2.58038 4.31104
    endloop
  endfacet
  facet normal -0.261403 0.187325 0.946878
    outer loop
      vertex -3.68477 2.82743 4.31104
      vertex -4.47134 3.43098 3.97449
      vertex -3.86181 2.58038 4.31104
    endloop
  endfacet
  facet normal -0.373349 0.600752 0.7069
    outer loop
      vertex -5.85898 10.0272 0
      vertex -5.46874 9.47213 0.677825
      vertex -5.80765 10.0591 0
    endloop
  endfacet
  facet normal -0.373503 0.600649 0.706906
    outer loop
      vertex -5.46874 9.47213 0.677825
      vertex -5.85898 10.0272 0
      vertex -6.07654 9.09418 0.677825
    endloop
  endfacet
  facet normal -0.448703 0.546743 0.706922
    outer loop
      vertex -7.07095 9.21504 0
      vertex -7.61178 8.77119 0
      vertex -6.65831 8.67728 0.677825
    endloop
  endfacet
  facet normal -0.384177 0.536106 0.751664
    outer loop
      vertex -6.07654 9.09418 0.677825
      vertex -6.65831 8.67728 0.677825
      vertex -5.6392 8.43966 1.36817
    endloop
  endfacet
  facet normal -0.291899 0.644247 0.706923
    outer loop
      vertex -5.08226 10.4424 0
      vertex -4.83752 9.80952 0.677825
      vertex -4.18559 10.1049 0.677825
    endloop
  endfacet
  facet normal -0.292421 0.644028 0.706907
    outer loop
      vertex -4.83752 9.80952 0.677825
      vertex -5.08226 10.4424 0
      vertex -5.13732 10.4174 0
    endloop
  endfacet
  facet normal 0.0215475 -0.659195 0.751663
    outer loop
      vertex 0.66386 -10.1286 1.36817
      vertex 0 -10.1503 1.36817
      vertex 0.715344 -10.9141 0.677825
    endloop
  endfacet
  facet normal 0.0231252 -0.706943 0.706892
    outer loop
      vertex 0 -10.9375 0.677825
      vertex 0.0604113 -11.6133 0
      vertex 0.715344 -10.9141 0.677825
    endloop
  endfacet
  facet normal 0.0234038 -0.706926 0.7069
    outer loop
      vertex 0.0604113 -11.6133 0
      vertex 0 -10.9375 0.677825
      vertex 0 -11.6153 0
    endloop
  endfacet
  facet normal -0.0692538 -0.703935 0.70688
    outer loop
      vertex -0.715344 -10.9141 0.677825
      vertex -1.45595 -11.5219 0
      vertex -0.759677 -11.5904 0
    endloop
  endfacet
  facet normal -0.0198945 -0.608624 0.793209
    outer loop
      vertex -0.609533 -9.29969 2.00555
      vertex -0.66386 -10.1286 1.36817
      vertex 0 -10.1503 1.36817
    endloop
  endfacet
  facet normal -0.191485 -0.631135 0.751666
    outer loop
      vertex -2.62709 -9.80443 1.36817
      vertex -3.51574 -10.357 0.677825
      vertex -2.83083 -10.5648 0.677825
    endloop
  endfacet
  facet normal -0.138282 -0.593056 0.793197
    outer loop
      vertex -2.4121 -9.00208 2.00555
      vertex -2.62709 -9.80443 1.36817
      vertex -1.98022 -9.95526 1.36817
    endloop
  endfacet
  facet normal -0.0231518 -0.706955 0.706879
    outer loop
      vertex -0.715344 -10.9141 0.677825
      vertex -0.759677 -11.5904 0
      vertex -0.0604113 -11.6133 0
    endloop
  endfacet
  facet normal -0.107483 -0.650754 0.751642
    outer loop
      vertex -1.32488 -10.0635 1.36817
      vertex -1.98022 -9.95526 1.36817
      vertex -1.42763 -10.8439 0.677825
    endloop
  endfacet
  facet normal -0.2358 -0.441136 0.865908
    outer loop
      vertex -3.77117 -6.53186 3.11074
      vertex -4.22454 -7.31712 2.58723
      vertex -3.33589 -6.76453 3.11074
    endloop
  endfacet
  facet normal -0.145199 -0.47867 0.865906
    outer loop
      vertex -2.42441 -7.14208 3.11074
      vertex -2.71587 -8.00069 2.58723
      vertex -1.9521 -7.28535 3.11074
    endloop
  endfacet
  facet normal 0.191485 -0.631135 0.751666
    outer loop
      vertex 3.51574 -10.357 0.677825
      vertex 2.62709 -9.80443 1.36817
      vertex 2.83083 -10.5648 0.677825
    endloop
  endfacet
  facet normal 0.149768 -0.642313 0.751667
    outer loop
      vertex 2.62709 -9.80443 1.36817
      vertex 1.98022 -9.95526 1.36817
      vertex 2.83083 -10.5648 0.677825
    endloop
  endfacet
  facet normal -0.333422 -0.623797 0.706899
    outer loop
      vertex -4.83752 -9.80952 0.677825
      vertex -5.75434 -10.0876 0
      vertex -5.13732 -10.4174 0
    endloop
  endfacet
  facet normal -0.291899 -0.644247 0.706923
    outer loop
      vertex -4.83752 -9.80952 0.677825
      vertex -5.08226 -10.4424 0
      vertex -4.18559 -10.1049 0.677825
    endloop
  endfacet
  facet normal -0.292421 -0.644028 0.706907
    outer loop
      vertex -5.08226 -10.4424 0
      vertex -4.83752 -9.80952 0.677825
      vertex -5.13732 -10.4174 0
    endloop
  endfacet
  facet normal 0.205325 -0.676854 0.706902
    outer loop
      vertex 3.67578 -11.0164 0
      vertex 2.83083 -10.5648 0.677825
      vertex 3.00626 -11.2195 0
    endloop
  endfacet
  facet normal -0.0381127 -0.0531847 0.997857
    outer loop
      vertex -0.318689 -0.415324 4.99143
      vertex -0.871286 -1.30397 4.92296
      vertex -0.290844 -0.435278 4.99143
    endloop
  endfacet
  facet normal -0.00641398 -0.0651153 0.997857
    outer loop
      vertex -0.0342388 -0.522384 4.99143
      vertex -0.2047 -1.55486 4.92296
      vertex -0.10257 -1.56492 4.92296
    endloop
  endfacet
  facet normal -0.0128026 -0.129973 0.991435
    outer loop
      vertex -0.10257 -1.56492 4.92296
      vertex -0.2047 -1.55486 4.92296
      vertex -0.170462 -2.60075 4.78629
    endloop
  endfacet
  facet normal -0.0296579 -0.12719 0.991435
    outer loop
      vertex -0.405899 -1.51484 4.92296
      vertex -0.674566 -2.51752 4.78629
      vertex -0.508469 -2.55625 4.78629
    endloop
  endfacet
  facet normal -0.0379125 -0.124979 0.991435
    outer loop
      vertex -0.405899 -1.51484 4.92296
      vertex -0.837776 -2.46801 4.78629
      vertex -0.674566 -2.51752 4.78629
    endloop
  endfacet
  facet normal -0.0189932 -0.0626131 0.997857
    outer loop
      vertex -0.168275 -0.495723 4.99143
      vertex -0.504105 -1.48505 4.92296
      vertex -0.405899 -1.51484 4.92296
    endloop
  endfacet
  facet normal -0.0230481 -0.0612366 0.997857
    outer loop
      vertex -0.168275 -0.495723 4.99143
      vertex -0.600152 -1.4489 4.92296
      vertex -0.504105 -1.48505 4.92296
    endloop
  endfacet
  facet normal -0.0912094 -0.242357 0.96589
    outer loop
      vertex -1.39037 -3.35666 4.58203
      vertex -1.77739 -4.29101 4.31104
      vertex -1.16786 -3.4404 4.58203
    endloop
  endfacet
  facet normal -0.0460065 -0.122231 0.991435
    outer loop
      vertex -0.600152 -1.4489 4.92296
      vertex -0.997398 -2.40793 4.78629
      vertex -0.837776 -2.46801 4.78629
    endloop
  endfacet
  facet normal -0.0566616 -0.186785 0.980765
    outer loop
      vertex -0.837776 -2.46801 4.78629
      vertex -1.16786 -3.4404 4.58203
      vertex -0.674566 -2.51752 4.78629
    endloop
  endfacet
  facet normal -0.0687584 -0.182679 0.980765
    outer loop
      vertex -0.997398 -2.40793 4.78629
      vertex -1.16786 -3.4404 4.58203
      vertex -0.837776 -2.46801 4.78629
    endloop
  endfacet
  facet normal -0.00426329 -0.130533 0.991435
    outer loop
      vertex -0.10257 -1.56492 4.92296
      vertex -0.170462 -2.60075 4.78629
      vertex 0 -1.56827 4.92296
    endloop
  endfacet
  facet normal -0.00213587 -0.0653958 0.997857
    outer loop
      vertex 0 -0.523505 4.99143
      vertex -0.10257 -1.56492 4.92296
      vertex 0 -1.56827 4.92296
    endloop
  endfacet
  facet normal 0.00847377 -0.258813 0.96589
    outer loop
      vertex 0.237623 -3.62544 4.58203
      vertex 0 -3.63322 4.58203
      vertex 0.303768 -4.63461 4.31104
    endloop
  endfacet
  facet normal 0.00638728 -0.195086 0.980765
    outer loop
      vertex 0.170462 -2.60075 4.78629
      vertex 0 -3.63322 4.58203
      vertex 0.237623 -3.62544 4.58203
    endloop
  endfacet
  facet normal -0.0345511 -0.0555645 0.997857
    outer loop
      vertex -0.290844 -0.435278 4.99143
      vertex -0.784137 -1.35816 4.92296
      vertex -0.261752 -0.453368 4.99143
    endloop
  endfacet
  facet normal -0.0645566 -0.0106578 0.997857
    outer loop
      vertex -0.519026 -0.0683308 4.99143
      vertex -1.55486 -0.2047 4.92296
      vertex -0.513446 -0.10213 4.99143
    endloop
  endfacet
  facet normal -0.0555647 -0.0345506 0.997857
    outer loop
      vertex -0.435278 -0.290844 4.99143
      vertex -1.35816 -0.784137 4.92296
      vertex -1.30397 -0.871286 4.92296
    endloop
  endfacet
  facet normal -0.0626133 -0.0189924 0.997857
    outer loop
      vertex -0.505667 -0.135492 4.99143
      vertex -1.51484 -0.405899 4.92296
      vertex -0.495723 -0.168275 4.99143
    endloop
  endfacet
  facet normal -0.0626131 -0.0189932 0.997857
    outer loop
      vertex -0.495723 -0.168275 4.99143
      vertex -1.51484 -0.405899 4.92296
      vertex -1.48505 -0.504105 4.92296
    endloop
  endfacet
  facet normal -0.0595968 -0.0270069 0.997857
    outer loop
      vertex -0.483655 -0.200336 4.99143
      vertex -1.4489 -0.600152 4.92296
      vertex -1.40654 -0.693629 4.92296
    endloop
  endfacet
  facet normal -0.0612359 -0.0230497 0.997857
    outer loop
      vertex -0.495723 -0.168275 4.99143
      vertex -1.4489 -0.600152 4.92296
      vertex -0.483655 -0.200336 4.99143
    endloop
  endfacet
  facet normal -0.164277 -0.200172 0.96589
    outer loop
      vertex -2.21176 -2.88243 4.58203
      vertex -3.06237 -3.49196 4.31104
      vertex -2.82743 -3.68477 4.31104
    endloop
  endfacet
  facet normal -0.150833 -0.210489 0.96589
    outer loop
      vertex -2.21176 -2.88243 4.58203
      vertex -2.82743 -3.68477 4.31104
      vertex -2.01851 -3.02091 4.58203
    endloop
  endfacet
  facet normal -0.0920142 -0.172141 0.980765
    outer loop
      vertex -1.30316 -2.25715 4.78629
      vertex -1.81661 -3.14646 4.58203
      vertex -1.60693 -3.25854 4.58203
    endloop
  endfacet
  facet normal -0.103074 -0.165755 0.980765
    outer loop
      vertex -1.30316 -2.25715 4.78629
      vertex -2.01851 -3.02091 4.58203
      vertex -1.81661 -3.14646 4.58203
    endloop
  endfacet
  facet normal -0.29595 -0.242883 0.923808
    outer loop
      vertex -4.47134 -3.43098 3.97449
      vertex -5.23876 -4.01984 3.57382
      vertex -4.23737 -3.71607 3.97449
    endloop
  endfacet
  facet normal -0.295951 -0.24288 0.923809
    outer loop
      vertex -4.23737 -3.71607 3.97449
      vertex -5.23876 -4.01984 3.57382
      vertex -4.96463 -4.35387 3.57382
    endloop
  endfacet
  facet normal 0.0814789 -0.493523 0.865908
    outer loop
      vertex 1.64833 -8.28674 2.58723
      vertex 0.984473 -7.47782 3.11074
      vertex 1.10283 -8.3768 2.58723
    endloop
  endfacet
  facet normal 0.0623668 -0.37774 0.923809
    outer loop
      vertex 1.28824 -6.47643 3.57382
      vertex 0.735645 -5.58778 3.97449
      vertex 0.861905 -6.54682 3.57382
    endloop
  endfacet
  facet normal 0.00641374 -0.0651153 0.997857
    outer loop
      vertex 0.0683308 -0.519026 4.99143
      vertex 0.0342388 -0.522384 4.99143
      vertex 0.2047 -1.55486 4.92296
    endloop
  endfacet
  facet normal 0.188994 -0.177024 0.96589
    outer loop
      vertex 2.7316 -2.39555 4.58203
      vertex 2.56907 -2.56907 4.58203
      vertex 3.49196 -3.06237 4.31104
    endloop
  endfacet
  facet normal 0.200174 -0.164276 0.96589
    outer loop
      vertex 2.88243 -2.21176 4.58203
      vertex 2.7316 -2.39555 4.58203
      vertex 3.49196 -3.06237 4.31104
    endloop
  endfacet
  facet normal 0.0612366 -0.0230481 0.997857
    outer loop
      vertex 1.48505 -0.504105 4.92296
      vertex 0.495723 -0.168275 4.99143
      vertex 1.4489 -0.600152 4.92296
    endloop
  endfacet
  facet normal 0.122232 -0.0460053 0.991435
    outer loop
      vertex 1.48505 -0.504105 4.92296
      vertex 1.4489 -0.600152 4.92296
      vertex 2.46801 -0.837776 4.78629
    endloop
  endfacet
  facet normal 0.0626133 -0.0189924 0.997857
    outer loop
      vertex 0.505667 -0.135492 4.99143
      vertex 0.495723 -0.168275 4.99143
      vertex 1.51484 -0.405899 4.92296
    endloop
  endfacet
  facet normal 0.0637211 -0.0148578 0.997857
    outer loop
      vertex 0.513446 -0.10213 4.99143
      vertex 0.505667 -0.135492 4.99143
      vertex 1.51484 -0.405899 4.92296
    endloop
  endfacet
  facet normal 0.118958 -0.0539068 0.991435
    outer loop
      vertex 1.4489 -0.600152 4.92296
      vertex 1.40654 -0.693629 4.92296
      vertex 2.33754 -1.15275 4.78629
    endloop
  endfacet
  facet normal 0.0595968 -0.0270069 0.997857
    outer loop
      vertex 1.4489 -0.600152 4.92296
      vertex 0.483655 -0.200336 4.99143
      vertex 1.40654 -0.693629 4.92296
    endloop
  endfacet
  facet normal 0.0892708 -0.0953282 0.991435
    outer loop
      vertex 1.10894 -1.10894 4.92296
      vertex 1.03403 -1.17909 4.92296
      vertex 1.71847 -1.95954 4.78629
    endloop
  endfacet
  facet normal 0.0447242 -0.047759 0.997857
    outer loop
      vertex 1.10894 -1.10894 4.92296
      vertex 0.345171 -0.393592 4.99143
      vertex 1.03403 -1.17909 4.92296
    endloop
  endfacet
  facet normal 0.133434 -0.142457 0.980766
    outer loop
      vertex 2.56907 -2.56907 4.58203
      vertex 1.71847 -1.95954 4.78629
      vertex 2.39555 -2.7316 4.58203
    endloop
  endfacet
  facet normal 0.123825 -0.150884 0.980766
    outer loop
      vertex 2.39555 -2.7316 4.58203
      vertex 1.71847 -1.95954 4.78629
      vertex 2.21176 -2.88243 4.58203
    endloop
  endfacet
  facet normal 0.1516 -0.283616 0.946879
    outer loop
      vertex 2.818 -4.88092 3.97449
      vertex 2.05423 -4.16557 4.31104
      vertex 2.49274 -5.05478 3.97449
    endloop
  endfacet
  facet normal 0.151593 -0.283622 0.946878
    outer loop
      vertex 2.32228 -4.0223 4.31104
      vertex 2.05423 -4.16557 4.31104
      vertex 2.818 -4.88092 3.97449
    endloop
  endfacet
  facet normal 0.0345511 -0.0555645 0.997857
    outer loop
      vertex 0.290844 -0.435278 4.99143
      vertex 0.261752 -0.453368 4.99143
      vertex 0.784137 -1.35816 4.92296
    endloop
  endfacet
  facet normal 0.0379125 -0.124979 0.991435
    outer loop
      vertex 0.837776 -2.46801 4.78629
      vertex 0.405899 -1.51484 4.92296
      vertex 0.674566 -2.51752 4.78629
    endloop
  endfacet
  facet normal 0.0296579 -0.12719 0.991435
    outer loop
      vertex 0.674566 -2.51752 4.78629
      vertex 0.405899 -1.51484 4.92296
      vertex 0.508469 -2.55625 4.78629
    endloop
  endfacet
  facet normal 0.0751744 -0.247801 0.96589
    outer loop
      vertex 1.16786 -3.4404 4.58203
      vertex 0.940346 -3.50942 4.58203
      vertex 1.2021 -4.48629 4.31104
    endloop
  endfacet
  facet normal 0.0566639 -0.186784 0.980765
    outer loop
      vertex 1.16786 -3.4404 4.58203
      vertex 0.674566 -2.51752 4.78629
      vertex 0.940346 -3.50942 4.58203
    endloop
  endfacet
  facet normal 0.0317928 -0.192582 0.980766
    outer loop
      vertex 0.508469 -2.55625 4.78629
      vertex 0.340194 -2.58403 4.78629
      vertex 0.47423 -3.60214 4.58203
    endloop
  endfacet
  facet normal 0.0191351 -0.194249 0.980766
    outer loop
      vertex 0.340194 -2.58403 4.78629
      vertex 0.170462 -2.60075 4.78629
      vertex 0.47423 -3.60214 4.58203
    endloop
  endfacet
  facet normal -0.352575 -0.429617 0.831336
    outer loop
      vertex -5.57087 -6.35236 2.58723
      vertex -6.14487 -7.00688 2.00555
      vertex -5.67344 -7.39377 2.00555
    endloop
  endfacet
  facet normal -0.405636 -0.379928 0.831333
    outer loop
      vertex -5.97441 -5.97441 2.58723
      vertex -7.00688 -6.14487 2.00555
      vertex -6.58998 -6.58998 2.00555
    endloop
  endfacet
  facet normal -0.384171 -0.536116 0.75166
    outer loop
      vertex -6.17911 -8.05277 1.36817
      vertex -6.65831 -8.67728 0.677825
      vertex -5.6392 -8.43966 1.36817
    endloop
  endfacet
  facet normal -0.448699 -0.54675 0.706918
    outer loop
      vertex -7.21158 -8.22323 0.677825
      vertex -7.61178 -8.77119 0
      vertex -6.65831 -8.67728 0.677825
    endloop
  endfacet
  facet normal -0.448688 -0.546759 0.706918
    outer loop
      vertex -7.61178 -8.77119 0
      vertex -7.21158 -8.22323 0.677825
      vertex -7.6585 -8.73285 0
    endloop
  endfacet
  facet normal -0.272205 -0.600762 0.751658
    outer loop
      vertex -3.88435 -9.37765 1.36817
      vertex -4.48936 -9.10352 1.36817
      vertex -4.18559 -10.1049 0.677825
    endloop
  endfacet
  facet normal -0.235794 -0.441144 0.865906
    outer loop
      vertex -3.33589 -6.76453 3.11074
      vertex -4.22454 -7.31712 2.58723
      vertex -3.73693 -7.57775 2.58723
    endloop
  endfacet
  facet normal -0.354706 -0.494997 0.793197
    outer loop
      vertex -5.67344 -7.39377 2.00555
      vertex -6.17911 -8.05277 1.36817
      vertex -5.6392 -8.43966 1.36817
    endloop
  endfacet
  facet normal -0.416285 -0.444468 0.793193
    outer loop
      vertex -6.14487 -7.00688 2.00555
      vertex -7.17734 -7.17734 1.36817
      vertex -6.69255 -7.63139 1.36817
    endloop
  endfacet
  facet normal -0.323724 -0.451757 0.831335
    outer loop
      vertex -5.14348 -6.70311 2.58723
      vertex -5.67344 -7.39377 2.00555
      vertex -4.69406 -7.02516 2.58723
    endloop
  endfacet
  facet normal -0.291358 -0.40659 0.865907
    outer loop
      vertex -4.59149 -5.98375 3.11074
      vertex -5.14348 -6.70311 2.58723
      vertex -4.69406 -7.02516 2.58723
    endloop
  endfacet
  facet normal -0.100475 -0.430919 0.896779
    outer loop
      vertex -1.70906 -6.37831 3.57382
      vertex -1.9521 -7.28535 3.11074
      vertex -1.28824 -6.47643 3.57382
    endloop
  endfacet
  facet normal -0.0869362 -0.372855 0.923808
    outer loop
      vertex -1.4587 -5.44396 3.97449
      vertex -1.70906 -6.37831 3.57382
      vertex -1.28824 -6.47643 3.57382
    endloop
  endfacet
  facet normal 0.0905301 -0.548348 0.831336
    outer loop
      vertex 1.81817 -9.14057 2.00555
      vertex 1.10283 -8.3768 2.58723
      vertex 1.21646 -9.23991 2.00555
    endloop
  endfacet
  facet normal 0.0991952 -0.600833 0.793196
    outer loop
      vertex 1.81817 -9.14057 2.00555
      vertex 1.21646 -9.23991 2.00555
      vertex 1.98022 -9.95526 1.36817
    endloop
  endfacet
  facet normal 0.0869362 -0.372855 0.923808
    outer loop
      vertex 1.4587 -5.44396 3.97449
      vertex 1.28824 -6.47643 3.57382
      vertex 1.70906 -6.37831 3.57382
    endloop
  endfacet
  facet normal 0.100475 -0.430919 0.896779
    outer loop
      vertex 1.70906 -6.37831 3.57382
      vertex 1.28824 -6.47643 3.57382
      vertex 1.9521 -7.28535 3.11074
    endloop
  endfacet
  facet normal 0.126204 -0.541253 0.831335
    outer loop
      vertex 2.18678 -8.16119 2.58723
      vertex 1.64833 -8.28674 2.58723
      vertex 2.4121 -9.00208 2.00555
    endloop
  endfacet
  facet normal 0.161334 -0.53184 0.831335
    outer loop
      vertex 2.71587 -8.00069 2.58723
      vertex 2.18678 -8.16119 2.58723
      vertex 2.4121 -9.00208 2.00555
    endloop
  endfacet
  facet normal 0.352575 -0.429617 0.831336
    outer loop
      vertex 6.14487 -7.00688 2.00555
      vertex 5.57087 -6.35236 2.58723
      vertex 5.67344 -7.39377 2.00555
    endloop
  endfacet
  facet normal 0.386325 -0.470742 0.793193
    outer loop
      vertex 6.14487 -7.00688 2.00555
      vertex 5.67344 -7.39377 2.00555
      vertex 6.69255 -7.63139 1.36817
    endloop
  endfacet
  facet normal 0.29348 -0.471964 0.831336
    outer loop
      vertex 4.69406 -7.02516 2.58723
      vertex 4.22454 -7.31712 2.58723
      vertex 5.17772 -7.749 2.00555
    endloop
  endfacet
  facet normal 0.264136 -0.424775 0.865909
    outer loop
      vertex 4.69406 -7.02516 2.58723
      vertex 4.1903 -6.27123 3.11074
      vertex 4.22454 -7.31712 2.58723
    endloop
  endfacet
  facet normal 0.155867 -0.414116 0.896779
    outer loop
      vertex 2.88633 -6.96822 3.11074
      vertex 2.12256 -6.25288 3.57382
      vertex 2.42441 -7.14208 3.11074
    endloop
  endfacet
  facet normal 0.176203 -0.468145 0.865906
    outer loop
      vertex 2.88633 -6.96822 3.11074
      vertex 2.42441 -7.14208 3.11074
      vertex 2.71587 -8.00069 2.58723
    endloop
  endfacet
  facet normal -0.0144793 -0.44224 0.89678
    outer loop
      vertex 0 -6.60331 3.57382
      vertex -0.431877 -6.58917 3.57382
      vertex 0 -7.54235 3.11074
    endloop
  endfacet
  facet normal -0.0144786 -0.44224 0.89678
    outer loop
      vertex -0.431877 -6.58917 3.57382
      vertex -0.493293 -7.5262 3.11074
      vertex 0 -7.54235 3.11074
    endloop
  endfacet
  facet normal 0.0720791 -0.436569 0.896779
    outer loop
      vertex 1.28824 -6.47643 3.57382
      vertex 0.984473 -7.47782 3.11074
      vertex 1.47144 -7.39742 3.11074
    endloop
  endfacet
  facet normal 0.0814821 -0.493521 0.865908
    outer loop
      vertex 1.47144 -7.39742 3.11074
      vertex 0.984473 -7.47782 3.11074
      vertex 1.64833 -8.28674 2.58723
    endloop
  endfacet
  facet normal 0.177013 -0.189 0.965891
    outer loop
      vertex 3.2842 -3.2842 4.31104
      vertex 2.56907 -2.56907 4.58203
      vertex 3.06237 -3.49196 4.31104
    endloop
  endfacet
  facet normal 0.219838 -0.234725 0.946877
    outer loop
      vertex 3.2842 -3.2842 4.31104
      vertex 3.06237 -3.49196 4.31104
      vertex 3.98525 -3.98525 3.97449
    endloop
  endfacet
  facet normal 0.317326 -0.386663 0.865907
    outer loop
      vertex 5.57087 -6.35236 2.58723
      vertex 4.59149 -5.98375 3.11074
      vertex 5.14348 -6.70311 2.58723
    endloop
  endfacet
  facet normal 0.291358 -0.40659 0.865907
    outer loop
      vertex 5.14348 -6.70311 2.58723
      vertex 4.59149 -5.98375 3.11074
      vertex 4.69406 -7.02516 2.58723
    endloop
  endfacet
  facet normal -0.0544774 0.553092 0.831337
    outer loop
      vertex -0.609533 9.29969 2.00555
      vertex -1.21646 9.23991 2.00555
      vertex -0.552596 8.43099 2.58723
    endloop
  endfacet
  facet normal -0.0215475 0.659195 0.751663
    outer loop
      vertex 0 10.1503 1.36817
      vertex -0.715344 10.9141 0.677825
      vertex -0.66386 10.1286 1.36817
    endloop
  endfacet
  facet normal 0.623797 -0.333422 0.706899
    outer loop
      vertex 10.4174 -5.13732 0
      vertex 9.80952 -4.83752 0.677825
      vertex 10.0876 -5.75434 0
    endloop
  endfacet
  facet normal 0.623797 -0.333422 0.706899
    outer loop
      vertex 9.47213 -5.46874 0.677825
      vertex 10.0876 -5.75434 0
      vertex 9.80952 -4.83752 0.677825
    endloop
  endfacet
  facet normal 0.623772 -0.333474 0.706898
    outer loop
      vertex 10.0876 -5.75434 0
      vertex 9.47213 -5.46874 0.677825
      vertex 10.0591 -5.80765 0
    endloop
  endfacet
  facet normal -0.0106578 0.0645566 0.997857
    outer loop
      vertex -0.0683308 0.519026 4.99143
      vertex -0.2047 1.55486 4.92296
      vertex -0.10213 0.513446 4.99143
    endloop
  endfacet
  facet normal -0.00641374 0.0651153 0.997857
    outer loop
      vertex -0.0342388 0.522384 4.99143
      vertex -0.2047 1.55486 4.92296
      vertex -0.0683308 0.519026 4.99143
    endloop
  endfacet
  facet normal 0.0421831 0.255493 0.96589
    outer loop
      vertex 0.906107 4.55531 4.31104
      vertex 0.606236 4.60482 4.31104
      vertex 0.708806 3.56341 4.58203
    endloop
  endfacet
  facet normal 0.0588053 0.252187 0.96589
    outer loop
      vertex 0.906107 4.55531 4.31104
      vertex 0.708806 3.56341 4.58203
      vertex 1.2021 4.48629 4.31104
    endloop
  endfacet
  facet normal -0.0105176 0.32142 0.946878
    outer loop
      vertex 0 5.636 3.97449
      vertex -0.303768 4.63461 4.31104
      vertex 0 4.64455 4.31104
    endloop
  endfacet
  facet normal -0.00846901 0.258814 0.96589
    outer loop
      vertex 0 4.64455 4.31104
      vertex -0.303768 4.63461 4.31104
      vertex 0 3.63322 4.58203
    endloop
  endfacet
  facet normal -0.0253813 0.257705 0.96589
    outer loop
      vertex -0.303768 4.63461 4.31104
      vertex -0.606236 4.60482 4.31104
      vertex -0.47423 3.60214 4.58203
    endloop
  endfacet
  facet normal -0.0315213 0.320046 0.946877
    outer loop
      vertex -0.303768 4.63461 4.31104
      vertex -0.735645 5.58778 3.97449
      vertex -0.606236 4.60482 4.31104
    endloop
  endfacet
  facet normal -0.0345506 0.0555647 0.997857
    outer loop
      vertex -0.784137 1.35816 4.92296
      vertex -0.871286 1.30397 4.92296
      vertex -0.290844 0.435278 4.99143
    endloop
  endfacet
  facet normal -0.0345511 0.0555645 0.997857
    outer loop
      vertex -0.261752 0.453368 4.99143
      vertex -0.784137 1.35816 4.92296
      vertex -0.290844 0.435278 4.99143
    endloop
  endfacet
  facet normal -0.0687584 0.182679 0.980765
    outer loop
      vertex -0.837776 2.46801 4.78629
      vertex -1.16786 3.4404 4.58203
      vertex -0.997398 2.40793 4.78629
    endloop
  endfacet
  facet normal -0.0460065 0.122231 0.991435
    outer loop
      vertex -0.837776 2.46801 4.78629
      vertex -0.997398 2.40793 4.78629
      vertex -0.600152 1.4489 4.92296
    endloop
  endfacet
  facet normal -0.123825 0.150884 0.980766
    outer loop
      vertex -2.21176 2.88243 4.58203
      vertex -2.39555 2.7316 4.58203
      vertex -1.71847 1.95954 4.78629
    endloop
  endfacet
  facet normal -0.133434 0.142457 0.980766
    outer loop
      vertex -2.39555 2.7316 4.58203
      vertex -2.56907 2.56907 4.58203
      vertex -1.71847 1.95954 4.78629
    endloop
  endfacet
  facet normal -0.228375 0.122073 0.96589
    outer loop
      vertex -3.14646 1.81661 4.58203
      vertex -4.16557 2.05423 4.31104
      vertex -3.25854 1.60693 4.58203
    endloop
  endfacet
  facet normal -0.228377 0.122065 0.96589
    outer loop
      vertex -4.0223 2.32228 4.31104
      vertex -4.16557 2.05423 4.31104
      vertex -3.14646 1.81661 4.58203
    endloop
  endfacet
  facet normal -0.448699 0.54675 0.706918
    outer loop
      vertex -7.61178 8.77119 0
      vertex -7.21158 8.22323 0.677825
      vertex -6.65831 8.67728 0.677825
    endloop
  endfacet
  facet normal -0.448688 0.546759 0.706918
    outer loop
      vertex -7.21158 8.22323 0.677825
      vertex -7.61178 8.77119 0
      vertex -7.6585 8.73285 0
    endloop
  endfacet
  facet normal -0.418407 0.509838 0.751665
    outer loop
      vertex -6.65831 8.67728 0.677825
      vertex -7.21158 8.22323 0.677825
      vertex -6.69255 7.63139 1.36817
    endloop
  endfacet
  facet normal -0.291872 0.644281 0.706904
    outer loop
      vertex -4.44498 10.7311 0
      vertex -5.08226 10.4424 0
      vertex -4.18559 10.1049 0.677825
    endloop
  endfacet
  facet normal -0.160641 0.688827 0.706903
    outer loop
      vertex -2.3249 11.3784 0
      vertex -3.00626 11.2195 0
      vertex -2.83083 10.5648 0.677825
    endloop
  endfacet
  facet normal 0.0198945 -0.608624 0.793209
    outer loop
      vertex 0.609533 -9.29969 2.00555
      vertex 0 -10.1503 1.36817
      vertex 0.66386 -10.1286 1.36817
    endloop
  endfacet
  facet normal 0.0199206 -0.608636 0.7932
    outer loop
      vertex 0 -9.31964 2.00555
      vertex 0 -10.1503 1.36817
      vertex 0.609533 -9.29969 2.00555
    endloop
  endfacet
  facet normal -0.0646421 -0.656371 0.751664
    outer loop
      vertex -0.66386 -10.1286 1.36817
      vertex -1.32488 -10.0635 1.36817
      vertex -0.715344 -10.9141 0.677825
    endloop
  endfacet
  facet normal -0.0992329 -0.600807 0.793211
    outer loop
      vertex -1.21646 -9.23991 2.00555
      vertex -1.98022 -9.95526 1.36817
      vertex -1.32488 -10.0635 1.36817
    endloop
  endfacet
  facet normal -0.195763 -0.520151 0.831336
    outer loop
      vertex -2.71587 -8.00069 2.58723
      vertex -3.23333 -7.80594 2.58723
      vertex -2.9957 -8.82505 2.00555
    endloop
  endfacet
  facet normal -0.272196 -0.600762 0.751661
    outer loop
      vertex -4.48936 -9.10352 1.36817
      vertex -4.83752 -9.80952 0.677825
      vertex -4.18559 -10.1049 0.677825
    endloop
  endfacet
  facet normal -0.145204 -0.478666 0.865907
    outer loop
      vertex -1.9521 -7.28535 3.11074
      vertex -2.71587 -8.00069 2.58723
      vertex -2.18678 -8.16119 2.58723
    endloop
  endfacet
  facet normal -0.161334 -0.53184 0.831335
    outer loop
      vertex -2.18678 -8.16119 2.58723
      vertex -2.71587 -8.00069 2.58723
      vertex -2.4121 -9.00208 2.00555
    endloop
  endfacet
  facet normal 0.115841 -0.697736 0.706927
    outer loop
      vertex 2.1338 -10.7273 0.677825
      vertex 2.2064 -11.402 0
      vertex 2.26603 -11.3921 0
    endloop
  endfacet
  facet normal 0.115221 -0.697821 0.706944
    outer loop
      vertex 2.2064 -11.402 0
      vertex 2.1338 -10.7273 0.677825
      vertex 1.42763 -10.8439 0.677825
    endloop
  endfacet
  facet normal 0.160584 -0.688813 0.706929
    outer loop
      vertex 2.1338 -10.7273 0.677825
      vertex 2.3249 -11.3784 0
      vertex 2.83083 -10.5648 0.677825
    endloop
  endfacet
  facet normal 0.160315 -0.688884 0.706921
    outer loop
      vertex 2.3249 -11.3784 0
      vertex 2.1338 -10.7273 0.677825
      vertex 2.26603 -11.3921 0
    endloop
  endfacet
  facet normal -0.0415085 -0.0505791 0.997857
    outer loop
      vertex -0.345171 -0.393592 4.99143
      vertex -1.03403 -1.17909 4.92296
      vertex -0.954704 -1.24419 4.92296
    endloop
  endfacet
  facet normal -0.0415075 -0.0505798 0.997857
    outer loop
      vertex -0.345171 -0.393592 4.99143
      vertex -0.954704 -1.24419 4.92296
      vertex -0.318689 -0.415324 4.99143
    endloop
  endfacet
  facet normal -0.0588045 -0.252187 0.96589
    outer loop
      vertex -0.940346 -3.50942 4.58203
      vertex -1.2021 -4.48629 4.31104
      vertex -0.708806 -3.56341 4.58203
    endloop
  endfacet
  facet normal -0.0443247 -0.19009 0.980766
    outer loop
      vertex -0.674566 -2.51752 4.78629
      vertex -0.708806 -3.56341 4.58203
      vertex -0.508469 -2.55625 4.78629
    endloop
  endfacet
  facet normal -0.0443248 -0.19009 0.980766
    outer loop
      vertex -0.674566 -2.51752 4.78629
      vertex -0.940346 -3.50942 4.58203
      vertex -0.708806 -3.56341 4.58203
    endloop
  endfacet
  facet normal -0.0566639 -0.186784 0.980765
    outer loop
      vertex -0.674566 -2.51752 4.78629
      vertex -1.16786 -3.4404 4.58203
      vertex -0.940346 -3.50942 4.58203
    endloop
  endfacet
  facet normal -0.0253776 -0.257705 0.96589
    outer loop
      vertex -0.237623 -3.62544 4.58203
      vertex -0.47423 -3.60214 4.58203
      vertex -0.303768 -4.63461 4.31104
    endloop
  endfacet
  facet normal -0.00847377 -0.258813 0.96589
    outer loop
      vertex -0.237623 -3.62544 4.58203
      vertex -0.303768 -4.63461 4.31104
      vertex 0 -3.63322 4.58203
    endloop
  endfacet
  facet normal -0.00846901 -0.258814 0.96589
    outer loop
      vertex 0 -3.63322 4.58203
      vertex -0.303768 -4.63461 4.31104
      vertex 0 -4.64455 4.31104
    endloop
  endfacet
  facet normal -0.0105176 -0.32142 0.946878
    outer loop
      vertex 0 -4.64455 4.31104
      vertex -0.303768 -4.63461 4.31104
      vertex 0 -5.636 3.97449
    endloop
  endfacet
  facet normal -0.0270032 -0.0595988 0.997857
    outer loop
      vertex -0.23154 -0.469517 4.99143
      vertex -0.693629 -1.40654 4.92296
      vertex -0.200336 -0.483655 4.99143
    endloop
  endfacet
  facet normal -0.0505798 -0.0415075 0.997857
    outer loop
      vertex -0.415324 -0.318689 4.99143
      vertex -1.24419 -0.954704 4.92296
      vertex -0.393592 -0.345171 4.99143
    endloop
  endfacet
  facet normal -0.0577042 -0.0308451 0.997857
    outer loop
      vertex -0.453368 -0.261752 4.99143
      vertex -1.40654 -0.693629 4.92296
      vertex -1.35816 -0.784137 4.92296
    endloop
  endfacet
  facet normal -0.0555645 -0.0345511 0.997857
    outer loop
      vertex -0.453368 -0.261752 4.99143
      vertex -1.35816 -0.784137 4.92296
      vertex -0.435278 -0.290844 4.99143
    endloop
  endfacet
  facet normal 0.0577045 -0.0308444 0.997857
    outer loop
      vertex 0.469517 -0.23154 4.99143
      vertex 0.453368 -0.261752 4.99143
      vertex 1.40654 -0.693629 4.92296
    endloop
  endfacet
  facet normal 0.0270069 -0.0595968 0.997857
    outer loop
      vertex 0.693629 -1.40654 4.92296
      vertex 0.200336 -0.483655 4.99143
      vertex 0.600152 -1.4489 4.92296
    endloop
  endfacet
  facet normal -0.379917 -0.40564 0.831336
    outer loop
      vertex -5.97441 -5.97441 2.58723
      vertex -6.14487 -7.00688 2.00555
      vertex -5.57087 -6.35236 2.58723
    endloop
  endfacet
  facet normal -0.379928 -0.405636 0.831333
    outer loop
      vertex -5.97441 -5.97441 2.58723
      vertex -6.58998 -6.58998 2.00555
      vertex -6.14487 -7.00688 2.00555
    endloop
  endfacet
  facet normal -0.38633 -0.470732 0.793197
    outer loop
      vertex -5.67344 -7.39377 2.00555
      vertex -6.69255 -7.63139 1.36817
      vertex -6.17911 -8.05277 1.36817
    endloop
  endfacet
  facet normal -0.418421 -0.509835 0.75166
    outer loop
      vertex -6.17911 -8.05277 1.36817
      vertex -6.69255 -7.63139 1.36817
      vertex -6.65831 -8.67728 0.677825
    endloop
  endfacet
  facet normal 0.128441 -0.423426 0.896779
    outer loop
      vertex 2.12256 -6.25288 3.57382
      vertex 1.70906 -6.37831 3.57382
      vertex 1.9521 -7.28535 3.11074
    endloop
  endfacet
  facet normal 0.111134 -0.366371 0.923808
    outer loop
      vertex 2.12256 -6.25288 3.57382
      vertex 1.4587 -5.44396 3.97449
      vertex 1.70906 -6.37831 3.57382
    endloop
  endfacet
  facet normal 0.206437 -0.455622 0.865906
    outer loop
      vertex 3.33589 -6.76453 3.11074
      vertex 2.88633 -6.96822 3.11074
      vertex 3.73693 -7.57775 2.58723
    endloop
  endfacet
  facet normal 0.235794 -0.441144 0.865906
    outer loop
      vertex 4.22454 -7.31712 2.58723
      vertex 3.33589 -6.76453 3.11074
      vertex 3.73693 -7.57775 2.58723
    endloop
  endfacet
  facet normal 0.11358 -0.487137 0.865908
    outer loop
      vertex 1.9521 -7.28535 3.11074
      vertex 1.47144 -7.39742 3.11074
      vertex 1.64833 -8.28674 2.58723
    endloop
  endfacet
  facet normal 0.100473 -0.430921 0.896779
    outer loop
      vertex 1.9521 -7.28535 3.11074
      vertex 1.28824 -6.47643 3.57382
      vertex 1.47144 -7.39742 3.11074
    endloop
  endfacet
  facet normal -0.0199206 0.608636 0.7932
    outer loop
      vertex 0 10.1503 1.36817
      vertex -0.609533 9.29969 2.00555
      vertex 0 9.31964 2.00555
    endloop
  endfacet
  facet normal -0.0198945 0.608624 0.793209
    outer loop
      vertex 0 10.1503 1.36817
      vertex -0.66386 10.1286 1.36817
      vertex -0.609533 9.29969 2.00555
    endloop
  endfacet
  facet normal -0.0805543 0.177791 0.980766
    outer loop
      vertex -1.39037 3.35666 4.58203
      vertex -1.60693 3.25854 4.58203
      vertex -0.997398 2.40793 4.78629
    endloop
  endfacet
  facet normal -0.0805564 0.177789 0.980766
    outer loop
      vertex -0.997398 2.40793 4.78629
      vertex -1.60693 3.25854 4.58203
      vertex -1.15275 2.33754 4.78629
    endloop
  endfacet
  facet normal -0.0566639 0.186784 0.980765
    outer loop
      vertex -0.940346 3.50942 4.58203
      vertex -1.16786 3.4404 4.58203
      vertex -0.674566 2.51752 4.78629
    endloop
  endfacet
  facet normal -0.0566616 0.186785 0.980765
    outer loop
      vertex -0.674566 2.51752 4.78629
      vertex -1.16786 3.4404 4.58203
      vertex -0.837776 2.46801 4.78629
    endloop
  endfacet
  facet normal -0.0828518 0.100957 0.991435
    outer loop
      vertex -0.954704 1.24419 4.92296
      vertex -1.58663 2.06774 4.78629
      vertex -1.03403 1.17909 4.92296
    endloop
  endfacet
  facet normal -0.0760753 0.106157 0.991435
    outer loop
      vertex -0.871286 1.30397 4.92296
      vertex -1.58663 2.06774 4.78629
      vertex -0.954704 1.24419 4.92296
    endloop
  endfacet
  facet normal -0.333422 0.623797 0.706899
    outer loop
      vertex -5.75434 10.0876 0
      vertex -5.46874 9.47213 0.677825
      vertex -4.83752 9.80952 0.677825
    endloop
  endfacet
  facet normal -0.333474 0.623772 0.706898
    outer loop
      vertex -5.46874 9.47213 0.677825
      vertex -5.75434 10.0876 0
      vertex -5.80765 10.0591 0
    endloop
  endfacet
  facet normal -0.115221 -0.697821 0.706944
    outer loop
      vertex -2.1338 -10.7273 0.677825
      vertex -2.2064 -11.402 0
      vertex -1.42763 -10.8439 0.677825
    endloop
  endfacet
  facet normal -0.115841 -0.697736 0.706927
    outer loop
      vertex -2.2064 -11.402 0
      vertex -2.1338 -10.7273 0.677825
      vertex -2.26603 -11.3921 0
    endloop
  endfacet
  facet normal -0.115149 -0.697873 0.706905
    outer loop
      vertex -1.42763 -10.8439 0.677825
      vertex -2.2064 -11.402 0
      vertex -1.5161 -11.5159 0
    endloop
  endfacet
  facet normal -0.28706 -0.537064 0.793195
    outer loop
      vertex -4.65982 -8.07105 2.00555
      vertex -5.07515 -8.79041 1.36817
      vertex -4.12197 -8.35853 2.00555
    endloop
  endfacet
  facet normal -0.261986 -0.490147 0.831336
    outer loop
      vertex -3.73693 -7.57775 2.58723
      vertex -4.22454 -7.31712 2.58723
      vertex -4.12197 -8.35853 2.00555
    endloop
  endfacet
  facet normal -0.22938 -0.506226 0.831336
    outer loop
      vertex -3.73693 -7.57775 2.58723
      vertex -4.12197 -8.35853 2.00555
      vertex -3.23333 -7.80594 2.58723
    endloop
  endfacet
  facet normal -0.214506 -0.569936 0.793196
    outer loop
      vertex -3.56647 -8.61023 2.00555
      vertex -3.88435 -9.37765 1.36817
      vertex -2.9957 -8.82505 2.00555
    endloop
  endfacet
  facet normal -0.17619 -0.468145 0.865909
    outer loop
      vertex -2.88633 -6.96822 3.11074
      vertex -3.23333 -7.80594 2.58723
      vertex -2.71587 -8.00069 2.58723
    endloop
  endfacet
  facet normal -0.206446 -0.455612 0.865909
    outer loop
      vertex -2.88633 -6.96822 3.11074
      vertex -3.73693 -7.57775 2.58723
      vertex -3.23333 -7.80594 2.58723
    endloop
  endfacet
  facet normal -0.0595988 -0.0270032 0.997857
    outer loop
      vertex -0.483655 -0.200336 4.99143
      vertex -1.40654 -0.693629 4.92296
      vertex -0.469517 -0.23154 4.99143
    endloop
  endfacet
  facet normal -0.0577045 -0.0308444 0.997857
    outer loop
      vertex -0.469517 -0.23154 4.99143
      vertex -1.40654 -0.693629 4.92296
      vertex -0.453368 -0.261752 4.99143
    endloop
  endfacet
  facet normal 0.0270032 -0.0595988 0.997857
    outer loop
      vertex 0.23154 -0.469517 4.99143
      vertex 0.200336 -0.483655 4.99143
      vertex 0.693629 -1.40654 4.92296
    endloop
  endfacet
  facet normal 0.0308444 -0.0577045 0.997857
    outer loop
      vertex 0.261752 -0.453368 4.99143
      vertex 0.23154 -0.469517 4.99143
      vertex 0.693629 -1.40654 4.92296
    endloop
  endfacet
  facet normal -0.333422 0.623797 0.706899
    outer loop
      vertex -5.13732 10.4174 0
      vertex -5.75434 10.0876 0
      vertex -4.83752 9.80952 0.677825
    endloop
  endfacet
  facet normal -0.0693697 -0.703862 0.706942
    outer loop
      vertex -1.42763 -10.8439 0.677825
      vertex -1.45595 -11.5219 0
      vertex -0.715344 -10.9141 0.677825
    endloop
  endfacet
  facet normal -0.0702048 -0.703803 0.706918
    outer loop
      vertex -1.45595 -11.5219 0
      vertex -1.42763 -10.8439 0.677825
      vertex -1.5161 -11.5159 0
    endloop
  endfacet
  facet normal -0.0646911 -0.656389 0.751644
    outer loop
      vertex -1.32488 -10.0635 1.36817
      vertex -1.42763 -10.8439 0.677825
      vertex -0.715344 -10.9141 0.677825
    endloop
  endfacet
  facet normal -0.261983 -0.490147 0.831337
    outer loop
      vertex -4.22454 -7.31712 2.58723
      vertex -4.65982 -8.07105 2.00555
      vertex -4.12197 -8.35853 2.00555
    endloop
  endfacet
  facet normal -0.29348 -0.471964 0.831336
    outer loop
      vertex -4.69406 -7.02516 2.58723
      vertex -5.17772 -7.749 2.00555
      vertex -4.22454 -7.31712 2.58723
    endloop
  endfacet
  facet normal -0.182611 -0.403038 0.89678
    outer loop
      vertex -2.92057 -5.92233 3.57382
      vertex -3.33589 -6.76453 3.11074
      vertex -2.88633 -6.96822 3.11074
    endloop
  endfacet
  facet normal -0.206437 -0.455622 0.865906
    outer loop
      vertex -3.33589 -6.76453 3.11074
      vertex -3.73693 -7.57775 2.58723
      vertex -2.88633 -6.96822 3.11074
    endloop
  endfacet
  facet normal -0.373479 0.600652 0.706917
    outer loop
      vertex -5.85898 10.0272 0
      vertex -6.45312 9.65777 0
      vertex -6.07654 9.09418 0.677825
    endloop
  endfacet
  facet normal -0.021563 -0.659187 0.75167
    outer loop
      vertex 0 -10.1503 1.36817
      vertex -0.715344 -10.9141 0.677825
      vertex 0 -10.9375 0.677825
    endloop
  endfacet
  facet normal -0.0215475 -0.659195 0.751663
    outer loop
      vertex -0.66386 -10.1286 1.36817
      vertex -0.715344 -10.9141 0.677825
      vertex 0 -10.1503 1.36817
    endloop
  endfacet
  facet normal -0.149748 -0.64233 0.751657
    outer loop
      vertex -1.98022 -9.95526 1.36817
      vertex -2.83083 -10.5648 0.677825
      vertex -2.1338 -10.7273 0.677825
    endloop
  endfacet
  facet normal -0.160315 -0.688884 0.706921
    outer loop
      vertex -2.1338 -10.7273 0.677825
      vertex -2.3249 -11.3784 0
      vertex -2.26603 -11.3921 0
    endloop
  endfacet
  facet normal -0.160584 -0.688813 0.706929
    outer loop
      vertex -2.3249 -11.3784 0
      vertex -2.1338 -10.7273 0.677825
      vertex -2.83083 -10.5648 0.677825
    endloop
  endfacet
  facet normal -0.287063 -0.537059 0.793197
    outer loop
      vertex -4.12197 -8.35853 2.00555
      vertex -5.07515 -8.79041 1.36817
      vertex -4.48936 -9.10352 1.36817
    endloop
  endfacet
  facet normal -0.310908 -0.581671 0.751661
    outer loop
      vertex -4.48936 -9.10352 1.36817
      vertex -5.07515 -8.79041 1.36817
      vertex -4.83752 -9.80952 0.677825
    endloop
  endfacet
  facet normal -0.354712 -0.494997 0.793195
    outer loop
      vertex -5.17772 -7.749 2.00555
      vertex -5.67344 -7.39377 2.00555
      vertex -5.6392 -8.43966 1.36817
    endloop
  endfacet
  facet normal -0.321577 -0.517136 0.793195
    outer loop
      vertex -5.17772 -7.749 2.00555
      vertex -5.6392 -8.43966 1.36817
      vertex -5.07515 -8.79041 1.36817
    endloop
  endfacet
  facet normal -0.229376 -0.506231 0.831335
    outer loop
      vertex -3.23333 -7.80594 2.58723
      vertex -4.12197 -8.35853 2.00555
      vertex -3.56647 -8.61023 2.00555
    endloop
  endfacet
  facet normal -0.195769 -0.520151 0.831335
    outer loop
      vertex -3.23333 -7.80594 2.58723
      vertex -3.56647 -8.61023 2.00555
      vertex -2.9957 -8.82505 2.00555
    endloop
  endfacet
  facet normal -0.155867 -0.414116 0.896779
    outer loop
      vertex -2.12256 -6.25288 3.57382
      vertex -2.88633 -6.96822 3.11074
      vertex -2.42441 -7.14208 3.11074
    endloop
  endfacet
  facet normal -0.176203 -0.468145 0.865906
    outer loop
      vertex -2.42441 -7.14208 3.11074
      vertex -2.88633 -6.96822 3.11074
      vertex -2.71587 -8.00069 2.58723
    endloop
  endfacet
  facet normal -0.293483 -0.47196 0.831337
    outer loop
      vertex -4.22454 -7.31712 2.58723
      vertex -5.17772 -7.749 2.00555
      vertex -4.65982 -8.07105 2.00555
    endloop
  endfacet
  facet normal -0.321575 -0.517136 0.793196
    outer loop
      vertex -4.65982 -8.07105 2.00555
      vertex -5.17772 -7.749 2.00555
      vertex -5.07515 -8.79041 1.36817
    endloop
  endfacet
  facet normal 0 0 -1
    outer loop
      vertex 11.6133 -0.0604113 0
      vertex 11.6133 0.0604113 0
      vertex 11.6153 0 0
    endloop
  endfacet
  facet normal 0 0 -1
    outer loop
      vertex 11.5904 -0.759677 0
      vertex 11.6133 0.0604113 0
      vertex 11.6133 -0.0604113 0
    endloop
  endfacet
  facet normal 0 0 -1
    outer loop
      vertex 11.5904 -0.759677 0
      vertex 11.5904 0.759677 0
      vertex 11.6133 0.0604113 0
    endloop
  endfacet
  facet normal 0 0 -1
    outer loop
      vertex 11.5219 -1.45595 0
      vertex 11.5904 0.759677 0
      vertex 11.5904 -0.759677 0
    endloop
  endfacet
  facet normal 0 0 -1
    outer loop
      vertex 11.5219 -1.45595 0
      vertex 11.5219 1.45595 0
      vertex 11.5904 0.759677 0
    endloop
  endfacet
  facet normal 0 0 -1
    outer loop
      vertex 11.402 -2.2064 0
      vertex 11.5219 -1.45595 0
      vertex 11.5159 -1.5161 0
    endloop
  endfacet
  facet normal -0 0 -1
    outer loop
      vertex 11.5219 -1.45595 0
      vertex 11.402 -2.2064 0
      vertex 11.5219 1.45595 0
    endloop
  endfacet
  facet normal 0 0 -1
    outer loop
      vertex 11.402 2.2064 0
      vertex 11.5219 1.45595 0
      vertex 11.402 -2.2064 0
    endloop
  endfacet
  facet normal 0 0 -1
    outer loop
      vertex 11.5219 1.45595 0
      vertex 11.402 2.2064 0
      vertex 11.5159 1.5161 0
    endloop
  endfacet
  facet normal 0 0 -1
    outer loop
      vertex 11.3784 -2.3249 0
      vertex 11.402 -2.2064 0
      vertex 11.3921 -2.26603 0
    endloop
  endfacet
  facet normal -0 0 -1
    outer loop
      vertex 11.402 -2.2064 0
      vertex 11.3784 -2.3249 0
      vertex 11.402 2.2064 0
    endloop
  endfacet
  facet normal 0 0 -1
    outer loop
      vertex 11.3784 2.3249 0
      vertex 11.402 2.2064 0
      vertex 11.3784 -2.3249 0
    endloop
  endfacet
  facet normal 0 0 -1
    outer loop
      vertex 11.402 2.2064 0
      vertex 11.3784 2.3249 0
      vertex 11.3921 2.26603 0
    endloop
  endfacet
  facet normal 0 0 -1
    outer loop
      vertex 11.2195 -3.00626 0
      vertex 11.3784 2.3249 0
      vertex 11.3784 -2.3249 0
    endloop
  endfacet
  facet normal 0 0 -1
    outer loop
      vertex 11.2195 -3.00626 0
      vertex 11.2195 3.00626 0
      vertex 11.3784 2.3249 0
    endloop
  endfacet
  facet normal 0 0 -1
    outer loop
      vertex 11.0164 -3.67578 0
      vertex 11.2195 3.00626 0
      vertex 11.2195 -3.00626 0
    endloop
  endfacet
  facet normal 0 0 -1
    outer loop
      vertex 11.0164 -3.67578 0
      vertex 11.0164 3.67578 0
      vertex 11.2195 3.00626 0
    endloop
  endfacet
  facet normal 0 0 -1
    outer loop
      vertex 10.9776 -3.79019 0
      vertex 11.0164 -3.67578 0
      vertex 10.9989 -3.73362 0
    endloop
  endfacet
  facet normal -0 0 -1
    outer loop
      vertex 11.0164 -3.67578 0
      vertex 10.9776 -3.79019 0
      vertex 11.0164 3.67578 0
    endloop
  endfacet
  facet normal 0 0 -1
    outer loop
      vertex 10.9776 3.79019 0
      vertex 11.0164 3.67578 0
      vertex 10.9776 -3.79019 0
    endloop
  endfacet
  facet normal 0 0 -1
    outer loop
      vertex 11.0164 3.67578 0
      vertex 10.9776 3.79019 0
      vertex 10.9989 3.73362 0
    endloop
  endfacet
  facet normal 0 0 -1
    outer loop
      vertex 10.7311 -4.44498 0
      vertex 10.9776 3.79019 0
      vertex 10.9776 -3.79019 0
    endloop
  endfacet
  facet normal 0 0 -1
    outer loop
      vertex 10.7311 -4.44498 0
      vertex 10.7311 4.44498 0
      vertex 10.9776 3.79019 0
    endloop
  endfacet
  facet normal 0 0 -1
    outer loop
      vertex 10.4424 -5.08226 0
      vertex 10.7311 4.44498 0
      vertex 10.7311 -4.44498 0
    endloop
  endfacet
  facet normal 0 0 -1
    outer loop
      vertex 10.4424 -5.08226 0
      vertex 10.4424 5.08226 0
      vertex 10.7311 4.44498 0
    endloop
  endfacet
  facet normal 0 0 -1
    outer loop
      vertex 10.0876 -5.75434 0
      vertex 10.4424 -5.08226 0
      vertex 10.4174 -5.13732 0
    endloop
  endfacet
  facet normal -0 0 -1
    outer loop
      vertex 10.4424 -5.08226 0
      vertex 10.0876 -5.75434 0
      vertex 10.4424 5.08226 0
    endloop
  endfacet
  facet normal 0 0 -1
    outer loop
      vertex 10.0876 5.75434 0
      vertex 10.4424 5.08226 0
      vertex 10.0876 -5.75434 0
    endloop
  endfacet
  facet normal 0 0 -1
    outer loop
      vertex 10.4424 5.08226 0
      vertex 10.0876 5.75434 0
      vertex 10.4174 5.13732 0
    endloop
  endfacet
  facet normal 0 0 -1
    outer loop
      vertex 10.0272 -5.85898 0
      vertex 10.0876 -5.75434 0
      vertex 10.0591 -5.80765 0
    endloop
  endfacet
  facet normal -0 0 -1
    outer loop
      vertex 10.0876 -5.75434 0
      vertex 10.0272 -5.85898 0
      vertex 10.0876 5.75434 0
    endloop
  endfacet
  facet normal 0 0 -1
    outer loop
      vertex 10.0272 5.85898 0
      vertex 10.0876 5.75434 0
      vertex 10.0272 -5.85898 0
    endloop
  endfacet
  facet normal 0 0 -1
    outer loop
      vertex 10.0876 5.75434 0
      vertex 10.0272 5.85898 0
      vertex 10.0591 5.80765 0
    endloop
  endfacet
  facet normal 0 0 -1
    outer loop
      vertex 9.65777 -6.45312 0
      vertex 10.0272 5.85898 0
      vertex 10.0272 -5.85898 0
    endloop
  endfacet
  facet normal 0 0 -1
    outer loop
      vertex 9.65777 -6.45312 0
      vertex 9.65777 6.45312 0
      vertex 10.0272 5.85898 0
    endloop
  endfacet
  facet normal 0 0 -1
    outer loop
      vertex 9.25025 -7.02182 0
      vertex 9.65777 6.45312 0
      vertex 9.65777 -6.45312 0
    endloop
  endfacet
  facet normal 0 0 -1
    outer loop
      vertex 9.25025 -7.02182 0
      vertex 9.25025 7.02182 0
      vertex 9.65777 6.45312 0
    endloop
  endfacet
  facet normal 0 0 -1
    outer loop
      vertex 8.77119 -7.61178 0
      vertex 9.25025 -7.02182 0
      vertex 9.21504 -7.07095 0
    endloop
  endfacet
  facet normal -0 0 -1
    outer loop
      vertex 9.25025 -7.02182 0
      vertex 8.77119 -7.61178 0
      vertex 9.25025 7.02182 0
    endloop
  endfacet
  facet normal 0 0 -1
    outer loop
      vertex 8.77119 7.61178 0
      vertex 9.25025 7.02182 0
      vertex 8.77119 -7.61178 0
    endloop
  endfacet
  facet normal 0 0 -1
    outer loop
      vertex 9.25025 7.02182 0
      vertex 8.77119 7.61178 0
      vertex 9.21504 7.07095 0
    endloop
  endfacet
  facet normal 0 0 -1
    outer loop
      vertex 8.25458 -8.16914 0
      vertex 8.77119 -7.61178 0
      vertex 8.73285 -7.6585 0
    endloop
  endfacet
  facet normal -0 0 -1
    outer loop
      vertex 8.77119 -7.61178 0
      vertex 8.25458 -8.16914 0
      vertex 8.77119 7.61178 0
    endloop
  endfacet
  facet normal 0 0 -1
    outer loop
      vertex 8.25458 8.16914 0
      vertex 8.77119 7.61178 0
      vertex 8.25458 -8.16914 0
    endloop
  endfacet
  facet normal 0 0 -1
    outer loop
      vertex 8.77119 7.61178 0
      vertex 8.25458 8.16914 0
      vertex 8.73285 7.6585 0
    endloop
  endfacet
  facet normal 0 0 -1
    outer loop
      vertex 8.16914 -8.25458 0
      vertex 8.25458 -8.16914 0
      vertex 8.21326 -8.21326 0
    endloop
  endfacet
  facet normal -0 0 -1
    outer loop
      vertex 8.25458 -8.16914 0
      vertex 8.16914 -8.25458 0
      vertex 8.25458 8.16914 0
    endloop
  endfacet
  facet normal 0 0 -1
    outer loop
      vertex 8.16914 8.25458 0
      vertex 8.25458 8.16914 0
      vertex 8.16914 -8.25458 0
    endloop
  endfacet
  facet normal 0 0 -1
    outer loop
      vertex 8.25458 8.16914 0
      vertex 8.16914 8.25458 0
      vertex 8.21326 8.21326 0
    endloop
  endfacet
  facet normal 0 0 -1
    outer loop
      vertex 7.61178 -8.77119 0
      vertex 8.16914 -8.25458 0
      vertex 7.6585 -8.73285 0
    endloop
  endfacet
  facet normal -0 0 -1
    outer loop
      vertex 8.16914 -8.25458 0
      vertex 7.61178 -8.77119 0
      vertex 8.16914 8.25458 0
    endloop
  endfacet
  facet normal 0 0 -1
    outer loop
      vertex 7.61178 8.77119 0
      vertex 8.16914 8.25458 0
      vertex 7.61178 -8.77119 0
    endloop
  endfacet
  facet normal 0 0 -1
    outer loop
      vertex 8.16914 8.25458 0
      vertex 7.61178 8.77119 0
      vertex 7.6585 8.73285 0
    endloop
  endfacet
  facet normal 0 0 -1
    outer loop
      vertex 7.02182 -9.25025 0
      vertex 7.61178 -8.77119 0
      vertex 7.07095 -9.21504 0
    endloop
  endfacet
  facet normal -0 0 -1
    outer loop
      vertex 7.61178 -8.77119 0
      vertex 7.02182 -9.25025 0
      vertex 7.61178 8.77119 0
    endloop
  endfacet
  facet normal 0 0 -1
    outer loop
      vertex 7.02182 9.25025 0
      vertex 7.61178 8.77119 0
      vertex 7.02182 -9.25025 0
    endloop
  endfacet
  facet normal 0 0 -1
    outer loop
      vertex 7.61178 8.77119 0
      vertex 7.02182 9.25025 0
      vertex 7.07095 9.21504 0
    endloop
  endfacet
  facet normal 0 0 -1
    outer loop
      vertex 6.45312 -9.65777 0
      vertex 7.02182 9.25025 0
      vertex 7.02182 -9.25025 0
    endloop
  endfacet
  facet normal 0 0 -1
    outer loop
      vertex 6.45312 -9.65777 0
      vertex 6.45312 9.65777 0
      vertex 7.02182 9.25025 0
    endloop
  endfacet
  facet normal 0 0 -1
    outer loop
      vertex 5.85898 -10.0272 0
      vertex 6.45312 9.65777 0
      vertex 6.45312 -9.65777 0
    endloop
  endfacet
  facet normal 0 0 -1
    outer loop
      vertex 5.85898 -10.0272 0
      vertex 5.85898 10.0272 0
      vertex 6.45312 9.65777 0
    endloop
  endfacet
  facet normal 0 0 -1
    outer loop
      vertex 5.75434 -10.0876 0
      vertex 5.85898 -10.0272 0
      vertex 5.80765 -10.0591 0
    endloop
  endfacet
  facet normal -0 0 -1
    outer loop
      vertex 5.85898 -10.0272 0
      vertex 5.75434 -10.0876 0
      vertex 5.85898 10.0272 0
    endloop
  endfacet
  facet normal 0 0 -1
    outer loop
      vertex 5.75434 10.0876 0
      vertex 5.85898 10.0272 0
      vertex 5.75434 -10.0876 0
    endloop
  endfacet
  facet normal 0 0 -1
    outer loop
      vertex 5.85898 10.0272 0
      vertex 5.75434 10.0876 0
      vertex 5.80765 10.0591 0
    endloop
  endfacet
  facet normal 0 0 -1
    outer loop
      vertex 5.08226 -10.4424 0
      vertex 5.75434 -10.0876 0
      vertex 5.13732 -10.4174 0
    endloop
  endfacet
  facet normal -0 0 -1
    outer loop
      vertex 5.75434 -10.0876 0
      vertex 5.08226 -10.4424 0
      vertex 5.75434 10.0876 0
    endloop
  endfacet
  facet normal 0 0 -1
    outer loop
      vertex 5.08226 10.4424 0
      vertex 5.75434 10.0876 0
      vertex 5.08226 -10.4424 0
    endloop
  endfacet
  facet normal 0 0 -1
    outer loop
      vertex 5.75434 10.0876 0
      vertex 5.08226 10.4424 0
      vertex 5.13732 10.4174 0
    endloop
  endfacet
  facet normal 0 0 -1
    outer loop
      vertex 4.44498 -10.7311 0
      vertex 5.08226 10.4424 0
      vertex 5.08226 -10.4424 0
    endloop
  endfacet
  facet normal 0 0 -1
    outer loop
      vertex 4.44498 -10.7311 0
      vertex 4.44498 10.7311 0
      vertex 5.08226 10.4424 0
    endloop
  endfacet
  facet normal 0 0 -1
    outer loop
      vertex 3.79019 -10.9776 0
      vertex 4.44498 10.7311 0
      vertex 4.44498 -10.7311 0
    endloop
  endfacet
  facet normal 0 0 -1
    outer loop
      vertex 3.79019 -10.9776 0
      vertex 3.79019 10.9776 0
      vertex 4.44498 10.7311 0
    endloop
  endfacet
  facet normal 0 0 -1
    outer loop
      vertex 3.67578 -11.0164 0
      vertex 3.79019 -10.9776 0
      vertex 3.73362 -10.9989 0
    endloop
  endfacet
  facet normal -0 0 -1
    outer loop
      vertex 3.79019 -10.9776 0
      vertex 3.67578 -11.0164 0
      vertex 3.79019 10.9776 0
    endloop
  endfacet
  facet normal 0 0 -1
    outer loop
      vertex 3.67578 11.0164 0
      vertex 3.79019 10.9776 0
      vertex 3.67578 -11.0164 0
    endloop
  endfacet
  facet normal 0 0 -1
    outer loop
      vertex 3.79019 10.9776 0
      vertex 3.67578 11.0164 0
      vertex 3.73362 10.9989 0
    endloop
  endfacet
  facet normal 0 0 -1
    outer loop
      vertex 3.00626 -11.2195 0
      vertex 3.67578 11.0164 0
      vertex 3.67578 -11.0164 0
    endloop
  endfacet
  facet normal 0 0 -1
    outer loop
      vertex 3.00626 -11.2195 0
      vertex 3.00626 11.2195 0
      vertex 3.67578 11.0164 0
    endloop
  endfacet
  facet normal 0 0 -1
    outer loop
      vertex 2.3249 -11.3784 0
      vertex 3.00626 11.2195 0
      vertex 3.00626 -11.2195 0
    endloop
  endfacet
  facet normal 0 0 -1
    outer loop
      vertex 2.3249 -11.3784 0
      vertex 2.3249 11.3784 0
      vertex 3.00626 11.2195 0
    endloop
  endfacet
  facet normal 0 0 -1
    outer loop
      vertex 2.2064 -11.402 0
      vertex 2.3249 -11.3784 0
      vertex 2.26603 -11.3921 0
    endloop
  endfacet
  facet normal -0 0 -1
    outer loop
      vertex 2.3249 -11.3784 0
      vertex 2.2064 -11.402 0
      vertex 2.3249 11.3784 0
    endloop
  endfacet
  facet normal 0 0 -1
    outer loop
      vertex 2.2064 11.402 0
      vertex 2.3249 11.3784 0
      vertex 2.2064 -11.402 0
    endloop
  endfacet
  facet normal 0 0 -1
    outer loop
      vertex 2.3249 11.3784 0
      vertex 2.2064 11.402 0
      vertex 2.26603 11.3921 0
    endloop
  endfacet
  facet normal 0 0 -1
    outer loop
      vertex 1.45595 -11.5219 0
      vertex 2.2064 -11.402 0
      vertex 1.5161 -11.5159 0
    endloop
  endfacet
  facet normal -0 0 -1
    outer loop
      vertex 2.2064 -11.402 0
      vertex 1.45595 -11.5219 0
      vertex 2.2064 11.402 0
    endloop
  endfacet
  facet normal 0 0 -1
    outer loop
      vertex 1.45595 11.5219 0
      vertex 2.2064 11.402 0
      vertex 1.45595 -11.5219 0
    endloop
  endfacet
  facet normal 0 0 -1
    outer loop
      vertex 2.2064 11.402 0
      vertex 1.45595 11.5219 0
      vertex 1.5161 11.5159 0
    endloop
  endfacet
  facet normal 0 0 -1
    outer loop
      vertex 0.759677 -11.5904 0
      vertex 1.45595 11.5219 0
      vertex 1.45595 -11.5219 0
    endloop
  endfacet
  facet normal 0 0 -1
    outer loop
      vertex 0.759677 -11.5904 0
      vertex 0.759677 11.5904 0
      vertex 1.45595 11.5219 0
    endloop
  endfacet
  facet normal 0 0 -1
    outer loop
      vertex 0.0604113 -11.6133 0
      vertex 0.759677 11.5904 0
      vertex 0.759677 -11.5904 0
    endloop
  endfacet
  facet normal 0 0 -1
    outer loop
      vertex 0.0604113 -11.6133 0
      vertex 0.0604113 11.6133 0
      vertex 0.759677 11.5904 0
    endloop
  endfacet
  facet normal 0 0 -1
    outer loop
      vertex -0.0604113 -11.6133 0
      vertex 0.0604113 -11.6133 0
      vertex 0 -11.6153 0
    endloop
  endfacet
  facet normal 0 0 -1
    outer loop
      vertex 0.0604113 -11.6133 0
      vertex -0.0604113 -11.6133 0
      vertex 0.0604113 11.6133 0
    endloop
  endfacet
  facet normal 0 0 -1
    outer loop
      vertex -0.0604113 11.6133 0
      vertex 0.0604113 11.6133 0
      vertex -0.0604113 -11.6133 0
    endloop
  endfacet
  facet normal 0 0 -1
    outer loop
      vertex 0.0604113 11.6133 0
      vertex -0.0604113 11.6133 0
      vertex 0 11.6153 0
    endloop
  endfacet
  facet normal 0 0 -1
    outer loop
      vertex -0.759677 -11.5904 0
      vertex -0.0604113 11.6133 0
      vertex -0.0604113 -11.6133 0
    endloop
  endfacet
  facet normal 0 0 -1
    outer loop
      vertex -0.759677 -11.5904 0
      vertex -0.759677 11.5904 0
      vertex -0.0604113 11.6133 0
    endloop
  endfacet
  facet normal 0 0 -1
    outer loop
      vertex -1.45595 -11.5219 0
      vertex -0.759677 11.5904 0
      vertex -0.759677 -11.5904 0
    endloop
  endfacet
  facet normal 0 0 -1
    outer loop
      vertex -1.45595 -11.5219 0
      vertex -1.45595 11.5219 0
      vertex -0.759677 11.5904 0
    endloop
  endfacet
  facet normal 0 0 -1
    outer loop
      vertex -2.2064 -11.402 0
      vertex -1.45595 -11.5219 0
      vertex -1.5161 -11.5159 0
    endloop
  endfacet
  facet normal 0 0 -1
    outer loop
      vertex -1.45595 -11.5219 0
      vertex -2.2064 -11.402 0
      vertex -1.45595 11.5219 0
    endloop
  endfacet
  facet normal 0 0 -1
    outer loop
      vertex -2.2064 11.402 0
      vertex -1.45595 11.5219 0
      vertex -2.2064 -11.402 0
    endloop
  endfacet
  facet normal 0 0 -1
    outer loop
      vertex -1.45595 11.5219 0
      vertex -2.2064 11.402 0
      vertex -1.5161 11.5159 0
    endloop
  endfacet
  facet normal 0 0 -1
    outer loop
      vertex -2.3249 -11.3784 0
      vertex -2.2064 -11.402 0
      vertex -2.26603 -11.3921 0
    endloop
  endfacet
  facet normal 0 0 -1
    outer loop
      vertex -2.2064 -11.402 0
      vertex -2.3249 -11.3784 0
      vertex -2.2064 11.402 0
    endloop
  endfacet
  facet normal 0 0 -1
    outer loop
      vertex -2.3249 11.3784 0
      vertex -2.2064 11.402 0
      vertex -2.3249 -11.3784 0
    endloop
  endfacet
  facet normal 0 0 -1
    outer loop
      vertex -2.2064 11.402 0
      vertex -2.3249 11.3784 0
      vertex -2.26603 11.3921 0
    endloop
  endfacet
  facet normal 0 0 -1
    outer loop
      vertex -3.00626 -11.2195 0
      vertex -2.3249 11.3784 0
      vertex -2.3249 -11.3784 0
    endloop
  endfacet
  facet normal 0 0 -1
    outer loop
      vertex -3.00626 -11.2195 0
      vertex -3.00626 11.2195 0
      vertex -2.3249 11.3784 0
    endloop
  endfacet
  facet normal 0 0 -1
    outer loop
      vertex -3.67578 -11.0164 0
      vertex -3.00626 11.2195 0
      vertex -3.00626 -11.2195 0
    endloop
  endfacet
  facet normal 0 0 -1
    outer loop
      vertex -3.67578 -11.0164 0
      vertex -3.67578 11.0164 0
      vertex -3.00626 11.2195 0
    endloop
  endfacet
  facet normal 0 0 -1
    outer loop
      vertex -3.79019 -10.9776 0
      vertex -3.67578 -11.0164 0
      vertex -3.73362 -10.9989 0
    endloop
  endfacet
  facet normal 0 0 -1
    outer loop
      vertex -3.67578 -11.0164 0
      vertex -3.79019 -10.9776 0
      vertex -3.67578 11.0164 0
    endloop
  endfacet
  facet normal 0 0 -1
    outer loop
      vertex -3.79019 10.9776 0
      vertex -3.67578 11.0164 0
      vertex -3.79019 -10.9776 0
    endloop
  endfacet
  facet normal 0 0 -1
    outer loop
      vertex -3.67578 11.0164 0
      vertex -3.79019 10.9776 0
      vertex -3.73362 10.9989 0
    endloop
  endfacet
  facet normal 0 0 -1
    outer loop
      vertex -4.44498 -10.7311 0
      vertex -3.79019 10.9776 0
      vertex -3.79019 -10.9776 0
    endloop
  endfacet
  facet normal 0 0 -1
    outer loop
      vertex -4.44498 -10.7311 0
      vertex -4.44498 10.7311 0
      vertex -3.79019 10.9776 0
    endloop
  endfacet
  facet normal 0 0 -1
    outer loop
      vertex -5.08226 -10.4424 0
      vertex -4.44498 10.7311 0
      vertex -4.44498 -10.7311 0
    endloop
  endfacet
  facet normal 0 0 -1
    outer loop
      vertex -5.08226 -10.4424 0
      vertex -5.08226 10.4424 0
      vertex -4.44498 10.7311 0
    endloop
  endfacet
  facet normal 0 0 -1
    outer loop
      vertex -5.75434 -10.0876 0
      vertex -5.08226 -10.4424 0
      vertex -5.13732 -10.4174 0
    endloop
  endfacet
  facet normal 0 0 -1
    outer loop
      vertex -5.08226 -10.4424 0
      vertex -5.75434 -10.0876 0
      vertex -5.08226 10.4424 0
    endloop
  endfacet
  facet normal 0 0 -1
    outer loop
      vertex -5.75434 10.0876 0
      vertex -5.08226 10.4424 0
      vertex -5.75434 -10.0876 0
    endloop
  endfacet
  facet normal 0 0 -1
    outer loop
      vertex -5.08226 10.4424 0
      vertex -5.75434 10.0876 0
      vertex -5.13732 10.4174 0
    endloop
  endfacet
  facet normal 0 0 -1
    outer loop
      vertex -5.85898 -10.0272 0
      vertex -5.75434 -10.0876 0
      vertex -5.80765 -10.0591 0
    endloop
  endfacet
  facet normal 0 0 -1
    outer loop
      vertex -5.75434 -10.0876 0
      vertex -5.85898 -10.0272 0
      vertex -5.75434 10.0876 0
    endloop
  endfacet
  facet normal 0 0 -1
    outer loop
      vertex -5.85898 10.0272 0
      vertex -5.75434 10.0876 0
      vertex -5.85898 -10.0272 0
    endloop
  endfacet
  facet normal 0 0 -1
    outer loop
      vertex -5.75434 10.0876 0
      vertex -5.85898 10.0272 0
      vertex -5.80765 10.0591 0
    endloop
  endfacet
  facet normal 0 0 -1
    outer loop
      vertex -6.45312 -9.65777 0
      vertex -5.85898 10.0272 0
      vertex -5.85898 -10.0272 0
    endloop
  endfacet
  facet normal 0 0 -1
    outer loop
      vertex -6.45312 -9.65777 0
      vertex -6.45312 9.65777 0
      vertex -5.85898 10.0272 0
    endloop
  endfacet
  facet normal 0 0 -1
    outer loop
      vertex -7.02182 -9.25025 0
      vertex -6.45312 9.65777 0
      vertex -6.45312 -9.65777 0
    endloop
  endfacet
  facet normal 0 0 -1
    outer loop
      vertex -7.02182 -9.25025 0
      vertex -7.02182 9.25025 0
      vertex -6.45312 9.65777 0
    endloop
  endfacet
  facet normal 0 0 -1
    outer loop
      vertex -7.61178 -8.77119 0
      vertex -7.02182 -9.25025 0
      vertex -7.07095 -9.21504 0
    endloop
  endfacet
  facet normal 0 0 -1
    outer loop
      vertex -7.02182 -9.25025 0
      vertex -7.61178 -8.77119 0
      vertex -7.02182 9.25025 0
    endloop
  endfacet
  facet normal 0 0 -1
    outer loop
      vertex -7.61178 8.77119 0
      vertex -7.02182 9.25025 0
      vertex -7.61178 -8.77119 0
    endloop
  endfacet
  facet normal 0 0 -1
    outer loop
      vertex -7.02182 9.25025 0
      vertex -7.61178 8.77119 0
      vertex -7.07095 9.21504 0
    endloop
  endfacet
  facet normal 0 0 -1
    outer loop
      vertex -8.16914 -8.25458 0
      vertex -7.61178 -8.77119 0
      vertex -7.6585 -8.73285 0
    endloop
  endfacet
  facet normal 0 0 -1
    outer loop
      vertex -7.61178 -8.77119 0
      vertex -8.16914 -8.25458 0
      vertex -7.61178 8.77119 0
    endloop
  endfacet
  facet normal 0 0 -1
    outer loop
      vertex -8.16914 8.25458 0
      vertex -7.61178 8.77119 0
      vertex -8.16914 -8.25458 0
    endloop
  endfacet
  facet normal 0 0 -1
    outer loop
      vertex -7.61178 8.77119 0
      vertex -8.16914 8.25458 0
      vertex -7.6585 8.73285 0
    endloop
  endfacet
  facet normal 0 0 -1
    outer loop
      vertex -8.25458 -8.16914 0
      vertex -8.16914 -8.25458 0
      vertex -8.21326 -8.21326 0
    endloop
  endfacet
  facet normal 0 0 -1
    outer loop
      vertex -8.16914 -8.25458 0
      vertex -8.25458 -8.16914 0
      vertex -8.16914 8.25458 0
    endloop
  endfacet
  facet normal 0 0 -1
    outer loop
      vertex -8.25458 8.16914 0
      vertex -8.16914 8.25458 0
      vertex -8.25458 -8.16914 0
    endloop
  endfacet
  facet normal 0 0 -1
    outer loop
      vertex -8.16914 8.25458 0
      vertex -8.25458 8.16914 0
      vertex -8.21326 8.21326 0
    endloop
  endfacet
  facet normal 0 0 -1
    outer loop
      vertex -8.77119 -7.61178 0
      vertex -8.25458 -8.16914 0
      vertex -8.73285 -7.6585 0
    endloop
  endfacet
  facet normal 0 0 -1
    outer loop
      vertex -8.25458 -8.16914 0
      vertex -8.77119 -7.61178 0
      vertex -8.25458 8.16914 0
    endloop
  endfacet
  facet normal 0 0 -1
    outer loop
      vertex -8.77119 7.61178 0
      vertex -8.25458 8.16914 0
      vertex -8.77119 -7.61178 0
    endloop
  endfacet
  facet normal 0 0 -1
    outer loop
      vertex -8.25458 8.16914 0
      vertex -8.77119 7.61178 0
      vertex -8.73285 7.6585 0
    endloop
  endfacet
  facet normal 0 0 -1
    outer loop
      vertex -9.25025 -7.02182 0
      vertex -8.77119 -7.61178 0
      vertex -9.21504 -7.07095 0
    endloop
  endfacet
  facet normal 0 0 -1
    outer loop
      vertex -8.77119 -7.61178 0
      vertex -9.25025 -7.02182 0
      vertex -8.77119 7.61178 0
    endloop
  endfacet
  facet normal 0 0 -1
    outer loop
      vertex -9.25025 7.02182 0
      vertex -8.77119 7.61178 0
      vertex -9.25025 -7.02182 0
    endloop
  endfacet
  facet normal 0 0 -1
    outer loop
      vertex -8.77119 7.61178 0
      vertex -9.25025 7.02182 0
      vertex -9.21504 7.07095 0
    endloop
  endfacet
  facet normal 0 0 -1
    outer loop
      vertex -9.65777 -6.45312 0
      vertex -9.25025 7.02182 0
      vertex -9.25025 -7.02182 0
    endloop
  endfacet
  facet normal 0 0 -1
    outer loop
      vertex -9.65777 -6.45312 0
      vertex -9.65777 6.45312 0
      vertex -9.25025 7.02182 0
    endloop
  endfacet
  facet normal 0 0 -1
    outer loop
      vertex -10.0272 -5.85898 0
      vertex -9.65777 6.45312 0
      vertex -9.65777 -6.45312 0
    endloop
  endfacet
  facet normal 0 0 -1
    outer loop
      vertex -10.0272 -5.85898 0
      vertex -10.0272 5.85898 0
      vertex -9.65777 6.45312 0
    endloop
  endfacet
  facet normal 0 0 -1
    outer loop
      vertex -10.0876 -5.75434 0
      vertex -10.0272 -5.85898 0
      vertex -10.0591 -5.80765 0
    endloop
  endfacet
  facet normal 0 0 -1
    outer loop
      vertex -10.0272 -5.85898 0
      vertex -10.0876 -5.75434 0
      vertex -10.0272 5.85898 0
    endloop
  endfacet
  facet normal 0 0 -1
    outer loop
      vertex -10.0876 5.75434 0
      vertex -10.0272 5.85898 0
      vertex -10.0876 -5.75434 0
    endloop
  endfacet
  facet normal 0 0 -1
    outer loop
      vertex -10.0272 5.85898 0
      vertex -10.0876 5.75434 0
      vertex -10.0591 5.80765 0
    endloop
  endfacet
  facet normal 0 0 -1
    outer loop
      vertex -10.4424 -5.08226 0
      vertex -10.0876 -5.75434 0
      vertex -10.4174 -5.13732 0
    endloop
  endfacet
  facet normal 0 0 -1
    outer loop
      vertex -10.0876 -5.75434 0
      vertex -10.4424 -5.08226 0
      vertex -10.0876 5.75434 0
    endloop
  endfacet
  facet normal 0 0 -1
    outer loop
      vertex -10.4424 5.08226 0
      vertex -10.0876 5.75434 0
      vertex -10.4424 -5.08226 0
    endloop
  endfacet
  facet normal 0 0 -1
    outer loop
      vertex -10.0876 5.75434 0
      vertex -10.4424 5.08226 0
      vertex -10.4174 5.13732 0
    endloop
  endfacet
  facet normal 0 0 -1
    outer loop
      vertex -10.7311 -4.44498 0
      vertex -10.4424 5.08226 0
      vertex -10.4424 -5.08226 0
    endloop
  endfacet
  facet normal 0 0 -1
    outer loop
      vertex -10.7311 -4.44498 0
      vertex -10.7311 4.44498 0
      vertex -10.4424 5.08226 0
    endloop
  endfacet
  facet normal 0 0 -1
    outer loop
      vertex -10.9776 -3.79019 0
      vertex -10.7311 4.44498 0
      vertex -10.7311 -4.44498 0
    endloop
  endfacet
  facet normal 0 0 -1
    outer loop
      vertex -10.9776 -3.79019 0
      vertex -10.9776 3.79019 0
      vertex -10.7311 4.44498 0
    endloop
  endfacet
  facet normal 0 0 -1
    outer loop
      vertex -11.0164 -3.67578 0
      vertex -10.9776 -3.79019 0
      vertex -10.9989 -3.73362 0
    endloop
  endfacet
  facet normal 0 0 -1
    outer loop
      vertex -10.9776 -3.79019 0
      vertex -11.0164 -3.67578 0
      vertex -10.9776 3.79019 0
    endloop
  endfacet
  facet normal 0 0 -1
    outer loop
      vertex -11.0164 3.67578 0
      vertex -10.9776 3.79019 0
      vertex -11.0164 -3.67578 0
    endloop
  endfacet
  facet normal 0 0 -1
    outer loop
      vertex -10.9776 3.79019 0
      vertex -11.0164 3.67578 0
      vertex -10.9989 3.73362 0
    endloop
  endfacet
  facet normal 0 0 -1
    outer loop
      vertex -11.2195 -3.00626 0
      vertex -11.0164 3.67578 0
      vertex -11.0164 -3.67578 0
    endloop
  endfacet
  facet normal 0 0 -1
    outer loop
      vertex -11.2195 -3.00626 0
      vertex -11.2195 3.00626 0
      vertex -11.0164 3.67578 0
    endloop
  endfacet
  facet normal 0 0 -1
    outer loop
      vertex -11.3784 -2.3249 0
      vertex -11.2195 3.00626 0
      vertex -11.2195 -3.00626 0
    endloop
  endfacet
  facet normal 0 0 -1
    outer loop
      vertex -11.3784 -2.3249 0
      vertex -11.3784 2.3249 0
      vertex -11.2195 3.00626 0
    endloop
  endfacet
  facet normal 0 0 -1
    outer loop
      vertex -11.402 -2.2064 0
      vertex -11.3784 -2.3249 0
      vertex -11.3921 -2.26603 0
    endloop
  endfacet
  facet normal 0 0 -1
    outer loop
      vertex -11.3784 -2.3249 0
      vertex -11.402 -2.2064 0
      vertex -11.3784 2.3249 0
    endloop
  endfacet
  facet normal 0 0 -1
    outer loop
      vertex -11.402 2.2064 0
      vertex -11.3784 2.3249 0
      vertex -11.402 -2.2064 0
    endloop
  endfacet
  facet normal 0 0 -1
    outer loop
      vertex -11.3784 2.3249 0
      vertex -11.402 2.2064 0
      vertex -11.3921 2.26603 0
    endloop
  endfacet
  facet normal 0 0 -1
    outer loop
      vertex -11.5219 -1.45595 0
      vertex -11.402 -2.2064 0
      vertex -11.5159 -1.5161 0
    endloop
  endfacet
  facet normal 0 0 -1
    outer loop
      vertex -11.402 -2.2064 0
      vertex -11.5219 -1.45595 0
      vertex -11.402 2.2064 0
    endloop
  endfacet
  facet normal 0 0 -1
    outer loop
      vertex -11.5219 1.45595 0
      vertex -11.402 2.2064 0
      vertex -11.5219 -1.45595 0
    endloop
  endfacet
  facet normal 0 0 -1
    outer loop
      vertex -11.402 2.2064 0
      vertex -11.5219 1.45595 0
      vertex -11.5159 1.5161 0
    endloop
  endfacet
  facet normal 0 0 -1
    outer loop
      vertex -11.5904 -0.759677 0
      vertex -11.5219 1.45595 0
      vertex -11.5219 -1.45595 0
    endloop
  endfacet
  facet normal 0 0 -1
    outer loop
      vertex -11.5904 -0.759677 0
      vertex -11.5904 0.759677 0
      vertex -11.5219 1.45595 0
    endloop
  endfacet
  facet normal 0 0 -1
    outer loop
      vertex -11.6133 -0.0604113 0
      vertex -11.5904 0.759677 0
      vertex -11.5904 -0.759677 0
    endloop
  endfacet
  facet normal 0 0 -1
    outer loop
      vertex -11.6133 -0.0604113 0
      vertex -11.6133 0.0604113 0
      vertex -11.5904 0.759677 0
    endloop
  endfacet
  facet normal 0 -0 -1
    outer loop
      vertex -11.6133 0.0604113 0
      vertex -11.6133 -0.0604113 0
      vertex -11.6153 0 0
    endloop
  endfacet
endsolid OpenSCAD_Model
