solid OpenSCAD_Model
  facet normal -0.999466 0.0326711 0
    outer loop
      vertex -53.5 0 3
      vertex -53.469 0.948345 8.9
      vertex -53.469 0.948345 3
    endloop
  endfacet
  facet normal -0.999466 0.0326711 0
    outer loop
      vertex -53.469 0.948345 8.9
      vertex -53.5 0 3
      vertex -53.5 0 8.9
    endloop
  endfacet
  facet normal 0.0326726 0.999466 -0
    outer loop
      vertex -38.0517 14.469 3
      vertex -39 14.5 8.9
      vertex -38.0517 14.469 8.9
    endloop
  endfacet
  facet normal 0.0326726 0.999466 0
    outer loop
      vertex -39 14.5 8.9
      vertex -38.0517 14.469 3
      vertex -39 14.5 3
    endloop
  endfacet
  facet normal -0.352232 0.935913 0
    outer loop
      vertex -43.6609 13.7305 3
      vertex -44.5489 13.3963 8.9
      vertex -43.6609 13.7305 8.9
    endloop
  endfacet
  facet normal -0.352232 0.935913 0
    outer loop
      vertex -44.5489 13.3963 8.9
      vertex -43.6609 13.7305 3
      vertex -44.5489 13.3963 3
    endloop
  endfacet
  facet normal -0.812839 -0.582489 0
    outer loop
      vertex -50.5036 -8.82704 3
      vertex -51.0563 -8.05577 8.9
      vertex -51.0563 -8.05577 3
    endloop
  endfacet
  facet normal -0.812839 -0.582489 0
    outer loop
      vertex -51.0563 -8.05577 8.9
      vertex -50.5036 -8.82704 3
      vertex -50.5036 -8.82704 8.9
    endloop
  endfacet
  facet normal 0.956951 0.29025 0
    outer loop
      vertex -24.9941 3.75288 8.9
      vertex -25.2695 4.66087 3
      vertex -25.2695 4.66087 8.9
    endloop
  endfacet
  facet normal 0.956951 0.29025 0
    outer loop
      vertex -25.2695 4.66087 3
      vertex -24.9941 3.75288 8.9
      vertex -24.9941 3.75288 3
    endloop
  endfacet
  facet normal 0.773033 0.634366 0
    outer loop
      vertex -27.4964 8.82704 8.9
      vertex -28.0983 9.56051 3
      vertex -28.0983 9.56051 8.9
    endloop
  endfacet
  facet normal 0.773033 0.634366 0
    outer loop
      vertex -28.0983 9.56051 3
      vertex -27.4964 8.82704 8.9
      vertex -27.4964 8.82704 3
    endloop
  endfacet
  facet normal 0.471414 0.881912 -0
    outer loop
      vertex -31.75 12.5574 3
      vertex -32.5868 13.0047 8.9
      vertex -31.75 12.5574 8.9
    endloop
  endfacet
  facet normal 0.471414 0.881912 0
    outer loop
      vertex -32.5868 13.0047 8.9
      vertex -31.75 12.5574 3
      vertex -32.5868 13.0047 3
    endloop
  endfacet
  facet normal -0.849183 0.528098 0
    outer loop
      vertex -51.5574 7.25 3
      vertex -51.0563 8.05577 8.9
      vertex -51.0563 8.05577 3
    endloop
  endfacet
  facet normal -0.849183 0.528098 0
    outer loop
      vertex -51.0563 8.05577 8.9
      vertex -51.5574 7.25 3
      vertex -51.5574 7.25 8.9
    endloop
  endfacet
  facet normal -0.812839 0.582489 0
    outer loop
      vertex -51.0563 8.05577 3
      vertex -50.5036 8.82704 8.9
      vertex -50.5036 8.82704 3
    endloop
  endfacet
  facet normal -0.812839 0.582489 0
    outer loop
      vertex -50.5036 8.82704 8.9
      vertex -51.0563 8.05577 3
      vertex -51.0563 8.05577 8.9
    endloop
  endfacet
  facet normal -0.634351 0.773046 0
    outer loop
      vertex -47.827 11.5036 3
      vertex -48.5605 10.9017 8.9
      vertex -47.827 11.5036 8.9
    endloop
  endfacet
  facet normal -0.634351 0.773046 0
    outer loop
      vertex -48.5605 10.9017 8.9
      vertex -47.827 11.5036 3
      vertex -48.5605 10.9017 3
    endloop
  endfacet
  facet normal 0.881914 -0.47141 0
    outer loop
      vertex -26.4426 -7.25 8.9
      vertex -25.9953 -6.41319 3
      vertex -25.9953 -6.41319 8.9
    endloop
  endfacet
  facet normal 0.881914 -0.47141 0
    outer loop
      vertex -25.9953 -6.41319 3
      vertex -26.4426 -7.25 8.9
      vertex -26.4426 -7.25 3
    endloop
  endfacet
  facet normal 0.227106 -0.97387 0
    outer loop
      vertex -36.1712 -14.2214 3
      vertex -35.2471 -14.0059 8.9
      vertex -36.1712 -14.2214 8.9
    endloop
  endfacet
  facet normal 0.227106 -0.97387 0
    outer loop
      vertex -35.2471 -14.0059 8.9
      vertex -36.1712 -14.2214 3
      vertex -35.2471 -14.0059 3
    endloop
  endfacet
  facet normal 0.634351 -0.773046 0
    outer loop
      vertex -30.173 -11.5036 3
      vertex -29.4395 -10.9017 8.9
      vertex -30.173 -11.5036 8.9
    endloop
  endfacet
  facet normal 0.634351 -0.773046 0
    outer loop
      vertex -29.4395 -10.9017 8.9
      vertex -30.173 -11.5036 3
      vertex -29.4395 -10.9017 3
    endloop
  endfacet
  facet normal 0.999466 -0.0326711 0
    outer loop
      vertex -24.531 -0.948345 8.9
      vertex -24.5 0 3
      vertex -24.5 0 8.9
    endloop
  endfacet
  facet normal 0.999466 -0.0326711 0
    outer loop
      vertex -24.5 0 3
      vertex -24.531 -0.948345 8.9
      vertex -24.531 -0.948345 3
    endloop
  endfacet
  facet normal -0.352232 -0.935913 0
    outer loop
      vertex -44.5489 -13.3963 3
      vertex -43.6609 -13.7305 8.9
      vertex -44.5489 -13.3963 8.9
    endloop
  endfacet
  facet normal -0.352232 -0.935913 -0
    outer loop
      vertex -43.6609 -13.7305 8.9
      vertex -44.5489 -13.3963 3
      vertex -43.6609 -13.7305 3
    endloop
  endfacet
  facet normal -0.528084 -0.849192 0
    outer loop
      vertex -47.0558 -12.0563 3
      vertex -46.25 -12.5574 8.9
      vertex -47.0558 -12.0563 8.9
    endloop
  endfacet
  facet normal -0.528084 -0.849192 -0
    outer loop
      vertex -46.25 -12.5574 8.9
      vertex -47.0558 -12.0563 3
      vertex -46.25 -12.5574 3
    endloop
  endfacet
  facet normal 0.995175 0.0981174 0
    outer loop
      vertex -24.531 0.948345 8.9
      vertex -24.6241 1.89263 3
      vertex -24.6241 1.89263 8.9
    endloop
  endfacet
  facet normal 0.995175 0.0981174 0
    outer loop
      vertex -24.6241 1.89263 3
      vertex -24.531 0.948345 8.9
      vertex -24.531 0.948345 3
    endloop
  endfacet
  facet normal 0.935918 0.352218 0
    outer loop
      vertex -25.2695 4.66087 8.9
      vertex -25.6037 5.54891 3
      vertex -25.6037 5.54891 8.9
    endloop
  endfacet
  facet normal 0.935918 0.352218 0
    outer loop
      vertex -25.6037 5.54891 3
      vertex -25.2695 4.66087 8.9
      vertex -25.2695 4.66087 3
    endloop
  endfacet
  facet normal 0.881914 0.47141 0
    outer loop
      vertex -25.9953 6.41319 8.9
      vertex -26.4426 7.25 3
      vertex -26.4426 7.25 8.9
    endloop
  endfacet
  facet normal 0.881914 0.47141 0
    outer loop
      vertex -26.4426 7.25 3
      vertex -25.9953 6.41319 8.9
      vertex -25.9953 6.41319 3
    endloop
  endfacet
  facet normal 0.849183 0.528098 0
    outer loop
      vertex -26.4426 7.25 8.9
      vertex -26.9437 8.05577 3
      vertex -26.9437 8.05577 8.9
    endloop
  endfacet
  facet normal 0.849183 0.528098 0
    outer loop
      vertex -26.9437 8.05577 3
      vertex -26.4426 7.25 8.9
      vertex -26.4426 7.25 3
    endloop
  endfacet
  facet normal 0.227106 0.97387 -0
    outer loop
      vertex -35.2471 14.0059 3
      vertex -36.1712 14.2214 8.9
      vertex -35.2471 14.0059 8.9
    endloop
  endfacet
  facet normal 0.227106 0.97387 0
    outer loop
      vertex -36.1712 14.2214 8.9
      vertex -35.2471 14.0059 3
      vertex -36.1712 14.2214 3
    endloop
  endfacet
  facet normal 0.352232 0.935913 -0
    outer loop
      vertex -33.4511 13.3963 3
      vertex -34.3391 13.7305 8.9
      vertex -33.4511 13.3963 8.9
    endloop
  endfacet
  facet normal 0.352232 0.935913 0
    outer loop
      vertex -34.3391 13.7305 8.9
      vertex -33.4511 13.3963 3
      vertex -34.3391 13.7305 3
    endloop
  endfacet
  facet normal 0.0981158 0.995175 -0
    outer loop
      vertex -37.1074 14.3759 3
      vertex -38.0517 14.469 8.9
      vertex -37.1074 14.3759 8.9
    endloop
  endfacet
  facet normal 0.0981158 0.995175 0
    outer loop
      vertex -38.0517 14.469 8.9
      vertex -37.1074 14.3759 3
      vertex -38.0517 14.469 3
    endloop
  endfacet
  facet normal 0.634351 0.773046 -0
    outer loop
      vertex -29.4395 10.9017 3
      vertex -30.173 11.5036 8.9
      vertex -29.4395 10.9017 8.9
    endloop
  endfacet
  facet normal 0.634351 0.773046 0
    outer loop
      vertex -30.173 11.5036 8.9
      vertex -29.4395 10.9017 3
      vertex -30.173 11.5036 3
    endloop
  endfacet
  facet normal 0.582524 0.812814 -0
    outer loop
      vertex -30.173 11.5036 3
      vertex -30.9442 12.0563 8.9
      vertex -30.173 11.5036 8.9
    endloop
  endfacet
  facet normal 0.582524 0.812814 0
    outer loop
      vertex -30.9442 12.0563 8.9
      vertex -30.173 11.5036 3
      vertex -30.9442 12.0563 3
    endloop
  endfacet
  facet normal -0.973868 0.227113 0
    outer loop
      vertex -53.2214 2.82881 3
      vertex -53.0059 3.75288 8.9
      vertex -53.0059 3.75288 3
    endloop
  endfacet
  facet normal -0.973868 0.227113 0
    outer loop
      vertex -53.0059 3.75288 8.9
      vertex -53.2214 2.82881 3
      vertex -53.2214 2.82881 8.9
    endloop
  endfacet
  facet normal -0.935918 0.352218 0
    outer loop
      vertex -52.7305 4.66087 3
      vertex -52.3963 5.54891 8.9
      vertex -52.3963 5.54891 3
    endloop
  endfacet
  facet normal -0.935918 0.352218 0
    outer loop
      vertex -52.3963 5.54891 8.9
      vertex -52.7305 4.66087 3
      vertex -52.7305 4.66087 8.9
    endloop
  endfacet
  facet normal -0.995175 0.0981174 0
    outer loop
      vertex -53.469 0.948345 3
      vertex -53.3759 1.89263 8.9
      vertex -53.3759 1.89263 3
    endloop
  endfacet
  facet normal -0.995175 0.0981174 0
    outer loop
      vertex -53.3759 1.89263 8.9
      vertex -53.469 0.948345 3
      vertex -53.469 0.948345 8.9
    endloop
  endfacet
  facet normal -0.528084 0.849192 0
    outer loop
      vertex -46.25 12.5574 3
      vertex -47.0558 12.0563 8.9
      vertex -46.25 12.5574 8.9
    endloop
  endfacet
  facet normal -0.528084 0.849192 0
    outer loop
      vertex -47.0558 12.0563 8.9
      vertex -46.25 12.5574 3
      vertex -47.0558 12.0563 3
    endloop
  endfacet
  facet normal -0.0326726 0.999466 0
    outer loop
      vertex -39 14.5 3
      vertex -39.9483 14.469 8.9
      vertex -39 14.5 8.9
    endloop
  endfacet
  facet normal -0.0326726 0.999466 0
    outer loop
      vertex -39.9483 14.469 8.9
      vertex -39 14.5 3
      vertex -39.9483 14.469 3
    endloop
  endfacet
  facet normal -0.290247 0.956952 0
    outer loop
      vertex -42.7529 14.0059 3
      vertex -43.6609 13.7305 8.9
      vertex -42.7529 14.0059 8.9
    endloop
  endfacet
  facet normal -0.290247 0.956952 0
    outer loop
      vertex -43.6609 13.7305 8.9
      vertex -42.7529 14.0059 3
      vertex -43.6609 13.7305 3
    endloop
  endfacet
  facet normal 0.986654 -0.16283 0
    outer loop
      vertex -24.7786 -2.82881 8.9
      vertex -24.6241 -1.89263 3
      vertex -24.6241 -1.89263 8.9
    endloop
  endfacet
  facet normal 0.986654 -0.16283 0
    outer loop
      vertex -24.6241 -1.89263 3
      vertex -24.7786 -2.82881 8.9
      vertex -24.7786 -2.82881 3
    endloop
  endfacet
  facet normal 0.0326726 -0.999466 0
    outer loop
      vertex -39 -14.5 3
      vertex -38.0517 -14.469 8.9
      vertex -39 -14.5 8.9
    endloop
  endfacet
  facet normal 0.0326726 -0.999466 0
    outer loop
      vertex -38.0517 -14.469 8.9
      vertex -39 -14.5 3
      vertex -38.0517 -14.469 3
    endloop
  endfacet
  facet normal 0.582524 -0.812814 0
    outer loop
      vertex -30.9442 -12.0563 3
      vertex -30.173 -11.5036 8.9
      vertex -30.9442 -12.0563 8.9
    endloop
  endfacet
  facet normal 0.582524 -0.812814 0
    outer loop
      vertex -30.173 -11.5036 8.9
      vertex -30.9442 -12.0563 3
      vertex -30.173 -11.5036 3
    endloop
  endfacet
  facet normal 0.528084 -0.849192 0
    outer loop
      vertex -31.75 -12.5574 3
      vertex -30.9442 -12.0563 8.9
      vertex -31.75 -12.5574 8.9
    endloop
  endfacet
  facet normal 0.528084 -0.849192 0
    outer loop
      vertex -30.9442 -12.0563 8.9
      vertex -31.75 -12.5574 3
      vertex -30.9442 -12.0563 3
    endloop
  endfacet
  facet normal 0.956951 -0.29025 0
    outer loop
      vertex -25.2695 -4.66087 8.9
      vertex -24.9941 -3.75288 3
      vertex -24.9941 -3.75288 8.9
    endloop
  endfacet
  facet normal 0.956951 -0.29025 0
    outer loop
      vertex -24.9941 -3.75288 3
      vertex -25.2695 -4.66087 8.9
      vertex -25.2695 -4.66087 3
    endloop
  endfacet
  facet normal 0.995175 -0.0981174 0
    outer loop
      vertex -24.6241 -1.89263 8.9
      vertex -24.531 -0.948345 3
      vertex -24.531 -0.948345 8.9
    endloop
  endfacet
  facet normal 0.995175 -0.0981174 0
    outer loop
      vertex -24.531 -0.948345 3
      vertex -24.6241 -1.89263 8.9
      vertex -24.6241 -1.89263 3
    endloop
  endfacet
  facet normal -0.0326726 -0.999466 0
    outer loop
      vertex -39.9483 -14.469 3
      vertex -39 -14.5 8.9
      vertex -39.9483 -14.469 8.9
    endloop
  endfacet
  facet normal -0.0326726 -0.999466 -0
    outer loop
      vertex -39 -14.5 8.9
      vertex -39.9483 -14.469 3
      vertex -39 -14.5 3
    endloop
  endfacet
  facet normal -0.582524 -0.812814 0
    outer loop
      vertex -47.827 -11.5036 3
      vertex -47.0558 -12.0563 8.9
      vertex -47.827 -11.5036 8.9
    endloop
  endfacet
  facet normal -0.582524 -0.812814 -0
    outer loop
      vertex -47.0558 -12.0563 8.9
      vertex -47.827 -11.5036 3
      vertex -47.0558 -12.0563 3
    endloop
  endfacet
  facet normal -0.729805 -0.683655 0
    outer loop
      vertex -49.253 -10.253 3
      vertex -49.9017 -9.56051 8.9
      vertex -49.9017 -9.56051 3
    endloop
  endfacet
  facet normal -0.729805 -0.683655 0
    outer loop
      vertex -49.9017 -9.56051 8.9
      vertex -49.253 -10.253 3
      vertex -49.253 -10.253 8.9
    endloop
  endfacet
  facet normal -0.910864 -0.412707 0
    outer loop
      vertex -52.0047 -6.41319 3
      vertex -52.3963 -5.54891 8.9
      vertex -52.3963 -5.54891 3
    endloop
  endfacet
  facet normal -0.910864 -0.412707 0
    outer loop
      vertex -52.3963 -5.54891 8.9
      vertex -52.0047 -6.41319 3
      vertex -52.0047 -6.41319 8.9
    endloop
  endfacet
  facet normal -0.999466 -0.0326711 0
    outer loop
      vertex -53.469 -0.948345 3
      vertex -53.5 0 8.9
      vertex -53.5 0 3
    endloop
  endfacet
  facet normal -0.999466 -0.0326711 0
    outer loop
      vertex -53.5 0 8.9
      vertex -53.469 -0.948345 3
      vertex -53.469 -0.948345 8.9
    endloop
  endfacet
  facet normal 0.729805 0.683655 0
    outer loop
      vertex -28.0983 9.56051 8.9
      vertex -28.747 10.253 3
      vertex -28.747 10.253 8.9
    endloop
  endfacet
  facet normal 0.729805 0.683655 0
    outer loop
      vertex -28.747 10.253 3
      vertex -28.0983 9.56051 8.9
      vertex -28.0983 9.56051 3
    endloop
  endfacet
  facet normal 0.812839 0.582489 0
    outer loop
      vertex -26.9437 8.05577 8.9
      vertex -27.4964 8.82704 3
      vertex -27.4964 8.82704 8.9
    endloop
  endfacet
  facet normal 0.812839 0.582489 0
    outer loop
      vertex -27.4964 8.82704 3
      vertex -26.9437 8.05577 8.9
      vertex -26.9437 8.05577 3
    endloop
  endfacet
  facet normal 0.910864 0.412707 0
    outer loop
      vertex -25.6037 5.54891 8.9
      vertex -25.9953 6.41319 3
      vertex -25.9953 6.41319 8.9
    endloop
  endfacet
  facet normal 0.910864 0.412707 0
    outer loop
      vertex -25.9953 6.41319 3
      vertex -25.6037 5.54891 8.9
      vertex -25.6037 5.54891 3
    endloop
  endfacet
  facet normal 0.290247 0.956952 -0
    outer loop
      vertex -34.3391 13.7305 3
      vertex -35.2471 14.0059 8.9
      vertex -34.3391 13.7305 8.9
    endloop
  endfacet
  facet normal 0.290247 0.956952 0
    outer loop
      vertex -35.2471 14.0059 8.9
      vertex -34.3391 13.7305 3
      vertex -35.2471 14.0059 3
    endloop
  endfacet
  facet normal 0.162826 0.986655 -0
    outer loop
      vertex -36.1712 14.2214 3
      vertex -37.1074 14.3759 8.9
      vertex -36.1712 14.2214 8.9
    endloop
  endfacet
  facet normal 0.162826 0.986655 0
    outer loop
      vertex -37.1074 14.3759 8.9
      vertex -36.1712 14.2214 3
      vertex -37.1074 14.3759 3
    endloop
  endfacet
  facet normal 0.412699 0.910867 -0
    outer loop
      vertex -32.5868 13.0047 3
      vertex -33.4511 13.3963 8.9
      vertex -32.5868 13.0047 8.9
    endloop
  endfacet
  facet normal 0.412699 0.910867 0
    outer loop
      vertex -33.4511 13.3963 8.9
      vertex -32.5868 13.0047 3
      vertex -33.4511 13.3963 3
    endloop
  endfacet
  facet normal 0.528084 0.849192 -0
    outer loop
      vertex -30.9442 12.0563 3
      vertex -31.75 12.5574 8.9
      vertex -30.9442 12.0563 8.9
    endloop
  endfacet
  facet normal 0.528084 0.849192 0
    outer loop
      vertex -31.75 12.5574 8.9
      vertex -30.9442 12.0563 3
      vertex -31.75 12.5574 3
    endloop
  endfacet
  facet normal 0.68365 0.72981 -0
    outer loop
      vertex -28.747 10.253 3
      vertex -29.4395 10.9017 8.9
      vertex -28.747 10.253 8.9
    endloop
  endfacet
  facet normal 0.68365 0.72981 0
    outer loop
      vertex -29.4395 10.9017 8.9
      vertex -28.747 10.253 3
      vertex -29.4395 10.9017 3
    endloop
  endfacet
  facet normal -0.729805 0.683655 0
    outer loop
      vertex -49.9017 9.56051 3
      vertex -49.253 10.253 8.9
      vertex -49.253 10.253 3
    endloop
  endfacet
  facet normal -0.729805 0.683655 0
    outer loop
      vertex -49.253 10.253 8.9
      vertex -49.9017 9.56051 3
      vertex -49.9017 9.56051 8.9
    endloop
  endfacet
  facet normal -0.773033 0.634366 0
    outer loop
      vertex -50.5036 8.82704 3
      vertex -49.9017 9.56051 8.9
      vertex -49.9017 9.56051 3
    endloop
  endfacet
  facet normal -0.773033 0.634366 0
    outer loop
      vertex -49.9017 9.56051 8.9
      vertex -50.5036 8.82704 3
      vertex -50.5036 8.82704 8.9
    endloop
  endfacet
  facet normal -0.910864 0.412707 0
    outer loop
      vertex -52.3963 5.54891 3
      vertex -52.0047 6.41319 8.9
      vertex -52.0047 6.41319 3
    endloop
  endfacet
  facet normal -0.910864 0.412707 0
    outer loop
      vertex -52.0047 6.41319 8.9
      vertex -52.3963 5.54891 3
      vertex -52.3963 5.54891 8.9
    endloop
  endfacet
  facet normal -0.881914 0.47141 0
    outer loop
      vertex -52.0047 6.41319 3
      vertex -51.5574 7.25 8.9
      vertex -51.5574 7.25 3
    endloop
  endfacet
  facet normal -0.881914 0.47141 0
    outer loop
      vertex -51.5574 7.25 8.9
      vertex -52.0047 6.41319 3
      vertex -52.0047 6.41319 8.9
    endloop
  endfacet
  facet normal 0 0 1
    outer loop
      vertex -24.531 0.948345 8.9
      vertex -24.531 -0.948345 8.9
      vertex -24.5 0 8.9
    endloop
  endfacet
  facet normal 0 0 1
    outer loop
      vertex -24.6241 1.89263 8.9
      vertex -24.531 -0.948345 8.9
      vertex -24.531 0.948345 8.9
    endloop
  endfacet
  facet normal 0 0 1
    outer loop
      vertex -24.6241 1.89263 8.9
      vertex -24.6241 -1.89263 8.9
      vertex -24.531 -0.948345 8.9
    endloop
  endfacet
  facet normal 0 0 1
    outer loop
      vertex -24.7786 2.82881 8.9
      vertex -24.6241 -1.89263 8.9
      vertex -24.6241 1.89263 8.9
    endloop
  endfacet
  facet normal 0 0 1
    outer loop
      vertex -24.7786 2.82881 8.9
      vertex -24.7786 -2.82881 8.9
      vertex -24.6241 -1.89263 8.9
    endloop
  endfacet
  facet normal 0 0 1
    outer loop
      vertex -24.9941 3.75288 8.9
      vertex -24.7786 -2.82881 8.9
      vertex -24.7786 2.82881 8.9
    endloop
  endfacet
  facet normal 0 0 1
    outer loop
      vertex -24.9941 3.75288 8.9
      vertex -24.9941 -3.75288 8.9
      vertex -24.7786 -2.82881 8.9
    endloop
  endfacet
  facet normal 0 0 1
    outer loop
      vertex -25.2695 4.66087 8.9
      vertex -24.9941 -3.75288 8.9
      vertex -24.9941 3.75288 8.9
    endloop
  endfacet
  facet normal 0 0 1
    outer loop
      vertex -25.2695 4.66087 8.9
      vertex -25.2695 -4.66087 8.9
      vertex -24.9941 -3.75288 8.9
    endloop
  endfacet
  facet normal 0 0 1
    outer loop
      vertex -25.6037 5.54891 8.9
      vertex -25.2695 -4.66087 8.9
      vertex -25.2695 4.66087 8.9
    endloop
  endfacet
  facet normal 0 0 1
    outer loop
      vertex -25.6037 5.54891 8.9
      vertex -25.6037 -5.54891 8.9
      vertex -25.2695 -4.66087 8.9
    endloop
  endfacet
  facet normal 0 0 1
    outer loop
      vertex -25.9953 6.41319 8.9
      vertex -25.6037 -5.54891 8.9
      vertex -25.6037 5.54891 8.9
    endloop
  endfacet
  facet normal 0 0 1
    outer loop
      vertex -25.9953 6.41319 8.9
      vertex -25.9953 -6.41319 8.9
      vertex -25.6037 -5.54891 8.9
    endloop
  endfacet
  facet normal 0 0 1
    outer loop
      vertex -26.4426 7.25 8.9
      vertex -25.9953 -6.41319 8.9
      vertex -25.9953 6.41319 8.9
    endloop
  endfacet
  facet normal 0 0 1
    outer loop
      vertex -26.4426 7.25 8.9
      vertex -26.4426 -7.25 8.9
      vertex -25.9953 -6.41319 8.9
    endloop
  endfacet
  facet normal 0 0 1
    outer loop
      vertex -26.9437 8.05577 8.9
      vertex -26.4426 -7.25 8.9
      vertex -26.4426 7.25 8.9
    endloop
  endfacet
  facet normal 0 0 1
    outer loop
      vertex -26.9437 8.05577 8.9
      vertex -26.9437 -8.05577 8.9
      vertex -26.4426 -7.25 8.9
    endloop
  endfacet
  facet normal 0 0 1
    outer loop
      vertex -27.4964 8.82704 8.9
      vertex -26.9437 -8.05577 8.9
      vertex -26.9437 8.05577 8.9
    endloop
  endfacet
  facet normal 0 0 1
    outer loop
      vertex -27.4964 8.82704 8.9
      vertex -27.4964 -8.82704 8.9
      vertex -26.9437 -8.05577 8.9
    endloop
  endfacet
  facet normal 0 0 1
    outer loop
      vertex -28.0983 9.56051 8.9
      vertex -27.4964 -8.82704 8.9
      vertex -27.4964 8.82704 8.9
    endloop
  endfacet
  facet normal 0 0 1
    outer loop
      vertex -28.0983 9.56051 8.9
      vertex -28.0983 -9.56051 8.9
      vertex -27.4964 -8.82704 8.9
    endloop
  endfacet
  facet normal 0 0 1
    outer loop
      vertex -28.747 10.253 8.9
      vertex -28.0983 -9.56051 8.9
      vertex -28.0983 9.56051 8.9
    endloop
  endfacet
  facet normal 0 0 1
    outer loop
      vertex -28.747 10.253 8.9
      vertex -28.747 -10.253 8.9
      vertex -28.0983 -9.56051 8.9
    endloop
  endfacet
  facet normal 0 0 1
    outer loop
      vertex -29.4395 10.9017 8.9
      vertex -28.747 -10.253 8.9
      vertex -28.747 10.253 8.9
    endloop
  endfacet
  facet normal 0 0 1
    outer loop
      vertex -29.4395 10.9017 8.9
      vertex -29.4395 -10.9017 8.9
      vertex -28.747 -10.253 8.9
    endloop
  endfacet
  facet normal 0 0 1
    outer loop
      vertex -30.173 11.5036 8.9
      vertex -29.4395 -10.9017 8.9
      vertex -29.4395 10.9017 8.9
    endloop
  endfacet
  facet normal 0 0 1
    outer loop
      vertex -30.173 11.5036 8.9
      vertex -30.173 -11.5036 8.9
      vertex -29.4395 -10.9017 8.9
    endloop
  endfacet
  facet normal 0 0 1
    outer loop
      vertex -30.9442 12.0563 8.9
      vertex -30.173 -11.5036 8.9
      vertex -30.173 11.5036 8.9
    endloop
  endfacet
  facet normal 0 0 1
    outer loop
      vertex -30.9442 12.0563 8.9
      vertex -30.9442 -12.0563 8.9
      vertex -30.173 -11.5036 8.9
    endloop
  endfacet
  facet normal 0 0 1
    outer loop
      vertex -31.75 12.5574 8.9
      vertex -30.9442 -12.0563 8.9
      vertex -30.9442 12.0563 8.9
    endloop
  endfacet
  facet normal 0 0 1
    outer loop
      vertex -31.75 12.5574 8.9
      vertex -31.75 -12.5574 8.9
      vertex -30.9442 -12.0563 8.9
    endloop
  endfacet
  facet normal 0 0 1
    outer loop
      vertex -32.5868 13.0047 8.9
      vertex -31.75 -12.5574 8.9
      vertex -31.75 12.5574 8.9
    endloop
  endfacet
  facet normal 0 0 1
    outer loop
      vertex -32.5868 13.0047 8.9
      vertex -32.5868 -13.0047 8.9
      vertex -31.75 -12.5574 8.9
    endloop
  endfacet
  facet normal 0 0 1
    outer loop
      vertex -33.4511 13.3963 8.9
      vertex -32.5868 -13.0047 8.9
      vertex -32.5868 13.0047 8.9
    endloop
  endfacet
  facet normal 0 0 1
    outer loop
      vertex -33.4511 13.3963 8.9
      vertex -33.4511 -13.3963 8.9
      vertex -32.5868 -13.0047 8.9
    endloop
  endfacet
  facet normal 0 0 1
    outer loop
      vertex -34.3391 13.7305 8.9
      vertex -33.4511 -13.3963 8.9
      vertex -33.4511 13.3963 8.9
    endloop
  endfacet
  facet normal 0 0 1
    outer loop
      vertex -34.3391 13.7305 8.9
      vertex -34.3391 -13.7305 8.9
      vertex -33.4511 -13.3963 8.9
    endloop
  endfacet
  facet normal 0 0 1
    outer loop
      vertex -35.2471 14.0059 8.9
      vertex -34.3391 -13.7305 8.9
      vertex -34.3391 13.7305 8.9
    endloop
  endfacet
  facet normal 0 0 1
    outer loop
      vertex -35.2471 14.0059 8.9
      vertex -35.2471 -14.0059 8.9
      vertex -34.3391 -13.7305 8.9
    endloop
  endfacet
  facet normal 0 0 1
    outer loop
      vertex -36.1712 14.2214 8.9
      vertex -35.2471 -14.0059 8.9
      vertex -35.2471 14.0059 8.9
    endloop
  endfacet
  facet normal 0 0 1
    outer loop
      vertex -36.1712 14.2214 8.9
      vertex -36.1712 -14.2214 8.9
      vertex -35.2471 -14.0059 8.9
    endloop
  endfacet
  facet normal 0 0 1
    outer loop
      vertex -37.1074 14.3759 8.9
      vertex -36.1712 -14.2214 8.9
      vertex -36.1712 14.2214 8.9
    endloop
  endfacet
  facet normal 0 0 1
    outer loop
      vertex -37.1074 14.3759 8.9
      vertex -37.1074 -14.3759 8.9
      vertex -36.1712 -14.2214 8.9
    endloop
  endfacet
  facet normal 0 0 1
    outer loop
      vertex -38.0517 14.469 8.9
      vertex -37.1074 -14.3759 8.9
      vertex -37.1074 14.3759 8.9
    endloop
  endfacet
  facet normal 0 0 1
    outer loop
      vertex -38.0517 14.469 8.9
      vertex -38.0517 -14.469 8.9
      vertex -37.1074 -14.3759 8.9
    endloop
  endfacet
  facet normal 0 0 1
    outer loop
      vertex -39 14.5 8.9
      vertex -38.0517 -14.469 8.9
      vertex -38.0517 14.469 8.9
    endloop
  endfacet
  facet normal 0 0 1
    outer loop
      vertex -39 14.5 8.9
      vertex -39 -14.5 8.9
      vertex -38.0517 -14.469 8.9
    endloop
  endfacet
  facet normal -0 0 1
    outer loop
      vertex -39.9483 14.469 8.9
      vertex -39 -14.5 8.9
      vertex -39 14.5 8.9
    endloop
  endfacet
  facet normal 0 0 1
    outer loop
      vertex -39.9483 14.469 8.9
      vertex -39.9483 -14.469 8.9
      vertex -39 -14.5 8.9
    endloop
  endfacet
  facet normal -0 0 1
    outer loop
      vertex -40.8926 14.3759 8.9
      vertex -39.9483 -14.469 8.9
      vertex -39.9483 14.469 8.9
    endloop
  endfacet
  facet normal 0 0 1
    outer loop
      vertex -40.8926 14.3759 8.9
      vertex -40.8926 -14.3759 8.9
      vertex -39.9483 -14.469 8.9
    endloop
  endfacet
  facet normal -0 0 1
    outer loop
      vertex -41.8288 14.2214 8.9
      vertex -40.8926 -14.3759 8.9
      vertex -40.8926 14.3759 8.9
    endloop
  endfacet
  facet normal 0 0 1
    outer loop
      vertex -41.8288 14.2214 8.9
      vertex -41.8288 -14.2214 8.9
      vertex -40.8926 -14.3759 8.9
    endloop
  endfacet
  facet normal -0 0 1
    outer loop
      vertex -42.7529 14.0059 8.9
      vertex -41.8288 -14.2214 8.9
      vertex -41.8288 14.2214 8.9
    endloop
  endfacet
  facet normal 0 0 1
    outer loop
      vertex -42.7529 14.0059 8.9
      vertex -42.7529 -14.0059 8.9
      vertex -41.8288 -14.2214 8.9
    endloop
  endfacet
  facet normal -0 0 1
    outer loop
      vertex -43.6609 13.7305 8.9
      vertex -42.7529 -14.0059 8.9
      vertex -42.7529 14.0059 8.9
    endloop
  endfacet
  facet normal 0 0 1
    outer loop
      vertex -43.6609 13.7305 8.9
      vertex -43.6609 -13.7305 8.9
      vertex -42.7529 -14.0059 8.9
    endloop
  endfacet
  facet normal -0 0 1
    outer loop
      vertex -44.5489 13.3963 8.9
      vertex -43.6609 -13.7305 8.9
      vertex -43.6609 13.7305 8.9
    endloop
  endfacet
  facet normal 0 0 1
    outer loop
      vertex -44.5489 13.3963 8.9
      vertex -44.5489 -13.3963 8.9
      vertex -43.6609 -13.7305 8.9
    endloop
  endfacet
  facet normal -0 0 1
    outer loop
      vertex -45.4132 13.0047 8.9
      vertex -44.5489 -13.3963 8.9
      vertex -44.5489 13.3963 8.9
    endloop
  endfacet
  facet normal 0 0 1
    outer loop
      vertex -45.4132 13.0047 8.9
      vertex -45.4132 -13.0047 8.9
      vertex -44.5489 -13.3963 8.9
    endloop
  endfacet
  facet normal -0 0 1
    outer loop
      vertex -46.25 12.5574 8.9
      vertex -45.4132 -13.0047 8.9
      vertex -45.4132 13.0047 8.9
    endloop
  endfacet
  facet normal 0 0 1
    outer loop
      vertex -46.25 12.5574 8.9
      vertex -46.25 -12.5574 8.9
      vertex -45.4132 -13.0047 8.9
    endloop
  endfacet
  facet normal -0 0 1
    outer loop
      vertex -47.0558 12.0563 8.9
      vertex -46.25 -12.5574 8.9
      vertex -46.25 12.5574 8.9
    endloop
  endfacet
  facet normal 0 0 1
    outer loop
      vertex -47.0558 12.0563 8.9
      vertex -47.0558 -12.0563 8.9
      vertex -46.25 -12.5574 8.9
    endloop
  endfacet
  facet normal -0 0 1
    outer loop
      vertex -47.827 11.5036 8.9
      vertex -47.0558 -12.0563 8.9
      vertex -47.0558 12.0563 8.9
    endloop
  endfacet
  facet normal 0 0 1
    outer loop
      vertex -47.827 11.5036 8.9
      vertex -47.827 -11.5036 8.9
      vertex -47.0558 -12.0563 8.9
    endloop
  endfacet
  facet normal -0 0 1
    outer loop
      vertex -48.5605 10.9017 8.9
      vertex -47.827 -11.5036 8.9
      vertex -47.827 11.5036 8.9
    endloop
  endfacet
  facet normal 0 0 1
    outer loop
      vertex -48.5605 10.9017 8.9
      vertex -48.5605 -10.9017 8.9
      vertex -47.827 -11.5036 8.9
    endloop
  endfacet
  facet normal -0 0 1
    outer loop
      vertex -49.253 10.253 8.9
      vertex -48.5605 -10.9017 8.9
      vertex -48.5605 10.9017 8.9
    endloop
  endfacet
  facet normal 0 0 1
    outer loop
      vertex -49.253 10.253 8.9
      vertex -49.253 -10.253 8.9
      vertex -48.5605 -10.9017 8.9
    endloop
  endfacet
  facet normal -0 0 1
    outer loop
      vertex -49.9017 9.56051 8.9
      vertex -49.253 -10.253 8.9
      vertex -49.253 10.253 8.9
    endloop
  endfacet
  facet normal 0 0 1
    outer loop
      vertex -49.9017 9.56051 8.9
      vertex -49.9017 -9.56051 8.9
      vertex -49.253 -10.253 8.9
    endloop
  endfacet
  facet normal -0 0 1
    outer loop
      vertex -50.5036 8.82704 8.9
      vertex -49.9017 -9.56051 8.9
      vertex -49.9017 9.56051 8.9
    endloop
  endfacet
  facet normal 0 0 1
    outer loop
      vertex -50.5036 8.82704 8.9
      vertex -50.5036 -8.82704 8.9
      vertex -49.9017 -9.56051 8.9
    endloop
  endfacet
  facet normal -0 0 1
    outer loop
      vertex -51.0563 8.05577 8.9
      vertex -50.5036 -8.82704 8.9
      vertex -50.5036 8.82704 8.9
    endloop
  endfacet
  facet normal 0 0 1
    outer loop
      vertex -51.0563 8.05577 8.9
      vertex -51.0563 -8.05577 8.9
      vertex -50.5036 -8.82704 8.9
    endloop
  endfacet
  facet normal -0 0 1
    outer loop
      vertex -51.5574 7.25 8.9
      vertex -51.0563 -8.05577 8.9
      vertex -51.0563 8.05577 8.9
    endloop
  endfacet
  facet normal 0 0 1
    outer loop
      vertex -51.5574 7.25 8.9
      vertex -51.5574 -7.25 8.9
      vertex -51.0563 -8.05577 8.9
    endloop
  endfacet
  facet normal -0 0 1
    outer loop
      vertex -52.0047 6.41319 8.9
      vertex -51.5574 -7.25 8.9
      vertex -51.5574 7.25 8.9
    endloop
  endfacet
  facet normal 0 0 1
    outer loop
      vertex -52.0047 6.41319 8.9
      vertex -52.0047 -6.41319 8.9
      vertex -51.5574 -7.25 8.9
    endloop
  endfacet
  facet normal -0 0 1
    outer loop
      vertex -52.3963 5.54891 8.9
      vertex -52.0047 -6.41319 8.9
      vertex -52.0047 6.41319 8.9
    endloop
  endfacet
  facet normal 0 0 1
    outer loop
      vertex -52.3963 5.54891 8.9
      vertex -52.3963 -5.54891 8.9
      vertex -52.0047 -6.41319 8.9
    endloop
  endfacet
  facet normal -0 0 1
    outer loop
      vertex -52.7305 4.66087 8.9
      vertex -52.3963 -5.54891 8.9
      vertex -52.3963 5.54891 8.9
    endloop
  endfacet
  facet normal 0 0 1
    outer loop
      vertex -52.7305 4.66087 8.9
      vertex -52.7305 -4.66087 8.9
      vertex -52.3963 -5.54891 8.9
    endloop
  endfacet
  facet normal -0 0 1
    outer loop
      vertex -53.0059 3.75288 8.9
      vertex -52.7305 -4.66087 8.9
      vertex -52.7305 4.66087 8.9
    endloop
  endfacet
  facet normal 0 0 1
    outer loop
      vertex -53.0059 3.75288 8.9
      vertex -53.0059 -3.75288 8.9
      vertex -52.7305 -4.66087 8.9
    endloop
  endfacet
  facet normal -0 0 1
    outer loop
      vertex -53.2214 2.82881 8.9
      vertex -53.0059 -3.75288 8.9
      vertex -53.0059 3.75288 8.9
    endloop
  endfacet
  facet normal 0 0 1
    outer loop
      vertex -53.2214 2.82881 8.9
      vertex -53.2214 -2.82881 8.9
      vertex -53.0059 -3.75288 8.9
    endloop
  endfacet
  facet normal -0 0 1
    outer loop
      vertex -53.3759 1.89263 8.9
      vertex -53.2214 -2.82881 8.9
      vertex -53.2214 2.82881 8.9
    endloop
  endfacet
  facet normal 0 0 1
    outer loop
      vertex -53.3759 1.89263 8.9
      vertex -53.3759 -1.89263 8.9
      vertex -53.2214 -2.82881 8.9
    endloop
  endfacet
  facet normal -0 0 1
    outer loop
      vertex -53.469 0.948345 8.9
      vertex -53.3759 -1.89263 8.9
      vertex -53.3759 1.89263 8.9
    endloop
  endfacet
  facet normal 0 0 1
    outer loop
      vertex -53.469 0.948345 8.9
      vertex -53.469 -0.948345 8.9
      vertex -53.3759 -1.89263 8.9
    endloop
  endfacet
  facet normal 0 -0 1
    outer loop
      vertex -53.469 -0.948345 8.9
      vertex -53.469 0.948345 8.9
      vertex -53.5 0 8.9
    endloop
  endfacet
  facet normal -0.956951 0.29025 0
    outer loop
      vertex -53.0059 3.75288 3
      vertex -52.7305 4.66087 8.9
      vertex -52.7305 4.66087 3
    endloop
  endfacet
  facet normal -0.956951 0.29025 0
    outer loop
      vertex -52.7305 4.66087 8.9
      vertex -53.0059 3.75288 3
      vertex -53.0059 3.75288 8.9
    endloop
  endfacet
  facet normal -0.986654 0.16283 0
    outer loop
      vertex -53.3759 1.89263 3
      vertex -53.2214 2.82881 8.9
      vertex -53.2214 2.82881 3
    endloop
  endfacet
  facet normal -0.986654 0.16283 0
    outer loop
      vertex -53.2214 2.82881 8.9
      vertex -53.3759 1.89263 3
      vertex -53.3759 1.89263 8.9
    endloop
  endfacet
  facet normal -0.68365 0.72981 0
    outer loop
      vertex -48.5605 10.9017 3
      vertex -49.253 10.253 8.9
      vertex -48.5605 10.9017 8.9
    endloop
  endfacet
  facet normal -0.68365 0.72981 0
    outer loop
      vertex -49.253 10.253 8.9
      vertex -48.5605 10.9017 3
      vertex -49.253 10.253 3
    endloop
  endfacet
  facet normal -0.412699 0.910867 0
    outer loop
      vertex -44.5489 13.3963 3
      vertex -45.4132 13.0047 8.9
      vertex -44.5489 13.3963 8.9
    endloop
  endfacet
  facet normal -0.412699 0.910867 0
    outer loop
      vertex -45.4132 13.0047 8.9
      vertex -44.5489 13.3963 3
      vertex -45.4132 13.0047 3
    endloop
  endfacet
  facet normal -0.582524 0.812814 0
    outer loop
      vertex -47.0558 12.0563 3
      vertex -47.827 11.5036 8.9
      vertex -47.0558 12.0563 8.9
    endloop
  endfacet
  facet normal -0.582524 0.812814 0
    outer loop
      vertex -47.827 11.5036 8.9
      vertex -47.0558 12.0563 3
      vertex -47.827 11.5036 3
    endloop
  endfacet
  facet normal -0.471414 0.881912 0
    outer loop
      vertex -45.4132 13.0047 3
      vertex -46.25 12.5574 8.9
      vertex -45.4132 13.0047 8.9
    endloop
  endfacet
  facet normal -0.471414 0.881912 0
    outer loop
      vertex -46.25 12.5574 8.9
      vertex -45.4132 13.0047 3
      vertex -46.25 12.5574 3
    endloop
  endfacet
  facet normal -0.227106 0.97387 0
    outer loop
      vertex -41.8288 14.2214 3
      vertex -42.7529 14.0059 8.9
      vertex -41.8288 14.2214 8.9
    endloop
  endfacet
  facet normal -0.227106 0.97387 0
    outer loop
      vertex -42.7529 14.0059 8.9
      vertex -41.8288 14.2214 3
      vertex -42.7529 14.0059 3
    endloop
  endfacet
  facet normal -0.0981158 0.995175 0
    outer loop
      vertex -39.9483 14.469 3
      vertex -40.8926 14.3759 8.9
      vertex -39.9483 14.469 8.9
    endloop
  endfacet
  facet normal -0.0981158 0.995175 0
    outer loop
      vertex -40.8926 14.3759 8.9
      vertex -39.9483 14.469 3
      vertex -40.8926 14.3759 3
    endloop
  endfacet
  facet normal -0.162826 0.986655 0
    outer loop
      vertex -40.8926 14.3759 3
      vertex -41.8288 14.2214 8.9
      vertex -40.8926 14.3759 8.9
    endloop
  endfacet
  facet normal -0.162826 0.986655 0
    outer loop
      vertex -41.8288 14.2214 8.9
      vertex -40.8926 14.3759 3
      vertex -41.8288 14.2214 3
    endloop
  endfacet
  facet normal 0.999466 0.0326711 0
    outer loop
      vertex -24.5 0 8.9
      vertex -24.531 0.948345 3
      vertex -24.531 0.948345 8.9
    endloop
  endfacet
  facet normal 0.999466 0.0326711 0
    outer loop
      vertex -24.531 0.948345 3
      vertex -24.5 0 8.9
      vertex -24.5 0 3
    endloop
  endfacet
  facet normal 0.0981158 -0.995175 0
    outer loop
      vertex -38.0517 -14.469 3
      vertex -37.1074 -14.3759 8.9
      vertex -38.0517 -14.469 8.9
    endloop
  endfacet
  facet normal 0.0981158 -0.995175 0
    outer loop
      vertex -37.1074 -14.3759 8.9
      vertex -38.0517 -14.469 3
      vertex -37.1074 -14.3759 3
    endloop
  endfacet
  facet normal 0.352232 -0.935913 0
    outer loop
      vertex -34.3391 -13.7305 3
      vertex -33.4511 -13.3963 8.9
      vertex -34.3391 -13.7305 8.9
    endloop
  endfacet
  facet normal 0.352232 -0.935913 0
    outer loop
      vertex -33.4511 -13.3963 8.9
      vertex -34.3391 -13.7305 3
      vertex -33.4511 -13.3963 3
    endloop
  endfacet
  facet normal 0.412699 -0.910867 0
    outer loop
      vertex -33.4511 -13.3963 3
      vertex -32.5868 -13.0047 8.9
      vertex -33.4511 -13.3963 8.9
    endloop
  endfacet
  facet normal 0.412699 -0.910867 0
    outer loop
      vertex -32.5868 -13.0047 8.9
      vertex -33.4511 -13.3963 3
      vertex -32.5868 -13.0047 3
    endloop
  endfacet
  facet normal 0.729805 -0.683655 0
    outer loop
      vertex -28.747 -10.253 8.9
      vertex -28.0983 -9.56051 3
      vertex -28.0983 -9.56051 8.9
    endloop
  endfacet
  facet normal 0.729805 -0.683655 0
    outer loop
      vertex -28.0983 -9.56051 3
      vertex -28.747 -10.253 8.9
      vertex -28.747 -10.253 3
    endloop
  endfacet
  facet normal 0.812839 -0.582489 0
    outer loop
      vertex -27.4964 -8.82704 8.9
      vertex -26.9437 -8.05577 3
      vertex -26.9437 -8.05577 8.9
    endloop
  endfacet
  facet normal 0.812839 -0.582489 0
    outer loop
      vertex -26.9437 -8.05577 3
      vertex -27.4964 -8.82704 8.9
      vertex -27.4964 -8.82704 3
    endloop
  endfacet
  facet normal 0.935918 -0.352218 0
    outer loop
      vertex -25.6037 -5.54891 8.9
      vertex -25.2695 -4.66087 3
      vertex -25.2695 -4.66087 8.9
    endloop
  endfacet
  facet normal 0.935918 -0.352218 0
    outer loop
      vertex -25.2695 -4.66087 3
      vertex -25.6037 -5.54891 8.9
      vertex -25.6037 -5.54891 3
    endloop
  endfacet
  facet normal 0.973868 -0.227113 0
    outer loop
      vertex -24.9941 -3.75288 8.9
      vertex -24.7786 -2.82881 3
      vertex -24.7786 -2.82881 8.9
    endloop
  endfacet
  facet normal 0.973868 -0.227113 0
    outer loop
      vertex -24.7786 -2.82881 3
      vertex -24.9941 -3.75288 8.9
      vertex -24.9941 -3.75288 3
    endloop
  endfacet
  facet normal -0.68365 -0.72981 0
    outer loop
      vertex -49.253 -10.253 3
      vertex -48.5605 -10.9017 8.9
      vertex -49.253 -10.253 8.9
    endloop
  endfacet
  facet normal -0.68365 -0.72981 -0
    outer loop
      vertex -48.5605 -10.9017 8.9
      vertex -49.253 -10.253 3
      vertex -48.5605 -10.9017 3
    endloop
  endfacet
  facet normal -0.290247 -0.956952 0
    outer loop
      vertex -43.6609 -13.7305 3
      vertex -42.7529 -14.0059 8.9
      vertex -43.6609 -13.7305 8.9
    endloop
  endfacet
  facet normal -0.290247 -0.956952 -0
    outer loop
      vertex -42.7529 -14.0059 8.9
      vertex -43.6609 -13.7305 3
      vertex -42.7529 -14.0059 3
    endloop
  endfacet
  facet normal -0.162826 -0.986655 0
    outer loop
      vertex -41.8288 -14.2214 3
      vertex -40.8926 -14.3759 8.9
      vertex -41.8288 -14.2214 8.9
    endloop
  endfacet
  facet normal -0.162826 -0.986655 -0
    outer loop
      vertex -40.8926 -14.3759 8.9
      vertex -41.8288 -14.2214 3
      vertex -40.8926 -14.3759 3
    endloop
  endfacet
  facet normal -0.471414 -0.881912 0
    outer loop
      vertex -46.25 -12.5574 3
      vertex -45.4132 -13.0047 8.9
      vertex -46.25 -12.5574 8.9
    endloop
  endfacet
  facet normal -0.471414 -0.881912 -0
    outer loop
      vertex -45.4132 -13.0047 8.9
      vertex -46.25 -12.5574 3
      vertex -45.4132 -13.0047 3
    endloop
  endfacet
  facet normal -0.773033 -0.634366 0
    outer loop
      vertex -49.9017 -9.56051 3
      vertex -50.5036 -8.82704 8.9
      vertex -50.5036 -8.82704 3
    endloop
  endfacet
  facet normal -0.773033 -0.634366 0
    outer loop
      vertex -50.5036 -8.82704 8.9
      vertex -49.9017 -9.56051 3
      vertex -49.9017 -9.56051 8.9
    endloop
  endfacet
  facet normal -0.849183 -0.528098 0
    outer loop
      vertex -51.0563 -8.05577 3
      vertex -51.5574 -7.25 8.9
      vertex -51.5574 -7.25 3
    endloop
  endfacet
  facet normal -0.849183 -0.528098 0
    outer loop
      vertex -51.5574 -7.25 8.9
      vertex -51.0563 -8.05577 3
      vertex -51.0563 -8.05577 8.9
    endloop
  endfacet
  facet normal -0.995175 -0.0981174 0
    outer loop
      vertex -53.3759 -1.89263 3
      vertex -53.469 -0.948345 8.9
      vertex -53.469 -0.948345 3
    endloop
  endfacet
  facet normal -0.995175 -0.0981174 0
    outer loop
      vertex -53.469 -0.948345 8.9
      vertex -53.3759 -1.89263 3
      vertex -53.3759 -1.89263 8.9
    endloop
  endfacet
  facet normal -0.986654 -0.16283 0
    outer loop
      vertex -53.2214 -2.82881 3
      vertex -53.3759 -1.89263 8.9
      vertex -53.3759 -1.89263 3
    endloop
  endfacet
  facet normal -0.986654 -0.16283 0
    outer loop
      vertex -53.3759 -1.89263 8.9
      vertex -53.2214 -2.82881 3
      vertex -53.2214 -2.82881 8.9
    endloop
  endfacet
  facet normal -0.935918 -0.352218 0
    outer loop
      vertex -52.3963 -5.54891 3
      vertex -52.7305 -4.66087 8.9
      vertex -52.7305 -4.66087 3
    endloop
  endfacet
  facet normal -0.935918 -0.352218 0
    outer loop
      vertex -52.7305 -4.66087 8.9
      vertex -52.3963 -5.54891 3
      vertex -52.3963 -5.54891 8.9
    endloop
  endfacet
  facet normal -0.973868 -0.227113 0
    outer loop
      vertex -53.0059 -3.75288 3
      vertex -53.2214 -2.82881 8.9
      vertex -53.2214 -2.82881 3
    endloop
  endfacet
  facet normal -0.973868 -0.227113 0
    outer loop
      vertex -53.2214 -2.82881 8.9
      vertex -53.0059 -3.75288 3
      vertex -53.0059 -3.75288 8.9
    endloop
  endfacet
  facet normal 0.973868 0.227113 0
    outer loop
      vertex -24.7786 2.82881 8.9
      vertex -24.9941 3.75288 3
      vertex -24.9941 3.75288 8.9
    endloop
  endfacet
  facet normal 0.973868 0.227113 0
    outer loop
      vertex -24.9941 3.75288 3
      vertex -24.7786 2.82881 8.9
      vertex -24.7786 2.82881 3
    endloop
  endfacet
  facet normal 0.986654 0.16283 0
    outer loop
      vertex -24.6241 1.89263 8.9
      vertex -24.7786 2.82881 3
      vertex -24.7786 2.82881 8.9
    endloop
  endfacet
  facet normal 0.986654 0.16283 0
    outer loop
      vertex -24.7786 2.82881 3
      vertex -24.6241 1.89263 8.9
      vertex -24.6241 1.89263 3
    endloop
  endfacet
  facet normal 0.162826 -0.986655 0
    outer loop
      vertex -37.1074 -14.3759 3
      vertex -36.1712 -14.2214 8.9
      vertex -37.1074 -14.3759 8.9
    endloop
  endfacet
  facet normal 0.162826 -0.986655 0
    outer loop
      vertex -36.1712 -14.2214 8.9
      vertex -37.1074 -14.3759 3
      vertex -36.1712 -14.2214 3
    endloop
  endfacet
  facet normal 0.290247 -0.956952 0
    outer loop
      vertex -35.2471 -14.0059 3
      vertex -34.3391 -13.7305 8.9
      vertex -35.2471 -14.0059 8.9
    endloop
  endfacet
  facet normal 0.290247 -0.956952 0
    outer loop
      vertex -34.3391 -13.7305 8.9
      vertex -35.2471 -14.0059 3
      vertex -34.3391 -13.7305 3
    endloop
  endfacet
  facet normal 0.68365 -0.72981 0
    outer loop
      vertex -29.4395 -10.9017 3
      vertex -28.747 -10.253 8.9
      vertex -29.4395 -10.9017 8.9
    endloop
  endfacet
  facet normal 0.68365 -0.72981 0
    outer loop
      vertex -28.747 -10.253 8.9
      vertex -29.4395 -10.9017 3
      vertex -28.747 -10.253 3
    endloop
  endfacet
  facet normal 0.471414 -0.881912 0
    outer loop
      vertex -32.5868 -13.0047 3
      vertex -31.75 -12.5574 8.9
      vertex -32.5868 -13.0047 8.9
    endloop
  endfacet
  facet normal 0.471414 -0.881912 0
    outer loop
      vertex -31.75 -12.5574 8.9
      vertex -32.5868 -13.0047 3
      vertex -31.75 -12.5574 3
    endloop
  endfacet
  facet normal 0.849183 -0.528098 0
    outer loop
      vertex -26.9437 -8.05577 8.9
      vertex -26.4426 -7.25 3
      vertex -26.4426 -7.25 8.9
    endloop
  endfacet
  facet normal 0.849183 -0.528098 0
    outer loop
      vertex -26.4426 -7.25 3
      vertex -26.9437 -8.05577 8.9
      vertex -26.9437 -8.05577 3
    endloop
  endfacet
  facet normal 0.910864 -0.412707 0
    outer loop
      vertex -25.9953 -6.41319 8.9
      vertex -25.6037 -5.54891 3
      vertex -25.6037 -5.54891 8.9
    endloop
  endfacet
  facet normal 0.910864 -0.412707 0
    outer loop
      vertex -25.6037 -5.54891 3
      vertex -25.9953 -6.41319 8.9
      vertex -25.9953 -6.41319 3
    endloop
  endfacet
  facet normal -0.227106 -0.97387 0
    outer loop
      vertex -42.7529 -14.0059 3
      vertex -41.8288 -14.2214 8.9
      vertex -42.7529 -14.0059 8.9
    endloop
  endfacet
  facet normal -0.227106 -0.97387 -0
    outer loop
      vertex -41.8288 -14.2214 8.9
      vertex -42.7529 -14.0059 3
      vertex -41.8288 -14.2214 3
    endloop
  endfacet
  facet normal -0.0981158 -0.995175 0
    outer loop
      vertex -40.8926 -14.3759 3
      vertex -39.9483 -14.469 8.9
      vertex -40.8926 -14.3759 8.9
    endloop
  endfacet
  facet normal -0.0981158 -0.995175 -0
    outer loop
      vertex -39.9483 -14.469 8.9
      vertex -40.8926 -14.3759 3
      vertex -39.9483 -14.469 3
    endloop
  endfacet
  facet normal -0.412699 -0.910867 0
    outer loop
      vertex -45.4132 -13.0047 3
      vertex -44.5489 -13.3963 8.9
      vertex -45.4132 -13.0047 8.9
    endloop
  endfacet
  facet normal -0.412699 -0.910867 -0
    outer loop
      vertex -44.5489 -13.3963 8.9
      vertex -45.4132 -13.0047 3
      vertex -44.5489 -13.3963 3
    endloop
  endfacet
  facet normal -0.634351 -0.773046 0
    outer loop
      vertex -48.5605 -10.9017 3
      vertex -47.827 -11.5036 8.9
      vertex -48.5605 -10.9017 8.9
    endloop
  endfacet
  facet normal -0.634351 -0.773046 -0
    outer loop
      vertex -47.827 -11.5036 8.9
      vertex -48.5605 -10.9017 3
      vertex -47.827 -11.5036 3
    endloop
  endfacet
  facet normal -0.881914 -0.47141 0
    outer loop
      vertex -51.5574 -7.25 3
      vertex -52.0047 -6.41319 8.9
      vertex -52.0047 -6.41319 3
    endloop
  endfacet
  facet normal -0.881914 -0.47141 0
    outer loop
      vertex -52.0047 -6.41319 8.9
      vertex -51.5574 -7.25 3
      vertex -51.5574 -7.25 8.9
    endloop
  endfacet
  facet normal -0.956951 -0.29025 0
    outer loop
      vertex -52.7305 -4.66087 3
      vertex -53.0059 -3.75288 8.9
      vertex -53.0059 -3.75288 3
    endloop
  endfacet
  facet normal -0.956951 -0.29025 0
    outer loop
      vertex -53.0059 -3.75288 8.9
      vertex -52.7305 -4.66087 3
      vertex -52.7305 -4.66087 8.9
    endloop
  endfacet
  facet normal 0.773033 -0.634366 0
    outer loop
      vertex -28.0983 -9.56051 8.9
      vertex -27.4964 -8.82704 3
      vertex -27.4964 -8.82704 8.9
    endloop
  endfacet
  facet normal 0.773033 -0.634366 0
    outer loop
      vertex -27.4964 -8.82704 3
      vertex -28.0983 -9.56051 8.9
      vertex -28.0983 -9.56051 3
    endloop
  endfacet
  facet normal 0.999466 0.0326711 0
    outer loop
      vertex 53.5 0 8.9
      vertex 53.469 0.948345 3
      vertex 53.469 0.948345 8.9
    endloop
  endfacet
  facet normal 0.999466 0.0326711 0
    outer loop
      vertex 53.469 0.948345 3
      vertex 53.5 0 8.9
      vertex 53.5 0 3
    endloop
  endfacet
  facet normal -0.0326726 0.999466 0
    outer loop
      vertex 39 14.5 3
      vertex 38.0517 14.469 8.9
      vertex 39 14.5 8.9
    endloop
  endfacet
  facet normal -0.0326726 0.999466 0
    outer loop
      vertex 38.0517 14.469 8.9
      vertex 39 14.5 3
      vertex 38.0517 14.469 3
    endloop
  endfacet
  facet normal 0.68365 0.72981 -0
    outer loop
      vertex 49.253 10.253 3
      vertex 48.5605 10.9017 8.9
      vertex 49.253 10.253 8.9
    endloop
  endfacet
  facet normal 0.68365 0.72981 0
    outer loop
      vertex 48.5605 10.9017 8.9
      vertex 49.253 10.253 3
      vertex 48.5605 10.9017 3
    endloop
  endfacet
  facet normal -0.729805 0.683655 0
    outer loop
      vertex 28.0983 9.56051 3
      vertex 28.747 10.253 8.9
      vertex 28.747 10.253 3
    endloop
  endfacet
  facet normal -0.729805 0.683655 0
    outer loop
      vertex 28.747 10.253 8.9
      vertex 28.0983 9.56051 3
      vertex 28.0983 9.56051 8.9
    endloop
  endfacet
  facet normal 0.910864 0.412707 0
    outer loop
      vertex 52.3963 5.54891 8.9
      vertex 52.0047 6.41319 3
      vertex 52.0047 6.41319 8.9
    endloop
  endfacet
  facet normal 0.910864 0.412707 0
    outer loop
      vertex 52.0047 6.41319 3
      vertex 52.3963 5.54891 8.9
      vertex 52.3963 5.54891 3
    endloop
  endfacet
  facet normal 0.352232 0.935913 -0
    outer loop
      vertex 44.5489 13.3963 3
      vertex 43.6609 13.7305 8.9
      vertex 44.5489 13.3963 8.9
    endloop
  endfacet
  facet normal 0.352232 0.935913 0
    outer loop
      vertex 43.6609 13.7305 8.9
      vertex 44.5489 13.3963 3
      vertex 43.6609 13.7305 3
    endloop
  endfacet
  facet normal -0.881914 0.47141 0
    outer loop
      vertex 25.9953 6.41319 3
      vertex 26.4426 7.25 8.9
      vertex 26.4426 7.25 3
    endloop
  endfacet
  facet normal -0.881914 0.47141 0
    outer loop
      vertex 26.4426 7.25 8.9
      vertex 25.9953 6.41319 3
      vertex 25.9953 6.41319 8.9
    endloop
  endfacet
  facet normal -0.999466 0.0326711 0
    outer loop
      vertex 24.5 0 3
      vertex 24.531 0.948345 8.9
      vertex 24.531 0.948345 3
    endloop
  endfacet
  facet normal -0.999466 0.0326711 0
    outer loop
      vertex 24.531 0.948345 8.9
      vertex 24.5 0 3
      vertex 24.5 0 8.9
    endloop
  endfacet
  facet normal -0.352232 0.935913 0
    outer loop
      vertex 34.3391 13.7305 3
      vertex 33.4511 13.3963 8.9
      vertex 34.3391 13.7305 8.9
    endloop
  endfacet
  facet normal -0.352232 0.935913 0
    outer loop
      vertex 33.4511 13.3963 8.9
      vertex 34.3391 13.7305 3
      vertex 33.4511 13.3963 3
    endloop
  endfacet
  facet normal -0.910864 -0.412707 0
    outer loop
      vertex 25.9953 -6.41319 3
      vertex 25.6037 -5.54891 8.9
      vertex 25.6037 -5.54891 3
    endloop
  endfacet
  facet normal -0.910864 -0.412707 0
    outer loop
      vertex 25.6037 -5.54891 8.9
      vertex 25.9953 -6.41319 3
      vertex 25.9953 -6.41319 8.9
    endloop
  endfacet
  facet normal 0.986654 0.16283 0
    outer loop
      vertex 53.3759 1.89263 8.9
      vertex 53.2214 2.82881 3
      vertex 53.2214 2.82881 8.9
    endloop
  endfacet
  facet normal 0.986654 0.16283 0
    outer loop
      vertex 53.2214 2.82881 3
      vertex 53.3759 1.89263 8.9
      vertex 53.3759 1.89263 3
    endloop
  endfacet
  facet normal 0.995175 0.0981174 0
    outer loop
      vertex 53.469 0.948345 8.9
      vertex 53.3759 1.89263 3
      vertex 53.3759 1.89263 8.9
    endloop
  endfacet
  facet normal 0.995175 0.0981174 0
    outer loop
      vertex 53.3759 1.89263 3
      vertex 53.469 0.948345 8.9
      vertex 53.469 0.948345 3
    endloop
  endfacet
  facet normal 0.956951 0.29025 0
    outer loop
      vertex 53.0059 3.75288 8.9
      vertex 52.7305 4.66087 3
      vertex 52.7305 4.66087 8.9
    endloop
  endfacet
  facet normal 0.956951 0.29025 0
    outer loop
      vertex 52.7305 4.66087 3
      vertex 53.0059 3.75288 8.9
      vertex 53.0059 3.75288 3
    endloop
  endfacet
  facet normal 0.729805 0.683655 0
    outer loop
      vertex 49.9017 9.56051 8.9
      vertex 49.253 10.253 3
      vertex 49.253 10.253 8.9
    endloop
  endfacet
  facet normal 0.729805 0.683655 0
    outer loop
      vertex 49.253 10.253 3
      vertex 49.9017 9.56051 8.9
      vertex 49.9017 9.56051 3
    endloop
  endfacet
  facet normal 0.849183 0.528098 0
    outer loop
      vertex 51.5574 7.25 8.9
      vertex 51.0563 8.05577 3
      vertex 51.0563 8.05577 8.9
    endloop
  endfacet
  facet normal 0.849183 0.528098 0
    outer loop
      vertex 51.0563 8.05577 3
      vertex 51.5574 7.25 8.9
      vertex 51.5574 7.25 3
    endloop
  endfacet
  facet normal 0.881914 0.47141 0
    outer loop
      vertex 52.0047 6.41319 8.9
      vertex 51.5574 7.25 3
      vertex 51.5574 7.25 8.9
    endloop
  endfacet
  facet normal 0.881914 0.47141 0
    outer loop
      vertex 51.5574 7.25 3
      vertex 52.0047 6.41319 8.9
      vertex 52.0047 6.41319 3
    endloop
  endfacet
  facet normal 0.162826 0.986655 -0
    outer loop
      vertex 41.8288 14.2214 3
      vertex 40.8926 14.3759 8.9
      vertex 41.8288 14.2214 8.9
    endloop
  endfacet
  facet normal 0.162826 0.986655 0
    outer loop
      vertex 40.8926 14.3759 8.9
      vertex 41.8288 14.2214 3
      vertex 40.8926 14.3759 3
    endloop
  endfacet
  facet normal 0.290247 0.956952 -0
    outer loop
      vertex 43.6609 13.7305 3
      vertex 42.7529 14.0059 8.9
      vertex 43.6609 13.7305 8.9
    endloop
  endfacet
  facet normal 0.290247 0.956952 0
    outer loop
      vertex 42.7529 14.0059 8.9
      vertex 43.6609 13.7305 3
      vertex 42.7529 14.0059 3
    endloop
  endfacet
  facet normal 0.0326726 0.999466 -0
    outer loop
      vertex 39.9483 14.469 3
      vertex 39 14.5 8.9
      vertex 39.9483 14.469 8.9
    endloop
  endfacet
  facet normal 0.0326726 0.999466 0
    outer loop
      vertex 39 14.5 8.9
      vertex 39.9483 14.469 3
      vertex 39 14.5 3
    endloop
  endfacet
  facet normal 0.634351 0.773046 -0
    outer loop
      vertex 48.5605 10.9017 3
      vertex 47.827 11.5036 8.9
      vertex 48.5605 10.9017 8.9
    endloop
  endfacet
  facet normal 0.634351 0.773046 0
    outer loop
      vertex 47.827 11.5036 8.9
      vertex 48.5605 10.9017 3
      vertex 47.827 11.5036 3
    endloop
  endfacet
  facet normal 0.412699 0.910867 -0
    outer loop
      vertex 45.4132 13.0047 3
      vertex 44.5489 13.3963 8.9
      vertex 45.4132 13.0047 8.9
    endloop
  endfacet
  facet normal 0.412699 0.910867 0
    outer loop
      vertex 44.5489 13.3963 8.9
      vertex 45.4132 13.0047 3
      vertex 44.5489 13.3963 3
    endloop
  endfacet
  facet normal -0.986654 0.16283 0
    outer loop
      vertex 24.6241 1.89263 3
      vertex 24.7786 2.82881 8.9
      vertex 24.7786 2.82881 3
    endloop
  endfacet
  facet normal -0.986654 0.16283 0
    outer loop
      vertex 24.7786 2.82881 8.9
      vertex 24.6241 1.89263 3
      vertex 24.6241 1.89263 8.9
    endloop
  endfacet
  facet normal -0.773033 0.634366 0
    outer loop
      vertex 27.4964 8.82704 3
      vertex 28.0983 9.56051 8.9
      vertex 28.0983 9.56051 3
    endloop
  endfacet
  facet normal -0.773033 0.634366 0
    outer loop
      vertex 28.0983 9.56051 8.9
      vertex 27.4964 8.82704 3
      vertex 27.4964 8.82704 8.9
    endloop
  endfacet
  facet normal -0.935918 0.352218 0
    outer loop
      vertex 25.2695 4.66087 3
      vertex 25.6037 5.54891 8.9
      vertex 25.6037 5.54891 3
    endloop
  endfacet
  facet normal -0.935918 0.352218 0
    outer loop
      vertex 25.6037 5.54891 8.9
      vertex 25.2695 4.66087 3
      vertex 25.2695 4.66087 8.9
    endloop
  endfacet
  facet normal -0.956951 0.29025 0
    outer loop
      vertex 24.9941 3.75288 3
      vertex 25.2695 4.66087 8.9
      vertex 25.2695 4.66087 3
    endloop
  endfacet
  facet normal -0.956951 0.29025 0
    outer loop
      vertex 25.2695 4.66087 8.9
      vertex 24.9941 3.75288 3
      vertex 24.9941 3.75288 8.9
    endloop
  endfacet
  facet normal -0.995175 0.0981174 0
    outer loop
      vertex 24.531 0.948345 3
      vertex 24.6241 1.89263 8.9
      vertex 24.6241 1.89263 3
    endloop
  endfacet
  facet normal -0.995175 0.0981174 0
    outer loop
      vertex 24.6241 1.89263 8.9
      vertex 24.531 0.948345 3
      vertex 24.531 0.948345 8.9
    endloop
  endfacet
  facet normal -0.582524 0.812814 0
    outer loop
      vertex 30.9442 12.0563 3
      vertex 30.173 11.5036 8.9
      vertex 30.9442 12.0563 8.9
    endloop
  endfacet
  facet normal -0.582524 0.812814 0
    outer loop
      vertex 30.173 11.5036 8.9
      vertex 30.9442 12.0563 3
      vertex 30.173 11.5036 3
    endloop
  endfacet
  facet normal -0.471414 0.881912 0
    outer loop
      vertex 32.5868 13.0047 3
      vertex 31.75 12.5574 8.9
      vertex 32.5868 13.0047 8.9
    endloop
  endfacet
  facet normal -0.471414 0.881912 0
    outer loop
      vertex 31.75 12.5574 8.9
      vertex 32.5868 13.0047 3
      vertex 31.75 12.5574 3
    endloop
  endfacet
  facet normal -0.68365 0.72981 0
    outer loop
      vertex 29.4395 10.9017 3
      vertex 28.747 10.253 8.9
      vertex 29.4395 10.9017 8.9
    endloop
  endfacet
  facet normal -0.68365 0.72981 0
    outer loop
      vertex 28.747 10.253 8.9
      vertex 29.4395 10.9017 3
      vertex 28.747 10.253 3
    endloop
  endfacet
  facet normal -0.0981158 0.995175 0
    outer loop
      vertex 38.0517 14.469 3
      vertex 37.1074 14.3759 8.9
      vertex 38.0517 14.469 8.9
    endloop
  endfacet
  facet normal -0.0981158 0.995175 0
    outer loop
      vertex 37.1074 14.3759 8.9
      vertex 38.0517 14.469 3
      vertex 37.1074 14.3759 3
    endloop
  endfacet
  facet normal 0.471414 -0.881912 0
    outer loop
      vertex 45.4132 -13.0047 3
      vertex 46.25 -12.5574 8.9
      vertex 45.4132 -13.0047 8.9
    endloop
  endfacet
  facet normal 0.471414 -0.881912 0
    outer loop
      vertex 46.25 -12.5574 8.9
      vertex 45.4132 -13.0047 3
      vertex 46.25 -12.5574 3
    endloop
  endfacet
  facet normal -0.0326726 -0.999466 0
    outer loop
      vertex 38.0517 -14.469 3
      vertex 39 -14.5 8.9
      vertex 38.0517 -14.469 8.9
    endloop
  endfacet
  facet normal -0.0326726 -0.999466 -0
    outer loop
      vertex 39 -14.5 8.9
      vertex 38.0517 -14.469 3
      vertex 39 -14.5 3
    endloop
  endfacet
  facet normal 0.352232 -0.935913 0
    outer loop
      vertex 43.6609 -13.7305 3
      vertex 44.5489 -13.3963 8.9
      vertex 43.6609 -13.7305 8.9
    endloop
  endfacet
  facet normal 0.352232 -0.935913 0
    outer loop
      vertex 44.5489 -13.3963 8.9
      vertex 43.6609 -13.7305 3
      vertex 44.5489 -13.3963 3
    endloop
  endfacet
  facet normal 0.973868 0.227113 0
    outer loop
      vertex 53.2214 2.82881 8.9
      vertex 53.0059 3.75288 3
      vertex 53.0059 3.75288 8.9
    endloop
  endfacet
  facet normal 0.973868 0.227113 0
    outer loop
      vertex 53.0059 3.75288 3
      vertex 53.2214 2.82881 8.9
      vertex 53.2214 2.82881 3
    endloop
  endfacet
  facet normal 0.935918 0.352218 0
    outer loop
      vertex 52.7305 4.66087 8.9
      vertex 52.3963 5.54891 3
      vertex 52.3963 5.54891 8.9
    endloop
  endfacet
  facet normal 0.935918 0.352218 0
    outer loop
      vertex 52.3963 5.54891 3
      vertex 52.7305 4.66087 8.9
      vertex 52.7305 4.66087 3
    endloop
  endfacet
  facet normal 0.773033 0.634366 0
    outer loop
      vertex 50.5036 8.82704 8.9
      vertex 49.9017 9.56051 3
      vertex 49.9017 9.56051 8.9
    endloop
  endfacet
  facet normal 0.773033 0.634366 0
    outer loop
      vertex 49.9017 9.56051 3
      vertex 50.5036 8.82704 8.9
      vertex 50.5036 8.82704 3
    endloop
  endfacet
  facet normal 0.812839 0.582489 0
    outer loop
      vertex 51.0563 8.05577 8.9
      vertex 50.5036 8.82704 3
      vertex 50.5036 8.82704 8.9
    endloop
  endfacet
  facet normal 0.812839 0.582489 0
    outer loop
      vertex 50.5036 8.82704 3
      vertex 51.0563 8.05577 8.9
      vertex 51.0563 8.05577 3
    endloop
  endfacet
  facet normal 0.227106 0.97387 -0
    outer loop
      vertex 42.7529 14.0059 3
      vertex 41.8288 14.2214 8.9
      vertex 42.7529 14.0059 8.9
    endloop
  endfacet
  facet normal 0.227106 0.97387 0
    outer loop
      vertex 41.8288 14.2214 8.9
      vertex 42.7529 14.0059 3
      vertex 41.8288 14.2214 3
    endloop
  endfacet
  facet normal 0.0981158 0.995175 -0
    outer loop
      vertex 40.8926 14.3759 3
      vertex 39.9483 14.469 8.9
      vertex 40.8926 14.3759 8.9
    endloop
  endfacet
  facet normal 0.0981158 0.995175 0
    outer loop
      vertex 39.9483 14.469 8.9
      vertex 40.8926 14.3759 3
      vertex 39.9483 14.469 3
    endloop
  endfacet
  facet normal 0.471414 0.881912 -0
    outer loop
      vertex 46.25 12.5574 3
      vertex 45.4132 13.0047 8.9
      vertex 46.25 12.5574 8.9
    endloop
  endfacet
  facet normal 0.471414 0.881912 0
    outer loop
      vertex 45.4132 13.0047 8.9
      vertex 46.25 12.5574 3
      vertex 45.4132 13.0047 3
    endloop
  endfacet
  facet normal 0.582524 0.812814 -0
    outer loop
      vertex 47.827 11.5036 3
      vertex 47.0558 12.0563 8.9
      vertex 47.827 11.5036 8.9
    endloop
  endfacet
  facet normal 0.582524 0.812814 0
    outer loop
      vertex 47.0558 12.0563 8.9
      vertex 47.827 11.5036 3
      vertex 47.0558 12.0563 3
    endloop
  endfacet
  facet normal 0.528084 0.849192 -0
    outer loop
      vertex 47.0558 12.0563 3
      vertex 46.25 12.5574 8.9
      vertex 47.0558 12.0563 8.9
    endloop
  endfacet
  facet normal 0.528084 0.849192 0
    outer loop
      vertex 46.25 12.5574 8.9
      vertex 47.0558 12.0563 3
      vertex 46.25 12.5574 3
    endloop
  endfacet
  facet normal -0.999466 -0.0326711 0
    outer loop
      vertex 24.531 -0.948345 3
      vertex 24.5 0 8.9
      vertex 24.5 0 3
    endloop
  endfacet
  facet normal -0.999466 -0.0326711 0
    outer loop
      vertex 24.5 0 8.9
      vertex 24.531 -0.948345 3
      vertex 24.531 -0.948345 8.9
    endloop
  endfacet
  facet normal -0.910864 0.412707 0
    outer loop
      vertex 25.6037 5.54891 3
      vertex 25.9953 6.41319 8.9
      vertex 25.9953 6.41319 3
    endloop
  endfacet
  facet normal -0.910864 0.412707 0
    outer loop
      vertex 25.9953 6.41319 8.9
      vertex 25.6037 5.54891 3
      vertex 25.6037 5.54891 8.9
    endloop
  endfacet
  facet normal -0.973868 0.227113 0
    outer loop
      vertex 24.7786 2.82881 3
      vertex 24.9941 3.75288 8.9
      vertex 24.9941 3.75288 3
    endloop
  endfacet
  facet normal -0.973868 0.227113 0
    outer loop
      vertex 24.9941 3.75288 8.9
      vertex 24.7786 2.82881 3
      vertex 24.7786 2.82881 8.9
    endloop
  endfacet
  facet normal -0.528084 0.849192 0
    outer loop
      vertex 31.75 12.5574 3
      vertex 30.9442 12.0563 8.9
      vertex 31.75 12.5574 8.9
    endloop
  endfacet
  facet normal -0.528084 0.849192 0
    outer loop
      vertex 30.9442 12.0563 8.9
      vertex 31.75 12.5574 3
      vertex 30.9442 12.0563 3
    endloop
  endfacet
  facet normal -0.634351 0.773046 0
    outer loop
      vertex 30.173 11.5036 3
      vertex 29.4395 10.9017 8.9
      vertex 30.173 11.5036 8.9
    endloop
  endfacet
  facet normal -0.634351 0.773046 0
    outer loop
      vertex 29.4395 10.9017 8.9
      vertex 30.173 11.5036 3
      vertex 29.4395 10.9017 3
    endloop
  endfacet
  facet normal -0.412699 0.910867 0
    outer loop
      vertex 33.4511 13.3963 3
      vertex 32.5868 13.0047 8.9
      vertex 33.4511 13.3963 8.9
    endloop
  endfacet
  facet normal -0.412699 0.910867 0
    outer loop
      vertex 32.5868 13.0047 8.9
      vertex 33.4511 13.3963 3
      vertex 32.5868 13.0047 3
    endloop
  endfacet
  facet normal -0.290247 0.956952 0
    outer loop
      vertex 35.2471 14.0059 3
      vertex 34.3391 13.7305 8.9
      vertex 35.2471 14.0059 8.9
    endloop
  endfacet
  facet normal -0.290247 0.956952 0
    outer loop
      vertex 34.3391 13.7305 8.9
      vertex 35.2471 14.0059 3
      vertex 34.3391 13.7305 3
    endloop
  endfacet
  facet normal -0.162826 0.986655 0
    outer loop
      vertex 37.1074 14.3759 3
      vertex 36.1712 14.2214 8.9
      vertex 37.1074 14.3759 8.9
    endloop
  endfacet
  facet normal -0.162826 0.986655 0
    outer loop
      vertex 36.1712 14.2214 8.9
      vertex 37.1074 14.3759 3
      vertex 36.1712 14.2214 3
    endloop
  endfacet
  facet normal -0.227106 0.97387 0
    outer loop
      vertex 36.1712 14.2214 3
      vertex 35.2471 14.0059 8.9
      vertex 36.1712 14.2214 8.9
    endloop
  endfacet
  facet normal -0.227106 0.97387 0
    outer loop
      vertex 35.2471 14.0059 8.9
      vertex 36.1712 14.2214 3
      vertex 35.2471 14.0059 3
    endloop
  endfacet
  facet normal 0.956951 -0.29025 0
    outer loop
      vertex 52.7305 -4.66087 8.9
      vertex 53.0059 -3.75288 3
      vertex 53.0059 -3.75288 8.9
    endloop
  endfacet
  facet normal 0.956951 -0.29025 0
    outer loop
      vertex 53.0059 -3.75288 3
      vertex 52.7305 -4.66087 8.9
      vertex 52.7305 -4.66087 3
    endloop
  endfacet
  facet normal 0.0326726 -0.999466 0
    outer loop
      vertex 39 -14.5 3
      vertex 39.9483 -14.469 8.9
      vertex 39 -14.5 8.9
    endloop
  endfacet
  facet normal 0.0326726 -0.999466 0
    outer loop
      vertex 39.9483 -14.469 8.9
      vertex 39 -14.5 3
      vertex 39.9483 -14.469 3
    endloop
  endfacet
  facet normal -0.352232 -0.935913 0
    outer loop
      vertex 33.4511 -13.3963 3
      vertex 34.3391 -13.7305 8.9
      vertex 33.4511 -13.3963 8.9
    endloop
  endfacet
  facet normal -0.352232 -0.935913 -0
    outer loop
      vertex 34.3391 -13.7305 8.9
      vertex 33.4511 -13.3963 3
      vertex 34.3391 -13.7305 3
    endloop
  endfacet
  facet normal -0.729805 -0.683655 0
    outer loop
      vertex 28.747 -10.253 3
      vertex 28.0983 -9.56051 8.9
      vertex 28.0983 -9.56051 3
    endloop
  endfacet
  facet normal -0.729805 -0.683655 0
    outer loop
      vertex 28.0983 -9.56051 8.9
      vertex 28.747 -10.253 3
      vertex 28.747 -10.253 8.9
    endloop
  endfacet
  facet normal -0.995175 -0.0981174 0
    outer loop
      vertex 24.6241 -1.89263 3
      vertex 24.531 -0.948345 8.9
      vertex 24.531 -0.948345 3
    endloop
  endfacet
  facet normal -0.995175 -0.0981174 0
    outer loop
      vertex 24.531 -0.948345 8.9
      vertex 24.6241 -1.89263 3
      vertex 24.6241 -1.89263 8.9
    endloop
  endfacet
  facet normal -0.973868 -0.227113 0
    outer loop
      vertex 24.9941 -3.75288 3
      vertex 24.7786 -2.82881 8.9
      vertex 24.7786 -2.82881 3
    endloop
  endfacet
  facet normal -0.973868 -0.227113 0
    outer loop
      vertex 24.7786 -2.82881 8.9
      vertex 24.9941 -3.75288 3
      vertex 24.9941 -3.75288 8.9
    endloop
  endfacet
  facet normal 0.290247 -0.956952 0
    outer loop
      vertex 42.7529 -14.0059 3
      vertex 43.6609 -13.7305 8.9
      vertex 42.7529 -14.0059 8.9
    endloop
  endfacet
  facet normal 0.290247 -0.956952 0
    outer loop
      vertex 43.6609 -13.7305 8.9
      vertex 42.7529 -14.0059 3
      vertex 43.6609 -13.7305 3
    endloop
  endfacet
  facet normal 0.0981158 -0.995175 0
    outer loop
      vertex 39.9483 -14.469 3
      vertex 40.8926 -14.3759 8.9
      vertex 39.9483 -14.469 8.9
    endloop
  endfacet
  facet normal 0.0981158 -0.995175 0
    outer loop
      vertex 40.8926 -14.3759 8.9
      vertex 39.9483 -14.469 3
      vertex 40.8926 -14.3759 3
    endloop
  endfacet
  facet normal 0.412699 -0.910867 0
    outer loop
      vertex 44.5489 -13.3963 3
      vertex 45.4132 -13.0047 8.9
      vertex 44.5489 -13.3963 8.9
    endloop
  endfacet
  facet normal 0.412699 -0.910867 0
    outer loop
      vertex 45.4132 -13.0047 8.9
      vertex 44.5489 -13.3963 3
      vertex 45.4132 -13.0047 3
    endloop
  endfacet
  facet normal -0.849183 0.528098 0
    outer loop
      vertex 26.4426 7.25 3
      vertex 26.9437 8.05577 8.9
      vertex 26.9437 8.05577 3
    endloop
  endfacet
  facet normal -0.849183 0.528098 0
    outer loop
      vertex 26.9437 8.05577 8.9
      vertex 26.4426 7.25 3
      vertex 26.4426 7.25 8.9
    endloop
  endfacet
  facet normal -0.812839 0.582489 0
    outer loop
      vertex 26.9437 8.05577 3
      vertex 27.4964 8.82704 8.9
      vertex 27.4964 8.82704 3
    endloop
  endfacet
  facet normal -0.812839 0.582489 0
    outer loop
      vertex 27.4964 8.82704 8.9
      vertex 26.9437 8.05577 3
      vertex 26.9437 8.05577 8.9
    endloop
  endfacet
  facet normal 0 0 1
    outer loop
      vertex 53.469 0.948345 8.9
      vertex 53.469 -0.948345 8.9
      vertex 53.5 0 8.9
    endloop
  endfacet
  facet normal 0 0 1
    outer loop
      vertex 53.3759 1.89263 8.9
      vertex 53.469 -0.948345 8.9
      vertex 53.469 0.948345 8.9
    endloop
  endfacet
  facet normal 0 0 1
    outer loop
      vertex 53.3759 1.89263 8.9
      vertex 53.3759 -1.89263 8.9
      vertex 53.469 -0.948345 8.9
    endloop
  endfacet
  facet normal 0 0 1
    outer loop
      vertex 53.2214 2.82881 8.9
      vertex 53.3759 -1.89263 8.9
      vertex 53.3759 1.89263 8.9
    endloop
  endfacet
  facet normal 0 0 1
    outer loop
      vertex 53.2214 2.82881 8.9
      vertex 53.2214 -2.82881 8.9
      vertex 53.3759 -1.89263 8.9
    endloop
  endfacet
  facet normal 0 0 1
    outer loop
      vertex 53.0059 3.75288 8.9
      vertex 53.2214 -2.82881 8.9
      vertex 53.2214 2.82881 8.9
    endloop
  endfacet
  facet normal 0 0 1
    outer loop
      vertex 53.0059 3.75288 8.9
      vertex 53.0059 -3.75288 8.9
      vertex 53.2214 -2.82881 8.9
    endloop
  endfacet
  facet normal 0 0 1
    outer loop
      vertex 52.7305 4.66087 8.9
      vertex 53.0059 -3.75288 8.9
      vertex 53.0059 3.75288 8.9
    endloop
  endfacet
  facet normal 0 0 1
    outer loop
      vertex 52.7305 4.66087 8.9
      vertex 52.7305 -4.66087 8.9
      vertex 53.0059 -3.75288 8.9
    endloop
  endfacet
  facet normal 0 0 1
    outer loop
      vertex 52.3963 5.54891 8.9
      vertex 52.7305 -4.66087 8.9
      vertex 52.7305 4.66087 8.9
    endloop
  endfacet
  facet normal 0 0 1
    outer loop
      vertex 52.3963 5.54891 8.9
      vertex 52.3963 -5.54891 8.9
      vertex 52.7305 -4.66087 8.9
    endloop
  endfacet
  facet normal 0 0 1
    outer loop
      vertex 52.0047 6.41319 8.9
      vertex 52.3963 -5.54891 8.9
      vertex 52.3963 5.54891 8.9
    endloop
  endfacet
  facet normal 0 0 1
    outer loop
      vertex 52.0047 6.41319 8.9
      vertex 52.0047 -6.41319 8.9
      vertex 52.3963 -5.54891 8.9
    endloop
  endfacet
  facet normal 0 0 1
    outer loop
      vertex 51.5574 7.25 8.9
      vertex 52.0047 -6.41319 8.9
      vertex 52.0047 6.41319 8.9
    endloop
  endfacet
  facet normal 0 0 1
    outer loop
      vertex 51.5574 7.25 8.9
      vertex 51.5574 -7.25 8.9
      vertex 52.0047 -6.41319 8.9
    endloop
  endfacet
  facet normal 0 0 1
    outer loop
      vertex 51.0563 8.05577 8.9
      vertex 51.5574 -7.25 8.9
      vertex 51.5574 7.25 8.9
    endloop
  endfacet
  facet normal 0 0 1
    outer loop
      vertex 51.0563 8.05577 8.9
      vertex 51.0563 -8.05577 8.9
      vertex 51.5574 -7.25 8.9
    endloop
  endfacet
  facet normal 0 0 1
    outer loop
      vertex 50.5036 8.82704 8.9
      vertex 51.0563 -8.05577 8.9
      vertex 51.0563 8.05577 8.9
    endloop
  endfacet
  facet normal 0 0 1
    outer loop
      vertex 50.5036 8.82704 8.9
      vertex 50.5036 -8.82704 8.9
      vertex 51.0563 -8.05577 8.9
    endloop
  endfacet
  facet normal 0 0 1
    outer loop
      vertex 49.9017 9.56051 8.9
      vertex 50.5036 -8.82704 8.9
      vertex 50.5036 8.82704 8.9
    endloop
  endfacet
  facet normal 0 0 1
    outer loop
      vertex 49.9017 9.56051 8.9
      vertex 49.9017 -9.56051 8.9
      vertex 50.5036 -8.82704 8.9
    endloop
  endfacet
  facet normal 0 0 1
    outer loop
      vertex 49.253 10.253 8.9
      vertex 49.9017 -9.56051 8.9
      vertex 49.9017 9.56051 8.9
    endloop
  endfacet
  facet normal 0 0 1
    outer loop
      vertex 49.253 10.253 8.9
      vertex 49.253 -10.253 8.9
      vertex 49.9017 -9.56051 8.9
    endloop
  endfacet
  facet normal 0 0 1
    outer loop
      vertex 48.5605 10.9017 8.9
      vertex 49.253 -10.253 8.9
      vertex 49.253 10.253 8.9
    endloop
  endfacet
  facet normal 0 0 1
    outer loop
      vertex 48.5605 10.9017 8.9
      vertex 48.5605 -10.9017 8.9
      vertex 49.253 -10.253 8.9
    endloop
  endfacet
  facet normal 0 0 1
    outer loop
      vertex 47.827 11.5036 8.9
      vertex 48.5605 -10.9017 8.9
      vertex 48.5605 10.9017 8.9
    endloop
  endfacet
  facet normal 0 0 1
    outer loop
      vertex 47.827 11.5036 8.9
      vertex 47.827 -11.5036 8.9
      vertex 48.5605 -10.9017 8.9
    endloop
  endfacet
  facet normal 0 0 1
    outer loop
      vertex 47.0558 12.0563 8.9
      vertex 47.827 -11.5036 8.9
      vertex 47.827 11.5036 8.9
    endloop
  endfacet
  facet normal 0 0 1
    outer loop
      vertex 47.0558 12.0563 8.9
      vertex 47.0558 -12.0563 8.9
      vertex 47.827 -11.5036 8.9
    endloop
  endfacet
  facet normal 0 0 1
    outer loop
      vertex 46.25 12.5574 8.9
      vertex 47.0558 -12.0563 8.9
      vertex 47.0558 12.0563 8.9
    endloop
  endfacet
  facet normal 0 0 1
    outer loop
      vertex 46.25 12.5574 8.9
      vertex 46.25 -12.5574 8.9
      vertex 47.0558 -12.0563 8.9
    endloop
  endfacet
  facet normal 0 0 1
    outer loop
      vertex 45.4132 13.0047 8.9
      vertex 46.25 -12.5574 8.9
      vertex 46.25 12.5574 8.9
    endloop
  endfacet
  facet normal 0 0 1
    outer loop
      vertex 45.4132 13.0047 8.9
      vertex 45.4132 -13.0047 8.9
      vertex 46.25 -12.5574 8.9
    endloop
  endfacet
  facet normal 0 0 1
    outer loop
      vertex 44.5489 13.3963 8.9
      vertex 45.4132 -13.0047 8.9
      vertex 45.4132 13.0047 8.9
    endloop
  endfacet
  facet normal 0 0 1
    outer loop
      vertex 44.5489 13.3963 8.9
      vertex 44.5489 -13.3963 8.9
      vertex 45.4132 -13.0047 8.9
    endloop
  endfacet
  facet normal 0 0 1
    outer loop
      vertex 43.6609 13.7305 8.9
      vertex 44.5489 -13.3963 8.9
      vertex 44.5489 13.3963 8.9
    endloop
  endfacet
  facet normal 0 0 1
    outer loop
      vertex 43.6609 13.7305 8.9
      vertex 43.6609 -13.7305 8.9
      vertex 44.5489 -13.3963 8.9
    endloop
  endfacet
  facet normal 0 0 1
    outer loop
      vertex 42.7529 14.0059 8.9
      vertex 43.6609 -13.7305 8.9
      vertex 43.6609 13.7305 8.9
    endloop
  endfacet
  facet normal 0 0 1
    outer loop
      vertex 42.7529 14.0059 8.9
      vertex 42.7529 -14.0059 8.9
      vertex 43.6609 -13.7305 8.9
    endloop
  endfacet
  facet normal 0 0 1
    outer loop
      vertex 41.8288 14.2214 8.9
      vertex 42.7529 -14.0059 8.9
      vertex 42.7529 14.0059 8.9
    endloop
  endfacet
  facet normal 0 0 1
    outer loop
      vertex 41.8288 14.2214 8.9
      vertex 41.8288 -14.2214 8.9
      vertex 42.7529 -14.0059 8.9
    endloop
  endfacet
  facet normal 0 0 1
    outer loop
      vertex 40.8926 14.3759 8.9
      vertex 41.8288 -14.2214 8.9
      vertex 41.8288 14.2214 8.9
    endloop
  endfacet
  facet normal 0 0 1
    outer loop
      vertex 40.8926 14.3759 8.9
      vertex 40.8926 -14.3759 8.9
      vertex 41.8288 -14.2214 8.9
    endloop
  endfacet
  facet normal 0 0 1
    outer loop
      vertex 39.9483 14.469 8.9
      vertex 40.8926 -14.3759 8.9
      vertex 40.8926 14.3759 8.9
    endloop
  endfacet
  facet normal 0 0 1
    outer loop
      vertex 39.9483 14.469 8.9
      vertex 39.9483 -14.469 8.9
      vertex 40.8926 -14.3759 8.9
    endloop
  endfacet
  facet normal 0 0 1
    outer loop
      vertex 39 14.5 8.9
      vertex 39.9483 -14.469 8.9
      vertex 39.9483 14.469 8.9
    endloop
  endfacet
  facet normal 0 0 1
    outer loop
      vertex 39 14.5 8.9
      vertex 39 -14.5 8.9
      vertex 39.9483 -14.469 8.9
    endloop
  endfacet
  facet normal -0 0 1
    outer loop
      vertex 38.0517 14.469 8.9
      vertex 39 -14.5 8.9
      vertex 39 14.5 8.9
    endloop
  endfacet
  facet normal 0 0 1
    outer loop
      vertex 38.0517 14.469 8.9
      vertex 38.0517 -14.469 8.9
      vertex 39 -14.5 8.9
    endloop
  endfacet
  facet normal -0 0 1
    outer loop
      vertex 37.1074 14.3759 8.9
      vertex 38.0517 -14.469 8.9
      vertex 38.0517 14.469 8.9
    endloop
  endfacet
  facet normal 0 0 1
    outer loop
      vertex 37.1074 14.3759 8.9
      vertex 37.1074 -14.3759 8.9
      vertex 38.0517 -14.469 8.9
    endloop
  endfacet
  facet normal -0 0 1
    outer loop
      vertex 36.1712 14.2214 8.9
      vertex 37.1074 -14.3759 8.9
      vertex 37.1074 14.3759 8.9
    endloop
  endfacet
  facet normal 0 0 1
    outer loop
      vertex 36.1712 14.2214 8.9
      vertex 36.1712 -14.2214 8.9
      vertex 37.1074 -14.3759 8.9
    endloop
  endfacet
  facet normal -0 0 1
    outer loop
      vertex 35.2471 14.0059 8.9
      vertex 36.1712 -14.2214 8.9
      vertex 36.1712 14.2214 8.9
    endloop
  endfacet
  facet normal 0 0 1
    outer loop
      vertex 35.2471 14.0059 8.9
      vertex 35.2471 -14.0059 8.9
      vertex 36.1712 -14.2214 8.9
    endloop
  endfacet
  facet normal -0 0 1
    outer loop
      vertex 34.3391 13.7305 8.9
      vertex 35.2471 -14.0059 8.9
      vertex 35.2471 14.0059 8.9
    endloop
  endfacet
  facet normal 0 0 1
    outer loop
      vertex 34.3391 13.7305 8.9
      vertex 34.3391 -13.7305 8.9
      vertex 35.2471 -14.0059 8.9
    endloop
  endfacet
  facet normal -0 0 1
    outer loop
      vertex 33.4511 13.3963 8.9
      vertex 34.3391 -13.7305 8.9
      vertex 34.3391 13.7305 8.9
    endloop
  endfacet
  facet normal 0 0 1
    outer loop
      vertex 33.4511 13.3963 8.9
      vertex 33.4511 -13.3963 8.9
      vertex 34.3391 -13.7305 8.9
    endloop
  endfacet
  facet normal -0 0 1
    outer loop
      vertex 32.5868 13.0047 8.9
      vertex 33.4511 -13.3963 8.9
      vertex 33.4511 13.3963 8.9
    endloop
  endfacet
  facet normal 0 0 1
    outer loop
      vertex 32.5868 13.0047 8.9
      vertex 32.5868 -13.0047 8.9
      vertex 33.4511 -13.3963 8.9
    endloop
  endfacet
  facet normal -0 0 1
    outer loop
      vertex 31.75 12.5574 8.9
      vertex 32.5868 -13.0047 8.9
      vertex 32.5868 13.0047 8.9
    endloop
  endfacet
  facet normal 0 0 1
    outer loop
      vertex 31.75 12.5574 8.9
      vertex 31.75 -12.5574 8.9
      vertex 32.5868 -13.0047 8.9
    endloop
  endfacet
  facet normal -0 0 1
    outer loop
      vertex 30.9442 12.0563 8.9
      vertex 31.75 -12.5574 8.9
      vertex 31.75 12.5574 8.9
    endloop
  endfacet
  facet normal 0 0 1
    outer loop
      vertex 30.9442 12.0563 8.9
      vertex 30.9442 -12.0563 8.9
      vertex 31.75 -12.5574 8.9
    endloop
  endfacet
  facet normal -0 0 1
    outer loop
      vertex 30.173 11.5036 8.9
      vertex 30.9442 -12.0563 8.9
      vertex 30.9442 12.0563 8.9
    endloop
  endfacet
  facet normal 0 0 1
    outer loop
      vertex 30.173 11.5036 8.9
      vertex 30.173 -11.5036 8.9
      vertex 30.9442 -12.0563 8.9
    endloop
  endfacet
  facet normal -0 0 1
    outer loop
      vertex 29.4395 10.9017 8.9
      vertex 30.173 -11.5036 8.9
      vertex 30.173 11.5036 8.9
    endloop
  endfacet
  facet normal 0 0 1
    outer loop
      vertex 29.4395 10.9017 8.9
      vertex 29.4395 -10.9017 8.9
      vertex 30.173 -11.5036 8.9
    endloop
  endfacet
  facet normal -0 0 1
    outer loop
      vertex 28.747 10.253 8.9
      vertex 29.4395 -10.9017 8.9
      vertex 29.4395 10.9017 8.9
    endloop
  endfacet
  facet normal 0 0 1
    outer loop
      vertex 28.747 10.253 8.9
      vertex 28.747 -10.253 8.9
      vertex 29.4395 -10.9017 8.9
    endloop
  endfacet
  facet normal -0 0 1
    outer loop
      vertex 28.0983 9.56051 8.9
      vertex 28.747 -10.253 8.9
      vertex 28.747 10.253 8.9
    endloop
  endfacet
  facet normal 0 0 1
    outer loop
      vertex 28.0983 9.56051 8.9
      vertex 28.0983 -9.56051 8.9
      vertex 28.747 -10.253 8.9
    endloop
  endfacet
  facet normal -0 0 1
    outer loop
      vertex 27.4964 8.82704 8.9
      vertex 28.0983 -9.56051 8.9
      vertex 28.0983 9.56051 8.9
    endloop
  endfacet
  facet normal 0 0 1
    outer loop
      vertex 27.4964 8.82704 8.9
      vertex 27.4964 -8.82704 8.9
      vertex 28.0983 -9.56051 8.9
    endloop
  endfacet
  facet normal -0 0 1
    outer loop
      vertex 26.9437 8.05577 8.9
      vertex 27.4964 -8.82704 8.9
      vertex 27.4964 8.82704 8.9
    endloop
  endfacet
  facet normal 0 0 1
    outer loop
      vertex 26.9437 8.05577 8.9
      vertex 26.9437 -8.05577 8.9
      vertex 27.4964 -8.82704 8.9
    endloop
  endfacet
  facet normal -0 0 1
    outer loop
      vertex 26.4426 7.25 8.9
      vertex 26.9437 -8.05577 8.9
      vertex 26.9437 8.05577 8.9
    endloop
  endfacet
  facet normal 0 0 1
    outer loop
      vertex 26.4426 7.25 8.9
      vertex 26.4426 -7.25 8.9
      vertex 26.9437 -8.05577 8.9
    endloop
  endfacet
  facet normal -0 0 1
    outer loop
      vertex 25.9953 6.41319 8.9
      vertex 26.4426 -7.25 8.9
      vertex 26.4426 7.25 8.9
    endloop
  endfacet
  facet normal 0 0 1
    outer loop
      vertex 25.9953 6.41319 8.9
      vertex 25.9953 -6.41319 8.9
      vertex 26.4426 -7.25 8.9
    endloop
  endfacet
  facet normal -0 0 1
    outer loop
      vertex 25.6037 5.54891 8.9
      vertex 25.9953 -6.41319 8.9
      vertex 25.9953 6.41319 8.9
    endloop
  endfacet
  facet normal 0 0 1
    outer loop
      vertex 25.6037 5.54891 8.9
      vertex 25.6037 -5.54891 8.9
      vertex 25.9953 -6.41319 8.9
    endloop
  endfacet
  facet normal -0 0 1
    outer loop
      vertex 25.2695 4.66087 8.9
      vertex 25.6037 -5.54891 8.9
      vertex 25.6037 5.54891 8.9
    endloop
  endfacet
  facet normal 0 0 1
    outer loop
      vertex 25.2695 4.66087 8.9
      vertex 25.2695 -4.66087 8.9
      vertex 25.6037 -5.54891 8.9
    endloop
  endfacet
  facet normal -0 0 1
    outer loop
      vertex 24.9941 3.75288 8.9
      vertex 25.2695 -4.66087 8.9
      vertex 25.2695 4.66087 8.9
    endloop
  endfacet
  facet normal 0 0 1
    outer loop
      vertex 24.9941 3.75288 8.9
      vertex 24.9941 -3.75288 8.9
      vertex 25.2695 -4.66087 8.9
    endloop
  endfacet
  facet normal -0 0 1
    outer loop
      vertex 24.7786 2.82881 8.9
      vertex 24.9941 -3.75288 8.9
      vertex 24.9941 3.75288 8.9
    endloop
  endfacet
  facet normal 0 0 1
    outer loop
      vertex 24.7786 2.82881 8.9
      vertex 24.7786 -2.82881 8.9
      vertex 24.9941 -3.75288 8.9
    endloop
  endfacet
  facet normal -0 0 1
    outer loop
      vertex 24.6241 1.89263 8.9
      vertex 24.7786 -2.82881 8.9
      vertex 24.7786 2.82881 8.9
    endloop
  endfacet
  facet normal 0 0 1
    outer loop
      vertex 24.6241 1.89263 8.9
      vertex 24.6241 -1.89263 8.9
      vertex 24.7786 -2.82881 8.9
    endloop
  endfacet
  facet normal -0 0 1
    outer loop
      vertex 24.531 0.948345 8.9
      vertex 24.6241 -1.89263 8.9
      vertex 24.6241 1.89263 8.9
    endloop
  endfacet
  facet normal 0 0 1
    outer loop
      vertex 24.531 0.948345 8.9
      vertex 24.531 -0.948345 8.9
      vertex 24.6241 -1.89263 8.9
    endloop
  endfacet
  facet normal 0 -0 1
    outer loop
      vertex 24.531 -0.948345 8.9
      vertex 24.531 0.948345 8.9
      vertex 24.5 0 8.9
    endloop
  endfacet
  facet normal 0.999466 -0.0326711 0
    outer loop
      vertex 53.469 -0.948345 8.9
      vertex 53.5 0 3
      vertex 53.5 0 8.9
    endloop
  endfacet
  facet normal 0.999466 -0.0326711 0
    outer loop
      vertex 53.5 0 3
      vertex 53.469 -0.948345 8.9
      vertex 53.469 -0.948345 3
    endloop
  endfacet
  facet normal 0.973868 -0.227113 0
    outer loop
      vertex 53.0059 -3.75288 8.9
      vertex 53.2214 -2.82881 3
      vertex 53.2214 -2.82881 8.9
    endloop
  endfacet
  facet normal 0.973868 -0.227113 0
    outer loop
      vertex 53.2214 -2.82881 3
      vertex 53.0059 -3.75288 8.9
      vertex 53.0059 -3.75288 3
    endloop
  endfacet
  facet normal 0.986654 -0.16283 0
    outer loop
      vertex 53.2214 -2.82881 8.9
      vertex 53.3759 -1.89263 3
      vertex 53.3759 -1.89263 8.9
    endloop
  endfacet
  facet normal 0.986654 -0.16283 0
    outer loop
      vertex 53.3759 -1.89263 3
      vertex 53.2214 -2.82881 8.9
      vertex 53.2214 -2.82881 3
    endloop
  endfacet
  facet normal 0.773033 -0.634366 0
    outer loop
      vertex 49.9017 -9.56051 8.9
      vertex 50.5036 -8.82704 3
      vertex 50.5036 -8.82704 8.9
    endloop
  endfacet
  facet normal 0.773033 -0.634366 0
    outer loop
      vertex 50.5036 -8.82704 3
      vertex 49.9017 -9.56051 8.9
      vertex 49.9017 -9.56051 3
    endloop
  endfacet
  facet normal 0.812839 -0.582489 0
    outer loop
      vertex 50.5036 -8.82704 8.9
      vertex 51.0563 -8.05577 3
      vertex 51.0563 -8.05577 8.9
    endloop
  endfacet
  facet normal 0.812839 -0.582489 0
    outer loop
      vertex 51.0563 -8.05577 3
      vertex 50.5036 -8.82704 8.9
      vertex 50.5036 -8.82704 3
    endloop
  endfacet
  facet normal 0.849183 -0.528098 0
    outer loop
      vertex 51.0563 -8.05577 8.9
      vertex 51.5574 -7.25 3
      vertex 51.5574 -7.25 8.9
    endloop
  endfacet
  facet normal 0.849183 -0.528098 0
    outer loop
      vertex 51.5574 -7.25 3
      vertex 51.0563 -8.05577 8.9
      vertex 51.0563 -8.05577 3
    endloop
  endfacet
  facet normal 0.582524 -0.812814 0
    outer loop
      vertex 47.0558 -12.0563 3
      vertex 47.827 -11.5036 8.9
      vertex 47.0558 -12.0563 8.9
    endloop
  endfacet
  facet normal 0.582524 -0.812814 0
    outer loop
      vertex 47.827 -11.5036 8.9
      vertex 47.0558 -12.0563 3
      vertex 47.827 -11.5036 3
    endloop
  endfacet
  facet normal 0.935918 -0.352218 0
    outer loop
      vertex 52.3963 -5.54891 8.9
      vertex 52.7305 -4.66087 3
      vertex 52.7305 -4.66087 8.9
    endloop
  endfacet
  facet normal 0.935918 -0.352218 0
    outer loop
      vertex 52.7305 -4.66087 3
      vertex 52.3963 -5.54891 8.9
      vertex 52.3963 -5.54891 3
    endloop
  endfacet
  facet normal 0.881914 -0.47141 0
    outer loop
      vertex 51.5574 -7.25 8.9
      vertex 52.0047 -6.41319 3
      vertex 52.0047 -6.41319 8.9
    endloop
  endfacet
  facet normal 0.881914 -0.47141 0
    outer loop
      vertex 52.0047 -6.41319 3
      vertex 51.5574 -7.25 8.9
      vertex 51.5574 -7.25 3
    endloop
  endfacet
  facet normal -0.290247 -0.956952 0
    outer loop
      vertex 34.3391 -13.7305 3
      vertex 35.2471 -14.0059 8.9
      vertex 34.3391 -13.7305 8.9
    endloop
  endfacet
  facet normal -0.290247 -0.956952 -0
    outer loop
      vertex 35.2471 -14.0059 8.9
      vertex 34.3391 -13.7305 3
      vertex 35.2471 -14.0059 3
    endloop
  endfacet
  facet normal -0.528084 -0.849192 0
    outer loop
      vertex 30.9442 -12.0563 3
      vertex 31.75 -12.5574 8.9
      vertex 30.9442 -12.0563 8.9
    endloop
  endfacet
  facet normal -0.528084 -0.849192 -0
    outer loop
      vertex 31.75 -12.5574 8.9
      vertex 30.9442 -12.0563 3
      vertex 31.75 -12.5574 3
    endloop
  endfacet
  facet normal -0.68365 -0.72981 0
    outer loop
      vertex 28.747 -10.253 3
      vertex 29.4395 -10.9017 8.9
      vertex 28.747 -10.253 8.9
    endloop
  endfacet
  facet normal -0.68365 -0.72981 -0
    outer loop
      vertex 29.4395 -10.9017 8.9
      vertex 28.747 -10.253 3
      vertex 29.4395 -10.9017 3
    endloop
  endfacet
  facet normal -0.935918 -0.352218 0
    outer loop
      vertex 25.6037 -5.54891 3
      vertex 25.2695 -4.66087 8.9
      vertex 25.2695 -4.66087 3
    endloop
  endfacet
  facet normal -0.935918 -0.352218 0
    outer loop
      vertex 25.2695 -4.66087 8.9
      vertex 25.6037 -5.54891 3
      vertex 25.6037 -5.54891 8.9
    endloop
  endfacet
  facet normal -0.956951 -0.29025 0
    outer loop
      vertex 25.2695 -4.66087 3
      vertex 24.9941 -3.75288 8.9
      vertex 24.9941 -3.75288 3
    endloop
  endfacet
  facet normal -0.956951 -0.29025 0
    outer loop
      vertex 24.9941 -3.75288 8.9
      vertex 25.2695 -4.66087 3
      vertex 25.2695 -4.66087 8.9
    endloop
  endfacet
  facet normal 0.162826 -0.986655 0
    outer loop
      vertex 40.8926 -14.3759 3
      vertex 41.8288 -14.2214 8.9
      vertex 40.8926 -14.3759 8.9
    endloop
  endfacet
  facet normal 0.162826 -0.986655 0
    outer loop
      vertex 41.8288 -14.2214 8.9
      vertex 40.8926 -14.3759 3
      vertex 41.8288 -14.2214 3
    endloop
  endfacet
  facet normal 0.995175 -0.0981174 0
    outer loop
      vertex 53.3759 -1.89263 8.9
      vertex 53.469 -0.948345 3
      vertex 53.469 -0.948345 8.9
    endloop
  endfacet
  facet normal 0.995175 -0.0981174 0
    outer loop
      vertex 53.469 -0.948345 3
      vertex 53.3759 -1.89263 8.9
      vertex 53.3759 -1.89263 3
    endloop
  endfacet
  facet normal 0.634351 -0.773046 0
    outer loop
      vertex 47.827 -11.5036 3
      vertex 48.5605 -10.9017 8.9
      vertex 47.827 -11.5036 8.9
    endloop
  endfacet
  facet normal 0.634351 -0.773046 0
    outer loop
      vertex 48.5605 -10.9017 8.9
      vertex 47.827 -11.5036 3
      vertex 48.5605 -10.9017 3
    endloop
  endfacet
  facet normal 0.528084 -0.849192 0
    outer loop
      vertex 46.25 -12.5574 3
      vertex 47.0558 -12.0563 8.9
      vertex 46.25 -12.5574 8.9
    endloop
  endfacet
  facet normal 0.528084 -0.849192 0
    outer loop
      vertex 47.0558 -12.0563 8.9
      vertex 46.25 -12.5574 3
      vertex 47.0558 -12.0563 3
    endloop
  endfacet
  facet normal 0.729805 -0.683655 0
    outer loop
      vertex 49.253 -10.253 8.9
      vertex 49.9017 -9.56051 3
      vertex 49.9017 -9.56051 8.9
    endloop
  endfacet
  facet normal 0.729805 -0.683655 0
    outer loop
      vertex 49.9017 -9.56051 3
      vertex 49.253 -10.253 8.9
      vertex 49.253 -10.253 3
    endloop
  endfacet
  facet normal 0.910864 -0.412707 0
    outer loop
      vertex 52.0047 -6.41319 8.9
      vertex 52.3963 -5.54891 3
      vertex 52.3963 -5.54891 8.9
    endloop
  endfacet
  facet normal 0.910864 -0.412707 0
    outer loop
      vertex 52.3963 -5.54891 3
      vertex 52.0047 -6.41319 8.9
      vertex 52.0047 -6.41319 3
    endloop
  endfacet
  facet normal -0.162826 -0.986655 0
    outer loop
      vertex 36.1712 -14.2214 3
      vertex 37.1074 -14.3759 8.9
      vertex 36.1712 -14.2214 8.9
    endloop
  endfacet
  facet normal -0.162826 -0.986655 -0
    outer loop
      vertex 37.1074 -14.3759 8.9
      vertex 36.1712 -14.2214 3
      vertex 37.1074 -14.3759 3
    endloop
  endfacet
  facet normal -0.0981158 -0.995175 0
    outer loop
      vertex 37.1074 -14.3759 3
      vertex 38.0517 -14.469 8.9
      vertex 37.1074 -14.3759 8.9
    endloop
  endfacet
  facet normal -0.0981158 -0.995175 -0
    outer loop
      vertex 38.0517 -14.469 8.9
      vertex 37.1074 -14.3759 3
      vertex 38.0517 -14.469 3
    endloop
  endfacet
  facet normal -0.582524 -0.812814 0
    outer loop
      vertex 30.173 -11.5036 3
      vertex 30.9442 -12.0563 8.9
      vertex 30.173 -11.5036 8.9
    endloop
  endfacet
  facet normal -0.582524 -0.812814 -0
    outer loop
      vertex 30.9442 -12.0563 8.9
      vertex 30.173 -11.5036 3
      vertex 30.9442 -12.0563 3
    endloop
  endfacet
  facet normal -0.849183 -0.528098 0
    outer loop
      vertex 26.9437 -8.05577 3
      vertex 26.4426 -7.25 8.9
      vertex 26.4426 -7.25 3
    endloop
  endfacet
  facet normal -0.849183 -0.528098 0
    outer loop
      vertex 26.4426 -7.25 8.9
      vertex 26.9437 -8.05577 3
      vertex 26.9437 -8.05577 8.9
    endloop
  endfacet
  facet normal -0.773033 -0.634366 0
    outer loop
      vertex 28.0983 -9.56051 3
      vertex 27.4964 -8.82704 8.9
      vertex 27.4964 -8.82704 3
    endloop
  endfacet
  facet normal -0.773033 -0.634366 0
    outer loop
      vertex 27.4964 -8.82704 8.9
      vertex 28.0983 -9.56051 3
      vertex 28.0983 -9.56051 8.9
    endloop
  endfacet
  facet normal -0.986654 -0.16283 0
    outer loop
      vertex 24.7786 -2.82881 3
      vertex 24.6241 -1.89263 8.9
      vertex 24.6241 -1.89263 3
    endloop
  endfacet
  facet normal -0.986654 -0.16283 0
    outer loop
      vertex 24.6241 -1.89263 8.9
      vertex 24.7786 -2.82881 3
      vertex 24.7786 -2.82881 8.9
    endloop
  endfacet
  facet normal 0.68365 -0.72981 0
    outer loop
      vertex 48.5605 -10.9017 3
      vertex 49.253 -10.253 8.9
      vertex 48.5605 -10.9017 8.9
    endloop
  endfacet
  facet normal 0.68365 -0.72981 0
    outer loop
      vertex 49.253 -10.253 8.9
      vertex 48.5605 -10.9017 3
      vertex 49.253 -10.253 3
    endloop
  endfacet
  facet normal -0.227106 -0.97387 0
    outer loop
      vertex 35.2471 -14.0059 3
      vertex 36.1712 -14.2214 8.9
      vertex 35.2471 -14.0059 8.9
    endloop
  endfacet
  facet normal -0.227106 -0.97387 -0
    outer loop
      vertex 36.1712 -14.2214 8.9
      vertex 35.2471 -14.0059 3
      vertex 36.1712 -14.2214 3
    endloop
  endfacet
  facet normal -0.634351 -0.773046 0
    outer loop
      vertex 29.4395 -10.9017 3
      vertex 30.173 -11.5036 8.9
      vertex 29.4395 -10.9017 8.9
    endloop
  endfacet
  facet normal -0.634351 -0.773046 -0
    outer loop
      vertex 30.173 -11.5036 8.9
      vertex 29.4395 -10.9017 3
      vertex 30.173 -11.5036 3
    endloop
  endfacet
  facet normal -0.812839 -0.582489 0
    outer loop
      vertex 27.4964 -8.82704 3
      vertex 26.9437 -8.05577 8.9
      vertex 26.9437 -8.05577 3
    endloop
  endfacet
  facet normal -0.812839 -0.582489 0
    outer loop
      vertex 26.9437 -8.05577 8.9
      vertex 27.4964 -8.82704 3
      vertex 27.4964 -8.82704 8.9
    endloop
  endfacet
  facet normal -0.881914 -0.47141 0
    outer loop
      vertex 26.4426 -7.25 3
      vertex 25.9953 -6.41319 8.9
      vertex 25.9953 -6.41319 3
    endloop
  endfacet
  facet normal -0.881914 -0.47141 0
    outer loop
      vertex 25.9953 -6.41319 8.9
      vertex 26.4426 -7.25 3
      vertex 26.4426 -7.25 8.9
    endloop
  endfacet
  facet normal 0.227106 -0.97387 0
    outer loop
      vertex 41.8288 -14.2214 3
      vertex 42.7529 -14.0059 8.9
      vertex 41.8288 -14.2214 8.9
    endloop
  endfacet
  facet normal 0.227106 -0.97387 0
    outer loop
      vertex 42.7529 -14.0059 8.9
      vertex 41.8288 -14.2214 3
      vertex 42.7529 -14.0059 3
    endloop
  endfacet
  facet normal -0.471414 -0.881912 0
    outer loop
      vertex 31.75 -12.5574 3
      vertex 32.5868 -13.0047 8.9
      vertex 31.75 -12.5574 8.9
    endloop
  endfacet
  facet normal -0.471414 -0.881912 -0
    outer loop
      vertex 32.5868 -13.0047 8.9
      vertex 31.75 -12.5574 3
      vertex 32.5868 -13.0047 3
    endloop
  endfacet
  facet normal -0.412699 -0.910867 0
    outer loop
      vertex 32.5868 -13.0047 3
      vertex 33.4511 -13.3963 8.9
      vertex 32.5868 -13.0047 8.9
    endloop
  endfacet
  facet normal -0.412699 -0.910867 -0
    outer loop
      vertex 33.4511 -13.3963 8.9
      vertex 32.5868 -13.0047 3
      vertex 33.4511 -13.3963 3
    endloop
  endfacet
  facet normal 0.999464 0.0327232 0
    outer loop
      vertex 75.7 0 3
      vertex 75.5379 4.95102 0
      vertex 75.5379 4.95102 3
    endloop
  endfacet
  facet normal 0.999464 0.0327232 0
    outer loop
      vertex 75.5379 4.95102 0
      vertex 75.7 0 3
      vertex 75.7 0 0
    endloop
  endfacet
  facet normal -0.999464 0.0327232 0
    outer loop
      vertex -75.7 0 0
      vertex -75.5379 4.95102 3
      vertex -75.5379 4.95102 0
    endloop
  endfacet
  facet normal -0.999464 0.0327232 0
    outer loop
      vertex -75.5379 4.95102 3
      vertex -75.7 0 0
      vertex -75.7 0 3
    endloop
  endfacet
  facet normal 0.0327232 0.999464 -0
    outer loop
      vertex 4.95102 75.5379 0
      vertex 0 75.7 3
      vertex 4.95102 75.5379 3
    endloop
  endfacet
  facet normal 0.0327232 0.999464 0
    outer loop
      vertex 0 75.7 3
      vertex 4.95102 75.5379 0
      vertex 0 75.7 0
    endloop
  endfacet
  facet normal -0.0327232 -0.999464 0
    outer loop
      vertex -4.95102 -75.5379 0
      vertex 0 -75.7 3
      vertex -4.95102 -75.5379 3
    endloop
  endfacet
  facet normal -0.0327232 -0.999464 -0
    outer loop
      vertex 0 -75.7 3
      vertex -4.95102 -75.5379 0
      vertex 0 -75.7 0
    endloop
  endfacet
  facet normal 0.683594 0.729863 -0
    outer loop
      vertex 53.528 53.528 0
      vertex 49.9125 56.9143 3
      vertex 53.528 53.528 3
    endloop
  endfacet
  facet normal 0.683594 0.729863 0
    outer loop
      vertex 49.9125 56.9143 3
      vertex 53.528 53.528 0
      vertex 49.9125 56.9143 0
    endloop
  endfacet
  facet normal -0.683594 0.729863 0
    outer loop
      vertex -49.9125 56.9143 0
      vertex -53.528 53.528 3
      vertex -49.9125 56.9143 3
    endloop
  endfacet
  facet normal -0.683594 0.729863 0
    outer loop
      vertex -53.528 53.528 3
      vertex -49.9125 56.9143 0
      vertex -53.528 53.528 0
    endloop
  endfacet
  facet normal -0.352249 0.935906 0
    outer loop
      vertex -24.333 71.6826 0
      vertex -28.9691 69.9377 3
      vertex -24.333 71.6826 3
    endloop
  endfacet
  facet normal -0.352249 0.935906 0
    outer loop
      vertex -28.9691 69.9377 3
      vertex -24.333 71.6826 0
      vertex -28.9691 69.9377 0
    endloop
  endfacet
  facet normal 0.910868 0.412698 0
    outer loop
      vertex 69.9377 28.9691 3
      vertex 67.8933 33.4813 0
      vertex 67.8933 33.4813 3
    endloop
  endfacet
  facet normal 0.910868 0.412698 0
    outer loop
      vertex 67.8933 33.4813 0
      vertex 69.9377 28.9691 3
      vertex 69.9377 28.9691 0
    endloop
  endfacet
  facet normal -0.849202 0.528069 0
    outer loop
      vertex -65.5581 37.85 0
      vertex -62.9422 42.0567 3
      vertex -62.9422 42.0567 0
    endloop
  endfacet
  facet normal -0.849202 0.528069 0
    outer loop
      vertex -62.9422 42.0567 3
      vertex -65.5581 37.85 0
      vertex -65.5581 37.85 3
    endloop
  endfacet
  facet normal -0.16291 0.986641 0
    outer loop
      vertex -9.88083 75.0524 0
      vertex -14.7683 74.2454 3
      vertex -9.88083 75.0524 3
    endloop
  endfacet
  facet normal -0.16291 0.986641 0
    outer loop
      vertex -14.7683 74.2454 3
      vertex -9.88083 75.0524 0
      vertex -14.7683 74.2454 0
    endloop
  endfacet
  facet normal 0.881914 -0.471409 0
    outer loop
      vertex 65.5581 -37.85 3
      vertex 67.8933 -33.4813 0
      vertex 67.8933 -33.4813 3
    endloop
  endfacet
  facet normal 0.881914 -0.471409 0
    outer loop
      vertex 67.8933 -33.4813 0
      vertex 65.5581 -37.85 3
      vertex 65.5581 -37.85 0
    endloop
  endfacet
  facet normal 0.227063 -0.97388 0
    outer loop
      vertex 14.7683 -74.2454 0
      vertex 19.5926 -73.1206 3
      vertex 14.7683 -74.2454 3
    endloop
  endfacet
  facet normal 0.227063 -0.97388 0
    outer loop
      vertex 19.5926 -73.1206 3
      vertex 14.7683 -74.2454 0
      vertex 19.5926 -73.1206 0
    endloop
  endfacet
  facet normal 0.683594 -0.729863 0
    outer loop
      vertex 49.9125 -56.9143 0
      vertex 53.528 -53.528 3
      vertex 49.9125 -56.9143 3
    endloop
  endfacet
  facet normal 0.683594 -0.729863 0
    outer loop
      vertex 53.528 -53.528 3
      vertex 49.9125 -56.9143 0
      vertex 53.528 -53.528 0
    endloop
  endfacet
  facet normal -0.352249 -0.935906 0
    outer loop
      vertex -28.9691 -69.9377 0
      vertex -24.333 -71.6826 3
      vertex -28.9691 -69.9377 3
    endloop
  endfacet
  facet normal -0.352249 -0.935906 -0
    outer loop
      vertex -24.333 -71.6826 3
      vertex -28.9691 -69.9377 0
      vertex -24.333 -71.6826 0
    endloop
  endfacet
  facet normal -0.729863 -0.683594 0
    outer loop
      vertex -53.528 -53.528 0
      vertex -56.9143 -49.9125 3
      vertex -56.9143 -49.9125 0
    endloop
  endfacet
  facet normal -0.729863 -0.683594 0
    outer loop
      vertex -56.9143 -49.9125 3
      vertex -53.528 -53.528 0
      vertex -53.528 -53.528 3
    endloop
  endfacet
  facet normal 0.995186 0.0980084 0
    outer loop
      vertex 75.5379 4.95102 3
      vertex 75.0524 9.88083 0
      vertex 75.0524 9.88083 3
    endloop
  endfacet
  facet normal 0.995186 0.0980084 0
    outer loop
      vertex 75.0524 9.88083 0
      vertex 75.5379 4.95102 3
      vertex 75.5379 4.95102 0
    endloop
  endfacet
  facet normal 0.956939 0.290288 0
    outer loop
      vertex 73.1206 19.5926 3
      vertex 71.6826 24.333 0
      vertex 71.6826 24.333 3
    endloop
  endfacet
  facet normal 0.956939 0.290288 0
    outer loop
      vertex 71.6826 24.333 0
      vertex 73.1206 19.5926 3
      vertex 73.1206 19.5926 0
    endloop
  endfacet
  facet normal 0.812842 0.582484 0
    outer loop
      vertex 62.9422 42.0567 3
      vertex 60.0568 46.0832 0
      vertex 60.0568 46.0832 3
    endloop
  endfacet
  facet normal 0.812842 0.582484 0
    outer loop
      vertex 60.0568 46.0832 0
      vertex 62.9422 42.0567 3
      vertex 62.9422 42.0567 0
    endloop
  endfacet
  facet normal 0.773023 0.634378 0
    outer loop
      vertex 60.0568 46.0832 3
      vertex 56.9143 49.9125 0
      vertex 56.9143 49.9125 3
    endloop
  endfacet
  facet normal 0.773023 0.634378 0
    outer loop
      vertex 56.9143 49.9125 0
      vertex 60.0568 46.0832 3
      vertex 60.0568 46.0832 0
    endloop
  endfacet
  facet normal 0.227063 0.97388 -0
    outer loop
      vertex 19.5926 73.1206 0
      vertex 14.7683 74.2454 3
      vertex 19.5926 73.1206 3
    endloop
  endfacet
  facet normal 0.227063 0.97388 0
    outer loop
      vertex 14.7683 74.2454 3
      vertex 19.5926 73.1206 0
      vertex 14.7683 74.2454 0
    endloop
  endfacet
  facet normal 0.352249 0.935906 -0
    outer loop
      vertex 28.9691 69.9377 0
      vertex 24.333 71.6826 3
      vertex 28.9691 69.9377 3
    endloop
  endfacet
  facet normal 0.352249 0.935906 0
    outer loop
      vertex 24.333 71.6826 3
      vertex 28.9691 69.9377 0
      vertex 24.333 71.6826 0
    endloop
  endfacet
  facet normal 0.16291 0.986641 -0
    outer loop
      vertex 14.7683 74.2454 0
      vertex 9.88083 75.0524 3
      vertex 14.7683 74.2454 3
    endloop
  endfacet
  facet normal 0.16291 0.986641 0
    outer loop
      vertex 9.88083 75.0524 3
      vertex 14.7683 74.2454 0
      vertex 9.88083 75.0524 0
    endloop
  endfacet
  facet normal 0.582484 0.812842 -0
    outer loop
      vertex 46.0832 60.0568 0
      vertex 42.0567 62.9422 3
      vertex 46.0832 60.0568 3
    endloop
  endfacet
  facet normal 0.582484 0.812842 0
    outer loop
      vertex 42.0567 62.9422 3
      vertex 46.0832 60.0568 0
      vertex 42.0567 62.9422 0
    endloop
  endfacet
  facet normal 0.528069 0.849202 -0
    outer loop
      vertex 42.0567 62.9422 0
      vertex 37.85 65.5581 3
      vertex 42.0567 62.9422 3
    endloop
  endfacet
  facet normal 0.528069 0.849202 0
    outer loop
      vertex 37.85 65.5581 3
      vertex 42.0567 62.9422 0
      vertex 37.85 65.5581 0
    endloop
  endfacet
  facet normal 0.634378 0.773023 -0
    outer loop
      vertex 49.9125 56.9143 0
      vertex 46.0832 60.0568 3
      vertex 49.9125 56.9143 3
    endloop
  endfacet
  facet normal 0.634378 0.773023 0
    outer loop
      vertex 46.0832 60.0568 3
      vertex 49.9125 56.9143 0
      vertex 46.0832 60.0568 0
    endloop
  endfacet
  facet normal -0.729863 0.683594 0
    outer loop
      vertex -56.9143 49.9125 0
      vertex -53.528 53.528 3
      vertex -53.528 53.528 0
    endloop
  endfacet
  facet normal -0.729863 0.683594 0
    outer loop
      vertex -53.528 53.528 3
      vertex -56.9143 49.9125 0
      vertex -56.9143 49.9125 3
    endloop
  endfacet
  facet normal -0.97388 0.227063 0
    outer loop
      vertex -74.2454 14.7683 0
      vertex -73.1206 19.5926 3
      vertex -73.1206 19.5926 0
    endloop
  endfacet
  facet normal -0.97388 0.227063 0
    outer loop
      vertex -73.1206 19.5926 3
      vertex -74.2454 14.7683 0
      vertex -74.2454 14.7683 3
    endloop
  endfacet
  facet normal -0.935906 0.352249 0
    outer loop
      vertex -71.6826 24.333 0
      vertex -69.9377 28.9691 3
      vertex -69.9377 28.9691 0
    endloop
  endfacet
  facet normal -0.935906 0.352249 0
    outer loop
      vertex -69.9377 28.9691 3
      vertex -71.6826 24.333 0
      vertex -71.6826 24.333 3
    endloop
  endfacet
  facet normal -0.986641 0.16291 0
    outer loop
      vertex -75.0524 9.88083 0
      vertex -74.2454 14.7683 3
      vertex -74.2454 14.7683 0
    endloop
  endfacet
  facet normal -0.986641 0.16291 0
    outer loop
      vertex -74.2454 14.7683 3
      vertex -75.0524 9.88083 0
      vertex -75.0524 9.88083 3
    endloop
  endfacet
  facet normal -0.528069 0.849202 0
    outer loop
      vertex -37.85 65.5581 0
      vertex -42.0567 62.9422 3
      vertex -37.85 65.5581 3
    endloop
  endfacet
  facet normal -0.528069 0.849202 0
    outer loop
      vertex -42.0567 62.9422 3
      vertex -37.85 65.5581 0
      vertex -42.0567 62.9422 0
    endloop
  endfacet
  facet normal -0.634378 0.773023 0
    outer loop
      vertex -46.0832 60.0568 0
      vertex -49.9125 56.9143 3
      vertex -46.0832 60.0568 3
    endloop
  endfacet
  facet normal -0.634378 0.773023 0
    outer loop
      vertex -49.9125 56.9143 3
      vertex -46.0832 60.0568 0
      vertex -49.9125 56.9143 0
    endloop
  endfacet
  facet normal -0.0980084 0.995186 0
    outer loop
      vertex -4.95102 75.5379 0
      vertex -9.88083 75.0524 3
      vertex -4.95102 75.5379 3
    endloop
  endfacet
  facet normal -0.0980084 0.995186 0
    outer loop
      vertex -9.88083 75.0524 3
      vertex -4.95102 75.5379 0
      vertex -9.88083 75.0524 0
    endloop
  endfacet
  facet normal 0.849202 -0.528069 0
    outer loop
      vertex 62.9422 -42.0567 3
      vertex 65.5581 -37.85 0
      vertex 65.5581 -37.85 3
    endloop
  endfacet
  facet normal 0.849202 -0.528069 0
    outer loop
      vertex 65.5581 -37.85 0
      vertex 62.9422 -42.0567 3
      vertex 62.9422 -42.0567 0
    endloop
  endfacet
  facet normal 0.986641 -0.16291 0
    outer loop
      vertex 74.2454 -14.7683 3
      vertex 75.0524 -9.88083 0
      vertex 75.0524 -9.88083 3
    endloop
  endfacet
  facet normal 0.986641 -0.16291 0
    outer loop
      vertex 75.0524 -9.88083 0
      vertex 74.2454 -14.7683 3
      vertex 74.2454 -14.7683 0
    endloop
  endfacet
  facet normal 0.995186 -0.0980084 0
    outer loop
      vertex 75.0524 -9.88083 3
      vertex 75.5379 -4.95102 0
      vertex 75.5379 -4.95102 3
    endloop
  endfacet
  facet normal 0.995186 -0.0980084 0
    outer loop
      vertex 75.5379 -4.95102 0
      vertex 75.0524 -9.88083 3
      vertex 75.0524 -9.88083 0
    endloop
  endfacet
  facet normal -0.683594 -0.729863 0
    outer loop
      vertex -53.528 -53.528 0
      vertex -49.9125 -56.9143 3
      vertex -53.528 -53.528 3
    endloop
  endfacet
  facet normal -0.683594 -0.729863 -0
    outer loop
      vertex -49.9125 -56.9143 3
      vertex -53.528 -53.528 0
      vertex -49.9125 -56.9143 0
    endloop
  endfacet
  facet normal -0.528069 -0.849202 0
    outer loop
      vertex -42.0567 -62.9422 0
      vertex -37.85 -65.5581 3
      vertex -42.0567 -62.9422 3
    endloop
  endfacet
  facet normal -0.528069 -0.849202 -0
    outer loop
      vertex -37.85 -65.5581 3
      vertex -42.0567 -62.9422 0
      vertex -37.85 -65.5581 0
    endloop
  endfacet
  facet normal -0.16291 -0.986641 0
    outer loop
      vertex -14.7683 -74.2454 0
      vertex -9.88083 -75.0524 3
      vertex -14.7683 -74.2454 3
    endloop
  endfacet
  facet normal -0.16291 -0.986641 -0
    outer loop
      vertex -9.88083 -75.0524 3
      vertex -14.7683 -74.2454 0
      vertex -9.88083 -75.0524 0
    endloop
  endfacet
  facet normal -0.910868 -0.412698 0
    outer loop
      vertex -67.8933 -33.4813 0
      vertex -69.9377 -28.9691 3
      vertex -69.9377 -28.9691 0
    endloop
  endfacet
  facet normal -0.910868 -0.412698 0
    outer loop
      vertex -69.9377 -28.9691 3
      vertex -67.8933 -33.4813 0
      vertex -67.8933 -33.4813 3
    endloop
  endfacet
  facet normal -0 0 -1
    outer loop
      vertex -25.7692 37.9817 0
      vertex -45.7777 3.32588 0
      vertex -26 38.1051 0
    endloop
  endfacet
  facet normal 0 0 -1
    outer loop
      vertex -46 3.4641 0
      vertex -26 38.1051 0
      vertex -45.7777 3.32588 0
    endloop
  endfacet
  facet normal -0 0 -1
    outer loop
      vertex -26 38.1051 0
      vertex -46 3.4641 0
      vertex -26.2223 38.2433 0
    endloop
  endfacet
  facet normal 0 0 -1
    outer loop
      vertex -46.2308 3.58749 0
      vertex -26.2223 38.2433 0
      vertex -46 3.4641 0
    endloop
  endfacet
  facet normal -0 0 -1
    outer loop
      vertex -26.2223 38.2433 0
      vertex -46.2308 3.58749 0
      vertex -26.435 38.3958 0
    endloop
  endfacet
  facet normal 0 0 -1
    outer loop
      vertex -46.4693 3.69552 0
      vertex -26.435 38.3958 0
      vertex -46.2308 3.58749 0
    endloop
  endfacet
  facet normal -0 0 -1
    outer loop
      vertex -26.435 38.3958 0
      vertex -46.4693 3.69552 0
      vertex -26.6374 38.5619 0
    endloop
  endfacet
  facet normal 0 0 -1
    outer loop
      vertex -46.7142 3.78772 0
      vertex -26.6374 38.5619 0
      vertex -46.4693 3.69552 0
    endloop
  endfacet
  facet normal -0 0 -1
    outer loop
      vertex -26.6374 38.5619 0
      vertex -46.7142 3.78772 0
      vertex -26.8284 38.7408 0
    endloop
  endfacet
  facet normal 0 0 -1
    outer loop
      vertex -46.9647 3.8637 0
      vertex -26.8284 38.7408 0
      vertex -46.7142 3.78772 0
    endloop
  endfacet
  facet normal -0 0 -1
    outer loop
      vertex -26.8284 38.7408 0
      vertex -46.9647 3.8637 0
      vertex -27.0074 38.9318 0
    endloop
  endfacet
  facet normal 0 0 -1
    outer loop
      vertex -47.2196 3.92314 0
      vertex -27.0074 38.9318 0
      vertex -46.9647 3.8637 0
    endloop
  endfacet
  facet normal -0 0 -1
    outer loop
      vertex -27.0074 38.9318 0
      vertex -47.2196 3.92314 0
      vertex -27.1734 39.1342 0
    endloop
  endfacet
  facet normal 0 0 -1
    outer loop
      vertex -47.4779 3.96578 0
      vertex -27.1734 39.1342 0
      vertex -47.2196 3.92314 0
    endloop
  endfacet
  facet normal -0 0 -1
    outer loop
      vertex -27.1734 39.1342 0
      vertex -47.4779 3.96578 0
      vertex -27.3259 39.3469 0
    endloop
  endfacet
  facet normal 0 0 -1
    outer loop
      vertex -47.7384 3.99144 0
      vertex -27.3259 39.3469 0
      vertex -47.4779 3.96578 0
    endloop
  endfacet
  facet normal 0 0 -1
    outer loop
      vertex -27.9231 40.7889 0
      vertex -46.0832 60.0568 0
      vertex -42.0567 62.9422 0
    endloop
  endfacet
  facet normal 0 0 -1
    outer loop
      vertex -65.5581 37.85 0
      vertex -27.3259 39.3469 0
      vertex -47.7384 3.99144 0
    endloop
  endfacet
  facet normal -0 0 -1
    outer loop
      vertex -27.3259 39.3469 0
      vertex -65.5581 37.85 0
      vertex -27.4641 39.5692 0
    endloop
  endfacet
  facet normal 0 -0 -1
    outer loop
      vertex -62.9422 42.0567 0
      vertex -27.4641 39.5692 0
      vertex -65.5581 37.85 0
    endloop
  endfacet
  facet normal 0 0 -1
    outer loop
      vertex -27.4641 39.5692 0
      vertex -62.9422 42.0567 0
      vertex -27.5875 39.8001 0
    endloop
  endfacet
  facet normal 0 0 -1
    outer loop
      vertex -27.5875 39.8001 0
      vertex -62.9422 42.0567 0
      vertex -27.6955 40.0385 0
    endloop
  endfacet
  facet normal 0 -0 -1
    outer loop
      vertex -60.0568 46.0832 0
      vertex -27.6955 40.0385 0
      vertex -62.9422 42.0567 0
    endloop
  endfacet
  facet normal 0 0 -1
    outer loop
      vertex -27.6955 40.0385 0
      vertex -60.0568 46.0832 0
      vertex -27.7877 40.2835 0
    endloop
  endfacet
  facet normal 0 0 -1
    outer loop
      vertex -65.5581 37.85 0
      vertex -47.7384 3.99144 0
      vertex -48 4 0
    endloop
  endfacet
  facet normal 0 0 -1
    outer loop
      vertex -67.8933 33.4813 0
      vertex -48 4 0
      vertex -48.2616 3.99144 0
    endloop
  endfacet
  facet normal 0 0 -1
    outer loop
      vertex -67.8933 33.4813 0
      vertex -48.2616 3.99144 0
      vertex -48.5221 3.96578 0
    endloop
  endfacet
  facet normal 0 0 -1
    outer loop
      vertex -69.9377 28.9691 0
      vertex -48.5221 3.96578 0
      vertex -48.7804 3.92314 0
    endloop
  endfacet
  facet normal 0 0 -1
    outer loop
      vertex -69.9377 28.9691 0
      vertex -48.7804 3.92314 0
      vertex -49.0353 3.8637 0
    endloop
  endfacet
  facet normal 0 0 -1
    outer loop
      vertex -69.9377 28.9691 0
      vertex -49.0353 3.8637 0
      vertex -49.2858 3.78772 0
    endloop
  endfacet
  facet normal 0 0 -1
    outer loop
      vertex -71.6826 24.333 0
      vertex -49.2858 3.78772 0
      vertex -49.5307 3.69552 0
    endloop
  endfacet
  facet normal 0 0 -1
    outer loop
      vertex -71.6826 24.333 0
      vertex -49.5307 3.69552 0
      vertex -49.7692 3.58749 0
    endloop
  endfacet
  facet normal 0 0 -1
    outer loop
      vertex -27.9231 40.7889 0
      vertex -49.9125 56.9143 0
      vertex -46.0832 60.0568 0
    endloop
  endfacet
  facet normal 0 0 -1
    outer loop
      vertex -71.6826 24.333 0
      vertex -49.7692 3.58749 0
      vertex -50 3.4641 0
    endloop
  endfacet
  facet normal 0 0 -1
    outer loop
      vertex -73.1206 19.5926 0
      vertex -50 3.4641 0
      vertex -50.2223 3.32588 0
    endloop
  endfacet
  facet normal 0 0 -1
    outer loop
      vertex -73.1206 19.5926 0
      vertex -50.2223 3.32588 0
      vertex -50.435 3.17341 0
    endloop
  endfacet
  facet normal 0 0 -1
    outer loop
      vertex -73.1206 19.5926 0
      vertex -50.435 3.17341 0
      vertex -50.6374 3.00736 0
    endloop
  endfacet
  facet normal 0 0 -1
    outer loop
      vertex -74.2454 14.7683 0
      vertex -50.6374 3.00736 0
      vertex -50.8284 2.82843 0
    endloop
  endfacet
  facet normal 0 0 -1
    outer loop
      vertex -74.2454 14.7683 0
      vertex -50.8284 2.82843 0
      vertex -51.0074 2.63738 0
    endloop
  endfacet
  facet normal 0 0 -1
    outer loop
      vertex -74.2454 14.7683 0
      vertex -51.0074 2.63738 0
      vertex -51.1734 2.43505 0
    endloop
  endfacet
  facet normal 0 0 -1
    outer loop
      vertex -75.0524 9.88083 0
      vertex -51.1734 2.43505 0
      vertex -51.3259 2.22228 0
    endloop
  endfacet
  facet normal 0 0 -1
    outer loop
      vertex -75.0524 9.88083 0
      vertex -51.3259 2.22228 0
      vertex -51.4641 2 0
    endloop
  endfacet
  facet normal 0 0 -1
    outer loop
      vertex -75.0524 9.88083 0
      vertex -51.4641 2 0
      vertex -51.5875 1.76915 0
    endloop
  endfacet
  facet normal 0 0 -1
    outer loop
      vertex -75.0524 9.88083 0
      vertex -51.5875 1.76915 0
      vertex -51.6955 1.53073 0
    endloop
  endfacet
  facet normal 0 0 -1
    outer loop
      vertex -75.5379 4.95102 0
      vertex -51.6955 1.53073 0
      vertex -51.7877 1.28576 0
    endloop
  endfacet
  facet normal 0 0 -1
    outer loop
      vertex -75.5379 4.95102 0
      vertex -51.7877 1.28576 0
      vertex -51.8637 1.03528 0
    endloop
  endfacet
  facet normal 0 0 -1
    outer loop
      vertex -75.5379 4.95102 0
      vertex -51.8637 1.03528 0
      vertex -51.9231 0.780361 0
    endloop
  endfacet
  facet normal 0 0 -1
    outer loop
      vertex -75.5379 4.95102 0
      vertex -51.9231 0.780361 0
      vertex -51.9658 0.522104 0
    endloop
  endfacet
  facet normal 0 0 -1
    outer loop
      vertex -75.7 0 0
      vertex -51.9658 0.522104 0
      vertex -51.9914 0.261612 0
    endloop
  endfacet
  facet normal 0 0 -1
    outer loop
      vertex -27.9231 40.7889 0
      vertex -53.528 53.528 0
      vertex -49.9125 56.9143 0
    endloop
  endfacet
  facet normal 0 0 -1
    outer loop
      vertex -75.7 0 0
      vertex -51.9914 0.261612 0
      vertex -52 0 0
    endloop
  endfacet
  facet normal -0 0 -1
    outer loop
      vertex -51.1734 -2.43505 0
      vertex -75.0524 -9.88083 0
      vertex -51.3259 -2.22228 0
    endloop
  endfacet
  facet normal -0 0 -1
    outer loop
      vertex -51.3259 -2.22228 0
      vertex -75.0524 -9.88083 0
      vertex -51.4641 -2 0
    endloop
  endfacet
  facet normal 0 0 -1
    outer loop
      vertex -27.9231 40.7889 0
      vertex -56.9143 49.9125 0
      vertex -53.528 53.528 0
    endloop
  endfacet
  facet normal -0 0 -1
    outer loop
      vertex -51.4641 -2 0
      vertex -75.0524 -9.88083 0
      vertex -51.5875 -1.76915 0
    endloop
  endfacet
  facet normal 0 0 -1
    outer loop
      vertex -27.9231 40.7889 0
      vertex -60.0568 46.0832 0
      vertex -56.9143 49.9125 0
    endloop
  endfacet
  facet normal -0 0 -1
    outer loop
      vertex -51.5875 -1.76915 0
      vertex -75.0524 -9.88083 0
      vertex -51.6955 -1.53073 0
    endloop
  endfacet
  facet normal 0 0 -1
    outer loop
      vertex -27.8637 40.5339 0
      vertex -60.0568 46.0832 0
      vertex -27.9231 40.7889 0
    endloop
  endfacet
  facet normal 0 0 -1
    outer loop
      vertex -75.5379 -4.95102 0
      vertex -51.6955 -1.53073 0
      vertex -75.0524 -9.88083 0
    endloop
  endfacet
  facet normal 0 0 -1
    outer loop
      vertex -27.7877 40.2835 0
      vertex -60.0568 46.0832 0
      vertex -27.8637 40.5339 0
    endloop
  endfacet
  facet normal -0 0 -1
    outer loop
      vertex -51.6955 -1.53073 0
      vertex -75.5379 -4.95102 0
      vertex -51.7877 -1.28576 0
    endloop
  endfacet
  facet normal 0 0 -1
    outer loop
      vertex -48 4 0
      vertex -67.8933 33.4813 0
      vertex -65.5581 37.85 0
    endloop
  endfacet
  facet normal -0 0 -1
    outer loop
      vertex -51.7877 -1.28576 0
      vertex -75.5379 -4.95102 0
      vertex -51.8637 -1.03528 0
    endloop
  endfacet
  facet normal 0 0 -1
    outer loop
      vertex -48.5221 3.96578 0
      vertex -69.9377 28.9691 0
      vertex -67.8933 33.4813 0
    endloop
  endfacet
  facet normal -0 0 -1
    outer loop
      vertex -51.8637 -1.03528 0
      vertex -75.5379 -4.95102 0
      vertex -51.9231 -0.780361 0
    endloop
  endfacet
  facet normal 0 0 -1
    outer loop
      vertex -49.2858 3.78772 0
      vertex -71.6826 24.333 0
      vertex -69.9377 28.9691 0
    endloop
  endfacet
  facet normal -0 0 -1
    outer loop
      vertex -51.9231 -0.780361 0
      vertex -75.5379 -4.95102 0
      vertex -51.9658 -0.522104 0
    endloop
  endfacet
  facet normal 0 0 -1
    outer loop
      vertex -50 3.4641 0
      vertex -73.1206 19.5926 0
      vertex -71.6826 24.333 0
    endloop
  endfacet
  facet normal 0 0 -1
    outer loop
      vertex -75.7 0 0
      vertex -51.9658 -0.522104 0
      vertex -75.5379 -4.95102 0
    endloop
  endfacet
  facet normal 0 0 -1
    outer loop
      vertex -50.6374 3.00736 0
      vertex -74.2454 14.7683 0
      vertex -73.1206 19.5926 0
    endloop
  endfacet
  facet normal 0 0 -1
    outer loop
      vertex -51.9658 -0.522104 0
      vertex -75.7 0 0
      vertex -51.9914 -0.261612 0
    endloop
  endfacet
  facet normal 0 0 -1
    outer loop
      vertex -51.1734 2.43505 0
      vertex -75.0524 9.88083 0
      vertex -74.2454 14.7683 0
    endloop
  endfacet
  facet normal 0 0 -1
    outer loop
      vertex -51.9914 -0.261612 0
      vertex -75.7 0 0
      vertex -52 0 0
    endloop
  endfacet
  facet normal 0 0 -1
    outer loop
      vertex -51.6955 1.53073 0
      vertex -75.5379 4.95102 0
      vertex -75.0524 9.88083 0
    endloop
  endfacet
  facet normal -0 0 -1
    outer loop
      vertex -51.9658 0.522104 0
      vertex -75.7 0 0
      vertex -75.5379 4.95102 0
    endloop
  endfacet
  facet normal 0 0 -1
    outer loop
      vertex -22.2308 -37.9817 0
      vertex -2.34108 18.2306 0
      vertex -22 -38.1051 0
    endloop
  endfacet
  facet normal 0 0 -1
    outer loop
      vertex -11.0866 25.4078 0
      vertex -20.0086 41.3076 0
      vertex -20 41.5692 0
    endloop
  endfacet
  facet normal -0 0 -1
    outer loop
      vertex -2.34108 18.2306 0
      vertex -22.2308 -37.9817 0
      vertex -3.10583 18.4089 0
    endloop
  endfacet
  facet normal 0 0 -1
    outer loop
      vertex -11.0866 25.4078 0
      vertex -20.0342 41.0471 0
      vertex -20.0086 41.3076 0
    endloop
  endfacet
  facet normal 0 0 -1
    outer loop
      vertex -22.4693 -37.8737 0
      vertex -3.10583 18.4089 0
      vertex -22.2308 -37.9817 0
    endloop
  endfacet
  facet normal 0 0 -1
    outer loop
      vertex -11.0866 25.4078 0
      vertex -20.0769 40.7889 0
      vertex -20.0342 41.0471 0
    endloop
  endfacet
  facet normal -0 0 -1
    outer loop
      vertex -3.10583 18.4089 0
      vertex -22.4693 -37.8737 0
      vertex -3.85727 18.6368 0
    endloop
  endfacet
  facet normal 0 0 -1
    outer loop
      vertex -11.0866 25.4078 0
      vertex -20.1363 40.5339 0
      vertex -20.0769 40.7889 0
    endloop
  endfacet
  facet normal 0 0 -1
    outer loop
      vertex -22.7142 -37.7815 0
      vertex -3.85727 18.6368 0
      vertex -22.4693 -37.8737 0
    endloop
  endfacet
  facet normal 0 0 -1
    outer loop
      vertex -11.0866 25.4078 0
      vertex -20.2123 40.2835 0
      vertex -20.1363 40.5339 0
    endloop
  endfacet
  facet normal 0 0 -1
    outer loop
      vertex -22.9647 -37.7055 0
      vertex -3.85727 18.6368 0
      vertex -22.7142 -37.7815 0
    endloop
  endfacet
  facet normal 0 0 -1
    outer loop
      vertex -11.0866 25.4078 0
      vertex -20.3045 40.0385 0
      vertex -20.2123 40.2835 0
    endloop
  endfacet
  facet normal -0 0 -1
    outer loop
      vertex -3.85727 18.6368 0
      vertex -22.9647 -37.7055 0
      vertex -4.5922 18.9134 0
    endloop
  endfacet
  facet normal 0 0 -1
    outer loop
      vertex -11.0866 25.4078 0
      vertex -20.4125 39.8001 0
      vertex -20.3045 40.0385 0
    endloop
  endfacet
  facet normal 0 0 -1
    outer loop
      vertex -44.0342 -0.522104 0
      vertex -4.5922 18.9134 0
      vertex -22.9647 -37.7055 0
    endloop
  endfacet
  facet normal 0 0 -1
    outer loop
      vertex -11.0866 25.4078 0
      vertex -20.5359 39.5692 0
      vertex -20.4125 39.8001 0
    endloop
  endfacet
  facet normal -0 0 -1
    outer loop
      vertex -4.5922 18.9134 0
      vertex -44.0342 -0.522104 0
      vertex -5.30746 19.2375 0
    endloop
  endfacet
  facet normal 0 0 -1
    outer loop
      vertex -11.0866 25.4078 0
      vertex -20.6741 39.3469 0
      vertex -20.5359 39.5692 0
    endloop
  endfacet
  facet normal -0 0 -1
    outer loop
      vertex -5.30746 19.2375 0
      vertex -44.0342 -0.522104 0
      vertex -6 19.6077 0
    endloop
  endfacet
  facet normal 0 0 -1
    outer loop
      vertex -11.0866 25.4078 0
      vertex -20.8266 39.1342 0
      vertex -20.6741 39.3469 0
    endloop
  endfacet
  facet normal 0 -0 -1
    outer loop
      vertex -44.0086 -0.261612 0
      vertex -6 19.6077 0
      vertex -44.0342 -0.522104 0
    endloop
  endfacet
  facet normal 0 0 -1
    outer loop
      vertex -11.0866 25.4078 0
      vertex -20.9926 38.9318 0
      vertex -20.8266 39.1342 0
    endloop
  endfacet
  facet normal -0 0 -1
    outer loop
      vertex -6 19.6077 0
      vertex -44.0086 -0.261612 0
      vertex -6.66684 20.0224 0
    endloop
  endfacet
  facet normal 0 0 -1
    outer loop
      vertex -11.0866 25.4078 0
      vertex -21.1716 38.7408 0
      vertex -20.9926 38.9318 0
    endloop
  endfacet
  facet normal 0 -0 -1
    outer loop
      vertex -44 0 0
      vertex -6.66684 20.0224 0
      vertex -44.0086 -0.261612 0
    endloop
  endfacet
  facet normal 0 0 -1
    outer loop
      vertex -11.0866 25.4078 0
      vertex -21.3626 38.5619 0
      vertex -21.1716 38.7408 0
    endloop
  endfacet
  facet normal 0 0 -1
    outer loop
      vertex -44.0086 0.261612 0
      vertex -6.66684 20.0224 0
      vertex -44 0 0
    endloop
  endfacet
  facet normal 0 0 -1
    outer loop
      vertex -11.0866 25.4078 0
      vertex -21.565 38.3958 0
      vertex -21.3626 38.5619 0
    endloop
  endfacet
  facet normal 0 0 -1
    outer loop
      vertex -44.0342 0.522104 0
      vertex -7.30514 20.4798 0
      vertex -44.0086 0.261612 0
    endloop
  endfacet
  facet normal 0 0 -1
    outer loop
      vertex -11.0866 25.4078 0
      vertex -21.7777 38.2433 0
      vertex -21.565 38.3958 0
    endloop
  endfacet
  facet normal -0 0 -1
    outer loop
      vertex -7.30514 20.4798 0
      vertex -44.0342 0.522104 0
      vertex -7.91215 20.9779 0
    endloop
  endfacet
  facet normal 0 0 -1
    outer loop
      vertex -11.0866 25.4078 0
      vertex -22 38.1051 0
      vertex -21.7777 38.2433 0
    endloop
  endfacet
  facet normal 0 0 -1
    outer loop
      vertex -44.0769 0.780361 0
      vertex -7.91215 20.9779 0
      vertex -44.0342 0.522104 0
    endloop
  endfacet
  facet normal 0 0 -1
    outer loop
      vertex -44.3045 1.53073 0
      vertex -9.02208 22.0878 0
      vertex -44.2123 1.28576 0
    endloop
  endfacet
  facet normal -0 0 -1
    outer loop
      vertex -7.91215 20.9779 0
      vertex -44.0769 0.780361 0
      vertex -8.48528 21.5147 0
    endloop
  endfacet
  facet normal 0 0 -1
    outer loop
      vertex -11.0866 25.4078 0
      vertex -22.2308 37.9817 0
      vertex -22 38.1051 0
    endloop
  endfacet
  facet normal 0 0 -1
    outer loop
      vertex -44.1363 1.03528 0
      vertex -8.48528 21.5147 0
      vertex -44.0769 0.780361 0
    endloop
  endfacet
  facet normal 0 0 -1
    outer loop
      vertex -11.0866 25.4078 0
      vertex -22.4693 37.8737 0
      vertex -22.2308 37.9817 0
    endloop
  endfacet
  facet normal -0 0 -1
    outer loop
      vertex -6.66684 20.0224 0
      vertex -44.0086 0.261612 0
      vertex -7.30514 20.4798 0
    endloop
  endfacet
  facet normal 0 0 -1
    outer loop
      vertex -11.0866 25.4078 0
      vertex -22.7142 37.7815 0
      vertex -22.4693 37.8737 0
    endloop
  endfacet
  facet normal 0 0 -1
    outer loop
      vertex -44.0342 -0.522104 0
      vertex -22.9647 -37.7055 0
      vertex -23.2196 -37.6461 0
    endloop
  endfacet
  facet normal 0 0 -1
    outer loop
      vertex -11.0866 25.4078 0
      vertex -22.9647 37.7055 0
      vertex -22.7142 37.7815 0
    endloop
  endfacet
  facet normal 0 0 -1
    outer loop
      vertex -44.0342 -0.522104 0
      vertex -23.2196 -37.6461 0
      vertex -23.4779 -37.6034 0
    endloop
  endfacet
  facet normal 0 0 -1
    outer loop
      vertex -11.0866 25.4078 0
      vertex -23.2196 37.6461 0
      vertex -22.9647 37.7055 0
    endloop
  endfacet
  facet normal 0 0 -1
    outer loop
      vertex -44.0342 -0.522104 0
      vertex -23.4779 -37.6034 0
      vertex -23.7384 -37.5778 0
    endloop
  endfacet
  facet normal 0 0 -1
    outer loop
      vertex -11.0866 25.4078 0
      vertex -23.4779 37.6034 0
      vertex -23.2196 37.6461 0
    endloop
  endfacet
  facet normal 0 0 -1
    outer loop
      vertex -44.0342 -0.522104 0
      vertex -23.7384 -37.5778 0
      vertex -24 -37.5692 0
    endloop
  endfacet
  facet normal 0 0 -1
    outer loop
      vertex -11.0866 25.4078 0
      vertex -23.7384 37.5778 0
      vertex -23.4779 37.6034 0
    endloop
  endfacet
  facet normal 0 0 -1
    outer loop
      vertex -44.0342 -0.522104 0
      vertex -24 -37.5692 0
      vertex -24.2616 -37.5778 0
    endloop
  endfacet
  facet normal 0 0 -1
    outer loop
      vertex -11.0866 25.4078 0
      vertex -24 37.5692 0
      vertex -23.7384 37.5778 0
    endloop
  endfacet
  facet normal 0 0 -1
    outer loop
      vertex -44.0342 -0.522104 0
      vertex -24.2616 -37.5778 0
      vertex -24.5221 -37.6034 0
    endloop
  endfacet
  facet normal 0 0 -1
    outer loop
      vertex -11.0866 25.4078 0
      vertex -24.2616 37.5778 0
      vertex -24 37.5692 0
    endloop
  endfacet
  facet normal 0 0 -1
    outer loop
      vertex -44.0342 -0.522104 0
      vertex -24.5221 -37.6034 0
      vertex -24.7804 -37.6461 0
    endloop
  endfacet
  facet normal 0 0 -1
    outer loop
      vertex -11.0866 25.4078 0
      vertex -24.5221 37.6034 0
      vertex -24.2616 37.5778 0
    endloop
  endfacet
  facet normal 0 0 -1
    outer loop
      vertex -44.0342 -0.522104 0
      vertex -24.7804 -37.6461 0
      vertex -25.0353 -37.7055 0
    endloop
  endfacet
  facet normal 0 0 -1
    outer loop
      vertex -11.0866 25.4078 0
      vertex -24.7804 37.6461 0
      vertex -24.5221 37.6034 0
    endloop
  endfacet
  facet normal 0 0 -1
    outer loop
      vertex -44.0342 -0.522104 0
      vertex -25.0353 -37.7055 0
      vertex -25.2858 -37.7815 0
    endloop
  endfacet
  facet normal 0 0 -1
    outer loop
      vertex -11.0866 25.4078 0
      vertex -25.0353 37.7055 0
      vertex -24.7804 37.6461 0
    endloop
  endfacet
  facet normal 0 0 -1
    outer loop
      vertex -44.0342 -0.522104 0
      vertex -25.2858 -37.7815 0
      vertex -25.5307 -37.8737 0
    endloop
  endfacet
  facet normal -0 0 -1
    outer loop
      vertex -9.02208 22.0878 0
      vertex -44.3045 1.53073 0
      vertex -9.52024 22.6949 0
    endloop
  endfacet
  facet normal 0 0 -1
    outer loop
      vertex -44.0342 -0.522104 0
      vertex -25.5307 -37.8737 0
      vertex -25.7692 -37.9817 0
    endloop
  endfacet
  facet normal 0 0 -1
    outer loop
      vertex -44.4125 1.76915 0
      vertex -9.52024 22.6949 0
      vertex -44.3045 1.53073 0
    endloop
  endfacet
  facet normal 0 0 -1
    outer loop
      vertex -44.0342 -0.522104 0
      vertex -25.7692 -37.9817 0
      vertex -26 -38.1051 0
    endloop
  endfacet
  facet normal -0 0 -1
    outer loop
      vertex -9.52024 22.6949 0
      vertex -44.4125 1.76915 0
      vertex -9.97763 23.3332 0
    endloop
  endfacet
  facet normal 0 0 -1
    outer loop
      vertex -44.0342 -0.522104 0
      vertex -26 -38.1051 0
      vertex -26.2223 -38.2433 0
    endloop
  endfacet
  facet normal 0 0 -1
    outer loop
      vertex -44.5359 2 0
      vertex -9.97763 23.3332 0
      vertex -44.4125 1.76915 0
    endloop
  endfacet
  facet normal 0 0 -1
    outer loop
      vertex -44.0342 -0.522104 0
      vertex -26.2223 -38.2433 0
      vertex -26.435 -38.3958 0
    endloop
  endfacet
  facet normal -0 0 -1
    outer loop
      vertex -9.97763 23.3332 0
      vertex -44.5359 2 0
      vertex -10.3923 24 0
    endloop
  endfacet
  facet normal 0 0 -1
    outer loop
      vertex -44.0342 -0.522104 0
      vertex -26.435 -38.3958 0
      vertex -26.6374 -38.5619 0
    endloop
  endfacet
  facet normal 0 0 -1
    outer loop
      vertex -44.6741 2.22228 0
      vertex -10.3923 24 0
      vertex -44.5359 2 0
    endloop
  endfacet
  facet normal 0 0 -1
    outer loop
      vertex -44.0342 -0.522104 0
      vertex -26.6374 -38.5619 0
      vertex -26.8284 -38.7408 0
    endloop
  endfacet
  facet normal 0 0 -1
    outer loop
      vertex -44.8266 2.43505 0
      vertex -10.3923 24 0
      vertex -44.6741 2.22228 0
    endloop
  endfacet
  facet normal 0 0 -1
    outer loop
      vertex -44.0342 -0.522104 0
      vertex -26.8284 -38.7408 0
      vertex -27.0074 -38.9318 0
    endloop
  endfacet
  facet normal -0 0 -1
    outer loop
      vertex -10.3923 24 0
      vertex -44.8266 2.43505 0
      vertex -10.7625 24.6925 0
    endloop
  endfacet
  facet normal 0 0 -1
    outer loop
      vertex -44.0342 -0.522104 0
      vertex -27.0074 -38.9318 0
      vertex -27.1734 -39.1342 0
    endloop
  endfacet
  facet normal 0 0 -1
    outer loop
      vertex -44.9926 2.63738 0
      vertex -10.7625 24.6925 0
      vertex -44.8266 2.43505 0
    endloop
  endfacet
  facet normal 0 0 -1
    outer loop
      vertex -44.0342 -0.522104 0
      vertex -27.1734 -39.1342 0
      vertex -27.3259 -39.3469 0
    endloop
  endfacet
  facet normal -0 0 -1
    outer loop
      vertex -10.7625 24.6925 0
      vertex -44.9926 2.63738 0
      vertex -11.0866 25.4078 0
    endloop
  endfacet
  facet normal 0 0 -1
    outer loop
      vertex -44.0342 -0.522104 0
      vertex -27.3259 -39.3469 0
      vertex -27.4641 -39.5692 0
    endloop
  endfacet
  facet normal 0 0 -1
    outer loop
      vertex -45.1716 2.82843 0
      vertex -11.0866 25.4078 0
      vertex -44.9926 2.63738 0
    endloop
  endfacet
  facet normal 0 0 -1
    outer loop
      vertex -44.0342 -0.522104 0
      vertex -27.4641 -39.5692 0
      vertex -27.5875 -39.8001 0
    endloop
  endfacet
  facet normal -0 0 -1
    outer loop
      vertex -11.0866 25.4078 0
      vertex -45.1716 2.82843 0
      vertex -25.0353 37.7055 0
    endloop
  endfacet
  facet normal 0 0 -1
    outer loop
      vertex -44.0342 -0.522104 0
      vertex -27.5875 -39.8001 0
      vertex -27.6955 -40.0385 0
    endloop
  endfacet
  facet normal -0 0 -1
    outer loop
      vertex -25.0353 37.7055 0
      vertex -45.1716 2.82843 0
      vertex -25.2858 37.7815 0
    endloop
  endfacet
  facet normal 0 0 -1
    outer loop
      vertex -44.0342 -0.522104 0
      vertex -27.6955 -40.0385 0
      vertex -27.7877 -40.2835 0
    endloop
  endfacet
  facet normal 0 0 -1
    outer loop
      vertex -45.3626 3.00736 0
      vertex -25.2858 37.7815 0
      vertex -45.1716 2.82843 0
    endloop
  endfacet
  facet normal 0 0 -1
    outer loop
      vertex -44.0342 -0.522104 0
      vertex -27.7877 -40.2835 0
      vertex -27.8637 -40.5339 0
    endloop
  endfacet
  facet normal -0 0 -1
    outer loop
      vertex -25.2858 37.7815 0
      vertex -45.3626 3.00736 0
      vertex -25.5307 37.8737 0
    endloop
  endfacet
  facet normal 0 0 -1
    outer loop
      vertex -44.0342 -0.522104 0
      vertex -27.8637 -40.5339 0
      vertex -27.9231 -40.7889 0
    endloop
  endfacet
  facet normal 0 0 -1
    outer loop
      vertex -45.565 3.17341 0
      vertex -25.5307 37.8737 0
      vertex -45.3626 3.00736 0
    endloop
  endfacet
  facet normal 0 0 -1
    outer loop
      vertex -44.0342 -0.522104 0
      vertex -27.9231 -40.7889 0
      vertex -27.9658 -41.0471 0
    endloop
  endfacet
  facet normal -0 0 -1
    outer loop
      vertex -25.5307 37.8737 0
      vertex -45.565 3.17341 0
      vertex -25.7692 37.9817 0
    endloop
  endfacet
  facet normal 0 0 -1
    outer loop
      vertex -44.0342 -0.522104 0
      vertex -27.9658 -41.0471 0
      vertex -27.9914 -41.3076 0
    endloop
  endfacet
  facet normal 0 0 -1
    outer loop
      vertex -45.7777 3.32588 0
      vertex -25.7692 37.9817 0
      vertex -45.565 3.17341 0
    endloop
  endfacet
  facet normal 0 0 -1
    outer loop
      vertex -44.0342 -0.522104 0
      vertex -27.9914 -41.3076 0
      vertex -28 -41.5692 0
    endloop
  endfacet
  facet normal 0 0 -1
    outer loop
      vertex -27.9231 40.7889 0
      vertex -42.0567 62.9422 0
      vertex -27.9658 41.0471 0
    endloop
  endfacet
  facet normal 0 0 -1
    outer loop
      vertex -20.3045 43.1 0
      vertex -7.30514 39.5202 0
      vertex -20.2123 42.855 0
    endloop
  endfacet
  facet normal 0 0 -1
    outer loop
      vertex -20.4125 43.3384 0
      vertex -7.30514 39.5202 0
      vertex -20.3045 43.1 0
    endloop
  endfacet
  facet normal 0 0 -1
    outer loop
      vertex -7.30514 39.5202 0
      vertex -20.4125 43.3384 0
      vertex -6.66684 39.9776 0
    endloop
  endfacet
  facet normal 0 0 -1
    outer loop
      vertex -20.5359 43.5692 0
      vertex -6.66684 39.9776 0
      vertex -20.4125 43.3384 0
    endloop
  endfacet
  facet normal 0 0 -1
    outer loop
      vertex -6.66684 39.9776 0
      vertex -20.5359 43.5692 0
      vertex -6 40.3923 0
    endloop
  endfacet
  facet normal 0 0 -1
    outer loop
      vertex -20.6741 43.7915 0
      vertex -6 40.3923 0
      vertex -20.5359 43.5692 0
    endloop
  endfacet
  facet normal 0 0 -1
    outer loop
      vertex -20.8266 44.0043 0
      vertex -6 40.3923 0
      vertex -20.6741 43.7915 0
    endloop
  endfacet
  facet normal 0 0 -1
    outer loop
      vertex -6 40.3923 0
      vertex -20.8266 44.0043 0
      vertex -5.30746 40.7625 0
    endloop
  endfacet
  facet normal 0 0 -1
    outer loop
      vertex -20.9926 44.2066 0
      vertex -5.30746 40.7625 0
      vertex -20.8266 44.0043 0
    endloop
  endfacet
  facet normal 0 0 -1
    outer loop
      vertex -5.30746 40.7625 0
      vertex -20.9926 44.2066 0
      vertex -4.5922 41.0866 0
    endloop
  endfacet
  facet normal 0 0 -1
    outer loop
      vertex -21.1716 44.3976 0
      vertex -4.5922 41.0866 0
      vertex -20.9926 44.2066 0
    endloop
  endfacet
  facet normal 0 0 -1
    outer loop
      vertex -21.3626 44.5766 0
      vertex -4.5922 41.0866 0
      vertex -21.1716 44.3976 0
    endloop
  endfacet
  facet normal 0 0 -1
    outer loop
      vertex -4.5922 41.0866 0
      vertex -21.3626 44.5766 0
      vertex -14.7683 74.2454 0
    endloop
  endfacet
  facet normal 0 0 -1
    outer loop
      vertex -21.565 44.7426 0
      vertex -14.7683 74.2454 0
      vertex -21.3626 44.5766 0
    endloop
  endfacet
  facet normal 0 0 -1
    outer loop
      vertex -21.7777 44.8951 0
      vertex -14.7683 74.2454 0
      vertex -21.565 44.7426 0
    endloop
  endfacet
  facet normal 0 0 -1
    outer loop
      vertex -14.7683 74.2454 0
      vertex -21.7777 44.8951 0
      vertex -19.5926 73.1206 0
    endloop
  endfacet
  facet normal 0 0 -1
    outer loop
      vertex -22 45.0333 0
      vertex -19.5926 73.1206 0
      vertex -21.7777 44.8951 0
    endloop
  endfacet
  facet normal 0 0 -1
    outer loop
      vertex -22.2308 45.1567 0
      vertex -19.5926 73.1206 0
      vertex -22 45.0333 0
    endloop
  endfacet
  facet normal 0 0 -1
    outer loop
      vertex -22.4693 45.2647 0
      vertex -19.5926 73.1206 0
      vertex -22.2308 45.1567 0
    endloop
  endfacet
  facet normal 0 0 -1
    outer loop
      vertex -22.7142 45.3569 0
      vertex -19.5926 73.1206 0
      vertex -22.4693 45.2647 0
    endloop
  endfacet
  facet normal 0 0 -1
    outer loop
      vertex -24.333 71.6826 0
      vertex -22.7142 45.3569 0
      vertex -22.9647 45.4329 0
    endloop
  endfacet
  facet normal 0 0 -1
    outer loop
      vertex -24.333 71.6826 0
      vertex -22.9647 45.4329 0
      vertex -23.2196 45.4924 0
    endloop
  endfacet
  facet normal 0 0 -1
    outer loop
      vertex -24.333 71.6826 0
      vertex -23.2196 45.4924 0
      vertex -23.4779 45.535 0
    endloop
  endfacet
  facet normal 0 0 -1
    outer loop
      vertex -28.9691 69.9377 0
      vertex -23.4779 45.535 0
      vertex -23.7384 45.5607 0
    endloop
  endfacet
  facet normal 0 0 -1
    outer loop
      vertex -28.9691 69.9377 0
      vertex -23.7384 45.5607 0
      vertex -24 45.5692 0
    endloop
  endfacet
  facet normal 0 0 -1
    outer loop
      vertex -28.9691 69.9377 0
      vertex -24 45.5692 0
      vertex -24.2616 45.5607 0
    endloop
  endfacet
  facet normal 0 0 -1
    outer loop
      vertex -22.7142 45.3569 0
      vertex -24.333 71.6826 0
      vertex -19.5926 73.1206 0
    endloop
  endfacet
  facet normal 0 0 -1
    outer loop
      vertex -28.9691 69.9377 0
      vertex -24.2616 45.5607 0
      vertex -24.5221 45.535 0
    endloop
  endfacet
  facet normal 0 0 -1
    outer loop
      vertex -33.4813 67.8933 0
      vertex -24.5221 45.535 0
      vertex -24.7804 45.4924 0
    endloop
  endfacet
  facet normal 0 0 -1
    outer loop
      vertex -33.4813 67.8933 0
      vertex -24.7804 45.4924 0
      vertex -25.0353 45.4329 0
    endloop
  endfacet
  facet normal 0 0 -1
    outer loop
      vertex -33.4813 67.8933 0
      vertex -25.0353 45.4329 0
      vertex -25.2858 45.3569 0
    endloop
  endfacet
  facet normal 0 0 -1
    outer loop
      vertex -33.4813 67.8933 0
      vertex -25.2858 45.3569 0
      vertex -25.5307 45.2647 0
    endloop
  endfacet
  facet normal 0 0 -1
    outer loop
      vertex -37.85 65.5581 0
      vertex -25.5307 45.2647 0
      vertex -25.7692 45.1567 0
    endloop
  endfacet
  facet normal 0 0 -1
    outer loop
      vertex -37.85 65.5581 0
      vertex -25.7692 45.1567 0
      vertex -26 45.0333 0
    endloop
  endfacet
  facet normal 0 0 -1
    outer loop
      vertex -37.85 65.5581 0
      vertex -26 45.0333 0
      vertex -26.2223 44.8951 0
    endloop
  endfacet
  facet normal 0 0 -1
    outer loop
      vertex -37.85 65.5581 0
      vertex -26.2223 44.8951 0
      vertex -26.435 44.7426 0
    endloop
  endfacet
  facet normal 0 0 -1
    outer loop
      vertex -42.0567 62.9422 0
      vertex -26.435 44.7426 0
      vertex -26.6374 44.5766 0
    endloop
  endfacet
  facet normal 0 0 -1
    outer loop
      vertex -42.0567 62.9422 0
      vertex -26.6374 44.5766 0
      vertex -26.8284 44.3976 0
    endloop
  endfacet
  facet normal 0 0 -1
    outer loop
      vertex -42.0567 62.9422 0
      vertex -26.8284 44.3976 0
      vertex -27.0074 44.2066 0
    endloop
  endfacet
  facet normal 0 0 -1
    outer loop
      vertex -42.0567 62.9422 0
      vertex -27.0074 44.2066 0
      vertex -27.1734 44.0043 0
    endloop
  endfacet
  facet normal 0 0 -1
    outer loop
      vertex -42.0567 62.9422 0
      vertex -27.1734 44.0043 0
      vertex -27.3259 43.7915 0
    endloop
  endfacet
  facet normal 0 0 -1
    outer loop
      vertex -42.0567 62.9422 0
      vertex -27.3259 43.7915 0
      vertex -27.4641 43.5692 0
    endloop
  endfacet
  facet normal 0 0 -1
    outer loop
      vertex -42.0567 62.9422 0
      vertex -27.4641 43.5692 0
      vertex -27.5875 43.3384 0
    endloop
  endfacet
  facet normal 0 0 -1
    outer loop
      vertex -42.0567 62.9422 0
      vertex -27.5875 43.3384 0
      vertex -27.6955 43.1 0
    endloop
  endfacet
  facet normal 0 0 -1
    outer loop
      vertex -42.0567 62.9422 0
      vertex -27.6955 43.1 0
      vertex -27.7877 42.855 0
    endloop
  endfacet
  facet normal 0 0 -1
    outer loop
      vertex -42.0567 62.9422 0
      vertex -27.7877 42.855 0
      vertex -27.8637 42.6045 0
    endloop
  endfacet
  facet normal 0 0 -1
    outer loop
      vertex -42.0567 62.9422 0
      vertex -27.8637 42.6045 0
      vertex -27.9231 42.3496 0
    endloop
  endfacet
  facet normal 0 0 -1
    outer loop
      vertex -42.0567 62.9422 0
      vertex -27.9231 42.3496 0
      vertex -27.9658 42.0913 0
    endloop
  endfacet
  facet normal 0 0 -1
    outer loop
      vertex -23.4779 45.535 0
      vertex -28.9691 69.9377 0
      vertex -24.333 71.6826 0
    endloop
  endfacet
  facet normal 0 0 -1
    outer loop
      vertex -42.0567 62.9422 0
      vertex -27.9658 42.0913 0
      vertex -27.9914 41.8308 0
    endloop
  endfacet
  facet normal 0 0 -1
    outer loop
      vertex -42.0567 62.9422 0
      vertex -27.9914 41.8308 0
      vertex -28 41.5692 0
    endloop
  endfacet
  facet normal -0 0 -1
    outer loop
      vertex -8.48528 21.5147 0
      vertex -44.1363 1.03528 0
      vertex -9.02208 22.0878 0
    endloop
  endfacet
  facet normal 0 0 -1
    outer loop
      vertex -44.9926 -2.63738 0
      vertex -28.9691 -69.9377 0
      vertex -33.4813 -67.8933 0
    endloop
  endfacet
  facet normal 0 0 -1
    outer loop
      vertex -27.9914 41.3076 0
      vertex -42.0567 62.9422 0
      vertex -28 41.5692 0
    endloop
  endfacet
  facet normal 0 0 -1
    outer loop
      vertex -45.1716 -2.82843 0
      vertex -33.4813 -67.8933 0
      vertex -37.85 -65.5581 0
    endloop
  endfacet
  facet normal 0 0 -1
    outer loop
      vertex -24.5221 45.535 0
      vertex -33.4813 67.8933 0
      vertex -28.9691 69.9377 0
    endloop
  endfacet
  facet normal 0 0 -1
    outer loop
      vertex -45.3626 -3.00736 0
      vertex -37.85 -65.5581 0
      vertex -42.0567 -62.9422 0
    endloop
  endfacet
  facet normal 0 0 -1
    outer loop
      vertex -25.5307 45.2647 0
      vertex -37.85 65.5581 0
      vertex -33.4813 67.8933 0
    endloop
  endfacet
  facet normal 0 0 -1
    outer loop
      vertex -26.435 44.7426 0
      vertex -42.0567 62.9422 0
      vertex -37.85 65.5581 0
    endloop
  endfacet
  facet normal 0 0 -1
    outer loop
      vertex -27.9658 41.0471 0
      vertex -42.0567 62.9422 0
      vertex -27.9914 41.3076 0
    endloop
  endfacet
  facet normal 0 0 -1
    outer loop
      vertex -44.2123 1.28576 0
      vertex -9.02208 22.0878 0
      vertex -44.1363 1.03528 0
    endloop
  endfacet
  facet normal 0 0 -1
    outer loop
      vertex -28.9691 -69.9377 0
      vertex -44.0769 -0.780361 0
      vertex -44.0342 -0.522104 0
    endloop
  endfacet
  facet normal 0 0 -1
    outer loop
      vertex -28.9691 -69.9377 0
      vertex -44.1363 -1.03528 0
      vertex -44.0769 -0.780361 0
    endloop
  endfacet
  facet normal 0 0 -1
    outer loop
      vertex -28.9691 -69.9377 0
      vertex -44.2123 -1.28576 0
      vertex -44.1363 -1.03528 0
    endloop
  endfacet
  facet normal 0 0 -1
    outer loop
      vertex -28.9691 -69.9377 0
      vertex -44.3045 -1.53073 0
      vertex -44.2123 -1.28576 0
    endloop
  endfacet
  facet normal 0 0 -1
    outer loop
      vertex -28.9691 -69.9377 0
      vertex -44.4125 -1.76915 0
      vertex -44.3045 -1.53073 0
    endloop
  endfacet
  facet normal 0 0 -1
    outer loop
      vertex -28.9691 -69.9377 0
      vertex -44.5359 -2 0
      vertex -44.4125 -1.76915 0
    endloop
  endfacet
  facet normal 0 0 -1
    outer loop
      vertex -28.9691 -69.9377 0
      vertex -44.6741 -2.22228 0
      vertex -44.5359 -2 0
    endloop
  endfacet
  facet normal 0 0 -1
    outer loop
      vertex -28.9691 -69.9377 0
      vertex -44.8266 -2.43505 0
      vertex -44.6741 -2.22228 0
    endloop
  endfacet
  facet normal 0 0 -1
    outer loop
      vertex -28.9691 -69.9377 0
      vertex -44.9926 -2.63738 0
      vertex -44.8266 -2.43505 0
    endloop
  endfacet
  facet normal 0 0 -1
    outer loop
      vertex -33.4813 -67.8933 0
      vertex -45.1716 -2.82843 0
      vertex -44.9926 -2.63738 0
    endloop
  endfacet
  facet normal 0 0 -1
    outer loop
      vertex -37.85 -65.5581 0
      vertex -45.3626 -3.00736 0
      vertex -45.1716 -2.82843 0
    endloop
  endfacet
  facet normal 0 0 -1
    outer loop
      vertex -42.0567 -62.9422 0
      vertex -45.565 -3.17341 0
      vertex -45.3626 -3.00736 0
    endloop
  endfacet
  facet normal 0 0 -1
    outer loop
      vertex -46.0832 -60.0568 0
      vertex -45.565 -3.17341 0
      vertex -42.0567 -62.9422 0
    endloop
  endfacet
  facet normal 0 0 -1
    outer loop
      vertex -45.565 -3.17341 0
      vertex -46.0832 -60.0568 0
      vertex -45.7777 -3.32588 0
    endloop
  endfacet
  facet normal 0 0 -1
    outer loop
      vertex -49.9125 -56.9143 0
      vertex -45.7777 -3.32588 0
      vertex -46.0832 -60.0568 0
    endloop
  endfacet
  facet normal 0 0 -1
    outer loop
      vertex -45.7777 -3.32588 0
      vertex -49.9125 -56.9143 0
      vertex -46 -3.4641 0
    endloop
  endfacet
  facet normal 0 0 -1
    outer loop
      vertex -53.528 -53.528 0
      vertex -46 -3.4641 0
      vertex -49.9125 -56.9143 0
    endloop
  endfacet
  facet normal 0 0 -1
    outer loop
      vertex -46 -3.4641 0
      vertex -53.528 -53.528 0
      vertex -46.2308 -3.58749 0
    endloop
  endfacet
  facet normal 0 0 -1
    outer loop
      vertex -56.9143 -49.9125 0
      vertex -46.2308 -3.58749 0
      vertex -53.528 -53.528 0
    endloop
  endfacet
  facet normal 0 0 -1
    outer loop
      vertex -46.2308 -3.58749 0
      vertex -56.9143 -49.9125 0
      vertex -46.4693 -3.69552 0
    endloop
  endfacet
  facet normal 0 0 -1
    outer loop
      vertex -46.4693 -3.69552 0
      vertex -56.9143 -49.9125 0
      vertex -46.7142 -3.78772 0
    endloop
  endfacet
  facet normal 0 0 -1
    outer loop
      vertex -60.0568 -46.0832 0
      vertex -46.7142 -3.78772 0
      vertex -56.9143 -49.9125 0
    endloop
  endfacet
  facet normal 0 0 -1
    outer loop
      vertex -46.7142 -3.78772 0
      vertex -60.0568 -46.0832 0
      vertex -46.9647 -3.8637 0
    endloop
  endfacet
  facet normal 0 0 -1
    outer loop
      vertex -62.9422 -42.0567 0
      vertex -46.9647 -3.8637 0
      vertex -60.0568 -46.0832 0
    endloop
  endfacet
  facet normal 0 0 -1
    outer loop
      vertex -46.9647 -3.8637 0
      vertex -62.9422 -42.0567 0
      vertex -47.2196 -3.92314 0
    endloop
  endfacet
  facet normal 0 0 -1
    outer loop
      vertex -47.2196 -3.92314 0
      vertex -62.9422 -42.0567 0
      vertex -47.4779 -3.96578 0
    endloop
  endfacet
  facet normal 0 0 -1
    outer loop
      vertex -65.5581 -37.85 0
      vertex -47.4779 -3.96578 0
      vertex -62.9422 -42.0567 0
    endloop
  endfacet
  facet normal 0 0 -1
    outer loop
      vertex -47.4779 -3.96578 0
      vertex -65.5581 -37.85 0
      vertex -47.7384 -3.99144 0
    endloop
  endfacet
  facet normal 0 0 -1
    outer loop
      vertex -47.7384 -3.99144 0
      vertex -65.5581 -37.85 0
      vertex -48 -4 0
    endloop
  endfacet
  facet normal 0 0 -1
    outer loop
      vertex -67.8933 -33.4813 0
      vertex -48 -4 0
      vertex -65.5581 -37.85 0
    endloop
  endfacet
  facet normal -0 0 -1
    outer loop
      vertex -48 -4 0
      vertex -67.8933 -33.4813 0
      vertex -48.2616 -3.99144 0
    endloop
  endfacet
  facet normal -0 0 -1
    outer loop
      vertex -48.2616 -3.99144 0
      vertex -67.8933 -33.4813 0
      vertex -48.5221 -3.96578 0
    endloop
  endfacet
  facet normal 0 0 -1
    outer loop
      vertex -69.9377 -28.9691 0
      vertex -48.5221 -3.96578 0
      vertex -67.8933 -33.4813 0
    endloop
  endfacet
  facet normal -0 0 -1
    outer loop
      vertex -48.5221 -3.96578 0
      vertex -69.9377 -28.9691 0
      vertex -48.7804 -3.92314 0
    endloop
  endfacet
  facet normal -0 0 -1
    outer loop
      vertex -48.7804 -3.92314 0
      vertex -69.9377 -28.9691 0
      vertex -49.0353 -3.8637 0
    endloop
  endfacet
  facet normal -0 0 -1
    outer loop
      vertex -49.0353 -3.8637 0
      vertex -69.9377 -28.9691 0
      vertex -49.2858 -3.78772 0
    endloop
  endfacet
  facet normal 0 0 -1
    outer loop
      vertex -71.6826 -24.333 0
      vertex -49.2858 -3.78772 0
      vertex -69.9377 -28.9691 0
    endloop
  endfacet
  facet normal -0 0 -1
    outer loop
      vertex -49.2858 -3.78772 0
      vertex -71.6826 -24.333 0
      vertex -49.5307 -3.69552 0
    endloop
  endfacet
  facet normal -0 0 -1
    outer loop
      vertex -49.5307 -3.69552 0
      vertex -71.6826 -24.333 0
      vertex -49.7692 -3.58749 0
    endloop
  endfacet
  facet normal -0 0 -1
    outer loop
      vertex -49.7692 -3.58749 0
      vertex -71.6826 -24.333 0
      vertex -50 -3.4641 0
    endloop
  endfacet
  facet normal 0 0 -1
    outer loop
      vertex -73.1206 -19.5926 0
      vertex -50 -3.4641 0
      vertex -71.6826 -24.333 0
    endloop
  endfacet
  facet normal -0 0 -1
    outer loop
      vertex -50 -3.4641 0
      vertex -73.1206 -19.5926 0
      vertex -50.2223 -3.32588 0
    endloop
  endfacet
  facet normal -0 0 -1
    outer loop
      vertex -50.2223 -3.32588 0
      vertex -73.1206 -19.5926 0
      vertex -50.435 -3.17341 0
    endloop
  endfacet
  facet normal -0 0 -1
    outer loop
      vertex -50.435 -3.17341 0
      vertex -73.1206 -19.5926 0
      vertex -50.6374 -3.00736 0
    endloop
  endfacet
  facet normal 0 0 -1
    outer loop
      vertex -74.2454 -14.7683 0
      vertex -50.6374 -3.00736 0
      vertex -73.1206 -19.5926 0
    endloop
  endfacet
  facet normal -0 0 -1
    outer loop
      vertex -50.6374 -3.00736 0
      vertex -74.2454 -14.7683 0
      vertex -50.8284 -2.82843 0
    endloop
  endfacet
  facet normal -0 0 -1
    outer loop
      vertex -50.8284 -2.82843 0
      vertex -74.2454 -14.7683 0
      vertex -51.0074 -2.63738 0
    endloop
  endfacet
  facet normal 0 0 -1
    outer loop
      vertex -75.0524 -9.88083 0
      vertex -51.1734 -2.43505 0
      vertex -74.2454 -14.7683 0
    endloop
  endfacet
  facet normal -0 0 -1
    outer loop
      vertex -51.0074 -2.63738 0
      vertex -74.2454 -14.7683 0
      vertex -51.1734 -2.43505 0
    endloop
  endfacet
  facet normal -0 0 -1
    outer loop
      vertex 20.0769 40.7889 0
      vertex 9.97763 36.6668 0
      vertex 20.0342 41.0471 0
    endloop
  endfacet
  facet normal 0 0 -1
    outer loop
      vertex 9.52024 37.3051 0
      vertex 20.0342 41.0471 0
      vertex 9.97763 36.6668 0
    endloop
  endfacet
  facet normal -0 0 -1
    outer loop
      vertex 20.0342 41.0471 0
      vertex 9.52024 37.3051 0
      vertex 20.0086 41.3076 0
    endloop
  endfacet
  facet normal -0 0 -1
    outer loop
      vertex 20.0086 41.3076 0
      vertex 9.52024 37.3051 0
      vertex 20 41.5692 0
    endloop
  endfacet
  facet normal 0 0 -1
    outer loop
      vertex 9.02208 37.9121 0
      vertex 20 41.5692 0
      vertex 9.52024 37.3051 0
    endloop
  endfacet
  facet normal -0 0 -1
    outer loop
      vertex 20 41.5692 0
      vertex 9.02208 37.9121 0
      vertex 20.0086 41.8308 0
    endloop
  endfacet
  facet normal -0 0 -1
    outer loop
      vertex 20.0086 41.8308 0
      vertex 9.02208 37.9121 0
      vertex 20.0342 42.0913 0
    endloop
  endfacet
  facet normal 0 0 -1
    outer loop
      vertex 8.48528 38.4853 0
      vertex 20.0342 42.0913 0
      vertex 9.02208 37.9121 0
    endloop
  endfacet
  facet normal -0 0 -1
    outer loop
      vertex 20.0342 42.0913 0
      vertex 8.48528 38.4853 0
      vertex 20.0769 42.3496 0
    endloop
  endfacet
  facet normal 0 0 -1
    outer loop
      vertex 7.91215 39.0221 0
      vertex 20.0769 42.3496 0
      vertex 8.48528 38.4853 0
    endloop
  endfacet
  facet normal -0 0 -1
    outer loop
      vertex 20.0769 42.3496 0
      vertex 7.91215 39.0221 0
      vertex 20.1363 42.6045 0
    endloop
  endfacet
  facet normal -0 0 -1
    outer loop
      vertex 20.1363 42.6045 0
      vertex 7.91215 39.0221 0
      vertex 20.2123 42.855 0
    endloop
  endfacet
  facet normal 0 0 -1
    outer loop
      vertex 7.30514 39.5202 0
      vertex 20.2123 42.855 0
      vertex 7.91215 39.0221 0
    endloop
  endfacet
  facet normal 0 0 -1
    outer loop
      vertex 6.66684 39.9776 0
      vertex 20.2123 42.855 0
      vertex 7.30514 39.5202 0
    endloop
  endfacet
  facet normal 0 0 -1
    outer loop
      vertex 6 40.3923 0
      vertex 20.2123 42.855 0
      vertex 6.66684 39.9776 0
    endloop
  endfacet
  facet normal 0 0 -1
    outer loop
      vertex 5.30746 40.7625 0
      vertex 20.2123 42.855 0
      vertex 6 40.3923 0
    endloop
  endfacet
  facet normal 0 0 -1
    outer loop
      vertex 4.5922 41.0866 0
      vertex 20.2123 42.855 0
      vertex 5.30746 40.7625 0
    endloop
  endfacet
  facet normal -0 0 -1
    outer loop
      vertex 20.2123 42.855 0
      vertex 4.5922 41.0866 0
      vertex 14.7683 74.2454 0
    endloop
  endfacet
  facet normal 0 0 -1
    outer loop
      vertex 3.85727 41.3632 0
      vertex 14.7683 74.2454 0
      vertex 4.5922 41.0866 0
    endloop
  endfacet
  facet normal -0 0 -1
    outer loop
      vertex 14.7683 74.2454 0
      vertex 3.85727 41.3632 0
      vertex 9.88083 75.0524 0
    endloop
  endfacet
  facet normal 0 0 -1
    outer loop
      vertex 3.10583 41.5911 0
      vertex 9.88083 75.0524 0
      vertex 3.85727 41.3632 0
    endloop
  endfacet
  facet normal 0 0 -1
    outer loop
      vertex 2.34108 41.7694 0
      vertex 9.88083 75.0524 0
      vertex 3.10583 41.5911 0
    endloop
  endfacet
  facet normal -0 0 -1
    outer loop
      vertex 9.88083 75.0524 0
      vertex 2.34108 41.7694 0
      vertex 4.95102 75.5379 0
    endloop
  endfacet
  facet normal 0 0 -1
    outer loop
      vertex 1.56631 41.8973 0
      vertex 4.95102 75.5379 0
      vertex 2.34108 41.7694 0
    endloop
  endfacet
  facet normal 0 0 -1
    outer loop
      vertex 0.784837 41.9743 0
      vertex 4.95102 75.5379 0
      vertex 1.56631 41.8973 0
    endloop
  endfacet
  facet normal 0 0 -1
    outer loop
      vertex 0 75.7 0
      vertex 0.784837 41.9743 0
      vertex 0 42 0
    endloop
  endfacet
  facet normal 0 0 -1
    outer loop
      vertex 0.784837 41.9743 0
      vertex 0 75.7 0
      vertex 4.95102 75.5379 0
    endloop
  endfacet
  facet normal 0 0 -1
    outer loop
      vertex -0.784837 41.9743 0
      vertex 0 75.7 0
      vertex 0 42 0
    endloop
  endfacet
  facet normal 0 0 -1
    outer loop
      vertex -4.95102 75.5379 0
      vertex -0.784837 41.9743 0
      vertex -1.56631 41.8973 0
    endloop
  endfacet
  facet normal 0 0 -1
    outer loop
      vertex -4.95102 75.5379 0
      vertex -1.56631 41.8973 0
      vertex -2.34108 41.7694 0
    endloop
  endfacet
  facet normal 0 0 -1
    outer loop
      vertex -9.88083 75.0524 0
      vertex -2.34108 41.7694 0
      vertex -3.10583 41.5911 0
    endloop
  endfacet
  facet normal 0 0 -1
    outer loop
      vertex -9.88083 75.0524 0
      vertex -3.10583 41.5911 0
      vertex -3.85727 41.3632 0
    endloop
  endfacet
  facet normal 0 0 -1
    outer loop
      vertex -14.7683 74.2454 0
      vertex -3.85727 41.3632 0
      vertex -4.5922 41.0866 0
    endloop
  endfacet
  facet normal 0 0 -1
    outer loop
      vertex -0.784837 41.9743 0
      vertex -4.95102 75.5379 0
      vertex 0 75.7 0
    endloop
  endfacet
  facet normal 0 0 -1
    outer loop
      vertex -20.2123 42.855 0
      vertex -7.91215 39.0221 0
      vertex -20.1363 42.6045 0
    endloop
  endfacet
  facet normal 0 0 -1
    outer loop
      vertex -20.1363 42.6045 0
      vertex -7.91215 39.0221 0
      vertex -20.0769 42.3496 0
    endloop
  endfacet
  facet normal 0 0 -1
    outer loop
      vertex -8.48528 38.4853 0
      vertex -20.0769 42.3496 0
      vertex -7.91215 39.0221 0
    endloop
  endfacet
  facet normal 0 0 -1
    outer loop
      vertex -20.0769 42.3496 0
      vertex -8.48528 38.4853 0
      vertex -20.0342 42.0913 0
    endloop
  endfacet
  facet normal 0 0 -1
    outer loop
      vertex -20.0342 42.0913 0
      vertex -8.48528 38.4853 0
      vertex -20.0086 41.8308 0
    endloop
  endfacet
  facet normal 0 0 -1
    outer loop
      vertex -9.02208 37.9121 0
      vertex -20.0086 41.8308 0
      vertex -8.48528 38.4853 0
    endloop
  endfacet
  facet normal 0 0 -1
    outer loop
      vertex -20.0086 41.8308 0
      vertex -9.02208 37.9121 0
      vertex -20 41.5692 0
    endloop
  endfacet
  facet normal 0 0 -1
    outer loop
      vertex -20 41.5692 0
      vertex -9.02208 37.9121 0
      vertex -9.52024 37.3051 0
    endloop
  endfacet
  facet normal 0 0 -1
    outer loop
      vertex -2.34108 41.7694 0
      vertex -9.88083 75.0524 0
      vertex -4.95102 75.5379 0
    endloop
  endfacet
  facet normal 0 0 -1
    outer loop
      vertex -20 41.5692 0
      vertex -9.52024 37.3051 0
      vertex -9.97763 36.6668 0
    endloop
  endfacet
  facet normal 0 0 -1
    outer loop
      vertex -20 41.5692 0
      vertex -9.97763 36.6668 0
      vertex -10.3923 36 0
    endloop
  endfacet
  facet normal 0 0 -1
    outer loop
      vertex -20 41.5692 0
      vertex -10.3923 36 0
      vertex -10.7625 35.3075 0
    endloop
  endfacet
  facet normal 0 0 -1
    outer loop
      vertex -20 41.5692 0
      vertex -10.7625 35.3075 0
      vertex -11.0866 34.5922 0
    endloop
  endfacet
  facet normal 0 0 -1
    outer loop
      vertex -20 41.5692 0
      vertex -11.0866 34.5922 0
      vertex -11.3632 33.8573 0
    endloop
  endfacet
  facet normal 0 0 -1
    outer loop
      vertex -20 41.5692 0
      vertex -11.3632 33.8573 0
      vertex -11.5911 33.1058 0
    endloop
  endfacet
  facet normal 0 0 -1
    outer loop
      vertex -20 41.5692 0
      vertex -11.5911 33.1058 0
      vertex -11.7694 32.3411 0
    endloop
  endfacet
  facet normal 0 0 -1
    outer loop
      vertex -20 41.5692 0
      vertex -11.7694 32.3411 0
      vertex -11.8973 31.5663 0
    endloop
  endfacet
  facet normal 0 0 -1
    outer loop
      vertex -20 41.5692 0
      vertex -11.8973 31.5663 0
      vertex -11.9743 30.7848 0
    endloop
  endfacet
  facet normal 0 0 -1
    outer loop
      vertex -3.85727 41.3632 0
      vertex -14.7683 74.2454 0
      vertex -9.88083 75.0524 0
    endloop
  endfacet
  facet normal 0 0 -1
    outer loop
      vertex -20 41.5692 0
      vertex -11.9743 30.7848 0
      vertex -12 30 0
    endloop
  endfacet
  facet normal 0 0 -1
    outer loop
      vertex -11.8973 28.4337 0
      vertex -20 41.5692 0
      vertex -11.9743 29.2152 0
    endloop
  endfacet
  facet normal 0 0 -1
    outer loop
      vertex -21.7777 -44.8951 0
      vertex -14.7683 -74.2454 0
      vertex -19.5926 -73.1206 0
    endloop
  endfacet
  facet normal 0 0 -1
    outer loop
      vertex -20 41.5692 0
      vertex -12 30 0
      vertex -11.9743 29.2152 0
    endloop
  endfacet
  facet normal 0 0 -1
    outer loop
      vertex -7.91215 39.0221 0
      vertex -20.2123 42.855 0
      vertex -7.30514 39.5202 0
    endloop
  endfacet
  facet normal 0 0 -1
    outer loop
      vertex -14.7683 -74.2454 0
      vertex -20.0086 -41.8308 0
      vertex -20 -41.5692 0
    endloop
  endfacet
  facet normal 0 0 -1
    outer loop
      vertex -14.7683 -74.2454 0
      vertex -20.0342 -42.0913 0
      vertex -20.0086 -41.8308 0
    endloop
  endfacet
  facet normal 0 0 -1
    outer loop
      vertex -14.7683 -74.2454 0
      vertex -20.0769 -42.3496 0
      vertex -20.0342 -42.0913 0
    endloop
  endfacet
  facet normal 0 0 -1
    outer loop
      vertex -14.7683 -74.2454 0
      vertex -20.1363 -42.6045 0
      vertex -20.0769 -42.3496 0
    endloop
  endfacet
  facet normal 0 0 -1
    outer loop
      vertex -14.7683 -74.2454 0
      vertex -20.2123 -42.855 0
      vertex -20.1363 -42.6045 0
    endloop
  endfacet
  facet normal 0 0 -1
    outer loop
      vertex -14.7683 -74.2454 0
      vertex -20.3045 -43.1 0
      vertex -20.2123 -42.855 0
    endloop
  endfacet
  facet normal 0 0 -1
    outer loop
      vertex -14.7683 -74.2454 0
      vertex -20.4125 -43.3384 0
      vertex -20.3045 -43.1 0
    endloop
  endfacet
  facet normal 0 0 -1
    outer loop
      vertex -14.7683 -74.2454 0
      vertex -20.5359 -43.5692 0
      vertex -20.4125 -43.3384 0
    endloop
  endfacet
  facet normal 0 0 -1
    outer loop
      vertex -14.7683 -74.2454 0
      vertex -20.6741 -43.7915 0
      vertex -20.5359 -43.5692 0
    endloop
  endfacet
  facet normal 0 0 -1
    outer loop
      vertex -14.7683 -74.2454 0
      vertex -20.8266 -44.0043 0
      vertex -20.6741 -43.7915 0
    endloop
  endfacet
  facet normal 0 0 -1
    outer loop
      vertex -14.7683 -74.2454 0
      vertex -20.9926 -44.2066 0
      vertex -20.8266 -44.0043 0
    endloop
  endfacet
  facet normal 0 0 -1
    outer loop
      vertex -14.7683 -74.2454 0
      vertex -21.1716 -44.3976 0
      vertex -20.9926 -44.2066 0
    endloop
  endfacet
  facet normal 0 0 -1
    outer loop
      vertex -14.7683 -74.2454 0
      vertex -21.3626 -44.5766 0
      vertex -21.1716 -44.3976 0
    endloop
  endfacet
  facet normal 0 0 -1
    outer loop
      vertex -14.7683 -74.2454 0
      vertex -21.565 -44.7426 0
      vertex -21.3626 -44.5766 0
    endloop
  endfacet
  facet normal 0 0 -1
    outer loop
      vertex -14.7683 -74.2454 0
      vertex -21.7777 -44.8951 0
      vertex -21.565 -44.7426 0
    endloop
  endfacet
  facet normal 0 0 -1
    outer loop
      vertex -19.5926 -73.1206 0
      vertex -22 -45.0333 0
      vertex -21.7777 -44.8951 0
    endloop
  endfacet
  facet normal 0 0 -1
    outer loop
      vertex -19.5926 -73.1206 0
      vertex -22.2308 -45.1567 0
      vertex -22 -45.0333 0
    endloop
  endfacet
  facet normal 0 0 -1
    outer loop
      vertex -19.5926 -73.1206 0
      vertex -22.4693 -45.2647 0
      vertex -22.2308 -45.1567 0
    endloop
  endfacet
  facet normal 0 0 -1
    outer loop
      vertex -19.5926 -73.1206 0
      vertex -22.7142 -45.3569 0
      vertex -22.4693 -45.2647 0
    endloop
  endfacet
  facet normal 0 0 -1
    outer loop
      vertex -24.333 -71.6826 0
      vertex -22.7142 -45.3569 0
      vertex -19.5926 -73.1206 0
    endloop
  endfacet
  facet normal 0 0 -1
    outer loop
      vertex -22.7142 -45.3569 0
      vertex -24.333 -71.6826 0
      vertex -22.9647 -45.4329 0
    endloop
  endfacet
  facet normal 0 0 -1
    outer loop
      vertex -22.9647 -45.4329 0
      vertex -24.333 -71.6826 0
      vertex -23.2196 -45.4924 0
    endloop
  endfacet
  facet normal 0 0 -1
    outer loop
      vertex -23.2196 -45.4924 0
      vertex -24.333 -71.6826 0
      vertex -23.4779 -45.535 0
    endloop
  endfacet
  facet normal 0 0 -1
    outer loop
      vertex -28.9691 -69.9377 0
      vertex -23.4779 -45.535 0
      vertex -24.333 -71.6826 0
    endloop
  endfacet
  facet normal 0 0 -1
    outer loop
      vertex -23.4779 -45.535 0
      vertex -28.9691 -69.9377 0
      vertex -23.7384 -45.5607 0
    endloop
  endfacet
  facet normal 0 0 -1
    outer loop
      vertex -23.7384 -45.5607 0
      vertex -28.9691 -69.9377 0
      vertex -24 -45.5692 0
    endloop
  endfacet
  facet normal -0 0 -1
    outer loop
      vertex -24 -45.5692 0
      vertex -28.9691 -69.9377 0
      vertex -24.2616 -45.5607 0
    endloop
  endfacet
  facet normal -0 0 -1
    outer loop
      vertex -24.2616 -45.5607 0
      vertex -28.9691 -69.9377 0
      vertex -24.5221 -45.535 0
    endloop
  endfacet
  facet normal -0 0 -1
    outer loop
      vertex -24.5221 -45.535 0
      vertex -28.9691 -69.9377 0
      vertex -24.7804 -45.4924 0
    endloop
  endfacet
  facet normal -0 0 -1
    outer loop
      vertex -24.7804 -45.4924 0
      vertex -28.9691 -69.9377 0
      vertex -25.0353 -45.4329 0
    endloop
  endfacet
  facet normal -0 0 -1
    outer loop
      vertex -25.0353 -45.4329 0
      vertex -28.9691 -69.9377 0
      vertex -25.2858 -45.3569 0
    endloop
  endfacet
  facet normal -0 0 -1
    outer loop
      vertex -25.2858 -45.3569 0
      vertex -28.9691 -69.9377 0
      vertex -25.5307 -45.2647 0
    endloop
  endfacet
  facet normal -0 0 -1
    outer loop
      vertex -25.5307 -45.2647 0
      vertex -28.9691 -69.9377 0
      vertex -25.7692 -45.1567 0
    endloop
  endfacet
  facet normal -0 0 -1
    outer loop
      vertex -25.7692 -45.1567 0
      vertex -28.9691 -69.9377 0
      vertex -26 -45.0333 0
    endloop
  endfacet
  facet normal -0 0 -1
    outer loop
      vertex -26 -45.0333 0
      vertex -28.9691 -69.9377 0
      vertex -26.2223 -44.8951 0
    endloop
  endfacet
  facet normal -0 0 -1
    outer loop
      vertex -26.2223 -44.8951 0
      vertex -28.9691 -69.9377 0
      vertex -26.435 -44.7426 0
    endloop
  endfacet
  facet normal -0 0 -1
    outer loop
      vertex -26.435 -44.7426 0
      vertex -28.9691 -69.9377 0
      vertex -26.6374 -44.5766 0
    endloop
  endfacet
  facet normal -0 0 -1
    outer loop
      vertex -26.6374 -44.5766 0
      vertex -28.9691 -69.9377 0
      vertex -26.8284 -44.3976 0
    endloop
  endfacet
  facet normal -0 0 -1
    outer loop
      vertex -26.8284 -44.3976 0
      vertex -28.9691 -69.9377 0
      vertex -27.0074 -44.2066 0
    endloop
  endfacet
  facet normal -0 0 -1
    outer loop
      vertex -27.0074 -44.2066 0
      vertex -28.9691 -69.9377 0
      vertex -27.1734 -44.0043 0
    endloop
  endfacet
  facet normal -0 0 -1
    outer loop
      vertex -27.1734 -44.0043 0
      vertex -28.9691 -69.9377 0
      vertex -27.3259 -43.7915 0
    endloop
  endfacet
  facet normal -0 0 -1
    outer loop
      vertex -27.3259 -43.7915 0
      vertex -28.9691 -69.9377 0
      vertex -27.4641 -43.5692 0
    endloop
  endfacet
  facet normal -0 0 -1
    outer loop
      vertex -27.4641 -43.5692 0
      vertex -28.9691 -69.9377 0
      vertex -27.5875 -43.3384 0
    endloop
  endfacet
  facet normal -0 0 -1
    outer loop
      vertex -27.5875 -43.3384 0
      vertex -28.9691 -69.9377 0
      vertex -27.6955 -43.1 0
    endloop
  endfacet
  facet normal -0 0 -1
    outer loop
      vertex -27.6955 -43.1 0
      vertex -28.9691 -69.9377 0
      vertex -27.7877 -42.855 0
    endloop
  endfacet
  facet normal -0 0 -1
    outer loop
      vertex -27.7877 -42.855 0
      vertex -28.9691 -69.9377 0
      vertex -27.8637 -42.6045 0
    endloop
  endfacet
  facet normal -0 0 -1
    outer loop
      vertex -27.8637 -42.6045 0
      vertex -28.9691 -69.9377 0
      vertex -27.9231 -42.3496 0
    endloop
  endfacet
  facet normal 0 0 -1
    outer loop
      vertex -27.9914 -41.8308 0
      vertex -44.0342 -0.522104 0
      vertex -28 -41.5692 0
    endloop
  endfacet
  facet normal 0 0 -1
    outer loop
      vertex -27.9658 -42.0913 0
      vertex -44.0342 -0.522104 0
      vertex -27.9914 -41.8308 0
    endloop
  endfacet
  facet normal 0 0 -1
    outer loop
      vertex -44.0342 -0.522104 0
      vertex -27.9658 -42.0913 0
      vertex -28.9691 -69.9377 0
    endloop
  endfacet
  facet normal -0 0 -1
    outer loop
      vertex -27.9231 -42.3496 0
      vertex -28.9691 -69.9377 0
      vertex -27.9658 -42.0913 0
    endloop
  endfacet
  facet normal 0 0 -1
    outer loop
      vertex 25.7692 -37.9817 0
      vertex 45.7777 -3.32588 0
      vertex 26 -38.1051 0
    endloop
  endfacet
  facet normal 0 0 -1
    outer loop
      vertex 44 0 0
      vertex 27.9914 41.3076 0
      vertex 28 41.5692 0
    endloop
  endfacet
  facet normal -0 0 -1
    outer loop
      vertex 45.7777 -3.32588 0
      vertex 25.7692 -37.9817 0
      vertex 45.565 -3.17341 0
    endloop
  endfacet
  facet normal 0 0 -1
    outer loop
      vertex 44 0 0
      vertex 27.9658 41.0471 0
      vertex 27.9914 41.3076 0
    endloop
  endfacet
  facet normal 0 0 -1
    outer loop
      vertex 25.5307 -37.8737 0
      vertex 45.565 -3.17341 0
      vertex 25.7692 -37.9817 0
    endloop
  endfacet
  facet normal 0 0 -1
    outer loop
      vertex 44 0 0
      vertex 27.9231 40.7889 0
      vertex 27.9658 41.0471 0
    endloop
  endfacet
  facet normal -0 0 -1
    outer loop
      vertex 45.565 -3.17341 0
      vertex 25.5307 -37.8737 0
      vertex 45.3626 -3.00736 0
    endloop
  endfacet
  facet normal 0 0 -1
    outer loop
      vertex 44 0 0
      vertex 27.8637 40.5339 0
      vertex 27.9231 40.7889 0
    endloop
  endfacet
  facet normal 0 0 -1
    outer loop
      vertex 25.2858 -37.7815 0
      vertex 45.3626 -3.00736 0
      vertex 25.5307 -37.8737 0
    endloop
  endfacet
  facet normal 0 0 -1
    outer loop
      vertex 44 0 0
      vertex 27.7877 40.2835 0
      vertex 27.8637 40.5339 0
    endloop
  endfacet
  facet normal -0 0 -1
    outer loop
      vertex 45.3626 -3.00736 0
      vertex 25.2858 -37.7815 0
      vertex 45.1716 -2.82843 0
    endloop
  endfacet
  facet normal 0 0 -1
    outer loop
      vertex 44 0 0
      vertex 27.6955 40.0385 0
      vertex 27.7877 40.2835 0
    endloop
  endfacet
  facet normal 0 0 -1
    outer loop
      vertex 25.0353 -37.7055 0
      vertex 45.1716 -2.82843 0
      vertex 25.2858 -37.7815 0
    endloop
  endfacet
  facet normal 0 0 -1
    outer loop
      vertex 44 0 0
      vertex 27.5875 39.8001 0
      vertex 27.6955 40.0385 0
    endloop
  endfacet
  facet normal -0 0 -1
    outer loop
      vertex 45.1716 -2.82843 0
      vertex 25.0353 -37.7055 0
      vertex 44.9926 -2.63738 0
    endloop
  endfacet
  facet normal 0 0 -1
    outer loop
      vertex 44 0 0
      vertex 27.4641 39.5692 0
      vertex 27.5875 39.8001 0
    endloop
  endfacet
  facet normal 0 0 -1
    outer loop
      vertex 24.7804 -37.6461 0
      vertex 44.9926 -2.63738 0
      vertex 25.0353 -37.7055 0
    endloop
  endfacet
  facet normal 0 0 -1
    outer loop
      vertex 44 0 0
      vertex 27.3259 39.3469 0
      vertex 27.4641 39.5692 0
    endloop
  endfacet
  facet normal -0 0 -1
    outer loop
      vertex 44.9926 -2.63738 0
      vertex 24.7804 -37.6461 0
      vertex 44.8266 -2.43505 0
    endloop
  endfacet
  facet normal 0 0 -1
    outer loop
      vertex 44 0 0
      vertex 27.1734 39.1342 0
      vertex 27.3259 39.3469 0
    endloop
  endfacet
  facet normal 0 0 -1
    outer loop
      vertex 24.5221 -37.6034 0
      vertex 44.8266 -2.43505 0
      vertex 24.7804 -37.6461 0
    endloop
  endfacet
  facet normal 0 0 -1
    outer loop
      vertex 44 0 0
      vertex 27.0074 38.9318 0
      vertex 27.1734 39.1342 0
    endloop
  endfacet
  facet normal -0 0 -1
    outer loop
      vertex 44.8266 -2.43505 0
      vertex 24.5221 -37.6034 0
      vertex 44.6741 -2.22228 0
    endloop
  endfacet
  facet normal 0 0 -1
    outer loop
      vertex 44 0 0
      vertex 26.8284 38.7408 0
      vertex 27.0074 38.9318 0
    endloop
  endfacet
  facet normal 0 0 -1
    outer loop
      vertex 24.2616 -37.5778 0
      vertex 44.6741 -2.22228 0
      vertex 24.5221 -37.6034 0
    endloop
  endfacet
  facet normal 0 0 -1
    outer loop
      vertex 44 0 0
      vertex 26.6374 38.5619 0
      vertex 26.8284 38.7408 0
    endloop
  endfacet
  facet normal -0 0 -1
    outer loop
      vertex 44.6741 -2.22228 0
      vertex 24.2616 -37.5778 0
      vertex 44.5359 -2 0
    endloop
  endfacet
  facet normal 0 0 -1
    outer loop
      vertex 44 0 0
      vertex 26.435 38.3958 0
      vertex 26.6374 38.5619 0
    endloop
  endfacet
  facet normal 0 0 -1
    outer loop
      vertex 24 -37.5692 0
      vertex 44.5359 -2 0
      vertex 24.2616 -37.5778 0
    endloop
  endfacet
  facet normal 0 0 -1
    outer loop
      vertex 44 0 0
      vertex 26.2223 38.2433 0
      vertex 26.435 38.3958 0
    endloop
  endfacet
  facet normal -0 0 -1
    outer loop
      vertex 44.5359 -2 0
      vertex 24 -37.5692 0
      vertex 44.4125 -1.76915 0
    endloop
  endfacet
  facet normal 0 0 -1
    outer loop
      vertex 44 0 0
      vertex 26 38.1051 0
      vertex 26.2223 38.2433 0
    endloop
  endfacet
  facet normal 0 0 -1
    outer loop
      vertex 23.7384 -37.5778 0
      vertex 44.4125 -1.76915 0
      vertex 24 -37.5692 0
    endloop
  endfacet
  facet normal 0 0 -1
    outer loop
      vertex 44 0 0
      vertex 25.7692 37.9817 0
      vertex 26 38.1051 0
    endloop
  endfacet
  facet normal -0 0 -1
    outer loop
      vertex 44.4125 -1.76915 0
      vertex 23.7384 -37.5778 0
      vertex 44.3045 -1.53073 0
    endloop
  endfacet
  facet normal 0 -0 -1
    outer loop
      vertex 25.0353 37.7055 0
      vertex 44 0 0
      vertex 11.0866 25.4078 0
    endloop
  endfacet
  facet normal 0 0 -1
    outer loop
      vertex 23.4779 -37.6034 0
      vertex 44.3045 -1.53073 0
      vertex 23.7384 -37.5778 0
    endloop
  endfacet
  facet normal 0 0 -1
    outer loop
      vertex 44 0 0
      vertex 25.5307 37.8737 0
      vertex 25.7692 37.9817 0
    endloop
  endfacet
  facet normal -0 0 -1
    outer loop
      vertex 44.3045 -1.53073 0
      vertex 23.4779 -37.6034 0
      vertex 44.2123 -1.28576 0
    endloop
  endfacet
  facet normal 0 0 -1
    outer loop
      vertex 44 0 0
      vertex 25.2858 37.7815 0
      vertex 25.5307 37.8737 0
    endloop
  endfacet
  facet normal 0 0 -1
    outer loop
      vertex 23.2196 -37.6461 0
      vertex 44.2123 -1.28576 0
      vertex 23.4779 -37.6034 0
    endloop
  endfacet
  facet normal 0 0 -1
    outer loop
      vertex 44 0 0
      vertex 25.0353 37.7055 0
      vertex 25.2858 37.7815 0
    endloop
  endfacet
  facet normal -0 0 -1
    outer loop
      vertex 44.2123 -1.28576 0
      vertex 23.2196 -37.6461 0
      vertex 44.1363 -1.03528 0
    endloop
  endfacet
  facet normal 0 0 -1
    outer loop
      vertex 25.0353 37.7055 0
      vertex 11.0866 25.4078 0
      vertex 24.7804 37.6461 0
    endloop
  endfacet
  facet normal 0 0 -1
    outer loop
      vertex 22.9647 -37.7055 0
      vertex 44.1363 -1.03528 0
      vertex 23.2196 -37.6461 0
    endloop
  endfacet
  facet normal 0 -0 -1
    outer loop
      vertex 11.3632 26.1427 0
      vertex 24.7804 37.6461 0
      vertex 11.0866 25.4078 0
    endloop
  endfacet
  facet normal -0 0 -1
    outer loop
      vertex 44.1363 -1.03528 0
      vertex 22.9647 -37.7055 0
      vertex 44.0769 -0.780361 0
    endloop
  endfacet
  facet normal 0 0 -1
    outer loop
      vertex 24.7804 37.6461 0
      vertex 11.3632 26.1427 0
      vertex 24.5221 37.6034 0
    endloop
  endfacet
  facet normal 0 0 -1
    outer loop
      vertex 22.7142 -37.7815 0
      vertex 44.0769 -0.780361 0
      vertex 22.9647 -37.7055 0
    endloop
  endfacet
  facet normal 0 -0 -1
    outer loop
      vertex 11.5911 26.8942 0
      vertex 24.5221 37.6034 0
      vertex 11.3632 26.1427 0
    endloop
  endfacet
  facet normal 0 0 -1
    outer loop
      vertex 11.0866 25.4078 0
      vertex 44.0769 -0.780361 0
      vertex 22.7142 -37.7815 0
    endloop
  endfacet
  facet normal 0 0 -1
    outer loop
      vertex 24.5221 37.6034 0
      vertex 11.5911 26.8942 0
      vertex 24.2616 37.5778 0
    endloop
  endfacet
  facet normal 0 0 -1
    outer loop
      vertex 44.0769 -0.780361 0
      vertex 11.0866 25.4078 0
      vertex 44.0342 -0.522104 0
    endloop
  endfacet
  facet normal 0 0 -1
    outer loop
      vertex 24.2616 37.5778 0
      vertex 11.5911 26.8942 0
      vertex 24 37.5692 0
    endloop
  endfacet
  facet normal 0 0 -1
    outer loop
      vertex 44.0342 -0.522104 0
      vertex 11.0866 25.4078 0
      vertex 44.0086 -0.261612 0
    endloop
  endfacet
  facet normal 0 -0 -1
    outer loop
      vertex 11.7694 27.6589 0
      vertex 24 37.5692 0
      vertex 11.5911 26.8942 0
    endloop
  endfacet
  facet normal 0 0 -1
    outer loop
      vertex 44.0086 -0.261612 0
      vertex 11.0866 25.4078 0
      vertex 44 0 0
    endloop
  endfacet
  facet normal -0 0 -1
    outer loop
      vertex 24 37.5692 0
      vertex 11.7694 27.6589 0
      vertex 23.7384 37.5778 0
    endloop
  endfacet
  facet normal 0 0 -1
    outer loop
      vertex 11.0866 25.4078 0
      vertex 22.7142 -37.7815 0
      vertex 22.4693 -37.8737 0
    endloop
  endfacet
  facet normal 0 -0 -1
    outer loop
      vertex 11.8973 28.4337 0
      vertex 23.7384 37.5778 0
      vertex 11.7694 27.6589 0
    endloop
  endfacet
  facet normal 0 0 -1
    outer loop
      vertex 11.0866 25.4078 0
      vertex 22.4693 -37.8737 0
      vertex 22.2308 -37.9817 0
    endloop
  endfacet
  facet normal -0 0 -1
    outer loop
      vertex 23.7384 37.5778 0
      vertex 11.8973 28.4337 0
      vertex 23.4779 37.6034 0
    endloop
  endfacet
  facet normal 0 0 -1
    outer loop
      vertex 11.0866 25.4078 0
      vertex 22.2308 -37.9817 0
      vertex 22 -38.1051 0
    endloop
  endfacet
  facet normal -0 0 -1
    outer loop
      vertex 23.4779 37.6034 0
      vertex 11.8973 28.4337 0
      vertex 23.2196 37.6461 0
    endloop
  endfacet
  facet normal 0 0 -1
    outer loop
      vertex 11.0866 25.4078 0
      vertex 22 -38.1051 0
      vertex 21.7777 -38.2433 0
    endloop
  endfacet
  facet normal 0 -0 -1
    outer loop
      vertex 11.9743 29.2152 0
      vertex 23.2196 37.6461 0
      vertex 11.8973 28.4337 0
    endloop
  endfacet
  facet normal 0 0 -1
    outer loop
      vertex 11.0866 25.4078 0
      vertex 21.7777 -38.2433 0
      vertex 21.565 -38.3958 0
    endloop
  endfacet
  facet normal -0 0 -1
    outer loop
      vertex 23.2196 37.6461 0
      vertex 11.9743 29.2152 0
      vertex 22.9647 37.7055 0
    endloop
  endfacet
  facet normal 0 0 -1
    outer loop
      vertex 11.0866 25.4078 0
      vertex 21.565 -38.3958 0
      vertex 21.3626 -38.5619 0
    endloop
  endfacet
  facet normal 0 -0 -1
    outer loop
      vertex 12 30 0
      vertex 22.9647 37.7055 0
      vertex 11.9743 29.2152 0
    endloop
  endfacet
  facet normal 0 0 -1
    outer loop
      vertex 11.0866 25.4078 0
      vertex 21.3626 -38.5619 0
      vertex 21.1716 -38.7408 0
    endloop
  endfacet
  facet normal -0 0 -1
    outer loop
      vertex 22.9647 37.7055 0
      vertex 12 30 0
      vertex 22.7142 37.7815 0
    endloop
  endfacet
  facet normal 0 0 -1
    outer loop
      vertex 11.0866 25.4078 0
      vertex 21.1716 -38.7408 0
      vertex 20.9926 -38.9318 0
    endloop
  endfacet
  facet normal -0 0 -1
    outer loop
      vertex 22.7142 37.7815 0
      vertex 12 30 0
      vertex 22.4693 37.8737 0
    endloop
  endfacet
  facet normal 0 0 -1
    outer loop
      vertex 11.0866 25.4078 0
      vertex 20.9926 -38.9318 0
      vertex 20.8266 -39.1342 0
    endloop
  endfacet
  facet normal 0 0 -1
    outer loop
      vertex 11.9743 30.7848 0
      vertex 22.4693 37.8737 0
      vertex 12 30 0
    endloop
  endfacet
  facet normal 0 0 -1
    outer loop
      vertex 11.0866 25.4078 0
      vertex 20.8266 -39.1342 0
      vertex 20.6741 -39.3469 0
    endloop
  endfacet
  facet normal -0 0 -1
    outer loop
      vertex 22.4693 37.8737 0
      vertex 11.9743 30.7848 0
      vertex 22.2308 37.9817 0
    endloop
  endfacet
  facet normal 0 0 -1
    outer loop
      vertex 11.0866 25.4078 0
      vertex 20.6741 -39.3469 0
      vertex 20.5359 -39.5692 0
    endloop
  endfacet
  facet normal -0 0 -1
    outer loop
      vertex 22.2308 37.9817 0
      vertex 11.9743 30.7848 0
      vertex 22 38.1051 0
    endloop
  endfacet
  facet normal 0 0 -1
    outer loop
      vertex 11.0866 25.4078 0
      vertex 20.5359 -39.5692 0
      vertex 20.4125 -39.8001 0
    endloop
  endfacet
  facet normal 0 0 -1
    outer loop
      vertex 11.8973 31.5663 0
      vertex 22 38.1051 0
      vertex 11.9743 30.7848 0
    endloop
  endfacet
  facet normal 0 0 -1
    outer loop
      vertex 11.0866 25.4078 0
      vertex 20.4125 -39.8001 0
      vertex 20.3045 -40.0385 0
    endloop
  endfacet
  facet normal -0 0 -1
    outer loop
      vertex 22 38.1051 0
      vertex 11.8973 31.5663 0
      vertex 21.7777 38.2433 0
    endloop
  endfacet
  facet normal 0 0 -1
    outer loop
      vertex 11.0866 25.4078 0
      vertex 20.3045 -40.0385 0
      vertex 20.2123 -40.2835 0
    endloop
  endfacet
  facet normal 0 0 -1
    outer loop
      vertex 11.7694 32.3411 0
      vertex 21.7777 38.2433 0
      vertex 11.8973 31.5663 0
    endloop
  endfacet
  facet normal 0 0 -1
    outer loop
      vertex 11.0866 25.4078 0
      vertex 20.2123 -40.2835 0
      vertex 20.1363 -40.5339 0
    endloop
  endfacet
  facet normal -0 0 -1
    outer loop
      vertex 21.7777 38.2433 0
      vertex 11.7694 32.3411 0
      vertex 21.565 38.3958 0
    endloop
  endfacet
  facet normal 0 0 -1
    outer loop
      vertex 11.0866 25.4078 0
      vertex 20.1363 -40.5339 0
      vertex 20.0769 -40.7889 0
    endloop
  endfacet
  facet normal -0 0 -1
    outer loop
      vertex 21.565 38.3958 0
      vertex 11.7694 32.3411 0
      vertex 21.3626 38.5619 0
    endloop
  endfacet
  facet normal 0 0 -1
    outer loop
      vertex 11.0866 25.4078 0
      vertex 20.0769 -40.7889 0
      vertex 20.0342 -41.0471 0
    endloop
  endfacet
  facet normal 0 0 -1
    outer loop
      vertex 11.5911 33.1058 0
      vertex 21.3626 38.5619 0
      vertex 11.7694 32.3411 0
    endloop
  endfacet
  facet normal 0 0 -1
    outer loop
      vertex 11.0866 25.4078 0
      vertex 20.0342 -41.0471 0
      vertex 20.0086 -41.3076 0
    endloop
  endfacet
  facet normal -0 0 -1
    outer loop
      vertex 21.3626 38.5619 0
      vertex 11.5911 33.1058 0
      vertex 21.1716 38.7408 0
    endloop
  endfacet
  facet normal 0 0 -1
    outer loop
      vertex 11.0866 25.4078 0
      vertex 20.0086 -41.3076 0
      vertex 20 -41.5692 0
    endloop
  endfacet
  facet normal -0 0 -1
    outer loop
      vertex 21.1716 38.7408 0
      vertex 11.5911 33.1058 0
      vertex 20.9926 38.9318 0
    endloop
  endfacet
  facet normal 0 0 -1
    outer loop
      vertex 27.7877 42.855 0
      vertex 49.9125 56.9143 0
      vertex 27.8637 42.6045 0
    endloop
  endfacet
  facet normal 0 0 -1
    outer loop
      vertex 27.6955 43.1 0
      vertex 49.9125 56.9143 0
      vertex 27.7877 42.855 0
    endloop
  endfacet
  facet normal -0 0 -1
    outer loop
      vertex 49.9125 56.9143 0
      vertex 27.6955 43.1 0
      vertex 46.0832 60.0568 0
    endloop
  endfacet
  facet normal 0 0 -1
    outer loop
      vertex 27.5875 43.3384 0
      vertex 46.0832 60.0568 0
      vertex 27.6955 43.1 0
    endloop
  endfacet
  facet normal 0 0 -1
    outer loop
      vertex 27.4641 43.5692 0
      vertex 46.0832 60.0568 0
      vertex 27.5875 43.3384 0
    endloop
  endfacet
  facet normal 0 0 -1
    outer loop
      vertex 27.3259 43.7915 0
      vertex 46.0832 60.0568 0
      vertex 27.4641 43.5692 0
    endloop
  endfacet
  facet normal 0 0 -1
    outer loop
      vertex 27.1734 44.0043 0
      vertex 46.0832 60.0568 0
      vertex 27.3259 43.7915 0
    endloop
  endfacet
  facet normal -0 0 -1
    outer loop
      vertex 46.0832 60.0568 0
      vertex 27.1734 44.0043 0
      vertex 42.0567 62.9422 0
    endloop
  endfacet
  facet normal 0 0 -1
    outer loop
      vertex 27.0074 44.2066 0
      vertex 42.0567 62.9422 0
      vertex 27.1734 44.0043 0
    endloop
  endfacet
  facet normal 0 0 -1
    outer loop
      vertex 26.8284 44.3976 0
      vertex 42.0567 62.9422 0
      vertex 27.0074 44.2066 0
    endloop
  endfacet
  facet normal 0 0 -1
    outer loop
      vertex 26.6374 44.5766 0
      vertex 42.0567 62.9422 0
      vertex 26.8284 44.3976 0
    endloop
  endfacet
  facet normal 0 0 -1
    outer loop
      vertex 26.435 44.7426 0
      vertex 42.0567 62.9422 0
      vertex 26.6374 44.5766 0
    endloop
  endfacet
  facet normal -0 0 -1
    outer loop
      vertex 42.0567 62.9422 0
      vertex 26.435 44.7426 0
      vertex 37.85 65.5581 0
    endloop
  endfacet
  facet normal 0 0 -1
    outer loop
      vertex 26.2223 44.8951 0
      vertex 37.85 65.5581 0
      vertex 26.435 44.7426 0
    endloop
  endfacet
  facet normal 0 0 -1
    outer loop
      vertex 26 45.0333 0
      vertex 37.85 65.5581 0
      vertex 26.2223 44.8951 0
    endloop
  endfacet
  facet normal 0 0 -1
    outer loop
      vertex 25.7692 45.1567 0
      vertex 37.85 65.5581 0
      vertex 26 45.0333 0
    endloop
  endfacet
  facet normal 0 0 -1
    outer loop
      vertex 25.5307 45.2647 0
      vertex 37.85 65.5581 0
      vertex 25.7692 45.1567 0
    endloop
  endfacet
  facet normal -0 0 -1
    outer loop
      vertex 37.85 65.5581 0
      vertex 25.5307 45.2647 0
      vertex 33.4813 67.8933 0
    endloop
  endfacet
  facet normal 0 0 -1
    outer loop
      vertex 25.2858 45.3569 0
      vertex 33.4813 67.8933 0
      vertex 25.5307 45.2647 0
    endloop
  endfacet
  facet normal 0 0 -1
    outer loop
      vertex 25.0353 45.4329 0
      vertex 33.4813 67.8933 0
      vertex 25.2858 45.3569 0
    endloop
  endfacet
  facet normal 0 0 -1
    outer loop
      vertex 24.7804 45.4924 0
      vertex 33.4813 67.8933 0
      vertex 25.0353 45.4329 0
    endloop
  endfacet
  facet normal 0 0 -1
    outer loop
      vertex 24.5221 45.535 0
      vertex 33.4813 67.8933 0
      vertex 24.7804 45.4924 0
    endloop
  endfacet
  facet normal -0 0 -1
    outer loop
      vertex 33.4813 67.8933 0
      vertex 24.5221 45.535 0
      vertex 28.9691 69.9377 0
    endloop
  endfacet
  facet normal 0 0 -1
    outer loop
      vertex 24.2616 45.5607 0
      vertex 28.9691 69.9377 0
      vertex 24.5221 45.535 0
    endloop
  endfacet
  facet normal 0 0 -1
    outer loop
      vertex 24 45.5692 0
      vertex 28.9691 69.9377 0
      vertex 24.2616 45.5607 0
    endloop
  endfacet
  facet normal 0 0 -1
    outer loop
      vertex 23.7384 45.5607 0
      vertex 28.9691 69.9377 0
      vertex 24 45.5692 0
    endloop
  endfacet
  facet normal 0 0 -1
    outer loop
      vertex 23.4779 45.535 0
      vertex 28.9691 69.9377 0
      vertex 23.7384 45.5607 0
    endloop
  endfacet
  facet normal -0 0 -1
    outer loop
      vertex 28.9691 69.9377 0
      vertex 23.4779 45.535 0
      vertex 24.333 71.6826 0
    endloop
  endfacet
  facet normal 0 0 -1
    outer loop
      vertex 23.2196 45.4924 0
      vertex 24.333 71.6826 0
      vertex 23.4779 45.535 0
    endloop
  endfacet
  facet normal 0 0 -1
    outer loop
      vertex 22.9647 45.4329 0
      vertex 24.333 71.6826 0
      vertex 23.2196 45.4924 0
    endloop
  endfacet
  facet normal 0 0 -1
    outer loop
      vertex 22.7142 45.3569 0
      vertex 24.333 71.6826 0
      vertex 22.9647 45.4329 0
    endloop
  endfacet
  facet normal 0 0 -1
    outer loop
      vertex 19.5926 73.1206 0
      vertex 22.7142 45.3569 0
      vertex 22.4693 45.2647 0
    endloop
  endfacet
  facet normal 0 0 -1
    outer loop
      vertex 19.5926 73.1206 0
      vertex 22.4693 45.2647 0
      vertex 22.2308 45.1567 0
    endloop
  endfacet
  facet normal 0 0 -1
    outer loop
      vertex 19.5926 73.1206 0
      vertex 22.2308 45.1567 0
      vertex 22 45.0333 0
    endloop
  endfacet
  facet normal 0 0 -1
    outer loop
      vertex 19.5926 73.1206 0
      vertex 22 45.0333 0
      vertex 21.7777 44.8951 0
    endloop
  endfacet
  facet normal 0 0 -1
    outer loop
      vertex 14.7683 74.2454 0
      vertex 21.7777 44.8951 0
      vertex 21.565 44.7426 0
    endloop
  endfacet
  facet normal 0 0 -1
    outer loop
      vertex 14.7683 74.2454 0
      vertex 21.565 44.7426 0
      vertex 21.3626 44.5766 0
    endloop
  endfacet
  facet normal 0 0 -1
    outer loop
      vertex 14.7683 74.2454 0
      vertex 21.3626 44.5766 0
      vertex 21.1716 44.3976 0
    endloop
  endfacet
  facet normal 0 0 -1
    outer loop
      vertex 14.7683 74.2454 0
      vertex 21.1716 44.3976 0
      vertex 20.9926 44.2066 0
    endloop
  endfacet
  facet normal 0 0 -1
    outer loop
      vertex 14.7683 74.2454 0
      vertex 20.9926 44.2066 0
      vertex 20.8266 44.0043 0
    endloop
  endfacet
  facet normal 0 0 -1
    outer loop
      vertex 14.7683 74.2454 0
      vertex 20.8266 44.0043 0
      vertex 20.6741 43.7915 0
    endloop
  endfacet
  facet normal 0 0 -1
    outer loop
      vertex 14.7683 74.2454 0
      vertex 20.6741 43.7915 0
      vertex 20.5359 43.5692 0
    endloop
  endfacet
  facet normal 0 0 -1
    outer loop
      vertex 14.7683 74.2454 0
      vertex 20.5359 43.5692 0
      vertex 20.4125 43.3384 0
    endloop
  endfacet
  facet normal 0 0 -1
    outer loop
      vertex 14.7683 74.2454 0
      vertex 20.4125 43.3384 0
      vertex 20.3045 43.1 0
    endloop
  endfacet
  facet normal 0 0 -1
    outer loop
      vertex 14.7683 74.2454 0
      vertex 20.3045 43.1 0
      vertex 20.2123 42.855 0
    endloop
  endfacet
  facet normal 0 0 -1
    outer loop
      vertex 9.97763 36.6668 0
      vertex 20.1363 40.5339 0
      vertex 10.3923 36 0
    endloop
  endfacet
  facet normal -0 0 -1
    outer loop
      vertex 20.2123 40.2835 0
      vertex 10.3923 36 0
      vertex 20.1363 40.5339 0
    endloop
  endfacet
  facet normal -0 0 -1
    outer loop
      vertex 20.3045 40.0385 0
      vertex 10.3923 36 0
      vertex 20.2123 40.2835 0
    endloop
  endfacet
  facet normal 0 0 -1
    outer loop
      vertex 22.7142 45.3569 0
      vertex 19.5926 73.1206 0
      vertex 24.333 71.6826 0
    endloop
  endfacet
  facet normal 0 0 -1
    outer loop
      vertex 10.3923 36 0
      vertex 20.3045 40.0385 0
      vertex 10.7625 35.3075 0
    endloop
  endfacet
  facet normal -0 0 -1
    outer loop
      vertex 20.4125 39.8001 0
      vertex 10.7625 35.3075 0
      vertex 20.3045 40.0385 0
    endloop
  endfacet
  facet normal 0 0 -1
    outer loop
      vertex 11.3632 33.8573 0
      vertex 20.9926 38.9318 0
      vertex 11.5911 33.1058 0
    endloop
  endfacet
  facet normal 0 0 -1
    outer loop
      vertex -20 -41.5692 0
      vertex 19.5926 -73.1206 0
      vertex 14.7683 -74.2454 0
    endloop
  endfacet
  facet normal -0 0 -1
    outer loop
      vertex 20.5359 39.5692 0
      vertex 11.0866 34.5922 0
      vertex 20.4125 39.8001 0
    endloop
  endfacet
  facet normal 0 0 -1
    outer loop
      vertex 21.7777 44.8951 0
      vertex 14.7683 74.2454 0
      vertex 19.5926 73.1206 0
    endloop
  endfacet
  facet normal -0 0 -1
    outer loop
      vertex 20.1363 40.5339 0
      vertex 9.97763 36.6668 0
      vertex 20.0769 40.7889 0
    endloop
  endfacet
  facet normal 0 0 -1
    outer loop
      vertex 10.7625 35.3075 0
      vertex 20.4125 39.8001 0
      vertex 11.0866 34.5922 0
    endloop
  endfacet
  facet normal -0 0 -1
    outer loop
      vertex 20.6741 39.3469 0
      vertex 11.0866 34.5922 0
      vertex 20.5359 39.5692 0
    endloop
  endfacet
  facet normal 0 0 -1
    outer loop
      vertex 11.0866 34.5922 0
      vertex 20.6741 39.3469 0
      vertex 11.3632 33.8573 0
    endloop
  endfacet
  facet normal -0 0 -1
    outer loop
      vertex 20.8266 39.1342 0
      vertex 11.3632 33.8573 0
      vertex 20.6741 39.3469 0
    endloop
  endfacet
  facet normal -0 0 -1
    outer loop
      vertex 20.9926 38.9318 0
      vertex 11.3632 33.8573 0
      vertex 20.8266 39.1342 0
    endloop
  endfacet
  facet normal 0 0 -1
    outer loop
      vertex 19.5926 -73.1206 0
      vertex 10.7625 24.6925 0
      vertex 11.0866 25.4078 0
    endloop
  endfacet
  facet normal 0 0 -1
    outer loop
      vertex 19.5926 -73.1206 0
      vertex 10.3923 24 0
      vertex 10.7625 24.6925 0
    endloop
  endfacet
  facet normal 0 0 -1
    outer loop
      vertex 19.5926 -73.1206 0
      vertex 9.97763 23.3332 0
      vertex 10.3923 24 0
    endloop
  endfacet
  facet normal 0 0 -1
    outer loop
      vertex -20 -41.5692 0
      vertex 14.7683 -74.2454 0
      vertex 9.88083 -75.0524 0
    endloop
  endfacet
  facet normal 0 0 -1
    outer loop
      vertex 19.5926 -73.1206 0
      vertex 9.52024 22.6949 0
      vertex 9.97763 23.3332 0
    endloop
  endfacet
  facet normal 0 0 -1
    outer loop
      vertex 19.5926 -73.1206 0
      vertex 9.02208 22.0878 0
      vertex 9.52024 22.6949 0
    endloop
  endfacet
  facet normal 0 0 -1
    outer loop
      vertex 19.5926 -73.1206 0
      vertex 8.48528 21.5147 0
      vertex 9.02208 22.0878 0
    endloop
  endfacet
  facet normal 0 0 -1
    outer loop
      vertex 19.5926 -73.1206 0
      vertex 7.91215 20.9779 0
      vertex 8.48528 21.5147 0
    endloop
  endfacet
  facet normal 0 0 -1
    outer loop
      vertex 19.5926 -73.1206 0
      vertex 7.30514 20.4798 0
      vertex 7.91215 20.9779 0
    endloop
  endfacet
  facet normal 0 0 -1
    outer loop
      vertex 19.5926 -73.1206 0
      vertex 6.66684 20.0224 0
      vertex 7.30514 20.4798 0
    endloop
  endfacet
  facet normal 0 0 -1
    outer loop
      vertex 19.5926 -73.1206 0
      vertex 6 19.6077 0
      vertex 6.66684 20.0224 0
    endloop
  endfacet
  facet normal 0 0 -1
    outer loop
      vertex 19.5926 -73.1206 0
      vertex 5.30746 19.2375 0
      vertex 6 19.6077 0
    endloop
  endfacet
  facet normal 0 0 -1
    outer loop
      vertex -20 -41.5692 0
      vertex 9.88083 -75.0524 0
      vertex 4.95102 -75.5379 0
    endloop
  endfacet
  facet normal 0 0 -1
    outer loop
      vertex -20.0086 -41.3076 0
      vertex 19.5926 -73.1206 0
      vertex -20 -41.5692 0
    endloop
  endfacet
  facet normal 0 0 -1
    outer loop
      vertex -20.0342 -41.0471 0
      vertex 19.5926 -73.1206 0
      vertex -20.0086 -41.3076 0
    endloop
  endfacet
  facet normal 0 0 -1
    outer loop
      vertex -20.0769 -40.7889 0
      vertex 19.5926 -73.1206 0
      vertex -20.0342 -41.0471 0
    endloop
  endfacet
  facet normal 0 0 -1
    outer loop
      vertex -20.1363 -40.5339 0
      vertex 19.5926 -73.1206 0
      vertex -20.0769 -40.7889 0
    endloop
  endfacet
  facet normal 0 0 -1
    outer loop
      vertex -20.2123 -40.2835 0
      vertex 19.5926 -73.1206 0
      vertex -20.1363 -40.5339 0
    endloop
  endfacet
  facet normal 0 0 -1
    outer loop
      vertex 19.5926 -73.1206 0
      vertex -20.2123 -40.2835 0
      vertex 5.30746 19.2375 0
    endloop
  endfacet
  facet normal 0 0 -1
    outer loop
      vertex -20 -41.5692 0
      vertex 4.95102 -75.5379 0
      vertex 0 -75.7 0
    endloop
  endfacet
  facet normal 0 0 -1
    outer loop
      vertex 5.30746 19.2375 0
      vertex -20.2123 -40.2835 0
      vertex 4.5922 18.9134 0
    endloop
  endfacet
  facet normal 0 0 -1
    outer loop
      vertex -20 -41.5692 0
      vertex 0 -75.7 0
      vertex -4.95102 -75.5379 0
    endloop
  endfacet
  facet normal 0 0 -1
    outer loop
      vertex -20.3045 -40.0385 0
      vertex 4.5922 18.9134 0
      vertex -20.2123 -40.2835 0
    endloop
  endfacet
  facet normal 0 0 -1
    outer loop
      vertex -20 -41.5692 0
      vertex -4.95102 -75.5379 0
      vertex -9.88083 -75.0524 0
    endloop
  endfacet
  facet normal 0 0 -1
    outer loop
      vertex -20 -41.5692 0
      vertex -9.88083 -75.0524 0
      vertex -14.7683 -74.2454 0
    endloop
  endfacet
  facet normal 0 0 -1
    outer loop
      vertex 4.5922 18.9134 0
      vertex -20.3045 -40.0385 0
      vertex 3.85727 18.6368 0
    endloop
  endfacet
  facet normal 0 0 -1
    outer loop
      vertex -20.4125 -39.8001 0
      vertex 3.85727 18.6368 0
      vertex -20.3045 -40.0385 0
    endloop
  endfacet
  facet normal 0 0 -1
    outer loop
      vertex 3.85727 18.6368 0
      vertex -20.4125 -39.8001 0
      vertex 3.10583 18.4089 0
    endloop
  endfacet
  facet normal 0 0 -1
    outer loop
      vertex -20.5359 -39.5692 0
      vertex 3.10583 18.4089 0
      vertex -20.4125 -39.8001 0
    endloop
  endfacet
  facet normal 0 0 -1
    outer loop
      vertex -20.6741 -39.3469 0
      vertex 3.10583 18.4089 0
      vertex -20.5359 -39.5692 0
    endloop
  endfacet
  facet normal 0 0 -1
    outer loop
      vertex 3.10583 18.4089 0
      vertex -20.6741 -39.3469 0
      vertex 2.34108 18.2306 0
    endloop
  endfacet
  facet normal 0 0 -1
    outer loop
      vertex -20.8266 -39.1342 0
      vertex 2.34108 18.2306 0
      vertex -20.6741 -39.3469 0
    endloop
  endfacet
  facet normal 0 0 -1
    outer loop
      vertex 2.34108 18.2306 0
      vertex -20.8266 -39.1342 0
      vertex 1.56631 18.1027 0
    endloop
  endfacet
  facet normal 0 0 -1
    outer loop
      vertex -20.9926 -38.9318 0
      vertex 1.56631 18.1027 0
      vertex -20.8266 -39.1342 0
    endloop
  endfacet
  facet normal 0 0 -1
    outer loop
      vertex 1.56631 18.1027 0
      vertex -20.9926 -38.9318 0
      vertex 0.784837 18.0257 0
    endloop
  endfacet
  facet normal 0 0 -1
    outer loop
      vertex -21.1716 -38.7408 0
      vertex 0.784837 18.0257 0
      vertex -20.9926 -38.9318 0
    endloop
  endfacet
  facet normal 0 0 -1
    outer loop
      vertex 0.784837 18.0257 0
      vertex -21.1716 -38.7408 0
      vertex 0 18 0
    endloop
  endfacet
  facet normal 0 0 -1
    outer loop
      vertex -21.3626 -38.5619 0
      vertex 0 18 0
      vertex -21.1716 -38.7408 0
    endloop
  endfacet
  facet normal -0 0 -1
    outer loop
      vertex 0 18 0
      vertex -21.3626 -38.5619 0
      vertex -0.784837 18.0257 0
    endloop
  endfacet
  facet normal 0 0 -1
    outer loop
      vertex -21.565 -38.3958 0
      vertex -0.784837 18.0257 0
      vertex -21.3626 -38.5619 0
    endloop
  endfacet
  facet normal 0 0 -1
    outer loop
      vertex -21.7777 -38.2433 0
      vertex -0.784837 18.0257 0
      vertex -21.565 -38.3958 0
    endloop
  endfacet
  facet normal -0 0 -1
    outer loop
      vertex -0.784837 18.0257 0
      vertex -21.7777 -38.2433 0
      vertex -1.56631 18.1027 0
    endloop
  endfacet
  facet normal 0 0 -1
    outer loop
      vertex -22 -38.1051 0
      vertex -1.56631 18.1027 0
      vertex -21.7777 -38.2433 0
    endloop
  endfacet
  facet normal -0 0 -1
    outer loop
      vertex -1.56631 18.1027 0
      vertex -22 -38.1051 0
      vertex -2.34108 18.2306 0
    endloop
  endfacet
  facet normal 0 0 -1
    outer loop
      vertex -11.0866 25.4078 0
      vertex -20 41.5692 0
      vertex -11.3632 26.1427 0
    endloop
  endfacet
  facet normal 0 0 -1
    outer loop
      vertex -11.3632 26.1427 0
      vertex -20 41.5692 0
      vertex -11.5911 26.8942 0
    endloop
  endfacet
  facet normal 0 0 -1
    outer loop
      vertex -11.5911 26.8942 0
      vertex -20 41.5692 0
      vertex -11.7694 27.6589 0
    endloop
  endfacet
  facet normal 0 0 -1
    outer loop
      vertex -11.7694 27.6589 0
      vertex -20 41.5692 0
      vertex -11.8973 28.4337 0
    endloop
  endfacet
  facet normal 0 0 -1
    outer loop
      vertex 51.9658 -0.522104 0
      vertex 75.7 0 0
      vertex 75.5379 -4.95102 0
    endloop
  endfacet
  facet normal 0 0 -1
    outer loop
      vertex 51.6955 -1.53073 0
      vertex 75.5379 -4.95102 0
      vertex 75.0524 -9.88083 0
    endloop
  endfacet
  facet normal 0 0 -1
    outer loop
      vertex 75.7 0 0
      vertex 51.9658 -0.522104 0
      vertex 51.9914 -0.261612 0
    endloop
  endfacet
  facet normal 0 0 -1
    outer loop
      vertex 51.1734 -2.43505 0
      vertex 75.0524 -9.88083 0
      vertex 74.2454 -14.7683 0
    endloop
  endfacet
  facet normal -0 0 -1
    outer loop
      vertex 75.7 0 0
      vertex 51.9914 -0.261612 0
      vertex 52 0 0
    endloop
  endfacet
  facet normal 0 0 -1
    outer loop
      vertex 50.6374 -3.00736 0
      vertex 74.2454 -14.7683 0
      vertex 73.1206 -19.5926 0
    endloop
  endfacet
  facet normal 0 0 -1
    outer loop
      vertex 51.9658 0.522104 0
      vertex 75.7 0 0
      vertex 51.9914 0.261612 0
    endloop
  endfacet
  facet normal 0 0 -1
    outer loop
      vertex 50 -3.4641 0
      vertex 73.1206 -19.5926 0
      vertex 71.6826 -24.333 0
    endloop
  endfacet
  facet normal 0 0 -1
    outer loop
      vertex 75.7 0 0
      vertex 51.9658 0.522104 0
      vertex 75.5379 4.95102 0
    endloop
  endfacet
  facet normal 0 0 -1
    outer loop
      vertex 49.2858 -3.78772 0
      vertex 71.6826 -24.333 0
      vertex 69.9377 -28.9691 0
    endloop
  endfacet
  facet normal 0 0 -1
    outer loop
      vertex 51.9231 0.780361 0
      vertex 75.5379 4.95102 0
      vertex 51.9658 0.522104 0
    endloop
  endfacet
  facet normal 0 0 -1
    outer loop
      vertex 48.5221 -3.96578 0
      vertex 69.9377 -28.9691 0
      vertex 67.8933 -33.4813 0
    endloop
  endfacet
  facet normal 0 0 -1
    outer loop
      vertex 51.8637 1.03528 0
      vertex 75.5379 4.95102 0
      vertex 51.9231 0.780361 0
    endloop
  endfacet
  facet normal 0 0 -1
    outer loop
      vertex 48 -4 0
      vertex 67.8933 -33.4813 0
      vertex 65.5581 -37.85 0
    endloop
  endfacet
  facet normal 0 0 -1
    outer loop
      vertex 51.7877 1.28576 0
      vertex 75.5379 4.95102 0
      vertex 51.8637 1.03528 0
    endloop
  endfacet
  facet normal 0 0 -1
    outer loop
      vertex 27.9231 -40.7889 0
      vertex 56.9143 -49.9125 0
      vertex 27.9658 -41.0471 0
    endloop
  endfacet
  facet normal 0 0 -1
    outer loop
      vertex 51.6955 1.53073 0
      vertex 75.5379 4.95102 0
      vertex 51.7877 1.28576 0
    endloop
  endfacet
  facet normal 0 0 -1
    outer loop
      vertex 27.9658 -41.0471 0
      vertex 56.9143 -49.9125 0
      vertex 27.9914 -41.3076 0
    endloop
  endfacet
  facet normal -0 0 -1
    outer loop
      vertex 75.5379 4.95102 0
      vertex 51.6955 1.53073 0
      vertex 75.0524 9.88083 0
    endloop
  endfacet
  facet normal 0 0 -1
    outer loop
      vertex 27.9914 -41.3076 0
      vertex 56.9143 -49.9125 0
      vertex 28 -41.5692 0
    endloop
  endfacet
  facet normal 0 0 -1
    outer loop
      vertex 51.4641 2 0
      vertex 75.0524 9.88083 0
      vertex 51.5875 1.76915 0
    endloop
  endfacet
  facet normal 0 0 -1
    outer loop
      vertex 28 -41.5692 0
      vertex 56.9143 -49.9125 0
      vertex 53.528 -53.528 0
    endloop
  endfacet
  facet normal 0 0 -1
    outer loop
      vertex 51.3259 2.22228 0
      vertex 75.0524 9.88083 0
      vertex 51.4641 2 0
    endloop
  endfacet
  facet normal 0 0 -1
    outer loop
      vertex 51.1734 2.43505 0
      vertex 75.0524 9.88083 0
      vertex 51.3259 2.22228 0
    endloop
  endfacet
  facet normal 0 0 -1
    outer loop
      vertex 51.5875 1.76915 0
      vertex 75.0524 9.88083 0
      vertex 51.6955 1.53073 0
    endloop
  endfacet
  facet normal 0 0 -1
    outer loop
      vertex 51.9914 0.261612 0
      vertex 75.7 0 0
      vertex 52 0 0
    endloop
  endfacet
  facet normal 0 0 -1
    outer loop
      vertex 75.5379 -4.95102 0
      vertex 51.9231 -0.780361 0
      vertex 51.9658 -0.522104 0
    endloop
  endfacet
  facet normal 0 0 -1
    outer loop
      vertex 75.5379 -4.95102 0
      vertex 51.8637 -1.03528 0
      vertex 51.9231 -0.780361 0
    endloop
  endfacet
  facet normal 0 0 -1
    outer loop
      vertex 75.5379 -4.95102 0
      vertex 51.7877 -1.28576 0
      vertex 51.8637 -1.03528 0
    endloop
  endfacet
  facet normal 0 0 -1
    outer loop
      vertex 75.5379 -4.95102 0
      vertex 51.6955 -1.53073 0
      vertex 51.7877 -1.28576 0
    endloop
  endfacet
  facet normal 0 0 -1
    outer loop
      vertex 75.0524 -9.88083 0
      vertex 51.5875 -1.76915 0
      vertex 51.6955 -1.53073 0
    endloop
  endfacet
  facet normal 0 0 -1
    outer loop
      vertex 75.0524 -9.88083 0
      vertex 51.4641 -2 0
      vertex 51.5875 -1.76915 0
    endloop
  endfacet
  facet normal 0 0 -1
    outer loop
      vertex 75.0524 -9.88083 0
      vertex 51.3259 -2.22228 0
      vertex 51.4641 -2 0
    endloop
  endfacet
  facet normal 0 0 -1
    outer loop
      vertex 75.0524 -9.88083 0
      vertex 51.1734 -2.43505 0
      vertex 51.3259 -2.22228 0
    endloop
  endfacet
  facet normal 0 0 -1
    outer loop
      vertex 74.2454 -14.7683 0
      vertex 51.0074 -2.63738 0
      vertex 51.1734 -2.43505 0
    endloop
  endfacet
  facet normal 0 0 -1
    outer loop
      vertex 74.2454 -14.7683 0
      vertex 50.8284 -2.82843 0
      vertex 51.0074 -2.63738 0
    endloop
  endfacet
  facet normal 0 0 -1
    outer loop
      vertex 74.2454 -14.7683 0
      vertex 50.6374 -3.00736 0
      vertex 50.8284 -2.82843 0
    endloop
  endfacet
  facet normal 0 0 -1
    outer loop
      vertex 73.1206 -19.5926 0
      vertex 50.435 -3.17341 0
      vertex 50.6374 -3.00736 0
    endloop
  endfacet
  facet normal 0 0 -1
    outer loop
      vertex 73.1206 -19.5926 0
      vertex 50.2223 -3.32588 0
      vertex 50.435 -3.17341 0
    endloop
  endfacet
  facet normal 0 0 -1
    outer loop
      vertex 73.1206 -19.5926 0
      vertex 50 -3.4641 0
      vertex 50.2223 -3.32588 0
    endloop
  endfacet
  facet normal 0 0 -1
    outer loop
      vertex 28 -41.5692 0
      vertex 53.528 -53.528 0
      vertex 49.9125 -56.9143 0
    endloop
  endfacet
  facet normal 0 0 -1
    outer loop
      vertex 71.6826 -24.333 0
      vertex 49.7692 -3.58749 0
      vertex 50 -3.4641 0
    endloop
  endfacet
  facet normal 0 0 -1
    outer loop
      vertex 71.6826 -24.333 0
      vertex 49.5307 -3.69552 0
      vertex 49.7692 -3.58749 0
    endloop
  endfacet
  facet normal 0 0 -1
    outer loop
      vertex 71.6826 -24.333 0
      vertex 49.2858 -3.78772 0
      vertex 49.5307 -3.69552 0
    endloop
  endfacet
  facet normal 0 0 -1
    outer loop
      vertex 69.9377 -28.9691 0
      vertex 49.0353 -3.8637 0
      vertex 49.2858 -3.78772 0
    endloop
  endfacet
  facet normal 0 0 -1
    outer loop
      vertex 69.9377 -28.9691 0
      vertex 48.7804 -3.92314 0
      vertex 49.0353 -3.8637 0
    endloop
  endfacet
  facet normal 0 0 -1
    outer loop
      vertex 69.9377 -28.9691 0
      vertex 48.5221 -3.96578 0
      vertex 48.7804 -3.92314 0
    endloop
  endfacet
  facet normal 0 0 -1
    outer loop
      vertex 56.9143 -49.9125 0
      vertex 27.9231 -40.7889 0
      vertex 60.0568 -46.0832 0
    endloop
  endfacet
  facet normal 0 0 -1
    outer loop
      vertex 67.8933 -33.4813 0
      vertex 48.2616 -3.99144 0
      vertex 48.5221 -3.96578 0
    endloop
  endfacet
  facet normal 0 0 -1
    outer loop
      vertex 67.8933 -33.4813 0
      vertex 48 -4 0
      vertex 48.2616 -3.99144 0
    endloop
  endfacet
  facet normal 0 0 -1
    outer loop
      vertex 65.5581 -37.85 0
      vertex 47.7384 -3.99144 0
      vertex 48 -4 0
    endloop
  endfacet
  facet normal 0 0 -1
    outer loop
      vertex 27.8637 -40.5339 0
      vertex 60.0568 -46.0832 0
      vertex 27.9231 -40.7889 0
    endloop
  endfacet
  facet normal 0 0 -1
    outer loop
      vertex 27.7877 -40.2835 0
      vertex 60.0568 -46.0832 0
      vertex 27.8637 -40.5339 0
    endloop
  endfacet
  facet normal 0 0 -1
    outer loop
      vertex 27.6955 -40.0385 0
      vertex 60.0568 -46.0832 0
      vertex 27.7877 -40.2835 0
    endloop
  endfacet
  facet normal 0 0 -1
    outer loop
      vertex 60.0568 -46.0832 0
      vertex 27.6955 -40.0385 0
      vertex 62.9422 -42.0567 0
    endloop
  endfacet
  facet normal 0 0 -1
    outer loop
      vertex 27.5875 -39.8001 0
      vertex 62.9422 -42.0567 0
      vertex 27.6955 -40.0385 0
    endloop
  endfacet
  facet normal 0 0 -1
    outer loop
      vertex 28 -41.5692 0
      vertex 49.9125 -56.9143 0
      vertex 46.0832 -60.0568 0
    endloop
  endfacet
  facet normal 0 0 -1
    outer loop
      vertex 27.4641 -39.5692 0
      vertex 62.9422 -42.0567 0
      vertex 27.5875 -39.8001 0
    endloop
  endfacet
  facet normal 0 0 -1
    outer loop
      vertex 62.9422 -42.0567 0
      vertex 27.4641 -39.5692 0
      vertex 65.5581 -37.85 0
    endloop
  endfacet
  facet normal 0 0 -1
    outer loop
      vertex 27.3259 -39.3469 0
      vertex 65.5581 -37.85 0
      vertex 27.4641 -39.5692 0
    endloop
  endfacet
  facet normal -0 0 -1
    outer loop
      vertex 65.5581 -37.85 0
      vertex 27.3259 -39.3469 0
      vertex 47.7384 -3.99144 0
    endloop
  endfacet
  facet normal -0 0 -1
    outer loop
      vertex 47.7384 -3.99144 0
      vertex 27.3259 -39.3469 0
      vertex 47.4779 -3.96578 0
    endloop
  endfacet
  facet normal 0 0 -1
    outer loop
      vertex 27.1734 -39.1342 0
      vertex 47.4779 -3.96578 0
      vertex 27.3259 -39.3469 0
    endloop
  endfacet
  facet normal -0 0 -1
    outer loop
      vertex 47.4779 -3.96578 0
      vertex 27.1734 -39.1342 0
      vertex 47.2196 -3.92314 0
    endloop
  endfacet
  facet normal 0 0 -1
    outer loop
      vertex 27.0074 -38.9318 0
      vertex 47.2196 -3.92314 0
      vertex 27.1734 -39.1342 0
    endloop
  endfacet
  facet normal -0 0 -1
    outer loop
      vertex 47.2196 -3.92314 0
      vertex 27.0074 -38.9318 0
      vertex 46.9647 -3.8637 0
    endloop
  endfacet
  facet normal 0 0 -1
    outer loop
      vertex 26.8284 -38.7408 0
      vertex 46.9647 -3.8637 0
      vertex 27.0074 -38.9318 0
    endloop
  endfacet
  facet normal -0 0 -1
    outer loop
      vertex 46.9647 -3.8637 0
      vertex 26.8284 -38.7408 0
      vertex 46.7142 -3.78772 0
    endloop
  endfacet
  facet normal 0 0 -1
    outer loop
      vertex 26.6374 -38.5619 0
      vertex 46.7142 -3.78772 0
      vertex 26.8284 -38.7408 0
    endloop
  endfacet
  facet normal -0 0 -1
    outer loop
      vertex 46.7142 -3.78772 0
      vertex 26.6374 -38.5619 0
      vertex 46.4693 -3.69552 0
    endloop
  endfacet
  facet normal 0 0 -1
    outer loop
      vertex 26.435 -38.3958 0
      vertex 46.4693 -3.69552 0
      vertex 26.6374 -38.5619 0
    endloop
  endfacet
  facet normal -0 0 -1
    outer loop
      vertex 46.4693 -3.69552 0
      vertex 26.435 -38.3958 0
      vertex 46.2308 -3.58749 0
    endloop
  endfacet
  facet normal 0 0 -1
    outer loop
      vertex 26.2223 -38.2433 0
      vertex 46.2308 -3.58749 0
      vertex 26.435 -38.3958 0
    endloop
  endfacet
  facet normal -0 0 -1
    outer loop
      vertex 46.2308 -3.58749 0
      vertex 26.2223 -38.2433 0
      vertex 46 -3.4641 0
    endloop
  endfacet
  facet normal 0 0 -1
    outer loop
      vertex 28 -41.5692 0
      vertex 46.0832 -60.0568 0
      vertex 42.0567 -62.9422 0
    endloop
  endfacet
  facet normal -0 0 -1
    outer loop
      vertex 75.0524 9.88083 0
      vertex 51.1734 2.43505 0
      vertex 74.2454 14.7683 0
    endloop
  endfacet
  facet normal 0 0 -1
    outer loop
      vertex 51.0074 2.63738 0
      vertex 74.2454 14.7683 0
      vertex 51.1734 2.43505 0
    endloop
  endfacet
  facet normal 0 0 -1
    outer loop
      vertex 50.8284 2.82843 0
      vertex 74.2454 14.7683 0
      vertex 51.0074 2.63738 0
    endloop
  endfacet
  facet normal 0 0 -1
    outer loop
      vertex 50.6374 3.00736 0
      vertex 74.2454 14.7683 0
      vertex 50.8284 2.82843 0
    endloop
  endfacet
  facet normal -0 0 -1
    outer loop
      vertex 74.2454 14.7683 0
      vertex 50.6374 3.00736 0
      vertex 73.1206 19.5926 0
    endloop
  endfacet
  facet normal 0 0 -1
    outer loop
      vertex 50.435 3.17341 0
      vertex 73.1206 19.5926 0
      vertex 50.6374 3.00736 0
    endloop
  endfacet
  facet normal 0 0 -1
    outer loop
      vertex 50.2223 3.32588 0
      vertex 73.1206 19.5926 0
      vertex 50.435 3.17341 0
    endloop
  endfacet
  facet normal 0 0 -1
    outer loop
      vertex 50 3.4641 0
      vertex 73.1206 19.5926 0
      vertex 50.2223 3.32588 0
    endloop
  endfacet
  facet normal -0 0 -1
    outer loop
      vertex 73.1206 19.5926 0
      vertex 50 3.4641 0
      vertex 71.6826 24.333 0
    endloop
  endfacet
  facet normal 0 0 -1
    outer loop
      vertex 49.7692 3.58749 0
      vertex 71.6826 24.333 0
      vertex 50 3.4641 0
    endloop
  endfacet
  facet normal 0 0 -1
    outer loop
      vertex 49.5307 3.69552 0
      vertex 71.6826 24.333 0
      vertex 49.7692 3.58749 0
    endloop
  endfacet
  facet normal 0 0 -1
    outer loop
      vertex 49.2858 3.78772 0
      vertex 71.6826 24.333 0
      vertex 49.5307 3.69552 0
    endloop
  endfacet
  facet normal -0 0 -1
    outer loop
      vertex 71.6826 24.333 0
      vertex 49.2858 3.78772 0
      vertex 69.9377 28.9691 0
    endloop
  endfacet
  facet normal 0 0 -1
    outer loop
      vertex 49.0353 3.8637 0
      vertex 69.9377 28.9691 0
      vertex 49.2858 3.78772 0
    endloop
  endfacet
  facet normal 0 0 -1
    outer loop
      vertex 48.7804 3.92314 0
      vertex 69.9377 28.9691 0
      vertex 49.0353 3.8637 0
    endloop
  endfacet
  facet normal 0 0 -1
    outer loop
      vertex 48.5221 3.96578 0
      vertex 69.9377 28.9691 0
      vertex 48.7804 3.92314 0
    endloop
  endfacet
  facet normal -0 0 -1
    outer loop
      vertex 69.9377 28.9691 0
      vertex 48.5221 3.96578 0
      vertex 67.8933 33.4813 0
    endloop
  endfacet
  facet normal 0 0 -1
    outer loop
      vertex 48.2616 3.99144 0
      vertex 67.8933 33.4813 0
      vertex 48.5221 3.96578 0
    endloop
  endfacet
  facet normal 0 0 -1
    outer loop
      vertex 48 4 0
      vertex 67.8933 33.4813 0
      vertex 48.2616 3.99144 0
    endloop
  endfacet
  facet normal -0 0 -1
    outer loop
      vertex 67.8933 33.4813 0
      vertex 48 4 0
      vertex 65.5581 37.85 0
    endloop
  endfacet
  facet normal 0 0 -1
    outer loop
      vertex 47.7384 3.99144 0
      vertex 65.5581 37.85 0
      vertex 48 4 0
    endloop
  endfacet
  facet normal 0 0 -1
    outer loop
      vertex 47.4779 3.96578 0
      vertex 65.5581 37.85 0
      vertex 47.7384 3.99144 0
    endloop
  endfacet
  facet normal 0 0 -1
    outer loop
      vertex 28 41.5692 0
      vertex 65.5581 37.85 0
      vertex 47.4779 3.96578 0
    endloop
  endfacet
  facet normal 0 0 -1
    outer loop
      vertex 28 41.5692 0
      vertex 47.4779 3.96578 0
      vertex 47.2196 3.92314 0
    endloop
  endfacet
  facet normal 0 0 -1
    outer loop
      vertex 28 41.5692 0
      vertex 47.2196 3.92314 0
      vertex 46.9647 3.8637 0
    endloop
  endfacet
  facet normal 0 0 -1
    outer loop
      vertex 65.5581 37.85 0
      vertex 28 41.5692 0
      vertex 62.9422 42.0567 0
    endloop
  endfacet
  facet normal 0 0 -1
    outer loop
      vertex 28 41.5692 0
      vertex 46.9647 3.8637 0
      vertex 46.7142 3.78772 0
    endloop
  endfacet
  facet normal -0 0 -1
    outer loop
      vertex 62.9422 42.0567 0
      vertex 28 41.5692 0
      vertex 60.0568 46.0832 0
    endloop
  endfacet
  facet normal 0 0 -1
    outer loop
      vertex 28 41.5692 0
      vertex 46.7142 3.78772 0
      vertex 46.4693 3.69552 0
    endloop
  endfacet
  facet normal 0 0 -1
    outer loop
      vertex 28 41.5692 0
      vertex 46.4693 3.69552 0
      vertex 46.2308 3.58749 0
    endloop
  endfacet
  facet normal -0 0 -1
    outer loop
      vertex 60.0568 46.0832 0
      vertex 28 41.5692 0
      vertex 56.9143 49.9125 0
    endloop
  endfacet
  facet normal 0 0 -1
    outer loop
      vertex 28 41.5692 0
      vertex 46.2308 3.58749 0
      vertex 46 3.4641 0
    endloop
  endfacet
  facet normal -0 0 -1
    outer loop
      vertex 56.9143 49.9125 0
      vertex 28 41.5692 0
      vertex 53.528 53.528 0
    endloop
  endfacet
  facet normal 0 0 -1
    outer loop
      vertex 28 41.5692 0
      vertex 46 3.4641 0
      vertex 45.7777 3.32588 0
    endloop
  endfacet
  facet normal 0 0 -1
    outer loop
      vertex 27.9914 41.8308 0
      vertex 53.528 53.528 0
      vertex 28 41.5692 0
    endloop
  endfacet
  facet normal 0 0 -1
    outer loop
      vertex 28 41.5692 0
      vertex 45.7777 3.32588 0
      vertex 45.565 3.17341 0
    endloop
  endfacet
  facet normal 0 0 -1
    outer loop
      vertex 28 41.5692 0
      vertex 45.565 3.17341 0
      vertex 45.3626 3.00736 0
    endloop
  endfacet
  facet normal 0 0 -1
    outer loop
      vertex 28 41.5692 0
      vertex 45.3626 3.00736 0
      vertex 45.1716 2.82843 0
    endloop
  endfacet
  facet normal 0 0 -1
    outer loop
      vertex 28 41.5692 0
      vertex 45.1716 2.82843 0
      vertex 44.9926 2.63738 0
    endloop
  endfacet
  facet normal 0 0 -1
    outer loop
      vertex 28 41.5692 0
      vertex 44.9926 2.63738 0
      vertex 44.8266 2.43505 0
    endloop
  endfacet
  facet normal 0 0 -1
    outer loop
      vertex 28 41.5692 0
      vertex 44.8266 2.43505 0
      vertex 44.6741 2.22228 0
    endloop
  endfacet
  facet normal 0 0 -1
    outer loop
      vertex 28 41.5692 0
      vertex 44.6741 2.22228 0
      vertex 44.5359 2 0
    endloop
  endfacet
  facet normal 0 0 -1
    outer loop
      vertex 28 41.5692 0
      vertex 44.5359 2 0
      vertex 44.4125 1.76915 0
    endloop
  endfacet
  facet normal 0 0 -1
    outer loop
      vertex 28 41.5692 0
      vertex 44.4125 1.76915 0
      vertex 44.3045 1.53073 0
    endloop
  endfacet
  facet normal 0 0 -1
    outer loop
      vertex 28 41.5692 0
      vertex 44.3045 1.53073 0
      vertex 44.2123 1.28576 0
    endloop
  endfacet
  facet normal 0 0 -1
    outer loop
      vertex 28 41.5692 0
      vertex 44.2123 1.28576 0
      vertex 44.1363 1.03528 0
    endloop
  endfacet
  facet normal 0 0 -1
    outer loop
      vertex 28 41.5692 0
      vertex 44.1363 1.03528 0
      vertex 44.0769 0.780361 0
    endloop
  endfacet
  facet normal 0 0 -1
    outer loop
      vertex 28 41.5692 0
      vertex 44.0769 0.780361 0
      vertex 44.0342 0.522104 0
    endloop
  endfacet
  facet normal 0 0 -1
    outer loop
      vertex 44 0 0
      vertex 28 41.5692 0
      vertex 44.0086 0.261612 0
    endloop
  endfacet
  facet normal 0 0 -1
    outer loop
      vertex 27.9658 42.0913 0
      vertex 53.528 53.528 0
      vertex 27.9914 41.8308 0
    endloop
  endfacet
  facet normal -0 0 -1
    outer loop
      vertex 46 -3.4641 0
      vertex 26 -38.1051 0
      vertex 45.7777 -3.32588 0
    endloop
  endfacet
  facet normal 0 0 -1
    outer loop
      vertex 26 -38.1051 0
      vertex 46 -3.4641 0
      vertex 26.2223 -38.2433 0
    endloop
  endfacet
  facet normal 0 0 -1
    outer loop
      vertex 26.435 -44.7426 0
      vertex 42.0567 -62.9422 0
      vertex 37.85 -65.5581 0
    endloop
  endfacet
  facet normal 0 0 -1
    outer loop
      vertex 44.0086 0.261612 0
      vertex 28 41.5692 0
      vertex 44.0342 0.522104 0
    endloop
  endfacet
  facet normal 0 0 -1
    outer loop
      vertex 25.5307 -45.2647 0
      vertex 37.85 -65.5581 0
      vertex 33.4813 -67.8933 0
    endloop
  endfacet
  facet normal 0 0 -1
    outer loop
      vertex 27.9231 42.3496 0
      vertex 53.528 53.528 0
      vertex 27.9658 42.0913 0
    endloop
  endfacet
  facet normal 0 0 -1
    outer loop
      vertex 24.5221 -45.535 0
      vertex 33.4813 -67.8933 0
      vertex 28.9691 -69.9377 0
    endloop
  endfacet
  facet normal -0 0 -1
    outer loop
      vertex 53.528 53.528 0
      vertex 27.9231 42.3496 0
      vertex 49.9125 56.9143 0
    endloop
  endfacet
  facet normal 0 0 -1
    outer loop
      vertex 27.8637 42.6045 0
      vertex 49.9125 56.9143 0
      vertex 27.9231 42.3496 0
    endloop
  endfacet
  facet normal 0 0 -1
    outer loop
      vertex 42.0567 -62.9422 0
      vertex 27.9914 -41.8308 0
      vertex 28 -41.5692 0
    endloop
  endfacet
  facet normal 0 0 -1
    outer loop
      vertex 42.0567 -62.9422 0
      vertex 27.9658 -42.0913 0
      vertex 27.9914 -41.8308 0
    endloop
  endfacet
  facet normal 0 0 -1
    outer loop
      vertex 42.0567 -62.9422 0
      vertex 27.9231 -42.3496 0
      vertex 27.9658 -42.0913 0
    endloop
  endfacet
  facet normal 0 0 -1
    outer loop
      vertex 42.0567 -62.9422 0
      vertex 27.8637 -42.6045 0
      vertex 27.9231 -42.3496 0
    endloop
  endfacet
  facet normal 0 0 -1
    outer loop
      vertex 42.0567 -62.9422 0
      vertex 27.7877 -42.855 0
      vertex 27.8637 -42.6045 0
    endloop
  endfacet
  facet normal 0 0 -1
    outer loop
      vertex 42.0567 -62.9422 0
      vertex 27.6955 -43.1 0
      vertex 27.7877 -42.855 0
    endloop
  endfacet
  facet normal 0 0 -1
    outer loop
      vertex 42.0567 -62.9422 0
      vertex 27.5875 -43.3384 0
      vertex 27.6955 -43.1 0
    endloop
  endfacet
  facet normal 0 0 -1
    outer loop
      vertex 42.0567 -62.9422 0
      vertex 27.4641 -43.5692 0
      vertex 27.5875 -43.3384 0
    endloop
  endfacet
  facet normal 0 0 -1
    outer loop
      vertex 42.0567 -62.9422 0
      vertex 27.3259 -43.7915 0
      vertex 27.4641 -43.5692 0
    endloop
  endfacet
  facet normal 0 0 -1
    outer loop
      vertex 42.0567 -62.9422 0
      vertex 27.1734 -44.0043 0
      vertex 27.3259 -43.7915 0
    endloop
  endfacet
  facet normal 0 0 -1
    outer loop
      vertex 42.0567 -62.9422 0
      vertex 27.0074 -44.2066 0
      vertex 27.1734 -44.0043 0
    endloop
  endfacet
  facet normal 0 0 -1
    outer loop
      vertex 42.0567 -62.9422 0
      vertex 26.8284 -44.3976 0
      vertex 27.0074 -44.2066 0
    endloop
  endfacet
  facet normal 0 0 -1
    outer loop
      vertex 42.0567 -62.9422 0
      vertex 26.6374 -44.5766 0
      vertex 26.8284 -44.3976 0
    endloop
  endfacet
  facet normal 0 0 -1
    outer loop
      vertex 42.0567 -62.9422 0
      vertex 26.435 -44.7426 0
      vertex 26.6374 -44.5766 0
    endloop
  endfacet
  facet normal 0 0 -1
    outer loop
      vertex 37.85 -65.5581 0
      vertex 26.2223 -44.8951 0
      vertex 26.435 -44.7426 0
    endloop
  endfacet
  facet normal 0 0 -1
    outer loop
      vertex 37.85 -65.5581 0
      vertex 26 -45.0333 0
      vertex 26.2223 -44.8951 0
    endloop
  endfacet
  facet normal 0 0 -1
    outer loop
      vertex 37.85 -65.5581 0
      vertex 25.7692 -45.1567 0
      vertex 26 -45.0333 0
    endloop
  endfacet
  facet normal 0 0 -1
    outer loop
      vertex 37.85 -65.5581 0
      vertex 25.5307 -45.2647 0
      vertex 25.7692 -45.1567 0
    endloop
  endfacet
  facet normal 0 0 -1
    outer loop
      vertex 33.4813 -67.8933 0
      vertex 25.2858 -45.3569 0
      vertex 25.5307 -45.2647 0
    endloop
  endfacet
  facet normal 0 0 -1
    outer loop
      vertex 33.4813 -67.8933 0
      vertex 25.0353 -45.4329 0
      vertex 25.2858 -45.3569 0
    endloop
  endfacet
  facet normal 0 0 -1
    outer loop
      vertex 33.4813 -67.8933 0
      vertex 24.7804 -45.4924 0
      vertex 25.0353 -45.4329 0
    endloop
  endfacet
  facet normal 0 0 -1
    outer loop
      vertex 33.4813 -67.8933 0
      vertex 24.5221 -45.535 0
      vertex 24.7804 -45.4924 0
    endloop
  endfacet
  facet normal 0 0 -1
    outer loop
      vertex 23.4779 -45.535 0
      vertex 28.9691 -69.9377 0
      vertex 24.333 -71.6826 0
    endloop
  endfacet
  facet normal 0 0 -1
    outer loop
      vertex 28.9691 -69.9377 0
      vertex 24.2616 -45.5607 0
      vertex 24.5221 -45.535 0
    endloop
  endfacet
  facet normal 0 0 -1
    outer loop
      vertex 28.9691 -69.9377 0
      vertex 24 -45.5692 0
      vertex 24.2616 -45.5607 0
    endloop
  endfacet
  facet normal 0 0 -1
    outer loop
      vertex 28.9691 -69.9377 0
      vertex 23.7384 -45.5607 0
      vertex 24 -45.5692 0
    endloop
  endfacet
  facet normal 0 0 -1
    outer loop
      vertex 28.9691 -69.9377 0
      vertex 23.4779 -45.535 0
      vertex 23.7384 -45.5607 0
    endloop
  endfacet
  facet normal 0 0 -1
    outer loop
      vertex 24.333 -71.6826 0
      vertex 23.2196 -45.4924 0
      vertex 23.4779 -45.535 0
    endloop
  endfacet
  facet normal 0 0 -1
    outer loop
      vertex 24.333 -71.6826 0
      vertex 22.9647 -45.4329 0
      vertex 23.2196 -45.4924 0
    endloop
  endfacet
  facet normal 0 0 -1
    outer loop
      vertex 24.333 -71.6826 0
      vertex 22.7142 -45.3569 0
      vertex 22.9647 -45.4329 0
    endloop
  endfacet
  facet normal 0 0 -1
    outer loop
      vertex 19.5926 -73.1206 0
      vertex 22.7142 -45.3569 0
      vertex 24.333 -71.6826 0
    endloop
  endfacet
  facet normal -0 0 -1
    outer loop
      vertex 22.7142 -45.3569 0
      vertex 19.5926 -73.1206 0
      vertex 22.4693 -45.2647 0
    endloop
  endfacet
  facet normal -0 0 -1
    outer loop
      vertex 22.4693 -45.2647 0
      vertex 19.5926 -73.1206 0
      vertex 22.2308 -45.1567 0
    endloop
  endfacet
  facet normal -0 0 -1
    outer loop
      vertex 22.2308 -45.1567 0
      vertex 19.5926 -73.1206 0
      vertex 22 -45.0333 0
    endloop
  endfacet
  facet normal -0 0 -1
    outer loop
      vertex 22 -45.0333 0
      vertex 19.5926 -73.1206 0
      vertex 21.7777 -44.8951 0
    endloop
  endfacet
  facet normal -0 0 -1
    outer loop
      vertex 21.7777 -44.8951 0
      vertex 19.5926 -73.1206 0
      vertex 21.565 -44.7426 0
    endloop
  endfacet
  facet normal -0 0 -1
    outer loop
      vertex 21.565 -44.7426 0
      vertex 19.5926 -73.1206 0
      vertex 21.3626 -44.5766 0
    endloop
  endfacet
  facet normal -0 0 -1
    outer loop
      vertex 21.3626 -44.5766 0
      vertex 19.5926 -73.1206 0
      vertex 21.1716 -44.3976 0
    endloop
  endfacet
  facet normal -0 0 -1
    outer loop
      vertex 21.1716 -44.3976 0
      vertex 19.5926 -73.1206 0
      vertex 20.9926 -44.2066 0
    endloop
  endfacet
  facet normal -0 0 -1
    outer loop
      vertex 20.9926 -44.2066 0
      vertex 19.5926 -73.1206 0
      vertex 20.8266 -44.0043 0
    endloop
  endfacet
  facet normal -0 0 -1
    outer loop
      vertex 20.8266 -44.0043 0
      vertex 19.5926 -73.1206 0
      vertex 20.6741 -43.7915 0
    endloop
  endfacet
  facet normal -0 0 -1
    outer loop
      vertex 20.6741 -43.7915 0
      vertex 19.5926 -73.1206 0
      vertex 20.5359 -43.5692 0
    endloop
  endfacet
  facet normal -0 0 -1
    outer loop
      vertex 20.5359 -43.5692 0
      vertex 19.5926 -73.1206 0
      vertex 20.4125 -43.3384 0
    endloop
  endfacet
  facet normal -0 0 -1
    outer loop
      vertex 20.4125 -43.3384 0
      vertex 19.5926 -73.1206 0
      vertex 20.3045 -43.1 0
    endloop
  endfacet
  facet normal -0 0 -1
    outer loop
      vertex 20.3045 -43.1 0
      vertex 19.5926 -73.1206 0
      vertex 20.2123 -42.855 0
    endloop
  endfacet
  facet normal -0 0 -1
    outer loop
      vertex 20.2123 -42.855 0
      vertex 19.5926 -73.1206 0
      vertex 20.1363 -42.6045 0
    endloop
  endfacet
  facet normal -0 0 -1
    outer loop
      vertex 20.1363 -42.6045 0
      vertex 19.5926 -73.1206 0
      vertex 20.0769 -42.3496 0
    endloop
  endfacet
  facet normal 0 0 -1
    outer loop
      vertex 11.0866 25.4078 0
      vertex 20 -41.5692 0
      vertex 19.5926 -73.1206 0
    endloop
  endfacet
  facet normal -0 0 -1
    outer loop
      vertex 20.0086 -41.8308 0
      vertex 19.5926 -73.1206 0
      vertex 20 -41.5692 0
    endloop
  endfacet
  facet normal -0 0 -1
    outer loop
      vertex 20.0342 -42.0913 0
      vertex 19.5926 -73.1206 0
      vertex 20.0086 -41.8308 0
    endloop
  endfacet
  facet normal -0 0 -1
    outer loop
      vertex 20.0769 -42.3496 0
      vertex 19.5926 -73.1206 0
      vertex 20.0342 -42.0913 0
    endloop
  endfacet
  facet normal 0.97388 0.227063 0
    outer loop
      vertex 74.2454 14.7683 3
      vertex 73.1206 19.5926 0
      vertex 73.1206 19.5926 3
    endloop
  endfacet
  facet normal 0.97388 0.227063 0
    outer loop
      vertex 73.1206 19.5926 0
      vertex 74.2454 14.7683 3
      vertex 74.2454 14.7683 0
    endloop
  endfacet
  facet normal 0.986641 0.16291 0
    outer loop
      vertex 75.0524 9.88083 3
      vertex 74.2454 14.7683 0
      vertex 74.2454 14.7683 3
    endloop
  endfacet
  facet normal 0.986641 0.16291 0
    outer loop
      vertex 74.2454 14.7683 0
      vertex 75.0524 9.88083 3
      vertex 75.0524 9.88083 0
    endloop
  endfacet
  facet normal 0.935906 0.352249 0
    outer loop
      vertex 71.6826 24.333 3
      vertex 69.9377 28.9691 0
      vertex 69.9377 28.9691 3
    endloop
  endfacet
  facet normal 0.935906 0.352249 0
    outer loop
      vertex 69.9377 28.9691 0
      vertex 71.6826 24.333 3
      vertex 71.6826 24.333 0
    endloop
  endfacet
  facet normal 0.849202 0.528069 0
    outer loop
      vertex 65.5581 37.85 3
      vertex 62.9422 42.0567 0
      vertex 62.9422 42.0567 3
    endloop
  endfacet
  facet normal 0.849202 0.528069 0
    outer loop
      vertex 62.9422 42.0567 0
      vertex 65.5581 37.85 3
      vertex 65.5581 37.85 0
    endloop
  endfacet
  facet normal 0.881914 0.471409 0
    outer loop
      vertex 67.8933 33.4813 3
      vertex 65.5581 37.85 0
      vertex 65.5581 37.85 3
    endloop
  endfacet
  facet normal 0.881914 0.471409 0
    outer loop
      vertex 65.5581 37.85 0
      vertex 67.8933 33.4813 3
      vertex 67.8933 33.4813 0
    endloop
  endfacet
  facet normal 0.290288 0.956939 -0
    outer loop
      vertex 24.333 71.6826 0
      vertex 19.5926 73.1206 3
      vertex 24.333 71.6826 3
    endloop
  endfacet
  facet normal 0.290288 0.956939 0
    outer loop
      vertex 19.5926 73.1206 3
      vertex 24.333 71.6826 0
      vertex 19.5926 73.1206 0
    endloop
  endfacet
  facet normal 0.0980084 0.995186 -0
    outer loop
      vertex 9.88083 75.0524 0
      vertex 4.95102 75.5379 3
      vertex 9.88083 75.0524 3
    endloop
  endfacet
  facet normal 0.0980084 0.995186 0
    outer loop
      vertex 4.95102 75.5379 3
      vertex 9.88083 75.0524 0
      vertex 4.95102 75.5379 0
    endloop
  endfacet
  facet normal 0.412698 0.910868 -0
    outer loop
      vertex 33.4813 67.8933 0
      vertex 28.9691 69.9377 3
      vertex 33.4813 67.8933 3
    endloop
  endfacet
  facet normal 0.412698 0.910868 0
    outer loop
      vertex 28.9691 69.9377 3
      vertex 33.4813 67.8933 0
      vertex 28.9691 69.9377 0
    endloop
  endfacet
  facet normal -0.910868 0.412698 0
    outer loop
      vertex -69.9377 28.9691 0
      vertex -67.8933 33.4813 3
      vertex -67.8933 33.4813 0
    endloop
  endfacet
  facet normal -0.910868 0.412698 0
    outer loop
      vertex -67.8933 33.4813 3
      vertex -69.9377 28.9691 0
      vertex -69.9377 28.9691 3
    endloop
  endfacet
  facet normal -0.956939 0.290288 0
    outer loop
      vertex -73.1206 19.5926 0
      vertex -71.6826 24.333 3
      vertex -71.6826 24.333 0
    endloop
  endfacet
  facet normal -0.956939 0.290288 0
    outer loop
      vertex -71.6826 24.333 3
      vertex -73.1206 19.5926 0
      vertex -73.1206 19.5926 3
    endloop
  endfacet
  facet normal -0.995186 0.0980084 0
    outer loop
      vertex -75.5379 4.95102 0
      vertex -75.0524 9.88083 3
      vertex -75.0524 9.88083 0
    endloop
  endfacet
  facet normal -0.995186 0.0980084 0
    outer loop
      vertex -75.0524 9.88083 3
      vertex -75.5379 4.95102 0
      vertex -75.5379 4.95102 3
    endloop
  endfacet
  facet normal -0 0 1
    outer loop
      vertex -21.1716 38.7408 3
      vertex -11.5911 33.1058 3
      vertex -20.9926 38.9318 3
    endloop
  endfacet
  facet normal 0 0 1
    outer loop
      vertex -11.0866 25.4078 3
      vertex -20.0086 -41.3076 3
      vertex -20 -41.5692 3
    endloop
  endfacet
  facet normal -0 0 1
    outer loop
      vertex -21.3626 38.5619 3
      vertex -11.5911 33.1058 3
      vertex -21.1716 38.7408 3
    endloop
  endfacet
  facet normal 0 0 1
    outer loop
      vertex -11.0866 25.4078 3
      vertex -20.0342 -41.0471 3
      vertex -20.0086 -41.3076 3
    endloop
  endfacet
  facet normal 0 0 1
    outer loop
      vertex -11.5911 33.1058 3
      vertex -21.3626 38.5619 3
      vertex -11.7694 32.3411 3
    endloop
  endfacet
  facet normal 0 0 1
    outer loop
      vertex -11.0866 25.4078 3
      vertex -20.0769 -40.7889 3
      vertex -20.0342 -41.0471 3
    endloop
  endfacet
  facet normal -0 0 1
    outer loop
      vertex -21.565 38.3958 3
      vertex -11.7694 32.3411 3
      vertex -21.3626 38.5619 3
    endloop
  endfacet
  facet normal 0 0 1
    outer loop
      vertex -24.531 -0.948345 3
      vertex -11.0866 25.4078 3
      vertex -24.5 0 3
    endloop
  endfacet
  facet normal -0 0 1
    outer loop
      vertex -21.7777 38.2433 3
      vertex -11.7694 32.3411 3
      vertex -21.565 38.3958 3
    endloop
  endfacet
  facet normal 0 0 1
    outer loop
      vertex -11.0866 25.4078 3
      vertex -20.1363 -40.5339 3
      vertex -20.0769 -40.7889 3
    endloop
  endfacet
  facet normal 0 0 1
    outer loop
      vertex -11.7694 32.3411 3
      vertex -21.7777 38.2433 3
      vertex -11.8973 31.5663 3
    endloop
  endfacet
  facet normal 0 0 1
    outer loop
      vertex -24.6241 -1.89263 3
      vertex -11.0866 25.4078 3
      vertex -24.531 -0.948345 3
    endloop
  endfacet
  facet normal -0 0 1
    outer loop
      vertex -22 38.1051 3
      vertex -11.8973 31.5663 3
      vertex -21.7777 38.2433 3
    endloop
  endfacet
  facet normal 0 0 1
    outer loop
      vertex -11.0866 25.4078 3
      vertex -20.2123 -40.2835 3
      vertex -20.1363 -40.5339 3
    endloop
  endfacet
  facet normal 0 0 1
    outer loop
      vertex -11.8973 31.5663 3
      vertex -22 38.1051 3
      vertex -11.9743 30.7848 3
    endloop
  endfacet
  facet normal 0 0 1
    outer loop
      vertex -24.7786 -2.82881 3
      vertex -11.0866 25.4078 3
      vertex -24.6241 -1.89263 3
    endloop
  endfacet
  facet normal -0 0 1
    outer loop
      vertex -22.2308 37.9817 3
      vertex -11.9743 30.7848 3
      vertex -22 38.1051 3
    endloop
  endfacet
  facet normal 0 0 1
    outer loop
      vertex -11.0866 25.4078 3
      vertex -20.3045 -40.0385 3
      vertex -20.2123 -40.2835 3
    endloop
  endfacet
  facet normal -0 0 1
    outer loop
      vertex -22.4693 37.8737 3
      vertex -11.9743 30.7848 3
      vertex -22.2308 37.9817 3
    endloop
  endfacet
  facet normal 0 0 1
    outer loop
      vertex -11.0866 25.4078 3
      vertex -24.7786 -2.82881 3
      vertex -20.3045 -40.0385 3
    endloop
  endfacet
  facet normal 0 0 1
    outer loop
      vertex -11.9743 30.7848 3
      vertex -22.4693 37.8737 3
      vertex -12 30 3
    endloop
  endfacet
  facet normal 0 0 1
    outer loop
      vertex -20.3045 -40.0385 3
      vertex -24.7786 -2.82881 3
      vertex -20.4125 -39.8001 3
    endloop
  endfacet
  facet normal -0 0 1
    outer loop
      vertex -22.7142 37.7815 3
      vertex -12 30 3
      vertex -22.4693 37.8737 3
    endloop
  endfacet
  facet normal -0 0 1
    outer loop
      vertex -24.9941 -3.75288 3
      vertex -20.4125 -39.8001 3
      vertex -24.7786 -2.82881 3
    endloop
  endfacet
  facet normal -0 0 1
    outer loop
      vertex -22.9647 37.7055 3
      vertex -12 30 3
      vertex -22.7142 37.7815 3
    endloop
  endfacet
  facet normal 0 0 1
    outer loop
      vertex -20.4125 -39.8001 3
      vertex -24.9941 -3.75288 3
      vertex -20.5359 -39.5692 3
    endloop
  endfacet
  facet normal 0 0 1
    outer loop
      vertex -12 30 3
      vertex -22.9647 37.7055 3
      vertex -11.9743 29.2152 3
    endloop
  endfacet
  facet normal 0 0 1
    outer loop
      vertex -20.5359 -39.5692 3
      vertex -24.9941 -3.75288 3
      vertex -20.6741 -39.3469 3
    endloop
  endfacet
  facet normal -0 0 1
    outer loop
      vertex -23.2196 37.6461 3
      vertex -11.9743 29.2152 3
      vertex -22.9647 37.7055 3
    endloop
  endfacet
  facet normal -0 0 1
    outer loop
      vertex -25.2695 -4.66087 3
      vertex -20.6741 -39.3469 3
      vertex -24.9941 -3.75288 3
    endloop
  endfacet
  facet normal 0 0 1
    outer loop
      vertex -11.9743 29.2152 3
      vertex -23.2196 37.6461 3
      vertex -11.8973 28.4337 3
    endloop
  endfacet
  facet normal 0 0 1
    outer loop
      vertex -20.6741 -39.3469 3
      vertex -25.2695 -4.66087 3
      vertex -20.8266 -39.1342 3
    endloop
  endfacet
  facet normal -0 0 1
    outer loop
      vertex -23.4779 37.6034 3
      vertex -11.8973 28.4337 3
      vertex -23.2196 37.6461 3
    endloop
  endfacet
  facet normal -0 0 1
    outer loop
      vertex -25.6037 -5.54891 3
      vertex -20.8266 -39.1342 3
      vertex -25.2695 -4.66087 3
    endloop
  endfacet
  facet normal -0 0 1
    outer loop
      vertex -23.7384 37.5778 3
      vertex -11.8973 28.4337 3
      vertex -23.4779 37.6034 3
    endloop
  endfacet
  facet normal 0 0 1
    outer loop
      vertex -20.8266 -39.1342 3
      vertex -25.6037 -5.54891 3
      vertex -20.9926 -38.9318 3
    endloop
  endfacet
  facet normal 0 0 1
    outer loop
      vertex -11.8973 28.4337 3
      vertex -23.7384 37.5778 3
      vertex -11.7694 27.6589 3
    endloop
  endfacet
  facet normal -0 0 1
    outer loop
      vertex -25.9953 -6.41319 3
      vertex -20.9926 -38.9318 3
      vertex -25.6037 -5.54891 3
    endloop
  endfacet
  facet normal -0 0 1
    outer loop
      vertex -24 37.5692 3
      vertex -11.7694 27.6589 3
      vertex -23.7384 37.5778 3
    endloop
  endfacet
  facet normal 0 0 1
    outer loop
      vertex -20.9926 -38.9318 3
      vertex -25.9953 -6.41319 3
      vertex -21.1716 -38.7408 3
    endloop
  endfacet
  facet normal 0 0 1
    outer loop
      vertex -11.7694 27.6589 3
      vertex -24 37.5692 3
      vertex -11.5911 26.8942 3
    endloop
  endfacet
  facet normal -0 0 1
    outer loop
      vertex -26.4426 -7.25 3
      vertex -21.1716 -38.7408 3
      vertex -25.9953 -6.41319 3
    endloop
  endfacet
  facet normal 0 0 1
    outer loop
      vertex -24.2616 37.5778 3
      vertex -11.5911 26.8942 3
      vertex -24 37.5692 3
    endloop
  endfacet
  facet normal 0 0 1
    outer loop
      vertex -21.1716 -38.7408 3
      vertex -26.4426 -7.25 3
      vertex -21.3626 -38.5619 3
    endloop
  endfacet
  facet normal 0 0 1
    outer loop
      vertex -31.75 12.5574 3
      vertex -11.5911 26.8942 3
      vertex -24.2616 37.5778 3
    endloop
  endfacet
  facet normal 0 0 1
    outer loop
      vertex -21.3626 -38.5619 3
      vertex -26.4426 -7.25 3
      vertex -21.565 -38.3958 3
    endloop
  endfacet
  facet normal 0 0 1
    outer loop
      vertex -11.5911 26.8942 3
      vertex -30.9442 12.0563 3
      vertex -11.3632 26.1427 3
    endloop
  endfacet
  facet normal -0 0 1
    outer loop
      vertex -26.9437 -8.05577 3
      vertex -21.565 -38.3958 3
      vertex -26.4426 -7.25 3
    endloop
  endfacet
  facet normal 0 -0 1
    outer loop
      vertex -30.9442 12.0563 3
      vertex -11.5911 26.8942 3
      vertex -31.75 12.5574 3
    endloop
  endfacet
  facet normal 0 0 1
    outer loop
      vertex -21.565 -38.3958 3
      vertex -26.9437 -8.05577 3
      vertex -21.7777 -38.2433 3
    endloop
  endfacet
  facet normal -0 0 1
    outer loop
      vertex -27.4964 -8.82704 3
      vertex -21.7777 -38.2433 3
      vertex -26.9437 -8.05577 3
    endloop
  endfacet
  facet normal 0 0 1
    outer loop
      vertex -31.75 12.5574 3
      vertex -24.2616 37.5778 3
      vertex -24.5221 37.6034 3
    endloop
  endfacet
  facet normal 0 0 1
    outer loop
      vertex -11.0866 25.4078 3
      vertex -24.531 0.948345 3
      vertex -24.5 0 3
    endloop
  endfacet
  facet normal 0 0 1
    outer loop
      vertex -11.0866 25.4078 3
      vertex -24.6241 1.89263 3
      vertex -24.531 0.948345 3
    endloop
  endfacet
  facet normal 0 0 1
    outer loop
      vertex -11.0866 25.4078 3
      vertex -24.7786 2.82881 3
      vertex -24.6241 1.89263 3
    endloop
  endfacet
  facet normal 0 0 1
    outer loop
      vertex -32.5868 13.0047 3
      vertex -24.5221 37.6034 3
      vertex -24.7804 37.6461 3
    endloop
  endfacet
  facet normal 0 0 1
    outer loop
      vertex -11.0866 25.4078 3
      vertex -24.9941 3.75288 3
      vertex -24.7786 2.82881 3
    endloop
  endfacet
  facet normal 0 0 1
    outer loop
      vertex -33.4511 13.3963 3
      vertex -24.7804 37.6461 3
      vertex -25.0353 37.7055 3
    endloop
  endfacet
  facet normal 0 0 1
    outer loop
      vertex -11.0866 25.4078 3
      vertex -25.2695 4.66087 3
      vertex -24.9941 3.75288 3
    endloop
  endfacet
  facet normal 0 0 1
    outer loop
      vertex -33.4511 13.3963 3
      vertex -25.0353 37.7055 3
      vertex -25.2858 37.7815 3
    endloop
  endfacet
  facet normal 0 0 1
    outer loop
      vertex -34.3391 13.7305 3
      vertex -25.2858 37.7815 3
      vertex -25.5307 37.8737 3
    endloop
  endfacet
  facet normal 0 0 1
    outer loop
      vertex -11.0866 25.4078 3
      vertex -25.6037 5.54891 3
      vertex -25.2695 4.66087 3
    endloop
  endfacet
  facet normal 0 0 1
    outer loop
      vertex -34.3391 13.7305 3
      vertex -25.5307 37.8737 3
      vertex -25.7692 37.9817 3
    endloop
  endfacet
  facet normal 0 0 1
    outer loop
      vertex -11.0866 25.4078 3
      vertex -25.9953 6.41319 3
      vertex -25.6037 5.54891 3
    endloop
  endfacet
  facet normal 0 0 1
    outer loop
      vertex -35.2471 14.0059 3
      vertex -25.7692 37.9817 3
      vertex -26 38.1051 3
    endloop
  endfacet
  facet normal 0 0 1
    outer loop
      vertex -36.1712 14.2214 3
      vertex -26 38.1051 3
      vertex -26.2223 38.2433 3
    endloop
  endfacet
  facet normal 0 0 1
    outer loop
      vertex -36.1712 14.2214 3
      vertex -26.2223 38.2433 3
      vertex -26.435 38.3958 3
    endloop
  endfacet
  facet normal 0 0 1
    outer loop
      vertex -11.0866 25.4078 3
      vertex -26.4426 7.25 3
      vertex -25.9953 6.41319 3
    endloop
  endfacet
  facet normal 0 0 1
    outer loop
      vertex -37.1074 14.3759 3
      vertex -26.435 38.3958 3
      vertex -26.6374 38.5619 3
    endloop
  endfacet
  facet normal 0 0 1
    outer loop
      vertex -37.1074 14.3759 3
      vertex -26.6374 38.5619 3
      vertex -26.8284 38.7408 3
    endloop
  endfacet
  facet normal 0 0 1
    outer loop
      vertex -11.0866 25.4078 3
      vertex -26.9437 8.05577 3
      vertex -26.4426 7.25 3
    endloop
  endfacet
  facet normal 0 0 1
    outer loop
      vertex -38.0517 14.469 3
      vertex -26.8284 38.7408 3
      vertex -27.0074 38.9318 3
    endloop
  endfacet
  facet normal 0 0 1
    outer loop
      vertex -39 14.5 3
      vertex -27.0074 38.9318 3
      vertex -27.1734 39.1342 3
    endloop
  endfacet
  facet normal 0 0 1
    outer loop
      vertex -39 14.5 3
      vertex -27.1734 39.1342 3
      vertex -27.3259 39.3469 3
    endloop
  endfacet
  facet normal 0 0 1
    outer loop
      vertex -39.9483 14.469 3
      vertex -27.3259 39.3469 3
      vertex -27.4641 39.5692 3
    endloop
  endfacet
  facet normal 0 0 1
    outer loop
      vertex -11.0866 25.4078 3
      vertex -27.4964 8.82704 3
      vertex -26.9437 8.05577 3
    endloop
  endfacet
  facet normal 0 0 1
    outer loop
      vertex -40.8926 14.3759 3
      vertex -27.4641 39.5692 3
      vertex -27.5875 39.8001 3
    endloop
  endfacet
  facet normal 0 0 1
    outer loop
      vertex -40.8926 14.3759 3
      vertex -27.5875 39.8001 3
      vertex -27.6955 40.0385 3
    endloop
  endfacet
  facet normal 0 0 1
    outer loop
      vertex -60.0568 46.0832 3
      vertex -27.6955 40.0385 3
      vertex -27.7877 40.2835 3
    endloop
  endfacet
  facet normal 0 0 1
    outer loop
      vertex -60.0568 46.0832 3
      vertex -27.7877 40.2835 3
      vertex -27.8637 40.5339 3
    endloop
  endfacet
  facet normal 0 0 1
    outer loop
      vertex -60.0568 46.0832 3
      vertex -27.8637 40.5339 3
      vertex -27.9231 40.7889 3
    endloop
  endfacet
  facet normal 0 0 1
    outer loop
      vertex -56.9143 49.9125 3
      vertex -27.9231 40.7889 3
      vertex -27.9658 41.0471 3
    endloop
  endfacet
  facet normal 0 0 1
    outer loop
      vertex -56.9143 49.9125 3
      vertex -27.9658 41.0471 3
      vertex -27.9914 41.3076 3
    endloop
  endfacet
  facet normal 0 0 1
    outer loop
      vertex -56.9143 49.9125 3
      vertex -27.9914 41.3076 3
      vertex -28 41.5692 3
    endloop
  endfacet
  facet normal 0 0 1
    outer loop
      vertex -11.0866 25.4078 3
      vertex -28.0983 9.56051 3
      vertex -27.4964 8.82704 3
    endloop
  endfacet
  facet normal 0 0 1
    outer loop
      vertex -20.2123 -42.855 3
      vertex 20.0086 -41.3076 3
      vertex -20.1363 -42.6045 3
    endloop
  endfacet
  facet normal 0 0 1
    outer loop
      vertex -20.3045 -43.1 3
      vertex 20.0086 -41.3076 3
      vertex -20.2123 -42.855 3
    endloop
  endfacet
  facet normal 0 0 1
    outer loop
      vertex -20.4125 -43.3384 3
      vertex 20.0086 -41.3076 3
      vertex -20.3045 -43.1 3
    endloop
  endfacet
  facet normal 0 0 1
    outer loop
      vertex 20.0086 -41.3076 3
      vertex -20.4125 -43.3384 3
      vertex 0 -75.7 3
    endloop
  endfacet
  facet normal -0 0 1
    outer loop
      vertex -20.5359 -43.5692 3
      vertex 0 -75.7 3
      vertex -20.4125 -43.3384 3
    endloop
  endfacet
  facet normal 0 0 1
    outer loop
      vertex 0 -75.7 3
      vertex -20.5359 -43.5692 3
      vertex -4.95102 -75.5379 3
    endloop
  endfacet
  facet normal -0 0 1
    outer loop
      vertex -20.6741 -43.7915 3
      vertex -4.95102 -75.5379 3
      vertex -20.5359 -43.5692 3
    endloop
  endfacet
  facet normal -0 0 1
    outer loop
      vertex -20.8266 -44.0043 3
      vertex -4.95102 -75.5379 3
      vertex -20.6741 -43.7915 3
    endloop
  endfacet
  facet normal 0 0 1
    outer loop
      vertex -4.95102 -75.5379 3
      vertex -20.8266 -44.0043 3
      vertex -9.88083 -75.0524 3
    endloop
  endfacet
  facet normal -0 0 1
    outer loop
      vertex -20.9926 -44.2066 3
      vertex -9.88083 -75.0524 3
      vertex -20.8266 -44.0043 3
    endloop
  endfacet
  facet normal -0 0 1
    outer loop
      vertex -21.1716 -44.3976 3
      vertex -9.88083 -75.0524 3
      vertex -20.9926 -44.2066 3
    endloop
  endfacet
  facet normal -0 0 1
    outer loop
      vertex -21.3626 -44.5766 3
      vertex -9.88083 -75.0524 3
      vertex -21.1716 -44.3976 3
    endloop
  endfacet
  facet normal 0 0 1
    outer loop
      vertex -9.88083 -75.0524 3
      vertex -21.3626 -44.5766 3
      vertex -14.7683 -74.2454 3
    endloop
  endfacet
  facet normal -0 0 1
    outer loop
      vertex -21.565 -44.7426 3
      vertex -14.7683 -74.2454 3
      vertex -21.3626 -44.5766 3
    endloop
  endfacet
  facet normal -0 0 1
    outer loop
      vertex -21.7777 -44.8951 3
      vertex -14.7683 -74.2454 3
      vertex -21.565 -44.7426 3
    endloop
  endfacet
  facet normal 0 0 1
    outer loop
      vertex -14.7683 -74.2454 3
      vertex -21.7777 -44.8951 3
      vertex -19.5926 -73.1206 3
    endloop
  endfacet
  facet normal -0 0 1
    outer loop
      vertex -22 -45.0333 3
      vertex -19.5926 -73.1206 3
      vertex -21.7777 -44.8951 3
    endloop
  endfacet
  facet normal -0 0 1
    outer loop
      vertex -22.2308 -45.1567 3
      vertex -19.5926 -73.1206 3
      vertex -22 -45.0333 3
    endloop
  endfacet
  facet normal -0 0 1
    outer loop
      vertex -22.4693 -45.2647 3
      vertex -19.5926 -73.1206 3
      vertex -22.2308 -45.1567 3
    endloop
  endfacet
  facet normal -0 0 1
    outer loop
      vertex -22.7142 -45.3569 3
      vertex -19.5926 -73.1206 3
      vertex -22.4693 -45.2647 3
    endloop
  endfacet
  facet normal 0 0 1
    outer loop
      vertex -24.333 -71.6826 3
      vertex -22.7142 -45.3569 3
      vertex -22.9647 -45.4329 3
    endloop
  endfacet
  facet normal 0 0 1
    outer loop
      vertex -24.333 -71.6826 3
      vertex -22.9647 -45.4329 3
      vertex -23.2196 -45.4924 3
    endloop
  endfacet
  facet normal 0 0 1
    outer loop
      vertex -24.333 -71.6826 3
      vertex -23.2196 -45.4924 3
      vertex -23.4779 -45.535 3
    endloop
  endfacet
  facet normal 0 0 1
    outer loop
      vertex -28.9691 -69.9377 3
      vertex -23.4779 -45.535 3
      vertex -23.7384 -45.5607 3
    endloop
  endfacet
  facet normal 0 0 1
    outer loop
      vertex -28.9691 -69.9377 3
      vertex -23.7384 -45.5607 3
      vertex -24 -45.5692 3
    endloop
  endfacet
  facet normal 0 0 1
    outer loop
      vertex -28.9691 -69.9377 3
      vertex -24 -45.5692 3
      vertex -24.2616 -45.5607 3
    endloop
  endfacet
  facet normal 0 0 1
    outer loop
      vertex -22.7142 -45.3569 3
      vertex -24.333 -71.6826 3
      vertex -19.5926 -73.1206 3
    endloop
  endfacet
  facet normal 0 0 1
    outer loop
      vertex -28.9691 -69.9377 3
      vertex -24.2616 -45.5607 3
      vertex -24.5221 -45.535 3
    endloop
  endfacet
  facet normal 0 0 1
    outer loop
      vertex -33.4813 -67.8933 3
      vertex -24.5221 -45.535 3
      vertex -24.7804 -45.4924 3
    endloop
  endfacet
  facet normal 0 0 1
    outer loop
      vertex -33.4813 -67.8933 3
      vertex -24.7804 -45.4924 3
      vertex -25.0353 -45.4329 3
    endloop
  endfacet
  facet normal 0 0 1
    outer loop
      vertex -33.4813 -67.8933 3
      vertex -25.0353 -45.4329 3
      vertex -25.2858 -45.3569 3
    endloop
  endfacet
  facet normal 0 0 1
    outer loop
      vertex -33.4813 -67.8933 3
      vertex -25.2858 -45.3569 3
      vertex -25.5307 -45.2647 3
    endloop
  endfacet
  facet normal 0 0 1
    outer loop
      vertex -37.85 -65.5581 3
      vertex -25.5307 -45.2647 3
      vertex -25.7692 -45.1567 3
    endloop
  endfacet
  facet normal 0 0 1
    outer loop
      vertex -37.85 -65.5581 3
      vertex -25.7692 -45.1567 3
      vertex -26 -45.0333 3
    endloop
  endfacet
  facet normal 0 0 1
    outer loop
      vertex -37.85 -65.5581 3
      vertex -26 -45.0333 3
      vertex -26.2223 -44.8951 3
    endloop
  endfacet
  facet normal 0 0 1
    outer loop
      vertex -37.85 -65.5581 3
      vertex -26.2223 -44.8951 3
      vertex -26.435 -44.7426 3
    endloop
  endfacet
  facet normal 0 0 1
    outer loop
      vertex -42.0567 -62.9422 3
      vertex -26.435 -44.7426 3
      vertex -26.6374 -44.5766 3
    endloop
  endfacet
  facet normal 0 0 1
    outer loop
      vertex -42.0567 -62.9422 3
      vertex -26.6374 -44.5766 3
      vertex -26.8284 -44.3976 3
    endloop
  endfacet
  facet normal 0 0 1
    outer loop
      vertex -42.0567 -62.9422 3
      vertex -26.8284 -44.3976 3
      vertex -27.0074 -44.2066 3
    endloop
  endfacet
  facet normal 0 0 1
    outer loop
      vertex -42.0567 -62.9422 3
      vertex -27.0074 -44.2066 3
      vertex -27.1734 -44.0043 3
    endloop
  endfacet
  facet normal 0 0 1
    outer loop
      vertex -46.0832 -60.0568 3
      vertex -27.1734 -44.0043 3
      vertex -27.3259 -43.7915 3
    endloop
  endfacet
  facet normal 0 0 1
    outer loop
      vertex -46.0832 -60.0568 3
      vertex -27.3259 -43.7915 3
      vertex -27.4641 -43.5692 3
    endloop
  endfacet
  facet normal 0 0 1
    outer loop
      vertex -46.0832 -60.0568 3
      vertex -27.4641 -43.5692 3
      vertex -27.5875 -43.3384 3
    endloop
  endfacet
  facet normal 0 0 1
    outer loop
      vertex -46.0832 -60.0568 3
      vertex -27.5875 -43.3384 3
      vertex -27.6955 -43.1 3
    endloop
  endfacet
  facet normal 0 0 1
    outer loop
      vertex -49.9125 -56.9143 3
      vertex -27.6955 -43.1 3
      vertex -27.7877 -42.855 3
    endloop
  endfacet
  facet normal 0 0 1
    outer loop
      vertex -49.9125 -56.9143 3
      vertex -27.7877 -42.855 3
      vertex -27.8637 -42.6045 3
    endloop
  endfacet
  facet normal 0 0 1
    outer loop
      vertex -49.9125 -56.9143 3
      vertex -27.8637 -42.6045 3
      vertex -27.9231 -42.3496 3
    endloop
  endfacet
  facet normal 0 0 1
    outer loop
      vertex -53.528 -53.528 3
      vertex -27.9231 -42.3496 3
      vertex -27.9658 -42.0913 3
    endloop
  endfacet
  facet normal 0 0 1
    outer loop
      vertex -26.8284 -38.7408 3
      vertex -38.0517 -14.469 3
      vertex -27.0074 -38.9318 3
    endloop
  endfacet
  facet normal 0 0 1
    outer loop
      vertex -23.4779 -45.535 3
      vertex -28.9691 -69.9377 3
      vertex -24.333 -71.6826 3
    endloop
  endfacet
  facet normal 0 0 1
    outer loop
      vertex -53.528 -53.528 3
      vertex -27.9658 -42.0913 3
      vertex -27.9914 -41.8308 3
    endloop
  endfacet
  facet normal 0 0 1
    outer loop
      vertex -53.528 -53.528 3
      vertex -27.9914 -41.8308 3
      vertex -28 -41.5692 3
    endloop
  endfacet
  facet normal -0 0 1
    outer loop
      vertex -39 -14.5 3
      vertex -27.0074 -38.9318 3
      vertex -38.0517 -14.469 3
    endloop
  endfacet
  facet normal 0 0 1
    outer loop
      vertex -27.0074 -38.9318 3
      vertex -39 -14.5 3
      vertex -27.1734 -39.1342 3
    endloop
  endfacet
  facet normal 0 0 1
    outer loop
      vertex -27.1734 -39.1342 3
      vertex -39 -14.5 3
      vertex -27.3259 -39.3469 3
    endloop
  endfacet
  facet normal 0 0 1
    outer loop
      vertex -39.9483 -14.469 3
      vertex -27.3259 -39.3469 3
      vertex -39 -14.5 3
    endloop
  endfacet
  facet normal 0 0 1
    outer loop
      vertex -27.3259 -39.3469 3
      vertex -39.9483 -14.469 3
      vertex -27.4641 -39.5692 3
    endloop
  endfacet
  facet normal 0 0 1
    outer loop
      vertex -40.8926 -14.3759 3
      vertex -27.4641 -39.5692 3
      vertex -39.9483 -14.469 3
    endloop
  endfacet
  facet normal 0 0 1
    outer loop
      vertex -27.4641 -39.5692 3
      vertex -40.8926 -14.3759 3
      vertex -27.5875 -39.8001 3
    endloop
  endfacet
  facet normal 0 0 1
    outer loop
      vertex -24.5221 -45.535 3
      vertex -33.4813 -67.8933 3
      vertex -28.9691 -69.9377 3
    endloop
  endfacet
  facet normal 0 0 1
    outer loop
      vertex -27.5875 -39.8001 3
      vertex -40.8926 -14.3759 3
      vertex -27.6955 -40.0385 3
    endloop
  endfacet
  facet normal 0 0 1
    outer loop
      vertex -41.8288 -14.2214 3
      vertex -27.6955 -40.0385 3
      vertex -40.8926 -14.3759 3
    endloop
  endfacet
  facet normal 0 0 1
    outer loop
      vertex -60.0568 -46.0832 3
      vertex -27.6955 -40.0385 3
      vertex -41.8288 -14.2214 3
    endloop
  endfacet
  facet normal 0 0 1
    outer loop
      vertex -27.6955 -40.0385 3
      vertex -60.0568 -46.0832 3
      vertex -27.7877 -40.2835 3
    endloop
  endfacet
  facet normal 0 0 1
    outer loop
      vertex -25.5307 -45.2647 3
      vertex -37.85 -65.5581 3
      vertex -33.4813 -67.8933 3
    endloop
  endfacet
  facet normal 0 0 1
    outer loop
      vertex -27.7877 -40.2835 3
      vertex -60.0568 -46.0832 3
      vertex -27.8637 -40.5339 3
    endloop
  endfacet
  facet normal 0 0 1
    outer loop
      vertex -27.8637 -40.5339 3
      vertex -60.0568 -46.0832 3
      vertex -27.9231 -40.7889 3
    endloop
  endfacet
  facet normal 0 -0 1
    outer loop
      vertex -56.9143 -49.9125 3
      vertex -27.9231 -40.7889 3
      vertex -60.0568 -46.0832 3
    endloop
  endfacet
  facet normal 0 0 1
    outer loop
      vertex -27.9231 -40.7889 3
      vertex -56.9143 -49.9125 3
      vertex -27.9658 -41.0471 3
    endloop
  endfacet
  facet normal 0 0 1
    outer loop
      vertex -27.9658 -41.0471 3
      vertex -56.9143 -49.9125 3
      vertex -27.9914 -41.3076 3
    endloop
  endfacet
  facet normal 0 0 1
    outer loop
      vertex -26.435 -44.7426 3
      vertex -42.0567 -62.9422 3
      vertex -37.85 -65.5581 3
    endloop
  endfacet
  facet normal 0 0 1
    outer loop
      vertex -62.9422 -42.0567 3
      vertex -41.8288 -14.2214 3
      vertex -42.7529 -14.0059 3
    endloop
  endfacet
  facet normal 0 0 1
    outer loop
      vertex -62.9422 -42.0567 3
      vertex -42.7529 -14.0059 3
      vertex -43.6609 -13.7305 3
    endloop
  endfacet
  facet normal 0 0 1
    outer loop
      vertex -65.5581 -37.85 3
      vertex -43.6609 -13.7305 3
      vertex -44.5489 -13.3963 3
    endloop
  endfacet
  facet normal 0 0 1
    outer loop
      vertex -65.5581 -37.85 3
      vertex -44.5489 -13.3963 3
      vertex -45.4132 -13.0047 3
    endloop
  endfacet
  facet normal 0 0 1
    outer loop
      vertex -27.1734 -44.0043 3
      vertex -46.0832 -60.0568 3
      vertex -42.0567 -62.9422 3
    endloop
  endfacet
  facet normal 0 0 1
    outer loop
      vertex -67.8933 -33.4813 3
      vertex -45.4132 -13.0047 3
      vertex -46.25 -12.5574 3
    endloop
  endfacet
  facet normal 0 0 1
    outer loop
      vertex -67.8933 -33.4813 3
      vertex -46.25 -12.5574 3
      vertex -47.0558 -12.0563 3
    endloop
  endfacet
  facet normal 0 0 1
    outer loop
      vertex -69.9377 -28.9691 3
      vertex -47.0558 -12.0563 3
      vertex -47.827 -11.5036 3
    endloop
  endfacet
  facet normal 0 0 1
    outer loop
      vertex -69.9377 -28.9691 3
      vertex -47.827 -11.5036 3
      vertex -48.5605 -10.9017 3
    endloop
  endfacet
  facet normal 0 0 1
    outer loop
      vertex -71.6826 -24.333 3
      vertex -48.5605 -10.9017 3
      vertex -49.253 -10.253 3
    endloop
  endfacet
  facet normal 0 0 1
    outer loop
      vertex -71.6826 -24.333 3
      vertex -49.253 -10.253 3
      vertex -49.9017 -9.56051 3
    endloop
  endfacet
  facet normal 0 0 1
    outer loop
      vertex -27.6955 -43.1 3
      vertex -49.9125 -56.9143 3
      vertex -46.0832 -60.0568 3
    endloop
  endfacet
  facet normal 0 0 1
    outer loop
      vertex -73.1206 -19.5926 3
      vertex -49.9017 -9.56051 3
      vertex -50.5036 -8.82704 3
    endloop
  endfacet
  facet normal 0 0 1
    outer loop
      vertex -73.1206 -19.5926 3
      vertex -50.5036 -8.82704 3
      vertex -51.0563 -8.05577 3
    endloop
  endfacet
  facet normal 0 0 1
    outer loop
      vertex -74.2454 -14.7683 3
      vertex -51.0563 -8.05577 3
      vertex -51.5574 -7.25 3
    endloop
  endfacet
  facet normal 0 0 1
    outer loop
      vertex -74.2454 -14.7683 3
      vertex -51.5574 -7.25 3
      vertex -52.0047 -6.41319 3
    endloop
  endfacet
  facet normal 0 0 1
    outer loop
      vertex -74.2454 -14.7683 3
      vertex -52.0047 -6.41319 3
      vertex -52.3963 -5.54891 3
    endloop
  endfacet
  facet normal 0 0 1
    outer loop
      vertex -75.0524 -9.88083 3
      vertex -52.3963 -5.54891 3
      vertex -52.7305 -4.66087 3
    endloop
  endfacet
  facet normal 0 0 1
    outer loop
      vertex -75.0524 -9.88083 3
      vertex -52.7305 -4.66087 3
      vertex -53.0059 -3.75288 3
    endloop
  endfacet
  facet normal 0 0 1
    outer loop
      vertex -75.5379 -4.95102 3
      vertex -53.0059 -3.75288 3
      vertex -53.2214 -2.82881 3
    endloop
  endfacet
  facet normal 0 0 1
    outer loop
      vertex -75.5379 -4.95102 3
      vertex -53.2214 -2.82881 3
      vertex -53.3759 -1.89263 3
    endloop
  endfacet
  facet normal 0 0 1
    outer loop
      vertex -75.5379 -4.95102 3
      vertex -53.3759 -1.89263 3
      vertex -53.469 -0.948345 3
    endloop
  endfacet
  facet normal 0 0 1
    outer loop
      vertex -27.9231 -42.3496 3
      vertex -53.528 -53.528 3
      vertex -49.9125 -56.9143 3
    endloop
  endfacet
  facet normal -0 0 1
    outer loop
      vertex -75.7 0 3
      vertex -53.469 -0.948345 3
      vertex -53.5 0 3
    endloop
  endfacet
  facet normal 0 0 1
    outer loop
      vertex -51.0563 8.05577 3
      vertex -74.2454 14.7683 3
      vertex -51.5574 7.25 3
    endloop
  endfacet
  facet normal 0 0 1
    outer loop
      vertex -51.5574 7.25 3
      vertex -74.2454 14.7683 3
      vertex -52.0047 6.41319 3
    endloop
  endfacet
  facet normal 0 0 1
    outer loop
      vertex -28 -41.5692 3
      vertex -56.9143 -49.9125 3
      vertex -53.528 -53.528 3
    endloop
  endfacet
  facet normal 0 0 1
    outer loop
      vertex -52.0047 6.41319 3
      vertex -74.2454 14.7683 3
      vertex -52.3963 5.54891 3
    endloop
  endfacet
  facet normal 0 0 1
    outer loop
      vertex -27.9914 -41.3076 3
      vertex -56.9143 -49.9125 3
      vertex -28 -41.5692 3
    endloop
  endfacet
  facet normal -0 0 1
    outer loop
      vertex -75.0524 9.88083 3
      vertex -52.3963 5.54891 3
      vertex -74.2454 14.7683 3
    endloop
  endfacet
  facet normal 0 0 1
    outer loop
      vertex -41.8288 -14.2214 3
      vertex -62.9422 -42.0567 3
      vertex -60.0568 -46.0832 3
    endloop
  endfacet
  facet normal 0 0 1
    outer loop
      vertex -52.3963 5.54891 3
      vertex -75.0524 9.88083 3
      vertex -52.7305 4.66087 3
    endloop
  endfacet
  facet normal 0 0 1
    outer loop
      vertex -43.6609 -13.7305 3
      vertex -65.5581 -37.85 3
      vertex -62.9422 -42.0567 3
    endloop
  endfacet
  facet normal 0 0 1
    outer loop
      vertex -52.7305 4.66087 3
      vertex -75.0524 9.88083 3
      vertex -53.0059 3.75288 3
    endloop
  endfacet
  facet normal 0 0 1
    outer loop
      vertex -45.4132 -13.0047 3
      vertex -67.8933 -33.4813 3
      vertex -65.5581 -37.85 3
    endloop
  endfacet
  facet normal -0 0 1
    outer loop
      vertex -75.5379 4.95102 3
      vertex -53.0059 3.75288 3
      vertex -75.0524 9.88083 3
    endloop
  endfacet
  facet normal 0 0 1
    outer loop
      vertex -47.0558 -12.0563 3
      vertex -69.9377 -28.9691 3
      vertex -67.8933 -33.4813 3
    endloop
  endfacet
  facet normal 0 0 1
    outer loop
      vertex -53.0059 3.75288 3
      vertex -75.5379 4.95102 3
      vertex -53.2214 2.82881 3
    endloop
  endfacet
  facet normal 0 0 1
    outer loop
      vertex -48.5605 -10.9017 3
      vertex -71.6826 -24.333 3
      vertex -69.9377 -28.9691 3
    endloop
  endfacet
  facet normal 0 0 1
    outer loop
      vertex -53.2214 2.82881 3
      vertex -75.5379 4.95102 3
      vertex -53.3759 1.89263 3
    endloop
  endfacet
  facet normal 0 0 1
    outer loop
      vertex -49.9017 -9.56051 3
      vertex -73.1206 -19.5926 3
      vertex -71.6826 -24.333 3
    endloop
  endfacet
  facet normal 0 0 1
    outer loop
      vertex -53.3759 1.89263 3
      vertex -75.5379 4.95102 3
      vertex -53.469 0.948345 3
    endloop
  endfacet
  facet normal 0 0 1
    outer loop
      vertex -51.0563 -8.05577 3
      vertex -74.2454 -14.7683 3
      vertex -73.1206 -19.5926 3
    endloop
  endfacet
  facet normal 0 0 1
    outer loop
      vertex -75.7 0 3
      vertex -53.469 0.948345 3
      vertex -75.5379 4.95102 3
    endloop
  endfacet
  facet normal 0 0 1
    outer loop
      vertex -52.3963 -5.54891 3
      vertex -75.0524 -9.88083 3
      vertex -74.2454 -14.7683 3
    endloop
  endfacet
  facet normal 0 0 1
    outer loop
      vertex -53.469 0.948345 3
      vertex -75.7 0 3
      vertex -53.5 0 3
    endloop
  endfacet
  facet normal 0 0 1
    outer loop
      vertex -53.0059 -3.75288 3
      vertex -75.5379 -4.95102 3
      vertex -75.0524 -9.88083 3
    endloop
  endfacet
  facet normal 0 0 1
    outer loop
      vertex -53.469 -0.948345 3
      vertex -75.7 0 3
      vertex -75.5379 -4.95102 3
    endloop
  endfacet
  facet normal 0 0 1
    outer loop
      vertex -21.7777 -38.2433 3
      vertex -27.4964 -8.82704 3
      vertex -22 -38.1051 3
    endloop
  endfacet
  facet normal 0 0 1
    outer loop
      vertex -22 -38.1051 3
      vertex -27.4964 -8.82704 3
      vertex -22.2308 -37.9817 3
    endloop
  endfacet
  facet normal -0 0 1
    outer loop
      vertex -28.0983 -9.56051 3
      vertex -22.2308 -37.9817 3
      vertex -27.4964 -8.82704 3
    endloop
  endfacet
  facet normal 0 0 1
    outer loop
      vertex -22.2308 -37.9817 3
      vertex -28.0983 -9.56051 3
      vertex -22.4693 -37.8737 3
    endloop
  endfacet
  facet normal -0 0 1
    outer loop
      vertex -28.747 -10.253 3
      vertex -22.4693 -37.8737 3
      vertex -28.0983 -9.56051 3
    endloop
  endfacet
  facet normal 0 0 1
    outer loop
      vertex -22.4693 -37.8737 3
      vertex -28.747 -10.253 3
      vertex -22.7142 -37.7815 3
    endloop
  endfacet
  facet normal 0 0 1
    outer loop
      vertex -22.7142 -37.7815 3
      vertex -28.747 -10.253 3
      vertex -22.9647 -37.7055 3
    endloop
  endfacet
  facet normal -0 0 1
    outer loop
      vertex -29.4395 -10.9017 3
      vertex -22.9647 -37.7055 3
      vertex -28.747 -10.253 3
    endloop
  endfacet
  facet normal 0 0 1
    outer loop
      vertex -22.9647 -37.7055 3
      vertex -29.4395 -10.9017 3
      vertex -23.2196 -37.6461 3
    endloop
  endfacet
  facet normal -0 0 1
    outer loop
      vertex -30.173 -11.5036 3
      vertex -23.2196 -37.6461 3
      vertex -29.4395 -10.9017 3
    endloop
  endfacet
  facet normal 0 0 1
    outer loop
      vertex -23.2196 -37.6461 3
      vertex -30.173 -11.5036 3
      vertex -23.4779 -37.6034 3
    endloop
  endfacet
  facet normal 0 0 1
    outer loop
      vertex -23.4779 -37.6034 3
      vertex -30.173 -11.5036 3
      vertex -23.7384 -37.5778 3
    endloop
  endfacet
  facet normal -0 0 1
    outer loop
      vertex -30.9442 -12.0563 3
      vertex -23.7384 -37.5778 3
      vertex -30.173 -11.5036 3
    endloop
  endfacet
  facet normal 0 0 1
    outer loop
      vertex -23.7384 -37.5778 3
      vertex -30.9442 -12.0563 3
      vertex -24 -37.5692 3
    endloop
  endfacet
  facet normal -0 0 1
    outer loop
      vertex -31.75 -12.5574 3
      vertex -24 -37.5692 3
      vertex -30.9442 -12.0563 3
    endloop
  endfacet
  facet normal 0 0 1
    outer loop
      vertex -24 -37.5692 3
      vertex -31.75 -12.5574 3
      vertex -24.2616 -37.5778 3
    endloop
  endfacet
  facet normal 0 0 1
    outer loop
      vertex -24.2616 -37.5778 3
      vertex -31.75 -12.5574 3
      vertex -24.5221 -37.6034 3
    endloop
  endfacet
  facet normal -0 0 1
    outer loop
      vertex -32.5868 -13.0047 3
      vertex -24.5221 -37.6034 3
      vertex -31.75 -12.5574 3
    endloop
  endfacet
  facet normal 0 0 1
    outer loop
      vertex -24.5221 -37.6034 3
      vertex -32.5868 -13.0047 3
      vertex -24.7804 -37.6461 3
    endloop
  endfacet
  facet normal -0 0 1
    outer loop
      vertex -33.4511 -13.3963 3
      vertex -24.7804 -37.6461 3
      vertex -32.5868 -13.0047 3
    endloop
  endfacet
  facet normal 0 0 1
    outer loop
      vertex -24.7804 -37.6461 3
      vertex -33.4511 -13.3963 3
      vertex -25.0353 -37.7055 3
    endloop
  endfacet
  facet normal 0 0 1
    outer loop
      vertex -25.0353 -37.7055 3
      vertex -33.4511 -13.3963 3
      vertex -25.2858 -37.7815 3
    endloop
  endfacet
  facet normal -0 0 1
    outer loop
      vertex -34.3391 -13.7305 3
      vertex -25.2858 -37.7815 3
      vertex -33.4511 -13.3963 3
    endloop
  endfacet
  facet normal 0 0 1
    outer loop
      vertex -25.2858 -37.7815 3
      vertex -34.3391 -13.7305 3
      vertex -25.5307 -37.8737 3
    endloop
  endfacet
  facet normal 0 0 1
    outer loop
      vertex -25.5307 -37.8737 3
      vertex -34.3391 -13.7305 3
      vertex -25.7692 -37.9817 3
    endloop
  endfacet
  facet normal -0 0 1
    outer loop
      vertex -35.2471 -14.0059 3
      vertex -25.7692 -37.9817 3
      vertex -34.3391 -13.7305 3
    endloop
  endfacet
  facet normal 0 0 1
    outer loop
      vertex -25.7692 -37.9817 3
      vertex -35.2471 -14.0059 3
      vertex -26 -38.1051 3
    endloop
  endfacet
  facet normal -0 0 1
    outer loop
      vertex -36.1712 -14.2214 3
      vertex -26 -38.1051 3
      vertex -35.2471 -14.0059 3
    endloop
  endfacet
  facet normal 0 0 1
    outer loop
      vertex -26 -38.1051 3
      vertex -36.1712 -14.2214 3
      vertex -26.2223 -38.2433 3
    endloop
  endfacet
  facet normal 0 0 1
    outer loop
      vertex -26.2223 -38.2433 3
      vertex -36.1712 -14.2214 3
      vertex -26.435 -38.3958 3
    endloop
  endfacet
  facet normal -0 0 1
    outer loop
      vertex -37.1074 -14.3759 3
      vertex -26.435 -38.3958 3
      vertex -36.1712 -14.2214 3
    endloop
  endfacet
  facet normal 0 0 1
    outer loop
      vertex -26.435 -38.3958 3
      vertex -37.1074 -14.3759 3
      vertex -26.6374 -38.5619 3
    endloop
  endfacet
  facet normal 0 0 1
    outer loop
      vertex -26.6374 -38.5619 3
      vertex -37.1074 -14.3759 3
      vertex -26.8284 -38.7408 3
    endloop
  endfacet
  facet normal -0 0 1
    outer loop
      vertex -38.0517 -14.469 3
      vertex -26.8284 -38.7408 3
      vertex -37.1074 -14.3759 3
    endloop
  endfacet
  facet normal 0 0 1
    outer loop
      vertex 25.2695 4.66087 3
      vertex 6 19.6077 3
      vertex 24.9941 3.75288 3
    endloop
  endfacet
  facet normal -0 0 1
    outer loop
      vertex 5.30746 19.2375 3
      vertex 24.9941 3.75288 3
      vertex 6 19.6077 3
    endloop
  endfacet
  facet normal 0 0 1
    outer loop
      vertex 24.9941 3.75288 3
      vertex 5.30746 19.2375 3
      vertex 24.7786 2.82881 3
    endloop
  endfacet
  facet normal -0 0 1
    outer loop
      vertex 4.5922 18.9134 3
      vertex 24.7786 2.82881 3
      vertex 5.30746 19.2375 3
    endloop
  endfacet
  facet normal 0 0 1
    outer loop
      vertex 24.7786 2.82881 3
      vertex 4.5922 18.9134 3
      vertex 24.6241 1.89263 3
    endloop
  endfacet
  facet normal -0 0 1
    outer loop
      vertex 3.85727 18.6368 3
      vertex 24.6241 1.89263 3
      vertex 4.5922 18.9134 3
    endloop
  endfacet
  facet normal 0 0 1
    outer loop
      vertex 24.6241 1.89263 3
      vertex 3.85727 18.6368 3
      vertex 24.531 0.948345 3
    endloop
  endfacet
  facet normal -0 0 1
    outer loop
      vertex 3.10583 18.4089 3
      vertex 24.531 0.948345 3
      vertex 3.85727 18.6368 3
    endloop
  endfacet
  facet normal 0 0 1
    outer loop
      vertex 24.531 0.948345 3
      vertex 3.10583 18.4089 3
      vertex 24.5 0 3
    endloop
  endfacet
  facet normal -0 0 1
    outer loop
      vertex 2.34108 18.2306 3
      vertex 24.5 0 3
      vertex 3.10583 18.4089 3
    endloop
  endfacet
  facet normal 0 0 1
    outer loop
      vertex 24.5 0 3
      vertex 2.34108 18.2306 3
      vertex 24.531 -0.948345 3
    endloop
  endfacet
  facet normal -0 0 1
    outer loop
      vertex 1.56631 18.1027 3
      vertex 24.531 -0.948345 3
      vertex 2.34108 18.2306 3
    endloop
  endfacet
  facet normal -0 0 1
    outer loop
      vertex 0.784837 18.0257 3
      vertex 24.531 -0.948345 3
      vertex 1.56631 18.1027 3
    endloop
  endfacet
  facet normal 0 0 1
    outer loop
      vertex 24.531 -0.948345 3
      vertex 0.784837 18.0257 3
      vertex 24.6241 -1.89263 3
    endloop
  endfacet
  facet normal -0 0 1
    outer loop
      vertex 0 18 3
      vertex 24.6241 -1.89263 3
      vertex 0.784837 18.0257 3
    endloop
  endfacet
  facet normal 0 0 1
    outer loop
      vertex 24.6241 -1.89263 3
      vertex 0 18 3
      vertex 24.7786 -2.82881 3
    endloop
  endfacet
  facet normal 0 0 1
    outer loop
      vertex -0.784837 18.0257 3
      vertex 24.7786 -2.82881 3
      vertex 0 18 3
    endloop
  endfacet
  facet normal 0 0 1
    outer loop
      vertex -1.56631 18.1027 3
      vertex 24.7786 -2.82881 3
      vertex -0.784837 18.0257 3
    endloop
  endfacet
  facet normal 0 0 1
    outer loop
      vertex -20 -41.5692 3
      vertex -1.56631 18.1027 3
      vertex -2.34108 18.2306 3
    endloop
  endfacet
  facet normal 0 0 1
    outer loop
      vertex -1.56631 18.1027 3
      vertex -20 -41.5692 3
      vertex 24.7786 -2.82881 3
    endloop
  endfacet
  facet normal 0 0 1
    outer loop
      vertex -20 -41.5692 3
      vertex -2.34108 18.2306 3
      vertex -3.10583 18.4089 3
    endloop
  endfacet
  facet normal 0 0 1
    outer loop
      vertex -20 -41.5692 3
      vertex -3.10583 18.4089 3
      vertex -3.85727 18.6368 3
    endloop
  endfacet
  facet normal 0 0 1
    outer loop
      vertex 20.5359 -39.5692 3
      vertex -20 -41.5692 3
      vertex 20.4125 -39.8001 3
    endloop
  endfacet
  facet normal 0 0 1
    outer loop
      vertex 20.0086 -41.3076 3
      vertex 9.88083 -75.0524 3
      vertex 14.7683 -74.2454 3
    endloop
  endfacet
  facet normal 0 0 1
    outer loop
      vertex 20.0086 -41.3076 3
      vertex 4.95102 -75.5379 3
      vertex 9.88083 -75.0524 3
    endloop
  endfacet
  facet normal 0 0 1
    outer loop
      vertex -20 -41.5692 3
      vertex -3.85727 18.6368 3
      vertex -4.5922 18.9134 3
    endloop
  endfacet
  facet normal 0 0 1
    outer loop
      vertex 20.0086 -41.3076 3
      vertex 0 -75.7 3
      vertex 4.95102 -75.5379 3
    endloop
  endfacet
  facet normal 0 0 1
    outer loop
      vertex 20.4125 -39.8001 3
      vertex -20 -41.5692 3
      vertex 20.3045 -40.0385 3
    endloop
  endfacet
  facet normal 0 0 1
    outer loop
      vertex -20 -41.5692 3
      vertex -4.5922 18.9134 3
      vertex -5.30746 19.2375 3
    endloop
  endfacet
  facet normal 0 0 1
    outer loop
      vertex 20.3045 -40.0385 3
      vertex -20 -41.5692 3
      vertex 20.2123 -40.2835 3
    endloop
  endfacet
  facet normal 0 0 1
    outer loop
      vertex -20 -41.5692 3
      vertex 20.1363 -40.5339 3
      vertex 20.2123 -40.2835 3
    endloop
  endfacet
  facet normal 0 0 1
    outer loop
      vertex -20 -41.5692 3
      vertex 20.0769 -40.7889 3
      vertex 20.1363 -40.5339 3
    endloop
  endfacet
  facet normal 0 0 1
    outer loop
      vertex -20 -41.5692 3
      vertex 20.0342 -41.0471 3
      vertex 20.0769 -40.7889 3
    endloop
  endfacet
  facet normal 0 0 1
    outer loop
      vertex -20.0086 -41.8308 3
      vertex 20.0086 -41.3076 3
      vertex -20 -41.5692 3
    endloop
  endfacet
  facet normal 0 0 1
    outer loop
      vertex -20 -41.5692 3
      vertex 20.0086 -41.3076 3
      vertex 20.0342 -41.0471 3
    endloop
  endfacet
  facet normal 0 0 1
    outer loop
      vertex -20 -41.5692 3
      vertex -5.30746 19.2375 3
      vertex -6 19.6077 3
    endloop
  endfacet
  facet normal 0 0 1
    outer loop
      vertex -20 -41.5692 3
      vertex -6 19.6077 3
      vertex -6.66684 20.0224 3
    endloop
  endfacet
  facet normal 0 0 1
    outer loop
      vertex -20 -41.5692 3
      vertex -6.66684 20.0224 3
      vertex -7.30514 20.4798 3
    endloop
  endfacet
  facet normal 0 0 1
    outer loop
      vertex -20 -41.5692 3
      vertex -7.30514 20.4798 3
      vertex -7.91215 20.9779 3
    endloop
  endfacet
  facet normal 0 0 1
    outer loop
      vertex -20 -41.5692 3
      vertex -7.91215 20.9779 3
      vertex -8.48528 21.5147 3
    endloop
  endfacet
  facet normal 0 0 1
    outer loop
      vertex -20 -41.5692 3
      vertex -8.48528 21.5147 3
      vertex -9.02208 22.0878 3
    endloop
  endfacet
  facet normal 0 0 1
    outer loop
      vertex -20 -41.5692 3
      vertex -9.02208 22.0878 3
      vertex -9.52024 22.6949 3
    endloop
  endfacet
  facet normal 0 0 1
    outer loop
      vertex -20.0342 -42.0913 3
      vertex 20.0086 -41.3076 3
      vertex -20.0086 -41.8308 3
    endloop
  endfacet
  facet normal 0 0 1
    outer loop
      vertex -20 -41.5692 3
      vertex -9.52024 22.6949 3
      vertex -9.97763 23.3332 3
    endloop
  endfacet
  facet normal 0 0 1
    outer loop
      vertex -20 -41.5692 3
      vertex -9.97763 23.3332 3
      vertex -10.3923 24 3
    endloop
  endfacet
  facet normal 0 0 1
    outer loop
      vertex -20 -41.5692 3
      vertex -10.3923 24 3
      vertex -10.7625 24.6925 3
    endloop
  endfacet
  facet normal 0 0 1
    outer loop
      vertex -20 -41.5692 3
      vertex -10.7625 24.6925 3
      vertex -11.0866 25.4078 3
    endloop
  endfacet
  facet normal -0 0 1
    outer loop
      vertex -20.9926 38.9318 3
      vertex -11.3632 33.8573 3
      vertex -20.8266 39.1342 3
    endloop
  endfacet
  facet normal -0 0 1
    outer loop
      vertex -20.8266 39.1342 3
      vertex -11.3632 33.8573 3
      vertex -20.6741 39.3469 3
    endloop
  endfacet
  facet normal 0 0 1
    outer loop
      vertex -11.0866 34.5922 3
      vertex -20.6741 39.3469 3
      vertex -11.3632 33.8573 3
    endloop
  endfacet
  facet normal -0 0 1
    outer loop
      vertex -20.6741 39.3469 3
      vertex -11.0866 34.5922 3
      vertex -20.5359 39.5692 3
    endloop
  endfacet
  facet normal -0 0 1
    outer loop
      vertex -20.5359 39.5692 3
      vertex -11.0866 34.5922 3
      vertex -20.4125 39.8001 3
    endloop
  endfacet
  facet normal 0 0 1
    outer loop
      vertex -10.7625 35.3075 3
      vertex -20.4125 39.8001 3
      vertex -11.0866 34.5922 3
    endloop
  endfacet
  facet normal -0 0 1
    outer loop
      vertex -20.1363 40.5339 3
      vertex -9.97763 36.6668 3
      vertex -20.0769 40.7889 3
    endloop
  endfacet
  facet normal 0 0 1
    outer loop
      vertex -11.3632 33.8573 3
      vertex -20.9926 38.9318 3
      vertex -11.5911 33.1058 3
    endloop
  endfacet
  facet normal 0 0 1
    outer loop
      vertex -21.7777 44.8951 3
      vertex -14.7683 74.2454 3
      vertex -19.5926 73.1206 3
    endloop
  endfacet
  facet normal 0 0 1
    outer loop
      vertex -20.0769 -42.3496 3
      vertex 20.0086 -41.3076 3
      vertex -20.0342 -42.0913 3
    endloop
  endfacet
  facet normal 0 0 1
    outer loop
      vertex -20.1363 -42.6045 3
      vertex 20.0086 -41.3076 3
      vertex -20.0769 -42.3496 3
    endloop
  endfacet
  facet normal -0 0 1
    outer loop
      vertex -20.4125 39.8001 3
      vertex -10.7625 35.3075 3
      vertex -20.3045 40.0385 3
    endloop
  endfacet
  facet normal 0 0 1
    outer loop
      vertex -10.3923 36 3
      vertex -20.3045 40.0385 3
      vertex -10.7625 35.3075 3
    endloop
  endfacet
  facet normal -0 0 1
    outer loop
      vertex -20.3045 40.0385 3
      vertex -10.3923 36 3
      vertex -20.2123 40.2835 3
    endloop
  endfacet
  facet normal -0 0 1
    outer loop
      vertex -20.2123 40.2835 3
      vertex -10.3923 36 3
      vertex -20.1363 40.5339 3
    endloop
  endfacet
  facet normal 0 0 1
    outer loop
      vertex -9.97763 36.6668 3
      vertex -20.1363 40.5339 3
      vertex -10.3923 36 3
    endloop
  endfacet
  facet normal 0 0 1
    outer loop
      vertex -14.7683 74.2454 3
      vertex -20.3045 43.1 3
      vertex -20.2123 42.855 3
    endloop
  endfacet
  facet normal 0 0 1
    outer loop
      vertex -14.7683 74.2454 3
      vertex -20.4125 43.3384 3
      vertex -20.3045 43.1 3
    endloop
  endfacet
  facet normal 0 0 1
    outer loop
      vertex -14.7683 74.2454 3
      vertex -20.5359 43.5692 3
      vertex -20.4125 43.3384 3
    endloop
  endfacet
  facet normal 0 0 1
    outer loop
      vertex -14.7683 74.2454 3
      vertex -20.6741 43.7915 3
      vertex -20.5359 43.5692 3
    endloop
  endfacet
  facet normal 0 0 1
    outer loop
      vertex -14.7683 74.2454 3
      vertex -20.8266 44.0043 3
      vertex -20.6741 43.7915 3
    endloop
  endfacet
  facet normal 0 0 1
    outer loop
      vertex -14.7683 74.2454 3
      vertex -20.9926 44.2066 3
      vertex -20.8266 44.0043 3
    endloop
  endfacet
  facet normal 0 0 1
    outer loop
      vertex -14.7683 74.2454 3
      vertex -21.1716 44.3976 3
      vertex -20.9926 44.2066 3
    endloop
  endfacet
  facet normal 0 0 1
    outer loop
      vertex -14.7683 74.2454 3
      vertex -21.3626 44.5766 3
      vertex -21.1716 44.3976 3
    endloop
  endfacet
  facet normal 0 0 1
    outer loop
      vertex -14.7683 74.2454 3
      vertex -21.565 44.7426 3
      vertex -21.3626 44.5766 3
    endloop
  endfacet
  facet normal 0 0 1
    outer loop
      vertex -14.7683 74.2454 3
      vertex -21.7777 44.8951 3
      vertex -21.565 44.7426 3
    endloop
  endfacet
  facet normal 0 0 1
    outer loop
      vertex -19.5926 73.1206 3
      vertex -22 45.0333 3
      vertex -21.7777 44.8951 3
    endloop
  endfacet
  facet normal 0 0 1
    outer loop
      vertex -19.5926 73.1206 3
      vertex -22.2308 45.1567 3
      vertex -22 45.0333 3
    endloop
  endfacet
  facet normal 0 0 1
    outer loop
      vertex -19.5926 73.1206 3
      vertex -22.4693 45.2647 3
      vertex -22.2308 45.1567 3
    endloop
  endfacet
  facet normal 0 0 1
    outer loop
      vertex -19.5926 73.1206 3
      vertex -22.7142 45.3569 3
      vertex -22.4693 45.2647 3
    endloop
  endfacet
  facet normal -0 0 1
    outer loop
      vertex -24.333 71.6826 3
      vertex -22.7142 45.3569 3
      vertex -19.5926 73.1206 3
    endloop
  endfacet
  facet normal 0 0 1
    outer loop
      vertex -22.7142 45.3569 3
      vertex -24.333 71.6826 3
      vertex -22.9647 45.4329 3
    endloop
  endfacet
  facet normal 0 0 1
    outer loop
      vertex -22.9647 45.4329 3
      vertex -24.333 71.6826 3
      vertex -23.2196 45.4924 3
    endloop
  endfacet
  facet normal 0 0 1
    outer loop
      vertex -23.2196 45.4924 3
      vertex -24.333 71.6826 3
      vertex -23.4779 45.535 3
    endloop
  endfacet
  facet normal -0 0 1
    outer loop
      vertex -28.9691 69.9377 3
      vertex -23.4779 45.535 3
      vertex -24.333 71.6826 3
    endloop
  endfacet
  facet normal 0 0 1
    outer loop
      vertex -23.4779 45.535 3
      vertex -28.9691 69.9377 3
      vertex -23.7384 45.5607 3
    endloop
  endfacet
  facet normal 0 0 1
    outer loop
      vertex -23.7384 45.5607 3
      vertex -28.9691 69.9377 3
      vertex -24 45.5692 3
    endloop
  endfacet
  facet normal 0 0 1
    outer loop
      vertex -24 45.5692 3
      vertex -28.9691 69.9377 3
      vertex -24.2616 45.5607 3
    endloop
  endfacet
  facet normal 0 0 1
    outer loop
      vertex -24.2616 45.5607 3
      vertex -28.9691 69.9377 3
      vertex -24.5221 45.535 3
    endloop
  endfacet
  facet normal -0 0 1
    outer loop
      vertex -33.4813 67.8933 3
      vertex -24.5221 45.535 3
      vertex -28.9691 69.9377 3
    endloop
  endfacet
  facet normal 0 0 1
    outer loop
      vertex -24.5221 45.535 3
      vertex -33.4813 67.8933 3
      vertex -24.7804 45.4924 3
    endloop
  endfacet
  facet normal 0 0 1
    outer loop
      vertex -24.7804 45.4924 3
      vertex -33.4813 67.8933 3
      vertex -25.0353 45.4329 3
    endloop
  endfacet
  facet normal 0 0 1
    outer loop
      vertex -25.0353 45.4329 3
      vertex -33.4813 67.8933 3
      vertex -25.2858 45.3569 3
    endloop
  endfacet
  facet normal 0 0 1
    outer loop
      vertex -25.2858 45.3569 3
      vertex -33.4813 67.8933 3
      vertex -25.5307 45.2647 3
    endloop
  endfacet
  facet normal -0 0 1
    outer loop
      vertex -37.85 65.5581 3
      vertex -25.5307 45.2647 3
      vertex -33.4813 67.8933 3
    endloop
  endfacet
  facet normal 0 0 1
    outer loop
      vertex -25.5307 45.2647 3
      vertex -37.85 65.5581 3
      vertex -25.7692 45.1567 3
    endloop
  endfacet
  facet normal 0 0 1
    outer loop
      vertex -25.7692 45.1567 3
      vertex -37.85 65.5581 3
      vertex -26 45.0333 3
    endloop
  endfacet
  facet normal 0 0 1
    outer loop
      vertex -26 45.0333 3
      vertex -37.85 65.5581 3
      vertex -26.2223 44.8951 3
    endloop
  endfacet
  facet normal 0 0 1
    outer loop
      vertex -26.2223 44.8951 3
      vertex -37.85 65.5581 3
      vertex -26.435 44.7426 3
    endloop
  endfacet
  facet normal -0 0 1
    outer loop
      vertex -42.0567 62.9422 3
      vertex -26.435 44.7426 3
      vertex -37.85 65.5581 3
    endloop
  endfacet
  facet normal 0 0 1
    outer loop
      vertex -26.435 44.7426 3
      vertex -42.0567 62.9422 3
      vertex -26.6374 44.5766 3
    endloop
  endfacet
  facet normal 0 0 1
    outer loop
      vertex -26.6374 44.5766 3
      vertex -42.0567 62.9422 3
      vertex -26.8284 44.3976 3
    endloop
  endfacet
  facet normal 0 0 1
    outer loop
      vertex -26.8284 44.3976 3
      vertex -42.0567 62.9422 3
      vertex -27.0074 44.2066 3
    endloop
  endfacet
  facet normal 0 0 1
    outer loop
      vertex -27.0074 44.2066 3
      vertex -42.0567 62.9422 3
      vertex -27.1734 44.0043 3
    endloop
  endfacet
  facet normal -0 0 1
    outer loop
      vertex -46.0832 60.0568 3
      vertex -27.1734 44.0043 3
      vertex -42.0567 62.9422 3
    endloop
  endfacet
  facet normal 0 0 1
    outer loop
      vertex -27.1734 44.0043 3
      vertex -46.0832 60.0568 3
      vertex -27.3259 43.7915 3
    endloop
  endfacet
  facet normal 0 0 1
    outer loop
      vertex -27.3259 43.7915 3
      vertex -46.0832 60.0568 3
      vertex -27.4641 43.5692 3
    endloop
  endfacet
  facet normal 0 0 1
    outer loop
      vertex -27.4641 43.5692 3
      vertex -46.0832 60.0568 3
      vertex -27.5875 43.3384 3
    endloop
  endfacet
  facet normal 0 0 1
    outer loop
      vertex -11.0866 25.4078 3
      vertex -28.747 10.253 3
      vertex -28.0983 9.56051 3
    endloop
  endfacet
  facet normal 0 0 1
    outer loop
      vertex -27.5875 43.3384 3
      vertex -46.0832 60.0568 3
      vertex -27.6955 43.1 3
    endloop
  endfacet
  facet normal -0 0 1
    outer loop
      vertex -49.9125 56.9143 3
      vertex -27.6955 43.1 3
      vertex -46.0832 60.0568 3
    endloop
  endfacet
  facet normal 0 0 1
    outer loop
      vertex -27.6955 43.1 3
      vertex -49.9125 56.9143 3
      vertex -27.7877 42.855 3
    endloop
  endfacet
  facet normal 0 0 1
    outer loop
      vertex -27.7877 42.855 3
      vertex -49.9125 56.9143 3
      vertex -27.8637 42.6045 3
    endloop
  endfacet
  facet normal 0 0 1
    outer loop
      vertex -11.0866 25.4078 3
      vertex -29.4395 10.9017 3
      vertex -28.747 10.253 3
    endloop
  endfacet
  facet normal 0 0 1
    outer loop
      vertex -11.0866 25.4078 3
      vertex -30.173 11.5036 3
      vertex -29.4395 10.9017 3
    endloop
  endfacet
  facet normal 0 0 1
    outer loop
      vertex -11.3632 26.1427 3
      vertex -30.173 11.5036 3
      vertex -11.0866 25.4078 3
    endloop
  endfacet
  facet normal 0 -0 1
    outer loop
      vertex -30.173 11.5036 3
      vertex -11.3632 26.1427 3
      vertex -30.9442 12.0563 3
    endloop
  endfacet
  facet normal 0 0 1
    outer loop
      vertex -24.5221 37.6034 3
      vertex -32.5868 13.0047 3
      vertex -31.75 12.5574 3
    endloop
  endfacet
  facet normal 0 0 1
    outer loop
      vertex -27.8637 42.6045 3
      vertex -49.9125 56.9143 3
      vertex -27.9231 42.3496 3
    endloop
  endfacet
  facet normal 0 0 1
    outer loop
      vertex -24.7804 37.6461 3
      vertex -33.4511 13.3963 3
      vertex -32.5868 13.0047 3
    endloop
  endfacet
  facet normal -0 0 1
    outer loop
      vertex -53.528 53.528 3
      vertex -27.9231 42.3496 3
      vertex -49.9125 56.9143 3
    endloop
  endfacet
  facet normal 0 0 1
    outer loop
      vertex -25.2858 37.7815 3
      vertex -34.3391 13.7305 3
      vertex -33.4511 13.3963 3
    endloop
  endfacet
  facet normal 0 0 1
    outer loop
      vertex -27.9231 42.3496 3
      vertex -53.528 53.528 3
      vertex -27.9658 42.0913 3
    endloop
  endfacet
  facet normal 0 0 1
    outer loop
      vertex -25.7692 37.9817 3
      vertex -35.2471 14.0059 3
      vertex -34.3391 13.7305 3
    endloop
  endfacet
  facet normal 0 0 1
    outer loop
      vertex -27.9658 42.0913 3
      vertex -53.528 53.528 3
      vertex -27.9914 41.8308 3
    endloop
  endfacet
  facet normal 0 0 1
    outer loop
      vertex -26 38.1051 3
      vertex -36.1712 14.2214 3
      vertex -35.2471 14.0059 3
    endloop
  endfacet
  facet normal 0 0 1
    outer loop
      vertex -27.9914 41.8308 3
      vertex -53.528 53.528 3
      vertex -28 41.5692 3
    endloop
  endfacet
  facet normal 0 0 1
    outer loop
      vertex -26.435 38.3958 3
      vertex -37.1074 14.3759 3
      vertex -36.1712 14.2214 3
    endloop
  endfacet
  facet normal 0 0 1
    outer loop
      vertex -26.8284 38.7408 3
      vertex -38.0517 14.469 3
      vertex -37.1074 14.3759 3
    endloop
  endfacet
  facet normal -0 0 1
    outer loop
      vertex -56.9143 49.9125 3
      vertex -28 41.5692 3
      vertex -53.528 53.528 3
    endloop
  endfacet
  facet normal 0 0 1
    outer loop
      vertex -27.0074 38.9318 3
      vertex -39 14.5 3
      vertex -38.0517 14.469 3
    endloop
  endfacet
  facet normal 0 0 1
    outer loop
      vertex -27.3259 39.3469 3
      vertex -39.9483 14.469 3
      vertex -39 14.5 3
    endloop
  endfacet
  facet normal 0 0 1
    outer loop
      vertex -27.4641 39.5692 3
      vertex -40.8926 14.3759 3
      vertex -39.9483 14.469 3
    endloop
  endfacet
  facet normal 0 0 1
    outer loop
      vertex -27.6955 40.0385 3
      vertex -41.8288 14.2214 3
      vertex -40.8926 14.3759 3
    endloop
  endfacet
  facet normal 0 0 1
    outer loop
      vertex -27.9231 40.7889 3
      vertex -56.9143 49.9125 3
      vertex -60.0568 46.0832 3
    endloop
  endfacet
  facet normal 0 0 1
    outer loop
      vertex -27.6955 40.0385 3
      vertex -60.0568 46.0832 3
      vertex -41.8288 14.2214 3
    endloop
  endfacet
  facet normal -0 0 1
    outer loop
      vertex -62.9422 42.0567 3
      vertex -41.8288 14.2214 3
      vertex -60.0568 46.0832 3
    endloop
  endfacet
  facet normal 0 0 1
    outer loop
      vertex -41.8288 14.2214 3
      vertex -62.9422 42.0567 3
      vertex -42.7529 14.0059 3
    endloop
  endfacet
  facet normal 0 0 1
    outer loop
      vertex -42.7529 14.0059 3
      vertex -62.9422 42.0567 3
      vertex -43.6609 13.7305 3
    endloop
  endfacet
  facet normal -0 0 1
    outer loop
      vertex -65.5581 37.85 3
      vertex -43.6609 13.7305 3
      vertex -62.9422 42.0567 3
    endloop
  endfacet
  facet normal 0 0 1
    outer loop
      vertex -43.6609 13.7305 3
      vertex -65.5581 37.85 3
      vertex -44.5489 13.3963 3
    endloop
  endfacet
  facet normal 0 0 1
    outer loop
      vertex -44.5489 13.3963 3
      vertex -65.5581 37.85 3
      vertex -45.4132 13.0047 3
    endloop
  endfacet
  facet normal -0 0 1
    outer loop
      vertex -67.8933 33.4813 3
      vertex -45.4132 13.0047 3
      vertex -65.5581 37.85 3
    endloop
  endfacet
  facet normal 0 0 1
    outer loop
      vertex -45.4132 13.0047 3
      vertex -67.8933 33.4813 3
      vertex -46.25 12.5574 3
    endloop
  endfacet
  facet normal 0 0 1
    outer loop
      vertex -46.25 12.5574 3
      vertex -67.8933 33.4813 3
      vertex -47.0558 12.0563 3
    endloop
  endfacet
  facet normal -0 0 1
    outer loop
      vertex -69.9377 28.9691 3
      vertex -47.0558 12.0563 3
      vertex -67.8933 33.4813 3
    endloop
  endfacet
  facet normal 0 0 1
    outer loop
      vertex -47.0558 12.0563 3
      vertex -69.9377 28.9691 3
      vertex -47.827 11.5036 3
    endloop
  endfacet
  facet normal 0 0 1
    outer loop
      vertex -47.827 11.5036 3
      vertex -69.9377 28.9691 3
      vertex -48.5605 10.9017 3
    endloop
  endfacet
  facet normal -0 0 1
    outer loop
      vertex -71.6826 24.333 3
      vertex -48.5605 10.9017 3
      vertex -69.9377 28.9691 3
    endloop
  endfacet
  facet normal 0 0 1
    outer loop
      vertex -48.5605 10.9017 3
      vertex -71.6826 24.333 3
      vertex -49.253 10.253 3
    endloop
  endfacet
  facet normal 0 0 1
    outer loop
      vertex -49.253 10.253 3
      vertex -71.6826 24.333 3
      vertex -49.9017 9.56051 3
    endloop
  endfacet
  facet normal -0 0 1
    outer loop
      vertex -73.1206 19.5926 3
      vertex -49.9017 9.56051 3
      vertex -71.6826 24.333 3
    endloop
  endfacet
  facet normal 0 0 1
    outer loop
      vertex -49.9017 9.56051 3
      vertex -73.1206 19.5926 3
      vertex -50.5036 8.82704 3
    endloop
  endfacet
  facet normal -0 0 1
    outer loop
      vertex -74.2454 14.7683 3
      vertex -51.0563 8.05577 3
      vertex -73.1206 19.5926 3
    endloop
  endfacet
  facet normal 0 0 1
    outer loop
      vertex -50.5036 8.82704 3
      vertex -73.1206 19.5926 3
      vertex -51.0563 8.05577 3
    endloop
  endfacet
  facet normal 0 0 1
    outer loop
      vertex 56.9143 -49.9125 3
      vertex 27.9914 -41.3076 3
      vertex 28 -41.5692 3
    endloop
  endfacet
  facet normal 0 0 1
    outer loop
      vertex 28.747 -10.253 3
      vertex 27.9658 -41.0471 3
      vertex 27.9914 -41.3076 3
    endloop
  endfacet
  facet normal 0 0 1
    outer loop
      vertex 28.747 -10.253 3
      vertex 27.9231 -40.7889 3
      vertex 27.9658 -41.0471 3
    endloop
  endfacet
  facet normal 0 0 1
    outer loop
      vertex 28.747 -10.253 3
      vertex 27.8637 -40.5339 3
      vertex 27.9231 -40.7889 3
    endloop
  endfacet
  facet normal 0 0 1
    outer loop
      vertex 28.747 -10.253 3
      vertex 27.7877 -40.2835 3
      vertex 27.8637 -40.5339 3
    endloop
  endfacet
  facet normal 0 0 1
    outer loop
      vertex 28.747 -10.253 3
      vertex 27.6955 -40.0385 3
      vertex 27.7877 -40.2835 3
    endloop
  endfacet
  facet normal 0 0 1
    outer loop
      vertex 28.747 -10.253 3
      vertex 27.5875 -39.8001 3
      vertex 27.6955 -40.0385 3
    endloop
  endfacet
  facet normal 0 0 1
    outer loop
      vertex 22.2308 -37.9817 3
      vertex 28.0983 -9.56051 3
      vertex 27.4964 -8.82704 3
    endloop
  endfacet
  facet normal 0 0 1
    outer loop
      vertex 28.747 -10.253 3
      vertex 27.4641 -39.5692 3
      vertex 27.5875 -39.8001 3
    endloop
  endfacet
  facet normal 0 0 1
    outer loop
      vertex 28.747 -10.253 3
      vertex 27.3259 -39.3469 3
      vertex 27.4641 -39.5692 3
    endloop
  endfacet
  facet normal 0 0 1
    outer loop
      vertex 28.747 -10.253 3
      vertex 27.1734 -39.1342 3
      vertex 27.3259 -39.3469 3
    endloop
  endfacet
  facet normal 0 0 1
    outer loop
      vertex 28.747 -10.253 3
      vertex 27.0074 -38.9318 3
      vertex 27.1734 -39.1342 3
    endloop
  endfacet
  facet normal 0 0 1
    outer loop
      vertex 21.7777 -38.2433 3
      vertex 27.4964 -8.82704 3
      vertex 26.9437 -8.05577 3
    endloop
  endfacet
  facet normal 0 0 1
    outer loop
      vertex 28.747 -10.253 3
      vertex 26.8284 -38.7408 3
      vertex 27.0074 -38.9318 3
    endloop
  endfacet
  facet normal 0 0 1
    outer loop
      vertex 28.747 -10.253 3
      vertex 26.6374 -38.5619 3
      vertex 26.8284 -38.7408 3
    endloop
  endfacet
  facet normal 0 0 1
    outer loop
      vertex 21.565 -38.3958 3
      vertex 26.9437 -8.05577 3
      vertex 26.4426 -7.25 3
    endloop
  endfacet
  facet normal 0 0 1
    outer loop
      vertex 28.747 -10.253 3
      vertex 26.435 -38.3958 3
      vertex 26.6374 -38.5619 3
    endloop
  endfacet
  facet normal 0 0 1
    outer loop
      vertex 28.747 -10.253 3
      vertex 26.2223 -38.2433 3
      vertex 26.435 -38.3958 3
    endloop
  endfacet
  facet normal 0 0 1
    outer loop
      vertex 28.747 -10.253 3
      vertex 26 -38.1051 3
      vertex 26.2223 -38.2433 3
    endloop
  endfacet
  facet normal 0 0 1
    outer loop
      vertex 21.1716 -38.7408 3
      vertex 26.4426 -7.25 3
      vertex 25.9953 -6.41319 3
    endloop
  endfacet
  facet normal 0 0 1
    outer loop
      vertex 28.747 -10.253 3
      vertex 25.7692 -37.9817 3
      vertex 26 -38.1051 3
    endloop
  endfacet
  facet normal 0 0 1
    outer loop
      vertex -20 -41.5692 3
      vertex 25.9953 -6.41319 3
      vertex 25.6037 -5.54891 3
    endloop
  endfacet
  facet normal 0 0 1
    outer loop
      vertex 28.747 -10.253 3
      vertex 25.5307 -37.8737 3
      vertex 25.7692 -37.9817 3
    endloop
  endfacet
  facet normal 0 0 1
    outer loop
      vertex 28.747 -10.253 3
      vertex 25.2858 -37.7815 3
      vertex 25.5307 -37.8737 3
    endloop
  endfacet
  facet normal 0 0 1
    outer loop
      vertex -20 -41.5692 3
      vertex 25.6037 -5.54891 3
      vertex 25.2695 -4.66087 3
    endloop
  endfacet
  facet normal 0 0 1
    outer loop
      vertex 28.747 -10.253 3
      vertex 25.0353 -37.7055 3
      vertex 25.2858 -37.7815 3
    endloop
  endfacet
  facet normal 0 0 1
    outer loop
      vertex -20 -41.5692 3
      vertex 25.2695 -4.66087 3
      vertex 24.9941 -3.75288 3
    endloop
  endfacet
  facet normal 0 0 1
    outer loop
      vertex 28.747 -10.253 3
      vertex 24.7804 -37.6461 3
      vertex 25.0353 -37.7055 3
    endloop
  endfacet
  facet normal 0 0 1
    outer loop
      vertex -20 -41.5692 3
      vertex 24.9941 -3.75288 3
      vertex 24.7786 -2.82881 3
    endloop
  endfacet
  facet normal -0 0 1
    outer loop
      vertex 7.30514 20.4798 3
      vertex 25.9953 6.41319 3
      vertex 7.91215 20.9779 3
    endloop
  endfacet
  facet normal 0 0 1
    outer loop
      vertex 27.4964 8.82704 3
      vertex 9.02208 22.0878 3
      vertex 26.9437 8.05577 3
    endloop
  endfacet
  facet normal 0 0 1
    outer loop
      vertex 28.747 -10.253 3
      vertex 24.5221 -37.6034 3
      vertex 24.7804 -37.6461 3
    endloop
  endfacet
  facet normal -0 0 1
    outer loop
      vertex 9.02208 22.0878 3
      vertex 27.4964 8.82704 3
      vertex 9.52024 22.6949 3
    endloop
  endfacet
  facet normal -0 0 1
    outer loop
      vertex 9.52024 22.6949 3
      vertex 27.4964 8.82704 3
      vertex 9.97763 23.3332 3
    endloop
  endfacet
  facet normal -0 0 1
    outer loop
      vertex 8.48528 21.5147 3
      vertex 26.9437 8.05577 3
      vertex 9.02208 22.0878 3
    endloop
  endfacet
  facet normal 0 0 1
    outer loop
      vertex 23.4779 37.6034 3
      vertex 11.8973 28.4337 3
      vertex 23.7384 37.5778 3
    endloop
  endfacet
  facet normal 0 0 1
    outer loop
      vertex 28.747 -10.253 3
      vertex 24.2616 -37.5778 3
      vertex 24.5221 -37.6034 3
    endloop
  endfacet
  facet normal 0 0 1
    outer loop
      vertex 11.8973 28.4337 3
      vertex 23.4779 37.6034 3
      vertex 11.9743 29.2152 3
    endloop
  endfacet
  facet normal 0 0 1
    outer loop
      vertex 28.747 -10.253 3
      vertex 24 -37.5692 3
      vertex 24.2616 -37.5778 3
    endloop
  endfacet
  facet normal 0 0 1
    outer loop
      vertex 23.2196 37.6461 3
      vertex 11.9743 29.2152 3
      vertex 23.4779 37.6034 3
    endloop
  endfacet
  facet normal 0 0 1
    outer loop
      vertex 28.747 -10.253 3
      vertex 23.7384 -37.5778 3
      vertex 24 -37.5692 3
    endloop
  endfacet
  facet normal 0 0 1
    outer loop
      vertex 22.9647 37.7055 3
      vertex 11.9743 29.2152 3
      vertex 23.2196 37.6461 3
    endloop
  endfacet
  facet normal 0 0 1
    outer loop
      vertex 28.747 -10.253 3
      vertex 23.4779 -37.6034 3
      vertex 23.7384 -37.5778 3
    endloop
  endfacet
  facet normal 0 0 1
    outer loop
      vertex 11.9743 29.2152 3
      vertex 22.9647 37.7055 3
      vertex 12 30 3
    endloop
  endfacet
  facet normal 0 0 1
    outer loop
      vertex 28.747 -10.253 3
      vertex 23.2196 -37.6461 3
      vertex 23.4779 -37.6034 3
    endloop
  endfacet
  facet normal 0 0 1
    outer loop
      vertex 12 30 3
      vertex 22.9647 37.7055 3
      vertex 22.7142 37.7815 3
    endloop
  endfacet
  facet normal 0 0 1
    outer loop
      vertex 28.747 -10.253 3
      vertex 22.9647 -37.7055 3
      vertex 23.2196 -37.6461 3
    endloop
  endfacet
  facet normal 0 0 1
    outer loop
      vertex 12 30 3
      vertex 22.7142 37.7815 3
      vertex 22.4693 37.8737 3
    endloop
  endfacet
  facet normal 0 0 1
    outer loop
      vertex 28.747 -10.253 3
      vertex 22.7142 -37.7815 3
      vertex 22.9647 -37.7055 3
    endloop
  endfacet
  facet normal 0 0 1
    outer loop
      vertex 11.9743 30.7848 3
      vertex 22.4693 37.8737 3
      vertex 22.2308 37.9817 3
    endloop
  endfacet
  facet normal 0 0 1
    outer loop
      vertex 28.747 -10.253 3
      vertex 22.4693 -37.8737 3
      vertex 22.7142 -37.7815 3
    endloop
  endfacet
  facet normal 0 0 1
    outer loop
      vertex 11.9743 30.7848 3
      vertex 22.2308 37.9817 3
      vertex 22 38.1051 3
    endloop
  endfacet
  facet normal 0 0 1
    outer loop
      vertex 28.0983 -9.56051 3
      vertex 22.2308 -37.9817 3
      vertex 22.4693 -37.8737 3
    endloop
  endfacet
  facet normal 0 0 1
    outer loop
      vertex 11.8973 31.5663 3
      vertex 22 38.1051 3
      vertex 21.7777 38.2433 3
    endloop
  endfacet
  facet normal 0 0 1
    outer loop
      vertex 27.4964 -8.82704 3
      vertex 22 -38.1051 3
      vertex 22.2308 -37.9817 3
    endloop
  endfacet
  facet normal 0 0 1
    outer loop
      vertex 11.7694 32.3411 3
      vertex 21.7777 38.2433 3
      vertex 21.565 38.3958 3
    endloop
  endfacet
  facet normal 0 0 1
    outer loop
      vertex 27.4964 -8.82704 3
      vertex 21.7777 -38.2433 3
      vertex 22 -38.1051 3
    endloop
  endfacet
  facet normal 0 0 1
    outer loop
      vertex 11.7694 32.3411 3
      vertex 21.565 38.3958 3
      vertex 21.3626 38.5619 3
    endloop
  endfacet
  facet normal 0 0 1
    outer loop
      vertex 26.9437 -8.05577 3
      vertex 21.565 -38.3958 3
      vertex 21.7777 -38.2433 3
    endloop
  endfacet
  facet normal 0 0 1
    outer loop
      vertex 11.5911 33.1058 3
      vertex 21.3626 38.5619 3
      vertex 21.1716 38.7408 3
    endloop
  endfacet
  facet normal 0 0 1
    outer loop
      vertex 26.4426 -7.25 3
      vertex 21.3626 -38.5619 3
      vertex 21.565 -38.3958 3
    endloop
  endfacet
  facet normal 0 0 1
    outer loop
      vertex 11.5911 33.1058 3
      vertex 21.1716 38.7408 3
      vertex 20.9926 38.9318 3
    endloop
  endfacet
  facet normal 0 0 1
    outer loop
      vertex 26.4426 -7.25 3
      vertex 21.1716 -38.7408 3
      vertex 21.3626 -38.5619 3
    endloop
  endfacet
  facet normal 0 0 1
    outer loop
      vertex 11.3632 33.8573 3
      vertex 20.9926 38.9318 3
      vertex 20.8266 39.1342 3
    endloop
  endfacet
  facet normal 0 0 1
    outer loop
      vertex 25.9953 -6.41319 3
      vertex 20.9926 -38.9318 3
      vertex 21.1716 -38.7408 3
    endloop
  endfacet
  facet normal 0 0 1
    outer loop
      vertex 11.3632 33.8573 3
      vertex 20.8266 39.1342 3
      vertex 20.6741 39.3469 3
    endloop
  endfacet
  facet normal 0 0 1
    outer loop
      vertex 25.9953 -6.41319 3
      vertex -20 -41.5692 3
      vertex 20.9926 -38.9318 3
    endloop
  endfacet
  facet normal 0 0 1
    outer loop
      vertex 11.0866 34.5922 3
      vertex 20.6741 39.3469 3
      vertex 20.5359 39.5692 3
    endloop
  endfacet
  facet normal 0 0 1
    outer loop
      vertex 20.9926 -38.9318 3
      vertex -20 -41.5692 3
      vertex 20.8266 -39.1342 3
    endloop
  endfacet
  facet normal 0 0 1
    outer loop
      vertex 11.0866 34.5922 3
      vertex 20.5359 39.5692 3
      vertex 20.4125 39.8001 3
    endloop
  endfacet
  facet normal 0 0 1
    outer loop
      vertex 20.8266 -39.1342 3
      vertex -20 -41.5692 3
      vertex 20.6741 -39.3469 3
    endloop
  endfacet
  facet normal 0 0 1
    outer loop
      vertex 10.7625 35.3075 3
      vertex 20.4125 39.8001 3
      vertex 20.3045 40.0385 3
    endloop
  endfacet
  facet normal 0 0 1
    outer loop
      vertex 20.6741 -39.3469 3
      vertex -20 -41.5692 3
      vertex 20.5359 -39.5692 3
    endloop
  endfacet
  facet normal 0 0 1
    outer loop
      vertex 10.3923 36 3
      vertex 20.3045 40.0385 3
      vertex 20.2123 40.2835 3
    endloop
  endfacet
  facet normal -0 0 1
    outer loop
      vertex 6 19.6077 3
      vertex 25.2695 4.66087 3
      vertex 6.66684 20.0224 3
    endloop
  endfacet
  facet normal 0 0 1
    outer loop
      vertex 10.3923 36 3
      vertex 20.2123 40.2835 3
      vertex 20.1363 40.5339 3
    endloop
  endfacet
  facet normal 0 0 1
    outer loop
      vertex 26.9437 8.05577 3
      vertex 8.48528 21.5147 3
      vertex 26.4426 7.25 3
    endloop
  endfacet
  facet normal 0 0 1
    outer loop
      vertex 9.97763 36.6668 3
      vertex 20.1363 40.5339 3
      vertex 20.0769 40.7889 3
    endloop
  endfacet
  facet normal -0 0 1
    outer loop
      vertex 7.91215 20.9779 3
      vertex 26.4426 7.25 3
      vertex 8.48528 21.5147 3
    endloop
  endfacet
  facet normal 0 0 1
    outer loop
      vertex 9.97763 36.6668 3
      vertex 20.0769 40.7889 3
      vertex 20.0342 41.0471 3
    endloop
  endfacet
  facet normal 0 0 1
    outer loop
      vertex 26.4426 7.25 3
      vertex 7.91215 20.9779 3
      vertex 25.9953 6.41319 3
    endloop
  endfacet
  facet normal 0 0 1
    outer loop
      vertex 9.52024 37.3051 3
      vertex 20.0342 41.0471 3
      vertex 20.0086 41.3076 3
    endloop
  endfacet
  facet normal 0 0 1
    outer loop
      vertex 25.9953 6.41319 3
      vertex 7.30514 20.4798 3
      vertex 25.6037 5.54891 3
    endloop
  endfacet
  facet normal 0 0 1
    outer loop
      vertex 9.52024 37.3051 3
      vertex 20.0086 41.3076 3
      vertex 20 41.5692 3
    endloop
  endfacet
  facet normal -0 0 1
    outer loop
      vertex 6.66684 20.0224 3
      vertex 25.6037 5.54891 3
      vertex 7.30514 20.4798 3
    endloop
  endfacet
  facet normal -0 0 1
    outer loop
      vertex 53.469 0.948345 3
      vertex 75.7 0 3
      vertex 75.5379 4.95102 3
    endloop
  endfacet
  facet normal 0 0 1
    outer loop
      vertex 53.0059 3.75288 3
      vertex 75.5379 4.95102 3
      vertex 75.0524 9.88083 3
    endloop
  endfacet
  facet normal 0 0 1
    outer loop
      vertex 75.7 0 3
      vertex 53.469 0.948345 3
      vertex 53.5 0 3
    endloop
  endfacet
  facet normal 0 0 1
    outer loop
      vertex 52.3963 5.54891 3
      vertex 75.0524 9.88083 3
      vertex 74.2454 14.7683 3
    endloop
  endfacet
  facet normal 0 0 1
    outer loop
      vertex 53.469 -0.948345 3
      vertex 75.7 0 3
      vertex 53.5 0 3
    endloop
  endfacet
  facet normal 0 0 1
    outer loop
      vertex 51.0563 8.05577 3
      vertex 74.2454 14.7683 3
      vertex 73.1206 19.5926 3
    endloop
  endfacet
  facet normal 0 0 1
    outer loop
      vertex 75.7 0 3
      vertex 53.469 -0.948345 3
      vertex 75.5379 -4.95102 3
    endloop
  endfacet
  facet normal 0 0 1
    outer loop
      vertex 49.9017 9.56051 3
      vertex 73.1206 19.5926 3
      vertex 71.6826 24.333 3
    endloop
  endfacet
  facet normal -0 0 1
    outer loop
      vertex 53.3759 -1.89263 3
      vertex 75.5379 -4.95102 3
      vertex 53.469 -0.948345 3
    endloop
  endfacet
  facet normal 0 0 1
    outer loop
      vertex 48.5605 10.9017 3
      vertex 71.6826 24.333 3
      vertex 69.9377 28.9691 3
    endloop
  endfacet
  facet normal -0 0 1
    outer loop
      vertex 53.2214 -2.82881 3
      vertex 75.5379 -4.95102 3
      vertex 53.3759 -1.89263 3
    endloop
  endfacet
  facet normal 0 0 1
    outer loop
      vertex 47.0558 12.0563 3
      vertex 69.9377 28.9691 3
      vertex 67.8933 33.4813 3
    endloop
  endfacet
  facet normal -0 0 1
    outer loop
      vertex 53.0059 -3.75288 3
      vertex 75.5379 -4.95102 3
      vertex 53.2214 -2.82881 3
    endloop
  endfacet
  facet normal 0 0 1
    outer loop
      vertex 45.4132 13.0047 3
      vertex 67.8933 33.4813 3
      vertex 65.5581 37.85 3
    endloop
  endfacet
  facet normal 0 0 1
    outer loop
      vertex 75.5379 -4.95102 3
      vertex 53.0059 -3.75288 3
      vertex 75.0524 -9.88083 3
    endloop
  endfacet
  facet normal 0 0 1
    outer loop
      vertex 43.6609 13.7305 3
      vertex 65.5581 37.85 3
      vertex 62.9422 42.0567 3
    endloop
  endfacet
  facet normal -0 0 1
    outer loop
      vertex 52.7305 -4.66087 3
      vertex 75.0524 -9.88083 3
      vertex 53.0059 -3.75288 3
    endloop
  endfacet
  facet normal 0 0 1
    outer loop
      vertex 41.8288 14.2214 3
      vertex 62.9422 42.0567 3
      vertex 60.0568 46.0832 3
    endloop
  endfacet
  facet normal -0 0 1
    outer loop
      vertex 52.3963 -5.54891 3
      vertex 75.0524 -9.88083 3
      vertex 52.7305 -4.66087 3
    endloop
  endfacet
  facet normal 0 0 1
    outer loop
      vertex 27.9231 40.7889 3
      vertex 60.0568 46.0832 3
      vertex 56.9143 49.9125 3
    endloop
  endfacet
  facet normal -0 0 1
    outer loop
      vertex 52.0047 -6.41319 3
      vertex 74.2454 -14.7683 3
      vertex 52.3963 -5.54891 3
    endloop
  endfacet
  facet normal 0 0 1
    outer loop
      vertex 27.9914 41.3076 3
      vertex 56.9143 49.9125 3
      vertex 53.528 53.528 3
    endloop
  endfacet
  facet normal -0 0 1
    outer loop
      vertex 51.5574 -7.25 3
      vertex 74.2454 -14.7683 3
      vertex 52.0047 -6.41319 3
    endloop
  endfacet
  facet normal -0 0 1
    outer loop
      vertex 51.0563 -8.05577 3
      vertex 74.2454 -14.7683 3
      vertex 51.5574 -7.25 3
    endloop
  endfacet
  facet normal 0 0 1
    outer loop
      vertex 75.0524 -9.88083 3
      vertex 52.3963 -5.54891 3
      vertex 74.2454 -14.7683 3
    endloop
  endfacet
  facet normal 0 0 1
    outer loop
      vertex 75.5379 4.95102 3
      vertex 53.3759 1.89263 3
      vertex 53.469 0.948345 3
    endloop
  endfacet
  facet normal 0 0 1
    outer loop
      vertex 75.5379 4.95102 3
      vertex 53.2214 2.82881 3
      vertex 53.3759 1.89263 3
    endloop
  endfacet
  facet normal 0 0 1
    outer loop
      vertex 75.5379 4.95102 3
      vertex 53.0059 3.75288 3
      vertex 53.2214 2.82881 3
    endloop
  endfacet
  facet normal 0 0 1
    outer loop
      vertex 75.0524 9.88083 3
      vertex 52.7305 4.66087 3
      vertex 53.0059 3.75288 3
    endloop
  endfacet
  facet normal 0 0 1
    outer loop
      vertex 75.0524 9.88083 3
      vertex 52.3963 5.54891 3
      vertex 52.7305 4.66087 3
    endloop
  endfacet
  facet normal 0 0 1
    outer loop
      vertex 74.2454 14.7683 3
      vertex 52.0047 6.41319 3
      vertex 52.3963 5.54891 3
    endloop
  endfacet
  facet normal 0 0 1
    outer loop
      vertex 74.2454 14.7683 3
      vertex 51.5574 7.25 3
      vertex 52.0047 6.41319 3
    endloop
  endfacet
  facet normal 0 0 1
    outer loop
      vertex 74.2454 14.7683 3
      vertex 51.0563 8.05577 3
      vertex 51.5574 7.25 3
    endloop
  endfacet
  facet normal 0 0 1
    outer loop
      vertex 73.1206 19.5926 3
      vertex 50.5036 8.82704 3
      vertex 51.0563 8.05577 3
    endloop
  endfacet
  facet normal 0 0 1
    outer loop
      vertex 27.9231 42.3496 3
      vertex 53.528 53.528 3
      vertex 49.9125 56.9143 3
    endloop
  endfacet
  facet normal 0 0 1
    outer loop
      vertex 73.1206 19.5926 3
      vertex 49.9017 9.56051 3
      vertex 50.5036 8.82704 3
    endloop
  endfacet
  facet normal 0 0 1
    outer loop
      vertex 71.6826 24.333 3
      vertex 49.253 10.253 3
      vertex 49.9017 9.56051 3
    endloop
  endfacet
  facet normal 0 0 1
    outer loop
      vertex 71.6826 24.333 3
      vertex 48.5605 10.9017 3
      vertex 49.253 10.253 3
    endloop
  endfacet
  facet normal 0 0 1
    outer loop
      vertex 69.9377 28.9691 3
      vertex 47.827 11.5036 3
      vertex 48.5605 10.9017 3
    endloop
  endfacet
  facet normal 0 0 1
    outer loop
      vertex 69.9377 28.9691 3
      vertex 47.0558 12.0563 3
      vertex 47.827 11.5036 3
    endloop
  endfacet
  facet normal 0 0 1
    outer loop
      vertex 67.8933 33.4813 3
      vertex 46.25 12.5574 3
      vertex 47.0558 12.0563 3
    endloop
  endfacet
  facet normal 0 0 1
    outer loop
      vertex 27.6955 43.1 3
      vertex 49.9125 56.9143 3
      vertex 46.0832 60.0568 3
    endloop
  endfacet
  facet normal 0 0 1
    outer loop
      vertex 67.8933 33.4813 3
      vertex 45.4132 13.0047 3
      vertex 46.25 12.5574 3
    endloop
  endfacet
  facet normal 0 0 1
    outer loop
      vertex 65.5581 37.85 3
      vertex 44.5489 13.3963 3
      vertex 45.4132 13.0047 3
    endloop
  endfacet
  facet normal 0 0 1
    outer loop
      vertex 65.5581 37.85 3
      vertex 43.6609 13.7305 3
      vertex 44.5489 13.3963 3
    endloop
  endfacet
  facet normal 0 0 1
    outer loop
      vertex 60.0568 46.0832 3
      vertex 27.9231 40.7889 3
      vertex 27.8637 40.5339 3
    endloop
  endfacet
  facet normal 0 0 1
    outer loop
      vertex 27.1734 44.0043 3
      vertex 46.0832 60.0568 3
      vertex 42.0567 62.9422 3
    endloop
  endfacet
  facet normal 0 0 1
    outer loop
      vertex 56.9143 49.9125 3
      vertex 27.9658 41.0471 3
      vertex 27.9231 40.7889 3
    endloop
  endfacet
  facet normal 0 0 1
    outer loop
      vertex 62.9422 42.0567 3
      vertex 42.7529 14.0059 3
      vertex 43.6609 13.7305 3
    endloop
  endfacet
  facet normal 0 0 1
    outer loop
      vertex 60.0568 46.0832 3
      vertex 27.8637 40.5339 3
      vertex 27.7877 40.2835 3
    endloop
  endfacet
  facet normal 0 0 1
    outer loop
      vertex 27.6955 40.0385 3
      vertex 60.0568 46.0832 3
      vertex 27.7877 40.2835 3
    endloop
  endfacet
  facet normal 0 0 1
    outer loop
      vertex 62.9422 42.0567 3
      vertex 41.8288 14.2214 3
      vertex 42.7529 14.0059 3
    endloop
  endfacet
  facet normal 0 0 1
    outer loop
      vertex 26.435 44.7426 3
      vertex 42.0567 62.9422 3
      vertex 37.85 65.5581 3
    endloop
  endfacet
  facet normal 0 0 1
    outer loop
      vertex 56.9143 49.9125 3
      vertex 27.9914 41.3076 3
      vertex 27.9658 41.0471 3
    endloop
  endfacet
  facet normal 0 0 1
    outer loop
      vertex 60.0568 46.0832 3
      vertex 27.6955 40.0385 3
      vertex 41.8288 14.2214 3
    endloop
  endfacet
  facet normal 0 0 1
    outer loop
      vertex 41.8288 14.2214 3
      vertex 27.6955 40.0385 3
      vertex 40.8926 14.3759 3
    endloop
  endfacet
  facet normal -0 0 1
    outer loop
      vertex 27.5875 39.8001 3
      vertex 40.8926 14.3759 3
      vertex 27.6955 40.0385 3
    endloop
  endfacet
  facet normal 0 0 1
    outer loop
      vertex 25.5307 45.2647 3
      vertex 37.85 65.5581 3
      vertex 33.4813 67.8933 3
    endloop
  endfacet
  facet normal 0 0 1
    outer loop
      vertex 53.528 53.528 3
      vertex 28 41.5692 3
      vertex 27.9914 41.3076 3
    endloop
  endfacet
  facet normal -0 0 1
    outer loop
      vertex 27.4641 39.5692 3
      vertex 40.8926 14.3759 3
      vertex 27.5875 39.8001 3
    endloop
  endfacet
  facet normal -0 0 1
    outer loop
      vertex 27.3259 39.3469 3
      vertex 39.9483 14.469 3
      vertex 27.4641 39.5692 3
    endloop
  endfacet
  facet normal 0 0 1
    outer loop
      vertex 39.9483 14.469 3
      vertex 27.3259 39.3469 3
      vertex 39 14.5 3
    endloop
  endfacet
  facet normal -0 0 1
    outer loop
      vertex 27.1734 39.1342 3
      vertex 39 14.5 3
      vertex 27.3259 39.3469 3
    endloop
  endfacet
  facet normal -0 0 1
    outer loop
      vertex 27.0074 38.9318 3
      vertex 39 14.5 3
      vertex 27.1734 39.1342 3
    endloop
  endfacet
  facet normal 0 0 1
    outer loop
      vertex 24.5221 45.535 3
      vertex 33.4813 67.8933 3
      vertex 28.9691 69.9377 3
    endloop
  endfacet
  facet normal 0 0 1
    outer loop
      vertex 40.8926 14.3759 3
      vertex 27.4641 39.5692 3
      vertex 39.9483 14.469 3
    endloop
  endfacet
  facet normal 0 0 1
    outer loop
      vertex 39 14.5 3
      vertex 27.0074 38.9318 3
      vertex 38.0517 14.469 3
    endloop
  endfacet
  facet normal -0 0 1
    outer loop
      vertex 26.8284 38.7408 3
      vertex 38.0517 14.469 3
      vertex 27.0074 38.9318 3
    endloop
  endfacet
  facet normal 0 0 1
    outer loop
      vertex 53.528 53.528 3
      vertex 27.9914 41.8308 3
      vertex 28 41.5692 3
    endloop
  endfacet
  facet normal 0 0 1
    outer loop
      vertex 53.528 53.528 3
      vertex 27.9658 42.0913 3
      vertex 27.9914 41.8308 3
    endloop
  endfacet
  facet normal 0 0 1
    outer loop
      vertex 53.528 53.528 3
      vertex 27.9231 42.3496 3
      vertex 27.9658 42.0913 3
    endloop
  endfacet
  facet normal 0 0 1
    outer loop
      vertex 49.9125 56.9143 3
      vertex 27.8637 42.6045 3
      vertex 27.9231 42.3496 3
    endloop
  endfacet
  facet normal 0 0 1
    outer loop
      vertex 49.9125 56.9143 3
      vertex 27.7877 42.855 3
      vertex 27.8637 42.6045 3
    endloop
  endfacet
  facet normal 0 0 1
    outer loop
      vertex 49.9125 56.9143 3
      vertex 27.6955 43.1 3
      vertex 27.7877 42.855 3
    endloop
  endfacet
  facet normal 0 0 1
    outer loop
      vertex 46.0832 60.0568 3
      vertex 27.5875 43.3384 3
      vertex 27.6955 43.1 3
    endloop
  endfacet
  facet normal 0 0 1
    outer loop
      vertex 46.0832 60.0568 3
      vertex 27.4641 43.5692 3
      vertex 27.5875 43.3384 3
    endloop
  endfacet
  facet normal 0 0 1
    outer loop
      vertex 46.0832 60.0568 3
      vertex 27.3259 43.7915 3
      vertex 27.4641 43.5692 3
    endloop
  endfacet
  facet normal 0 0 1
    outer loop
      vertex 46.0832 60.0568 3
      vertex 27.1734 44.0043 3
      vertex 27.3259 43.7915 3
    endloop
  endfacet
  facet normal 0 0 1
    outer loop
      vertex 42.0567 62.9422 3
      vertex 27.0074 44.2066 3
      vertex 27.1734 44.0043 3
    endloop
  endfacet
  facet normal 0 0 1
    outer loop
      vertex 42.0567 62.9422 3
      vertex 26.8284 44.3976 3
      vertex 27.0074 44.2066 3
    endloop
  endfacet
  facet normal 0 0 1
    outer loop
      vertex 42.0567 62.9422 3
      vertex 26.6374 44.5766 3
      vertex 26.8284 44.3976 3
    endloop
  endfacet
  facet normal 0 0 1
    outer loop
      vertex 42.0567 62.9422 3
      vertex 26.435 44.7426 3
      vertex 26.6374 44.5766 3
    endloop
  endfacet
  facet normal 0 0 1
    outer loop
      vertex 37.85 65.5581 3
      vertex 26.2223 44.8951 3
      vertex 26.435 44.7426 3
    endloop
  endfacet
  facet normal 0 0 1
    outer loop
      vertex 37.85 65.5581 3
      vertex 26 45.0333 3
      vertex 26.2223 44.8951 3
    endloop
  endfacet
  facet normal 0 0 1
    outer loop
      vertex 37.85 65.5581 3
      vertex 25.7692 45.1567 3
      vertex 26 45.0333 3
    endloop
  endfacet
  facet normal 0 0 1
    outer loop
      vertex 37.85 65.5581 3
      vertex 25.5307 45.2647 3
      vertex 25.7692 45.1567 3
    endloop
  endfacet
  facet normal 0 0 1
    outer loop
      vertex 33.4813 67.8933 3
      vertex 25.2858 45.3569 3
      vertex 25.5307 45.2647 3
    endloop
  endfacet
  facet normal 0 0 1
    outer loop
      vertex 33.4813 67.8933 3
      vertex 25.0353 45.4329 3
      vertex 25.2858 45.3569 3
    endloop
  endfacet
  facet normal 0 0 1
    outer loop
      vertex 33.4813 67.8933 3
      vertex 24.7804 45.4924 3
      vertex 25.0353 45.4329 3
    endloop
  endfacet
  facet normal 0 0 1
    outer loop
      vertex 33.4813 67.8933 3
      vertex 24.5221 45.535 3
      vertex 24.7804 45.4924 3
    endloop
  endfacet
  facet normal 0 0 1
    outer loop
      vertex 23.4779 45.535 3
      vertex 28.9691 69.9377 3
      vertex 24.333 71.6826 3
    endloop
  endfacet
  facet normal 0 0 1
    outer loop
      vertex 28.9691 69.9377 3
      vertex 24.2616 45.5607 3
      vertex 24.5221 45.535 3
    endloop
  endfacet
  facet normal 0 0 1
    outer loop
      vertex 28.9691 69.9377 3
      vertex 24 45.5692 3
      vertex 24.2616 45.5607 3
    endloop
  endfacet
  facet normal 0 0 1
    outer loop
      vertex 28.9691 69.9377 3
      vertex 23.7384 45.5607 3
      vertex 24 45.5692 3
    endloop
  endfacet
  facet normal 0 0 1
    outer loop
      vertex 28.9691 69.9377 3
      vertex 23.4779 45.535 3
      vertex 23.7384 45.5607 3
    endloop
  endfacet
  facet normal 0 0 1
    outer loop
      vertex 24.333 71.6826 3
      vertex 23.2196 45.4924 3
      vertex 23.4779 45.535 3
    endloop
  endfacet
  facet normal 0 0 1
    outer loop
      vertex 24.333 71.6826 3
      vertex 22.9647 45.4329 3
      vertex 23.2196 45.4924 3
    endloop
  endfacet
  facet normal 0 0 1
    outer loop
      vertex 24.333 71.6826 3
      vertex 22.7142 45.3569 3
      vertex 22.9647 45.4329 3
    endloop
  endfacet
  facet normal 0 0 1
    outer loop
      vertex 19.5926 73.1206 3
      vertex 22.7142 45.3569 3
      vertex 24.333 71.6826 3
    endloop
  endfacet
  facet normal 0 0 1
    outer loop
      vertex 22.7142 45.3569 3
      vertex 19.5926 73.1206 3
      vertex 22.4693 45.2647 3
    endloop
  endfacet
  facet normal 0 0 1
    outer loop
      vertex 22.4693 45.2647 3
      vertex 19.5926 73.1206 3
      vertex 22.2308 45.1567 3
    endloop
  endfacet
  facet normal 0 0 1
    outer loop
      vertex 22.2308 45.1567 3
      vertex 19.5926 73.1206 3
      vertex 22 45.0333 3
    endloop
  endfacet
  facet normal 0 0 1
    outer loop
      vertex 22 45.0333 3
      vertex 19.5926 73.1206 3
      vertex 21.7777 44.8951 3
    endloop
  endfacet
  facet normal 0 0 1
    outer loop
      vertex 14.7683 74.2454 3
      vertex 21.7777 44.8951 3
      vertex 19.5926 73.1206 3
    endloop
  endfacet
  facet normal 0 0 1
    outer loop
      vertex 21.7777 44.8951 3
      vertex 14.7683 74.2454 3
      vertex 21.565 44.7426 3
    endloop
  endfacet
  facet normal 0 0 1
    outer loop
      vertex 21.565 44.7426 3
      vertex 14.7683 74.2454 3
      vertex 21.3626 44.5766 3
    endloop
  endfacet
  facet normal 0 0 1
    outer loop
      vertex 3.85727 41.3632 3
      vertex 21.3626 44.5766 3
      vertex 14.7683 74.2454 3
    endloop
  endfacet
  facet normal 0 -0 1
    outer loop
      vertex 4.5922 41.0866 3
      vertex 21.3626 44.5766 3
      vertex 3.85727 41.3632 3
    endloop
  endfacet
  facet normal 0 0 1
    outer loop
      vertex 21.3626 44.5766 3
      vertex 4.5922 41.0866 3
      vertex 21.1716 44.3976 3
    endloop
  endfacet
  facet normal 0 0 1
    outer loop
      vertex 21.1716 44.3976 3
      vertex 4.5922 41.0866 3
      vertex 20.9926 44.2066 3
    endloop
  endfacet
  facet normal 0 -0 1
    outer loop
      vertex 5.30746 40.7625 3
      vertex 20.9926 44.2066 3
      vertex 4.5922 41.0866 3
    endloop
  endfacet
  facet normal 0 -0 1
    outer loop
      vertex 6 40.3923 3
      vertex 20.8266 44.0043 3
      vertex 5.30746 40.7625 3
    endloop
  endfacet
  facet normal 0 0 1
    outer loop
      vertex 20.8266 44.0043 3
      vertex 6 40.3923 3
      vertex 20.6741 43.7915 3
    endloop
  endfacet
  facet normal 0 0 1
    outer loop
      vertex 20.6741 43.7915 3
      vertex 6 40.3923 3
      vertex 20.5359 43.5692 3
    endloop
  endfacet
  facet normal 0 -0 1
    outer loop
      vertex 6.66684 39.9776 3
      vertex 20.5359 43.5692 3
      vertex 6 40.3923 3
    endloop
  endfacet
  facet normal 0 0 1
    outer loop
      vertex 20.3045 43.1 3
      vertex 7.30514 39.5202 3
      vertex 20.2123 42.855 3
    endloop
  endfacet
  facet normal 0 0 1
    outer loop
      vertex 20.4125 43.3384 3
      vertex 7.30514 39.5202 3
      vertex 20.3045 43.1 3
    endloop
  endfacet
  facet normal 0 -0 1
    outer loop
      vertex 7.30514 39.5202 3
      vertex 20.4125 43.3384 3
      vertex 6.66684 39.9776 3
    endloop
  endfacet
  facet normal 0 0 1
    outer loop
      vertex 20.5359 43.5692 3
      vertex 6.66684 39.9776 3
      vertex 20.4125 43.3384 3
    endloop
  endfacet
  facet normal 0 0 1
    outer loop
      vertex 74.2454 -14.7683 3
      vertex 51.0563 -8.05577 3
      vertex 73.1206 -19.5926 3
    endloop
  endfacet
  facet normal -0 0 1
    outer loop
      vertex 50.5036 -8.82704 3
      vertex 73.1206 -19.5926 3
      vertex 51.0563 -8.05577 3
    endloop
  endfacet
  facet normal -0 0 1
    outer loop
      vertex 49.9017 -9.56051 3
      vertex 73.1206 -19.5926 3
      vertex 50.5036 -8.82704 3
    endloop
  endfacet
  facet normal 0 0 1
    outer loop
      vertex 73.1206 -19.5926 3
      vertex 49.9017 -9.56051 3
      vertex 71.6826 -24.333 3
    endloop
  endfacet
  facet normal -0 0 1
    outer loop
      vertex 49.253 -10.253 3
      vertex 71.6826 -24.333 3
      vertex 49.9017 -9.56051 3
    endloop
  endfacet
  facet normal -0 0 1
    outer loop
      vertex 48.5605 -10.9017 3
      vertex 71.6826 -24.333 3
      vertex 49.253 -10.253 3
    endloop
  endfacet
  facet normal 0 0 1
    outer loop
      vertex 71.6826 -24.333 3
      vertex 48.5605 -10.9017 3
      vertex 69.9377 -28.9691 3
    endloop
  endfacet
  facet normal -0 0 1
    outer loop
      vertex 47.827 -11.5036 3
      vertex 69.9377 -28.9691 3
      vertex 48.5605 -10.9017 3
    endloop
  endfacet
  facet normal -0 0 1
    outer loop
      vertex 47.0558 -12.0563 3
      vertex 69.9377 -28.9691 3
      vertex 47.827 -11.5036 3
    endloop
  endfacet
  facet normal 0 0 1
    outer loop
      vertex 69.9377 -28.9691 3
      vertex 47.0558 -12.0563 3
      vertex 67.8933 -33.4813 3
    endloop
  endfacet
  facet normal -0 0 1
    outer loop
      vertex 46.25 -12.5574 3
      vertex 67.8933 -33.4813 3
      vertex 47.0558 -12.0563 3
    endloop
  endfacet
  facet normal -0 0 1
    outer loop
      vertex 45.4132 -13.0047 3
      vertex 67.8933 -33.4813 3
      vertex 46.25 -12.5574 3
    endloop
  endfacet
  facet normal 0 0 1
    outer loop
      vertex 67.8933 -33.4813 3
      vertex 45.4132 -13.0047 3
      vertex 65.5581 -37.85 3
    endloop
  endfacet
  facet normal -0 0 1
    outer loop
      vertex 44.5489 -13.3963 3
      vertex 65.5581 -37.85 3
      vertex 45.4132 -13.0047 3
    endloop
  endfacet
  facet normal -0 0 1
    outer loop
      vertex 43.6609 -13.7305 3
      vertex 65.5581 -37.85 3
      vertex 44.5489 -13.3963 3
    endloop
  endfacet
  facet normal 0 0 1
    outer loop
      vertex 65.5581 -37.85 3
      vertex 43.6609 -13.7305 3
      vertex 62.9422 -42.0567 3
    endloop
  endfacet
  facet normal -0 0 1
    outer loop
      vertex 42.7529 -14.0059 3
      vertex 62.9422 -42.0567 3
      vertex 43.6609 -13.7305 3
    endloop
  endfacet
  facet normal -0 0 1
    outer loop
      vertex 41.8288 -14.2214 3
      vertex 62.9422 -42.0567 3
      vertex 42.7529 -14.0059 3
    endloop
  endfacet
  facet normal 0 0 1
    outer loop
      vertex 62.9422 -42.0567 3
      vertex 41.8288 -14.2214 3
      vertex 60.0568 -46.0832 3
    endloop
  endfacet
  facet normal -0 0 1
    outer loop
      vertex 27.9914 -41.3076 3
      vertex 60.0568 -46.0832 3
      vertex 41.8288 -14.2214 3
    endloop
  endfacet
  facet normal 0 0 1
    outer loop
      vertex 56.9143 -49.9125 3
      vertex 28 -41.5692 3
      vertex 53.528 -53.528 3
    endloop
  endfacet
  facet normal -0 0 1
    outer loop
      vertex 27.9914 -41.8308 3
      vertex 53.528 -53.528 3
      vertex 28 -41.5692 3
    endloop
  endfacet
  facet normal -0 0 1
    outer loop
      vertex 27.9658 -42.0913 3
      vertex 53.528 -53.528 3
      vertex 27.9914 -41.8308 3
    endloop
  endfacet
  facet normal 0 0 1
    outer loop
      vertex 27.9914 -41.3076 3
      vertex 56.9143 -49.9125 3
      vertex 60.0568 -46.0832 3
    endloop
  endfacet
  facet normal 0 0 1
    outer loop
      vertex 27.9914 -41.3076 3
      vertex 41.8288 -14.2214 3
      vertex 40.8926 -14.3759 3
    endloop
  endfacet
  facet normal 0 0 1
    outer loop
      vertex 27.9914 -41.3076 3
      vertex 40.8926 -14.3759 3
      vertex 39.9483 -14.469 3
    endloop
  endfacet
  facet normal 0 0 1
    outer loop
      vertex 27.9914 -41.3076 3
      vertex 39.9483 -14.469 3
      vertex 39 -14.5 3
    endloop
  endfacet
  facet normal 0 0 1
    outer loop
      vertex 27.9914 -41.3076 3
      vertex 39 -14.5 3
      vertex 38.0517 -14.469 3
    endloop
  endfacet
  facet normal -0 0 1
    outer loop
      vertex 27.9231 -42.3496 3
      vertex 53.528 -53.528 3
      vertex 27.9658 -42.0913 3
    endloop
  endfacet
  facet normal 0 0 1
    outer loop
      vertex 27.9914 -41.3076 3
      vertex 38.0517 -14.469 3
      vertex 37.1074 -14.3759 3
    endloop
  endfacet
  facet normal 0 0 1
    outer loop
      vertex 27.9914 -41.3076 3
      vertex 37.1074 -14.3759 3
      vertex 36.1712 -14.2214 3
    endloop
  endfacet
  facet normal 0 0 1
    outer loop
      vertex 27.9914 -41.3076 3
      vertex 36.1712 -14.2214 3
      vertex 35.2471 -14.0059 3
    endloop
  endfacet
  facet normal 0 0 1
    outer loop
      vertex 27.9914 -41.3076 3
      vertex 35.2471 -14.0059 3
      vertex 34.3391 -13.7305 3
    endloop
  endfacet
  facet normal 0 0 1
    outer loop
      vertex 53.528 -53.528 3
      vertex 27.9231 -42.3496 3
      vertex 49.9125 -56.9143 3
    endloop
  endfacet
  facet normal 0 0 1
    outer loop
      vertex 27.9914 -41.3076 3
      vertex 34.3391 -13.7305 3
      vertex 33.4511 -13.3963 3
    endloop
  endfacet
  facet normal 0 0 1
    outer loop
      vertex 27.9914 -41.3076 3
      vertex 33.4511 -13.3963 3
      vertex 32.5868 -13.0047 3
    endloop
  endfacet
  facet normal 0 0 1
    outer loop
      vertex 27.9914 -41.3076 3
      vertex 32.5868 -13.0047 3
      vertex 31.75 -12.5574 3
    endloop
  endfacet
  facet normal 0 0 1
    outer loop
      vertex 27.9914 -41.3076 3
      vertex 31.75 -12.5574 3
      vertex 30.9442 -12.0563 3
    endloop
  endfacet
  facet normal 0 0 1
    outer loop
      vertex 27.9914 -41.3076 3
      vertex 30.9442 -12.0563 3
      vertex 30.173 -11.5036 3
    endloop
  endfacet
  facet normal 0 0 1
    outer loop
      vertex 27.9914 -41.3076 3
      vertex 30.173 -11.5036 3
      vertex 29.4395 -10.9017 3
    endloop
  endfacet
  facet normal -0 0 1
    outer loop
      vertex 27.8637 -42.6045 3
      vertex 49.9125 -56.9143 3
      vertex 27.9231 -42.3496 3
    endloop
  endfacet
  facet normal 0 0 1
    outer loop
      vertex 27.9914 -41.3076 3
      vertex 29.4395 -10.9017 3
      vertex 28.747 -10.253 3
    endloop
  endfacet
  facet normal 0 0 1
    outer loop
      vertex 22.4693 -37.8737 3
      vertex 28.747 -10.253 3
      vertex 28.0983 -9.56051 3
    endloop
  endfacet
  facet normal -0 0 1
    outer loop
      vertex 27.7877 -42.855 3
      vertex 49.9125 -56.9143 3
      vertex 27.8637 -42.6045 3
    endloop
  endfacet
  facet normal -0 0 1
    outer loop
      vertex 27.6955 -43.1 3
      vertex 49.9125 -56.9143 3
      vertex 27.7877 -42.855 3
    endloop
  endfacet
  facet normal 0 0 1
    outer loop
      vertex 49.9125 -56.9143 3
      vertex 27.6955 -43.1 3
      vertex 46.0832 -60.0568 3
    endloop
  endfacet
  facet normal -0 0 1
    outer loop
      vertex 27.5875 -43.3384 3
      vertex 46.0832 -60.0568 3
      vertex 27.6955 -43.1 3
    endloop
  endfacet
  facet normal -0 0 1
    outer loop
      vertex 27.4641 -43.5692 3
      vertex 46.0832 -60.0568 3
      vertex 27.5875 -43.3384 3
    endloop
  endfacet
  facet normal -0 0 1
    outer loop
      vertex 27.3259 -43.7915 3
      vertex 46.0832 -60.0568 3
      vertex 27.4641 -43.5692 3
    endloop
  endfacet
  facet normal -0 0 1
    outer loop
      vertex 27.1734 -44.0043 3
      vertex 46.0832 -60.0568 3
      vertex 27.3259 -43.7915 3
    endloop
  endfacet
  facet normal 0 0 1
    outer loop
      vertex 46.0832 -60.0568 3
      vertex 27.1734 -44.0043 3
      vertex 42.0567 -62.9422 3
    endloop
  endfacet
  facet normal -0 0 1
    outer loop
      vertex 27.0074 -44.2066 3
      vertex 42.0567 -62.9422 3
      vertex 27.1734 -44.0043 3
    endloop
  endfacet
  facet normal -0 0 1
    outer loop
      vertex 26.8284 -44.3976 3
      vertex 42.0567 -62.9422 3
      vertex 27.0074 -44.2066 3
    endloop
  endfacet
  facet normal -0 0 1
    outer loop
      vertex 26.6374 -44.5766 3
      vertex 42.0567 -62.9422 3
      vertex 26.8284 -44.3976 3
    endloop
  endfacet
  facet normal -0 0 1
    outer loop
      vertex 26.435 -44.7426 3
      vertex 42.0567 -62.9422 3
      vertex 26.6374 -44.5766 3
    endloop
  endfacet
  facet normal 0 0 1
    outer loop
      vertex 42.0567 -62.9422 3
      vertex 26.435 -44.7426 3
      vertex 37.85 -65.5581 3
    endloop
  endfacet
  facet normal -0 0 1
    outer loop
      vertex 26.2223 -44.8951 3
      vertex 37.85 -65.5581 3
      vertex 26.435 -44.7426 3
    endloop
  endfacet
  facet normal -0 0 1
    outer loop
      vertex 26 -45.0333 3
      vertex 37.85 -65.5581 3
      vertex 26.2223 -44.8951 3
    endloop
  endfacet
  facet normal -0 0 1
    outer loop
      vertex 25.7692 -45.1567 3
      vertex 37.85 -65.5581 3
      vertex 26 -45.0333 3
    endloop
  endfacet
  facet normal -0 0 1
    outer loop
      vertex 25.5307 -45.2647 3
      vertex 37.85 -65.5581 3
      vertex 25.7692 -45.1567 3
    endloop
  endfacet
  facet normal 0 0 1
    outer loop
      vertex 37.85 -65.5581 3
      vertex 25.5307 -45.2647 3
      vertex 33.4813 -67.8933 3
    endloop
  endfacet
  facet normal -0 0 1
    outer loop
      vertex 25.2858 -45.3569 3
      vertex 33.4813 -67.8933 3
      vertex 25.5307 -45.2647 3
    endloop
  endfacet
  facet normal -0 0 1
    outer loop
      vertex 25.0353 -45.4329 3
      vertex 33.4813 -67.8933 3
      vertex 25.2858 -45.3569 3
    endloop
  endfacet
  facet normal -0 0 1
    outer loop
      vertex 24.7804 -45.4924 3
      vertex 33.4813 -67.8933 3
      vertex 25.0353 -45.4329 3
    endloop
  endfacet
  facet normal -0 0 1
    outer loop
      vertex 24.5221 -45.535 3
      vertex 33.4813 -67.8933 3
      vertex 24.7804 -45.4924 3
    endloop
  endfacet
  facet normal 0 0 1
    outer loop
      vertex 33.4813 -67.8933 3
      vertex 24.5221 -45.535 3
      vertex 28.9691 -69.9377 3
    endloop
  endfacet
  facet normal -0 0 1
    outer loop
      vertex 24.2616 -45.5607 3
      vertex 28.9691 -69.9377 3
      vertex 24.5221 -45.535 3
    endloop
  endfacet
  facet normal -0 0 1
    outer loop
      vertex 24 -45.5692 3
      vertex 28.9691 -69.9377 3
      vertex 24.2616 -45.5607 3
    endloop
  endfacet
  facet normal 0 0 1
    outer loop
      vertex 23.7384 -45.5607 3
      vertex 28.9691 -69.9377 3
      vertex 24 -45.5692 3
    endloop
  endfacet
  facet normal 0 0 1
    outer loop
      vertex 23.4779 -45.535 3
      vertex 28.9691 -69.9377 3
      vertex 23.7384 -45.5607 3
    endloop
  endfacet
  facet normal 0 0 1
    outer loop
      vertex 28.9691 -69.9377 3
      vertex 23.4779 -45.535 3
      vertex 24.333 -71.6826 3
    endloop
  endfacet
  facet normal 0 0 1
    outer loop
      vertex 23.2196 -45.4924 3
      vertex 24.333 -71.6826 3
      vertex 23.4779 -45.535 3
    endloop
  endfacet
  facet normal 0 0 1
    outer loop
      vertex 22.9647 -45.4329 3
      vertex 24.333 -71.6826 3
      vertex 23.2196 -45.4924 3
    endloop
  endfacet
  facet normal 0 0 1
    outer loop
      vertex 22.7142 -45.3569 3
      vertex 24.333 -71.6826 3
      vertex 22.9647 -45.4329 3
    endloop
  endfacet
  facet normal 0 0 1
    outer loop
      vertex 19.5926 -73.1206 3
      vertex 22.7142 -45.3569 3
      vertex 22.4693 -45.2647 3
    endloop
  endfacet
  facet normal 0 0 1
    outer loop
      vertex 19.5926 -73.1206 3
      vertex 22.4693 -45.2647 3
      vertex 22.2308 -45.1567 3
    endloop
  endfacet
  facet normal 0 0 1
    outer loop
      vertex 19.5926 -73.1206 3
      vertex 22.2308 -45.1567 3
      vertex 22 -45.0333 3
    endloop
  endfacet
  facet normal 0 0 1
    outer loop
      vertex 19.5926 -73.1206 3
      vertex 22 -45.0333 3
      vertex 21.7777 -44.8951 3
    endloop
  endfacet
  facet normal 0 0 1
    outer loop
      vertex 14.7683 -74.2454 3
      vertex 21.7777 -44.8951 3
      vertex 21.565 -44.7426 3
    endloop
  endfacet
  facet normal 0 0 1
    outer loop
      vertex 14.7683 -74.2454 3
      vertex 21.565 -44.7426 3
      vertex 21.3626 -44.5766 3
    endloop
  endfacet
  facet normal 0 0 1
    outer loop
      vertex 14.7683 -74.2454 3
      vertex 21.3626 -44.5766 3
      vertex 21.1716 -44.3976 3
    endloop
  endfacet
  facet normal 0 0 1
    outer loop
      vertex 14.7683 -74.2454 3
      vertex 21.1716 -44.3976 3
      vertex 20.9926 -44.2066 3
    endloop
  endfacet
  facet normal 0 0 1
    outer loop
      vertex 14.7683 -74.2454 3
      vertex 20.9926 -44.2066 3
      vertex 20.8266 -44.0043 3
    endloop
  endfacet
  facet normal 0 0 1
    outer loop
      vertex 14.7683 -74.2454 3
      vertex 20.8266 -44.0043 3
      vertex 20.6741 -43.7915 3
    endloop
  endfacet
  facet normal 0 0 1
    outer loop
      vertex 14.7683 -74.2454 3
      vertex 20.6741 -43.7915 3
      vertex 20.5359 -43.5692 3
    endloop
  endfacet
  facet normal 0 0 1
    outer loop
      vertex 14.7683 -74.2454 3
      vertex 20.5359 -43.5692 3
      vertex 20.4125 -43.3384 3
    endloop
  endfacet
  facet normal 0 0 1
    outer loop
      vertex 14.7683 -74.2454 3
      vertex 20.4125 -43.3384 3
      vertex 20.3045 -43.1 3
    endloop
  endfacet
  facet normal 0 0 1
    outer loop
      vertex 14.7683 -74.2454 3
      vertex 20.3045 -43.1 3
      vertex 20.2123 -42.855 3
    endloop
  endfacet
  facet normal 0 0 1
    outer loop
      vertex 14.7683 -74.2454 3
      vertex 20.2123 -42.855 3
      vertex 20.1363 -42.6045 3
    endloop
  endfacet
  facet normal 0 0 1
    outer loop
      vertex 14.7683 -74.2454 3
      vertex 20.1363 -42.6045 3
      vertex 20.0769 -42.3496 3
    endloop
  endfacet
  facet normal 0 0 1
    outer loop
      vertex 14.7683 -74.2454 3
      vertex 20.0769 -42.3496 3
      vertex 20.0342 -42.0913 3
    endloop
  endfacet
  facet normal 0 0 1
    outer loop
      vertex 22.7142 -45.3569 3
      vertex 19.5926 -73.1206 3
      vertex 24.333 -71.6826 3
    endloop
  endfacet
  facet normal 0 0 1
    outer loop
      vertex 14.7683 -74.2454 3
      vertex 20.0342 -42.0913 3
      vertex 20.0086 -41.8308 3
    endloop
  endfacet
  facet normal 0 0 1
    outer loop
      vertex 14.7683 -74.2454 3
      vertex 20.0086 -41.8308 3
      vertex 20 -41.5692 3
    endloop
  endfacet
  facet normal 0 0 1
    outer loop
      vertex 25.6037 5.54891 3
      vertex 6.66684 20.0224 3
      vertex 25.2695 4.66087 3
    endloop
  endfacet
  facet normal 0 -0 1
    outer loop
      vertex 7.91215 39.0221 3
      vertex 20.2123 42.855 3
      vertex 7.30514 39.5202 3
    endloop
  endfacet
  facet normal 0 0 1
    outer loop
      vertex 20.0086 -41.3076 3
      vertex 14.7683 -74.2454 3
      vertex 20 -41.5692 3
    endloop
  endfacet
  facet normal 0 0 1
    outer loop
      vertex 21.7777 -44.8951 3
      vertex 14.7683 -74.2454 3
      vertex 19.5926 -73.1206 3
    endloop
  endfacet
  facet normal 0 0 1
    outer loop
      vertex 22.4693 37.8737 3
      vertex 11.9743 30.7848 3
      vertex 12 30 3
    endloop
  endfacet
  facet normal 0 0 1
    outer loop
      vertex 22 38.1051 3
      vertex 11.8973 31.5663 3
      vertex 11.9743 30.7848 3
    endloop
  endfacet
  facet normal 0 0 1
    outer loop
      vertex 21.7777 38.2433 3
      vertex 11.7694 32.3411 3
      vertex 11.8973 31.5663 3
    endloop
  endfacet
  facet normal 0 0 1
    outer loop
      vertex 21.3626 38.5619 3
      vertex 11.5911 33.1058 3
      vertex 11.7694 32.3411 3
    endloop
  endfacet
  facet normal 0 0 1
    outer loop
      vertex 20.9926 38.9318 3
      vertex 11.3632 33.8573 3
      vertex 11.5911 33.1058 3
    endloop
  endfacet
  facet normal 0 0 1
    outer loop
      vertex 20.6741 39.3469 3
      vertex 11.0866 34.5922 3
      vertex 11.3632 33.8573 3
    endloop
  endfacet
  facet normal 0 0 1
    outer loop
      vertex 20.4125 39.8001 3
      vertex 10.7625 35.3075 3
      vertex 11.0866 34.5922 3
    endloop
  endfacet
  facet normal 0 0 1
    outer loop
      vertex 20.3045 40.0385 3
      vertex 10.3923 36 3
      vertex 10.7625 35.3075 3
    endloop
  endfacet
  facet normal 0 0 1
    outer loop
      vertex 20.1363 40.5339 3
      vertex 9.97763 36.6668 3
      vertex 10.3923 36 3
    endloop
  endfacet
  facet normal 0 0 1
    outer loop
      vertex 3.85727 41.3632 3
      vertex 14.7683 74.2454 3
      vertex 9.88083 75.0524 3
    endloop
  endfacet
  facet normal 0 0 1
    outer loop
      vertex 20.0342 41.0471 3
      vertex 9.52024 37.3051 3
      vertex 9.97763 36.6668 3
    endloop
  endfacet
  facet normal 0 0 1
    outer loop
      vertex 20 41.5692 3
      vertex 9.02208 37.9121 3
      vertex 9.52024 37.3051 3
    endloop
  endfacet
  facet normal 0 0 1
    outer loop
      vertex 20.0086 41.8308 3
      vertex 9.02208 37.9121 3
      vertex 20 41.5692 3
    endloop
  endfacet
  facet normal 0 -0 1
    outer loop
      vertex 9.02208 37.9121 3
      vertex 20.0086 41.8308 3
      vertex 8.48528 38.4853 3
    endloop
  endfacet
  facet normal 0 0 1
    outer loop
      vertex 20.0342 42.0913 3
      vertex 8.48528 38.4853 3
      vertex 20.0086 41.8308 3
    endloop
  endfacet
  facet normal 0 0 1
    outer loop
      vertex 20.0769 42.3496 3
      vertex 8.48528 38.4853 3
      vertex 20.0342 42.0913 3
    endloop
  endfacet
  facet normal 0 -0 1
    outer loop
      vertex 8.48528 38.4853 3
      vertex 20.0769 42.3496 3
      vertex 7.91215 39.0221 3
    endloop
  endfacet
  facet normal 0 0 1
    outer loop
      vertex 20.1363 42.6045 3
      vertex 7.91215 39.0221 3
      vertex 20.0769 42.3496 3
    endloop
  endfacet
  facet normal 0 0 1
    outer loop
      vertex 2.34108 41.7694 3
      vertex 9.88083 75.0524 3
      vertex 4.95102 75.5379 3
    endloop
  endfacet
  facet normal 0 0 1
    outer loop
      vertex 20.2123 42.855 3
      vertex 7.91215 39.0221 3
      vertex 20.1363 42.6045 3
    endloop
  endfacet
  facet normal 0 0 1
    outer loop
      vertex 20.9926 44.2066 3
      vertex 5.30746 40.7625 3
      vertex 20.8266 44.0043 3
    endloop
  endfacet
  facet normal 0 0 1
    outer loop
      vertex 9.88083 75.0524 3
      vertex 3.10583 41.5911 3
      vertex 3.85727 41.3632 3
    endloop
  endfacet
  facet normal 0 0 1
    outer loop
      vertex 9.88083 75.0524 3
      vertex 2.34108 41.7694 3
      vertex 3.10583 41.5911 3
    endloop
  endfacet
  facet normal 0 0 1
    outer loop
      vertex 4.95102 75.5379 3
      vertex 1.56631 41.8973 3
      vertex 2.34108 41.7694 3
    endloop
  endfacet
  facet normal 0 0 1
    outer loop
      vertex 4.95102 75.5379 3
      vertex 0.784837 41.9743 3
      vertex 1.56631 41.8973 3
    endloop
  endfacet
  facet normal 0 0 1
    outer loop
      vertex 0 75.7 3
      vertex 0.784837 41.9743 3
      vertex 4.95102 75.5379 3
    endloop
  endfacet
  facet normal 0 0 1
    outer loop
      vertex 0 75.7 3
      vertex 0 42 3
      vertex 0.784837 41.9743 3
    endloop
  endfacet
  facet normal 0 0 1
    outer loop
      vertex 0 75.7 3
      vertex -0.784837 41.9743 3
      vertex 0 42 3
    endloop
  endfacet
  facet normal -0 0 1
    outer loop
      vertex -4.95102 75.5379 3
      vertex -0.784837 41.9743 3
      vertex 0 75.7 3
    endloop
  endfacet
  facet normal 0 0 1
    outer loop
      vertex -0.784837 41.9743 3
      vertex -4.95102 75.5379 3
      vertex -1.56631 41.8973 3
    endloop
  endfacet
  facet normal 0 0 1
    outer loop
      vertex -1.56631 41.8973 3
      vertex -4.95102 75.5379 3
      vertex -2.34108 41.7694 3
    endloop
  endfacet
  facet normal -0 0 1
    outer loop
      vertex -9.88083 75.0524 3
      vertex -2.34108 41.7694 3
      vertex -4.95102 75.5379 3
    endloop
  endfacet
  facet normal 0 0 1
    outer loop
      vertex -2.34108 41.7694 3
      vertex -9.88083 75.0524 3
      vertex -3.10583 41.5911 3
    endloop
  endfacet
  facet normal 0 0 1
    outer loop
      vertex -3.10583 41.5911 3
      vertex -9.88083 75.0524 3
      vertex -3.85727 41.3632 3
    endloop
  endfacet
  facet normal -0 0 1
    outer loop
      vertex -14.7683 74.2454 3
      vertex -3.85727 41.3632 3
      vertex -9.88083 75.0524 3
    endloop
  endfacet
  facet normal 0 0 1
    outer loop
      vertex -3.85727 41.3632 3
      vertex -14.7683 74.2454 3
      vertex -4.5922 41.0866 3
    endloop
  endfacet
  facet normal -0 0 1
    outer loop
      vertex -20.2123 42.855 3
      vertex -4.5922 41.0866 3
      vertex -14.7683 74.2454 3
    endloop
  endfacet
  facet normal 0 0 1
    outer loop
      vertex -4.5922 41.0866 3
      vertex -20.2123 42.855 3
      vertex -5.30746 40.7625 3
    endloop
  endfacet
  facet normal 0 0 1
    outer loop
      vertex -5.30746 40.7625 3
      vertex -20.2123 42.855 3
      vertex -6 40.3923 3
    endloop
  endfacet
  facet normal 0 0 1
    outer loop
      vertex -6 40.3923 3
      vertex -20.2123 42.855 3
      vertex -6.66684 39.9776 3
    endloop
  endfacet
  facet normal 0 0 1
    outer loop
      vertex -6.66684 39.9776 3
      vertex -20.2123 42.855 3
      vertex -7.30514 39.5202 3
    endloop
  endfacet
  facet normal 0 0 1
    outer loop
      vertex -7.30514 39.5202 3
      vertex -20.2123 42.855 3
      vertex -7.91215 39.0221 3
    endloop
  endfacet
  facet normal -0 -0 1
    outer loop
      vertex -20.1363 42.6045 3
      vertex -7.91215 39.0221 3
      vertex -20.2123 42.855 3
    endloop
  endfacet
  facet normal -0 -0 1
    outer loop
      vertex -20.0769 42.3496 3
      vertex -7.91215 39.0221 3
      vertex -20.1363 42.6045 3
    endloop
  endfacet
  facet normal 0 0 1
    outer loop
      vertex -7.91215 39.0221 3
      vertex -20.0769 42.3496 3
      vertex -8.48528 38.4853 3
    endloop
  endfacet
  facet normal -0 -0 1
    outer loop
      vertex -20.0342 42.0913 3
      vertex -8.48528 38.4853 3
      vertex -20.0769 42.3496 3
    endloop
  endfacet
  facet normal 0 0 1
    outer loop
      vertex -8.48528 38.4853 3
      vertex -20.0342 42.0913 3
      vertex -9.02208 37.9121 3
    endloop
  endfacet
  facet normal -0 -0 1
    outer loop
      vertex -20.0086 41.8308 3
      vertex -9.02208 37.9121 3
      vertex -20.0342 42.0913 3
    endloop
  endfacet
  facet normal -0 -0 1
    outer loop
      vertex -20 41.5692 3
      vertex -9.02208 37.9121 3
      vertex -20.0086 41.8308 3
    endloop
  endfacet
  facet normal 0 0 1
    outer loop
      vertex -9.02208 37.9121 3
      vertex -20 41.5692 3
      vertex -9.52024 37.3051 3
    endloop
  endfacet
  facet normal -0 0 1
    outer loop
      vertex -20.0086 41.3076 3
      vertex -9.52024 37.3051 3
      vertex -20 41.5692 3
    endloop
  endfacet
  facet normal -0 0 1
    outer loop
      vertex -20.0342 41.0471 3
      vertex -9.52024 37.3051 3
      vertex -20.0086 41.3076 3
    endloop
  endfacet
  facet normal -0 0 1
    outer loop
      vertex -20.0769 40.7889 3
      vertex -9.97763 36.6668 3
      vertex -20.0342 41.0471 3
    endloop
  endfacet
  facet normal 0 0 1
    outer loop
      vertex -9.52024 37.3051 3
      vertex -20.0342 41.0471 3
      vertex -9.97763 36.6668 3
    endloop
  endfacet
  facet normal 0 0 1
    outer loop
      vertex 38.0517 14.469 3
      vertex 26.8284 38.7408 3
      vertex 37.1074 14.3759 3
    endloop
  endfacet
  facet normal -0 0 1
    outer loop
      vertex 26.6374 38.5619 3
      vertex 37.1074 14.3759 3
      vertex 26.8284 38.7408 3
    endloop
  endfacet
  facet normal -0 0 1
    outer loop
      vertex 26.435 38.3958 3
      vertex 37.1074 14.3759 3
      vertex 26.6374 38.5619 3
    endloop
  endfacet
  facet normal 0 0 1
    outer loop
      vertex 37.1074 14.3759 3
      vertex 26.435 38.3958 3
      vertex 36.1712 14.2214 3
    endloop
  endfacet
  facet normal -0 0 1
    outer loop
      vertex 26.2223 38.2433 3
      vertex 36.1712 14.2214 3
      vertex 26.435 38.3958 3
    endloop
  endfacet
  facet normal -0 0 1
    outer loop
      vertex 26 38.1051 3
      vertex 36.1712 14.2214 3
      vertex 26.2223 38.2433 3
    endloop
  endfacet
  facet normal 0 0 1
    outer loop
      vertex 36.1712 14.2214 3
      vertex 26 38.1051 3
      vertex 35.2471 14.0059 3
    endloop
  endfacet
  facet normal -0 0 1
    outer loop
      vertex 25.7692 37.9817 3
      vertex 35.2471 14.0059 3
      vertex 26 38.1051 3
    endloop
  endfacet
  facet normal 0 0 1
    outer loop
      vertex 35.2471 14.0059 3
      vertex 25.7692 37.9817 3
      vertex 34.3391 13.7305 3
    endloop
  endfacet
  facet normal -0 0 1
    outer loop
      vertex 25.5307 37.8737 3
      vertex 34.3391 13.7305 3
      vertex 25.7692 37.9817 3
    endloop
  endfacet
  facet normal -0 0 1
    outer loop
      vertex 25.2858 37.7815 3
      vertex 34.3391 13.7305 3
      vertex 25.5307 37.8737 3
    endloop
  endfacet
  facet normal 0 0 1
    outer loop
      vertex 34.3391 13.7305 3
      vertex 25.2858 37.7815 3
      vertex 33.4511 13.3963 3
    endloop
  endfacet
  facet normal -0 0 1
    outer loop
      vertex 25.0353 37.7055 3
      vertex 33.4511 13.3963 3
      vertex 25.2858 37.7815 3
    endloop
  endfacet
  facet normal -0 0 1
    outer loop
      vertex 24.7804 37.6461 3
      vertex 33.4511 13.3963 3
      vertex 25.0353 37.7055 3
    endloop
  endfacet
  facet normal 0 0 1
    outer loop
      vertex 33.4511 13.3963 3
      vertex 24.7804 37.6461 3
      vertex 32.5868 13.0047 3
    endloop
  endfacet
  facet normal -0 0 1
    outer loop
      vertex 24.5221 37.6034 3
      vertex 32.5868 13.0047 3
      vertex 24.7804 37.6461 3
    endloop
  endfacet
  facet normal 0 0 1
    outer loop
      vertex 32.5868 13.0047 3
      vertex 24.5221 37.6034 3
      vertex 31.75 12.5574 3
    endloop
  endfacet
  facet normal -0 0 1
    outer loop
      vertex 24.2616 37.5778 3
      vertex 31.75 12.5574 3
      vertex 24.5221 37.6034 3
    endloop
  endfacet
  facet normal 0 0 1
    outer loop
      vertex 23.7384 37.5778 3
      vertex 11.7694 27.6589 3
      vertex 24 37.5692 3
    endloop
  endfacet
  facet normal 0 0 1
    outer loop
      vertex 11.7694 27.6589 3
      vertex 23.7384 37.5778 3
      vertex 11.8973 28.4337 3
    endloop
  endfacet
  facet normal -0 0 1
    outer loop
      vertex 24 37.5692 3
      vertex 11.7694 27.6589 3
      vertex 24.2616 37.5778 3
    endloop
  endfacet
  facet normal 0 0 1
    outer loop
      vertex 24.2616 37.5778 3
      vertex 11.7694 27.6589 3
      vertex 31.75 12.5574 3
    endloop
  endfacet
  facet normal -0 0 1
    outer loop
      vertex 11.5911 26.8942 3
      vertex 31.75 12.5574 3
      vertex 11.7694 27.6589 3
    endloop
  endfacet
  facet normal 0 0 1
    outer loop
      vertex 31.75 12.5574 3
      vertex 11.5911 26.8942 3
      vertex 30.9442 12.0563 3
    endloop
  endfacet
  facet normal -0 0 1
    outer loop
      vertex 11.3632 26.1427 3
      vertex 30.9442 12.0563 3
      vertex 11.5911 26.8942 3
    endloop
  endfacet
  facet normal 0 0 1
    outer loop
      vertex 30.9442 12.0563 3
      vertex 11.3632 26.1427 3
      vertex 30.173 11.5036 3
    endloop
  endfacet
  facet normal -0 0 1
    outer loop
      vertex 11.0866 25.4078 3
      vertex 30.173 11.5036 3
      vertex 11.3632 26.1427 3
    endloop
  endfacet
  facet normal 0 0 1
    outer loop
      vertex 30.173 11.5036 3
      vertex 11.0866 25.4078 3
      vertex 29.4395 10.9017 3
    endloop
  endfacet
  facet normal -0 0 1
    outer loop
      vertex 10.7625 24.6925 3
      vertex 29.4395 10.9017 3
      vertex 11.0866 25.4078 3
    endloop
  endfacet
  facet normal 0 0 1
    outer loop
      vertex 29.4395 10.9017 3
      vertex 10.7625 24.6925 3
      vertex 28.747 10.253 3
    endloop
  endfacet
  facet normal -0 0 1
    outer loop
      vertex 10.3923 24 3
      vertex 28.747 10.253 3
      vertex 10.7625 24.6925 3
    endloop
  endfacet
  facet normal 0 0 1
    outer loop
      vertex 28.747 10.253 3
      vertex 10.3923 24 3
      vertex 28.0983 9.56051 3
    endloop
  endfacet
  facet normal -0 0 1
    outer loop
      vertex 9.97763 23.3332 3
      vertex 28.0983 9.56051 3
      vertex 10.3923 24 3
    endloop
  endfacet
  facet normal 0 0 1
    outer loop
      vertex 28.0983 9.56051 3
      vertex 9.97763 23.3332 3
      vertex 27.4964 8.82704 3
    endloop
  endfacet
  facet normal -0.412698 0.910868 0
    outer loop
      vertex -28.9691 69.9377 0
      vertex -33.4813 67.8933 3
      vertex -28.9691 69.9377 3
    endloop
  endfacet
  facet normal -0.412698 0.910868 0
    outer loop
      vertex -33.4813 67.8933 3
      vertex -28.9691 69.9377 0
      vertex -33.4813 67.8933 0
    endloop
  endfacet
  facet normal -0.471409 0.881914 0
    outer loop
      vertex -33.4813 67.8933 0
      vertex -37.85 65.5581 3
      vertex -33.4813 67.8933 3
    endloop
  endfacet
  facet normal -0.471409 0.881914 0
    outer loop
      vertex -37.85 65.5581 3
      vertex -33.4813 67.8933 0
      vertex -37.85 65.5581 0
    endloop
  endfacet
  facet normal -0.582484 0.812842 0
    outer loop
      vertex -42.0567 62.9422 0
      vertex -46.0832 60.0568 3
      vertex -42.0567 62.9422 3
    endloop
  endfacet
  facet normal -0.582484 0.812842 0
    outer loop
      vertex -46.0832 60.0568 3
      vertex -42.0567 62.9422 0
      vertex -46.0832 60.0568 0
    endloop
  endfacet
  facet normal -0.227063 0.97388 0
    outer loop
      vertex -14.7683 74.2454 0
      vertex -19.5926 73.1206 3
      vertex -14.7683 74.2454 3
    endloop
  endfacet
  facet normal -0.227063 0.97388 0
    outer loop
      vertex -19.5926 73.1206 3
      vertex -14.7683 74.2454 0
      vertex -19.5926 73.1206 0
    endloop
  endfacet
  facet normal -0.290288 0.956939 0
    outer loop
      vertex -19.5926 73.1206 0
      vertex -24.333 71.6826 3
      vertex -19.5926 73.1206 3
    endloop
  endfacet
  facet normal -0.290288 0.956939 0
    outer loop
      vertex -24.333 71.6826 3
      vertex -19.5926 73.1206 0
      vertex -24.333 71.6826 0
    endloop
  endfacet
  facet normal -0.0327232 0.999464 0
    outer loop
      vertex 0 75.7 0
      vertex -4.95102 75.5379 3
      vertex 0 75.7 3
    endloop
  endfacet
  facet normal -0.0327232 0.999464 0
    outer loop
      vertex -4.95102 75.5379 3
      vertex 0 75.7 0
      vertex -4.95102 75.5379 0
    endloop
  endfacet
  facet normal 0.0327232 -0.999464 0
    outer loop
      vertex 0 -75.7 0
      vertex 4.95102 -75.5379 3
      vertex 0 -75.7 3
    endloop
  endfacet
  facet normal 0.0327232 -0.999464 0
    outer loop
      vertex 4.95102 -75.5379 3
      vertex 0 -75.7 0
      vertex 4.95102 -75.5379 0
    endloop
  endfacet
  facet normal 0.16291 -0.986641 0
    outer loop
      vertex 9.88083 -75.0524 0
      vertex 14.7683 -74.2454 3
      vertex 9.88083 -75.0524 3
    endloop
  endfacet
  facet normal 0.16291 -0.986641 0
    outer loop
      vertex 14.7683 -74.2454 3
      vertex 9.88083 -75.0524 0
      vertex 14.7683 -74.2454 0
    endloop
  endfacet
  facet normal 0.352249 -0.935906 0
    outer loop
      vertex 24.333 -71.6826 0
      vertex 28.9691 -69.9377 3
      vertex 24.333 -71.6826 3
    endloop
  endfacet
  facet normal 0.352249 -0.935906 0
    outer loop
      vertex 28.9691 -69.9377 3
      vertex 24.333 -71.6826 0
      vertex 28.9691 -69.9377 0
    endloop
  endfacet
  facet normal 0.729863 -0.683594 0
    outer loop
      vertex 53.528 -53.528 3
      vertex 56.9143 -49.9125 0
      vertex 56.9143 -49.9125 3
    endloop
  endfacet
  facet normal 0.729863 -0.683594 0
    outer loop
      vertex 56.9143 -49.9125 0
      vertex 53.528 -53.528 3
      vertex 53.528 -53.528 0
    endloop
  endfacet
  facet normal 0.582484 -0.812842 0
    outer loop
      vertex 42.0567 -62.9422 0
      vertex 46.0832 -60.0568 3
      vertex 42.0567 -62.9422 3
    endloop
  endfacet
  facet normal 0.582484 -0.812842 0
    outer loop
      vertex 46.0832 -60.0568 3
      vertex 42.0567 -62.9422 0
      vertex 46.0832 -60.0568 0
    endloop
  endfacet
  facet normal 0.528069 -0.849202 0
    outer loop
      vertex 37.85 -65.5581 0
      vertex 42.0567 -62.9422 3
      vertex 37.85 -65.5581 3
    endloop
  endfacet
  facet normal 0.528069 -0.849202 0
    outer loop
      vertex 42.0567 -62.9422 3
      vertex 37.85 -65.5581 0
      vertex 42.0567 -62.9422 0
    endloop
  endfacet
  facet normal 0.412698 -0.910868 0
    outer loop
      vertex 28.9691 -69.9377 0
      vertex 33.4813 -67.8933 3
      vertex 28.9691 -69.9377 3
    endloop
  endfacet
  facet normal 0.412698 -0.910868 0
    outer loop
      vertex 33.4813 -67.8933 3
      vertex 28.9691 -69.9377 0
      vertex 33.4813 -67.8933 0
    endloop
  endfacet
  facet normal 0.773023 -0.634378 0
    outer loop
      vertex 56.9143 -49.9125 3
      vertex 60.0568 -46.0832 0
      vertex 60.0568 -46.0832 3
    endloop
  endfacet
  facet normal 0.773023 -0.634378 0
    outer loop
      vertex 60.0568 -46.0832 0
      vertex 56.9143 -49.9125 3
      vertex 56.9143 -49.9125 0
    endloop
  endfacet
  facet normal 0.812842 -0.582484 0
    outer loop
      vertex 60.0568 -46.0832 3
      vertex 62.9422 -42.0567 0
      vertex 62.9422 -42.0567 3
    endloop
  endfacet
  facet normal 0.812842 -0.582484 0
    outer loop
      vertex 62.9422 -42.0567 0
      vertex 60.0568 -46.0832 3
      vertex 60.0568 -46.0832 0
    endloop
  endfacet
  facet normal 0.935906 -0.352249 0
    outer loop
      vertex 69.9377 -28.9691 3
      vertex 71.6826 -24.333 0
      vertex 71.6826 -24.333 3
    endloop
  endfacet
  facet normal 0.935906 -0.352249 0
    outer loop
      vertex 71.6826 -24.333 0
      vertex 69.9377 -28.9691 3
      vertex 69.9377 -28.9691 0
    endloop
  endfacet
  facet normal 0.956939 -0.290288 0
    outer loop
      vertex 71.6826 -24.333 3
      vertex 73.1206 -19.5926 0
      vertex 73.1206 -19.5926 3
    endloop
  endfacet
  facet normal 0.956939 -0.290288 0
    outer loop
      vertex 73.1206 -19.5926 0
      vertex 71.6826 -24.333 3
      vertex 71.6826 -24.333 0
    endloop
  endfacet
  facet normal 0.97388 -0.227063 0
    outer loop
      vertex 73.1206 -19.5926 3
      vertex 74.2454 -14.7683 0
      vertex 74.2454 -14.7683 3
    endloop
  endfacet
  facet normal 0.97388 -0.227063 0
    outer loop
      vertex 74.2454 -14.7683 0
      vertex 73.1206 -19.5926 3
      vertex 73.1206 -19.5926 0
    endloop
  endfacet
  facet normal -0.634378 -0.773023 0
    outer loop
      vertex -49.9125 -56.9143 0
      vertex -46.0832 -60.0568 3
      vertex -49.9125 -56.9143 3
    endloop
  endfacet
  facet normal -0.634378 -0.773023 -0
    outer loop
      vertex -46.0832 -60.0568 3
      vertex -49.9125 -56.9143 0
      vertex -46.0832 -60.0568 0
    endloop
  endfacet
  facet normal -0.471409 -0.881914 0
    outer loop
      vertex -37.85 -65.5581 0
      vertex -33.4813 -67.8933 3
      vertex -37.85 -65.5581 3
    endloop
  endfacet
  facet normal -0.471409 -0.881914 -0
    outer loop
      vertex -33.4813 -67.8933 3
      vertex -37.85 -65.5581 0
      vertex -33.4813 -67.8933 0
    endloop
  endfacet
  facet normal -0.290288 -0.956939 0
    outer loop
      vertex -24.333 -71.6826 0
      vertex -19.5926 -73.1206 3
      vertex -24.333 -71.6826 3
    endloop
  endfacet
  facet normal -0.290288 -0.956939 -0
    outer loop
      vertex -19.5926 -73.1206 3
      vertex -24.333 -71.6826 0
      vertex -19.5926 -73.1206 0
    endloop
  endfacet
  facet normal -0.0980084 -0.995186 0
    outer loop
      vertex -9.88083 -75.0524 0
      vertex -4.95102 -75.5379 3
      vertex -9.88083 -75.0524 3
    endloop
  endfacet
  facet normal -0.0980084 -0.995186 -0
    outer loop
      vertex -4.95102 -75.5379 3
      vertex -9.88083 -75.0524 0
      vertex -4.95102 -75.5379 0
    endloop
  endfacet
  facet normal -0.812842 -0.582484 0
    outer loop
      vertex -60.0568 -46.0832 0
      vertex -62.9422 -42.0567 3
      vertex -62.9422 -42.0567 0
    endloop
  endfacet
  facet normal -0.812842 -0.582484 0
    outer loop
      vertex -62.9422 -42.0567 3
      vertex -60.0568 -46.0832 0
      vertex -60.0568 -46.0832 3
    endloop
  endfacet
  facet normal -0.849202 -0.528069 0
    outer loop
      vertex -62.9422 -42.0567 0
      vertex -65.5581 -37.85 3
      vertex -65.5581 -37.85 0
    endloop
  endfacet
  facet normal -0.849202 -0.528069 0
    outer loop
      vertex -65.5581 -37.85 3
      vertex -62.9422 -42.0567 0
      vertex -62.9422 -42.0567 3
    endloop
  endfacet
  facet normal -0.97388 -0.227063 0
    outer loop
      vertex -73.1206 -19.5926 0
      vertex -74.2454 -14.7683 3
      vertex -74.2454 -14.7683 0
    endloop
  endfacet
  facet normal -0.97388 -0.227063 0
    outer loop
      vertex -74.2454 -14.7683 3
      vertex -73.1206 -19.5926 0
      vertex -73.1206 -19.5926 3
    endloop
  endfacet
  facet normal -0.935906 -0.352249 0
    outer loop
      vertex -69.9377 -28.9691 0
      vertex -71.6826 -24.333 3
      vertex -71.6826 -24.333 0
    endloop
  endfacet
  facet normal -0.935906 -0.352249 0
    outer loop
      vertex -71.6826 -24.333 3
      vertex -69.9377 -28.9691 0
      vertex -69.9377 -28.9691 3
    endloop
  endfacet
  facet normal -0.986641 -0.16291 0
    outer loop
      vertex -74.2454 -14.7683 0
      vertex -75.0524 -9.88083 3
      vertex -75.0524 -9.88083 0
    endloop
  endfacet
  facet normal -0.986641 -0.16291 0
    outer loop
      vertex -75.0524 -9.88083 3
      vertex -74.2454 -14.7683 0
      vertex -74.2454 -14.7683 3
    endloop
  endfacet
  facet normal -0.999464 -0.0327232 0
    outer loop
      vertex -75.5379 -4.95102 0
      vertex -75.7 0 3
      vertex -75.7 0 0
    endloop
  endfacet
  facet normal -0.999464 -0.0327232 0
    outer loop
      vertex -75.7 0 3
      vertex -75.5379 -4.95102 0
      vertex -75.5379 -4.95102 3
    endloop
  endfacet
  facet normal 0.729863 0.683594 0
    outer loop
      vertex 56.9143 49.9125 3
      vertex 53.528 53.528 0
      vertex 53.528 53.528 3
    endloop
  endfacet
  facet normal 0.729863 0.683594 0
    outer loop
      vertex 53.528 53.528 0
      vertex 56.9143 49.9125 3
      vertex 56.9143 49.9125 0
    endloop
  endfacet
  facet normal 0.471409 0.881914 -0
    outer loop
      vertex 37.85 65.5581 0
      vertex 33.4813 67.8933 3
      vertex 37.85 65.5581 3
    endloop
  endfacet
  facet normal 0.471409 0.881914 0
    outer loop
      vertex 33.4813 67.8933 3
      vertex 37.85 65.5581 0
      vertex 33.4813 67.8933 0
    endloop
  endfacet
  facet normal -0.812842 0.582484 0
    outer loop
      vertex -62.9422 42.0567 0
      vertex -60.0568 46.0832 3
      vertex -60.0568 46.0832 0
    endloop
  endfacet
  facet normal -0.812842 0.582484 0
    outer loop
      vertex -60.0568 46.0832 3
      vertex -62.9422 42.0567 0
      vertex -62.9422 42.0567 3
    endloop
  endfacet
  facet normal -0.773023 0.634378 0
    outer loop
      vertex -60.0568 46.0832 0
      vertex -56.9143 49.9125 3
      vertex -56.9143 49.9125 0
    endloop
  endfacet
  facet normal -0.773023 0.634378 0
    outer loop
      vertex -56.9143 49.9125 3
      vertex -60.0568 46.0832 0
      vertex -60.0568 46.0832 3
    endloop
  endfacet
  facet normal -0.881914 0.471409 0
    outer loop
      vertex -67.8933 33.4813 0
      vertex -65.5581 37.85 3
      vertex -65.5581 37.85 0
    endloop
  endfacet
  facet normal -0.881914 0.471409 0
    outer loop
      vertex -65.5581 37.85 3
      vertex -67.8933 33.4813 0
      vertex -67.8933 33.4813 3
    endloop
  endfacet
  facet normal 0.999464 -0.0327232 0
    outer loop
      vertex 75.5379 -4.95102 3
      vertex 75.7 0 0
      vertex 75.7 0 3
    endloop
  endfacet
  facet normal 0.999464 -0.0327232 0
    outer loop
      vertex 75.7 0 0
      vertex 75.5379 -4.95102 3
      vertex 75.5379 -4.95102 0
    endloop
  endfacet
  facet normal 0.0980084 -0.995186 0
    outer loop
      vertex 4.95102 -75.5379 0
      vertex 9.88083 -75.0524 3
      vertex 4.95102 -75.5379 3
    endloop
  endfacet
  facet normal 0.0980084 -0.995186 0
    outer loop
      vertex 9.88083 -75.0524 3
      vertex 4.95102 -75.5379 0
      vertex 9.88083 -75.0524 0
    endloop
  endfacet
  facet normal 0.290288 -0.956939 0
    outer loop
      vertex 19.5926 -73.1206 0
      vertex 24.333 -71.6826 3
      vertex 19.5926 -73.1206 3
    endloop
  endfacet
  facet normal 0.290288 -0.956939 0
    outer loop
      vertex 24.333 -71.6826 3
      vertex 19.5926 -73.1206 0
      vertex 24.333 -71.6826 0
    endloop
  endfacet
  facet normal 0.634378 -0.773023 0
    outer loop
      vertex 46.0832 -60.0568 0
      vertex 49.9125 -56.9143 3
      vertex 46.0832 -60.0568 3
    endloop
  endfacet
  facet normal 0.634378 -0.773023 0
    outer loop
      vertex 49.9125 -56.9143 3
      vertex 46.0832 -60.0568 0
      vertex 49.9125 -56.9143 0
    endloop
  endfacet
  facet normal 0.471409 -0.881914 0
    outer loop
      vertex 33.4813 -67.8933 0
      vertex 37.85 -65.5581 3
      vertex 33.4813 -67.8933 3
    endloop
  endfacet
  facet normal 0.471409 -0.881914 0
    outer loop
      vertex 37.85 -65.5581 3
      vertex 33.4813 -67.8933 0
      vertex 37.85 -65.5581 0
    endloop
  endfacet
  facet normal 0.910868 -0.412698 0
    outer loop
      vertex 67.8933 -33.4813 3
      vertex 69.9377 -28.9691 0
      vertex 69.9377 -28.9691 3
    endloop
  endfacet
  facet normal 0.910868 -0.412698 0
    outer loop
      vertex 69.9377 -28.9691 0
      vertex 67.8933 -33.4813 3
      vertex 67.8933 -33.4813 0
    endloop
  endfacet
  facet normal -0.582484 -0.812842 0
    outer loop
      vertex -46.0832 -60.0568 0
      vertex -42.0567 -62.9422 3
      vertex -46.0832 -60.0568 3
    endloop
  endfacet
  facet normal -0.582484 -0.812842 -0
    outer loop
      vertex -42.0567 -62.9422 3
      vertex -46.0832 -60.0568 0
      vertex -42.0567 -62.9422 0
    endloop
  endfacet
  facet normal -0.412698 -0.910868 0
    outer loop
      vertex -33.4813 -67.8933 0
      vertex -28.9691 -69.9377 3
      vertex -33.4813 -67.8933 3
    endloop
  endfacet
  facet normal -0.412698 -0.910868 -0
    outer loop
      vertex -28.9691 -69.9377 3
      vertex -33.4813 -67.8933 0
      vertex -28.9691 -69.9377 0
    endloop
  endfacet
  facet normal -0.227063 -0.97388 0
    outer loop
      vertex -19.5926 -73.1206 0
      vertex -14.7683 -74.2454 3
      vertex -19.5926 -73.1206 3
    endloop
  endfacet
  facet normal -0.227063 -0.97388 -0
    outer loop
      vertex -14.7683 -74.2454 3
      vertex -19.5926 -73.1206 0
      vertex -14.7683 -74.2454 0
    endloop
  endfacet
  facet normal -0.773023 -0.634378 0
    outer loop
      vertex -56.9143 -49.9125 0
      vertex -60.0568 -46.0832 3
      vertex -60.0568 -46.0832 0
    endloop
  endfacet
  facet normal -0.773023 -0.634378 0
    outer loop
      vertex -60.0568 -46.0832 3
      vertex -56.9143 -49.9125 0
      vertex -56.9143 -49.9125 3
    endloop
  endfacet
  facet normal -0.881914 -0.471409 0
    outer loop
      vertex -65.5581 -37.85 0
      vertex -67.8933 -33.4813 3
      vertex -67.8933 -33.4813 0
    endloop
  endfacet
  facet normal -0.881914 -0.471409 0
    outer loop
      vertex -67.8933 -33.4813 3
      vertex -65.5581 -37.85 0
      vertex -65.5581 -37.85 3
    endloop
  endfacet
  facet normal -0.956939 -0.290288 0
    outer loop
      vertex -71.6826 -24.333 0
      vertex -73.1206 -19.5926 3
      vertex -73.1206 -19.5926 0
    endloop
  endfacet
  facet normal -0.956939 -0.290288 0
    outer loop
      vertex -73.1206 -19.5926 3
      vertex -71.6826 -24.333 0
      vertex -71.6826 -24.333 3
    endloop
  endfacet
  facet normal -0.995186 -0.0980084 0
    outer loop
      vertex -75.0524 -9.88083 0
      vertex -75.5379 -4.95102 3
      vertex -75.5379 -4.95102 0
    endloop
  endfacet
  facet normal -0.995186 -0.0980084 0
    outer loop
      vertex -75.5379 -4.95102 3
      vertex -75.0524 -9.88083 0
      vertex -75.0524 -9.88083 3
    endloop
  endfacet
  facet normal -0.99946 -0.0328554 0
    outer loop
      vertex 52 0 0
      vertex 51.9914 0.261612 4
      vertex 51.9914 0.261612 0
    endloop
  endfacet
  facet normal -0.99946 -0.0328554 0
    outer loop
      vertex 51.9914 0.261612 4
      vertex 52 0 0
      vertex 52 0 4
    endloop
  endfacet
  facet normal 0.99946 0.0328554 0
    outer loop
      vertex 44.0086 -0.261612 4
      vertex 44 0 0
      vertex 44 0 4
    endloop
  endfacet
  facet normal 0.99946 0.0328554 0
    outer loop
      vertex 44 0 0
      vertex 44.0086 -0.261612 4
      vertex 44.0086 -0.261612 0
    endloop
  endfacet
  facet normal 0.0327042 -0.999465 0
    outer loop
      vertex 47.7384 3.99144 0
      vertex 48 4 4
      vertex 47.7384 3.99144 4
    endloop
  endfacet
  facet normal 0.0327042 -0.999465 0
    outer loop
      vertex 48 4 4
      vertex 47.7384 3.99144 0
      vertex 48 4 0
    endloop
  endfacet
  facet normal -0.0327042 0.999465 0
    outer loop
      vertex 48.2616 -3.99144 0
      vertex 48 -4 4
      vertex 48.2616 -3.99144 4
    endloop
  endfacet
  facet normal -0.0327042 0.999465 0
    outer loop
      vertex 48 -4 4
      vertex 48.2616 -3.99144 0
      vertex 48 -4 0
    endloop
  endfacet
  facet normal -0.683672 -0.72979 0
    outer loop
      vertex 50.6374 3.00736 0
      vertex 50.8284 2.82843 4
      vertex 50.6374 3.00736 4
    endloop
  endfacet
  facet normal -0.683672 -0.72979 -0
    outer loop
      vertex 50.8284 2.82843 4
      vertex 50.6374 3.00736 0
      vertex 50.8284 2.82843 0
    endloop
  endfacet
  facet normal 0.729746 -0.683719 0
    outer loop
      vertex 44.9926 2.63738 4
      vertex 45.1716 2.82843 0
      vertex 45.1716 2.82843 4
    endloop
  endfacet
  facet normal 0.729746 -0.683719 0
    outer loop
      vertex 45.1716 2.82843 0
      vertex 44.9926 2.63738 4
      vertex 44.9926 2.63738 0
    endloop
  endfacet
  facet normal 0.412603 -0.910911 0
    outer loop
      vertex 46.2308 3.58749 0
      vertex 46.4693 3.69552 4
      vertex 46.2308 3.58749 4
    endloop
  endfacet
  facet normal 0.412603 -0.910911 0
    outer loop
      vertex 46.4693 3.69552 4
      vertex 46.2308 3.58749 0
      vertex 46.4693 3.69552 0
    endloop
  endfacet
  facet normal -0.910902 -0.412622 0
    outer loop
      vertex 51.6955 1.53073 0
      vertex 51.5875 1.76915 4
      vertex 51.5875 1.76915 0
    endloop
  endfacet
  facet normal -0.910902 -0.412622 0
    outer loop
      vertex 51.5875 1.76915 4
      vertex 51.6955 1.53073 0
      vertex 51.6955 1.53073 4
    endloop
  endfacet
  facet normal -0.352338 -0.935873 0
    outer loop
      vertex 49.2858 3.78772 0
      vertex 49.5307 3.69552 4
      vertex 49.2858 3.78772 4
    endloop
  endfacet
  facet normal -0.352338 -0.935873 -0
    outer loop
      vertex 49.5307 3.69552 4
      vertex 49.2858 3.78772 0
      vertex 49.5307 3.69552 0
    endloop
  endfacet
  facet normal -0.582607 -0.812754 0
    outer loop
      vertex 50.2223 3.32588 0
      vertex 50.435 3.17341 4
      vertex 50.2223 3.32588 4
    endloop
  endfacet
  facet normal -0.582607 -0.812754 -0
    outer loop
      vertex 50.435 3.17341 4
      vertex 50.2223 3.32588 0
      vertex 50.435 3.17341 0
    endloop
  endfacet
  facet normal 0.881908 -0.471421 0
    outer loop
      vertex 44.4125 1.76915 4
      vertex 44.5359 2 0
      vertex 44.5359 2 4
    endloop
  endfacet
  facet normal 0.881908 -0.471421 0
    outer loop
      vertex 44.5359 2 0
      vertex 44.4125 1.76915 4
      vertex 44.4125 1.76915 0
    endloop
  endfacet
  facet normal 0.162875 -0.986647 0
    outer loop
      vertex 47.2196 3.92314 0
      vertex 47.4779 3.96578 4
      vertex 47.2196 3.92314 4
    endloop
  endfacet
  facet normal 0.162875 -0.986647 0
    outer loop
      vertex 47.4779 3.96578 4
      vertex 47.2196 3.92314 0
      vertex 47.4779 3.96578 0
    endloop
  endfacet
  facet normal -0.986605 -0.163125 0
    outer loop
      vertex 51.9658 0.522104 0
      vertex 51.9231 0.780361 4
      vertex 51.9231 0.780361 0
    endloop
  endfacet
  facet normal -0.986605 -0.163125 0
    outer loop
      vertex 51.9231 0.780361 4
      vertex 51.9658 0.522104 0
      vertex 51.9658 0.522104 4
    endloop
  endfacet
  facet normal -0.995206 -0.0978044 0
    outer loop
      vertex 51.9914 0.261612 0
      vertex 51.9658 0.522104 4
      vertex 51.9658 0.522104 0
    endloop
  endfacet
  facet normal -0.995206 -0.0978044 0
    outer loop
      vertex 51.9658 0.522104 4
      vertex 51.9914 0.261612 0
      vertex 51.9914 0.261612 4
    endloop
  endfacet
  facet normal -0.162875 -0.986647 0
    outer loop
      vertex 48.5221 3.96578 0
      vertex 48.7804 3.92314 4
      vertex 48.5221 3.96578 4
    endloop
  endfacet
  facet normal -0.162875 -0.986647 -0
    outer loop
      vertex 48.7804 3.92314 4
      vertex 48.5221 3.96578 0
      vertex 48.7804 3.92314 0
    endloop
  endfacet
  facet normal -0.290255 -0.956949 0
    outer loop
      vertex 49.0353 3.8637 0
      vertex 49.2858 3.78772 4
      vertex 49.0353 3.8637 4
    endloop
  endfacet
  facet normal -0.290255 -0.956949 -0
    outer loop
      vertex 49.2858 3.78772 4
      vertex 49.0353 3.8637 0
      vertex 49.2858 3.78772 0
    endloop
  endfacet
  facet normal -0.634267 -0.773114 0
    outer loop
      vertex 50.435 3.17341 0
      vertex 50.6374 3.00736 4
      vertex 50.435 3.17341 4
    endloop
  endfacet
  facet normal -0.634267 -0.773114 -0
    outer loop
      vertex 50.6374 3.00736 4
      vertex 50.435 3.17341 0
      vertex 50.6374 3.00736 0
    endloop
  endfacet
  facet normal 0.935906 -0.352249 0
    outer loop
      vertex 44.2123 1.28576 4
      vertex 44.3045 1.53073 0
      vertex 44.3045 1.53073 4
    endloop
  endfacet
  facet normal 0.935906 -0.352249 0
    outer loop
      vertex 44.3045 1.53073 0
      vertex 44.2123 1.28576 4
      vertex 44.2123 1.28576 0
    endloop
  endfacet
  facet normal 0.986605 -0.163125 0
    outer loop
      vertex 44.0342 0.522104 4
      vertex 44.0769 0.780361 0
      vertex 44.0769 0.780361 4
    endloop
  endfacet
  facet normal 0.986605 -0.163125 0
    outer loop
      vertex 44.0769 0.780361 0
      vertex 44.0342 0.522104 4
      vertex 44.0342 0.522104 0
    endloop
  endfacet
  facet normal 0.956922 -0.290347 0
    outer loop
      vertex 44.1363 1.03528 4
      vertex 44.2123 1.28576 0
      vertex 44.2123 1.28576 4
    endloop
  endfacet
  facet normal 0.956922 -0.290347 0
    outer loop
      vertex 44.2123 1.28576 0
      vertex 44.1363 1.03528 4
      vertex 44.1363 1.03528 0
    endloop
  endfacet
  facet normal 0.995206 -0.0978044 0
    outer loop
      vertex 44.0086 0.261612 4
      vertex 44.0342 0.522104 0
      vertex 44.0342 0.522104 4
    endloop
  endfacet
  facet normal 0.995206 -0.0978044 0
    outer loop
      vertex 44.0342 0.522104 0
      vertex 44.0086 0.261612 4
      vertex 44.0086 0.261612 0
    endloop
  endfacet
  facet normal 0.582607 -0.812754 0
    outer loop
      vertex 45.565 3.17341 0
      vertex 45.7777 3.32588 4
      vertex 45.565 3.17341 4
    endloop
  endfacet
  facet normal 0.582607 -0.812754 0
    outer loop
      vertex 45.7777 3.32588 4
      vertex 45.565 3.17341 0
      vertex 45.7777 3.32588 0
    endloop
  endfacet
  facet normal 0.683672 -0.72979 0
    outer loop
      vertex 45.1716 2.82843 0
      vertex 45.3626 3.00736 4
      vertex 45.1716 2.82843 4
    endloop
  endfacet
  facet normal 0.683672 -0.72979 0
    outer loop
      vertex 45.3626 3.00736 4
      vertex 45.1716 2.82843 0
      vertex 45.3626 3.00736 0
    endloop
  endfacet
  facet normal 0.0980285 -0.995184 0
    outer loop
      vertex 47.4779 3.96578 0
      vertex 47.7384 3.99144 4
      vertex 47.4779 3.96578 4
    endloop
  endfacet
  facet normal 0.0980285 -0.995184 0
    outer loop
      vertex 47.7384 3.99144 4
      vertex 47.4779 3.96578 0
      vertex 47.7384 3.99144 0
    endloop
  endfacet
  facet normal -0.729746 0.683719 0
    outer loop
      vertex 50.8284 -2.82843 0
      vertex 51.0074 -2.63738 4
      vertex 51.0074 -2.63738 0
    endloop
  endfacet
  facet normal -0.729746 0.683719 0
    outer loop
      vertex 51.0074 -2.63738 4
      vertex 50.8284 -2.82843 0
      vertex 50.8284 -2.82843 4
    endloop
  endfacet
  facet normal -0.935906 0.352249 0
    outer loop
      vertex 51.6955 -1.53073 0
      vertex 51.7877 -1.28576 4
      vertex 51.7877 -1.28576 0
    endloop
  endfacet
  facet normal -0.935906 0.352249 0
    outer loop
      vertex 51.7877 -1.28576 4
      vertex 51.6955 -1.53073 0
      vertex 51.6955 -1.53073 4
    endloop
  endfacet
  facet normal 0.352338 0.935873 -0
    outer loop
      vertex 46.7142 -3.78772 0
      vertex 46.4693 -3.69552 4
      vertex 46.7142 -3.78772 4
    endloop
  endfacet
  facet normal 0.352338 0.935873 0
    outer loop
      vertex 46.4693 -3.69552 4
      vertex 46.7142 -3.78772 0
      vertex 46.4693 -3.69552 0
    endloop
  endfacet
  facet normal 0.7731 0.634284 0
    outer loop
      vertex 44.9926 -2.63738 4
      vertex 44.8266 -2.43505 0
      vertex 44.8266 -2.43505 4
    endloop
  endfacet
  facet normal 0.7731 0.634284 0
    outer loop
      vertex 44.8266 -2.43505 0
      vertex 44.9926 -2.63738 4
      vertex 44.9926 -2.63738 0
    endloop
  endfacet
  facet normal -0.0980285 0.995184 0
    outer loop
      vertex 48.5221 -3.96578 0
      vertex 48.2616 -3.99144 4
      vertex 48.5221 -3.96578 4
    endloop
  endfacet
  facet normal -0.0980285 0.995184 0
    outer loop
      vertex 48.2616 -3.99144 4
      vertex 48.5221 -3.96578 0
      vertex 48.2616 -3.99144 0
    endloop
  endfacet
  facet normal -0.412603 0.910911 0
    outer loop
      vertex 49.7692 -3.58749 0
      vertex 49.5307 -3.69552 4
      vertex 49.7692 -3.58749 4
    endloop
  endfacet
  facet normal -0.412603 0.910911 0
    outer loop
      vertex 49.5307 -3.69552 4
      vertex 49.7692 -3.58749 0
      vertex 49.5307 -3.69552 0
    endloop
  endfacet
  facet normal -0.352338 0.935873 0
    outer loop
      vertex 49.5307 -3.69552 0
      vertex 49.2858 -3.78772 4
      vertex 49.5307 -3.69552 4
    endloop
  endfacet
  facet normal -0.352338 0.935873 0
    outer loop
      vertex 49.2858 -3.78772 4
      vertex 49.5307 -3.69552 0
      vertex 49.2858 -3.78772 0
    endloop
  endfacet
  facet normal -0.97391 -0.226936 0
    outer loop
      vertex 51.9231 0.780361 0
      vertex 51.8637 1.03528 4
      vertex 51.8637 1.03528 0
    endloop
  endfacet
  facet normal -0.97391 -0.226936 0
    outer loop
      vertex 51.8637 1.03528 4
      vertex 51.9231 0.780361 0
      vertex 51.9231 0.780361 4
    endloop
  endfacet
  facet normal -0.956922 -0.290347 0
    outer loop
      vertex 51.8637 1.03528 0
      vertex 51.7877 1.28576 4
      vertex 51.7877 1.28576 0
    endloop
  endfacet
  facet normal -0.956922 -0.290347 0
    outer loop
      vertex 51.7877 1.28576 4
      vertex 51.8637 1.03528 0
      vertex 51.8637 1.03528 4
    endloop
  endfacet
  facet normal -0.935906 -0.352249 0
    outer loop
      vertex 51.7877 1.28576 0
      vertex 51.6955 1.53073 4
      vertex 51.6955 1.53073 0
    endloop
  endfacet
  facet normal -0.935906 -0.352249 0
    outer loop
      vertex 51.6955 1.53073 4
      vertex 51.7877 1.28576 0
      vertex 51.7877 1.28576 4
    endloop
  endfacet
  facet normal -0.729746 -0.683719 0
    outer loop
      vertex 51.0074 2.63738 0
      vertex 50.8284 2.82843 4
      vertex 50.8284 2.82843 0
    endloop
  endfacet
  facet normal -0.729746 -0.683719 0
    outer loop
      vertex 50.8284 2.82843 4
      vertex 51.0074 2.63738 0
      vertex 51.0074 2.63738 4
    endloop
  endfacet
  facet normal -0.81279 -0.582556 0
    outer loop
      vertex 51.3259 2.22228 0
      vertex 51.1734 2.43505 4
      vertex 51.1734 2.43505 0
    endloop
  endfacet
  facet normal -0.81279 -0.582556 0
    outer loop
      vertex 51.1734 2.43505 4
      vertex 51.3259 2.22228 0
      vertex 51.3259 2.22228 4
    endloop
  endfacet
  facet normal -0.881908 -0.471421 0
    outer loop
      vertex 51.5875 1.76915 0
      vertex 51.4641 2 4
      vertex 51.4641 2 0
    endloop
  endfacet
  facet normal -0.881908 -0.471421 0
    outer loop
      vertex 51.4641 2 4
      vertex 51.5875 1.76915 0
      vertex 51.5875 1.76915 4
    endloop
  endfacet
  facet normal -0.227097 -0.973872 0
    outer loop
      vertex 48.7804 3.92314 0
      vertex 49.0353 3.8637 4
      vertex 48.7804 3.92314 4
    endloop
  endfacet
  facet normal -0.227097 -0.973872 -0
    outer loop
      vertex 49.0353 3.8637 4
      vertex 48.7804 3.92314 0
      vertex 49.0353 3.8637 0
    endloop
  endfacet
  facet normal -0.0980285 -0.995184 0
    outer loop
      vertex 48.2616 3.99144 0
      vertex 48.5221 3.96578 4
      vertex 48.2616 3.99144 4
    endloop
  endfacet
  facet normal -0.0980285 -0.995184 -0
    outer loop
      vertex 48.5221 3.96578 4
      vertex 48.2616 3.99144 0
      vertex 48.5221 3.96578 0
    endloop
  endfacet
  facet normal -0.0327042 -0.999465 0
    outer loop
      vertex 48 4 0
      vertex 48.2616 3.99144 4
      vertex 48 4 4
    endloop
  endfacet
  facet normal -0.0327042 -0.999465 -0
    outer loop
      vertex 48.2616 3.99144 4
      vertex 48 4 0
      vertex 48.2616 3.99144 0
    endloop
  endfacet
  facet normal -0.471471 -0.881882 0
    outer loop
      vertex 49.7692 3.58749 0
      vertex 50 3.4641 4
      vertex 49.7692 3.58749 4
    endloop
  endfacet
  facet normal -0.471471 -0.881882 -0
    outer loop
      vertex 50 3.4641 4
      vertex 49.7692 3.58749 0
      vertex 50 3.4641 0
    endloop
  endfacet
  facet normal -0.412603 -0.910911 0
    outer loop
      vertex 49.5307 3.69552 0
      vertex 49.7692 3.58749 4
      vertex 49.5307 3.69552 4
    endloop
  endfacet
  facet normal -0.412603 -0.910911 -0
    outer loop
      vertex 49.7692 3.58749 4
      vertex 49.5307 3.69552 0
      vertex 49.7692 3.58749 0
    endloop
  endfacet
  facet normal -0.528026 -0.849228 0
    outer loop
      vertex 50 3.4641 0
      vertex 50.2223 3.32588 4
      vertex 50 3.4641 4
    endloop
  endfacet
  facet normal -0.528026 -0.849228 -0
    outer loop
      vertex 50.2223 3.32588 4
      vertex 50 3.4641 0
      vertex 50.2223 3.32588 0
    endloop
  endfacet
  facet normal 0.910902 -0.412622 0
    outer loop
      vertex 44.3045 1.53073 4
      vertex 44.4125 1.76915 0
      vertex 44.4125 1.76915 4
    endloop
  endfacet
  facet normal 0.910902 -0.412622 0
    outer loop
      vertex 44.4125 1.76915 0
      vertex 44.3045 1.53073 4
      vertex 44.3045 1.53073 0
    endloop
  endfacet
  facet normal 0.97391 -0.226936 0
    outer loop
      vertex 44.0769 0.780361 4
      vertex 44.1363 1.03528 0
      vertex 44.1363 1.03528 4
    endloop
  endfacet
  facet normal 0.97391 -0.226936 0
    outer loop
      vertex 44.1363 1.03528 0
      vertex 44.0769 0.780361 4
      vertex 44.0769 0.780361 0
    endloop
  endfacet
  facet normal 0.99946 -0.0328554 0
    outer loop
      vertex 44 0 4
      vertex 44.0086 0.261612 0
      vertex 44.0086 0.261612 4
    endloop
  endfacet
  facet normal 0.99946 -0.0328554 0
    outer loop
      vertex 44.0086 0.261612 0
      vertex 44 0 4
      vertex 44 0 0
    endloop
  endfacet
  facet normal 0 0 -1
    outer loop
      vertex 51.9914 -0.261612 4
      vertex 51.9914 0.261612 4
      vertex 52 0 4
    endloop
  endfacet
  facet normal 0 0 -1
    outer loop
      vertex 51.9658 -0.522104 4
      vertex 51.9914 0.261612 4
      vertex 51.9914 -0.261612 4
    endloop
  endfacet
  facet normal 0 0 -1
    outer loop
      vertex 51.9658 -0.522104 4
      vertex 51.9658 0.522104 4
      vertex 51.9914 0.261612 4
    endloop
  endfacet
  facet normal 0 0 -1
    outer loop
      vertex 51.9231 -0.780361 4
      vertex 51.9658 0.522104 4
      vertex 51.9658 -0.522104 4
    endloop
  endfacet
  facet normal 0 0 -1
    outer loop
      vertex 51.9231 -0.780361 4
      vertex 51.9231 0.780361 4
      vertex 51.9658 0.522104 4
    endloop
  endfacet
  facet normal 0 0 -1
    outer loop
      vertex 51.8637 -1.03528 4
      vertex 51.9231 0.780361 4
      vertex 51.9231 -0.780361 4
    endloop
  endfacet
  facet normal 0 0 -1
    outer loop
      vertex 51.8637 -1.03528 4
      vertex 51.8637 1.03528 4
      vertex 51.9231 0.780361 4
    endloop
  endfacet
  facet normal 0 0 -1
    outer loop
      vertex 51.7877 -1.28576 4
      vertex 51.8637 1.03528 4
      vertex 51.8637 -1.03528 4
    endloop
  endfacet
  facet normal 0 0 -1
    outer loop
      vertex 51.7877 -1.28576 4
      vertex 51.7877 1.28576 4
      vertex 51.8637 1.03528 4
    endloop
  endfacet
  facet normal 0 0 -1
    outer loop
      vertex 51.6955 -1.53073 4
      vertex 51.7877 1.28576 4
      vertex 51.7877 -1.28576 4
    endloop
  endfacet
  facet normal 0 0 -1
    outer loop
      vertex 51.6955 -1.53073 4
      vertex 51.6955 1.53073 4
      vertex 51.7877 1.28576 4
    endloop
  endfacet
  facet normal 0 0 -1
    outer loop
      vertex 51.5875 -1.76915 4
      vertex 51.6955 1.53073 4
      vertex 51.6955 -1.53073 4
    endloop
  endfacet
  facet normal 0 0 -1
    outer loop
      vertex 51.5875 -1.76915 4
      vertex 51.5875 1.76915 4
      vertex 51.6955 1.53073 4
    endloop
  endfacet
  facet normal 0 0 -1
    outer loop
      vertex 51.4641 -2 4
      vertex 51.5875 1.76915 4
      vertex 51.5875 -1.76915 4
    endloop
  endfacet
  facet normal 0 0 -1
    outer loop
      vertex 51.4641 -2 4
      vertex 51.4641 2 4
      vertex 51.5875 1.76915 4
    endloop
  endfacet
  facet normal 0 0 -1
    outer loop
      vertex 51.3259 -2.22228 4
      vertex 51.4641 2 4
      vertex 51.4641 -2 4
    endloop
  endfacet
  facet normal 0 0 -1
    outer loop
      vertex 51.3259 -2.22228 4
      vertex 51.3259 2.22228 4
      vertex 51.4641 2 4
    endloop
  endfacet
  facet normal 0 0 -1
    outer loop
      vertex 51.1734 -2.43505 4
      vertex 51.3259 2.22228 4
      vertex 51.3259 -2.22228 4
    endloop
  endfacet
  facet normal 0 0 -1
    outer loop
      vertex 51.1734 -2.43505 4
      vertex 51.1734 2.43505 4
      vertex 51.3259 2.22228 4
    endloop
  endfacet
  facet normal 0 0 -1
    outer loop
      vertex 51.0074 -2.63738 4
      vertex 51.1734 2.43505 4
      vertex 51.1734 -2.43505 4
    endloop
  endfacet
  facet normal 0 0 -1
    outer loop
      vertex 51.0074 -2.63738 4
      vertex 51.0074 2.63738 4
      vertex 51.1734 2.43505 4
    endloop
  endfacet
  facet normal 0 0 -1
    outer loop
      vertex 50.8284 -2.82843 4
      vertex 51.0074 2.63738 4
      vertex 51.0074 -2.63738 4
    endloop
  endfacet
  facet normal 0 0 -1
    outer loop
      vertex 50.8284 -2.82843 4
      vertex 50.8284 2.82843 4
      vertex 51.0074 2.63738 4
    endloop
  endfacet
  facet normal 0 0 -1
    outer loop
      vertex 50.6374 -3.00736 4
      vertex 50.8284 2.82843 4
      vertex 50.8284 -2.82843 4
    endloop
  endfacet
  facet normal 0 0 -1
    outer loop
      vertex 50.6374 -3.00736 4
      vertex 50.6374 3.00736 4
      vertex 50.8284 2.82843 4
    endloop
  endfacet
  facet normal 0 0 -1
    outer loop
      vertex 50.435 -3.17341 4
      vertex 50.6374 3.00736 4
      vertex 50.6374 -3.00736 4
    endloop
  endfacet
  facet normal 0 0 -1
    outer loop
      vertex 50.435 -3.17341 4
      vertex 50.435 3.17341 4
      vertex 50.6374 3.00736 4
    endloop
  endfacet
  facet normal 0 0 -1
    outer loop
      vertex 50.2223 -3.32588 4
      vertex 50.435 3.17341 4
      vertex 50.435 -3.17341 4
    endloop
  endfacet
  facet normal 0 0 -1
    outer loop
      vertex 50.2223 -3.32588 4
      vertex 50.2223 3.32588 4
      vertex 50.435 3.17341 4
    endloop
  endfacet
  facet normal 0 0 -1
    outer loop
      vertex 50 -3.4641 4
      vertex 50.2223 3.32588 4
      vertex 50.2223 -3.32588 4
    endloop
  endfacet
  facet normal 0 0 -1
    outer loop
      vertex 50 -3.4641 4
      vertex 50 3.4641 4
      vertex 50.2223 3.32588 4
    endloop
  endfacet
  facet normal 0 0 -1
    outer loop
      vertex 49.7692 -3.58749 4
      vertex 50 3.4641 4
      vertex 50 -3.4641 4
    endloop
  endfacet
  facet normal 0 0 -1
    outer loop
      vertex 49.7692 -3.58749 4
      vertex 49.7692 3.58749 4
      vertex 50 3.4641 4
    endloop
  endfacet
  facet normal 0 0 -1
    outer loop
      vertex 49.5307 -3.69552 4
      vertex 49.7692 3.58749 4
      vertex 49.7692 -3.58749 4
    endloop
  endfacet
  facet normal 0 0 -1
    outer loop
      vertex 49.5307 -3.69552 4
      vertex 49.5307 3.69552 4
      vertex 49.7692 3.58749 4
    endloop
  endfacet
  facet normal 0 0 -1
    outer loop
      vertex 49.2858 -3.78772 4
      vertex 49.5307 3.69552 4
      vertex 49.5307 -3.69552 4
    endloop
  endfacet
  facet normal 0 0 -1
    outer loop
      vertex 49.2858 -3.78772 4
      vertex 49.2858 3.78772 4
      vertex 49.5307 3.69552 4
    endloop
  endfacet
  facet normal 0 0 -1
    outer loop
      vertex 49.0353 -3.8637 4
      vertex 49.2858 3.78772 4
      vertex 49.2858 -3.78772 4
    endloop
  endfacet
  facet normal 0 0 -1
    outer loop
      vertex 49.0353 -3.8637 4
      vertex 49.0353 3.8637 4
      vertex 49.2858 3.78772 4
    endloop
  endfacet
  facet normal 0 0 -1
    outer loop
      vertex 48.7804 -3.92314 4
      vertex 49.0353 3.8637 4
      vertex 49.0353 -3.8637 4
    endloop
  endfacet
  facet normal 0 0 -1
    outer loop
      vertex 48.7804 -3.92314 4
      vertex 48.7804 3.92314 4
      vertex 49.0353 3.8637 4
    endloop
  endfacet
  facet normal 0 0 -1
    outer loop
      vertex 48.5221 -3.96578 4
      vertex 48.7804 3.92314 4
      vertex 48.7804 -3.92314 4
    endloop
  endfacet
  facet normal 0 0 -1
    outer loop
      vertex 48.5221 -3.96578 4
      vertex 48.5221 3.96578 4
      vertex 48.7804 3.92314 4
    endloop
  endfacet
  facet normal 0 0 -1
    outer loop
      vertex 48.2616 -3.99144 4
      vertex 48.5221 3.96578 4
      vertex 48.5221 -3.96578 4
    endloop
  endfacet
  facet normal 0 0 -1
    outer loop
      vertex 48.2616 -3.99144 4
      vertex 48.2616 3.99144 4
      vertex 48.5221 3.96578 4
    endloop
  endfacet
  facet normal 0 0 -1
    outer loop
      vertex 48 -4 4
      vertex 48.2616 3.99144 4
      vertex 48.2616 -3.99144 4
    endloop
  endfacet
  facet normal 0 0 -1
    outer loop
      vertex 48 -4 4
      vertex 48 4 4
      vertex 48.2616 3.99144 4
    endloop
  endfacet
  facet normal 0 0 -1
    outer loop
      vertex 47.7384 -3.99144 4
      vertex 48 4 4
      vertex 48 -4 4
    endloop
  endfacet
  facet normal 0 0 -1
    outer loop
      vertex 47.7384 -3.99144 4
      vertex 47.7384 3.99144 4
      vertex 48 4 4
    endloop
  endfacet
  facet normal 0 0 -1
    outer loop
      vertex 47.4779 -3.96578 4
      vertex 47.7384 3.99144 4
      vertex 47.7384 -3.99144 4
    endloop
  endfacet
  facet normal 0 0 -1
    outer loop
      vertex 47.4779 -3.96578 4
      vertex 47.4779 3.96578 4
      vertex 47.7384 3.99144 4
    endloop
  endfacet
  facet normal 0 0 -1
    outer loop
      vertex 47.2196 -3.92314 4
      vertex 47.4779 3.96578 4
      vertex 47.4779 -3.96578 4
    endloop
  endfacet
  facet normal 0 0 -1
    outer loop
      vertex 47.2196 -3.92314 4
      vertex 47.2196 3.92314 4
      vertex 47.4779 3.96578 4
    endloop
  endfacet
  facet normal 0 0 -1
    outer loop
      vertex 46.9647 -3.8637 4
      vertex 47.2196 3.92314 4
      vertex 47.2196 -3.92314 4
    endloop
  endfacet
  facet normal 0 0 -1
    outer loop
      vertex 46.9647 -3.8637 4
      vertex 46.9647 3.8637 4
      vertex 47.2196 3.92314 4
    endloop
  endfacet
  facet normal 0 0 -1
    outer loop
      vertex 46.7142 -3.78772 4
      vertex 46.9647 3.8637 4
      vertex 46.9647 -3.8637 4
    endloop
  endfacet
  facet normal 0 0 -1
    outer loop
      vertex 46.7142 -3.78772 4
      vertex 46.7142 3.78772 4
      vertex 46.9647 3.8637 4
    endloop
  endfacet
  facet normal 0 0 -1
    outer loop
      vertex 46.4693 -3.69552 4
      vertex 46.7142 3.78772 4
      vertex 46.7142 -3.78772 4
    endloop
  endfacet
  facet normal 0 0 -1
    outer loop
      vertex 46.4693 -3.69552 4
      vertex 46.4693 3.69552 4
      vertex 46.7142 3.78772 4
    endloop
  endfacet
  facet normal 0 0 -1
    outer loop
      vertex 46.2308 -3.58749 4
      vertex 46.4693 3.69552 4
      vertex 46.4693 -3.69552 4
    endloop
  endfacet
  facet normal 0 0 -1
    outer loop
      vertex 46.2308 -3.58749 4
      vertex 46.2308 3.58749 4
      vertex 46.4693 3.69552 4
    endloop
  endfacet
  facet normal 0 0 -1
    outer loop
      vertex 46 -3.4641 4
      vertex 46.2308 3.58749 4
      vertex 46.2308 -3.58749 4
    endloop
  endfacet
  facet normal 0 0 -1
    outer loop
      vertex 46 -3.4641 4
      vertex 46 3.4641 4
      vertex 46.2308 3.58749 4
    endloop
  endfacet
  facet normal 0 0 -1
    outer loop
      vertex 45.7777 -3.32588 4
      vertex 46 3.4641 4
      vertex 46 -3.4641 4
    endloop
  endfacet
  facet normal 0 0 -1
    outer loop
      vertex 45.7777 -3.32588 4
      vertex 45.7777 3.32588 4
      vertex 46 3.4641 4
    endloop
  endfacet
  facet normal 0 0 -1
    outer loop
      vertex 45.565 -3.17341 4
      vertex 45.7777 3.32588 4
      vertex 45.7777 -3.32588 4
    endloop
  endfacet
  facet normal 0 0 -1
    outer loop
      vertex 45.565 -3.17341 4
      vertex 45.565 3.17341 4
      vertex 45.7777 3.32588 4
    endloop
  endfacet
  facet normal 0 0 -1
    outer loop
      vertex 45.3626 -3.00736 4
      vertex 45.565 3.17341 4
      vertex 45.565 -3.17341 4
    endloop
  endfacet
  facet normal 0 0 -1
    outer loop
      vertex 45.3626 -3.00736 4
      vertex 45.3626 3.00736 4
      vertex 45.565 3.17341 4
    endloop
  endfacet
  facet normal 0 0 -1
    outer loop
      vertex 45.1716 -2.82843 4
      vertex 45.3626 3.00736 4
      vertex 45.3626 -3.00736 4
    endloop
  endfacet
  facet normal 0 0 -1
    outer loop
      vertex 45.1716 -2.82843 4
      vertex 45.1716 2.82843 4
      vertex 45.3626 3.00736 4
    endloop
  endfacet
  facet normal 0 0 -1
    outer loop
      vertex 44.9926 -2.63738 4
      vertex 45.1716 2.82843 4
      vertex 45.1716 -2.82843 4
    endloop
  endfacet
  facet normal 0 0 -1
    outer loop
      vertex 44.9926 -2.63738 4
      vertex 44.9926 2.63738 4
      vertex 45.1716 2.82843 4
    endloop
  endfacet
  facet normal 0 0 -1
    outer loop
      vertex 44.8266 -2.43505 4
      vertex 44.9926 2.63738 4
      vertex 44.9926 -2.63738 4
    endloop
  endfacet
  facet normal 0 0 -1
    outer loop
      vertex 44.8266 -2.43505 4
      vertex 44.8266 2.43505 4
      vertex 44.9926 2.63738 4
    endloop
  endfacet
  facet normal 0 0 -1
    outer loop
      vertex 44.6741 -2.22228 4
      vertex 44.8266 2.43505 4
      vertex 44.8266 -2.43505 4
    endloop
  endfacet
  facet normal 0 0 -1
    outer loop
      vertex 44.6741 -2.22228 4
      vertex 44.6741 2.22228 4
      vertex 44.8266 2.43505 4
    endloop
  endfacet
  facet normal 0 0 -1
    outer loop
      vertex 44.5359 -2 4
      vertex 44.6741 2.22228 4
      vertex 44.6741 -2.22228 4
    endloop
  endfacet
  facet normal 0 0 -1
    outer loop
      vertex 44.5359 -2 4
      vertex 44.5359 2 4
      vertex 44.6741 2.22228 4
    endloop
  endfacet
  facet normal 0 0 -1
    outer loop
      vertex 44.4125 -1.76915 4
      vertex 44.5359 2 4
      vertex 44.5359 -2 4
    endloop
  endfacet
  facet normal 0 0 -1
    outer loop
      vertex 44.4125 -1.76915 4
      vertex 44.4125 1.76915 4
      vertex 44.5359 2 4
    endloop
  endfacet
  facet normal 0 0 -1
    outer loop
      vertex 44.3045 -1.53073 4
      vertex 44.4125 1.76915 4
      vertex 44.4125 -1.76915 4
    endloop
  endfacet
  facet normal 0 0 -1
    outer loop
      vertex 44.3045 -1.53073 4
      vertex 44.3045 1.53073 4
      vertex 44.4125 1.76915 4
    endloop
  endfacet
  facet normal 0 0 -1
    outer loop
      vertex 44.2123 -1.28576 4
      vertex 44.3045 1.53073 4
      vertex 44.3045 -1.53073 4
    endloop
  endfacet
  facet normal 0 0 -1
    outer loop
      vertex 44.2123 -1.28576 4
      vertex 44.2123 1.28576 4
      vertex 44.3045 1.53073 4
    endloop
  endfacet
  facet normal 0 0 -1
    outer loop
      vertex 44.1363 -1.03528 4
      vertex 44.2123 1.28576 4
      vertex 44.2123 -1.28576 4
    endloop
  endfacet
  facet normal 0 0 -1
    outer loop
      vertex 44.1363 -1.03528 4
      vertex 44.1363 1.03528 4
      vertex 44.2123 1.28576 4
    endloop
  endfacet
  facet normal 0 0 -1
    outer loop
      vertex 44.0769 -0.780361 4
      vertex 44.1363 1.03528 4
      vertex 44.1363 -1.03528 4
    endloop
  endfacet
  facet normal 0 0 -1
    outer loop
      vertex 44.0769 -0.780361 4
      vertex 44.0769 0.780361 4
      vertex 44.1363 1.03528 4
    endloop
  endfacet
  facet normal 0 0 -1
    outer loop
      vertex 44.0342 -0.522104 4
      vertex 44.0769 0.780361 4
      vertex 44.0769 -0.780361 4
    endloop
  endfacet
  facet normal 0 0 -1
    outer loop
      vertex 44.0342 -0.522104 4
      vertex 44.0342 0.522104 4
      vertex 44.0769 0.780361 4
    endloop
  endfacet
  facet normal 0 0 -1
    outer loop
      vertex 44.0086 -0.261612 4
      vertex 44.0342 0.522104 4
      vertex 44.0342 -0.522104 4
    endloop
  endfacet
  facet normal 0 0 -1
    outer loop
      vertex 44.0086 -0.261612 4
      vertex 44.0086 0.261612 4
      vertex 44.0342 0.522104 4
    endloop
  endfacet
  facet normal 0 -0 -1
    outer loop
      vertex 44.0086 0.261612 4
      vertex 44.0086 -0.261612 4
      vertex 44 0 4
    endloop
  endfacet
  facet normal 0.471471 -0.881882 0
    outer loop
      vertex 46 3.4641 0
      vertex 46.2308 3.58749 4
      vertex 46 3.4641 4
    endloop
  endfacet
  facet normal 0.471471 -0.881882 0
    outer loop
      vertex 46.2308 3.58749 4
      vertex 46 3.4641 0
      vertex 46.2308 3.58749 0
    endloop
  endfacet
  facet normal 0.528026 -0.849228 0
    outer loop
      vertex 45.7777 3.32588 0
      vertex 46 3.4641 4
      vertex 45.7777 3.32588 4
    endloop
  endfacet
  facet normal 0.528026 -0.849228 0
    outer loop
      vertex 46 3.4641 4
      vertex 45.7777 3.32588 0
      vertex 46 3.4641 0
    endloop
  endfacet
  facet normal 0.634267 -0.773114 0
    outer loop
      vertex 45.3626 3.00736 0
      vertex 45.565 3.17341 4
      vertex 45.3626 3.00736 4
    endloop
  endfacet
  facet normal 0.634267 -0.773114 0
    outer loop
      vertex 45.565 3.17341 4
      vertex 45.3626 3.00736 0
      vertex 45.565 3.17341 0
    endloop
  endfacet
  facet normal 0.290255 -0.956949 0
    outer loop
      vertex 46.7142 3.78772 0
      vertex 46.9647 3.8637 4
      vertex 46.7142 3.78772 4
    endloop
  endfacet
  facet normal 0.290255 -0.956949 0
    outer loop
      vertex 46.9647 3.8637 4
      vertex 46.7142 3.78772 0
      vertex 46.9647 3.8637 0
    endloop
  endfacet
  facet normal 0.352338 -0.935873 0
    outer loop
      vertex 46.4693 3.69552 0
      vertex 46.7142 3.78772 4
      vertex 46.4693 3.69552 4
    endloop
  endfacet
  facet normal 0.352338 -0.935873 0
    outer loop
      vertex 46.7142 3.78772 4
      vertex 46.4693 3.69552 0
      vertex 46.7142 3.78772 0
    endloop
  endfacet
  facet normal 0.227097 -0.973872 0
    outer loop
      vertex 46.9647 3.8637 0
      vertex 47.2196 3.92314 4
      vertex 46.9647 3.8637 4
    endloop
  endfacet
  facet normal 0.227097 -0.973872 0
    outer loop
      vertex 47.2196 3.92314 4
      vertex 46.9647 3.8637 0
      vertex 47.2196 3.92314 0
    endloop
  endfacet
  facet normal -0.956922 0.290347 0
    outer loop
      vertex 51.7877 -1.28576 0
      vertex 51.8637 -1.03528 4
      vertex 51.8637 -1.03528 0
    endloop
  endfacet
  facet normal -0.956922 0.290347 0
    outer loop
      vertex 51.8637 -1.03528 4
      vertex 51.7877 -1.28576 0
      vertex 51.7877 -1.28576 4
    endloop
  endfacet
  facet normal -0.995206 0.0978044 0
    outer loop
      vertex 51.9658 -0.522104 0
      vertex 51.9914 -0.261612 4
      vertex 51.9914 -0.261612 0
    endloop
  endfacet
  facet normal -0.995206 0.0978044 0
    outer loop
      vertex 51.9914 -0.261612 4
      vertex 51.9658 -0.522104 0
      vertex 51.9658 -0.522104 4
    endloop
  endfacet
  facet normal -0.7731 0.634284 0
    outer loop
      vertex 51.0074 -2.63738 0
      vertex 51.1734 -2.43505 4
      vertex 51.1734 -2.43505 0
    endloop
  endfacet
  facet normal -0.7731 0.634284 0
    outer loop
      vertex 51.1734 -2.43505 4
      vertex 51.0074 -2.63738 0
      vertex 51.0074 -2.63738 4
    endloop
  endfacet
  facet normal -0.471471 0.881882 0
    outer loop
      vertex 50 -3.4641 0
      vertex 49.7692 -3.58749 4
      vertex 50 -3.4641 4
    endloop
  endfacet
  facet normal -0.471471 0.881882 0
    outer loop
      vertex 49.7692 -3.58749 4
      vertex 50 -3.4641 0
      vertex 49.7692 -3.58749 0
    endloop
  endfacet
  facet normal 0.290255 0.956949 -0
    outer loop
      vertex 46.9647 -3.8637 0
      vertex 46.7142 -3.78772 4
      vertex 46.9647 -3.8637 4
    endloop
  endfacet
  facet normal 0.290255 0.956949 0
    outer loop
      vertex 46.7142 -3.78772 4
      vertex 46.9647 -3.8637 0
      vertex 46.7142 -3.78772 0
    endloop
  endfacet
  facet normal 0.683672 0.72979 -0
    outer loop
      vertex 45.3626 -3.00736 0
      vertex 45.1716 -2.82843 4
      vertex 45.3626 -3.00736 4
    endloop
  endfacet
  facet normal 0.683672 0.72979 0
    outer loop
      vertex 45.1716 -2.82843 4
      vertex 45.3626 -3.00736 0
      vertex 45.1716 -2.82843 0
    endloop
  endfacet
  facet normal 0.881908 0.471421 0
    outer loop
      vertex 44.5359 -2 4
      vertex 44.4125 -1.76915 0
      vertex 44.4125 -1.76915 4
    endloop
  endfacet
  facet normal 0.881908 0.471421 0
    outer loop
      vertex 44.4125 -1.76915 0
      vertex 44.5359 -2 4
      vertex 44.5359 -2 0
    endloop
  endfacet
  facet normal 0.956922 0.290347 0
    outer loop
      vertex 44.2123 -1.28576 4
      vertex 44.1363 -1.03528 0
      vertex 44.1363 -1.03528 4
    endloop
  endfacet
  facet normal 0.956922 0.290347 0
    outer loop
      vertex 44.1363 -1.03528 0
      vertex 44.2123 -1.28576 4
      vertex 44.2123 -1.28576 0
    endloop
  endfacet
  facet normal 0.910902 0.412622 0
    outer loop
      vertex 44.4125 -1.76915 4
      vertex 44.3045 -1.53073 0
      vertex 44.3045 -1.53073 4
    endloop
  endfacet
  facet normal 0.910902 0.412622 0
    outer loop
      vertex 44.3045 -1.53073 0
      vertex 44.4125 -1.76915 4
      vertex 44.4125 -1.76915 0
    endloop
  endfacet
  facet normal -0.227097 0.973872 0
    outer loop
      vertex 49.0353 -3.8637 0
      vertex 48.7804 -3.92314 4
      vertex 49.0353 -3.8637 4
    endloop
  endfacet
  facet normal -0.227097 0.973872 0
    outer loop
      vertex 48.7804 -3.92314 4
      vertex 49.0353 -3.8637 0
      vertex 48.7804 -3.92314 0
    endloop
  endfacet
  facet normal -0.7731 -0.634284 0
    outer loop
      vertex 51.1734 2.43505 0
      vertex 51.0074 2.63738 4
      vertex 51.0074 2.63738 0
    endloop
  endfacet
  facet normal -0.7731 -0.634284 0
    outer loop
      vertex 51.0074 2.63738 4
      vertex 51.1734 2.43505 0
      vertex 51.1734 2.43505 4
    endloop
  endfacet
  facet normal -0.849241 -0.528006 0
    outer loop
      vertex 51.4641 2 0
      vertex 51.3259 2.22228 4
      vertex 51.3259 2.22228 0
    endloop
  endfacet
  facet normal -0.849241 -0.528006 0
    outer loop
      vertex 51.3259 2.22228 4
      vertex 51.4641 2 0
      vertex 51.4641 2 4
    endloop
  endfacet
  facet normal 0.849241 -0.528006 0
    outer loop
      vertex 44.5359 2 4
      vertex 44.6741 2.22228 0
      vertex 44.6741 2.22228 4
    endloop
  endfacet
  facet normal 0.849241 -0.528006 0
    outer loop
      vertex 44.6741 2.22228 0
      vertex 44.5359 2 4
      vertex 44.5359 2 0
    endloop
  endfacet
  facet normal 0.81279 -0.582556 0
    outer loop
      vertex 44.6741 2.22228 4
      vertex 44.8266 2.43505 0
      vertex 44.8266 2.43505 4
    endloop
  endfacet
  facet normal 0.81279 -0.582556 0
    outer loop
      vertex 44.8266 2.43505 0
      vertex 44.6741 2.22228 4
      vertex 44.6741 2.22228 0
    endloop
  endfacet
  facet normal 0.7731 -0.634284 0
    outer loop
      vertex 44.8266 2.43505 4
      vertex 44.9926 2.63738 0
      vertex 44.9926 2.63738 4
    endloop
  endfacet
  facet normal 0.7731 -0.634284 0
    outer loop
      vertex 44.9926 2.63738 0
      vertex 44.8266 2.43505 4
      vertex 44.8266 2.43505 0
    endloop
  endfacet
  facet normal -0.881908 0.471421 0
    outer loop
      vertex 51.4641 -2 0
      vertex 51.5875 -1.76915 4
      vertex 51.5875 -1.76915 0
    endloop
  endfacet
  facet normal -0.881908 0.471421 0
    outer loop
      vertex 51.5875 -1.76915 4
      vertex 51.4641 -2 0
      vertex 51.4641 -2 4
    endloop
  endfacet
  facet normal -0.97391 0.226936 0
    outer loop
      vertex 51.8637 -1.03528 0
      vertex 51.9231 -0.780361 4
      vertex 51.9231 -0.780361 0
    endloop
  endfacet
  facet normal -0.97391 0.226936 0
    outer loop
      vertex 51.9231 -0.780361 4
      vertex 51.8637 -1.03528 0
      vertex 51.8637 -1.03528 4
    endloop
  endfacet
  facet normal -0.986605 0.163125 0
    outer loop
      vertex 51.9231 -0.780361 0
      vertex 51.9658 -0.522104 4
      vertex 51.9658 -0.522104 0
    endloop
  endfacet
  facet normal -0.986605 0.163125 0
    outer loop
      vertex 51.9658 -0.522104 4
      vertex 51.9231 -0.780361 0
      vertex 51.9231 -0.780361 4
    endloop
  endfacet
  facet normal -0.99946 0.0328554 0
    outer loop
      vertex 51.9914 -0.261612 0
      vertex 52 0 4
      vertex 52 0 0
    endloop
  endfacet
  facet normal -0.99946 0.0328554 0
    outer loop
      vertex 52 0 4
      vertex 51.9914 -0.261612 0
      vertex 51.9914 -0.261612 4
    endloop
  endfacet
  facet normal -0.81279 0.582556 0
    outer loop
      vertex 51.1734 -2.43505 0
      vertex 51.3259 -2.22228 4
      vertex 51.3259 -2.22228 0
    endloop
  endfacet
  facet normal -0.81279 0.582556 0
    outer loop
      vertex 51.3259 -2.22228 4
      vertex 51.1734 -2.43505 0
      vertex 51.1734 -2.43505 4
    endloop
  endfacet
  facet normal -0.849241 0.528006 0
    outer loop
      vertex 51.3259 -2.22228 0
      vertex 51.4641 -2 4
      vertex 51.4641 -2 0
    endloop
  endfacet
  facet normal -0.849241 0.528006 0
    outer loop
      vertex 51.4641 -2 4
      vertex 51.3259 -2.22228 0
      vertex 51.3259 -2.22228 4
    endloop
  endfacet
  facet normal 0.412603 0.910911 -0
    outer loop
      vertex 46.4693 -3.69552 0
      vertex 46.2308 -3.58749 4
      vertex 46.4693 -3.69552 4
    endloop
  endfacet
  facet normal 0.412603 0.910911 0
    outer loop
      vertex 46.2308 -3.58749 4
      vertex 46.4693 -3.69552 0
      vertex 46.2308 -3.58749 0
    endloop
  endfacet
  facet normal 0.729746 0.683719 0
    outer loop
      vertex 45.1716 -2.82843 4
      vertex 44.9926 -2.63738 0
      vertex 44.9926 -2.63738 4
    endloop
  endfacet
  facet normal 0.729746 0.683719 0
    outer loop
      vertex 44.9926 -2.63738 0
      vertex 45.1716 -2.82843 4
      vertex 45.1716 -2.82843 0
    endloop
  endfacet
  facet normal 0.986605 0.163125 0
    outer loop
      vertex 44.0769 -0.780361 4
      vertex 44.0342 -0.522104 0
      vertex 44.0342 -0.522104 4
    endloop
  endfacet
  facet normal 0.986605 0.163125 0
    outer loop
      vertex 44.0342 -0.522104 0
      vertex 44.0769 -0.780361 4
      vertex 44.0769 -0.780361 0
    endloop
  endfacet
  facet normal 0.995206 0.0978044 0
    outer loop
      vertex 44.0342 -0.522104 4
      vertex 44.0086 -0.261612 0
      vertex 44.0086 -0.261612 4
    endloop
  endfacet
  facet normal 0.995206 0.0978044 0
    outer loop
      vertex 44.0086 -0.261612 0
      vertex 44.0342 -0.522104 4
      vertex 44.0342 -0.522104 0
    endloop
  endfacet
  facet normal -0.290255 0.956949 0
    outer loop
      vertex 49.2858 -3.78772 0
      vertex 49.0353 -3.8637 4
      vertex 49.2858 -3.78772 4
    endloop
  endfacet
  facet normal -0.290255 0.956949 0
    outer loop
      vertex 49.0353 -3.8637 4
      vertex 49.2858 -3.78772 0
      vertex 49.0353 -3.8637 0
    endloop
  endfacet
  facet normal -0.910902 0.412622 0
    outer loop
      vertex 51.5875 -1.76915 0
      vertex 51.6955 -1.53073 4
      vertex 51.6955 -1.53073 0
    endloop
  endfacet
  facet normal -0.910902 0.412622 0
    outer loop
      vertex 51.6955 -1.53073 4
      vertex 51.5875 -1.76915 0
      vertex 51.5875 -1.76915 4
    endloop
  endfacet
  facet normal -0.634267 0.773114 0
    outer loop
      vertex 50.6374 -3.00736 0
      vertex 50.435 -3.17341 4
      vertex 50.6374 -3.00736 4
    endloop
  endfacet
  facet normal -0.634267 0.773114 0
    outer loop
      vertex 50.435 -3.17341 4
      vertex 50.6374 -3.00736 0
      vertex 50.435 -3.17341 0
    endloop
  endfacet
  facet normal 0.0327042 0.999465 -0
    outer loop
      vertex 48 -4 0
      vertex 47.7384 -3.99144 4
      vertex 48 -4 4
    endloop
  endfacet
  facet normal 0.0327042 0.999465 0
    outer loop
      vertex 47.7384 -3.99144 4
      vertex 48 -4 0
      vertex 47.7384 -3.99144 0
    endloop
  endfacet
  facet normal 0.0980285 0.995184 -0
    outer loop
      vertex 47.7384 -3.99144 0
      vertex 47.4779 -3.96578 4
      vertex 47.7384 -3.99144 4
    endloop
  endfacet
  facet normal 0.0980285 0.995184 0
    outer loop
      vertex 47.4779 -3.96578 4
      vertex 47.7384 -3.99144 0
      vertex 47.4779 -3.96578 0
    endloop
  endfacet
  facet normal 0.81279 0.582556 0
    outer loop
      vertex 44.8266 -2.43505 4
      vertex 44.6741 -2.22228 0
      vertex 44.6741 -2.22228 4
    endloop
  endfacet
  facet normal 0.81279 0.582556 0
    outer loop
      vertex 44.6741 -2.22228 0
      vertex 44.8266 -2.43505 4
      vertex 44.8266 -2.43505 0
    endloop
  endfacet
  facet normal 0.849241 0.528006 0
    outer loop
      vertex 44.6741 -2.22228 4
      vertex 44.5359 -2 0
      vertex 44.5359 -2 4
    endloop
  endfacet
  facet normal 0.849241 0.528006 0
    outer loop
      vertex 44.5359 -2 0
      vertex 44.6741 -2.22228 4
      vertex 44.6741 -2.22228 0
    endloop
  endfacet
  facet normal 0.935906 0.352249 0
    outer loop
      vertex 44.3045 -1.53073 4
      vertex 44.2123 -1.28576 0
      vertex 44.2123 -1.28576 4
    endloop
  endfacet
  facet normal 0.935906 0.352249 0
    outer loop
      vertex 44.2123 -1.28576 0
      vertex 44.3045 -1.53073 4
      vertex 44.3045 -1.53073 0
    endloop
  endfacet
  facet normal 0.97391 0.226936 0
    outer loop
      vertex 44.1363 -1.03528 4
      vertex 44.0769 -0.780361 0
      vertex 44.0769 -0.780361 4
    endloop
  endfacet
  facet normal 0.97391 0.226936 0
    outer loop
      vertex 44.0769 -0.780361 0
      vertex 44.1363 -1.03528 4
      vertex 44.1363 -1.03528 0
    endloop
  endfacet
  facet normal -0.162875 0.986647 0
    outer loop
      vertex 48.7804 -3.92314 0
      vertex 48.5221 -3.96578 4
      vertex 48.7804 -3.92314 4
    endloop
  endfacet
  facet normal -0.162875 0.986647 0
    outer loop
      vertex 48.5221 -3.96578 4
      vertex 48.7804 -3.92314 0
      vertex 48.5221 -3.96578 0
    endloop
  endfacet
  facet normal -0.683672 0.72979 0
    outer loop
      vertex 50.8284 -2.82843 0
      vertex 50.6374 -3.00736 4
      vertex 50.8284 -2.82843 4
    endloop
  endfacet
  facet normal -0.683672 0.72979 0
    outer loop
      vertex 50.6374 -3.00736 4
      vertex 50.8284 -2.82843 0
      vertex 50.6374 -3.00736 0
    endloop
  endfacet
  facet normal -0.582607 0.812754 0
    outer loop
      vertex 50.435 -3.17341 0
      vertex 50.2223 -3.32588 4
      vertex 50.435 -3.17341 4
    endloop
  endfacet
  facet normal -0.582607 0.812754 0
    outer loop
      vertex 50.2223 -3.32588 4
      vertex 50.435 -3.17341 0
      vertex 50.2223 -3.32588 0
    endloop
  endfacet
  facet normal -0.528026 0.849228 0
    outer loop
      vertex 50.2223 -3.32588 0
      vertex 50 -3.4641 4
      vertex 50.2223 -3.32588 4
    endloop
  endfacet
  facet normal -0.528026 0.849228 0
    outer loop
      vertex 50 -3.4641 4
      vertex 50.2223 -3.32588 0
      vertex 50 -3.4641 0
    endloop
  endfacet
  facet normal 0.227097 0.973872 -0
    outer loop
      vertex 47.2196 -3.92314 0
      vertex 46.9647 -3.8637 4
      vertex 47.2196 -3.92314 4
    endloop
  endfacet
  facet normal 0.227097 0.973872 0
    outer loop
      vertex 46.9647 -3.8637 4
      vertex 47.2196 -3.92314 0
      vertex 46.9647 -3.8637 0
    endloop
  endfacet
  facet normal 0.528026 0.849228 -0
    outer loop
      vertex 46 -3.4641 0
      vertex 45.7777 -3.32588 4
      vertex 46 -3.4641 4
    endloop
  endfacet
  facet normal 0.528026 0.849228 0
    outer loop
      vertex 45.7777 -3.32588 4
      vertex 46 -3.4641 0
      vertex 45.7777 -3.32588 0
    endloop
  endfacet
  facet normal 0.471471 0.881882 -0
    outer loop
      vertex 46.2308 -3.58749 0
      vertex 46 -3.4641 4
      vertex 46.2308 -3.58749 4
    endloop
  endfacet
  facet normal 0.471471 0.881882 0
    outer loop
      vertex 46 -3.4641 4
      vertex 46.2308 -3.58749 0
      vertex 46 -3.4641 0
    endloop
  endfacet
  facet normal 0.582607 0.812754 -0
    outer loop
      vertex 45.7777 -3.32588 0
      vertex 45.565 -3.17341 4
      vertex 45.7777 -3.32588 4
    endloop
  endfacet
  facet normal 0.582607 0.812754 0
    outer loop
      vertex 45.565 -3.17341 4
      vertex 45.7777 -3.32588 0
      vertex 45.565 -3.17341 0
    endloop
  endfacet
  facet normal 0.634267 0.773114 -0
    outer loop
      vertex 45.565 -3.17341 0
      vertex 45.3626 -3.00736 4
      vertex 45.565 -3.17341 4
    endloop
  endfacet
  facet normal 0.634267 0.773114 0
    outer loop
      vertex 45.3626 -3.00736 4
      vertex 45.565 -3.17341 0
      vertex 45.3626 -3.00736 0
    endloop
  endfacet
  facet normal 0.162875 0.986647 -0
    outer loop
      vertex 47.4779 -3.96578 0
      vertex 47.2196 -3.92314 4
      vertex 47.4779 -3.96578 4
    endloop
  endfacet
  facet normal 0.162875 0.986647 0
    outer loop
      vertex 47.2196 -3.92314 4
      vertex 47.4779 -3.96578 0
      vertex 47.2196 -3.92314 0
    endloop
  endfacet
  facet normal 0.995206 -0.0978014 0
    outer loop
      vertex 20.0086 41.8308 3
      vertex 20.0342 42.0913 0
      vertex 20.0342 42.0913 3
    endloop
  endfacet
  facet normal 0.995206 -0.0978014 0
    outer loop
      vertex 20.0342 42.0913 0
      vertex 20.0086 41.8308 3
      vertex 20.0086 41.8308 0
    endloop
  endfacet
  facet normal -0.995206 0.0978014 0
    outer loop
      vertex 27.9658 41.0471 0
      vertex 27.9914 41.3076 3
      vertex 27.9914 41.3076 0
    endloop
  endfacet
  facet normal -0.995206 0.0978014 0
    outer loop
      vertex 27.9914 41.3076 3
      vertex 27.9658 41.0471 0
      vertex 27.9658 41.0471 3
    endloop
  endfacet
  facet normal 0.0324752 -0.999473 0
    outer loop
      vertex 23.7384 45.5607 0
      vertex 24 45.5692 3
      vertex 23.7384 45.5607 3
    endloop
  endfacet
  facet normal 0.0324752 -0.999473 0
    outer loop
      vertex 24 45.5692 3
      vertex 23.7384 45.5607 0
      vertex 24 45.5692 0
    endloop
  endfacet
  facet normal 0.4715 0.881866 -0
    outer loop
      vertex 22.2308 37.9817 0
      vertex 22 38.1051 3
      vertex 22.2308 37.9817 3
    endloop
  endfacet
  facet normal 0.4715 0.881866 0
    outer loop
      vertex 22 38.1051 3
      vertex 22.2308 37.9817 0
      vertex 22 38.1051 0
    endloop
  endfacet
  facet normal 0.773208 0.634153 0
    outer loop
      vertex 20.9926 38.9318 3
      vertex 20.8266 39.1342 0
      vertex 20.8266 39.1342 3
    endloop
  endfacet
  facet normal 0.773208 0.634153 0
    outer loop
      vertex 20.8266 39.1342 0
      vertex 20.9926 38.9318 3
      vertex 20.9926 38.9318 0
    endloop
  endfacet
  facet normal 0.9866 0.16316 0
    outer loop
      vertex 20.0769 40.7889 3
      vertex 20.0342 41.0471 0
      vertex 20.0342 41.0471 3
    endloop
  endfacet
  facet normal 0.9866 0.16316 0
    outer loop
      vertex 20.0342 41.0471 0
      vertex 20.0769 40.7889 3
      vertex 20.0769 40.7889 0
    endloop
  endfacet
  facet normal -0.773054 -0.63434 0
    outer loop
      vertex 27.1734 44.0043 0
      vertex 27.0074 44.2066 3
      vertex 27.0074 44.2066 0
    endloop
  endfacet
  facet normal -0.773054 -0.63434 0
    outer loop
      vertex 27.0074 44.2066 3
      vertex 27.1734 44.0043 0
      vertex 27.1734 44.0043 3
    endloop
  endfacet
  facet normal -0.412508 -0.910954 0
    outer loop
      vertex 25.5307 45.2647 0
      vertex 25.7692 45.1567 3
      vertex 25.5307 45.2647 3
    endloop
  endfacet
  facet normal -0.412508 -0.910954 -0
    outer loop
      vertex 25.7692 45.1567 3
      vertex 25.5307 45.2647 0
      vertex 25.7692 45.1567 0
    endloop
  endfacet
  facet normal -0.290325 -0.956928 0
    outer loop
      vertex 25.0353 45.4329 0
      vertex 25.2858 45.3569 3
      vertex 25.0353 45.4329 3
    endloop
  endfacet
  facet normal -0.290325 -0.956928 -0
    outer loop
      vertex 25.2858 45.3569 3
      vertex 25.0353 45.4329 0
      vertex 25.2858 45.3569 0
    endloop
  endfacet
  facet normal 0.0981798 -0.995169 0
    outer loop
      vertex 23.4779 45.535 0
      vertex 23.7384 45.5607 3
      vertex 23.4779 45.535 3
    endloop
  endfacet
  facet normal 0.0981798 -0.995169 0
    outer loop
      vertex 23.7384 45.5607 3
      vertex 23.4779 45.535 0
      vertex 23.7384 45.5607 0
    endloop
  endfacet
  facet normal 0.162726 -0.986671 0
    outer loop
      vertex 23.2196 45.4924 0
      vertex 23.4779 45.535 3
      vertex 23.2196 45.4924 3
    endloop
  endfacet
  facet normal 0.162726 -0.986671 0
    outer loop
      vertex 23.4779 45.535 3
      vertex 23.2196 45.4924 0
      vertex 23.4779 45.535 0
    endloop
  endfacet
  facet normal 0.773054 -0.63434 0
    outer loop
      vertex 20.8266 44.0043 3
      vertex 20.9926 44.2066 0
      vertex 20.9926 44.2066 3
    endloop
  endfacet
  facet normal 0.773054 -0.63434 0
    outer loop
      vertex 20.9926 44.2066 0
      vertex 20.8266 44.0043 3
      vertex 20.8266 44.0043 0
    endloop
  endfacet
  facet normal 0.683814 -0.729656 0
    outer loop
      vertex 21.1716 44.3976 0
      vertex 21.3626 44.5766 3
      vertex 21.1716 44.3976 3
    endloop
  endfacet
  facet normal 0.683814 -0.729656 0
    outer loop
      vertex 21.3626 44.5766 3
      vertex 21.1716 44.3976 0
      vertex 21.3626 44.5766 0
    endloop
  endfacet
  facet normal 0.812829 -0.582502 0
    outer loop
      vertex 20.6741 43.7915 3
      vertex 20.8266 44.0043 0
      vertex 20.8266 44.0043 3
    endloop
  endfacet
  facet normal 0.812829 -0.582502 0
    outer loop
      vertex 20.8266 44.0043 0
      vertex 20.6741 43.7915 3
      vertex 20.6741 43.7915 0
    endloop
  endfacet
  facet normal 0.352338 -0.935873 0
    outer loop
      vertex 22.4693 45.2647 0
      vertex 22.7142 45.3569 3
      vertex 22.4693 45.2647 3
    endloop
  endfacet
  facet normal 0.352338 -0.935873 0
    outer loop
      vertex 22.7142 45.3569 3
      vertex 22.4693 45.2647 0
      vertex 22.7142 45.3569 0
    endloop
  endfacet
  facet normal 0.729656 0.683814 0
    outer loop
      vertex 21.1716 38.7408 3
      vertex 20.9926 38.9318 0
      vertex 20.9926 38.9318 3
    endloop
  endfacet
  facet normal 0.729656 0.683814 0
    outer loop
      vertex 20.9926 38.9318 0
      vertex 21.1716 38.7408 3
      vertex 21.1716 38.7408 0
    endloop
  endfacet
  facet normal 0.93592 0.352212 0
    outer loop
      vertex 20.3045 40.0385 3
      vertex 20.2123 40.2835 0
      vertex 20.2123 40.2835 3
    endloop
  endfacet
  facet normal 0.93592 0.352212 0
    outer loop
      vertex 20.2123 40.2835 0
      vertex 20.3045 40.0385 3
      vertex 20.3045 40.0385 0
    endloop
  endfacet
  facet normal 0.910889 -0.412651 0
    outer loop
      vertex 20.3045 43.1 3
      vertex 20.4125 43.3384 0
      vertex 20.4125 43.3384 3
    endloop
  endfacet
  facet normal 0.910889 -0.412651 0
    outer loop
      vertex 20.4125 43.3384 0
      vertex 20.3045 43.1 3
      vertex 20.3045 43.1 0
    endloop
  endfacet
  facet normal 0.98661 -0.163098 0
    outer loop
      vertex 20.0342 42.0913 3
      vertex 20.0769 42.3496 0
      vertex 20.0769 42.3496 3
    endloop
  endfacet
  facet normal 0.98661 -0.163098 0
    outer loop
      vertex 20.0769 42.3496 0
      vertex 20.0342 42.0913 3
      vertex 20.0342 42.0913 0
    endloop
  endfacet
  facet normal -0.956928 -0.290325 0
    outer loop
      vertex 27.8637 42.6045 0
      vertex 27.7877 42.855 3
      vertex 27.7877 42.855 0
    endloop
  endfacet
  facet normal -0.956928 -0.290325 0
    outer loop
      vertex 27.7877 42.855 3
      vertex 27.8637 42.6045 0
      vertex 27.8637 42.6045 3
    endloop
  endfacet
  facet normal -0.163098 0.98661 0
    outer loop
      vertex 24.7804 37.6461 0
      vertex 24.5221 37.6034 3
      vertex 24.7804 37.6461 3
    endloop
  endfacet
  facet normal -0.163098 0.98661 0
    outer loop
      vertex 24.5221 37.6034 3
      vertex 24.7804 37.6461 0
      vertex 24.5221 37.6034 0
    endloop
  endfacet
  facet normal 0.226952 0.973906 -0
    outer loop
      vertex 23.2196 37.6461 0
      vertex 22.9647 37.7055 3
      vertex 23.2196 37.6461 3
    endloop
  endfacet
  facet normal 0.226952 0.973906 0
    outer loop
      vertex 22.9647 37.7055 3
      vertex 23.2196 37.6461 0
      vertex 22.9647 37.7055 0
    endloop
  endfacet
  facet normal -0.227314 -0.973821 0
    outer loop
      vertex 24.7804 45.4924 0
      vertex 25.0353 45.4329 3
      vertex 24.7804 45.4924 3
    endloop
  endfacet
  facet normal -0.227314 -0.973821 -0
    outer loop
      vertex 25.0353 45.4329 3
      vertex 24.7804 45.4924 0
      vertex 25.0353 45.4329 0
    endloop
  endfacet
  facet normal -0.352338 -0.935873 0
    outer loop
      vertex 25.2858 45.3569 0
      vertex 25.5307 45.2647 3
      vertex 25.2858 45.3569 3
    endloop
  endfacet
  facet normal -0.352338 -0.935873 -0
    outer loop
      vertex 25.5307 45.2647 3
      vertex 25.2858 45.3569 0
      vertex 25.5307 45.2647 0
    endloop
  endfacet
  facet normal 0.290325 -0.956928 0
    outer loop
      vertex 22.7142 45.3569 0
      vertex 22.9647 45.4329 3
      vertex 22.7142 45.3569 3
    endloop
  endfacet
  facet normal 0.290325 -0.956928 0
    outer loop
      vertex 22.9647 45.4329 3
      vertex 22.7142 45.3569 0
      vertex 22.9647 45.4329 0
    endloop
  endfacet
  facet normal 0.227314 -0.973821 0
    outer loop
      vertex 22.9647 45.4329 0
      vertex 23.2196 45.4924 3
      vertex 22.9647 45.4329 3
    endloop
  endfacet
  facet normal 0.227314 -0.973821 0
    outer loop
      vertex 23.2196 45.4924 3
      vertex 22.9647 45.4329 0
      vertex 23.2196 45.4924 0
    endloop
  endfacet
  facet normal 0.881866 -0.4715 0
    outer loop
      vertex 20.4125 43.3384 3
      vertex 20.5359 43.5692 0
      vertex 20.5359 43.5692 3
    endloop
  endfacet
  facet normal 0.881866 -0.4715 0
    outer loop
      vertex 20.5359 43.5692 0
      vertex 20.4125 43.3384 3
      vertex 20.4125 43.3384 0
    endloop
  endfacet
  facet normal 0.729656 -0.683814 0
    outer loop
      vertex 20.9926 44.2066 3
      vertex 21.1716 44.3976 0
      vertex 21.1716 44.3976 3
    endloop
  endfacet
  facet normal 0.729656 -0.683814 0
    outer loop
      vertex 21.1716 44.3976 0
      vertex 20.9926 44.2066 3
      vertex 20.9926 44.2066 0
    endloop
  endfacet
  facet normal 0.634153 -0.773208 0
    outer loop
      vertex 21.3626 44.5766 0
      vertex 21.565 44.7426 3
      vertex 21.3626 44.5766 3
    endloop
  endfacet
  facet normal 0.634153 -0.773208 0
    outer loop
      vertex 21.565 44.7426 3
      vertex 21.3626 44.5766 0
      vertex 21.565 44.7426 0
    endloop
  endfacet
  facet normal 0.527971 -0.849262 0
    outer loop
      vertex 21.7777 44.8951 0
      vertex 22 45.0333 3
      vertex 21.7777 44.8951 3
    endloop
  endfacet
  facet normal 0.527971 -0.849262 0
    outer loop
      vertex 22 45.0333 3
      vertex 21.7777 44.8951 0
      vertex 22 45.0333 0
    endloop
  endfacet
  facet normal 0.412508 -0.910954 0
    outer loop
      vertex 22.2308 45.1567 0
      vertex 22.4693 45.2647 3
      vertex 22.2308 45.1567 3
    endloop
  endfacet
  facet normal 0.412508 -0.910954 0
    outer loop
      vertex 22.4693 45.2647 3
      vertex 22.2308 45.1567 0
      vertex 22.4693 45.2647 0
    endloop
  endfacet
  facet normal 0.4715 -0.881866 0
    outer loop
      vertex 22 45.0333 0
      vertex 22.2308 45.1567 3
      vertex 22 45.0333 3
    endloop
  endfacet
  facet normal 0.4715 -0.881866 0
    outer loop
      vertex 22.2308 45.1567 3
      vertex 22 45.0333 0
      vertex 22.2308 45.1567 0
    endloop
  endfacet
  facet normal 0.683611 0.729847 -0
    outer loop
      vertex 21.3626 38.5619 0
      vertex 21.1716 38.7408 3
      vertex 21.3626 38.5619 3
    endloop
  endfacet
  facet normal 0.683611 0.729847 0
    outer loop
      vertex 21.1716 38.7408 3
      vertex 21.3626 38.5619 0
      vertex 21.1716 38.7408 0
    endloop
  endfacet
  facet normal 0.582683 0.8127 -0
    outer loop
      vertex 21.7777 38.2433 0
      vertex 21.565 38.3958 3
      vertex 21.7777 38.2433 3
    endloop
  endfacet
  facet normal 0.582683 0.8127 0
    outer loop
      vertex 21.565 38.3958 3
      vertex 21.7777 38.2433 0
      vertex 21.565 38.3958 0
    endloop
  endfacet
  facet normal 0.849262 0.527971 0
    outer loop
      vertex 20.6741 39.3469 3
      vertex 20.5359 39.5692 0
      vertex 20.5359 39.5692 3
    endloop
  endfacet
  facet normal 0.849262 0.527971 0
    outer loop
      vertex 20.5359 39.5692 0
      vertex 20.6741 39.3469 3
      vertex 20.6741 39.3469 0
    endloop
  endfacet
  facet normal 0.910889 0.412651 0
    outer loop
      vertex 20.4125 39.8001 3
      vertex 20.3045 40.0385 0
      vertex 20.3045 40.0385 3
    endloop
  endfacet
  facet normal 0.910889 0.412651 0
    outer loop
      vertex 20.3045 40.0385 0
      vertex 20.4125 39.8001 3
      vertex 20.4125 39.8001 0
    endloop
  endfacet
  facet normal 0.973906 -0.226952 0
    outer loop
      vertex 20.0769 42.3496 3
      vertex 20.1363 42.6045 0
      vertex 20.1363 42.6045 3
    endloop
  endfacet
  facet normal 0.973906 -0.226952 0
    outer loop
      vertex 20.1363 42.6045 0
      vertex 20.0769 42.3496 3
      vertex 20.0769 42.3496 0
    endloop
  endfacet
  facet normal 0.93592 -0.352212 0
    outer loop
      vertex 20.2123 42.855 3
      vertex 20.3045 43.1 0
      vertex 20.3045 43.1 3
    endloop
  endfacet
  facet normal 0.93592 -0.352212 0
    outer loop
      vertex 20.3045 43.1 0
      vertex 20.2123 42.855 3
      vertex 20.2123 42.855 0
    endloop
  endfacet
  facet normal 0.956928 -0.290325 0
    outer loop
      vertex 20.1363 42.6045 3
      vertex 20.2123 42.855 0
      vertex 20.2123 42.855 3
    endloop
  endfacet
  facet normal 0.956928 -0.290325 0
    outer loop
      vertex 20.2123 42.855 0
      vertex 20.1363 42.6045 3
      vertex 20.1363 42.6045 0
    endloop
  endfacet
  facet normal 0.995206 0.0978014 0
    outer loop
      vertex 20.0342 41.0471 3
      vertex 20.0086 41.3076 0
      vertex 20.0086 41.3076 3
    endloop
  endfacet
  facet normal 0.995206 0.0978014 0
    outer loop
      vertex 20.0086 41.3076 0
      vertex 20.0342 41.0471 3
      vertex 20.0342 41.0471 0
    endloop
  endfacet
  facet normal 0.99946 -0.0328569 0
    outer loop
      vertex 20 41.5692 3
      vertex 20.0086 41.8308 0
      vertex 20.0086 41.8308 3
    endloop
  endfacet
  facet normal 0.99946 -0.0328569 0
    outer loop
      vertex 20.0086 41.8308 0
      vertex 20 41.5692 3
      vertex 20 41.5692 0
    endloop
  endfacet
  facet normal 0.956896 0.290432 0
    outer loop
      vertex 20.2123 40.2835 3
      vertex 20.1363 40.5339 0
      vertex 20.1363 40.5339 3
    endloop
  endfacet
  facet normal 0.956896 0.290432 0
    outer loop
      vertex 20.1363 40.5339 0
      vertex 20.2123 40.2835 3
      vertex 20.2123 40.2835 0
    endloop
  endfacet
  facet normal -0.4715 -0.881866 0
    outer loop
      vertex 25.7692 45.1567 0
      vertex 26 45.0333 3
      vertex 25.7692 45.1567 3
    endloop
  endfacet
  facet normal -0.4715 -0.881866 -0
    outer loop
      vertex 26 45.0333 3
      vertex 25.7692 45.1567 0
      vertex 26 45.0333 0
    endloop
  endfacet
  facet normal -0.527971 -0.849262 0
    outer loop
      vertex 26 45.0333 0
      vertex 26.2223 44.8951 3
      vertex 26 45.0333 3
    endloop
  endfacet
  facet normal -0.527971 -0.849262 -0
    outer loop
      vertex 26.2223 44.8951 3
      vertex 26 45.0333 0
      vertex 26.2223 44.8951 0
    endloop
  endfacet
  facet normal -0.582683 -0.8127 0
    outer loop
      vertex 26.2223 44.8951 0
      vertex 26.435 44.7426 3
      vertex 26.2223 44.8951 3
    endloop
  endfacet
  facet normal -0.582683 -0.8127 -0
    outer loop
      vertex 26.435 44.7426 3
      vertex 26.2223 44.8951 0
      vertex 26.435 44.7426 0
    endloop
  endfacet
  facet normal -0.634153 -0.773208 0
    outer loop
      vertex 26.435 44.7426 0
      vertex 26.6374 44.5766 3
      vertex 26.435 44.7426 3
    endloop
  endfacet
  facet normal -0.634153 -0.773208 -0
    outer loop
      vertex 26.6374 44.5766 3
      vertex 26.435 44.7426 0
      vertex 26.6374 44.5766 0
    endloop
  endfacet
  facet normal -0.352338 0.935873 0
    outer loop
      vertex 25.5307 37.8737 0
      vertex 25.2858 37.7815 3
      vertex 25.5307 37.8737 3
    endloop
  endfacet
  facet normal -0.352338 0.935873 0
    outer loop
      vertex 25.2858 37.7815 3
      vertex 25.5307 37.8737 0
      vertex 25.2858 37.7815 0
    endloop
  endfacet
  facet normal 0.0978014 0.995206 -0
    outer loop
      vertex 23.7384 37.5778 0
      vertex 23.4779 37.6034 3
      vertex 23.7384 37.5778 3
    endloop
  endfacet
  facet normal 0.0978014 0.995206 0
    outer loop
      vertex 23.4779 37.6034 3
      vertex 23.7384 37.5778 0
      vertex 23.4779 37.6034 0
    endloop
  endfacet
  facet normal -0.226952 0.973906 0
    outer loop
      vertex 25.0353 37.7055 0
      vertex 24.7804 37.6461 3
      vertex 25.0353 37.7055 3
    endloop
  endfacet
  facet normal -0.226952 0.973906 0
    outer loop
      vertex 24.7804 37.6461 3
      vertex 25.0353 37.7055 0
      vertex 24.7804 37.6461 0
    endloop
  endfacet
  facet normal 0.0328569 0.99946 -0
    outer loop
      vertex 24 37.5692 0
      vertex 23.7384 37.5778 3
      vertex 24 37.5692 3
    endloop
  endfacet
  facet normal 0.0328569 0.99946 0
    outer loop
      vertex 23.7384 37.5778 3
      vertex 24 37.5692 0
      vertex 23.7384 37.5778 0
    endloop
  endfacet
  facet normal -0.910889 0.412651 0
    outer loop
      vertex 27.5875 39.8001 0
      vertex 27.6955 40.0385 3
      vertex 27.6955 40.0385 0
    endloop
  endfacet
  facet normal -0.910889 0.412651 0
    outer loop
      vertex 27.6955 40.0385 3
      vertex 27.5875 39.8001 0
      vertex 27.5875 39.8001 3
    endloop
  endfacet
  facet normal -0.93592 0.352212 0
    outer loop
      vertex 27.6955 40.0385 0
      vertex 27.7877 40.2835 3
      vertex 27.7877 40.2835 0
    endloop
  endfacet
  facet normal -0.93592 0.352212 0
    outer loop
      vertex 27.7877 40.2835 3
      vertex 27.6955 40.0385 0
      vertex 27.6955 40.0385 3
    endloop
  endfacet
  facet normal -0.9866 0.16316 0
    outer loop
      vertex 27.9231 40.7889 0
      vertex 27.9658 41.0471 3
      vertex 27.9658 41.0471 0
    endloop
  endfacet
  facet normal -0.9866 0.16316 0
    outer loop
      vertex 27.9658 41.0471 3
      vertex 27.9231 40.7889 0
      vertex 27.9231 40.7889 3
    endloop
  endfacet
  facet normal -0.0981798 -0.995169 0
    outer loop
      vertex 24.2616 45.5607 0
      vertex 24.5221 45.535 3
      vertex 24.2616 45.5607 3
    endloop
  endfacet
  facet normal -0.0981798 -0.995169 -0
    outer loop
      vertex 24.5221 45.535 3
      vertex 24.2616 45.5607 0
      vertex 24.5221 45.535 0
    endloop
  endfacet
  facet normal -0.162726 -0.986671 0
    outer loop
      vertex 24.5221 45.535 0
      vertex 24.7804 45.4924 3
      vertex 24.5221 45.535 3
    endloop
  endfacet
  facet normal -0.162726 -0.986671 -0
    outer loop
      vertex 24.7804 45.4924 3
      vertex 24.5221 45.535 0
      vertex 24.7804 45.4924 0
    endloop
  endfacet
  facet normal -0.0324752 -0.999473 0
    outer loop
      vertex 24 45.5692 0
      vertex 24.2616 45.5607 3
      vertex 24 45.5692 3
    endloop
  endfacet
  facet normal -0.0324752 -0.999473 -0
    outer loop
      vertex 24.2616 45.5607 3
      vertex 24 45.5692 0
      vertex 24.2616 45.5607 0
    endloop
  endfacet
  facet normal 0.849262 -0.527971 0
    outer loop
      vertex 20.5359 43.5692 3
      vertex 20.6741 43.7915 0
      vertex 20.6741 43.7915 3
    endloop
  endfacet
  facet normal 0.849262 -0.527971 0
    outer loop
      vertex 20.6741 43.7915 0
      vertex 20.5359 43.5692 3
      vertex 20.5359 43.5692 0
    endloop
  endfacet
  facet normal 0.582683 -0.8127 0
    outer loop
      vertex 21.565 44.7426 0
      vertex 21.7777 44.8951 3
      vertex 21.565 44.7426 3
    endloop
  endfacet
  facet normal 0.582683 -0.8127 0
    outer loop
      vertex 21.7777 44.8951 3
      vertex 21.565 44.7426 0
      vertex 21.7777 44.8951 0
    endloop
  endfacet
  facet normal 0.634381 0.773021 -0
    outer loop
      vertex 21.565 38.3958 0
      vertex 21.3626 38.5619 3
      vertex 21.565 38.3958 3
    endloop
  endfacet
  facet normal 0.634381 0.773021 0
    outer loop
      vertex 21.3626 38.5619 3
      vertex 21.565 38.3958 0
      vertex 21.3626 38.5619 0
    endloop
  endfacet
  facet normal 0.527971 0.849262 -0
    outer loop
      vertex 22 38.1051 0
      vertex 21.7777 38.2433 3
      vertex 22 38.1051 3
    endloop
  endfacet
  facet normal 0.527971 0.849262 0
    outer loop
      vertex 21.7777 38.2433 3
      vertex 22 38.1051 0
      vertex 21.7777 38.2433 0
    endloop
  endfacet
  facet normal 0.8127 0.582683 0
    outer loop
      vertex 20.8266 39.1342 3
      vertex 20.6741 39.3469 0
      vertex 20.6741 39.3469 3
    endloop
  endfacet
  facet normal 0.8127 0.582683 0
    outer loop
      vertex 20.6741 39.3469 0
      vertex 20.8266 39.1342 3
      vertex 20.8266 39.1342 0
    endloop
  endfacet
  facet normal 0.881951 0.471341 0
    outer loop
      vertex 20.5359 39.5692 3
      vertex 20.4125 39.8001 0
      vertex 20.4125 39.8001 3
    endloop
  endfacet
  facet normal 0.881951 0.471341 0
    outer loop
      vertex 20.4125 39.8001 0
      vertex 20.5359 39.5692 3
      vertex 20.5359 39.5692 0
    endloop
  endfacet
  facet normal 0.99946 0.0328569 0
    outer loop
      vertex 20.0086 41.3076 3
      vertex 20 41.5692 0
      vertex 20 41.5692 3
    endloop
  endfacet
  facet normal 0.99946 0.0328569 0
    outer loop
      vertex 20 41.5692 0
      vertex 20.0086 41.3076 3
      vertex 20.0086 41.3076 0
    endloop
  endfacet
  facet normal 0.973926 0.226867 0
    outer loop
      vertex 20.1363 40.5339 3
      vertex 20.0769 40.7889 0
      vertex 20.0769 40.7889 3
    endloop
  endfacet
  facet normal 0.973926 0.226867 0
    outer loop
      vertex 20.0769 40.7889 0
      vertex 20.1363 40.5339 3
      vertex 20.1363 40.5339 0
    endloop
  endfacet
  facet normal -0.98661 -0.163098 0
    outer loop
      vertex 27.9658 42.0913 0
      vertex 27.9231 42.3496 3
      vertex 27.9231 42.3496 0
    endloop
  endfacet
  facet normal -0.98661 -0.163098 0
    outer loop
      vertex 27.9231 42.3496 3
      vertex 27.9658 42.0913 0
      vertex 27.9658 42.0913 3
    endloop
  endfacet
  facet normal -0.93592 -0.352212 0
    outer loop
      vertex 27.7877 42.855 0
      vertex 27.6955 43.1 3
      vertex 27.6955 43.1 0
    endloop
  endfacet
  facet normal -0.93592 -0.352212 0
    outer loop
      vertex 27.6955 43.1 3
      vertex 27.7877 42.855 0
      vertex 27.7877 42.855 3
    endloop
  endfacet
  facet normal -0.881866 -0.4715 0
    outer loop
      vertex 27.5875 43.3384 0
      vertex 27.4641 43.5692 3
      vertex 27.4641 43.5692 0
    endloop
  endfacet
  facet normal -0.881866 -0.4715 0
    outer loop
      vertex 27.4641 43.5692 3
      vertex 27.5875 43.3384 0
      vertex 27.5875 43.3384 3
    endloop
  endfacet
  facet normal -0.881951 0.471341 0
    outer loop
      vertex 27.4641 39.5692 0
      vertex 27.5875 39.8001 3
      vertex 27.5875 39.8001 0
    endloop
  endfacet
  facet normal -0.881951 0.471341 0
    outer loop
      vertex 27.5875 39.8001 3
      vertex 27.4641 39.5692 0
      vertex 27.4641 39.5692 3
    endloop
  endfacet
  facet normal -0.8127 0.582683 0
    outer loop
      vertex 27.1734 39.1342 0
      vertex 27.3259 39.3469 3
      vertex 27.3259 39.3469 0
    endloop
  endfacet
  facet normal -0.8127 0.582683 0
    outer loop
      vertex 27.3259 39.3469 3
      vertex 27.1734 39.1342 0
      vertex 27.1734 39.1342 3
    endloop
  endfacet
  facet normal -0.683611 0.729847 0
    outer loop
      vertex 26.8284 38.7408 0
      vertex 26.6374 38.5619 3
      vertex 26.8284 38.7408 3
    endloop
  endfacet
  facet normal -0.683611 0.729847 0
    outer loop
      vertex 26.6374 38.5619 3
      vertex 26.8284 38.7408 0
      vertex 26.6374 38.5619 0
    endloop
  endfacet
  facet normal -0.527971 0.849262 0
    outer loop
      vertex 26.2223 38.2433 0
      vertex 26 38.1051 3
      vertex 26.2223 38.2433 3
    endloop
  endfacet
  facet normal -0.527971 0.849262 0
    outer loop
      vertex 26 38.1051 3
      vertex 26.2223 38.2433 0
      vertex 26 38.1051 0
    endloop
  endfacet
  facet normal 0.412508 0.910954 -0
    outer loop
      vertex 22.4693 37.8737 0
      vertex 22.2308 37.9817 3
      vertex 22.4693 37.8737 3
    endloop
  endfacet
  facet normal 0.412508 0.910954 0
    outer loop
      vertex 22.2308 37.9817 3
      vertex 22.4693 37.8737 0
      vertex 22.2308 37.9817 0
    endloop
  endfacet
  facet normal 0.290325 0.956928 -0
    outer loop
      vertex 22.9647 37.7055 0
      vertex 22.7142 37.7815 3
      vertex 22.9647 37.7055 3
    endloop
  endfacet
  facet normal 0.290325 0.956928 0
    outer loop
      vertex 22.7142 37.7815 3
      vertex 22.9647 37.7055 0
      vertex 22.7142 37.7815 0
    endloop
  endfacet
  facet normal -0.290325 0.956928 0
    outer loop
      vertex 25.2858 37.7815 0
      vertex 25.0353 37.7055 3
      vertex 25.2858 37.7815 3
    endloop
  endfacet
  facet normal -0.290325 0.956928 0
    outer loop
      vertex 25.0353 37.7055 3
      vertex 25.2858 37.7815 0
      vertex 25.0353 37.7055 0
    endloop
  endfacet
  facet normal -0.0328569 0.99946 0
    outer loop
      vertex 24.2616 37.5778 0
      vertex 24 37.5692 3
      vertex 24.2616 37.5778 3
    endloop
  endfacet
  facet normal -0.0328569 0.99946 0
    outer loop
      vertex 24 37.5692 3
      vertex 24.2616 37.5778 0
      vertex 24 37.5692 0
    endloop
  endfacet
  facet normal -0.956896 0.290432 0
    outer loop
      vertex 27.7877 40.2835 0
      vertex 27.8637 40.5339 3
      vertex 27.8637 40.5339 0
    endloop
  endfacet
  facet normal -0.956896 0.290432 0
    outer loop
      vertex 27.8637 40.5339 3
      vertex 27.7877 40.2835 0
      vertex 27.7877 40.2835 3
    endloop
  endfacet
  facet normal -0.973926 0.226867 0
    outer loop
      vertex 27.8637 40.5339 0
      vertex 27.9231 40.7889 3
      vertex 27.9231 40.7889 0
    endloop
  endfacet
  facet normal -0.973926 0.226867 0
    outer loop
      vertex 27.9231 40.7889 3
      vertex 27.8637 40.5339 0
      vertex 27.8637 40.5339 3
    endloop
  endfacet
  facet normal -0.812829 -0.582502 0
    outer loop
      vertex 27.3259 43.7915 0
      vertex 27.1734 44.0043 3
      vertex 27.1734 44.0043 0
    endloop
  endfacet
  facet normal -0.812829 -0.582502 0
    outer loop
      vertex 27.1734 44.0043 3
      vertex 27.3259 43.7915 0
      vertex 27.3259 43.7915 3
    endloop
  endfacet
  facet normal -0.849262 -0.527971 0
    outer loop
      vertex 27.4641 43.5692 0
      vertex 27.3259 43.7915 3
      vertex 27.3259 43.7915 0
    endloop
  endfacet
  facet normal -0.849262 -0.527971 0
    outer loop
      vertex 27.3259 43.7915 3
      vertex 27.4641 43.5692 0
      vertex 27.4641 43.5692 3
    endloop
  endfacet
  facet normal -0.683814 -0.729656 0
    outer loop
      vertex 26.6374 44.5766 0
      vertex 26.8284 44.3976 3
      vertex 26.6374 44.5766 3
    endloop
  endfacet
  facet normal -0.683814 -0.729656 -0
    outer loop
      vertex 26.8284 44.3976 3
      vertex 26.6374 44.5766 0
      vertex 26.8284 44.3976 0
    endloop
  endfacet
  facet normal -0.729656 -0.683814 0
    outer loop
      vertex 27.0074 44.2066 0
      vertex 26.8284 44.3976 3
      vertex 26.8284 44.3976 0
    endloop
  endfacet
  facet normal -0.729656 -0.683814 0
    outer loop
      vertex 26.8284 44.3976 3
      vertex 27.0074 44.2066 0
      vertex 27.0074 44.2066 3
    endloop
  endfacet
  facet normal -0.973906 -0.226952 0
    outer loop
      vertex 27.9231 42.3496 0
      vertex 27.8637 42.6045 3
      vertex 27.8637 42.6045 0
    endloop
  endfacet
  facet normal -0.973906 -0.226952 0
    outer loop
      vertex 27.8637 42.6045 3
      vertex 27.9231 42.3496 0
      vertex 27.9231 42.3496 3
    endloop
  endfacet
  facet normal -0.99946 -0.0328569 0
    outer loop
      vertex 28 41.5692 0
      vertex 27.9914 41.8308 3
      vertex 27.9914 41.8308 0
    endloop
  endfacet
  facet normal -0.99946 -0.0328569 0
    outer loop
      vertex 27.9914 41.8308 3
      vertex 28 41.5692 0
      vertex 28 41.5692 3
    endloop
  endfacet
  facet normal -0.995206 -0.0978014 0
    outer loop
      vertex 27.9914 41.8308 0
      vertex 27.9658 42.0913 3
      vertex 27.9658 42.0913 0
    endloop
  endfacet
  facet normal -0.995206 -0.0978014 0
    outer loop
      vertex 27.9658 42.0913 3
      vertex 27.9914 41.8308 0
      vertex 27.9914 41.8308 3
    endloop
  endfacet
  facet normal -0.99946 0.0328569 0
    outer loop
      vertex 27.9914 41.3076 0
      vertex 28 41.5692 3
      vertex 28 41.5692 0
    endloop
  endfacet
  facet normal -0.99946 0.0328569 0
    outer loop
      vertex 28 41.5692 3
      vertex 27.9914 41.3076 0
      vertex 27.9914 41.3076 3
    endloop
  endfacet
  facet normal -0.910889 -0.412651 0
    outer loop
      vertex 27.6955 43.1 0
      vertex 27.5875 43.3384 3
      vertex 27.5875 43.3384 0
    endloop
  endfacet
  facet normal -0.910889 -0.412651 0
    outer loop
      vertex 27.5875 43.3384 3
      vertex 27.6955 43.1 0
      vertex 27.6955 43.1 3
    endloop
  endfacet
  facet normal -0.729656 0.683814 0
    outer loop
      vertex 26.8284 38.7408 0
      vertex 27.0074 38.9318 3
      vertex 27.0074 38.9318 0
    endloop
  endfacet
  facet normal -0.729656 0.683814 0
    outer loop
      vertex 27.0074 38.9318 3
      vertex 26.8284 38.7408 0
      vertex 26.8284 38.7408 3
    endloop
  endfacet
  facet normal -0.773208 0.634153 0
    outer loop
      vertex 27.0074 38.9318 0
      vertex 27.1734 39.1342 3
      vertex 27.1734 39.1342 0
    endloop
  endfacet
  facet normal -0.773208 0.634153 0
    outer loop
      vertex 27.1734 39.1342 3
      vertex 27.0074 38.9318 0
      vertex 27.0074 38.9318 3
    endloop
  endfacet
  facet normal -0.4715 0.881866 0
    outer loop
      vertex 26 38.1051 0
      vertex 25.7692 37.9817 3
      vertex 26 38.1051 3
    endloop
  endfacet
  facet normal -0.4715 0.881866 0
    outer loop
      vertex 25.7692 37.9817 3
      vertex 26 38.1051 0
      vertex 25.7692 37.9817 0
    endloop
  endfacet
  facet normal -0.634381 0.773021 0
    outer loop
      vertex 26.6374 38.5619 0
      vertex 26.435 38.3958 3
      vertex 26.6374 38.5619 3
    endloop
  endfacet
  facet normal -0.634381 0.773021 0
    outer loop
      vertex 26.435 38.3958 3
      vertex 26.6374 38.5619 0
      vertex 26.435 38.3958 0
    endloop
  endfacet
  facet normal 0.352338 0.935873 -0
    outer loop
      vertex 22.7142 37.7815 0
      vertex 22.4693 37.8737 3
      vertex 22.7142 37.7815 3
    endloop
  endfacet
  facet normal 0.352338 0.935873 0
    outer loop
      vertex 22.4693 37.8737 3
      vertex 22.7142 37.7815 0
      vertex 22.4693 37.8737 0
    endloop
  endfacet
  facet normal 0.163098 0.98661 -0
    outer loop
      vertex 23.4779 37.6034 0
      vertex 23.2196 37.6461 3
      vertex 23.4779 37.6034 3
    endloop
  endfacet
  facet normal 0.163098 0.98661 0
    outer loop
      vertex 23.2196 37.6461 3
      vertex 23.4779 37.6034 0
      vertex 23.2196 37.6461 0
    endloop
  endfacet
  facet normal -0.0978014 0.995206 0
    outer loop
      vertex 24.5221 37.6034 0
      vertex 24.2616 37.5778 3
      vertex 24.5221 37.6034 3
    endloop
  endfacet
  facet normal -0.0978014 0.995206 0
    outer loop
      vertex 24.2616 37.5778 3
      vertex 24.5221 37.6034 0
      vertex 24.2616 37.5778 0
    endloop
  endfacet
  facet normal -0.849262 0.527971 0
    outer loop
      vertex 27.3259 39.3469 0
      vertex 27.4641 39.5692 3
      vertex 27.4641 39.5692 0
    endloop
  endfacet
  facet normal -0.849262 0.527971 0
    outer loop
      vertex 27.4641 39.5692 3
      vertex 27.3259 39.3469 0
      vertex 27.3259 39.3469 3
    endloop
  endfacet
  facet normal -0.412508 0.910954 0
    outer loop
      vertex 25.7692 37.9817 0
      vertex 25.5307 37.8737 3
      vertex 25.7692 37.9817 3
    endloop
  endfacet
  facet normal -0.412508 0.910954 0
    outer loop
      vertex 25.5307 37.8737 3
      vertex 25.7692 37.9817 0
      vertex 25.5307 37.8737 0
    endloop
  endfacet
  facet normal -0.582683 0.8127 0
    outer loop
      vertex 26.435 38.3958 0
      vertex 26.2223 38.2433 3
      vertex 26.435 38.3958 3
    endloop
  endfacet
  facet normal -0.582683 0.8127 0
    outer loop
      vertex 26.2223 38.2433 3
      vertex 26.435 38.3958 0
      vertex 26.2223 38.2433 0
    endloop
  endfacet
  facet normal -0.582683 -0.8127 0
    outer loop
      vertex -21.7777 44.8951 0
      vertex -21.565 44.7426 3
      vertex -21.7777 44.8951 3
    endloop
  endfacet
  facet normal -0.582683 -0.8127 -0
    outer loop
      vertex -21.565 44.7426 3
      vertex -21.7777 44.8951 0
      vertex -21.565 44.7426 0
    endloop
  endfacet
  facet normal 0.881866 -0.4715 0
    outer loop
      vertex -27.5875 43.3384 3
      vertex -27.4641 43.5692 0
      vertex -27.4641 43.5692 3
    endloop
  endfacet
  facet normal 0.881866 -0.4715 0
    outer loop
      vertex -27.4641 43.5692 0
      vertex -27.5875 43.3384 3
      vertex -27.5875 43.3384 0
    endloop
  endfacet
  facet normal 0.849262 0.527971 0
    outer loop
      vertex -27.3259 39.3469 3
      vertex -27.4641 39.5692 0
      vertex -27.4641 39.5692 3
    endloop
  endfacet
  facet normal 0.849262 0.527971 0
    outer loop
      vertex -27.4641 39.5692 0
      vertex -27.3259 39.3469 3
      vertex -27.3259 39.3469 0
    endloop
  endfacet
  facet normal 0.9866 0.16316 0
    outer loop
      vertex -27.9231 40.7889 3
      vertex -27.9658 41.0471 0
      vertex -27.9658 41.0471 3
    endloop
  endfacet
  facet normal 0.9866 0.16316 0
    outer loop
      vertex -27.9658 41.0471 0
      vertex -27.9231 40.7889 3
      vertex -27.9231 40.7889 0
    endloop
  endfacet
  facet normal -0.4715 0.881866 0
    outer loop
      vertex -22 38.1051 0
      vertex -22.2308 37.9817 3
      vertex -22 38.1051 3
    endloop
  endfacet
  facet normal -0.4715 0.881866 0
    outer loop
      vertex -22.2308 37.9817 3
      vertex -22 38.1051 0
      vertex -22.2308 37.9817 0
    endloop
  endfacet
  facet normal -0.0978014 0.995206 0
    outer loop
      vertex -23.4779 37.6034 0
      vertex -23.7384 37.5778 3
      vertex -23.4779 37.6034 3
    endloop
  endfacet
  facet normal -0.0978014 0.995206 0
    outer loop
      vertex -23.7384 37.5778 3
      vertex -23.4779 37.6034 0
      vertex -23.7384 37.5778 0
    endloop
  endfacet
  facet normal 0.582683 0.8127 -0
    outer loop
      vertex -26.2223 38.2433 0
      vertex -26.435 38.3958 3
      vertex -26.2223 38.2433 3
    endloop
  endfacet
  facet normal 0.582683 0.8127 0
    outer loop
      vertex -26.435 38.3958 3
      vertex -26.2223 38.2433 0
      vertex -26.435 38.3958 0
    endloop
  endfacet
  facet normal 0.352338 0.935873 -0
    outer loop
      vertex -25.2858 37.7815 0
      vertex -25.5307 37.8737 3
      vertex -25.2858 37.7815 3
    endloop
  endfacet
  facet normal 0.352338 0.935873 0
    outer loop
      vertex -25.5307 37.8737 3
      vertex -25.2858 37.7815 0
      vertex -25.5307 37.8737 0
    endloop
  endfacet
  facet normal 0.227314 -0.973821 0
    outer loop
      vertex -25.0353 45.4329 0
      vertex -24.7804 45.4924 3
      vertex -25.0353 45.4329 3
    endloop
  endfacet
  facet normal 0.227314 -0.973821 0
    outer loop
      vertex -24.7804 45.4924 3
      vertex -25.0353 45.4329 0
      vertex -24.7804 45.4924 0
    endloop
  endfacet
  facet normal 0.634153 -0.773208 0
    outer loop
      vertex -26.6374 44.5766 0
      vertex -26.435 44.7426 3
      vertex -26.6374 44.5766 3
    endloop
  endfacet
  facet normal 0.634153 -0.773208 0
    outer loop
      vertex -26.435 44.7426 3
      vertex -26.6374 44.5766 0
      vertex -26.435 44.7426 0
    endloop
  endfacet
  facet normal 0.683814 -0.729656 0
    outer loop
      vertex -26.8284 44.3976 0
      vertex -26.6374 44.5766 3
      vertex -26.8284 44.3976 3
    endloop
  endfacet
  facet normal 0.683814 -0.729656 0
    outer loop
      vertex -26.6374 44.5766 3
      vertex -26.8284 44.3976 0
      vertex -26.6374 44.5766 0
    endloop
  endfacet
  facet normal 0.910889 -0.412651 0
    outer loop
      vertex -27.6955 43.1 3
      vertex -27.5875 43.3384 0
      vertex -27.5875 43.3384 3
    endloop
  endfacet
  facet normal 0.910889 -0.412651 0
    outer loop
      vertex -27.5875 43.3384 0
      vertex -27.6955 43.1 3
      vertex -27.6955 43.1 0
    endloop
  endfacet
  facet normal 0.973906 -0.226952 0
    outer loop
      vertex -27.9231 42.3496 3
      vertex -27.8637 42.6045 0
      vertex -27.8637 42.6045 3
    endloop
  endfacet
  facet normal 0.973906 -0.226952 0
    outer loop
      vertex -27.8637 42.6045 0
      vertex -27.9231 42.3496 3
      vertex -27.9231 42.3496 0
    endloop
  endfacet
  facet normal 0.956928 -0.290325 0
    outer loop
      vertex -27.8637 42.6045 3
      vertex -27.7877 42.855 0
      vertex -27.7877 42.855 3
    endloop
  endfacet
  facet normal 0.956928 -0.290325 0
    outer loop
      vertex -27.7877 42.855 0
      vertex -27.8637 42.6045 3
      vertex -27.8637 42.6045 0
    endloop
  endfacet
  facet normal 0.93592 0.352212 0
    outer loop
      vertex -27.6955 40.0385 3
      vertex -27.7877 40.2835 0
      vertex -27.7877 40.2835 3
    endloop
  endfacet
  facet normal 0.93592 0.352212 0
    outer loop
      vertex -27.7877 40.2835 0
      vertex -27.6955 40.0385 3
      vertex -27.6955 40.0385 0
    endloop
  endfacet
  facet normal 0.98661 -0.163098 0
    outer loop
      vertex -27.9658 42.0913 3
      vertex -27.9231 42.3496 0
      vertex -27.9231 42.3496 3
    endloop
  endfacet
  facet normal 0.98661 -0.163098 0
    outer loop
      vertex -27.9231 42.3496 0
      vertex -27.9658 42.0913 3
      vertex -27.9658 42.0913 0
    endloop
  endfacet
  facet normal -0.163098 0.98661 0
    outer loop
      vertex -23.2196 37.6461 0
      vertex -23.4779 37.6034 3
      vertex -23.2196 37.6461 3
    endloop
  endfacet
  facet normal -0.163098 0.98661 0
    outer loop
      vertex -23.4779 37.6034 3
      vertex -23.2196 37.6461 0
      vertex -23.4779 37.6034 0
    endloop
  endfacet
  facet normal 0.163098 0.98661 -0
    outer loop
      vertex -24.5221 37.6034 0
      vertex -24.7804 37.6461 3
      vertex -24.5221 37.6034 3
    endloop
  endfacet
  facet normal 0.163098 0.98661 0
    outer loop
      vertex -24.7804 37.6461 3
      vertex -24.5221 37.6034 0
      vertex -24.7804 37.6461 0
    endloop
  endfacet
  facet normal -0.0328569 0.99946 0
    outer loop
      vertex -23.7384 37.5778 0
      vertex -24 37.5692 3
      vertex -23.7384 37.5778 3
    endloop
  endfacet
  facet normal -0.0328569 0.99946 0
    outer loop
      vertex -24 37.5692 3
      vertex -23.7384 37.5778 0
      vertex -24 37.5692 0
    endloop
  endfacet
  facet normal 0.8127 0.582683 0
    outer loop
      vertex -27.1734 39.1342 3
      vertex -27.3259 39.3469 0
      vertex -27.3259 39.3469 3
    endloop
  endfacet
  facet normal 0.8127 0.582683 0
    outer loop
      vertex -27.3259 39.3469 0
      vertex -27.1734 39.1342 3
      vertex -27.1734 39.1342 0
    endloop
  endfacet
  facet normal 0.527971 0.849262 -0
    outer loop
      vertex -26 38.1051 0
      vertex -26.2223 38.2433 3
      vertex -26 38.1051 3
    endloop
  endfacet
  facet normal 0.527971 0.849262 0
    outer loop
      vertex -26.2223 38.2433 3
      vertex -26 38.1051 0
      vertex -26.2223 38.2433 0
    endloop
  endfacet
  facet normal 0.527971 -0.849262 0
    outer loop
      vertex -26.2223 44.8951 0
      vertex -26 45.0333 3
      vertex -26.2223 44.8951 3
    endloop
  endfacet
  facet normal 0.527971 -0.849262 0
    outer loop
      vertex -26 45.0333 3
      vertex -26.2223 44.8951 0
      vertex -26 45.0333 0
    endloop
  endfacet
  facet normal 0.4715 -0.881866 0
    outer loop
      vertex -26 45.0333 0
      vertex -25.7692 45.1567 3
      vertex -26 45.0333 3
    endloop
  endfacet
  facet normal 0.4715 -0.881866 0
    outer loop
      vertex -25.7692 45.1567 3
      vertex -26 45.0333 0
      vertex -25.7692 45.1567 0
    endloop
  endfacet
  facet normal -0.227314 -0.973821 0
    outer loop
      vertex -23.2196 45.4924 0
      vertex -22.9647 45.4329 3
      vertex -23.2196 45.4924 3
    endloop
  endfacet
  facet normal -0.227314 -0.973821 -0
    outer loop
      vertex -22.9647 45.4329 3
      vertex -23.2196 45.4924 0
      vertex -22.9647 45.4329 0
    endloop
  endfacet
  facet normal -0.0324752 -0.999473 0
    outer loop
      vertex -24 45.5692 0
      vertex -23.7384 45.5607 3
      vertex -24 45.5692 3
    endloop
  endfacet
  facet normal -0.0324752 -0.999473 -0
    outer loop
      vertex -23.7384 45.5607 3
      vertex -24 45.5692 0
      vertex -23.7384 45.5607 0
    endloop
  endfacet
  facet normal -0.683611 0.729847 0
    outer loop
      vertex -21.1716 38.7408 0
      vertex -21.3626 38.5619 3
      vertex -21.1716 38.7408 3
    endloop
  endfacet
  facet normal -0.683611 0.729847 0
    outer loop
      vertex -21.3626 38.5619 3
      vertex -21.1716 38.7408 0
      vertex -21.3626 38.5619 0
    endloop
  endfacet
  facet normal -0.812829 -0.582502 0
    outer loop
      vertex -20.6741 43.7915 0
      vertex -20.8266 44.0043 3
      vertex -20.8266 44.0043 0
    endloop
  endfacet
  facet normal -0.812829 -0.582502 0
    outer loop
      vertex -20.8266 44.0043 3
      vertex -20.6741 43.7915 0
      vertex -20.6741 43.7915 3
    endloop
  endfacet
  facet normal 0.582683 -0.8127 0
    outer loop
      vertex -26.435 44.7426 0
      vertex -26.2223 44.8951 3
      vertex -26.435 44.7426 3
    endloop
  endfacet
  facet normal 0.582683 -0.8127 0
    outer loop
      vertex -26.2223 44.8951 3
      vertex -26.435 44.7426 0
      vertex -26.2223 44.8951 0
    endloop
  endfacet
  facet normal 0.812829 -0.582502 0
    outer loop
      vertex -27.3259 43.7915 3
      vertex -27.1734 44.0043 0
      vertex -27.1734 44.0043 3
    endloop
  endfacet
  facet normal 0.812829 -0.582502 0
    outer loop
      vertex -27.1734 44.0043 0
      vertex -27.3259 43.7915 3
      vertex -27.3259 43.7915 0
    endloop
  endfacet
  facet normal 0.773054 -0.63434 0
    outer loop
      vertex -27.1734 44.0043 3
      vertex -27.0074 44.2066 0
      vertex -27.0074 44.2066 3
    endloop
  endfacet
  facet normal 0.773054 -0.63434 0
    outer loop
      vertex -27.0074 44.2066 0
      vertex -27.1734 44.0043 3
      vertex -27.1734 44.0043 0
    endloop
  endfacet
  facet normal 0.93592 -0.352212 0
    outer loop
      vertex -27.7877 42.855 3
      vertex -27.6955 43.1 0
      vertex -27.6955 43.1 3
    endloop
  endfacet
  facet normal 0.93592 -0.352212 0
    outer loop
      vertex -27.6955 43.1 0
      vertex -27.7877 42.855 3
      vertex -27.7877 42.855 0
    endloop
  endfacet
  facet normal 0.973926 0.226867 0
    outer loop
      vertex -27.8637 40.5339 3
      vertex -27.9231 40.7889 0
      vertex -27.9231 40.7889 3
    endloop
  endfacet
  facet normal 0.973926 0.226867 0
    outer loop
      vertex -27.9231 40.7889 0
      vertex -27.8637 40.5339 3
      vertex -27.8637 40.5339 0
    endloop
  endfacet
  facet normal 0.956896 0.290432 0
    outer loop
      vertex -27.7877 40.2835 3
      vertex -27.8637 40.5339 0
      vertex -27.8637 40.5339 3
    endloop
  endfacet
  facet normal 0.956896 0.290432 0
    outer loop
      vertex -27.8637 40.5339 0
      vertex -27.7877 40.2835 3
      vertex -27.7877 40.2835 0
    endloop
  endfacet
  facet normal 0.910889 0.412651 0
    outer loop
      vertex -27.5875 39.8001 3
      vertex -27.6955 40.0385 0
      vertex -27.6955 40.0385 3
    endloop
  endfacet
  facet normal 0.910889 0.412651 0
    outer loop
      vertex -27.6955 40.0385 0
      vertex -27.5875 39.8001 3
      vertex -27.5875 39.8001 0
    endloop
  endfacet
  facet normal 0.99946 0.0328569 0
    outer loop
      vertex -27.9914 41.3076 3
      vertex -28 41.5692 0
      vertex -28 41.5692 3
    endloop
  endfacet
  facet normal 0.99946 0.0328569 0
    outer loop
      vertex -28 41.5692 0
      vertex -27.9914 41.3076 3
      vertex -27.9914 41.3076 0
    endloop
  endfacet
  facet normal 0.995206 -0.0978014 0
    outer loop
      vertex -27.9914 41.8308 3
      vertex -27.9658 42.0913 0
      vertex -27.9658 42.0913 3
    endloop
  endfacet
  facet normal 0.995206 -0.0978014 0
    outer loop
      vertex -27.9658 42.0913 0
      vertex -27.9914 41.8308 3
      vertex -27.9914 41.8308 0
    endloop
  endfacet
  facet normal 0.99946 -0.0328569 0
    outer loop
      vertex -28 41.5692 3
      vertex -27.9914 41.8308 0
      vertex -27.9914 41.8308 3
    endloop
  endfacet
  facet normal 0.99946 -0.0328569 0
    outer loop
      vertex -27.9914 41.8308 0
      vertex -28 41.5692 3
      vertex -28 41.5692 0
    endloop
  endfacet
  facet normal -0.226952 0.973906 0
    outer loop
      vertex -22.9647 37.7055 0
      vertex -23.2196 37.6461 3
      vertex -22.9647 37.7055 3
    endloop
  endfacet
  facet normal -0.226952 0.973906 0
    outer loop
      vertex -23.2196 37.6461 3
      vertex -22.9647 37.7055 0
      vertex -23.2196 37.6461 0
    endloop
  endfacet
  facet normal -0.352338 0.935873 0
    outer loop
      vertex -22.4693 37.8737 0
      vertex -22.7142 37.7815 3
      vertex -22.4693 37.8737 3
    endloop
  endfacet
  facet normal -0.352338 0.935873 0
    outer loop
      vertex -22.7142 37.7815 3
      vertex -22.4693 37.8737 0
      vertex -22.7142 37.7815 0
    endloop
  endfacet
  facet normal 0.0978014 0.995206 -0
    outer loop
      vertex -24.2616 37.5778 0
      vertex -24.5221 37.6034 3
      vertex -24.2616 37.5778 3
    endloop
  endfacet
  facet normal 0.0978014 0.995206 0
    outer loop
      vertex -24.5221 37.6034 3
      vertex -24.2616 37.5778 0
      vertex -24.5221 37.6034 0
    endloop
  endfacet
  facet normal 0.0328569 0.99946 -0
    outer loop
      vertex -24 37.5692 0
      vertex -24.2616 37.5778 3
      vertex -24 37.5692 3
    endloop
  endfacet
  facet normal 0.0328569 0.99946 0
    outer loop
      vertex -24.2616 37.5778 3
      vertex -24 37.5692 0
      vertex -24.2616 37.5778 0
    endloop
  endfacet
  facet normal 0.683611 0.729847 -0
    outer loop
      vertex -26.6374 38.5619 0
      vertex -26.8284 38.7408 3
      vertex -26.6374 38.5619 3
    endloop
  endfacet
  facet normal 0.683611 0.729847 0
    outer loop
      vertex -26.8284 38.7408 3
      vertex -26.6374 38.5619 0
      vertex -26.8284 38.7408 0
    endloop
  endfacet
  facet normal 0.773208 0.634153 0
    outer loop
      vertex -27.0074 38.9318 3
      vertex -27.1734 39.1342 0
      vertex -27.1734 39.1342 3
    endloop
  endfacet
  facet normal 0.773208 0.634153 0
    outer loop
      vertex -27.1734 39.1342 0
      vertex -27.0074 38.9318 3
      vertex -27.0074 38.9318 0
    endloop
  endfacet
  facet normal 0.729656 0.683814 0
    outer loop
      vertex -26.8284 38.7408 3
      vertex -27.0074 38.9318 0
      vertex -27.0074 38.9318 3
    endloop
  endfacet
  facet normal 0.729656 0.683814 0
    outer loop
      vertex -27.0074 38.9318 0
      vertex -26.8284 38.7408 3
      vertex -26.8284 38.7408 0
    endloop
  endfacet
  facet normal 0.4715 0.881866 -0
    outer loop
      vertex -25.7692 37.9817 0
      vertex -26 38.1051 3
      vertex -25.7692 37.9817 3
    endloop
  endfacet
  facet normal 0.4715 0.881866 0
    outer loop
      vertex -26 38.1051 3
      vertex -25.7692 37.9817 0
      vertex -26 38.1051 0
    endloop
  endfacet
  facet normal 0.412508 0.910954 -0
    outer loop
      vertex -25.5307 37.8737 0
      vertex -25.7692 37.9817 3
      vertex -25.5307 37.8737 3
    endloop
  endfacet
  facet normal 0.412508 0.910954 0
    outer loop
      vertex -25.7692 37.9817 3
      vertex -25.5307 37.8737 0
      vertex -25.7692 37.9817 0
    endloop
  endfacet
  facet normal 0.290325 0.956928 -0
    outer loop
      vertex -25.0353 37.7055 0
      vertex -25.2858 37.7815 3
      vertex -25.0353 37.7055 3
    endloop
  endfacet
  facet normal 0.290325 0.956928 0
    outer loop
      vertex -25.2858 37.7815 3
      vertex -25.0353 37.7055 0
      vertex -25.2858 37.7815 0
    endloop
  endfacet
  facet normal 0.412508 -0.910954 0
    outer loop
      vertex -25.7692 45.1567 0
      vertex -25.5307 45.2647 3
      vertex -25.7692 45.1567 3
    endloop
  endfacet
  facet normal 0.412508 -0.910954 0
    outer loop
      vertex -25.5307 45.2647 3
      vertex -25.7692 45.1567 0
      vertex -25.5307 45.2647 0
    endloop
  endfacet
  facet normal 0.290325 -0.956928 0
    outer loop
      vertex -25.2858 45.3569 0
      vertex -25.0353 45.4329 3
      vertex -25.2858 45.3569 3
    endloop
  endfacet
  facet normal 0.290325 -0.956928 0
    outer loop
      vertex -25.0353 45.4329 3
      vertex -25.2858 45.3569 0
      vertex -25.0353 45.4329 0
    endloop
  endfacet
  facet normal 0.162726 -0.986671 0
    outer loop
      vertex -24.7804 45.4924 0
      vertex -24.5221 45.535 3
      vertex -24.7804 45.4924 3
    endloop
  endfacet
  facet normal 0.162726 -0.986671 0
    outer loop
      vertex -24.5221 45.535 3
      vertex -24.7804 45.4924 0
      vertex -24.5221 45.535 0
    endloop
  endfacet
  facet normal -0.683814 -0.729656 0
    outer loop
      vertex -21.3626 44.5766 0
      vertex -21.1716 44.3976 3
      vertex -21.3626 44.5766 3
    endloop
  endfacet
  facet normal -0.683814 -0.729656 -0
    outer loop
      vertex -21.1716 44.3976 3
      vertex -21.3626 44.5766 0
      vertex -21.1716 44.3976 0
    endloop
  endfacet
  facet normal -0.729656 -0.683814 0
    outer loop
      vertex -20.9926 44.2066 0
      vertex -21.1716 44.3976 3
      vertex -21.1716 44.3976 0
    endloop
  endfacet
  facet normal -0.729656 -0.683814 0
    outer loop
      vertex -21.1716 44.3976 3
      vertex -20.9926 44.2066 0
      vertex -20.9926 44.2066 3
    endloop
  endfacet
  facet normal -0.634153 -0.773208 0
    outer loop
      vertex -21.565 44.7426 0
      vertex -21.3626 44.5766 3
      vertex -21.565 44.7426 3
    endloop
  endfacet
  facet normal -0.634153 -0.773208 -0
    outer loop
      vertex -21.3626 44.5766 3
      vertex -21.565 44.7426 0
      vertex -21.3626 44.5766 0
    endloop
  endfacet
  facet normal 0.729656 -0.683814 0
    outer loop
      vertex -27.0074 44.2066 3
      vertex -26.8284 44.3976 0
      vertex -26.8284 44.3976 3
    endloop
  endfacet
  facet normal 0.729656 -0.683814 0
    outer loop
      vertex -26.8284 44.3976 0
      vertex -27.0074 44.2066 3
      vertex -27.0074 44.2066 0
    endloop
  endfacet
  facet normal 0.849262 -0.527971 0
    outer loop
      vertex -27.4641 43.5692 3
      vertex -27.3259 43.7915 0
      vertex -27.3259 43.7915 3
    endloop
  endfacet
  facet normal 0.849262 -0.527971 0
    outer loop
      vertex -27.3259 43.7915 0
      vertex -27.4641 43.5692 3
      vertex -27.4641 43.5692 0
    endloop
  endfacet
  facet normal 0.881951 0.471341 0
    outer loop
      vertex -27.4641 39.5692 3
      vertex -27.5875 39.8001 0
      vertex -27.5875 39.8001 3
    endloop
  endfacet
  facet normal 0.881951 0.471341 0
    outer loop
      vertex -27.5875 39.8001 0
      vertex -27.4641 39.5692 3
      vertex -27.4641 39.5692 0
    endloop
  endfacet
  facet normal 0.995206 0.0978014 0
    outer loop
      vertex -27.9658 41.0471 3
      vertex -27.9914 41.3076 0
      vertex -27.9914 41.3076 3
    endloop
  endfacet
  facet normal 0.995206 0.0978014 0
    outer loop
      vertex -27.9914 41.3076 0
      vertex -27.9658 41.0471 3
      vertex -27.9658 41.0471 0
    endloop
  endfacet
  facet normal -0.290325 0.956928 0
    outer loop
      vertex -22.7142 37.7815 0
      vertex -22.9647 37.7055 3
      vertex -22.7142 37.7815 3
    endloop
  endfacet
  facet normal -0.290325 0.956928 0
    outer loop
      vertex -22.9647 37.7055 3
      vertex -22.7142 37.7815 0
      vertex -22.9647 37.7055 0
    endloop
  endfacet
  facet normal -0.412508 0.910954 0
    outer loop
      vertex -22.2308 37.9817 0
      vertex -22.4693 37.8737 3
      vertex -22.2308 37.9817 3
    endloop
  endfacet
  facet normal -0.412508 0.910954 0
    outer loop
      vertex -22.4693 37.8737 3
      vertex -22.2308 37.9817 0
      vertex -22.4693 37.8737 0
    endloop
  endfacet
  facet normal 0.634381 0.773021 -0
    outer loop
      vertex -26.435 38.3958 0
      vertex -26.6374 38.5619 3
      vertex -26.435 38.3958 3
    endloop
  endfacet
  facet normal 0.634381 0.773021 0
    outer loop
      vertex -26.6374 38.5619 3
      vertex -26.435 38.3958 0
      vertex -26.6374 38.5619 0
    endloop
  endfacet
  facet normal 0.226952 0.973906 -0
    outer loop
      vertex -24.7804 37.6461 0
      vertex -25.0353 37.7055 3
      vertex -24.7804 37.6461 3
    endloop
  endfacet
  facet normal 0.226952 0.973906 0
    outer loop
      vertex -25.0353 37.7055 3
      vertex -24.7804 37.6461 0
      vertex -25.0353 37.7055 0
    endloop
  endfacet
  facet normal 0.352338 -0.935873 0
    outer loop
      vertex -25.5307 45.2647 0
      vertex -25.2858 45.3569 3
      vertex -25.5307 45.2647 3
    endloop
  endfacet
  facet normal 0.352338 -0.935873 0
    outer loop
      vertex -25.2858 45.3569 3
      vertex -25.5307 45.2647 0
      vertex -25.2858 45.3569 0
    endloop
  endfacet
  facet normal -0.352338 -0.935873 0
    outer loop
      vertex -22.7142 45.3569 0
      vertex -22.4693 45.2647 3
      vertex -22.7142 45.3569 3
    endloop
  endfacet
  facet normal -0.352338 -0.935873 -0
    outer loop
      vertex -22.4693 45.2647 3
      vertex -22.7142 45.3569 0
      vertex -22.4693 45.2647 0
    endloop
  endfacet
  facet normal -0.162726 -0.986671 0
    outer loop
      vertex -23.4779 45.535 0
      vertex -23.2196 45.4924 3
      vertex -23.4779 45.535 3
    endloop
  endfacet
  facet normal -0.162726 -0.986671 -0
    outer loop
      vertex -23.2196 45.4924 3
      vertex -23.4779 45.535 0
      vertex -23.2196 45.4924 0
    endloop
  endfacet
  facet normal -0.527971 0.849262 0
    outer loop
      vertex -21.7777 38.2433 0
      vertex -22 38.1051 3
      vertex -21.7777 38.2433 3
    endloop
  endfacet
  facet normal -0.527971 0.849262 0
    outer loop
      vertex -22 38.1051 3
      vertex -21.7777 38.2433 0
      vertex -22 38.1051 0
    endloop
  endfacet
  facet normal -0.634381 0.773021 0
    outer loop
      vertex -21.3626 38.5619 0
      vertex -21.565 38.3958 3
      vertex -21.3626 38.5619 3
    endloop
  endfacet
  facet normal -0.634381 0.773021 0
    outer loop
      vertex -21.565 38.3958 3
      vertex -21.3626 38.5619 0
      vertex -21.565 38.3958 0
    endloop
  endfacet
  facet normal -0.956896 0.290432 0
    outer loop
      vertex -20.2123 40.2835 0
      vertex -20.1363 40.5339 3
      vertex -20.1363 40.5339 0
    endloop
  endfacet
  facet normal -0.956896 0.290432 0
    outer loop
      vertex -20.1363 40.5339 3
      vertex -20.2123 40.2835 0
      vertex -20.2123 40.2835 3
    endloop
  endfacet
  facet normal -0.729656 0.683814 0
    outer loop
      vertex -21.1716 38.7408 0
      vertex -20.9926 38.9318 3
      vertex -20.9926 38.9318 0
    endloop
  endfacet
  facet normal -0.729656 0.683814 0
    outer loop
      vertex -20.9926 38.9318 3
      vertex -21.1716 38.7408 0
      vertex -21.1716 38.7408 3
    endloop
  endfacet
  facet normal -0.773208 0.634153 0
    outer loop
      vertex -20.9926 38.9318 0
      vertex -20.8266 39.1342 3
      vertex -20.8266 39.1342 0
    endloop
  endfacet
  facet normal -0.773208 0.634153 0
    outer loop
      vertex -20.8266 39.1342 3
      vertex -20.9926 38.9318 0
      vertex -20.9926 38.9318 3
    endloop
  endfacet
  facet normal -0.773054 -0.63434 0
    outer loop
      vertex -20.8266 44.0043 0
      vertex -20.9926 44.2066 3
      vertex -20.9926 44.2066 0
    endloop
  endfacet
  facet normal -0.773054 -0.63434 0
    outer loop
      vertex -20.9926 44.2066 3
      vertex -20.8266 44.0043 0
      vertex -20.8266 44.0043 3
    endloop
  endfacet
  facet normal 0.0324752 -0.999473 0
    outer loop
      vertex -24.2616 45.5607 0
      vertex -24 45.5692 3
      vertex -24.2616 45.5607 3
    endloop
  endfacet
  facet normal 0.0324752 -0.999473 0
    outer loop
      vertex -24 45.5692 3
      vertex -24.2616 45.5607 0
      vertex -24 45.5692 0
    endloop
  endfacet
  facet normal -0.412508 -0.910954 0
    outer loop
      vertex -22.4693 45.2647 0
      vertex -22.2308 45.1567 3
      vertex -22.4693 45.2647 3
    endloop
  endfacet
  facet normal -0.412508 -0.910954 -0
    outer loop
      vertex -22.2308 45.1567 3
      vertex -22.4693 45.2647 0
      vertex -22.2308 45.1567 0
    endloop
  endfacet
  facet normal -0.290325 -0.956928 0
    outer loop
      vertex -22.9647 45.4329 0
      vertex -22.7142 45.3569 3
      vertex -22.9647 45.4329 3
    endloop
  endfacet
  facet normal -0.290325 -0.956928 -0
    outer loop
      vertex -22.7142 45.3569 3
      vertex -22.9647 45.4329 0
      vertex -22.7142 45.3569 0
    endloop
  endfacet
  facet normal -0.0981798 -0.995169 0
    outer loop
      vertex -23.7384 45.5607 0
      vertex -23.4779 45.535 3
      vertex -23.7384 45.5607 3
    endloop
  endfacet
  facet normal -0.0981798 -0.995169 -0
    outer loop
      vertex -23.4779 45.535 3
      vertex -23.7384 45.5607 0
      vertex -23.4779 45.535 0
    endloop
  endfacet
  facet normal -0.910889 -0.412651 0
    outer loop
      vertex -20.3045 43.1 0
      vertex -20.4125 43.3384 3
      vertex -20.4125 43.3384 0
    endloop
  endfacet
  facet normal -0.910889 -0.412651 0
    outer loop
      vertex -20.4125 43.3384 3
      vertex -20.3045 43.1 0
      vertex -20.3045 43.1 3
    endloop
  endfacet
  facet normal -0.956928 -0.290325 0
    outer loop
      vertex -20.1363 42.6045 0
      vertex -20.2123 42.855 3
      vertex -20.2123 42.855 0
    endloop
  endfacet
  facet normal -0.956928 -0.290325 0
    outer loop
      vertex -20.2123 42.855 3
      vertex -20.1363 42.6045 0
      vertex -20.1363 42.6045 3
    endloop
  endfacet
  facet normal -0.98661 -0.163098 0
    outer loop
      vertex -20.0342 42.0913 0
      vertex -20.0769 42.3496 3
      vertex -20.0769 42.3496 0
    endloop
  endfacet
  facet normal -0.98661 -0.163098 0
    outer loop
      vertex -20.0769 42.3496 3
      vertex -20.0342 42.0913 0
      vertex -20.0342 42.0913 3
    endloop
  endfacet
  facet normal -0.99946 0.0328569 0
    outer loop
      vertex -20.0086 41.3076 0
      vertex -20 41.5692 3
      vertex -20 41.5692 0
    endloop
  endfacet
  facet normal -0.99946 0.0328569 0
    outer loop
      vertex -20 41.5692 3
      vertex -20.0086 41.3076 0
      vertex -20.0086 41.3076 3
    endloop
  endfacet
  facet normal -0.849262 -0.527971 0
    outer loop
      vertex -20.5359 43.5692 0
      vertex -20.6741 43.7915 3
      vertex -20.6741 43.7915 0
    endloop
  endfacet
  facet normal -0.849262 -0.527971 0
    outer loop
      vertex -20.6741 43.7915 3
      vertex -20.5359 43.5692 0
      vertex -20.5359 43.5692 3
    endloop
  endfacet
  facet normal -0.881866 -0.4715 0
    outer loop
      vertex -20.4125 43.3384 0
      vertex -20.5359 43.5692 3
      vertex -20.5359 43.5692 0
    endloop
  endfacet
  facet normal -0.881866 -0.4715 0
    outer loop
      vertex -20.5359 43.5692 3
      vertex -20.4125 43.3384 0
      vertex -20.4125 43.3384 3
    endloop
  endfacet
  facet normal -0.582683 0.8127 0
    outer loop
      vertex -21.565 38.3958 0
      vertex -21.7777 38.2433 3
      vertex -21.565 38.3958 3
    endloop
  endfacet
  facet normal -0.582683 0.8127 0
    outer loop
      vertex -21.7777 38.2433 3
      vertex -21.565 38.3958 0
      vertex -21.7777 38.2433 0
    endloop
  endfacet
  facet normal -0.973926 0.226867 0
    outer loop
      vertex -20.1363 40.5339 0
      vertex -20.0769 40.7889 3
      vertex -20.0769 40.7889 0
    endloop
  endfacet
  facet normal -0.973926 0.226867 0
    outer loop
      vertex -20.0769 40.7889 3
      vertex -20.1363 40.5339 0
      vertex -20.1363 40.5339 3
    endloop
  endfacet
  facet normal -0.93592 0.352212 0
    outer loop
      vertex -20.3045 40.0385 0
      vertex -20.2123 40.2835 3
      vertex -20.2123 40.2835 0
    endloop
  endfacet
  facet normal -0.93592 0.352212 0
    outer loop
      vertex -20.2123 40.2835 3
      vertex -20.3045 40.0385 0
      vertex -20.3045 40.0385 3
    endloop
  endfacet
  facet normal 0.0981798 -0.995169 0
    outer loop
      vertex -24.5221 45.535 0
      vertex -24.2616 45.5607 3
      vertex -24.5221 45.535 3
    endloop
  endfacet
  facet normal 0.0981798 -0.995169 0
    outer loop
      vertex -24.2616 45.5607 3
      vertex -24.5221 45.535 0
      vertex -24.2616 45.5607 0
    endloop
  endfacet
  facet normal -0.4715 -0.881866 0
    outer loop
      vertex -22.2308 45.1567 0
      vertex -22 45.0333 3
      vertex -22.2308 45.1567 3
    endloop
  endfacet
  facet normal -0.4715 -0.881866 -0
    outer loop
      vertex -22 45.0333 3
      vertex -22.2308 45.1567 0
      vertex -22 45.0333 0
    endloop
  endfacet
  facet normal -0.527971 -0.849262 0
    outer loop
      vertex -22 45.0333 0
      vertex -21.7777 44.8951 3
      vertex -22 45.0333 3
    endloop
  endfacet
  facet normal -0.527971 -0.849262 -0
    outer loop
      vertex -21.7777 44.8951 3
      vertex -22 45.0333 0
      vertex -21.7777 44.8951 0
    endloop
  endfacet
  facet normal -0.93592 -0.352212 0
    outer loop
      vertex -20.2123 42.855 0
      vertex -20.3045 43.1 3
      vertex -20.3045 43.1 0
    endloop
  endfacet
  facet normal -0.93592 -0.352212 0
    outer loop
      vertex -20.3045 43.1 3
      vertex -20.2123 42.855 0
      vertex -20.2123 42.855 3
    endloop
  endfacet
  facet normal -0.973906 -0.226952 0
    outer loop
      vertex -20.0769 42.3496 0
      vertex -20.1363 42.6045 3
      vertex -20.1363 42.6045 0
    endloop
  endfacet
  facet normal -0.973906 -0.226952 0
    outer loop
      vertex -20.1363 42.6045 3
      vertex -20.0769 42.3496 0
      vertex -20.0769 42.3496 3
    endloop
  endfacet
  facet normal -0.995206 -0.0978014 0
    outer loop
      vertex -20.0086 41.8308 0
      vertex -20.0342 42.0913 3
      vertex -20.0342 42.0913 0
    endloop
  endfacet
  facet normal -0.995206 -0.0978014 0
    outer loop
      vertex -20.0342 42.0913 3
      vertex -20.0086 41.8308 0
      vertex -20.0086 41.8308 3
    endloop
  endfacet
  facet normal -0.99946 -0.0328569 0
    outer loop
      vertex -20 41.5692 0
      vertex -20.0086 41.8308 3
      vertex -20.0086 41.8308 0
    endloop
  endfacet
  facet normal -0.99946 -0.0328569 0
    outer loop
      vertex -20.0086 41.8308 3
      vertex -20 41.5692 0
      vertex -20 41.5692 3
    endloop
  endfacet
  facet normal -0.995206 0.0978014 0
    outer loop
      vertex -20.0342 41.0471 0
      vertex -20.0086 41.3076 3
      vertex -20.0086 41.3076 0
    endloop
  endfacet
  facet normal -0.995206 0.0978014 0
    outer loop
      vertex -20.0086 41.3076 3
      vertex -20.0342 41.0471 0
      vertex -20.0342 41.0471 3
    endloop
  endfacet
  facet normal -0.9866 0.16316 0
    outer loop
      vertex -20.0769 40.7889 0
      vertex -20.0342 41.0471 3
      vertex -20.0342 41.0471 0
    endloop
  endfacet
  facet normal -0.9866 0.16316 0
    outer loop
      vertex -20.0342 41.0471 3
      vertex -20.0769 40.7889 0
      vertex -20.0769 40.7889 3
    endloop
  endfacet
  facet normal -0.910889 0.412651 0
    outer loop
      vertex -20.4125 39.8001 0
      vertex -20.3045 40.0385 3
      vertex -20.3045 40.0385 0
    endloop
  endfacet
  facet normal -0.910889 0.412651 0
    outer loop
      vertex -20.3045 40.0385 3
      vertex -20.4125 39.8001 0
      vertex -20.4125 39.8001 3
    endloop
  endfacet
  facet normal -0.881951 0.471341 0
    outer loop
      vertex -20.5359 39.5692 0
      vertex -20.4125 39.8001 3
      vertex -20.4125 39.8001 0
    endloop
  endfacet
  facet normal -0.881951 0.471341 0
    outer loop
      vertex -20.4125 39.8001 3
      vertex -20.5359 39.5692 0
      vertex -20.5359 39.5692 3
    endloop
  endfacet
  facet normal -0.8127 0.582683 0
    outer loop
      vertex -20.8266 39.1342 0
      vertex -20.6741 39.3469 3
      vertex -20.6741 39.3469 0
    endloop
  endfacet
  facet normal -0.8127 0.582683 0
    outer loop
      vertex -20.6741 39.3469 3
      vertex -20.8266 39.1342 0
      vertex -20.8266 39.1342 3
    endloop
  endfacet
  facet normal -0.849262 0.527971 0
    outer loop
      vertex -20.6741 39.3469 0
      vertex -20.5359 39.5692 3
      vertex -20.5359 39.5692 0
    endloop
  endfacet
  facet normal -0.849262 0.527971 0
    outer loop
      vertex -20.5359 39.5692 3
      vertex -20.6741 39.3469 0
      vertex -20.6741 39.3469 3
    endloop
  endfacet
  facet normal 0.99946 0.0328554 0
    outer loop
      vertex -51.9914 -0.261612 4
      vertex -52 0 0
      vertex -52 0 4
    endloop
  endfacet
  facet normal 0.99946 0.0328554 0
    outer loop
      vertex -52 0 0
      vertex -51.9914 -0.261612 4
      vertex -51.9914 -0.261612 0
    endloop
  endfacet
  facet normal -0.99946 -0.0328554 0
    outer loop
      vertex -44 0 0
      vertex -44.0086 0.261612 4
      vertex -44.0086 0.261612 0
    endloop
  endfacet
  facet normal -0.99946 -0.0328554 0
    outer loop
      vertex -44.0086 0.261612 4
      vertex -44 0 0
      vertex -44 0 4
    endloop
  endfacet
  facet normal 0.0327042 -0.999465 0
    outer loop
      vertex -48.2616 3.99144 0
      vertex -48 4 4
      vertex -48.2616 3.99144 4
    endloop
  endfacet
  facet normal 0.0327042 -0.999465 0
    outer loop
      vertex -48 4 4
      vertex -48.2616 3.99144 0
      vertex -48 4 0
    endloop
  endfacet
  facet normal -0.729746 0.683719 0
    outer loop
      vertex -45.1716 -2.82843 0
      vertex -44.9926 -2.63738 4
      vertex -44.9926 -2.63738 0
    endloop
  endfacet
  facet normal -0.729746 0.683719 0
    outer loop
      vertex -44.9926 -2.63738 4
      vertex -45.1716 -2.82843 0
      vertex -45.1716 -2.82843 4
    endloop
  endfacet
  facet normal 0.986605 -0.163125 0
    outer loop
      vertex -51.9658 0.522104 4
      vertex -51.9231 0.780361 0
      vertex -51.9231 0.780361 4
    endloop
  endfacet
  facet normal 0.986605 -0.163125 0
    outer loop
      vertex -51.9231 0.780361 0
      vertex -51.9658 0.522104 4
      vertex -51.9658 0.522104 0
    endloop
  endfacet
  facet normal 0.412603 -0.910911 0
    outer loop
      vertex -49.7692 3.58749 0
      vertex -49.5307 3.69552 4
      vertex -49.7692 3.58749 4
    endloop
  endfacet
  facet normal 0.412603 -0.910911 0
    outer loop
      vertex -49.5307 3.69552 4
      vertex -49.7692 3.58749 0
      vertex -49.5307 3.69552 0
    endloop
  endfacet
  facet normal 0.995206 0.0978044 0
    outer loop
      vertex -51.9658 -0.522104 4
      vertex -51.9914 -0.261612 0
      vertex -51.9914 -0.261612 4
    endloop
  endfacet
  facet normal 0.995206 0.0978044 0
    outer loop
      vertex -51.9914 -0.261612 0
      vertex -51.9658 -0.522104 4
      vertex -51.9658 -0.522104 0
    endloop
  endfacet
  facet normal 0.881908 0.471421 0
    outer loop
      vertex -51.4641 -2 4
      vertex -51.5875 -1.76915 0
      vertex -51.5875 -1.76915 4
    endloop
  endfacet
  facet normal 0.881908 0.471421 0
    outer loop
      vertex -51.5875 -1.76915 0
      vertex -51.4641 -2 4
      vertex -51.4641 -2 0
    endloop
  endfacet
  facet normal 0.290255 0.956949 -0
    outer loop
      vertex -49.0353 -3.8637 0
      vertex -49.2858 -3.78772 4
      vertex -49.0353 -3.8637 4
    endloop
  endfacet
  facet normal 0.290255 0.956949 0
    outer loop
      vertex -49.2858 -3.78772 4
      vertex -49.0353 -3.8637 0
      vertex -49.2858 -3.78772 0
    endloop
  endfacet
  facet normal 0.634267 0.773114 -0
    outer loop
      vertex -50.435 -3.17341 0
      vertex -50.6374 -3.00736 4
      vertex -50.435 -3.17341 4
    endloop
  endfacet
  facet normal 0.634267 0.773114 0
    outer loop
      vertex -50.6374 -3.00736 4
      vertex -50.435 -3.17341 0
      vertex -50.6374 -3.00736 0
    endloop
  endfacet
  facet normal -0.7731 0.634284 0
    outer loop
      vertex -44.9926 -2.63738 0
      vertex -44.8266 -2.43505 4
      vertex -44.8266 -2.43505 0
    endloop
  endfacet
  facet normal -0.7731 0.634284 0
    outer loop
      vertex -44.8266 -2.43505 4
      vertex -44.9926 -2.63738 0
      vertex -44.9926 -2.63738 4
    endloop
  endfacet
  facet normal -0.956922 0.290347 0
    outer loop
      vertex -44.2123 -1.28576 0
      vertex -44.1363 -1.03528 4
      vertex -44.1363 -1.03528 0
    endloop
  endfacet
  facet normal -0.956922 0.290347 0
    outer loop
      vertex -44.1363 -1.03528 4
      vertex -44.2123 -1.28576 0
      vertex -44.2123 -1.28576 4
    endloop
  endfacet
  facet normal -0.995206 0.0978044 0
    outer loop
      vertex -44.0342 -0.522104 0
      vertex -44.0086 -0.261612 4
      vertex -44.0086 -0.261612 0
    endloop
  endfacet
  facet normal -0.995206 0.0978044 0
    outer loop
      vertex -44.0086 -0.261612 4
      vertex -44.0342 -0.522104 0
      vertex -44.0342 -0.522104 4
    endloop
  endfacet
  facet normal -0.0980285 0.995184 0
    outer loop
      vertex -47.4779 -3.96578 0
      vertex -47.7384 -3.99144 4
      vertex -47.4779 -3.96578 4
    endloop
  endfacet
  facet normal -0.0980285 0.995184 0
    outer loop
      vertex -47.7384 -3.99144 4
      vertex -47.4779 -3.96578 0
      vertex -47.7384 -3.99144 0
    endloop
  endfacet
  facet normal 0.729746 -0.683719 0
    outer loop
      vertex -51.0074 2.63738 4
      vertex -50.8284 2.82843 0
      vertex -50.8284 2.82843 4
    endloop
  endfacet
  facet normal 0.729746 -0.683719 0
    outer loop
      vertex -50.8284 2.82843 0
      vertex -51.0074 2.63738 4
      vertex -51.0074 2.63738 0
    endloop
  endfacet
  facet normal 0.227097 -0.973872 0
    outer loop
      vertex -49.0353 3.8637 0
      vertex -48.7804 3.92314 4
      vertex -49.0353 3.8637 4
    endloop
  endfacet
  facet normal 0.227097 -0.973872 0
    outer loop
      vertex -48.7804 3.92314 4
      vertex -49.0353 3.8637 0
      vertex -48.7804 3.92314 0
    endloop
  endfacet
  facet normal 0.986605 0.163125 0
    outer loop
      vertex -51.9231 -0.780361 4
      vertex -51.9658 -0.522104 0
      vertex -51.9658 -0.522104 4
    endloop
  endfacet
  facet normal 0.986605 0.163125 0
    outer loop
      vertex -51.9658 -0.522104 0
      vertex -51.9231 -0.780361 4
      vertex -51.9231 -0.780361 0
    endloop
  endfacet
  facet normal 0.910902 0.412622 0
    outer loop
      vertex -51.5875 -1.76915 4
      vertex -51.6955 -1.53073 0
      vertex -51.6955 -1.53073 4
    endloop
  endfacet
  facet normal 0.910902 0.412622 0
    outer loop
      vertex -51.6955 -1.53073 0
      vertex -51.5875 -1.76915 4
      vertex -51.5875 -1.76915 0
    endloop
  endfacet
  facet normal 0.956922 0.290347 0
    outer loop
      vertex -51.7877 -1.28576 4
      vertex -51.8637 -1.03528 0
      vertex -51.8637 -1.03528 4
    endloop
  endfacet
  facet normal 0.956922 0.290347 0
    outer loop
      vertex -51.8637 -1.03528 0
      vertex -51.7877 -1.28576 4
      vertex -51.7877 -1.28576 0
    endloop
  endfacet
  facet normal 0.7731 0.634284 0
    outer loop
      vertex -51.0074 -2.63738 4
      vertex -51.1734 -2.43505 0
      vertex -51.1734 -2.43505 4
    endloop
  endfacet
  facet normal 0.7731 0.634284 0
    outer loop
      vertex -51.1734 -2.43505 0
      vertex -51.0074 -2.63738 4
      vertex -51.0074 -2.63738 0
    endloop
  endfacet
  facet normal 0.683672 0.72979 -0
    outer loop
      vertex -50.6374 -3.00736 0
      vertex -50.8284 -2.82843 4
      vertex -50.6374 -3.00736 4
    endloop
  endfacet
  facet normal 0.683672 0.72979 0
    outer loop
      vertex -50.8284 -2.82843 4
      vertex -50.6374 -3.00736 0
      vertex -50.8284 -2.82843 0
    endloop
  endfacet
  facet normal 0.849241 0.528006 0
    outer loop
      vertex -51.3259 -2.22228 4
      vertex -51.4641 -2 0
      vertex -51.4641 -2 4
    endloop
  endfacet
  facet normal 0.849241 0.528006 0
    outer loop
      vertex -51.4641 -2 0
      vertex -51.3259 -2.22228 4
      vertex -51.3259 -2.22228 0
    endloop
  endfacet
  facet normal 0.227097 0.973872 -0
    outer loop
      vertex -48.7804 -3.92314 0
      vertex -49.0353 -3.8637 4
      vertex -48.7804 -3.92314 4
    endloop
  endfacet
  facet normal 0.227097 0.973872 0
    outer loop
      vertex -49.0353 -3.8637 4
      vertex -48.7804 -3.92314 0
      vertex -49.0353 -3.8637 0
    endloop
  endfacet
  facet normal 0.0980285 0.995184 -0
    outer loop
      vertex -48.2616 -3.99144 0
      vertex -48.5221 -3.96578 4
      vertex -48.2616 -3.99144 4
    endloop
  endfacet
  facet normal 0.0980285 0.995184 0
    outer loop
      vertex -48.5221 -3.96578 4
      vertex -48.2616 -3.99144 0
      vertex -48.5221 -3.96578 0
    endloop
  endfacet
  facet normal -0.0327042 0.999465 0
    outer loop
      vertex -47.7384 -3.99144 0
      vertex -48 -4 4
      vertex -47.7384 -3.99144 4
    endloop
  endfacet
  facet normal -0.0327042 0.999465 0
    outer loop
      vertex -48 -4 4
      vertex -47.7384 -3.99144 0
      vertex -48 -4 0
    endloop
  endfacet
  facet normal 0.471471 0.881882 -0
    outer loop
      vertex -49.7692 -3.58749 0
      vertex -50 -3.4641 4
      vertex -49.7692 -3.58749 4
    endloop
  endfacet
  facet normal 0.471471 0.881882 0
    outer loop
      vertex -50 -3.4641 4
      vertex -49.7692 -3.58749 0
      vertex -50 -3.4641 0
    endloop
  endfacet
  facet normal 0.352338 0.935873 -0
    outer loop
      vertex -49.2858 -3.78772 0
      vertex -49.5307 -3.69552 4
      vertex -49.2858 -3.78772 4
    endloop
  endfacet
  facet normal 0.352338 0.935873 0
    outer loop
      vertex -49.5307 -3.69552 4
      vertex -49.2858 -3.78772 0
      vertex -49.5307 -3.69552 0
    endloop
  endfacet
  facet normal 0.582607 0.812754 -0
    outer loop
      vertex -50.2223 -3.32588 0
      vertex -50.435 -3.17341 4
      vertex -50.2223 -3.32588 4
    endloop
  endfacet
  facet normal 0.582607 0.812754 0
    outer loop
      vertex -50.435 -3.17341 4
      vertex -50.2223 -3.32588 0
      vertex -50.435 -3.17341 0
    endloop
  endfacet
  facet normal -0.81279 0.582556 0
    outer loop
      vertex -44.8266 -2.43505 0
      vertex -44.6741 -2.22228 4
      vertex -44.6741 -2.22228 0
    endloop
  endfacet
  facet normal -0.81279 0.582556 0
    outer loop
      vertex -44.6741 -2.22228 4
      vertex -44.8266 -2.43505 0
      vertex -44.8266 -2.43505 4
    endloop
  endfacet
  facet normal -0.910902 0.412622 0
    outer loop
      vertex -44.4125 -1.76915 0
      vertex -44.3045 -1.53073 4
      vertex -44.3045 -1.53073 0
    endloop
  endfacet
  facet normal -0.910902 0.412622 0
    outer loop
      vertex -44.3045 -1.53073 4
      vertex -44.4125 -1.76915 0
      vertex -44.4125 -1.76915 4
    endloop
  endfacet
  facet normal -0.935906 0.352249 0
    outer loop
      vertex -44.3045 -1.53073 0
      vertex -44.2123 -1.28576 4
      vertex -44.2123 -1.28576 0
    endloop
  endfacet
  facet normal -0.935906 0.352249 0
    outer loop
      vertex -44.2123 -1.28576 4
      vertex -44.3045 -1.53073 0
      vertex -44.3045 -1.53073 4
    endloop
  endfacet
  facet normal -0.881908 0.471421 0
    outer loop
      vertex -44.5359 -2 0
      vertex -44.4125 -1.76915 4
      vertex -44.4125 -1.76915 0
    endloop
  endfacet
  facet normal -0.881908 0.471421 0
    outer loop
      vertex -44.4125 -1.76915 4
      vertex -44.5359 -2 0
      vertex -44.5359 -2 4
    endloop
  endfacet
  facet normal -0.97391 0.226936 0
    outer loop
      vertex -44.1363 -1.03528 0
      vertex -44.0769 -0.780361 4
      vertex -44.0769 -0.780361 0
    endloop
  endfacet
  facet normal -0.97391 0.226936 0
    outer loop
      vertex -44.0769 -0.780361 4
      vertex -44.1363 -1.03528 0
      vertex -44.1363 -1.03528 4
    endloop
  endfacet
  facet normal -0.99946 0.0328554 0
    outer loop
      vertex -44.0086 -0.261612 0
      vertex -44 0 4
      vertex -44 0 0
    endloop
  endfacet
  facet normal -0.99946 0.0328554 0
    outer loop
      vertex -44 0 4
      vertex -44.0086 -0.261612 0
      vertex -44.0086 -0.261612 4
    endloop
  endfacet
  facet normal -0.471471 0.881882 0
    outer loop
      vertex -46 -3.4641 0
      vertex -46.2308 -3.58749 4
      vertex -46 -3.4641 4
    endloop
  endfacet
  facet normal -0.471471 0.881882 0
    outer loop
      vertex -46.2308 -3.58749 4
      vertex -46 -3.4641 0
      vertex -46.2308 -3.58749 0
    endloop
  endfacet
  facet normal -0.582607 0.812754 0
    outer loop
      vertex -45.565 -3.17341 0
      vertex -45.7777 -3.32588 4
      vertex -45.565 -3.17341 4
    endloop
  endfacet
  facet normal -0.582607 0.812754 0
    outer loop
      vertex -45.7777 -3.32588 4
      vertex -45.565 -3.17341 0
      vertex -45.7777 -3.32588 0
    endloop
  endfacet
  facet normal -0.683672 0.72979 0
    outer loop
      vertex -45.1716 -2.82843 0
      vertex -45.3626 -3.00736 4
      vertex -45.1716 -2.82843 4
    endloop
  endfacet
  facet normal -0.683672 0.72979 0
    outer loop
      vertex -45.3626 -3.00736 4
      vertex -45.1716 -2.82843 0
      vertex -45.3626 -3.00736 0
    endloop
  endfacet
  facet normal -0.634267 0.773114 0
    outer loop
      vertex -45.3626 -3.00736 0
      vertex -45.565 -3.17341 4
      vertex -45.3626 -3.00736 4
    endloop
  endfacet
  facet normal -0.634267 0.773114 0
    outer loop
      vertex -45.565 -3.17341 4
      vertex -45.3626 -3.00736 0
      vertex -45.565 -3.17341 0
    endloop
  endfacet
  facet normal -0.352338 0.935873 0
    outer loop
      vertex -46.4693 -3.69552 0
      vertex -46.7142 -3.78772 4
      vertex -46.4693 -3.69552 4
    endloop
  endfacet
  facet normal -0.352338 0.935873 0
    outer loop
      vertex -46.7142 -3.78772 4
      vertex -46.4693 -3.69552 0
      vertex -46.7142 -3.78772 0
    endloop
  endfacet
  facet normal -0.290255 0.956949 0
    outer loop
      vertex -46.7142 -3.78772 0
      vertex -46.9647 -3.8637 4
      vertex -46.7142 -3.78772 4
    endloop
  endfacet
  facet normal -0.290255 0.956949 0
    outer loop
      vertex -46.9647 -3.8637 4
      vertex -46.7142 -3.78772 0
      vertex -46.9647 -3.8637 0
    endloop
  endfacet
  facet normal -0.412603 0.910911 0
    outer loop
      vertex -46.2308 -3.58749 0
      vertex -46.4693 -3.69552 4
      vertex -46.2308 -3.58749 4
    endloop
  endfacet
  facet normal -0.412603 0.910911 0
    outer loop
      vertex -46.4693 -3.69552 4
      vertex -46.2308 -3.58749 0
      vertex -46.4693 -3.69552 0
    endloop
  endfacet
  facet normal -0.162875 0.986647 0
    outer loop
      vertex -47.2196 -3.92314 0
      vertex -47.4779 -3.96578 4
      vertex -47.2196 -3.92314 4
    endloop
  endfacet
  facet normal -0.162875 0.986647 0
    outer loop
      vertex -47.4779 -3.96578 4
      vertex -47.2196 -3.92314 0
      vertex -47.4779 -3.96578 0
    endloop
  endfacet
  facet normal -0.227097 0.973872 0
    outer loop
      vertex -46.9647 -3.8637 0
      vertex -47.2196 -3.92314 4
      vertex -46.9647 -3.8637 4
    endloop
  endfacet
  facet normal -0.227097 0.973872 0
    outer loop
      vertex -47.2196 -3.92314 4
      vertex -46.9647 -3.8637 0
      vertex -47.2196 -3.92314 0
    endloop
  endfacet
  facet normal 0.99946 -0.0328554 0
    outer loop
      vertex -52 0 4
      vertex -51.9914 0.261612 0
      vertex -51.9914 0.261612 4
    endloop
  endfacet
  facet normal 0.99946 -0.0328554 0
    outer loop
      vertex -51.9914 0.261612 0
      vertex -52 0 4
      vertex -52 0 0
    endloop
  endfacet
  facet normal 0.956922 -0.290347 0
    outer loop
      vertex -51.8637 1.03528 4
      vertex -51.7877 1.28576 0
      vertex -51.7877 1.28576 4
    endloop
  endfacet
  facet normal 0.956922 -0.290347 0
    outer loop
      vertex -51.7877 1.28576 0
      vertex -51.8637 1.03528 4
      vertex -51.8637 1.03528 0
    endloop
  endfacet
  facet normal 0.995206 -0.0978044 0
    outer loop
      vertex -51.9914 0.261612 4
      vertex -51.9658 0.522104 0
      vertex -51.9658 0.522104 4
    endloop
  endfacet
  facet normal 0.995206 -0.0978044 0
    outer loop
      vertex -51.9658 0.522104 0
      vertex -51.9914 0.261612 4
      vertex -51.9914 0.261612 0
    endloop
  endfacet
  facet normal 0 0 -1
    outer loop
      vertex -44.0086 -0.261612 4
      vertex -44.0086 0.261612 4
      vertex -44 0 4
    endloop
  endfacet
  facet normal 0 0 -1
    outer loop
      vertex -44.0342 -0.522104 4
      vertex -44.0086 0.261612 4
      vertex -44.0086 -0.261612 4
    endloop
  endfacet
  facet normal 0 0 -1
    outer loop
      vertex -44.0342 -0.522104 4
      vertex -44.0342 0.522104 4
      vertex -44.0086 0.261612 4
    endloop
  endfacet
  facet normal 0 0 -1
    outer loop
      vertex -44.0769 -0.780361 4
      vertex -44.0342 0.522104 4
      vertex -44.0342 -0.522104 4
    endloop
  endfacet
  facet normal 0 0 -1
    outer loop
      vertex -44.0769 -0.780361 4
      vertex -44.0769 0.780361 4
      vertex -44.0342 0.522104 4
    endloop
  endfacet
  facet normal 0 0 -1
    outer loop
      vertex -44.1363 -1.03528 4
      vertex -44.0769 0.780361 4
      vertex -44.0769 -0.780361 4
    endloop
  endfacet
  facet normal 0 0 -1
    outer loop
      vertex -44.1363 -1.03528 4
      vertex -44.1363 1.03528 4
      vertex -44.0769 0.780361 4
    endloop
  endfacet
  facet normal 0 0 -1
    outer loop
      vertex -44.2123 -1.28576 4
      vertex -44.1363 1.03528 4
      vertex -44.1363 -1.03528 4
    endloop
  endfacet
  facet normal 0 0 -1
    outer loop
      vertex -44.2123 -1.28576 4
      vertex -44.2123 1.28576 4
      vertex -44.1363 1.03528 4
    endloop
  endfacet
  facet normal 0 0 -1
    outer loop
      vertex -44.3045 -1.53073 4
      vertex -44.2123 1.28576 4
      vertex -44.2123 -1.28576 4
    endloop
  endfacet
  facet normal 0 0 -1
    outer loop
      vertex -44.3045 -1.53073 4
      vertex -44.3045 1.53073 4
      vertex -44.2123 1.28576 4
    endloop
  endfacet
  facet normal 0 0 -1
    outer loop
      vertex -44.4125 -1.76915 4
      vertex -44.3045 1.53073 4
      vertex -44.3045 -1.53073 4
    endloop
  endfacet
  facet normal 0 0 -1
    outer loop
      vertex -44.4125 -1.76915 4
      vertex -44.4125 1.76915 4
      vertex -44.3045 1.53073 4
    endloop
  endfacet
  facet normal 0 0 -1
    outer loop
      vertex -44.5359 -2 4
      vertex -44.4125 1.76915 4
      vertex -44.4125 -1.76915 4
    endloop
  endfacet
  facet normal 0 0 -1
    outer loop
      vertex -44.5359 -2 4
      vertex -44.5359 2 4
      vertex -44.4125 1.76915 4
    endloop
  endfacet
  facet normal 0 0 -1
    outer loop
      vertex -44.6741 -2.22228 4
      vertex -44.5359 2 4
      vertex -44.5359 -2 4
    endloop
  endfacet
  facet normal 0 0 -1
    outer loop
      vertex -44.6741 -2.22228 4
      vertex -44.6741 2.22228 4
      vertex -44.5359 2 4
    endloop
  endfacet
  facet normal 0 0 -1
    outer loop
      vertex -44.8266 -2.43505 4
      vertex -44.6741 2.22228 4
      vertex -44.6741 -2.22228 4
    endloop
  endfacet
  facet normal 0 0 -1
    outer loop
      vertex -44.8266 -2.43505 4
      vertex -44.8266 2.43505 4
      vertex -44.6741 2.22228 4
    endloop
  endfacet
  facet normal 0 0 -1
    outer loop
      vertex -44.9926 -2.63738 4
      vertex -44.8266 2.43505 4
      vertex -44.8266 -2.43505 4
    endloop
  endfacet
  facet normal 0 0 -1
    outer loop
      vertex -44.9926 -2.63738 4
      vertex -44.9926 2.63738 4
      vertex -44.8266 2.43505 4
    endloop
  endfacet
  facet normal 0 0 -1
    outer loop
      vertex -45.1716 -2.82843 4
      vertex -44.9926 2.63738 4
      vertex -44.9926 -2.63738 4
    endloop
  endfacet
  facet normal 0 0 -1
    outer loop
      vertex -45.1716 -2.82843 4
      vertex -45.1716 2.82843 4
      vertex -44.9926 2.63738 4
    endloop
  endfacet
  facet normal 0 0 -1
    outer loop
      vertex -45.3626 -3.00736 4
      vertex -45.1716 2.82843 4
      vertex -45.1716 -2.82843 4
    endloop
  endfacet
  facet normal 0 0 -1
    outer loop
      vertex -45.3626 -3.00736 4
      vertex -45.3626 3.00736 4
      vertex -45.1716 2.82843 4
    endloop
  endfacet
  facet normal 0 0 -1
    outer loop
      vertex -45.565 -3.17341 4
      vertex -45.3626 3.00736 4
      vertex -45.3626 -3.00736 4
    endloop
  endfacet
  facet normal 0 0 -1
    outer loop
      vertex -45.565 -3.17341 4
      vertex -45.565 3.17341 4
      vertex -45.3626 3.00736 4
    endloop
  endfacet
  facet normal 0 0 -1
    outer loop
      vertex -45.7777 -3.32588 4
      vertex -45.565 3.17341 4
      vertex -45.565 -3.17341 4
    endloop
  endfacet
  facet normal 0 0 -1
    outer loop
      vertex -45.7777 -3.32588 4
      vertex -45.7777 3.32588 4
      vertex -45.565 3.17341 4
    endloop
  endfacet
  facet normal 0 0 -1
    outer loop
      vertex -46 -3.4641 4
      vertex -45.7777 3.32588 4
      vertex -45.7777 -3.32588 4
    endloop
  endfacet
  facet normal 0 0 -1
    outer loop
      vertex -46 -3.4641 4
      vertex -46 3.4641 4
      vertex -45.7777 3.32588 4
    endloop
  endfacet
  facet normal 0 0 -1
    outer loop
      vertex -46.2308 -3.58749 4
      vertex -46 3.4641 4
      vertex -46 -3.4641 4
    endloop
  endfacet
  facet normal 0 0 -1
    outer loop
      vertex -46.2308 -3.58749 4
      vertex -46.2308 3.58749 4
      vertex -46 3.4641 4
    endloop
  endfacet
  facet normal 0 0 -1
    outer loop
      vertex -46.4693 -3.69552 4
      vertex -46.2308 3.58749 4
      vertex -46.2308 -3.58749 4
    endloop
  endfacet
  facet normal 0 0 -1
    outer loop
      vertex -46.4693 -3.69552 4
      vertex -46.4693 3.69552 4
      vertex -46.2308 3.58749 4
    endloop
  endfacet
  facet normal 0 0 -1
    outer loop
      vertex -46.7142 -3.78772 4
      vertex -46.4693 3.69552 4
      vertex -46.4693 -3.69552 4
    endloop
  endfacet
  facet normal 0 0 -1
    outer loop
      vertex -46.7142 -3.78772 4
      vertex -46.7142 3.78772 4
      vertex -46.4693 3.69552 4
    endloop
  endfacet
  facet normal 0 0 -1
    outer loop
      vertex -46.9647 -3.8637 4
      vertex -46.7142 3.78772 4
      vertex -46.7142 -3.78772 4
    endloop
  endfacet
  facet normal 0 0 -1
    outer loop
      vertex -46.9647 -3.8637 4
      vertex -46.9647 3.8637 4
      vertex -46.7142 3.78772 4
    endloop
  endfacet
  facet normal 0 0 -1
    outer loop
      vertex -47.2196 -3.92314 4
      vertex -46.9647 3.8637 4
      vertex -46.9647 -3.8637 4
    endloop
  endfacet
  facet normal 0 0 -1
    outer loop
      vertex -47.2196 -3.92314 4
      vertex -47.2196 3.92314 4
      vertex -46.9647 3.8637 4
    endloop
  endfacet
  facet normal 0 0 -1
    outer loop
      vertex -47.4779 -3.96578 4
      vertex -47.2196 3.92314 4
      vertex -47.2196 -3.92314 4
    endloop
  endfacet
  facet normal 0 0 -1
    outer loop
      vertex -47.4779 -3.96578 4
      vertex -47.4779 3.96578 4
      vertex -47.2196 3.92314 4
    endloop
  endfacet
  facet normal 0 0 -1
    outer loop
      vertex -47.7384 -3.99144 4
      vertex -47.4779 3.96578 4
      vertex -47.4779 -3.96578 4
    endloop
  endfacet
  facet normal 0 0 -1
    outer loop
      vertex -47.7384 -3.99144 4
      vertex -47.7384 3.99144 4
      vertex -47.4779 3.96578 4
    endloop
  endfacet
  facet normal 0 0 -1
    outer loop
      vertex -48 -4 4
      vertex -47.7384 3.99144 4
      vertex -47.7384 -3.99144 4
    endloop
  endfacet
  facet normal 0 0 -1
    outer loop
      vertex -48 -4 4
      vertex -48 4 4
      vertex -47.7384 3.99144 4
    endloop
  endfacet
  facet normal 0 0 -1
    outer loop
      vertex -48.2616 -3.99144 4
      vertex -48 4 4
      vertex -48 -4 4
    endloop
  endfacet
  facet normal 0 0 -1
    outer loop
      vertex -48.2616 -3.99144 4
      vertex -48.2616 3.99144 4
      vertex -48 4 4
    endloop
  endfacet
  facet normal 0 0 -1
    outer loop
      vertex -48.5221 -3.96578 4
      vertex -48.2616 3.99144 4
      vertex -48.2616 -3.99144 4
    endloop
  endfacet
  facet normal 0 0 -1
    outer loop
      vertex -48.5221 -3.96578 4
      vertex -48.5221 3.96578 4
      vertex -48.2616 3.99144 4
    endloop
  endfacet
  facet normal 0 0 -1
    outer loop
      vertex -48.7804 -3.92314 4
      vertex -48.5221 3.96578 4
      vertex -48.5221 -3.96578 4
    endloop
  endfacet
  facet normal 0 0 -1
    outer loop
      vertex -48.7804 -3.92314 4
      vertex -48.7804 3.92314 4
      vertex -48.5221 3.96578 4
    endloop
  endfacet
  facet normal 0 0 -1
    outer loop
      vertex -49.0353 -3.8637 4
      vertex -48.7804 3.92314 4
      vertex -48.7804 -3.92314 4
    endloop
  endfacet
  facet normal 0 0 -1
    outer loop
      vertex -49.0353 -3.8637 4
      vertex -49.0353 3.8637 4
      vertex -48.7804 3.92314 4
    endloop
  endfacet
  facet normal 0 0 -1
    outer loop
      vertex -49.2858 -3.78772 4
      vertex -49.0353 3.8637 4
      vertex -49.0353 -3.8637 4
    endloop
  endfacet
  facet normal 0 0 -1
    outer loop
      vertex -49.2858 -3.78772 4
      vertex -49.2858 3.78772 4
      vertex -49.0353 3.8637 4
    endloop
  endfacet
  facet normal 0 0 -1
    outer loop
      vertex -49.5307 -3.69552 4
      vertex -49.2858 3.78772 4
      vertex -49.2858 -3.78772 4
    endloop
  endfacet
  facet normal 0 0 -1
    outer loop
      vertex -49.5307 -3.69552 4
      vertex -49.5307 3.69552 4
      vertex -49.2858 3.78772 4
    endloop
  endfacet
  facet normal 0 0 -1
    outer loop
      vertex -49.7692 -3.58749 4
      vertex -49.5307 3.69552 4
      vertex -49.5307 -3.69552 4
    endloop
  endfacet
  facet normal 0 0 -1
    outer loop
      vertex -49.7692 -3.58749 4
      vertex -49.7692 3.58749 4
      vertex -49.5307 3.69552 4
    endloop
  endfacet
  facet normal 0 0 -1
    outer loop
      vertex -50 -3.4641 4
      vertex -49.7692 3.58749 4
      vertex -49.7692 -3.58749 4
    endloop
  endfacet
  facet normal 0 0 -1
    outer loop
      vertex -50 -3.4641 4
      vertex -50 3.4641 4
      vertex -49.7692 3.58749 4
    endloop
  endfacet
  facet normal 0 0 -1
    outer loop
      vertex -50.2223 -3.32588 4
      vertex -50 3.4641 4
      vertex -50 -3.4641 4
    endloop
  endfacet
  facet normal 0 0 -1
    outer loop
      vertex -50.2223 -3.32588 4
      vertex -50.2223 3.32588 4
      vertex -50 3.4641 4
    endloop
  endfacet
  facet normal 0 0 -1
    outer loop
      vertex -50.435 -3.17341 4
      vertex -50.2223 3.32588 4
      vertex -50.2223 -3.32588 4
    endloop
  endfacet
  facet normal 0 0 -1
    outer loop
      vertex -50.435 -3.17341 4
      vertex -50.435 3.17341 4
      vertex -50.2223 3.32588 4
    endloop
  endfacet
  facet normal 0 0 -1
    outer loop
      vertex -50.6374 -3.00736 4
      vertex -50.435 3.17341 4
      vertex -50.435 -3.17341 4
    endloop
  endfacet
  facet normal 0 0 -1
    outer loop
      vertex -50.6374 -3.00736 4
      vertex -50.6374 3.00736 4
      vertex -50.435 3.17341 4
    endloop
  endfacet
  facet normal 0 0 -1
    outer loop
      vertex -50.8284 -2.82843 4
      vertex -50.6374 3.00736 4
      vertex -50.6374 -3.00736 4
    endloop
  endfacet
  facet normal 0 0 -1
    outer loop
      vertex -50.8284 -2.82843 4
      vertex -50.8284 2.82843 4
      vertex -50.6374 3.00736 4
    endloop
  endfacet
  facet normal 0 0 -1
    outer loop
      vertex -51.0074 -2.63738 4
      vertex -50.8284 2.82843 4
      vertex -50.8284 -2.82843 4
    endloop
  endfacet
  facet normal 0 0 -1
    outer loop
      vertex -51.0074 -2.63738 4
      vertex -51.0074 2.63738 4
      vertex -50.8284 2.82843 4
    endloop
  endfacet
  facet normal 0 0 -1
    outer loop
      vertex -51.1734 -2.43505 4
      vertex -51.0074 2.63738 4
      vertex -51.0074 -2.63738 4
    endloop
  endfacet
  facet normal 0 0 -1
    outer loop
      vertex -51.1734 -2.43505 4
      vertex -51.1734 2.43505 4
      vertex -51.0074 2.63738 4
    endloop
  endfacet
  facet normal 0 0 -1
    outer loop
      vertex -51.3259 -2.22228 4
      vertex -51.1734 2.43505 4
      vertex -51.1734 -2.43505 4
    endloop
  endfacet
  facet normal 0 0 -1
    outer loop
      vertex -51.3259 -2.22228 4
      vertex -51.3259 2.22228 4
      vertex -51.1734 2.43505 4
    endloop
  endfacet
  facet normal 0 0 -1
    outer loop
      vertex -51.4641 -2 4
      vertex -51.3259 2.22228 4
      vertex -51.3259 -2.22228 4
    endloop
  endfacet
  facet normal 0 0 -1
    outer loop
      vertex -51.4641 -2 4
      vertex -51.4641 2 4
      vertex -51.3259 2.22228 4
    endloop
  endfacet
  facet normal 0 0 -1
    outer loop
      vertex -51.5875 -1.76915 4
      vertex -51.4641 2 4
      vertex -51.4641 -2 4
    endloop
  endfacet
  facet normal 0 0 -1
    outer loop
      vertex -51.5875 -1.76915 4
      vertex -51.5875 1.76915 4
      vertex -51.4641 2 4
    endloop
  endfacet
  facet normal 0 0 -1
    outer loop
      vertex -51.6955 -1.53073 4
      vertex -51.5875 1.76915 4
      vertex -51.5875 -1.76915 4
    endloop
  endfacet
  facet normal 0 0 -1
    outer loop
      vertex -51.6955 -1.53073 4
      vertex -51.6955 1.53073 4
      vertex -51.5875 1.76915 4
    endloop
  endfacet
  facet normal 0 0 -1
    outer loop
      vertex -51.7877 -1.28576 4
      vertex -51.6955 1.53073 4
      vertex -51.6955 -1.53073 4
    endloop
  endfacet
  facet normal 0 0 -1
    outer loop
      vertex -51.7877 -1.28576 4
      vertex -51.7877 1.28576 4
      vertex -51.6955 1.53073 4
    endloop
  endfacet
  facet normal 0 0 -1
    outer loop
      vertex -51.8637 -1.03528 4
      vertex -51.7877 1.28576 4
      vertex -51.7877 -1.28576 4
    endloop
  endfacet
  facet normal 0 0 -1
    outer loop
      vertex -51.8637 -1.03528 4
      vertex -51.8637 1.03528 4
      vertex -51.7877 1.28576 4
    endloop
  endfacet
  facet normal 0 0 -1
    outer loop
      vertex -51.9231 -0.780361 4
      vertex -51.8637 1.03528 4
      vertex -51.8637 -1.03528 4
    endloop
  endfacet
  facet normal 0 0 -1
    outer loop
      vertex -51.9231 -0.780361 4
      vertex -51.9231 0.780361 4
      vertex -51.8637 1.03528 4
    endloop
  endfacet
  facet normal 0 0 -1
    outer loop
      vertex -51.9658 -0.522104 4
      vertex -51.9231 0.780361 4
      vertex -51.9231 -0.780361 4
    endloop
  endfacet
  facet normal 0 0 -1
    outer loop
      vertex -51.9658 -0.522104 4
      vertex -51.9658 0.522104 4
      vertex -51.9231 0.780361 4
    endloop
  endfacet
  facet normal 0 0 -1
    outer loop
      vertex -51.9914 -0.261612 4
      vertex -51.9658 0.522104 4
      vertex -51.9658 -0.522104 4
    endloop
  endfacet
  facet normal 0 0 -1
    outer loop
      vertex -51.9914 -0.261612 4
      vertex -51.9914 0.261612 4
      vertex -51.9658 0.522104 4
    endloop
  endfacet
  facet normal 0 -0 -1
    outer loop
      vertex -51.9914 0.261612 4
      vertex -51.9914 -0.261612 4
      vertex -52 0 4
    endloop
  endfacet
  facet normal -0.881908 -0.471421 0
    outer loop
      vertex -44.4125 1.76915 0
      vertex -44.5359 2 4
      vertex -44.5359 2 0
    endloop
  endfacet
  facet normal -0.881908 -0.471421 0
    outer loop
      vertex -44.5359 2 4
      vertex -44.4125 1.76915 0
      vertex -44.4125 1.76915 4
    endloop
  endfacet
  facet normal -0.683672 -0.72979 0
    outer loop
      vertex -45.3626 3.00736 0
      vertex -45.1716 2.82843 4
      vertex -45.3626 3.00736 4
    endloop
  endfacet
  facet normal -0.683672 -0.72979 -0
    outer loop
      vertex -45.1716 2.82843 4
      vertex -45.3626 3.00736 0
      vertex -45.1716 2.82843 0
    endloop
  endfacet
  facet normal -0.910902 -0.412622 0
    outer loop
      vertex -44.3045 1.53073 0
      vertex -44.4125 1.76915 4
      vertex -44.4125 1.76915 0
    endloop
  endfacet
  facet normal -0.910902 -0.412622 0
    outer loop
      vertex -44.4125 1.76915 4
      vertex -44.3045 1.53073 0
      vertex -44.3045 1.53073 4
    endloop
  endfacet
  facet normal 0.97391 0.226936 0
    outer loop
      vertex -51.8637 -1.03528 4
      vertex -51.9231 -0.780361 0
      vertex -51.9231 -0.780361 4
    endloop
  endfacet
  facet normal 0.97391 0.226936 0
    outer loop
      vertex -51.9231 -0.780361 0
      vertex -51.8637 -1.03528 4
      vertex -51.8637 -1.03528 0
    endloop
  endfacet
  facet normal 0.935906 0.352249 0
    outer loop
      vertex -51.6955 -1.53073 4
      vertex -51.7877 -1.28576 0
      vertex -51.7877 -1.28576 4
    endloop
  endfacet
  facet normal 0.935906 0.352249 0
    outer loop
      vertex -51.7877 -1.28576 0
      vertex -51.6955 -1.53073 4
      vertex -51.6955 -1.53073 0
    endloop
  endfacet
  facet normal 0.729746 0.683719 0
    outer loop
      vertex -50.8284 -2.82843 4
      vertex -51.0074 -2.63738 0
      vertex -51.0074 -2.63738 4
    endloop
  endfacet
  facet normal 0.729746 0.683719 0
    outer loop
      vertex -51.0074 -2.63738 0
      vertex -50.8284 -2.82843 4
      vertex -50.8284 -2.82843 0
    endloop
  endfacet
  facet normal 0.81279 0.582556 0
    outer loop
      vertex -51.1734 -2.43505 4
      vertex -51.3259 -2.22228 0
      vertex -51.3259 -2.22228 4
    endloop
  endfacet
  facet normal 0.81279 0.582556 0
    outer loop
      vertex -51.3259 -2.22228 0
      vertex -51.1734 -2.43505 4
      vertex -51.1734 -2.43505 0
    endloop
  endfacet
  facet normal 0.162875 0.986647 -0
    outer loop
      vertex -48.5221 -3.96578 0
      vertex -48.7804 -3.92314 4
      vertex -48.5221 -3.96578 4
    endloop
  endfacet
  facet normal 0.162875 0.986647 0
    outer loop
      vertex -48.7804 -3.92314 4
      vertex -48.5221 -3.96578 0
      vertex -48.7804 -3.92314 0
    endloop
  endfacet
  facet normal 0.0327042 0.999465 -0
    outer loop
      vertex -48 -4 0
      vertex -48.2616 -3.99144 4
      vertex -48 -4 4
    endloop
  endfacet
  facet normal 0.0327042 0.999465 0
    outer loop
      vertex -48.2616 -3.99144 4
      vertex -48 -4 0
      vertex -48.2616 -3.99144 0
    endloop
  endfacet
  facet normal 0.412603 0.910911 -0
    outer loop
      vertex -49.5307 -3.69552 0
      vertex -49.7692 -3.58749 4
      vertex -49.5307 -3.69552 4
    endloop
  endfacet
  facet normal 0.412603 0.910911 0
    outer loop
      vertex -49.7692 -3.58749 4
      vertex -49.5307 -3.69552 0
      vertex -49.7692 -3.58749 0
    endloop
  endfacet
  facet normal 0.528026 0.849228 -0
    outer loop
      vertex -50 -3.4641 0
      vertex -50.2223 -3.32588 4
      vertex -50 -3.4641 4
    endloop
  endfacet
  facet normal 0.528026 0.849228 0
    outer loop
      vertex -50.2223 -3.32588 4
      vertex -50 -3.4641 0
      vertex -50.2223 -3.32588 0
    endloop
  endfacet
  facet normal -0.849241 0.528006 0
    outer loop
      vertex -44.6741 -2.22228 0
      vertex -44.5359 -2 4
      vertex -44.5359 -2 0
    endloop
  endfacet
  facet normal -0.849241 0.528006 0
    outer loop
      vertex -44.5359 -2 4
      vertex -44.6741 -2.22228 0
      vertex -44.6741 -2.22228 4
    endloop
  endfacet
  facet normal -0.986605 0.163125 0
    outer loop
      vertex -44.0769 -0.780361 0
      vertex -44.0342 -0.522104 4
      vertex -44.0342 -0.522104 0
    endloop
  endfacet
  facet normal -0.986605 0.163125 0
    outer loop
      vertex -44.0342 -0.522104 4
      vertex -44.0769 -0.780361 0
      vertex -44.0769 -0.780361 4
    endloop
  endfacet
  facet normal -0.528026 0.849228 0
    outer loop
      vertex -45.7777 -3.32588 0
      vertex -46 -3.4641 4
      vertex -45.7777 -3.32588 4
    endloop
  endfacet
  facet normal -0.528026 0.849228 0
    outer loop
      vertex -46 -3.4641 4
      vertex -45.7777 -3.32588 0
      vertex -46 -3.4641 0
    endloop
  endfacet
  facet normal 0.881908 -0.471421 0
    outer loop
      vertex -51.5875 1.76915 4
      vertex -51.4641 2 0
      vertex -51.4641 2 4
    endloop
  endfacet
  facet normal 0.881908 -0.471421 0
    outer loop
      vertex -51.4641 2 0
      vertex -51.5875 1.76915 4
      vertex -51.5875 1.76915 0
    endloop
  endfacet
  facet normal 0.97391 -0.226936 0
    outer loop
      vertex -51.9231 0.780361 4
      vertex -51.8637 1.03528 0
      vertex -51.8637 1.03528 4
    endloop
  endfacet
  facet normal 0.97391 -0.226936 0
    outer loop
      vertex -51.8637 1.03528 0
      vertex -51.9231 0.780361 4
      vertex -51.9231 0.780361 0
    endloop
  endfacet
  facet normal 0.7731 -0.634284 0
    outer loop
      vertex -51.1734 2.43505 4
      vertex -51.0074 2.63738 0
      vertex -51.0074 2.63738 4
    endloop
  endfacet
  facet normal 0.7731 -0.634284 0
    outer loop
      vertex -51.0074 2.63738 0
      vertex -51.1734 2.43505 4
      vertex -51.1734 2.43505 0
    endloop
  endfacet
  facet normal 0.528026 -0.849228 0
    outer loop
      vertex -50.2223 3.32588 0
      vertex -50 3.4641 4
      vertex -50.2223 3.32588 4
    endloop
  endfacet
  facet normal 0.528026 -0.849228 0
    outer loop
      vertex -50 3.4641 4
      vertex -50.2223 3.32588 0
      vertex -50 3.4641 0
    endloop
  endfacet
  facet normal -0.162875 -0.986647 0
    outer loop
      vertex -47.4779 3.96578 0
      vertex -47.2196 3.92314 4
      vertex -47.4779 3.96578 4
    endloop
  endfacet
  facet normal -0.162875 -0.986647 -0
    outer loop
      vertex -47.2196 3.92314 4
      vertex -47.4779 3.96578 0
      vertex -47.2196 3.92314 0
    endloop
  endfacet
  facet normal -0.81279 -0.582556 0
    outer loop
      vertex -44.6741 2.22228 0
      vertex -44.8266 2.43505 4
      vertex -44.8266 2.43505 0
    endloop
  endfacet
  facet normal -0.81279 -0.582556 0
    outer loop
      vertex -44.8266 2.43505 4
      vertex -44.6741 2.22228 0
      vertex -44.6741 2.22228 4
    endloop
  endfacet
  facet normal -0.995206 -0.0978044 0
    outer loop
      vertex -44.0086 0.261612 0
      vertex -44.0342 0.522104 4
      vertex -44.0342 0.522104 0
    endloop
  endfacet
  facet normal -0.995206 -0.0978044 0
    outer loop
      vertex -44.0342 0.522104 4
      vertex -44.0086 0.261612 0
      vertex -44.0086 0.261612 4
    endloop
  endfacet
  facet normal -0.97391 -0.226936 0
    outer loop
      vertex -44.0769 0.780361 0
      vertex -44.1363 1.03528 4
      vertex -44.1363 1.03528 0
    endloop
  endfacet
  facet normal -0.97391 -0.226936 0
    outer loop
      vertex -44.1363 1.03528 4
      vertex -44.0769 0.780361 0
      vertex -44.0769 0.780361 4
    endloop
  endfacet
  facet normal 0.910902 -0.412622 0
    outer loop
      vertex -51.6955 1.53073 4
      vertex -51.5875 1.76915 0
      vertex -51.5875 1.76915 4
    endloop
  endfacet
  facet normal 0.910902 -0.412622 0
    outer loop
      vertex -51.5875 1.76915 0
      vertex -51.6955 1.53073 4
      vertex -51.6955 1.53073 0
    endloop
  endfacet
  facet normal 0.935906 -0.352249 0
    outer loop
      vertex -51.7877 1.28576 4
      vertex -51.6955 1.53073 0
      vertex -51.6955 1.53073 4
    endloop
  endfacet
  facet normal 0.935906 -0.352249 0
    outer loop
      vertex -51.6955 1.53073 0
      vertex -51.7877 1.28576 4
      vertex -51.7877 1.28576 0
    endloop
  endfacet
  facet normal 0.849241 -0.528006 0
    outer loop
      vertex -51.4641 2 4
      vertex -51.3259 2.22228 0
      vertex -51.3259 2.22228 4
    endloop
  endfacet
  facet normal 0.849241 -0.528006 0
    outer loop
      vertex -51.3259 2.22228 0
      vertex -51.4641 2 4
      vertex -51.4641 2 0
    endloop
  endfacet
  facet normal 0.81279 -0.582556 0
    outer loop
      vertex -51.3259 2.22228 4
      vertex -51.1734 2.43505 0
      vertex -51.1734 2.43505 4
    endloop
  endfacet
  facet normal 0.81279 -0.582556 0
    outer loop
      vertex -51.1734 2.43505 0
      vertex -51.3259 2.22228 4
      vertex -51.3259 2.22228 0
    endloop
  endfacet
  facet normal 0.471471 -0.881882 0
    outer loop
      vertex -50 3.4641 0
      vertex -49.7692 3.58749 4
      vertex -50 3.4641 4
    endloop
  endfacet
  facet normal 0.471471 -0.881882 0
    outer loop
      vertex -49.7692 3.58749 4
      vertex -50 3.4641 0
      vertex -49.7692 3.58749 0
    endloop
  endfacet
  facet normal -0.0327042 -0.999465 0
    outer loop
      vertex -48 4 0
      vertex -47.7384 3.99144 4
      vertex -48 4 4
    endloop
  endfacet
  facet normal -0.0327042 -0.999465 -0
    outer loop
      vertex -47.7384 3.99144 4
      vertex -48 4 0
      vertex -47.7384 3.99144 0
    endloop
  endfacet
  facet normal -0.528026 -0.849228 0
    outer loop
      vertex -46 3.4641 0
      vertex -45.7777 3.32588 4
      vertex -46 3.4641 4
    endloop
  endfacet
  facet normal -0.528026 -0.849228 -0
    outer loop
      vertex -45.7777 3.32588 4
      vertex -46 3.4641 0
      vertex -45.7777 3.32588 0
    endloop
  endfacet
  facet normal -0.290255 -0.956949 0
    outer loop
      vertex -46.9647 3.8637 0
      vertex -46.7142 3.78772 4
      vertex -46.9647 3.8637 4
    endloop
  endfacet
  facet normal -0.290255 -0.956949 -0
    outer loop
      vertex -46.7142 3.78772 4
      vertex -46.9647 3.8637 0
      vertex -46.7142 3.78772 0
    endloop
  endfacet
  facet normal -0.0980285 -0.995184 0
    outer loop
      vertex -47.7384 3.99144 0
      vertex -47.4779 3.96578 4
      vertex -47.7384 3.99144 4
    endloop
  endfacet
  facet normal -0.0980285 -0.995184 -0
    outer loop
      vertex -47.4779 3.96578 4
      vertex -47.7384 3.99144 0
      vertex -47.4779 3.96578 0
    endloop
  endfacet
  facet normal -0.849241 -0.528006 0
    outer loop
      vertex -44.5359 2 0
      vertex -44.6741 2.22228 4
      vertex -44.6741 2.22228 0
    endloop
  endfacet
  facet normal -0.849241 -0.528006 0
    outer loop
      vertex -44.6741 2.22228 4
      vertex -44.5359 2 0
      vertex -44.5359 2 4
    endloop
  endfacet
  facet normal -0.729746 -0.683719 0
    outer loop
      vertex -44.9926 2.63738 0
      vertex -45.1716 2.82843 4
      vertex -45.1716 2.82843 0
    endloop
  endfacet
  facet normal -0.729746 -0.683719 0
    outer loop
      vertex -45.1716 2.82843 4
      vertex -44.9926 2.63738 0
      vertex -44.9926 2.63738 4
    endloop
  endfacet
  facet normal -0.7731 -0.634284 0
    outer loop
      vertex -44.8266 2.43505 0
      vertex -44.9926 2.63738 4
      vertex -44.9926 2.63738 0
    endloop
  endfacet
  facet normal -0.7731 -0.634284 0
    outer loop
      vertex -44.9926 2.63738 4
      vertex -44.8266 2.43505 0
      vertex -44.8266 2.43505 4
    endloop
  endfacet
  facet normal -0.935906 -0.352249 0
    outer loop
      vertex -44.2123 1.28576 0
      vertex -44.3045 1.53073 4
      vertex -44.3045 1.53073 0
    endloop
  endfacet
  facet normal -0.935906 -0.352249 0
    outer loop
      vertex -44.3045 1.53073 4
      vertex -44.2123 1.28576 0
      vertex -44.2123 1.28576 4
    endloop
  endfacet
  facet normal -0.956922 -0.290347 0
    outer loop
      vertex -44.1363 1.03528 0
      vertex -44.2123 1.28576 4
      vertex -44.2123 1.28576 0
    endloop
  endfacet
  facet normal -0.956922 -0.290347 0
    outer loop
      vertex -44.2123 1.28576 4
      vertex -44.1363 1.03528 0
      vertex -44.1363 1.03528 4
    endloop
  endfacet
  facet normal -0.986605 -0.163125 0
    outer loop
      vertex -44.0342 0.522104 0
      vertex -44.0769 0.780361 4
      vertex -44.0769 0.780361 0
    endloop
  endfacet
  facet normal -0.986605 -0.163125 0
    outer loop
      vertex -44.0769 0.780361 4
      vertex -44.0342 0.522104 0
      vertex -44.0342 0.522104 4
    endloop
  endfacet
  facet normal 0.352338 -0.935873 0
    outer loop
      vertex -49.5307 3.69552 0
      vertex -49.2858 3.78772 4
      vertex -49.5307 3.69552 4
    endloop
  endfacet
  facet normal 0.352338 -0.935873 0
    outer loop
      vertex -49.2858 3.78772 4
      vertex -49.5307 3.69552 0
      vertex -49.2858 3.78772 0
    endloop
  endfacet
  facet normal 0.162875 -0.986647 0
    outer loop
      vertex -48.7804 3.92314 0
      vertex -48.5221 3.96578 4
      vertex -48.7804 3.92314 4
    endloop
  endfacet
  facet normal 0.162875 -0.986647 0
    outer loop
      vertex -48.5221 3.96578 4
      vertex -48.7804 3.92314 0
      vertex -48.5221 3.96578 0
    endloop
  endfacet
  facet normal 0.0980285 -0.995184 0
    outer loop
      vertex -48.5221 3.96578 0
      vertex -48.2616 3.99144 4
      vertex -48.5221 3.96578 4
    endloop
  endfacet
  facet normal 0.0980285 -0.995184 0
    outer loop
      vertex -48.2616 3.99144 4
      vertex -48.5221 3.96578 0
      vertex -48.2616 3.99144 0
    endloop
  endfacet
  facet normal 0.683672 -0.72979 0
    outer loop
      vertex -50.8284 2.82843 0
      vertex -50.6374 3.00736 4
      vertex -50.8284 2.82843 4
    endloop
  endfacet
  facet normal 0.683672 -0.72979 0
    outer loop
      vertex -50.6374 3.00736 4
      vertex -50.8284 2.82843 0
      vertex -50.6374 3.00736 0
    endloop
  endfacet
  facet normal 0.634267 -0.773114 0
    outer loop
      vertex -50.6374 3.00736 0
      vertex -50.435 3.17341 4
      vertex -50.6374 3.00736 4
    endloop
  endfacet
  facet normal 0.634267 -0.773114 0
    outer loop
      vertex -50.435 3.17341 4
      vertex -50.6374 3.00736 0
      vertex -50.435 3.17341 0
    endloop
  endfacet
  facet normal 0.582607 -0.812754 0
    outer loop
      vertex -50.435 3.17341 0
      vertex -50.2223 3.32588 4
      vertex -50.435 3.17341 4
    endloop
  endfacet
  facet normal 0.582607 -0.812754 0
    outer loop
      vertex -50.2223 3.32588 4
      vertex -50.435 3.17341 0
      vertex -50.2223 3.32588 0
    endloop
  endfacet
  facet normal -0.352338 -0.935873 0
    outer loop
      vertex -46.7142 3.78772 0
      vertex -46.4693 3.69552 4
      vertex -46.7142 3.78772 4
    endloop
  endfacet
  facet normal -0.352338 -0.935873 -0
    outer loop
      vertex -46.4693 3.69552 4
      vertex -46.7142 3.78772 0
      vertex -46.4693 3.69552 0
    endloop
  endfacet
  facet normal -0.227097 -0.973872 0
    outer loop
      vertex -47.2196 3.92314 0
      vertex -46.9647 3.8637 4
      vertex -47.2196 3.92314 4
    endloop
  endfacet
  facet normal -0.227097 -0.973872 -0
    outer loop
      vertex -46.9647 3.8637 4
      vertex -47.2196 3.92314 0
      vertex -46.9647 3.8637 0
    endloop
  endfacet
  facet normal 0.290255 -0.956949 0
    outer loop
      vertex -49.2858 3.78772 0
      vertex -49.0353 3.8637 4
      vertex -49.2858 3.78772 4
    endloop
  endfacet
  facet normal 0.290255 -0.956949 0
    outer loop
      vertex -49.0353 3.8637 4
      vertex -49.2858 3.78772 0
      vertex -49.0353 3.8637 0
    endloop
  endfacet
  facet normal -0.412603 -0.910911 0
    outer loop
      vertex -46.4693 3.69552 0
      vertex -46.2308 3.58749 4
      vertex -46.4693 3.69552 4
    endloop
  endfacet
  facet normal -0.412603 -0.910911 -0
    outer loop
      vertex -46.2308 3.58749 4
      vertex -46.4693 3.69552 0
      vertex -46.2308 3.58749 0
    endloop
  endfacet
  facet normal -0.471471 -0.881882 0
    outer loop
      vertex -46.2308 3.58749 0
      vertex -46 3.4641 4
      vertex -46.2308 3.58749 4
    endloop
  endfacet
  facet normal -0.471471 -0.881882 -0
    outer loop
      vertex -46 3.4641 4
      vertex -46.2308 3.58749 0
      vertex -46 3.4641 0
    endloop
  endfacet
  facet normal -0.582607 -0.812754 0
    outer loop
      vertex -45.7777 3.32588 0
      vertex -45.565 3.17341 4
      vertex -45.7777 3.32588 4
    endloop
  endfacet
  facet normal -0.582607 -0.812754 -0
    outer loop
      vertex -45.565 3.17341 4
      vertex -45.7777 3.32588 0
      vertex -45.565 3.17341 0
    endloop
  endfacet
  facet normal -0.634267 -0.773114 0
    outer loop
      vertex -45.565 3.17341 0
      vertex -45.3626 3.00736 4
      vertex -45.565 3.17341 4
    endloop
  endfacet
  facet normal -0.634267 -0.773114 -0
    outer loop
      vertex -45.3626 3.00736 4
      vertex -45.565 3.17341 0
      vertex -45.3626 3.00736 0
    endloop
  endfacet
  facet normal 0.4715 0.881866 -0
    outer loop
      vertex -25.7692 -45.1567 0
      vertex -26 -45.0333 3
      vertex -25.7692 -45.1567 3
    endloop
  endfacet
  facet normal 0.4715 0.881866 0
    outer loop
      vertex -26 -45.0333 3
      vertex -25.7692 -45.1567 0
      vertex -26 -45.0333 0
    endloop
  endfacet
  facet normal -0.4715 -0.881866 0
    outer loop
      vertex -22.2308 -37.9817 0
      vertex -22 -38.1051 3
      vertex -22.2308 -37.9817 3
    endloop
  endfacet
  facet normal -0.4715 -0.881866 -0
    outer loop
      vertex -22 -38.1051 3
      vertex -22.2308 -37.9817 0
      vertex -22 -38.1051 0
    endloop
  endfacet
  facet normal 0.881951 -0.471341 0
    outer loop
      vertex -27.5875 -39.8001 3
      vertex -27.4641 -39.5692 0
      vertex -27.4641 -39.5692 3
    endloop
  endfacet
  facet normal 0.881951 -0.471341 0
    outer loop
      vertex -27.4641 -39.5692 0
      vertex -27.5875 -39.8001 3
      vertex -27.5875 -39.8001 0
    endloop
  endfacet
  facet normal -0.956896 -0.290432 0
    outer loop
      vertex -20.1363 -40.5339 0
      vertex -20.2123 -40.2835 3
      vertex -20.2123 -40.2835 0
    endloop
  endfacet
  facet normal -0.956896 -0.290432 0
    outer loop
      vertex -20.2123 -40.2835 3
      vertex -20.1363 -40.5339 0
      vertex -20.1363 -40.5339 3
    endloop
  endfacet
  facet normal -0.773208 -0.634153 0
    outer loop
      vertex -20.8266 -39.1342 0
      vertex -20.9926 -38.9318 3
      vertex -20.9926 -38.9318 0
    endloop
  endfacet
  facet normal -0.773208 -0.634153 0
    outer loop
      vertex -20.9926 -38.9318 3
      vertex -20.8266 -39.1342 0
      vertex -20.8266 -39.1342 3
    endloop
  endfacet
  facet normal 0.412508 0.910954 -0
    outer loop
      vertex -25.5307 -45.2647 0
      vertex -25.7692 -45.1567 3
      vertex -25.5307 -45.2647 3
    endloop
  endfacet
  facet normal 0.412508 0.910954 0
    outer loop
      vertex -25.7692 -45.1567 3
      vertex -25.5307 -45.2647 0
      vertex -25.7692 -45.1567 0
    endloop
  endfacet
  facet normal 0.227314 0.973821 -0
    outer loop
      vertex -24.7804 -45.4924 0
      vertex -25.0353 -45.4329 3
      vertex -24.7804 -45.4924 3
    endloop
  endfacet
  facet normal 0.227314 0.973821 0
    outer loop
      vertex -25.0353 -45.4329 3
      vertex -24.7804 -45.4924 0
      vertex -25.0353 -45.4329 0
    endloop
  endfacet
  facet normal -0.162726 0.986671 0
    outer loop
      vertex -23.2196 -45.4924 0
      vertex -23.4779 -45.535 3
      vertex -23.2196 -45.4924 3
    endloop
  endfacet
  facet normal -0.162726 0.986671 0
    outer loop
      vertex -23.4779 -45.535 3
      vertex -23.2196 -45.4924 0
      vertex -23.4779 -45.535 0
    endloop
  endfacet
  facet normal -0.683814 0.729656 0
    outer loop
      vertex -21.1716 -44.3976 0
      vertex -21.3626 -44.5766 3
      vertex -21.1716 -44.3976 3
    endloop
  endfacet
  facet normal -0.683814 0.729656 0
    outer loop
      vertex -21.3626 -44.5766 3
      vertex -21.1716 -44.3976 0
      vertex -21.3626 -44.5766 0
    endloop
  endfacet
  facet normal -0.812829 0.582502 0
    outer loop
      vertex -20.8266 -44.0043 0
      vertex -20.6741 -43.7915 3
      vertex -20.6741 -43.7915 0
    endloop
  endfacet
  facet normal -0.812829 0.582502 0
    outer loop
      vertex -20.6741 -43.7915 3
      vertex -20.8266 -44.0043 0
      vertex -20.8266 -44.0043 3
    endloop
  endfacet
  facet normal -0.527971 0.849262 0
    outer loop
      vertex -21.7777 -44.8951 0
      vertex -22 -45.0333 3
      vertex -21.7777 -44.8951 3
    endloop
  endfacet
  facet normal -0.527971 0.849262 0
    outer loop
      vertex -22 -45.0333 3
      vertex -21.7777 -44.8951 0
      vertex -22 -45.0333 0
    endloop
  endfacet
  facet normal -0.352338 0.935873 0
    outer loop
      vertex -22.4693 -45.2647 0
      vertex -22.7142 -45.3569 3
      vertex -22.4693 -45.2647 3
    endloop
  endfacet
  facet normal -0.352338 0.935873 0
    outer loop
      vertex -22.7142 -45.3569 3
      vertex -22.4693 -45.2647 0
      vertex -22.7142 -45.3569 0
    endloop
  endfacet
  facet normal -0.634381 -0.773021 0
    outer loop
      vertex -21.565 -38.3958 0
      vertex -21.3626 -38.5619 3
      vertex -21.565 -38.3958 3
    endloop
  endfacet
  facet normal -0.634381 -0.773021 -0
    outer loop
      vertex -21.3626 -38.5619 3
      vertex -21.565 -38.3958 0
      vertex -21.3626 -38.5619 0
    endloop
  endfacet
  facet normal -0.881951 -0.471341 0
    outer loop
      vertex -20.4125 -39.8001 0
      vertex -20.5359 -39.5692 3
      vertex -20.5359 -39.5692 0
    endloop
  endfacet
  facet normal -0.881951 -0.471341 0
    outer loop
      vertex -20.5359 -39.5692 3
      vertex -20.4125 -39.8001 0
      vertex -20.4125 -39.8001 3
    endloop
  endfacet
  facet normal -0.93592 -0.352212 0
    outer loop
      vertex -20.2123 -40.2835 0
      vertex -20.3045 -40.0385 3
      vertex -20.3045 -40.0385 0
    endloop
  endfacet
  facet normal -0.93592 -0.352212 0
    outer loop
      vertex -20.3045 -40.0385 3
      vertex -20.2123 -40.2835 0
      vertex -20.2123 -40.2835 3
    endloop
  endfacet
  facet normal -0.729656 -0.683814 0
    outer loop
      vertex -20.9926 -38.9318 0
      vertex -21.1716 -38.7408 3
      vertex -21.1716 -38.7408 0
    endloop
  endfacet
  facet normal -0.729656 -0.683814 0
    outer loop
      vertex -21.1716 -38.7408 3
      vertex -20.9926 -38.9318 0
      vertex -20.9926 -38.9318 3
    endloop
  endfacet
  facet normal -0.995206 -0.0978014 0
    outer loop
      vertex -20.0086 -41.3076 0
      vertex -20.0342 -41.0471 3
      vertex -20.0342 -41.0471 0
    endloop
  endfacet
  facet normal -0.995206 -0.0978014 0
    outer loop
      vertex -20.0342 -41.0471 3
      vertex -20.0086 -41.3076 0
      vertex -20.0086 -41.3076 3
    endloop
  endfacet
  facet normal -0.910889 0.412651 0
    outer loop
      vertex -20.4125 -43.3384 0
      vertex -20.3045 -43.1 3
      vertex -20.3045 -43.1 0
    endloop
  endfacet
  facet normal -0.910889 0.412651 0
    outer loop
      vertex -20.3045 -43.1 3
      vertex -20.4125 -43.3384 0
      vertex -20.4125 -43.3384 3
    endloop
  endfacet
  facet normal 0.956928 0.290325 0
    outer loop
      vertex -27.7877 -42.855 3
      vertex -27.8637 -42.6045 0
      vertex -27.8637 -42.6045 3
    endloop
  endfacet
  facet normal 0.956928 0.290325 0
    outer loop
      vertex -27.8637 -42.6045 0
      vertex -27.7877 -42.855 3
      vertex -27.7877 -42.855 0
    endloop
  endfacet
  facet normal 0.352338 0.935873 -0
    outer loop
      vertex -25.2858 -45.3569 0
      vertex -25.5307 -45.2647 3
      vertex -25.2858 -45.3569 3
    endloop
  endfacet
  facet normal 0.352338 0.935873 0
    outer loop
      vertex -25.5307 -45.2647 3
      vertex -25.2858 -45.3569 0
      vertex -25.5307 -45.2647 0
    endloop
  endfacet
  facet normal 0.162726 0.986671 -0
    outer loop
      vertex -24.5221 -45.535 0
      vertex -24.7804 -45.4924 3
      vertex -24.5221 -45.535 3
    endloop
  endfacet
  facet normal 0.162726 0.986671 0
    outer loop
      vertex -24.7804 -45.4924 3
      vertex -24.5221 -45.535 0
      vertex -24.7804 -45.4924 0
    endloop
  endfacet
  facet normal -0.227314 0.973821 0
    outer loop
      vertex -22.9647 -45.4329 0
      vertex -23.2196 -45.4924 3
      vertex -22.9647 -45.4329 3
    endloop
  endfacet
  facet normal -0.227314 0.973821 0
    outer loop
      vertex -23.2196 -45.4924 3
      vertex -22.9647 -45.4329 0
      vertex -23.2196 -45.4924 0
    endloop
  endfacet
  facet normal -0.0981798 0.995169 0
    outer loop
      vertex -23.4779 -45.535 0
      vertex -23.7384 -45.5607 3
      vertex -23.4779 -45.535 3
    endloop
  endfacet
  facet normal -0.0981798 0.995169 0
    outer loop
      vertex -23.7384 -45.5607 3
      vertex -23.4779 -45.535 0
      vertex -23.7384 -45.5607 0
    endloop
  endfacet
  facet normal 0.0324752 0.999473 -0
    outer loop
      vertex -24 -45.5692 0
      vertex -24.2616 -45.5607 3
      vertex -24 -45.5692 3
    endloop
  endfacet
  facet normal 0.0324752 0.999473 0
    outer loop
      vertex -24.2616 -45.5607 3
      vertex -24 -45.5692 0
      vertex -24.2616 -45.5607 0
    endloop
  endfacet
  facet normal -0.729656 0.683814 0
    outer loop
      vertex -21.1716 -44.3976 0
      vertex -20.9926 -44.2066 3
      vertex -20.9926 -44.2066 0
    endloop
  endfacet
  facet normal -0.729656 0.683814 0
    outer loop
      vertex -20.9926 -44.2066 3
      vertex -21.1716 -44.3976 0
      vertex -21.1716 -44.3976 3
    endloop
  endfacet
  facet normal -0.849262 0.527971 0
    outer loop
      vertex -20.6741 -43.7915 0
      vertex -20.5359 -43.5692 3
      vertex -20.5359 -43.5692 0
    endloop
  endfacet
  facet normal -0.849262 0.527971 0
    outer loop
      vertex -20.5359 -43.5692 3
      vertex -20.6741 -43.7915 0
      vertex -20.6741 -43.7915 3
    endloop
  endfacet
  facet normal -0.582683 0.8127 0
    outer loop
      vertex -21.565 -44.7426 0
      vertex -21.7777 -44.8951 3
      vertex -21.565 -44.7426 3
    endloop
  endfacet
  facet normal -0.582683 0.8127 0
    outer loop
      vertex -21.7777 -44.8951 3
      vertex -21.565 -44.7426 0
      vertex -21.7777 -44.8951 0
    endloop
  endfacet
  facet normal -0.412508 0.910954 0
    outer loop
      vertex -22.2308 -45.1567 0
      vertex -22.4693 -45.2647 3
      vertex -22.2308 -45.1567 3
    endloop
  endfacet
  facet normal -0.412508 0.910954 0
    outer loop
      vertex -22.4693 -45.2647 3
      vertex -22.2308 -45.1567 0
      vertex -22.4693 -45.2647 0
    endloop
  endfacet
  facet normal -0.8127 -0.582683 0
    outer loop
      vertex -20.6741 -39.3469 0
      vertex -20.8266 -39.1342 3
      vertex -20.8266 -39.1342 0
    endloop
  endfacet
  facet normal -0.8127 -0.582683 0
    outer loop
      vertex -20.8266 -39.1342 3
      vertex -20.6741 -39.3469 0
      vertex -20.6741 -39.3469 3
    endloop
  endfacet
  facet normal -0.849262 -0.527971 0
    outer loop
      vertex -20.5359 -39.5692 0
      vertex -20.6741 -39.3469 3
      vertex -20.6741 -39.3469 0
    endloop
  endfacet
  facet normal -0.849262 -0.527971 0
    outer loop
      vertex -20.6741 -39.3469 3
      vertex -20.5359 -39.5692 0
      vertex -20.5359 -39.5692 3
    endloop
  endfacet
  facet normal -0.683611 -0.729847 0
    outer loop
      vertex -21.3626 -38.5619 0
      vertex -21.1716 -38.7408 3
      vertex -21.3626 -38.5619 3
    endloop
  endfacet
  facet normal -0.683611 -0.729847 -0
    outer loop
      vertex -21.1716 -38.7408 3
      vertex -21.3626 -38.5619 0
      vertex -21.1716 -38.7408 0
    endloop
  endfacet
  facet normal -0.527971 -0.849262 0
    outer loop
      vertex -22 -38.1051 0
      vertex -21.7777 -38.2433 3
      vertex -22 -38.1051 3
    endloop
  endfacet
  facet normal -0.527971 -0.849262 -0
    outer loop
      vertex -21.7777 -38.2433 3
      vertex -22 -38.1051 0
      vertex -21.7777 -38.2433 0
    endloop
  endfacet
  facet normal -0.99946 -0.0328569 0
    outer loop
      vertex -20 -41.5692 0
      vertex -20.0086 -41.3076 3
      vertex -20.0086 -41.3076 0
    endloop
  endfacet
  facet normal -0.99946 -0.0328569 0
    outer loop
      vertex -20.0086 -41.3076 3
      vertex -20 -41.5692 0
      vertex -20 -41.5692 3
    endloop
  endfacet
  facet normal -0.99946 0.0328569 0
    outer loop
      vertex -20.0086 -41.8308 0
      vertex -20 -41.5692 3
      vertex -20 -41.5692 0
    endloop
  endfacet
  facet normal -0.99946 0.0328569 0
    outer loop
      vertex -20 -41.5692 3
      vertex -20.0086 -41.8308 0
      vertex -20.0086 -41.8308 3
    endloop
  endfacet
  facet normal -0.973926 -0.226867 0
    outer loop
      vertex -20.0769 -40.7889 0
      vertex -20.1363 -40.5339 3
      vertex -20.1363 -40.5339 0
    endloop
  endfacet
  facet normal -0.973926 -0.226867 0
    outer loop
      vertex -20.1363 -40.5339 3
      vertex -20.0769 -40.7889 0
      vertex -20.0769 -40.7889 3
    endloop
  endfacet
  facet normal -0.98661 0.163098 0
    outer loop
      vertex -20.0769 -42.3496 0
      vertex -20.0342 -42.0913 3
      vertex -20.0342 -42.0913 0
    endloop
  endfacet
  facet normal -0.98661 0.163098 0
    outer loop
      vertex -20.0342 -42.0913 3
      vertex -20.0769 -42.3496 0
      vertex -20.0769 -42.3496 3
    endloop
  endfacet
  facet normal -0.973906 0.226952 0
    outer loop
      vertex -20.1363 -42.6045 0
      vertex -20.0769 -42.3496 3
      vertex -20.0769 -42.3496 0
    endloop
  endfacet
  facet normal -0.973906 0.226952 0
    outer loop
      vertex -20.0769 -42.3496 3
      vertex -20.1363 -42.6045 0
      vertex -20.1363 -42.6045 3
    endloop
  endfacet
  facet normal -0.995206 0.0978014 0
    outer loop
      vertex -20.0342 -42.0913 0
      vertex -20.0086 -41.8308 3
      vertex -20.0086 -41.8308 0
    endloop
  endfacet
  facet normal -0.995206 0.0978014 0
    outer loop
      vertex -20.0086 -41.8308 3
      vertex -20.0342 -42.0913 0
      vertex -20.0342 -42.0913 3
    endloop
  endfacet
  facet normal -0.93592 0.352212 0
    outer loop
      vertex -20.3045 -43.1 0
      vertex -20.2123 -42.855 3
      vertex -20.2123 -42.855 0
    endloop
  endfacet
  facet normal -0.93592 0.352212 0
    outer loop
      vertex -20.2123 -42.855 3
      vertex -20.3045 -43.1 0
      vertex -20.3045 -43.1 3
    endloop
  endfacet
  facet normal -0.956928 0.290325 0
    outer loop
      vertex -20.2123 -42.855 0
      vertex -20.1363 -42.6045 3
      vertex -20.1363 -42.6045 0
    endloop
  endfacet
  facet normal -0.956928 0.290325 0
    outer loop
      vertex -20.1363 -42.6045 3
      vertex -20.2123 -42.855 0
      vertex -20.2123 -42.855 3
    endloop
  endfacet
  facet normal 0.527971 0.849262 -0
    outer loop
      vertex -26 -45.0333 0
      vertex -26.2223 -44.8951 3
      vertex -26 -45.0333 3
    endloop
  endfacet
  facet normal 0.527971 0.849262 0
    outer loop
      vertex -26.2223 -44.8951 3
      vertex -26 -45.0333 0
      vertex -26.2223 -44.8951 0
    endloop
  endfacet
  facet normal 0.849262 0.527971 0
    outer loop
      vertex -27.3259 -43.7915 3
      vertex -27.4641 -43.5692 0
      vertex -27.4641 -43.5692 3
    endloop
  endfacet
  facet normal 0.849262 0.527971 0
    outer loop
      vertex -27.4641 -43.5692 0
      vertex -27.3259 -43.7915 3
      vertex -27.3259 -43.7915 0
    endloop
  endfacet
  facet normal 0.773054 0.63434 0
    outer loop
      vertex -27.0074 -44.2066 3
      vertex -27.1734 -44.0043 0
      vertex -27.1734 -44.0043 3
    endloop
  endfacet
  facet normal 0.773054 0.63434 0
    outer loop
      vertex -27.1734 -44.0043 0
      vertex -27.0074 -44.2066 3
      vertex -27.0074 -44.2066 0
    endloop
  endfacet
  facet normal 0.634153 0.773208 -0
    outer loop
      vertex -26.435 -44.7426 0
      vertex -26.6374 -44.5766 3
      vertex -26.435 -44.7426 3
    endloop
  endfacet
  facet normal 0.634153 0.773208 0
    outer loop
      vertex -26.6374 -44.5766 3
      vertex -26.435 -44.7426 0
      vertex -26.6374 -44.5766 0
    endloop
  endfacet
  facet normal 0.582683 0.8127 -0
    outer loop
      vertex -26.2223 -44.8951 0
      vertex -26.435 -44.7426 3
      vertex -26.2223 -44.8951 3
    endloop
  endfacet
  facet normal 0.582683 0.8127 0
    outer loop
      vertex -26.435 -44.7426 3
      vertex -26.2223 -44.8951 0
      vertex -26.435 -44.7426 0
    endloop
  endfacet
  facet normal 0.93592 0.352212 0
    outer loop
      vertex -27.6955 -43.1 3
      vertex -27.7877 -42.855 0
      vertex -27.7877 -42.855 3
    endloop
  endfacet
  facet normal 0.93592 0.352212 0
    outer loop
      vertex -27.7877 -42.855 0
      vertex -27.6955 -43.1 3
      vertex -27.6955 -43.1 0
    endloop
  endfacet
  facet normal -0.0328569 -0.99946 0
    outer loop
      vertex -24 -37.5692 0
      vertex -23.7384 -37.5778 3
      vertex -24 -37.5692 3
    endloop
  endfacet
  facet normal -0.0328569 -0.99946 -0
    outer loop
      vertex -23.7384 -37.5778 3
      vertex -24 -37.5692 0
      vertex -23.7384 -37.5778 0
    endloop
  endfacet
  facet normal -0.0978014 -0.995206 0
    outer loop
      vertex -23.7384 -37.5778 0
      vertex -23.4779 -37.6034 3
      vertex -23.7384 -37.5778 3
    endloop
  endfacet
  facet normal -0.0978014 -0.995206 -0
    outer loop
      vertex -23.4779 -37.6034 3
      vertex -23.7384 -37.5778 0
      vertex -23.4779 -37.6034 0
    endloop
  endfacet
  facet normal 0.995206 -0.0978014 0
    outer loop
      vertex -27.9914 -41.3076 3
      vertex -27.9658 -41.0471 0
      vertex -27.9658 -41.0471 3
    endloop
  endfacet
  facet normal 0.995206 -0.0978014 0
    outer loop
      vertex -27.9658 -41.0471 0
      vertex -27.9914 -41.3076 3
      vertex -27.9914 -41.3076 0
    endloop
  endfacet
  facet normal 0.9866 -0.16316 0
    outer loop
      vertex -27.9658 -41.0471 3
      vertex -27.9231 -40.7889 0
      vertex -27.9231 -40.7889 3
    endloop
  endfacet
  facet normal 0.9866 -0.16316 0
    outer loop
      vertex -27.9231 -40.7889 0
      vertex -27.9658 -41.0471 3
      vertex -27.9658 -41.0471 0
    endloop
  endfacet
  facet normal 0.290325 0.956928 -0
    outer loop
      vertex -25.0353 -45.4329 0
      vertex -25.2858 -45.3569 3
      vertex -25.0353 -45.4329 3
    endloop
  endfacet
  facet normal 0.290325 0.956928 0
    outer loop
      vertex -25.2858 -45.3569 3
      vertex -25.0353 -45.4329 0
      vertex -25.2858 -45.3569 0
    endloop
  endfacet
  facet normal 0.0981798 0.995169 -0
    outer loop
      vertex -24.2616 -45.5607 0
      vertex -24.5221 -45.535 3
      vertex -24.2616 -45.5607 3
    endloop
  endfacet
  facet normal 0.0981798 0.995169 0
    outer loop
      vertex -24.5221 -45.535 3
      vertex -24.2616 -45.5607 0
      vertex -24.5221 -45.535 0
    endloop
  endfacet
  facet normal -0.290325 0.956928 0
    outer loop
      vertex -22.7142 -45.3569 0
      vertex -22.9647 -45.4329 3
      vertex -22.7142 -45.3569 3
    endloop
  endfacet
  facet normal -0.290325 0.956928 0
    outer loop
      vertex -22.9647 -45.4329 3
      vertex -22.7142 -45.3569 0
      vertex -22.9647 -45.4329 0
    endloop
  endfacet
  facet normal -0.0324752 0.999473 0
    outer loop
      vertex -23.7384 -45.5607 0
      vertex -24 -45.5692 3
      vertex -23.7384 -45.5607 3
    endloop
  endfacet
  facet normal -0.0324752 0.999473 0
    outer loop
      vertex -24 -45.5692 3
      vertex -23.7384 -45.5607 0
      vertex -24 -45.5692 0
    endloop
  endfacet
  facet normal -0.773054 0.63434 0
    outer loop
      vertex -20.9926 -44.2066 0
      vertex -20.8266 -44.0043 3
      vertex -20.8266 -44.0043 0
    endloop
  endfacet
  facet normal -0.773054 0.63434 0
    outer loop
      vertex -20.8266 -44.0043 3
      vertex -20.9926 -44.2066 0
      vertex -20.9926 -44.2066 3
    endloop
  endfacet
  facet normal -0.881866 0.4715 0
    outer loop
      vertex -20.5359 -43.5692 0
      vertex -20.4125 -43.3384 3
      vertex -20.4125 -43.3384 0
    endloop
  endfacet
  facet normal -0.881866 0.4715 0
    outer loop
      vertex -20.4125 -43.3384 3
      vertex -20.5359 -43.5692 0
      vertex -20.5359 -43.5692 3
    endloop
  endfacet
  facet normal -0.634153 0.773208 0
    outer loop
      vertex -21.3626 -44.5766 0
      vertex -21.565 -44.7426 3
      vertex -21.3626 -44.5766 3
    endloop
  endfacet
  facet normal -0.634153 0.773208 0
    outer loop
      vertex -21.565 -44.7426 3
      vertex -21.3626 -44.5766 0
      vertex -21.565 -44.7426 0
    endloop
  endfacet
  facet normal -0.4715 0.881866 0
    outer loop
      vertex -22 -45.0333 0
      vertex -22.2308 -45.1567 3
      vertex -22 -45.0333 3
    endloop
  endfacet
  facet normal -0.4715 0.881866 0
    outer loop
      vertex -22.2308 -45.1567 3
      vertex -22 -45.0333 0
      vertex -22.2308 -45.1567 0
    endloop
  endfacet
  facet normal -0.910889 -0.412651 0
    outer loop
      vertex -20.3045 -40.0385 0
      vertex -20.4125 -39.8001 3
      vertex -20.4125 -39.8001 0
    endloop
  endfacet
  facet normal -0.910889 -0.412651 0
    outer loop
      vertex -20.4125 -39.8001 3
      vertex -20.3045 -40.0385 0
      vertex -20.3045 -40.0385 3
    endloop
  endfacet
  facet normal -0.582683 -0.8127 0
    outer loop
      vertex -21.7777 -38.2433 0
      vertex -21.565 -38.3958 3
      vertex -21.7777 -38.2433 3
    endloop
  endfacet
  facet normal -0.582683 -0.8127 -0
    outer loop
      vertex -21.565 -38.3958 3
      vertex -21.7777 -38.2433 0
      vertex -21.565 -38.3958 0
    endloop
  endfacet
  facet normal -0.9866 -0.16316 0
    outer loop
      vertex -20.0342 -41.0471 0
      vertex -20.0769 -40.7889 3
      vertex -20.0769 -40.7889 0
    endloop
  endfacet
  facet normal -0.9866 -0.16316 0
    outer loop
      vertex -20.0769 -40.7889 3
      vertex -20.0342 -41.0471 0
      vertex -20.0342 -41.0471 3
    endloop
  endfacet
  facet normal 0.729656 0.683814 0
    outer loop
      vertex -26.8284 -44.3976 3
      vertex -27.0074 -44.2066 0
      vertex -27.0074 -44.2066 3
    endloop
  endfacet
  facet normal 0.729656 0.683814 0
    outer loop
      vertex -27.0074 -44.2066 0
      vertex -26.8284 -44.3976 3
      vertex -26.8284 -44.3976 0
    endloop
  endfacet
  facet normal 0.773208 -0.634153 0
    outer loop
      vertex -27.1734 -39.1342 3
      vertex -27.0074 -38.9318 0
      vertex -27.0074 -38.9318 3
    endloop
  endfacet
  facet normal 0.773208 -0.634153 0
    outer loop
      vertex -27.0074 -38.9318 0
      vertex -27.1734 -39.1342 3
      vertex -27.1734 -39.1342 0
    endloop
  endfacet
  facet normal 0.0978014 -0.995206 0
    outer loop
      vertex -24.5221 -37.6034 0
      vertex -24.2616 -37.5778 3
      vertex -24.5221 -37.6034 3
    endloop
  endfacet
  facet normal 0.0978014 -0.995206 0
    outer loop
      vertex -24.2616 -37.5778 3
      vertex -24.5221 -37.6034 0
      vertex -24.2616 -37.5778 0
    endloop
  endfacet
  facet normal 0.163098 -0.98661 0
    outer loop
      vertex -24.7804 -37.6461 0
      vertex -24.5221 -37.6034 3
      vertex -24.7804 -37.6461 3
    endloop
  endfacet
  facet normal 0.163098 -0.98661 0
    outer loop
      vertex -24.5221 -37.6034 3
      vertex -24.7804 -37.6461 0
      vertex -24.5221 -37.6034 0
    endloop
  endfacet
  facet normal 0.290325 -0.956928 0
    outer loop
      vertex -25.2858 -37.7815 0
      vertex -25.0353 -37.7055 3
      vertex -25.2858 -37.7815 3
    endloop
  endfacet
  facet normal 0.290325 -0.956928 0
    outer loop
      vertex -25.0353 -37.7055 3
      vertex -25.2858 -37.7815 0
      vertex -25.0353 -37.7055 0
    endloop
  endfacet
  facet normal -0.290325 -0.956928 0
    outer loop
      vertex -22.9647 -37.7055 0
      vertex -22.7142 -37.7815 3
      vertex -22.9647 -37.7055 3
    endloop
  endfacet
  facet normal -0.290325 -0.956928 -0
    outer loop
      vertex -22.7142 -37.7815 3
      vertex -22.9647 -37.7055 0
      vertex -22.7142 -37.7815 0
    endloop
  endfacet
  facet normal 0.93592 -0.352212 0
    outer loop
      vertex -27.7877 -40.2835 3
      vertex -27.6955 -40.0385 0
      vertex -27.6955 -40.0385 3
    endloop
  endfacet
  facet normal 0.93592 -0.352212 0
    outer loop
      vertex -27.6955 -40.0385 0
      vertex -27.7877 -40.2835 3
      vertex -27.7877 -40.2835 0
    endloop
  endfacet
  facet normal 0.910889 -0.412651 0
    outer loop
      vertex -27.6955 -40.0385 3
      vertex -27.5875 -39.8001 0
      vertex -27.5875 -39.8001 3
    endloop
  endfacet
  facet normal 0.910889 -0.412651 0
    outer loop
      vertex -27.5875 -39.8001 0
      vertex -27.6955 -40.0385 3
      vertex -27.6955 -40.0385 0
    endloop
  endfacet
  facet normal 0.683814 0.729656 -0
    outer loop
      vertex -26.6374 -44.5766 0
      vertex -26.8284 -44.3976 3
      vertex -26.6374 -44.5766 3
    endloop
  endfacet
  facet normal 0.683814 0.729656 0
    outer loop
      vertex -26.8284 -44.3976 3
      vertex -26.6374 -44.5766 0
      vertex -26.8284 -44.3976 0
    endloop
  endfacet
  facet normal 0.812829 0.582502 0
    outer loop
      vertex -27.1734 -44.0043 3
      vertex -27.3259 -43.7915 0
      vertex -27.3259 -43.7915 3
    endloop
  endfacet
  facet normal 0.812829 0.582502 0
    outer loop
      vertex -27.3259 -43.7915 0
      vertex -27.1734 -44.0043 3
      vertex -27.1734 -44.0043 0
    endloop
  endfacet
  facet normal 0.881866 0.4715 0
    outer loop
      vertex -27.4641 -43.5692 3
      vertex -27.5875 -43.3384 0
      vertex -27.5875 -43.3384 3
    endloop
  endfacet
  facet normal 0.881866 0.4715 0
    outer loop
      vertex -27.5875 -43.3384 0
      vertex -27.4641 -43.5692 3
      vertex -27.4641 -43.5692 0
    endloop
  endfacet
  facet normal 0.910889 0.412651 0
    outer loop
      vertex -27.5875 -43.3384 3
      vertex -27.6955 -43.1 0
      vertex -27.6955 -43.1 3
    endloop
  endfacet
  facet normal 0.910889 0.412651 0
    outer loop
      vertex -27.6955 -43.1 0
      vertex -27.5875 -43.3384 3
      vertex -27.5875 -43.3384 0
    endloop
  endfacet
  facet normal 0.973906 0.226952 0
    outer loop
      vertex -27.8637 -42.6045 3
      vertex -27.9231 -42.3496 0
      vertex -27.9231 -42.3496 3
    endloop
  endfacet
  facet normal 0.973906 0.226952 0
    outer loop
      vertex -27.9231 -42.3496 0
      vertex -27.8637 -42.6045 3
      vertex -27.8637 -42.6045 0
    endloop
  endfacet
  facet normal 0.849262 -0.527971 0
    outer loop
      vertex -27.4641 -39.5692 3
      vertex -27.3259 -39.3469 0
      vertex -27.3259 -39.3469 3
    endloop
  endfacet
  facet normal 0.849262 -0.527971 0
    outer loop
      vertex -27.3259 -39.3469 0
      vertex -27.4641 -39.5692 3
      vertex -27.4641 -39.5692 0
    endloop
  endfacet
  facet normal 0.683611 -0.729847 0
    outer loop
      vertex -26.8284 -38.7408 0
      vertex -26.6374 -38.5619 3
      vertex -26.8284 -38.7408 3
    endloop
  endfacet
  facet normal 0.683611 -0.729847 0
    outer loop
      vertex -26.6374 -38.5619 3
      vertex -26.8284 -38.7408 0
      vertex -26.6374 -38.5619 0
    endloop
  endfacet
  facet normal 0.8127 -0.582683 0
    outer loop
      vertex -27.3259 -39.3469 3
      vertex -27.1734 -39.1342 0
      vertex -27.1734 -39.1342 3
    endloop
  endfacet
  facet normal 0.8127 -0.582683 0
    outer loop
      vertex -27.1734 -39.1342 0
      vertex -27.3259 -39.3469 3
      vertex -27.3259 -39.3469 0
    endloop
  endfacet
  facet normal 0.0328569 -0.99946 0
    outer loop
      vertex -24.2616 -37.5778 0
      vertex -24 -37.5692 3
      vertex -24.2616 -37.5778 3
    endloop
  endfacet
  facet normal 0.0328569 -0.99946 0
    outer loop
      vertex -24 -37.5692 3
      vertex -24.2616 -37.5778 0
      vertex -24 -37.5692 0
    endloop
  endfacet
  facet normal 0.226952 -0.973906 0
    outer loop
      vertex -25.0353 -37.7055 0
      vertex -24.7804 -37.6461 3
      vertex -25.0353 -37.7055 3
    endloop
  endfacet
  facet normal 0.226952 -0.973906 0
    outer loop
      vertex -24.7804 -37.6461 3
      vertex -25.0353 -37.7055 0
      vertex -24.7804 -37.6461 0
    endloop
  endfacet
  facet normal -0.163098 -0.98661 0
    outer loop
      vertex -23.4779 -37.6034 0
      vertex -23.2196 -37.6461 3
      vertex -23.4779 -37.6034 3
    endloop
  endfacet
  facet normal -0.163098 -0.98661 -0
    outer loop
      vertex -23.2196 -37.6461 3
      vertex -23.4779 -37.6034 0
      vertex -23.2196 -37.6461 0
    endloop
  endfacet
  facet normal -0.226952 -0.973906 0
    outer loop
      vertex -23.2196 -37.6461 0
      vertex -22.9647 -37.7055 3
      vertex -23.2196 -37.6461 3
    endloop
  endfacet
  facet normal -0.226952 -0.973906 -0
    outer loop
      vertex -22.9647 -37.7055 3
      vertex -23.2196 -37.6461 0
      vertex -22.9647 -37.7055 0
    endloop
  endfacet
  facet normal -0.352338 -0.935873 0
    outer loop
      vertex -22.7142 -37.7815 0
      vertex -22.4693 -37.8737 3
      vertex -22.7142 -37.7815 3
    endloop
  endfacet
  facet normal -0.352338 -0.935873 -0
    outer loop
      vertex -22.4693 -37.8737 3
      vertex -22.7142 -37.7815 0
      vertex -22.4693 -37.8737 0
    endloop
  endfacet
  facet normal -0.412508 -0.910954 0
    outer loop
      vertex -22.4693 -37.8737 0
      vertex -22.2308 -37.9817 3
      vertex -22.4693 -37.8737 3
    endloop
  endfacet
  facet normal -0.412508 -0.910954 -0
    outer loop
      vertex -22.2308 -37.9817 3
      vertex -22.4693 -37.8737 0
      vertex -22.2308 -37.9817 0
    endloop
  endfacet
  facet normal 0.973926 -0.226867 0
    outer loop
      vertex -27.9231 -40.7889 3
      vertex -27.8637 -40.5339 0
      vertex -27.8637 -40.5339 3
    endloop
  endfacet
  facet normal 0.973926 -0.226867 0
    outer loop
      vertex -27.8637 -40.5339 0
      vertex -27.9231 -40.7889 3
      vertex -27.9231 -40.7889 0
    endloop
  endfacet
  facet normal 0.956896 -0.290432 0
    outer loop
      vertex -27.8637 -40.5339 3
      vertex -27.7877 -40.2835 0
      vertex -27.7877 -40.2835 3
    endloop
  endfacet
  facet normal 0.956896 -0.290432 0
    outer loop
      vertex -27.7877 -40.2835 0
      vertex -27.8637 -40.5339 3
      vertex -27.8637 -40.5339 0
    endloop
  endfacet
  facet normal 0.98661 0.163098 0
    outer loop
      vertex -27.9231 -42.3496 3
      vertex -27.9658 -42.0913 0
      vertex -27.9658 -42.0913 3
    endloop
  endfacet
  facet normal 0.98661 0.163098 0
    outer loop
      vertex -27.9658 -42.0913 0
      vertex -27.9231 -42.3496 3
      vertex -27.9231 -42.3496 0
    endloop
  endfacet
  facet normal 0.995206 0.0978014 0
    outer loop
      vertex -27.9658 -42.0913 3
      vertex -27.9914 -41.8308 0
      vertex -27.9914 -41.8308 3
    endloop
  endfacet
  facet normal 0.995206 0.0978014 0
    outer loop
      vertex -27.9914 -41.8308 0
      vertex -27.9658 -42.0913 3
      vertex -27.9658 -42.0913 0
    endloop
  endfacet
  facet normal 0.99946 0.0328569 0
    outer loop
      vertex -27.9914 -41.8308 3
      vertex -28 -41.5692 0
      vertex -28 -41.5692 3
    endloop
  endfacet
  facet normal 0.99946 0.0328569 0
    outer loop
      vertex -28 -41.5692 0
      vertex -27.9914 -41.8308 3
      vertex -27.9914 -41.8308 0
    endloop
  endfacet
  facet normal 0.99946 -0.0328569 0
    outer loop
      vertex -28 -41.5692 3
      vertex -27.9914 -41.3076 0
      vertex -27.9914 -41.3076 3
    endloop
  endfacet
  facet normal 0.99946 -0.0328569 0
    outer loop
      vertex -27.9914 -41.3076 0
      vertex -28 -41.5692 3
      vertex -28 -41.5692 0
    endloop
  endfacet
  facet normal 0.4715 -0.881866 0
    outer loop
      vertex -26 -38.1051 0
      vertex -25.7692 -37.9817 3
      vertex -26 -38.1051 3
    endloop
  endfacet
  facet normal 0.4715 -0.881866 0
    outer loop
      vertex -25.7692 -37.9817 3
      vertex -26 -38.1051 0
      vertex -25.7692 -37.9817 0
    endloop
  endfacet
  facet normal 0.634381 -0.773021 0
    outer loop
      vertex -26.6374 -38.5619 0
      vertex -26.435 -38.3958 3
      vertex -26.6374 -38.5619 3
    endloop
  endfacet
  facet normal 0.634381 -0.773021 0
    outer loop
      vertex -26.435 -38.3958 3
      vertex -26.6374 -38.5619 0
      vertex -26.435 -38.3958 0
    endloop
  endfacet
  facet normal 0.729656 -0.683814 0
    outer loop
      vertex -27.0074 -38.9318 3
      vertex -26.8284 -38.7408 0
      vertex -26.8284 -38.7408 3
    endloop
  endfacet
  facet normal 0.729656 -0.683814 0
    outer loop
      vertex -26.8284 -38.7408 0
      vertex -27.0074 -38.9318 3
      vertex -27.0074 -38.9318 0
    endloop
  endfacet
  facet normal 0.582683 -0.8127 0
    outer loop
      vertex -26.435 -38.3958 0
      vertex -26.2223 -38.2433 3
      vertex -26.435 -38.3958 3
    endloop
  endfacet
  facet normal 0.582683 -0.8127 0
    outer loop
      vertex -26.2223 -38.2433 3
      vertex -26.435 -38.3958 0
      vertex -26.2223 -38.2433 0
    endloop
  endfacet
  facet normal 0.527971 -0.849262 0
    outer loop
      vertex -26.2223 -38.2433 0
      vertex -26 -38.1051 3
      vertex -26.2223 -38.2433 3
    endloop
  endfacet
  facet normal 0.527971 -0.849262 0
    outer loop
      vertex -26 -38.1051 3
      vertex -26.2223 -38.2433 0
      vertex -26 -38.1051 0
    endloop
  endfacet
  facet normal 0.412508 -0.910954 0
    outer loop
      vertex -25.7692 -37.9817 0
      vertex -25.5307 -37.8737 3
      vertex -25.7692 -37.9817 3
    endloop
  endfacet
  facet normal 0.412508 -0.910954 0
    outer loop
      vertex -25.5307 -37.8737 3
      vertex -25.7692 -37.9817 0
      vertex -25.5307 -37.8737 0
    endloop
  endfacet
  facet normal 0.352338 -0.935873 0
    outer loop
      vertex -25.5307 -37.8737 0
      vertex -25.2858 -37.7815 3
      vertex -25.5307 -37.8737 3
    endloop
  endfacet
  facet normal 0.352338 -0.935873 0
    outer loop
      vertex -25.2858 -37.7815 3
      vertex -25.5307 -37.8737 0
      vertex -25.2858 -37.7815 0
    endloop
  endfacet
  facet normal -0.527971 0.849262 0
    outer loop
      vertex 26.2223 -44.8951 0
      vertex 26 -45.0333 3
      vertex 26.2223 -44.8951 3
    endloop
  endfacet
  facet normal -0.527971 0.849262 0
    outer loop
      vertex 26 -45.0333 3
      vertex 26.2223 -44.8951 0
      vertex 26 -45.0333 0
    endloop
  endfacet
  facet normal 0.4715 -0.881866 0
    outer loop
      vertex 22 -38.1051 0
      vertex 22.2308 -37.9817 3
      vertex 22 -38.1051 3
    endloop
  endfacet
  facet normal 0.4715 -0.881866 0
    outer loop
      vertex 22.2308 -37.9817 3
      vertex 22 -38.1051 0
      vertex 22.2308 -37.9817 0
    endloop
  endfacet
  facet normal -0.849262 -0.527971 0
    outer loop
      vertex 27.4641 -39.5692 0
      vertex 27.3259 -39.3469 3
      vertex 27.3259 -39.3469 0
    endloop
  endfacet
  facet normal -0.849262 -0.527971 0
    outer loop
      vertex 27.3259 -39.3469 3
      vertex 27.4641 -39.5692 0
      vertex 27.4641 -39.5692 3
    endloop
  endfacet
  facet normal 0.849262 0.527971 0
    outer loop
      vertex 20.6741 -43.7915 3
      vertex 20.5359 -43.5692 0
      vertex 20.5359 -43.5692 3
    endloop
  endfacet
  facet normal 0.849262 0.527971 0
    outer loop
      vertex 20.5359 -43.5692 0
      vertex 20.6741 -43.7915 3
      vertex 20.6741 -43.7915 0
    endloop
  endfacet
  facet normal -0.226952 -0.973906 0
    outer loop
      vertex 24.7804 -37.6461 0
      vertex 25.0353 -37.7055 3
      vertex 24.7804 -37.6461 3
    endloop
  endfacet
  facet normal -0.226952 -0.973906 -0
    outer loop
      vertex 25.0353 -37.7055 3
      vertex 24.7804 -37.6461 0
      vertex 25.0353 -37.7055 0
    endloop
  endfacet
  facet normal -0.582683 -0.8127 0
    outer loop
      vertex 26.2223 -38.2433 0
      vertex 26.435 -38.3958 3
      vertex 26.2223 -38.2433 3
    endloop
  endfacet
  facet normal -0.582683 -0.8127 -0
    outer loop
      vertex 26.435 -38.3958 3
      vertex 26.2223 -38.2433 0
      vertex 26.435 -38.3958 0
    endloop
  endfacet
  facet normal -0.9866 -0.16316 0
    outer loop
      vertex 27.9658 -41.0471 0
      vertex 27.9231 -40.7889 3
      vertex 27.9231 -40.7889 0
    endloop
  endfacet
  facet normal -0.9866 -0.16316 0
    outer loop
      vertex 27.9231 -40.7889 3
      vertex 27.9658 -41.0471 0
      vertex 27.9658 -41.0471 3
    endloop
  endfacet
  facet normal -0.995206 0.0978014 0
    outer loop
      vertex 27.9658 -42.0913 0
      vertex 27.9914 -41.8308 3
      vertex 27.9914 -41.8308 0
    endloop
  endfacet
  facet normal -0.995206 0.0978014 0
    outer loop
      vertex 27.9914 -41.8308 3
      vertex 27.9658 -42.0913 0
      vertex 27.9658 -42.0913 3
    endloop
  endfacet
  facet normal 0.0328569 -0.99946 0
    outer loop
      vertex 23.7384 -37.5778 0
      vertex 24 -37.5692 3
      vertex 23.7384 -37.5778 3
    endloop
  endfacet
  facet normal 0.0328569 -0.99946 0
    outer loop
      vertex 24 -37.5692 3
      vertex 23.7384 -37.5778 0
      vertex 24 -37.5692 0
    endloop
  endfacet
  facet normal -0.290325 -0.956928 0
    outer loop
      vertex 25.0353 -37.7055 0
      vertex 25.2858 -37.7815 3
      vertex 25.0353 -37.7055 3
    endloop
  endfacet
  facet normal -0.290325 -0.956928 -0
    outer loop
      vertex 25.2858 -37.7815 3
      vertex 25.0353 -37.7055 0
      vertex 25.2858 -37.7815 0
    endloop
  endfacet
  facet normal -0.773208 -0.634153 0
    outer loop
      vertex 27.1734 -39.1342 0
      vertex 27.0074 -38.9318 3
      vertex 27.0074 -38.9318 0
    endloop
  endfacet
  facet normal -0.773208 -0.634153 0
    outer loop
      vertex 27.0074 -38.9318 3
      vertex 27.1734 -39.1342 0
      vertex 27.1734 -39.1342 3
    endloop
  endfacet
  facet normal -0.910889 0.412651 0
    outer loop
      vertex 27.5875 -43.3384 0
      vertex 27.6955 -43.1 3
      vertex 27.6955 -43.1 0
    endloop
  endfacet
  facet normal -0.910889 0.412651 0
    outer loop
      vertex 27.6955 -43.1 3
      vertex 27.5875 -43.3384 0
      vertex 27.5875 -43.3384 3
    endloop
  endfacet
  facet normal -0.93592 -0.352212 0
    outer loop
      vertex 27.7877 -40.2835 0
      vertex 27.6955 -40.0385 3
      vertex 27.6955 -40.0385 0
    endloop
  endfacet
  facet normal -0.93592 -0.352212 0
    outer loop
      vertex 27.6955 -40.0385 3
      vertex 27.7877 -40.2835 0
      vertex 27.7877 -40.2835 3
    endloop
  endfacet
  facet normal -0.98661 0.163098 0
    outer loop
      vertex 27.9231 -42.3496 0
      vertex 27.9658 -42.0913 3
      vertex 27.9658 -42.0913 0
    endloop
  endfacet
  facet normal -0.98661 0.163098 0
    outer loop
      vertex 27.9658 -42.0913 3
      vertex 27.9231 -42.3496 0
      vertex 27.9231 -42.3496 3
    endloop
  endfacet
  facet normal 0.0978014 -0.995206 0
    outer loop
      vertex 23.4779 -37.6034 0
      vertex 23.7384 -37.5778 3
      vertex 23.4779 -37.6034 3
    endloop
  endfacet
  facet normal 0.0978014 -0.995206 0
    outer loop
      vertex 23.7384 -37.5778 3
      vertex 23.4779 -37.6034 0
      vertex 23.7384 -37.5778 0
    endloop
  endfacet
  facet normal 0.290325 -0.956928 0
    outer loop
      vertex 22.7142 -37.7815 0
      vertex 22.9647 -37.7055 3
      vertex 22.7142 -37.7815 3
    endloop
  endfacet
  facet normal 0.290325 -0.956928 0
    outer loop
      vertex 22.9647 -37.7055 3
      vertex 22.7142 -37.7815 0
      vertex 22.9647 -37.7055 0
    endloop
  endfacet
  facet normal 0.163098 -0.98661 0
    outer loop
      vertex 23.2196 -37.6461 0
      vertex 23.4779 -37.6034 3
      vertex 23.2196 -37.6461 3
    endloop
  endfacet
  facet normal 0.163098 -0.98661 0
    outer loop
      vertex 23.4779 -37.6034 3
      vertex 23.2196 -37.6461 0
      vertex 23.4779 -37.6034 0
    endloop
  endfacet
  facet normal -0.412508 -0.910954 0
    outer loop
      vertex 25.5307 -37.8737 0
      vertex 25.7692 -37.9817 3
      vertex 25.5307 -37.8737 3
    endloop
  endfacet
  facet normal -0.412508 -0.910954 -0
    outer loop
      vertex 25.7692 -37.9817 3
      vertex 25.5307 -37.8737 0
      vertex 25.7692 -37.9817 0
    endloop
  endfacet
  facet normal -0.527971 -0.849262 0
    outer loop
      vertex 26 -38.1051 0
      vertex 26.2223 -38.2433 3
      vertex 26 -38.1051 3
    endloop
  endfacet
  facet normal -0.527971 -0.849262 -0
    outer loop
      vertex 26.2223 -38.2433 3
      vertex 26 -38.1051 0
      vertex 26.2223 -38.2433 0
    endloop
  endfacet
  facet normal -0.352338 -0.935873 0
    outer loop
      vertex 25.2858 -37.7815 0
      vertex 25.5307 -37.8737 3
      vertex 25.2858 -37.7815 3
    endloop
  endfacet
  facet normal -0.352338 -0.935873 -0
    outer loop
      vertex 25.5307 -37.8737 3
      vertex 25.2858 -37.7815 0
      vertex 25.5307 -37.8737 0
    endloop
  endfacet
  facet normal -0.8127 -0.582683 0
    outer loop
      vertex 27.3259 -39.3469 0
      vertex 27.1734 -39.1342 3
      vertex 27.1734 -39.1342 0
    endloop
  endfacet
  facet normal -0.8127 -0.582683 0
    outer loop
      vertex 27.1734 -39.1342 3
      vertex 27.3259 -39.3469 0
      vertex 27.3259 -39.3469 3
    endloop
  endfacet
  facet normal 0.227314 0.973821 -0
    outer loop
      vertex 23.2196 -45.4924 0
      vertex 22.9647 -45.4329 3
      vertex 23.2196 -45.4924 3
    endloop
  endfacet
  facet normal 0.227314 0.973821 0
    outer loop
      vertex 22.9647 -45.4329 3
      vertex 23.2196 -45.4924 0
      vertex 22.9647 -45.4329 0
    endloop
  endfacet
  facet normal 0.0324752 0.999473 -0
    outer loop
      vertex 24 -45.5692 0
      vertex 23.7384 -45.5607 3
      vertex 24 -45.5692 3
    endloop
  endfacet
  facet normal 0.0324752 0.999473 0
    outer loop
      vertex 23.7384 -45.5607 3
      vertex 24 -45.5692 0
      vertex 23.7384 -45.5607 0
    endloop
  endfacet
  facet normal 0.98661 0.163098 0
    outer loop
      vertex 20.0769 -42.3496 3
      vertex 20.0342 -42.0913 0
      vertex 20.0342 -42.0913 3
    endloop
  endfacet
  facet normal 0.98661 0.163098 0
    outer loop
      vertex 20.0342 -42.0913 0
      vertex 20.0769 -42.3496 3
      vertex 20.0769 -42.3496 0
    endloop
  endfacet
  facet normal 0.812829 0.582502 0
    outer loop
      vertex 20.8266 -44.0043 3
      vertex 20.6741 -43.7915 0
      vertex 20.6741 -43.7915 3
    endloop
  endfacet
  facet normal 0.812829 0.582502 0
    outer loop
      vertex 20.6741 -43.7915 0
      vertex 20.8266 -44.0043 3
      vertex 20.8266 -44.0043 0
    endloop
  endfacet
  facet normal 0.634153 0.773208 -0
    outer loop
      vertex 21.565 -44.7426 0
      vertex 21.3626 -44.5766 3
      vertex 21.565 -44.7426 3
    endloop
  endfacet
  facet normal 0.634153 0.773208 0
    outer loop
      vertex 21.3626 -44.5766 3
      vertex 21.565 -44.7426 0
      vertex 21.3626 -44.5766 0
    endloop
  endfacet
  facet normal -0.582683 0.8127 0
    outer loop
      vertex 26.435 -44.7426 0
      vertex 26.2223 -44.8951 3
      vertex 26.435 -44.7426 3
    endloop
  endfacet
  facet normal -0.582683 0.8127 0
    outer loop
      vertex 26.2223 -44.8951 3
      vertex 26.435 -44.7426 0
      vertex 26.2223 -44.8951 0
    endloop
  endfacet
  facet normal -0.683814 0.729656 0
    outer loop
      vertex 26.8284 -44.3976 0
      vertex 26.6374 -44.5766 3
      vertex 26.8284 -44.3976 3
    endloop
  endfacet
  facet normal -0.683814 0.729656 0
    outer loop
      vertex 26.6374 -44.5766 3
      vertex 26.8284 -44.3976 0
      vertex 26.6374 -44.5766 0
    endloop
  endfacet
  facet normal -0.729656 0.683814 0
    outer loop
      vertex 26.8284 -44.3976 0
      vertex 27.0074 -44.2066 3
      vertex 27.0074 -44.2066 0
    endloop
  endfacet
  facet normal -0.729656 0.683814 0
    outer loop
      vertex 27.0074 -44.2066 3
      vertex 26.8284 -44.3976 0
      vertex 26.8284 -44.3976 3
    endloop
  endfacet
  facet normal -0.812829 0.582502 0
    outer loop
      vertex 27.1734 -44.0043 0
      vertex 27.3259 -43.7915 3
      vertex 27.3259 -43.7915 0
    endloop
  endfacet
  facet normal -0.812829 0.582502 0
    outer loop
      vertex 27.3259 -43.7915 3
      vertex 27.1734 -44.0043 0
      vertex 27.1734 -44.0043 3
    endloop
  endfacet
  facet normal -0.956928 0.290325 0
    outer loop
      vertex 27.7877 -42.855 0
      vertex 27.8637 -42.6045 3
      vertex 27.8637 -42.6045 0
    endloop
  endfacet
  facet normal -0.956928 0.290325 0
    outer loop
      vertex 27.8637 -42.6045 3
      vertex 27.7877 -42.855 0
      vertex 27.7877 -42.855 3
    endloop
  endfacet
  facet normal -0.93592 0.352212 0
    outer loop
      vertex 27.6955 -43.1 0
      vertex 27.7877 -42.855 3
      vertex 27.7877 -42.855 0
    endloop
  endfacet
  facet normal -0.93592 0.352212 0
    outer loop
      vertex 27.7877 -42.855 3
      vertex 27.6955 -43.1 0
      vertex 27.6955 -43.1 3
    endloop
  endfacet
  facet normal -0.973906 0.226952 0
    outer loop
      vertex 27.8637 -42.6045 0
      vertex 27.9231 -42.3496 3
      vertex 27.9231 -42.3496 0
    endloop
  endfacet
  facet normal -0.973906 0.226952 0
    outer loop
      vertex 27.9231 -42.3496 3
      vertex 27.8637 -42.6045 0
      vertex 27.8637 -42.6045 3
    endloop
  endfacet
  facet normal -0.849262 0.527971 0
    outer loop
      vertex 27.3259 -43.7915 0
      vertex 27.4641 -43.5692 3
      vertex 27.4641 -43.5692 0
    endloop
  endfacet
  facet normal -0.849262 0.527971 0
    outer loop
      vertex 27.4641 -43.5692 3
      vertex 27.3259 -43.7915 0
      vertex 27.3259 -43.7915 3
    endloop
  endfacet
  facet normal -0.973926 -0.226867 0
    outer loop
      vertex 27.9231 -40.7889 0
      vertex 27.8637 -40.5339 3
      vertex 27.8637 -40.5339 0
    endloop
  endfacet
  facet normal -0.973926 -0.226867 0
    outer loop
      vertex 27.8637 -40.5339 3
      vertex 27.9231 -40.7889 0
      vertex 27.9231 -40.7889 3
    endloop
  endfacet
  facet normal -0.956896 -0.290432 0
    outer loop
      vertex 27.8637 -40.5339 0
      vertex 27.7877 -40.2835 3
      vertex 27.7877 -40.2835 0
    endloop
  endfacet
  facet normal -0.956896 -0.290432 0
    outer loop
      vertex 27.7877 -40.2835 3
      vertex 27.8637 -40.5339 0
      vertex 27.8637 -40.5339 3
    endloop
  endfacet
  facet normal -0.910889 -0.412651 0
    outer loop
      vertex 27.6955 -40.0385 0
      vertex 27.5875 -39.8001 3
      vertex 27.5875 -39.8001 0
    endloop
  endfacet
  facet normal -0.910889 -0.412651 0
    outer loop
      vertex 27.5875 -39.8001 3
      vertex 27.6955 -40.0385 0
      vertex 27.6955 -40.0385 3
    endloop
  endfacet
  facet normal -0.881951 -0.471341 0
    outer loop
      vertex 27.5875 -39.8001 0
      vertex 27.4641 -39.5692 3
      vertex 27.4641 -39.5692 0
    endloop
  endfacet
  facet normal -0.881951 -0.471341 0
    outer loop
      vertex 27.4641 -39.5692 3
      vertex 27.5875 -39.8001 0
      vertex 27.5875 -39.8001 3
    endloop
  endfacet
  facet normal -0.99946 -0.0328569 0
    outer loop
      vertex 28 -41.5692 0
      vertex 27.9914 -41.3076 3
      vertex 27.9914 -41.3076 0
    endloop
  endfacet
  facet normal -0.99946 -0.0328569 0
    outer loop
      vertex 27.9914 -41.3076 3
      vertex 28 -41.5692 0
      vertex 28 -41.5692 3
    endloop
  endfacet
  facet normal -0.995206 -0.0978014 0
    outer loop
      vertex 27.9914 -41.3076 0
      vertex 27.9658 -41.0471 3
      vertex 27.9658 -41.0471 0
    endloop
  endfacet
  facet normal -0.995206 -0.0978014 0
    outer loop
      vertex 27.9658 -41.0471 3
      vertex 27.9914 -41.3076 0
      vertex 27.9914 -41.3076 3
    endloop
  endfacet
  facet normal 0.226952 -0.973906 0
    outer loop
      vertex 22.9647 -37.7055 0
      vertex 23.2196 -37.6461 3
      vertex 22.9647 -37.7055 3
    endloop
  endfacet
  facet normal 0.226952 -0.973906 0
    outer loop
      vertex 23.2196 -37.6461 3
      vertex 22.9647 -37.7055 0
      vertex 23.2196 -37.6461 0
    endloop
  endfacet
  facet normal 0.352338 -0.935873 0
    outer loop
      vertex 22.4693 -37.8737 0
      vertex 22.7142 -37.7815 3
      vertex 22.4693 -37.8737 3
    endloop
  endfacet
  facet normal 0.352338 -0.935873 0
    outer loop
      vertex 22.7142 -37.7815 3
      vertex 22.4693 -37.8737 0
      vertex 22.7142 -37.7815 0
    endloop
  endfacet
  facet normal 0.412508 -0.910954 0
    outer loop
      vertex 22.2308 -37.9817 0
      vertex 22.4693 -37.8737 3
      vertex 22.2308 -37.9817 3
    endloop
  endfacet
  facet normal 0.412508 -0.910954 0
    outer loop
      vertex 22.4693 -37.8737 3
      vertex 22.2308 -37.9817 0
      vertex 22.4693 -37.8737 0
    endloop
  endfacet
  facet normal -0.4715 -0.881866 0
    outer loop
      vertex 25.7692 -37.9817 0
      vertex 26 -38.1051 3
      vertex 25.7692 -37.9817 3
    endloop
  endfacet
  facet normal -0.4715 -0.881866 -0
    outer loop
      vertex 26 -38.1051 3
      vertex 25.7692 -37.9817 0
      vertex 26 -38.1051 0
    endloop
  endfacet
  facet normal -0.683611 -0.729847 0
    outer loop
      vertex 26.6374 -38.5619 0
      vertex 26.8284 -38.7408 3
      vertex 26.6374 -38.5619 3
    endloop
  endfacet
  facet normal -0.683611 -0.729847 -0
    outer loop
      vertex 26.8284 -38.7408 3
      vertex 26.6374 -38.5619 0
      vertex 26.8284 -38.7408 0
    endloop
  endfacet
  facet normal -0.634381 -0.773021 0
    outer loop
      vertex 26.435 -38.3958 0
      vertex 26.6374 -38.5619 3
      vertex 26.435 -38.3958 3
    endloop
  endfacet
  facet normal -0.634381 -0.773021 -0
    outer loop
      vertex 26.6374 -38.5619 3
      vertex 26.435 -38.3958 0
      vertex 26.6374 -38.5619 0
    endloop
  endfacet
  facet normal -0.729656 -0.683814 0
    outer loop
      vertex 27.0074 -38.9318 0
      vertex 26.8284 -38.7408 3
      vertex 26.8284 -38.7408 0
    endloop
  endfacet
  facet normal -0.729656 -0.683814 0
    outer loop
      vertex 26.8284 -38.7408 3
      vertex 27.0074 -38.9318 0
      vertex 27.0074 -38.9318 3
    endloop
  endfacet
  facet normal -0.162726 0.986671 0
    outer loop
      vertex 24.7804 -45.4924 0
      vertex 24.5221 -45.535 3
      vertex 24.7804 -45.4924 3
    endloop
  endfacet
  facet normal -0.162726 0.986671 0
    outer loop
      vertex 24.5221 -45.535 3
      vertex 24.7804 -45.4924 0
      vertex 24.5221 -45.535 0
    endloop
  endfacet
  facet normal -0.290325 0.956928 0
    outer loop
      vertex 25.2858 -45.3569 0
      vertex 25.0353 -45.4329 3
      vertex 25.2858 -45.3569 3
    endloop
  endfacet
  facet normal -0.290325 0.956928 0
    outer loop
      vertex 25.0353 -45.4329 3
      vertex 25.2858 -45.3569 0
      vertex 25.0353 -45.4329 0
    endloop
  endfacet
  facet normal -0.412508 0.910954 0
    outer loop
      vertex 25.7692 -45.1567 0
      vertex 25.5307 -45.2647 3
      vertex 25.7692 -45.1567 3
    endloop
  endfacet
  facet normal -0.412508 0.910954 0
    outer loop
      vertex 25.5307 -45.2647 3
      vertex 25.7692 -45.1567 0
      vertex 25.5307 -45.2647 0
    endloop
  endfacet
  facet normal 0.162726 0.986671 -0
    outer loop
      vertex 23.4779 -45.535 0
      vertex 23.2196 -45.4924 3
      vertex 23.4779 -45.535 3
    endloop
  endfacet
  facet normal 0.162726 0.986671 0
    outer loop
      vertex 23.2196 -45.4924 3
      vertex 23.4779 -45.535 0
      vertex 23.2196 -45.4924 0
    endloop
  endfacet
  facet normal 0.973906 0.226952 0
    outer loop
      vertex 20.1363 -42.6045 3
      vertex 20.0769 -42.3496 0
      vertex 20.0769 -42.3496 3
    endloop
  endfacet
  facet normal 0.973906 0.226952 0
    outer loop
      vertex 20.0769 -42.3496 0
      vertex 20.1363 -42.6045 3
      vertex 20.1363 -42.6045 0
    endloop
  endfacet
  facet normal 0.773208 -0.634153 0
    outer loop
      vertex 20.8266 -39.1342 3
      vertex 20.9926 -38.9318 0
      vertex 20.9926 -38.9318 3
    endloop
  endfacet
  facet normal 0.773208 -0.634153 0
    outer loop
      vertex 20.9926 -38.9318 0
      vertex 20.8266 -39.1342 3
      vertex 20.8266 -39.1342 0
    endloop
  endfacet
  facet normal -0.634153 0.773208 0
    outer loop
      vertex 26.6374 -44.5766 0
      vertex 26.435 -44.7426 3
      vertex 26.6374 -44.5766 3
    endloop
  endfacet
  facet normal -0.634153 0.773208 0
    outer loop
      vertex 26.435 -44.7426 3
      vertex 26.6374 -44.5766 0
      vertex 26.435 -44.7426 0
    endloop
  endfacet
  facet normal -0.773054 0.63434 0
    outer loop
      vertex 27.0074 -44.2066 0
      vertex 27.1734 -44.0043 3
      vertex 27.1734 -44.0043 0
    endloop
  endfacet
  facet normal -0.773054 0.63434 0
    outer loop
      vertex 27.1734 -44.0043 3
      vertex 27.0074 -44.2066 0
      vertex 27.0074 -44.2066 3
    endloop
  endfacet
  facet normal -0.881866 0.4715 0
    outer loop
      vertex 27.4641 -43.5692 0
      vertex 27.5875 -43.3384 3
      vertex 27.5875 -43.3384 0
    endloop
  endfacet
  facet normal -0.881866 0.4715 0
    outer loop
      vertex 27.5875 -43.3384 3
      vertex 27.4641 -43.5692 0
      vertex 27.4641 -43.5692 3
    endloop
  endfacet
  facet normal -0.99946 0.0328569 0
    outer loop
      vertex 27.9914 -41.8308 0
      vertex 28 -41.5692 3
      vertex 28 -41.5692 0
    endloop
  endfacet
  facet normal -0.99946 0.0328569 0
    outer loop
      vertex 28 -41.5692 3
      vertex 27.9914 -41.8308 0
      vertex 27.9914 -41.8308 3
    endloop
  endfacet
  facet normal -0.0328569 -0.99946 0
    outer loop
      vertex 24 -37.5692 0
      vertex 24.2616 -37.5778 3
      vertex 24 -37.5692 3
    endloop
  endfacet
  facet normal -0.0328569 -0.99946 -0
    outer loop
      vertex 24.2616 -37.5778 3
      vertex 24 -37.5692 0
      vertex 24.2616 -37.5778 0
    endloop
  endfacet
  facet normal -0.0978014 -0.995206 0
    outer loop
      vertex 24.2616 -37.5778 0
      vertex 24.5221 -37.6034 3
      vertex 24.2616 -37.5778 3
    endloop
  endfacet
  facet normal -0.0978014 -0.995206 -0
    outer loop
      vertex 24.5221 -37.6034 3
      vertex 24.2616 -37.5778 0
      vertex 24.5221 -37.6034 0
    endloop
  endfacet
  facet normal -0.163098 -0.98661 0
    outer loop
      vertex 24.5221 -37.6034 0
      vertex 24.7804 -37.6461 3
      vertex 24.5221 -37.6034 3
    endloop
  endfacet
  facet normal -0.163098 -0.98661 -0
    outer loop
      vertex 24.7804 -37.6461 3
      vertex 24.5221 -37.6034 0
      vertex 24.7804 -37.6461 0
    endloop
  endfacet
  facet normal -0.0324752 0.999473 0
    outer loop
      vertex 24.2616 -45.5607 0
      vertex 24 -45.5692 3
      vertex 24.2616 -45.5607 3
    endloop
  endfacet
  facet normal -0.0324752 0.999473 0
    outer loop
      vertex 24 -45.5692 3
      vertex 24.2616 -45.5607 0
      vertex 24 -45.5692 0
    endloop
  endfacet
  facet normal -0.227314 0.973821 0
    outer loop
      vertex 25.0353 -45.4329 0
      vertex 24.7804 -45.4924 3
      vertex 25.0353 -45.4329 3
    endloop
  endfacet
  facet normal -0.227314 0.973821 0
    outer loop
      vertex 24.7804 -45.4924 3
      vertex 25.0353 -45.4329 0
      vertex 24.7804 -45.4924 0
    endloop
  endfacet
  facet normal -0.4715 0.881866 0
    outer loop
      vertex 26 -45.0333 0
      vertex 25.7692 -45.1567 3
      vertex 26 -45.0333 3
    endloop
  endfacet
  facet normal -0.4715 0.881866 0
    outer loop
      vertex 25.7692 -45.1567 3
      vertex 26 -45.0333 0
      vertex 25.7692 -45.1567 0
    endloop
  endfacet
  facet normal 0.910889 0.412651 0
    outer loop
      vertex 20.4125 -43.3384 3
      vertex 20.3045 -43.1 0
      vertex 20.3045 -43.1 3
    endloop
  endfacet
  facet normal 0.910889 0.412651 0
    outer loop
      vertex 20.3045 -43.1 0
      vertex 20.4125 -43.3384 3
      vertex 20.4125 -43.3384 0
    endloop
  endfacet
  facet normal 0.956896 -0.290432 0
    outer loop
      vertex 20.1363 -40.5339 3
      vertex 20.2123 -40.2835 0
      vertex 20.2123 -40.2835 3
    endloop
  endfacet
  facet normal 0.956896 -0.290432 0
    outer loop
      vertex 20.2123 -40.2835 0
      vertex 20.1363 -40.5339 3
      vertex 20.1363 -40.5339 0
    endloop
  endfacet
  facet normal 0.910889 -0.412651 0
    outer loop
      vertex 20.3045 -40.0385 3
      vertex 20.4125 -39.8001 0
      vertex 20.4125 -39.8001 3
    endloop
  endfacet
  facet normal 0.910889 -0.412651 0
    outer loop
      vertex 20.4125 -39.8001 0
      vertex 20.3045 -40.0385 3
      vertex 20.3045 -40.0385 0
    endloop
  endfacet
  facet normal 0.683611 -0.729847 0
    outer loop
      vertex 21.1716 -38.7408 0
      vertex 21.3626 -38.5619 3
      vertex 21.1716 -38.7408 3
    endloop
  endfacet
  facet normal 0.683611 -0.729847 0
    outer loop
      vertex 21.3626 -38.5619 3
      vertex 21.1716 -38.7408 0
      vertex 21.3626 -38.5619 0
    endloop
  endfacet
  facet normal 0.634381 -0.773021 0
    outer loop
      vertex 21.3626 -38.5619 0
      vertex 21.565 -38.3958 3
      vertex 21.3626 -38.5619 3
    endloop
  endfacet
  facet normal 0.634381 -0.773021 0
    outer loop
      vertex 21.565 -38.3958 3
      vertex 21.3626 -38.5619 0
      vertex 21.565 -38.3958 0
    endloop
  endfacet
  facet normal 0.582683 0.8127 -0
    outer loop
      vertex 21.7777 -44.8951 0
      vertex 21.565 -44.7426 3
      vertex 21.7777 -44.8951 3
    endloop
  endfacet
  facet normal 0.582683 0.8127 0
    outer loop
      vertex 21.565 -44.7426 3
      vertex 21.7777 -44.8951 0
      vertex 21.565 -44.7426 0
    endloop
  endfacet
  facet normal 0.729656 0.683814 0
    outer loop
      vertex 21.1716 -44.3976 3
      vertex 20.9926 -44.2066 0
      vertex 20.9926 -44.2066 3
    endloop
  endfacet
  facet normal 0.729656 0.683814 0
    outer loop
      vertex 20.9926 -44.2066 0
      vertex 21.1716 -44.3976 3
      vertex 21.1716 -44.3976 0
    endloop
  endfacet
  facet normal 0.683814 0.729656 -0
    outer loop
      vertex 21.3626 -44.5766 0
      vertex 21.1716 -44.3976 3
      vertex 21.3626 -44.5766 3
    endloop
  endfacet
  facet normal 0.683814 0.729656 0
    outer loop
      vertex 21.1716 -44.3976 3
      vertex 21.3626 -44.5766 0
      vertex 21.1716 -44.3976 0
    endloop
  endfacet
  facet normal 0.773054 0.63434 0
    outer loop
      vertex 20.9926 -44.2066 3
      vertex 20.8266 -44.0043 0
      vertex 20.8266 -44.0043 3
    endloop
  endfacet
  facet normal 0.773054 0.63434 0
    outer loop
      vertex 20.8266 -44.0043 0
      vertex 20.9926 -44.2066 3
      vertex 20.9926 -44.2066 0
    endloop
  endfacet
  facet normal -0.0981798 0.995169 0
    outer loop
      vertex 24.5221 -45.535 0
      vertex 24.2616 -45.5607 3
      vertex 24.5221 -45.535 3
    endloop
  endfacet
  facet normal -0.0981798 0.995169 0
    outer loop
      vertex 24.2616 -45.5607 3
      vertex 24.5221 -45.535 0
      vertex 24.2616 -45.5607 0
    endloop
  endfacet
  facet normal -0.352338 0.935873 0
    outer loop
      vertex 25.5307 -45.2647 0
      vertex 25.2858 -45.3569 3
      vertex 25.5307 -45.2647 3
    endloop
  endfacet
  facet normal -0.352338 0.935873 0
    outer loop
      vertex 25.2858 -45.3569 3
      vertex 25.5307 -45.2647 0
      vertex 25.2858 -45.3569 0
    endloop
  endfacet
  facet normal 0.0981798 0.995169 -0
    outer loop
      vertex 23.7384 -45.5607 0
      vertex 23.4779 -45.535 3
      vertex 23.7384 -45.5607 3
    endloop
  endfacet
  facet normal 0.0981798 0.995169 0
    outer loop
      vertex 23.4779 -45.535 3
      vertex 23.7384 -45.5607 0
      vertex 23.4779 -45.535 0
    endloop
  endfacet
  facet normal 0.290325 0.956928 -0
    outer loop
      vertex 22.9647 -45.4329 0
      vertex 22.7142 -45.3569 3
      vertex 22.9647 -45.4329 3
    endloop
  endfacet
  facet normal 0.290325 0.956928 0
    outer loop
      vertex 22.7142 -45.3569 3
      vertex 22.9647 -45.4329 0
      vertex 22.7142 -45.3569 0
    endloop
  endfacet
  facet normal 0.412508 0.910954 -0
    outer loop
      vertex 22.4693 -45.2647 0
      vertex 22.2308 -45.1567 3
      vertex 22.4693 -45.2647 3
    endloop
  endfacet
  facet normal 0.412508 0.910954 0
    outer loop
      vertex 22.2308 -45.1567 3
      vertex 22.4693 -45.2647 0
      vertex 22.2308 -45.1567 0
    endloop
  endfacet
  facet normal 0.881866 0.4715 0
    outer loop
      vertex 20.5359 -43.5692 3
      vertex 20.4125 -43.3384 0
      vertex 20.4125 -43.3384 3
    endloop
  endfacet
  facet normal 0.881866 0.4715 0
    outer loop
      vertex 20.4125 -43.3384 0
      vertex 20.5359 -43.5692 3
      vertex 20.5359 -43.5692 0
    endloop
  endfacet
  facet normal 0.99946 0.0328569 0
    outer loop
      vertex 20.0086 -41.8308 3
      vertex 20 -41.5692 0
      vertex 20 -41.5692 3
    endloop
  endfacet
  facet normal 0.99946 0.0328569 0
    outer loop
      vertex 20 -41.5692 0
      vertex 20.0086 -41.8308 3
      vertex 20.0086 -41.8308 0
    endloop
  endfacet
  facet normal 0.973926 -0.226867 0
    outer loop
      vertex 20.0769 -40.7889 3
      vertex 20.1363 -40.5339 0
      vertex 20.1363 -40.5339 3
    endloop
  endfacet
  facet normal 0.973926 -0.226867 0
    outer loop
      vertex 20.1363 -40.5339 0
      vertex 20.0769 -40.7889 3
      vertex 20.0769 -40.7889 0
    endloop
  endfacet
  facet normal 0.849262 -0.527971 0
    outer loop
      vertex 20.5359 -39.5692 3
      vertex 20.6741 -39.3469 0
      vertex 20.6741 -39.3469 3
    endloop
  endfacet
  facet normal 0.849262 -0.527971 0
    outer loop
      vertex 20.6741 -39.3469 0
      vertex 20.5359 -39.5692 3
      vertex 20.5359 -39.5692 0
    endloop
  endfacet
  facet normal 0.93592 -0.352212 0
    outer loop
      vertex 20.2123 -40.2835 3
      vertex 20.3045 -40.0385 0
      vertex 20.3045 -40.0385 3
    endloop
  endfacet
  facet normal 0.93592 -0.352212 0
    outer loop
      vertex 20.3045 -40.0385 0
      vertex 20.2123 -40.2835 3
      vertex 20.2123 -40.2835 0
    endloop
  endfacet
  facet normal 0.729656 -0.683814 0
    outer loop
      vertex 20.9926 -38.9318 3
      vertex 21.1716 -38.7408 0
      vertex 21.1716 -38.7408 3
    endloop
  endfacet
  facet normal 0.729656 -0.683814 0
    outer loop
      vertex 21.1716 -38.7408 0
      vertex 20.9926 -38.9318 3
      vertex 20.9926 -38.9318 0
    endloop
  endfacet
  facet normal 0.582683 -0.8127 0
    outer loop
      vertex 21.565 -38.3958 0
      vertex 21.7777 -38.2433 3
      vertex 21.565 -38.3958 3
    endloop
  endfacet
  facet normal 0.582683 -0.8127 0
    outer loop
      vertex 21.7777 -38.2433 3
      vertex 21.565 -38.3958 0
      vertex 21.7777 -38.2433 0
    endloop
  endfacet
  facet normal 0.527971 -0.849262 0
    outer loop
      vertex 21.7777 -38.2433 0
      vertex 22 -38.1051 3
      vertex 21.7777 -38.2433 3
    endloop
  endfacet
  facet normal 0.527971 -0.849262 0
    outer loop
      vertex 22 -38.1051 3
      vertex 21.7777 -38.2433 0
      vertex 22 -38.1051 0
    endloop
  endfacet
  facet normal 0.352338 0.935873 -0
    outer loop
      vertex 22.7142 -45.3569 0
      vertex 22.4693 -45.2647 3
      vertex 22.7142 -45.3569 3
    endloop
  endfacet
  facet normal 0.352338 0.935873 0
    outer loop
      vertex 22.4693 -45.2647 3
      vertex 22.7142 -45.3569 0
      vertex 22.4693 -45.2647 0
    endloop
  endfacet
  facet normal 0.4715 0.881866 -0
    outer loop
      vertex 22.2308 -45.1567 0
      vertex 22 -45.0333 3
      vertex 22.2308 -45.1567 3
    endloop
  endfacet
  facet normal 0.4715 0.881866 0
    outer loop
      vertex 22 -45.0333 3
      vertex 22.2308 -45.1567 0
      vertex 22 -45.0333 0
    endloop
  endfacet
  facet normal 0.527971 0.849262 -0
    outer loop
      vertex 22 -45.0333 0
      vertex 21.7777 -44.8951 3
      vertex 22 -45.0333 3
    endloop
  endfacet
  facet normal 0.527971 0.849262 0
    outer loop
      vertex 21.7777 -44.8951 3
      vertex 22 -45.0333 0
      vertex 21.7777 -44.8951 0
    endloop
  endfacet
  facet normal 0.995206 0.0978014 0
    outer loop
      vertex 20.0342 -42.0913 3
      vertex 20.0086 -41.8308 0
      vertex 20.0086 -41.8308 3
    endloop
  endfacet
  facet normal 0.995206 0.0978014 0
    outer loop
      vertex 20.0086 -41.8308 0
      vertex 20.0342 -42.0913 3
      vertex 20.0342 -42.0913 0
    endloop
  endfacet
  facet normal 0.956928 0.290325 0
    outer loop
      vertex 20.2123 -42.855 3
      vertex 20.1363 -42.6045 0
      vertex 20.1363 -42.6045 3
    endloop
  endfacet
  facet normal 0.956928 0.290325 0
    outer loop
      vertex 20.1363 -42.6045 0
      vertex 20.2123 -42.855 3
      vertex 20.2123 -42.855 0
    endloop
  endfacet
  facet normal 0.881951 -0.471341 0
    outer loop
      vertex 20.4125 -39.8001 3
      vertex 20.5359 -39.5692 0
      vertex 20.5359 -39.5692 3
    endloop
  endfacet
  facet normal 0.881951 -0.471341 0
    outer loop
      vertex 20.5359 -39.5692 0
      vertex 20.4125 -39.8001 3
      vertex 20.4125 -39.8001 0
    endloop
  endfacet
  facet normal 0.8127 -0.582683 0
    outer loop
      vertex 20.6741 -39.3469 3
      vertex 20.8266 -39.1342 0
      vertex 20.8266 -39.1342 3
    endloop
  endfacet
  facet normal 0.8127 -0.582683 0
    outer loop
      vertex 20.8266 -39.1342 0
      vertex 20.6741 -39.3469 3
      vertex 20.6741 -39.3469 0
    endloop
  endfacet
  facet normal 0.995206 -0.0978014 0
    outer loop
      vertex 20.0086 -41.3076 3
      vertex 20.0342 -41.0471 0
      vertex 20.0342 -41.0471 3
    endloop
  endfacet
  facet normal 0.995206 -0.0978014 0
    outer loop
      vertex 20.0342 -41.0471 0
      vertex 20.0086 -41.3076 3
      vertex 20.0086 -41.3076 0
    endloop
  endfacet
  facet normal 0.9866 -0.16316 0
    outer loop
      vertex 20.0342 -41.0471 3
      vertex 20.0769 -40.7889 0
      vertex 20.0769 -40.7889 3
    endloop
  endfacet
  facet normal 0.9866 -0.16316 0
    outer loop
      vertex 20.0769 -40.7889 0
      vertex 20.0342 -41.0471 3
      vertex 20.0342 -41.0471 0
    endloop
  endfacet
  facet normal 0.93592 0.352212 0
    outer loop
      vertex 20.3045 -43.1 3
      vertex 20.2123 -42.855 0
      vertex 20.2123 -42.855 3
    endloop
  endfacet
  facet normal 0.93592 0.352212 0
    outer loop
      vertex 20.2123 -42.855 0
      vertex 20.3045 -43.1 3
      vertex 20.3045 -43.1 0
    endloop
  endfacet
  facet normal 0.99946 -0.0328569 0
    outer loop
      vertex 20 -41.5692 3
      vertex 20.0086 -41.3076 0
      vertex 20.0086 -41.3076 3
    endloop
  endfacet
  facet normal 0.99946 -0.0328569 0
    outer loop
      vertex 20.0086 -41.3076 0
      vertex 20 -41.5692 3
      vertex 20 -41.5692 0
    endloop
  endfacet
  facet normal -0.999464 -0.0327297 0
    outer loop
      vertex 12 30 0
      vertex 11.9743 30.7848 3
      vertex 11.9743 30.7848 0
    endloop
  endfacet
  facet normal -0.999464 -0.0327297 0
    outer loop
      vertex 11.9743 30.7848 3
      vertex 12 30 0
      vertex 12 30 3
    endloop
  endfacet
  facet normal 0.0327281 -0.999464 0
    outer loop
      vertex -0.784837 41.9743 0
      vertex 0 42 3
      vertex -0.784837 41.9743 3
    endloop
  endfacet
  facet normal 0.0327281 -0.999464 0
    outer loop
      vertex 0 42 3
      vertex -0.784837 41.9743 0
      vertex 0 42 0
    endloop
  endfacet
  facet normal -0.0327281 0.999464 0
    outer loop
      vertex 0.784837 18.0257 0
      vertex 0 18 3
      vertex 0.784837 18.0257 3
    endloop
  endfacet
  facet normal -0.0327281 0.999464 0
    outer loop
      vertex 0 18 3
      vertex 0.784837 18.0257 0
      vertex 0 18 0
    endloop
  endfacet
  facet normal -0.683596 -0.729861 0
    outer loop
      vertex 7.91215 39.0221 0
      vertex 8.48528 38.4853 3
      vertex 7.91215 39.0221 3
    endloop
  endfacet
  facet normal -0.683596 -0.729861 -0
    outer loop
      vertex 8.48528 38.4853 3
      vertex 7.91215 39.0221 0
      vertex 8.48528 38.4853 0
    endloop
  endfacet
  facet normal 0.729902 -0.683551 0
    outer loop
      vertex -9.02208 37.9121 3
      vertex -8.48528 38.4853 0
      vertex -8.48528 38.4853 3
    endloop
  endfacet
  facet normal 0.729902 -0.683551 0
    outer loop
      vertex -8.48528 38.4853 0
      vertex -9.02208 37.9121 3
      vertex -9.02208 37.9121 0
    endloop
  endfacet
  facet normal 0.956963 0.290209 0
    outer loop
      vertex -11.3632 26.1427 3
      vertex -11.5911 26.8942 0
      vertex -11.5911 26.8942 3
    endloop
  endfacet
  facet normal 0.956963 0.290209 0
    outer loop
      vertex -11.5911 26.8942 0
      vertex -11.3632 26.1427 3
      vertex -11.3632 26.1427 0
    endloop
  endfacet
  facet normal -0.910863 -0.412709 0
    outer loop
      vertex 11.0866 34.5922 0
      vertex 10.7625 35.3075 3
      vertex 10.7625 35.3075 0
    endloop
  endfacet
  facet normal -0.910863 -0.412709 0
    outer loop
      vertex 10.7625 35.3075 3
      vertex 11.0866 34.5922 0
      vertex 11.0866 34.5922 3
    endloop
  endfacet
  facet normal 0.881894 -0.471447 0
    outer loop
      vertex -10.7625 35.3075 3
      vertex -10.3923 36 0
      vertex -10.3923 36 3
    endloop
  endfacet
  facet normal 0.881894 -0.471447 0
    outer loop
      vertex -10.3923 36 0
      vertex -10.7625 35.3075 3
      vertex -10.7625 35.3075 0
    endloop
  endfacet
  facet normal 0.162877 -0.986646 0
    outer loop
      vertex -2.34108 41.7694 0
      vertex -1.56631 41.8973 3
      vertex -2.34108 41.7694 3
    endloop
  endfacet
  facet normal 0.162877 -0.986646 0
    outer loop
      vertex -1.56631 41.8973 3
      vertex -2.34108 41.7694 0
      vertex -1.56631 41.8973 0
    endloop
  endfacet
  facet normal -0.881894 0.471447 0
    outer loop
      vertex 10.3923 24 0
      vertex 10.7625 24.6925 3
      vertex 10.7625 24.6925 0
    endloop
  endfacet
  facet normal -0.881894 0.471447 0
    outer loop
      vertex 10.7625 24.6925 3
      vertex 10.3923 24 0
      vertex 10.3923 24 3
    endloop
  endfacet
  facet normal -0.29023 0.956957 0
    outer loop
      vertex 3.85727 18.6368 0
      vertex 3.10583 18.4089 3
      vertex 3.85727 18.6368 3
    endloop
  endfacet
  facet normal -0.29023 0.956957 0
    outer loop
      vertex 3.10583 18.4089 3
      vertex 3.85727 18.6368 0
      vertex 3.10583 18.4089 0
    endloop
  endfacet
  facet normal -0.683596 0.729861 0
    outer loop
      vertex 8.48528 21.5147 0
      vertex 7.91215 20.9779 3
      vertex 8.48528 21.5147 3
    endloop
  endfacet
  facet normal -0.683596 0.729861 0
    outer loop
      vertex 7.91215 20.9779 3
      vertex 8.48528 21.5147 0
      vertex 7.91215 20.9779 0
    endloop
  endfacet
  facet normal -0.956963 0.290209 0
    outer loop
      vertex 11.3632 26.1427 0
      vertex 11.5911 26.8942 3
      vertex 11.5911 26.8942 0
    endloop
  endfacet
  facet normal -0.956963 0.290209 0
    outer loop
      vertex 11.5911 26.8942 3
      vertex 11.3632 26.1427 0
      vertex 11.3632 26.1427 3
    endloop
  endfacet
  facet normal 0.29023 0.956957 -0
    outer loop
      vertex -3.10583 18.4089 0
      vertex -3.85727 18.6368 3
      vertex -3.10583 18.4089 3
    endloop
  endfacet
  facet normal 0.29023 0.956957 0
    outer loop
      vertex -3.85727 18.6368 3
      vertex -3.10583 18.4089 0
      vertex -3.85727 18.6368 0
    endloop
  endfacet
  facet normal 0.729843 0.683615 0
    outer loop
      vertex -8.48528 21.5147 3
      vertex -9.02208 22.0878 0
      vertex -9.02208 22.0878 3
    endloop
  endfacet
  facet normal 0.729843 0.683615 0
    outer loop
      vertex -9.02208 22.0878 0
      vertex -8.48528 21.5147 3
      vertex -8.48528 21.5147 0
    endloop
  endfacet
  facet normal 0.773057 0.634337 0
    outer loop
      vertex -9.02208 22.0878 3
      vertex -9.52024 22.6949 0
      vertex -9.52024 22.6949 3
    endloop
  endfacet
  facet normal 0.773057 0.634337 0
    outer loop
      vertex -9.52024 22.6949 0
      vertex -9.02208 22.0878 3
      vertex -9.02208 22.0878 0
    endloop
  endfacet
  facet normal -0.995181 -0.0980537 0
    outer loop
      vertex 11.9743 30.7848 0
      vertex 11.8973 31.5663 3
      vertex 11.8973 31.5663 0
    endloop
  endfacet
  facet normal -0.995181 -0.0980537 0
    outer loop
      vertex 11.8973 31.5663 3
      vertex 11.9743 30.7848 0
      vertex 11.9743 30.7848 3
    endloop
  endfacet
  facet normal -0.956963 -0.290209 0
    outer loop
      vertex 11.5911 33.1058 0
      vertex 11.3632 33.8573 3
      vertex 11.3632 33.8573 0
    endloop
  endfacet
  facet normal -0.956963 -0.290209 0
    outer loop
      vertex 11.3632 33.8573 3
      vertex 11.5911 33.1058 0
      vertex 11.5911 33.1058 3
    endloop
  endfacet
  facet normal -0.881894 -0.471447 0
    outer loop
      vertex 10.7625 35.3075 0
      vertex 10.3923 36 3
      vertex 10.3923 36 0
    endloop
  endfacet
  facet normal -0.881894 -0.471447 0
    outer loop
      vertex 10.3923 36 3
      vertex 10.7625 35.3075 0
      vertex 10.7625 35.3075 3
    endloop
  endfacet
  facet normal -0.162877 -0.986646 0
    outer loop
      vertex 1.56631 41.8973 0
      vertex 2.34108 41.7694 3
      vertex 1.56631 41.8973 3
    endloop
  endfacet
  facet normal -0.162877 -0.986646 -0
    outer loop
      vertex 2.34108 41.7694 3
      vertex 1.56631 41.8973 0
      vertex 2.34108 41.7694 0
    endloop
  endfacet
  facet normal -0.29023 -0.956957 0
    outer loop
      vertex 3.10583 41.5911 0
      vertex 3.85727 41.3632 3
      vertex 3.10583 41.5911 3
    endloop
  endfacet
  facet normal -0.29023 -0.956957 -0
    outer loop
      vertex 3.85727 41.3632 3
      vertex 3.10583 41.5911 0
      vertex 3.85727 41.3632 0
    endloop
  endfacet
  facet normal -0.098057 -0.995181 0
    outer loop
      vertex 0.784837 41.9743 0
      vertex 1.56631 41.8973 3
      vertex 0.784837 41.9743 3
    endloop
  endfacet
  facet normal -0.098057 -0.995181 -0
    outer loop
      vertex 1.56631 41.8973 3
      vertex 0.784837 41.9743 0
      vertex 1.56631 41.8973 0
    endloop
  endfacet
  facet normal -0.471426 -0.881906 0
    outer loop
      vertex 5.30746 40.7625 0
      vertex 6 40.3923 3
      vertex 5.30746 40.7625 3
    endloop
  endfacet
  facet normal -0.471426 -0.881906 -0
    outer loop
      vertex 6 40.3923 3
      vertex 5.30746 40.7625 0
      vertex 6 40.3923 0
    endloop
  endfacet
  facet normal -0.634347 -0.773048 0
    outer loop
      vertex 7.30514 39.5202 0
      vertex 7.91215 39.0221 3
      vertex 7.30514 39.5202 3
    endloop
  endfacet
  facet normal -0.634347 -0.773048 -0
    outer loop
      vertex 7.91215 39.0221 3
      vertex 7.30514 39.5202 0
      vertex 7.91215 39.0221 0
    endloop
  endfacet
  facet normal 0.986647 -0.162871 0
    outer loop
      vertex -11.8973 31.5663 3
      vertex -11.7694 32.3411 0
      vertex -11.7694 32.3411 3
    endloop
  endfacet
  facet normal 0.986647 -0.162871 0
    outer loop
      vertex -11.7694 32.3411 0
      vertex -11.8973 31.5663 3
      vertex -11.8973 31.5663 0
    endloop
  endfacet
  facet normal 0.956963 -0.290209 0
    outer loop
      vertex -11.5911 33.1058 3
      vertex -11.3632 33.8573 0
      vertex -11.3632 33.8573 3
    endloop
  endfacet
  facet normal 0.956963 -0.290209 0
    outer loop
      vertex -11.3632 33.8573 0
      vertex -11.5911 33.1058 3
      vertex -11.5911 33.1058 0
    endloop
  endfacet
  facet normal 0.995181 -0.0980537 0
    outer loop
      vertex -11.9743 30.7848 3
      vertex -11.8973 31.5663 0
      vertex -11.8973 31.5663 3
    endloop
  endfacet
  facet normal 0.995181 -0.0980537 0
    outer loop
      vertex -11.8973 31.5663 0
      vertex -11.9743 30.7848 3
      vertex -11.9743 30.7848 0
    endloop
  endfacet
  facet normal 0.582478 -0.812846 0
    outer loop
      vertex -7.30514 39.5202 0
      vertex -6.66684 39.9776 3
      vertex -7.30514 39.5202 3
    endloop
  endfacet
  facet normal 0.582478 -0.812846 0
    outer loop
      vertex -6.66684 39.9776 3
      vertex -7.30514 39.5202 0
      vertex -6.66684 39.9776 0
    endloop
  endfacet
  facet normal 0.471426 -0.881906 0
    outer loop
      vertex -6 40.3923 0
      vertex -5.30746 40.7625 3
      vertex -6 40.3923 3
    endloop
  endfacet
  facet normal 0.471426 -0.881906 0
    outer loop
      vertex -5.30746 40.7625 3
      vertex -6 40.3923 0
      vertex -5.30746 40.7625 0
    endloop
  endfacet
  facet normal 0.634347 -0.773048 0
    outer loop
      vertex -7.91215 39.0221 0
      vertex -7.30514 39.5202 3
      vertex -7.91215 39.0221 3
    endloop
  endfacet
  facet normal 0.634347 -0.773048 0
    outer loop
      vertex -7.30514 39.5202 3
      vertex -7.91215 39.0221 0
      vertex -7.30514 39.5202 0
    endloop
  endfacet
  facet normal 0.29023 -0.956957 0
    outer loop
      vertex -3.85727 41.3632 0
      vertex -3.10583 41.5911 3
      vertex -3.85727 41.3632 3
    endloop
  endfacet
  facet normal 0.29023 -0.956957 0
    outer loop
      vertex -3.10583 41.5911 3
      vertex -3.85727 41.3632 0
      vertex -3.10583 41.5911 0
    endloop
  endfacet
  facet normal 0.098057 -0.995181 0
    outer loop
      vertex -1.56631 41.8973 0
      vertex -0.784837 41.9743 3
      vertex -1.56631 41.8973 3
    endloop
  endfacet
  facet normal 0.098057 -0.995181 0
    outer loop
      vertex -0.784837 41.9743 3
      vertex -1.56631 41.8973 0
      vertex -0.784837 41.9743 0
    endloop
  endfacet
  facet normal -0.098057 0.995181 0
    outer loop
      vertex 1.56631 18.1027 0
      vertex 0.784837 18.0257 3
      vertex 1.56631 18.1027 3
    endloop
  endfacet
  facet normal -0.098057 0.995181 0
    outer loop
      vertex 0.784837 18.0257 3
      vertex 1.56631 18.1027 0
      vertex 0.784837 18.0257 0
    endloop
  endfacet
  facet normal -0.471426 0.881906 0
    outer loop
      vertex 6 19.6077 0
      vertex 5.30746 19.2375 3
      vertex 6 19.6077 3
    endloop
  endfacet
  facet normal -0.471426 0.881906 0
    outer loop
      vertex 5.30746 19.2375 3
      vertex 6 19.6077 0
      vertex 5.30746 19.2375 0
    endloop
  endfacet
  facet normal -0.634347 0.773048 0
    outer loop
      vertex 7.91215 20.9779 0
      vertex 7.30514 20.4798 3
      vertex 7.91215 20.9779 3
    endloop
  endfacet
  facet normal -0.634347 0.773048 0
    outer loop
      vertex 7.30514 20.4798 3
      vertex 7.91215 20.9779 0
      vertex 7.30514 20.4798 0
    endloop
  endfacet
  facet normal -0.773057 0.634337 0
    outer loop
      vertex 9.02208 22.0878 0
      vertex 9.52024 22.6949 3
      vertex 9.52024 22.6949 0
    endloop
  endfacet
  facet normal -0.773057 0.634337 0
    outer loop
      vertex 9.52024 22.6949 3
      vertex 9.02208 22.0878 0
      vertex 9.02208 22.0878 3
    endloop
  endfacet
  facet normal 0.634347 0.773048 -0
    outer loop
      vertex -7.30514 20.4798 0
      vertex -7.91215 20.9779 3
      vertex -7.30514 20.4798 3
    endloop
  endfacet
  facet normal 0.634347 0.773048 0
    outer loop
      vertex -7.91215 20.9779 3
      vertex -7.30514 20.4798 0
      vertex -7.91215 20.9779 0
    endloop
  endfacet
  facet normal 0.471426 0.881906 -0
    outer loop
      vertex -5.30746 19.2375 0
      vertex -6 19.6077 3
      vertex -5.30746 19.2375 3
    endloop
  endfacet
  facet normal 0.471426 0.881906 0
    outer loop
      vertex -6 19.6077 3
      vertex -5.30746 19.2375 0
      vertex -6 19.6077 0
    endloop
  endfacet
  facet normal 0.098057 0.995181 -0
    outer loop
      vertex -0.784837 18.0257 0
      vertex -1.56631 18.1027 3
      vertex -0.784837 18.0257 3
    endloop
  endfacet
  facet normal 0.098057 0.995181 0
    outer loop
      vertex -1.56631 18.1027 3
      vertex -0.784837 18.0257 0
      vertex -1.56631 18.1027 0
    endloop
  endfacet
  facet normal 0.881894 0.471447 0
    outer loop
      vertex -10.3923 24 3
      vertex -10.7625 24.6925 0
      vertex -10.7625 24.6925 3
    endloop
  endfacet
  facet normal 0.881894 0.471447 0
    outer loop
      vertex -10.7625 24.6925 0
      vertex -10.3923 24 3
      vertex -10.3923 24 0
    endloop
  endfacet
  facet normal 0.995181 0.0980537 0
    outer loop
      vertex -11.8973 28.4337 3
      vertex -11.9743 29.2152 0
      vertex -11.9743 29.2152 3
    endloop
  endfacet
  facet normal 0.995181 0.0980537 0
    outer loop
      vertex -11.9743 29.2152 0
      vertex -11.8973 28.4337 3
      vertex -11.8973 28.4337 0
    endloop
  endfacet
  facet normal -0.973878 -0.227073 0
    outer loop
      vertex 11.7694 32.3411 0
      vertex 11.5911 33.1058 3
      vertex 11.5911 33.1058 0
    endloop
  endfacet
  facet normal -0.973878 -0.227073 0
    outer loop
      vertex 11.5911 33.1058 3
      vertex 11.7694 32.3411 0
      vertex 11.7694 32.3411 3
    endloop
  endfacet
  facet normal -0.986647 -0.162871 0
    outer loop
      vertex 11.8973 31.5663 0
      vertex 11.7694 32.3411 3
      vertex 11.7694 32.3411 0
    endloop
  endfacet
  facet normal -0.986647 -0.162871 0
    outer loop
      vertex 11.7694 32.3411 3
      vertex 11.8973 31.5663 0
      vertex 11.8973 31.5663 3
    endloop
  endfacet
  facet normal -0.773005 -0.634399 0
    outer loop
      vertex 9.52024 37.3051 0
      vertex 9.02208 37.9121 3
      vertex 9.02208 37.9121 0
    endloop
  endfacet
  facet normal -0.773005 -0.634399 0
    outer loop
      vertex 9.02208 37.9121 3
      vertex 9.52024 37.3051 0
      vertex 9.52024 37.3051 3
    endloop
  endfacet
  facet normal -0.812852 -0.58247 0
    outer loop
      vertex 9.97763 36.6668 0
      vertex 9.52024 37.3051 3
      vertex 9.52024 37.3051 0
    endloop
  endfacet
  facet normal -0.812852 -0.58247 0
    outer loop
      vertex 9.52024 37.3051 3
      vertex 9.97763 36.6668 0
      vertex 9.97763 36.6668 3
    endloop
  endfacet
  facet normal -0.849187 -0.528093 0
    outer loop
      vertex 10.3923 36 0
      vertex 9.97763 36.6668 3
      vertex 9.97763 36.6668 0
    endloop
  endfacet
  facet normal -0.849187 -0.528093 0
    outer loop
      vertex 9.97763 36.6668 3
      vertex 10.3923 36 0
      vertex 10.3923 36 3
    endloop
  endfacet
  facet normal -0.227059 -0.973881 0
    outer loop
      vertex 2.34108 41.7694 0
      vertex 3.10583 41.5911 3
      vertex 2.34108 41.7694 3
    endloop
  endfacet
  facet normal -0.227059 -0.973881 -0
    outer loop
      vertex 3.10583 41.5911 3
      vertex 2.34108 41.7694 0
      vertex 3.10583 41.5911 0
    endloop
  endfacet
  facet normal -0.0327281 -0.999464 0
    outer loop
      vertex 0 42 0
      vertex 0.784837 41.9743 3
      vertex 0 42 3
    endloop
  endfacet
  facet normal -0.0327281 -0.999464 -0
    outer loop
      vertex 0.784837 41.9743 3
      vertex 0 42 0
      vertex 0.784837 41.9743 0
    endloop
  endfacet
  facet normal -0.352241 -0.935909 0
    outer loop
      vertex 3.85727 41.3632 0
      vertex 4.5922 41.0866 3
      vertex 3.85727 41.3632 3
    endloop
  endfacet
  facet normal -0.352241 -0.935909 -0
    outer loop
      vertex 4.5922 41.0866 3
      vertex 3.85727 41.3632 0
      vertex 4.5922 41.0866 0
    endloop
  endfacet
  facet normal -0.528097 -0.849184 0
    outer loop
      vertex 6 40.3923 0
      vertex 6.66684 39.9776 3
      vertex 6 40.3923 3
    endloop
  endfacet
  facet normal -0.528097 -0.849184 -0
    outer loop
      vertex 6.66684 39.9776 3
      vertex 6 40.3923 0
      vertex 6.66684 39.9776 0
    endloop
  endfacet
  facet normal -0.582478 -0.812846 0
    outer loop
      vertex 6.66684 39.9776 0
      vertex 7.30514 39.5202 3
      vertex 6.66684 39.9776 3
    endloop
  endfacet
  facet normal -0.582478 -0.812846 -0
    outer loop
      vertex 7.30514 39.5202 3
      vertex 6.66684 39.9776 0
      vertex 7.30514 39.5202 0
    endloop
  endfacet
  facet normal 0.935905 -0.352254 0
    outer loop
      vertex -11.3632 33.8573 3
      vertex -11.0866 34.5922 0
      vertex -11.0866 34.5922 3
    endloop
  endfacet
  facet normal 0.935905 -0.352254 0
    outer loop
      vertex -11.0866 34.5922 0
      vertex -11.3632 33.8573 3
      vertex -11.3632 33.8573 0
    endloop
  endfacet
  facet normal 0.910863 -0.412709 0
    outer loop
      vertex -11.0866 34.5922 3
      vertex -10.7625 35.3075 0
      vertex -10.7625 35.3075 3
    endloop
  endfacet
  facet normal 0.910863 -0.412709 0
    outer loop
      vertex -10.7625 35.3075 0
      vertex -11.0866 34.5922 3
      vertex -11.0866 34.5922 0
    endloop
  endfacet
  facet normal 0.973878 -0.227073 0
    outer loop
      vertex -11.7694 32.3411 3
      vertex -11.5911 33.1058 0
      vertex -11.5911 33.1058 3
    endloop
  endfacet
  facet normal 0.973878 -0.227073 0
    outer loop
      vertex -11.5911 33.1058 0
      vertex -11.7694 32.3411 3
      vertex -11.7694 32.3411 0
    endloop
  endfacet
  facet normal 0.999464 -0.0327297 0
    outer loop
      vertex -12 30 3
      vertex -11.9743 30.7848 0
      vertex -11.9743 30.7848 3
    endloop
  endfacet
  facet normal 0.999464 -0.0327297 0
    outer loop
      vertex -11.9743 30.7848 0
      vertex -12 30 3
      vertex -12 30 0
    endloop
  endfacet
  facet normal 0.528097 -0.849184 0
    outer loop
      vertex -6.66684 39.9776 0
      vertex -6 40.3923 3
      vertex -6.66684 39.9776 3
    endloop
  endfacet
  facet normal 0.528097 -0.849184 0
    outer loop
      vertex -6 40.3923 3
      vertex -6.66684 39.9776 0
      vertex -6 40.3923 0
    endloop
  endfacet
  facet normal 0.412728 -0.910854 0
    outer loop
      vertex -5.30746 40.7625 0
      vertex -4.5922 41.0866 3
      vertex -5.30746 40.7625 3
    endloop
  endfacet
  facet normal 0.412728 -0.910854 0
    outer loop
      vertex -4.5922 41.0866 3
      vertex -5.30746 40.7625 0
      vertex -4.5922 41.0866 0
    endloop
  endfacet
  facet normal 0.227059 -0.973881 0
    outer loop
      vertex -3.10583 41.5911 0
      vertex -2.34108 41.7694 3
      vertex -3.10583 41.5911 3
    endloop
  endfacet
  facet normal 0.227059 -0.973881 0
    outer loop
      vertex -2.34108 41.7694 3
      vertex -3.10583 41.5911 0
      vertex -2.34108 41.7694 0
    endloop
  endfacet
  facet normal -0.999464 0.0327297 0
    outer loop
      vertex 11.9743 29.2152 0
      vertex 12 30 3
      vertex 12 30 0
    endloop
  endfacet
  facet normal -0.999464 0.0327297 0
    outer loop
      vertex 12 30 3
      vertex 11.9743 29.2152 0
      vertex 11.9743 29.2152 3
    endloop
  endfacet
  facet normal -0.227059 0.973881 0
    outer loop
      vertex 3.10583 18.4089 0
      vertex 2.34108 18.2306 3
      vertex 3.10583 18.4089 3
    endloop
  endfacet
  facet normal -0.227059 0.973881 0
    outer loop
      vertex 2.34108 18.2306 3
      vertex 3.10583 18.4089 0
      vertex 2.34108 18.2306 0
    endloop
  endfacet
  facet normal -0.162877 0.986646 0
    outer loop
      vertex 2.34108 18.2306 0
      vertex 1.56631 18.1027 3
      vertex 2.34108 18.2306 3
    endloop
  endfacet
  facet normal -0.162877 0.986646 0
    outer loop
      vertex 1.56631 18.1027 3
      vertex 2.34108 18.2306 0
      vertex 1.56631 18.1027 0
    endloop
  endfacet
  facet normal -0.352241 0.935909 0
    outer loop
      vertex 4.5922 18.9134 0
      vertex 3.85727 18.6368 3
      vertex 4.5922 18.9134 3
    endloop
  endfacet
  facet normal -0.352241 0.935909 0
    outer loop
      vertex 3.85727 18.6368 3
      vertex 4.5922 18.9134 0
      vertex 3.85727 18.6368 0
    endloop
  endfacet
  facet normal -0.412728 0.910854 0
    outer loop
      vertex 5.30746 19.2375 0
      vertex 4.5922 18.9134 3
      vertex 5.30746 19.2375 3
    endloop
  endfacet
  facet normal -0.412728 0.910854 0
    outer loop
      vertex 4.5922 18.9134 3
      vertex 5.30746 19.2375 0
      vertex 4.5922 18.9134 0
    endloop
  endfacet
  facet normal -0.729843 0.683615 0
    outer loop
      vertex 8.48528 21.5147 0
      vertex 9.02208 22.0878 3
      vertex 9.02208 22.0878 0
    endloop
  endfacet
  facet normal -0.729843 0.683615 0
    outer loop
      vertex 9.02208 22.0878 3
      vertex 8.48528 21.5147 0
      vertex 8.48528 21.5147 3
    endloop
  endfacet
  facet normal -0.528097 0.849184 0
    outer loop
      vertex 6.66684 20.0224 0
      vertex 6 19.6077 3
      vertex 6.66684 20.0224 3
    endloop
  endfacet
  facet normal -0.528097 0.849184 0
    outer loop
      vertex 6 19.6077 3
      vertex 6.66684 20.0224 0
      vertex 6 19.6077 0
    endloop
  endfacet
  facet normal -0.812852 0.58247 0
    outer loop
      vertex 9.52024 22.6949 0
      vertex 9.97763 23.3332 3
      vertex 9.97763 23.3332 0
    endloop
  endfacet
  facet normal -0.812852 0.58247 0
    outer loop
      vertex 9.97763 23.3332 3
      vertex 9.52024 22.6949 0
      vertex 9.52024 22.6949 3
    endloop
  endfacet
  facet normal -0.910863 0.412709 0
    outer loop
      vertex 10.7625 24.6925 0
      vertex 11.0866 25.4078 3
      vertex 11.0866 25.4078 0
    endloop
  endfacet
  facet normal -0.910863 0.412709 0
    outer loop
      vertex 11.0866 25.4078 3
      vertex 10.7625 24.6925 0
      vertex 10.7625 24.6925 3
    endloop
  endfacet
  facet normal -0.935905 0.352254 0
    outer loop
      vertex 11.0866 25.4078 0
      vertex 11.3632 26.1427 3
      vertex 11.3632 26.1427 0
    endloop
  endfacet
  facet normal -0.935905 0.352254 0
    outer loop
      vertex 11.3632 26.1427 3
      vertex 11.0866 25.4078 0
      vertex 11.0866 25.4078 3
    endloop
  endfacet
  facet normal -0.973878 0.227073 0
    outer loop
      vertex 11.5911 26.8942 0
      vertex 11.7694 27.6589 3
      vertex 11.7694 27.6589 0
    endloop
  endfacet
  facet normal -0.973878 0.227073 0
    outer loop
      vertex 11.7694 27.6589 3
      vertex 11.5911 26.8942 0
      vertex 11.5911 26.8942 3
    endloop
  endfacet
  facet normal 0.582478 0.812846 -0
    outer loop
      vertex -6.66684 20.0224 0
      vertex -7.30514 20.4798 3
      vertex -6.66684 20.0224 3
    endloop
  endfacet
  facet normal 0.582478 0.812846 0
    outer loop
      vertex -7.30514 20.4798 3
      vertex -6.66684 20.0224 0
      vertex -7.30514 20.4798 0
    endloop
  endfacet
  facet normal 0.412728 0.910854 -0
    outer loop
      vertex -4.5922 18.9134 0
      vertex -5.30746 19.2375 3
      vertex -4.5922 18.9134 3
    endloop
  endfacet
  facet normal 0.412728 0.910854 0
    outer loop
      vertex -5.30746 19.2375 3
      vertex -4.5922 18.9134 0
      vertex -5.30746 19.2375 0
    endloop
  endfacet
  facet normal 0.162877 0.986646 -0
    outer loop
      vertex -1.56631 18.1027 0
      vertex -2.34108 18.2306 3
      vertex -1.56631 18.1027 3
    endloop
  endfacet
  facet normal 0.162877 0.986646 0
    outer loop
      vertex -2.34108 18.2306 3
      vertex -1.56631 18.1027 0
      vertex -2.34108 18.2306 0
    endloop
  endfacet
  facet normal 0.227059 0.973881 -0
    outer loop
      vertex -2.34108 18.2306 0
      vertex -3.10583 18.4089 3
      vertex -2.34108 18.2306 3
    endloop
  endfacet
  facet normal 0.227059 0.973881 0
    outer loop
      vertex -3.10583 18.4089 3
      vertex -2.34108 18.2306 0
      vertex -3.10583 18.4089 0
    endloop
  endfacet
  facet normal 0.0327281 0.999464 -0
    outer loop
      vertex 0 18 0
      vertex -0.784837 18.0257 3
      vertex 0 18 3
    endloop
  endfacet
  facet normal 0.0327281 0.999464 0
    outer loop
      vertex -0.784837 18.0257 3
      vertex 0 18 0
      vertex -0.784837 18.0257 0
    endloop
  endfacet
  facet normal 0.683596 0.729861 -0
    outer loop
      vertex -7.91215 20.9779 0
      vertex -8.48528 21.5147 3
      vertex -7.91215 20.9779 3
    endloop
  endfacet
  facet normal 0.683596 0.729861 0
    outer loop
      vertex -8.48528 21.5147 3
      vertex -7.91215 20.9779 0
      vertex -8.48528 21.5147 0
    endloop
  endfacet
  facet normal 0.812852 0.58247 0
    outer loop
      vertex -9.52024 22.6949 3
      vertex -9.97763 23.3332 0
      vertex -9.97763 23.3332 3
    endloop
  endfacet
  facet normal 0.812852 0.58247 0
    outer loop
      vertex -9.97763 23.3332 0
      vertex -9.52024 22.6949 3
      vertex -9.52024 22.6949 0
    endloop
  endfacet
  facet normal 0.849187 0.528093 0
    outer loop
      vertex -9.97763 23.3332 3
      vertex -10.3923 24 0
      vertex -10.3923 24 3
    endloop
  endfacet
  facet normal 0.849187 0.528093 0
    outer loop
      vertex -10.3923 24 0
      vertex -9.97763 23.3332 3
      vertex -9.97763 23.3332 0
    endloop
  endfacet
  facet normal 0.935905 0.352254 0
    outer loop
      vertex -11.0866 25.4078 3
      vertex -11.3632 26.1427 0
      vertex -11.3632 26.1427 3
    endloop
  endfacet
  facet normal 0.935905 0.352254 0
    outer loop
      vertex -11.3632 26.1427 0
      vertex -11.0866 25.4078 3
      vertex -11.0866 25.4078 0
    endloop
  endfacet
  facet normal 0.986647 0.162871 0
    outer loop
      vertex -11.7694 27.6589 3
      vertex -11.8973 28.4337 0
      vertex -11.8973 28.4337 3
    endloop
  endfacet
  facet normal 0.986647 0.162871 0
    outer loop
      vertex -11.8973 28.4337 0
      vertex -11.7694 27.6589 3
      vertex -11.7694 27.6589 0
    endloop
  endfacet
  facet normal 0.973878 0.227073 0
    outer loop
      vertex -11.5911 26.8942 3
      vertex -11.7694 27.6589 0
      vertex -11.7694 27.6589 3
    endloop
  endfacet
  facet normal 0.973878 0.227073 0
    outer loop
      vertex -11.7694 27.6589 0
      vertex -11.5911 26.8942 3
      vertex -11.5911 26.8942 0
    endloop
  endfacet
  facet normal -0.935905 -0.352254 0
    outer loop
      vertex 11.3632 33.8573 0
      vertex 11.0866 34.5922 3
      vertex 11.0866 34.5922 0
    endloop
  endfacet
  facet normal -0.935905 -0.352254 0
    outer loop
      vertex 11.0866 34.5922 3
      vertex 11.3632 33.8573 0
      vertex 11.3632 33.8573 3
    endloop
  endfacet
  facet normal -0.729902 -0.683551 0
    outer loop
      vertex 9.02208 37.9121 0
      vertex 8.48528 38.4853 3
      vertex 8.48528 38.4853 0
    endloop
  endfacet
  facet normal -0.729902 -0.683551 0
    outer loop
      vertex 8.48528 38.4853 3
      vertex 9.02208 37.9121 0
      vertex 9.02208 37.9121 3
    endloop
  endfacet
  facet normal -0.412728 -0.910854 0
    outer loop
      vertex 4.5922 41.0866 0
      vertex 5.30746 40.7625 3
      vertex 4.5922 41.0866 3
    endloop
  endfacet
  facet normal -0.412728 -0.910854 -0
    outer loop
      vertex 5.30746 40.7625 3
      vertex 4.5922 41.0866 0
      vertex 5.30746 40.7625 0
    endloop
  endfacet
  facet normal 0.849187 -0.528093 0
    outer loop
      vertex -10.3923 36 3
      vertex -9.97763 36.6668 0
      vertex -9.97763 36.6668 3
    endloop
  endfacet
  facet normal 0.849187 -0.528093 0
    outer loop
      vertex -9.97763 36.6668 0
      vertex -10.3923 36 3
      vertex -10.3923 36 0
    endloop
  endfacet
  facet normal 0.812852 -0.58247 0
    outer loop
      vertex -9.97763 36.6668 3
      vertex -9.52024 37.3051 0
      vertex -9.52024 37.3051 3
    endloop
  endfacet
  facet normal 0.812852 -0.58247 0
    outer loop
      vertex -9.52024 37.3051 0
      vertex -9.97763 36.6668 3
      vertex -9.97763 36.6668 0
    endloop
  endfacet
  facet normal 0.773005 -0.634399 0
    outer loop
      vertex -9.52024 37.3051 3
      vertex -9.02208 37.9121 0
      vertex -9.02208 37.9121 3
    endloop
  endfacet
  facet normal 0.773005 -0.634399 0
    outer loop
      vertex -9.02208 37.9121 0
      vertex -9.52024 37.3051 3
      vertex -9.52024 37.3051 0
    endloop
  endfacet
  facet normal 0.999464 0.0327297 0
    outer loop
      vertex -11.9743 29.2152 3
      vertex -12 30 0
      vertex -12 30 3
    endloop
  endfacet
  facet normal 0.999464 0.0327297 0
    outer loop
      vertex -12 30 0
      vertex -11.9743 29.2152 3
      vertex -11.9743 29.2152 0
    endloop
  endfacet
  facet normal 0.683596 -0.729861 0
    outer loop
      vertex -8.48528 38.4853 0
      vertex -7.91215 39.0221 3
      vertex -8.48528 38.4853 3
    endloop
  endfacet
  facet normal 0.683596 -0.729861 0
    outer loop
      vertex -7.91215 39.0221 3
      vertex -8.48528 38.4853 0
      vertex -7.91215 39.0221 0
    endloop
  endfacet
  facet normal 0.352241 -0.935909 0
    outer loop
      vertex -4.5922 41.0866 0
      vertex -3.85727 41.3632 3
      vertex -4.5922 41.0866 3
    endloop
  endfacet
  facet normal 0.352241 -0.935909 0
    outer loop
      vertex -3.85727 41.3632 3
      vertex -4.5922 41.0866 0
      vertex -3.85727 41.3632 0
    endloop
  endfacet
  facet normal -0.995181 0.0980537 0
    outer loop
      vertex 11.8973 28.4337 0
      vertex 11.9743 29.2152 3
      vertex 11.9743 29.2152 0
    endloop
  endfacet
  facet normal -0.995181 0.0980537 0
    outer loop
      vertex 11.9743 29.2152 3
      vertex 11.8973 28.4337 0
      vertex 11.8973 28.4337 3
    endloop
  endfacet
  facet normal -0.582478 0.812846 0
    outer loop
      vertex 7.30514 20.4798 0
      vertex 6.66684 20.0224 3
      vertex 7.30514 20.4798 3
    endloop
  endfacet
  facet normal -0.582478 0.812846 0
    outer loop
      vertex 6.66684 20.0224 3
      vertex 7.30514 20.4798 0
      vertex 6.66684 20.0224 0
    endloop
  endfacet
  facet normal -0.849187 0.528093 0
    outer loop
      vertex 9.97763 23.3332 0
      vertex 10.3923 24 3
      vertex 10.3923 24 0
    endloop
  endfacet
  facet normal -0.849187 0.528093 0
    outer loop
      vertex 10.3923 24 3
      vertex 9.97763 23.3332 0
      vertex 9.97763 23.3332 3
    endloop
  endfacet
  facet normal 0.528097 0.849184 -0
    outer loop
      vertex -6 19.6077 0
      vertex -6.66684 20.0224 3
      vertex -6 19.6077 3
    endloop
  endfacet
  facet normal 0.528097 0.849184 0
    outer loop
      vertex -6.66684 20.0224 3
      vertex -6 19.6077 0
      vertex -6.66684 20.0224 0
    endloop
  endfacet
  facet normal 0.352241 0.935909 -0
    outer loop
      vertex -3.85727 18.6368 0
      vertex -4.5922 18.9134 3
      vertex -3.85727 18.6368 3
    endloop
  endfacet
  facet normal 0.352241 0.935909 0
    outer loop
      vertex -4.5922 18.9134 3
      vertex -3.85727 18.6368 0
      vertex -4.5922 18.9134 0
    endloop
  endfacet
  facet normal 0.910863 0.412709 0
    outer loop
      vertex -10.7625 24.6925 3
      vertex -11.0866 25.4078 0
      vertex -11.0866 25.4078 3
    endloop
  endfacet
  facet normal 0.910863 0.412709 0
    outer loop
      vertex -11.0866 25.4078 0
      vertex -10.7625 24.6925 3
      vertex -10.7625 24.6925 0
    endloop
  endfacet
  facet normal -0.986647 0.162871 0
    outer loop
      vertex 11.7694 27.6589 0
      vertex 11.8973 28.4337 3
      vertex 11.8973 28.4337 0
    endloop
  endfacet
  facet normal -0.986647 0.162871 0
    outer loop
      vertex 11.8973 28.4337 3
      vertex 11.7694 27.6589 0
      vertex 11.7694 27.6589 3
    endloop
  endfacet
endsolid OpenSCAD_Model
