solid OpenSCAD_Model
  facet normal -0.859025 -0.0281449 0.51116
    outer loop
      vertex -14 0 14.4444
      vertex -21.9529 -1.43887 1
      vertex -13.97 -0.915644 14.4444
    endloop
  endfacet
  facet normal 0.995185 0.0980105 0
    outer loop
      vertex 21.9529 1.43887 1
      vertex 21.8118 2.87158 0
      vertex 21.8118 2.87158 1
    endloop
  endfacet
  facet normal 0.995185 0.0980105 0
    outer loop
      vertex 21.8118 2.87158 0
      vertex 21.9529 1.43887 1
      vertex 21.9529 1.43887 0
    endloop
  endfacet
  facet normal 0.859027 -0.0281194 0.511158
    outer loop
      vertex 22 0 1
      vertex 14 0 14.4444
      vertex 21.9529 -1.43887 1
    endloop
  endfacet
  facet normal 0 0 -1
    outer loop
      vertex 8.25 0 0
      vertex 22 0 0
      vertex 21.9529 -1.43887 0
    endloop
  endfacet
  facet normal 0 0 -1
    outer loop
      vertex 8.23234 -0.539576 0
      vertex 21.9529 -1.43887 0
      vertex 21.8118 -2.87158 0
    endloop
  endfacet
  facet normal 0 0 -1
    outer loop
      vertex 22 0 0
      vertex 8.25 0 0
      vertex 21.9529 1.43887 0
    endloop
  endfacet
  facet normal 0 0 -1
    outer loop
      vertex 8.17942 -1.07684 0
      vertex 21.8118 -2.87158 0
      vertex 21.5773 -4.29199 0
    endloop
  endfacet
  facet normal 0 0 -1
    outer loop
      vertex 8.23234 0.539576 0
      vertex 21.9529 1.43887 0
      vertex 8.25 0 0
    endloop
  endfacet
  facet normal 0 0 -1
    outer loop
      vertex 8.09148 -1.60949 0
      vertex 21.5773 -4.29199 0
      vertex 21.2504 -5.69402 0
    endloop
  endfacet
  facet normal -0 0 -1
    outer loop
      vertex 21.9529 1.43887 0
      vertex 8.23234 0.539576 0
      vertex 21.8118 2.87158 0
    endloop
  endfacet
  facet normal 0 0 -1
    outer loop
      vertex 7.96889 -2.13526 0
      vertex 21.2504 -5.69402 0
      vertex 20.8325 -7.07167 0
    endloop
  endfacet
  facet normal 0 0 -1
    outer loop
      vertex 8.17942 1.07684 0
      vertex 21.8118 2.87158 0
      vertex 8.23234 0.539576 0
    endloop
  endfacet
  facet normal 0 0 -1
    outer loop
      vertex 7.81217 -2.65188 0
      vertex 20.8325 -7.07167 0
      vertex 20.3253 -8.41903 0
    endloop
  endfacet
  facet normal -0 0 -1
    outer loop
      vertex 21.8118 2.87158 0
      vertex 8.17942 1.07684 0
      vertex 21.5773 4.29199 0
    endloop
  endfacet
  facet normal 0 0 -1
    outer loop
      vertex 7.62201 -3.15714 0
      vertex 20.3253 -8.41903 0
      vertex 19.7312 -9.73035 0
    endloop
  endfacet
  facet normal 0 0 -1
    outer loop
      vertex 8.09148 1.60949 0
      vertex 21.5773 4.29199 0
      vertex 8.17942 1.07684 0
    endloop
  endfacet
  facet normal 0 0 -1
    outer loop
      vertex 7.3992 -3.64888 0
      vertex 19.7312 -9.73035 0
      vertex 19.0526 -11 0
    endloop
  endfacet
  facet normal -0 0 -1
    outer loop
      vertex 21.5773 4.29199 0
      vertex 8.09148 1.60949 0
      vertex 21.2504 5.69402 0
    endloop
  endfacet
  facet normal 0 0 -1
    outer loop
      vertex 7.14471 -4.125 0
      vertex 19.0526 -11 0
      vertex 18.2923 -12.2225 0
    endloop
  endfacet
  facet normal 0 0 -1
    outer loop
      vertex 7.96889 2.13526 0
      vertex 21.2504 5.69402 0
      vertex 8.09148 1.60949 0
    endloop
  endfacet
  facet normal 0 0 -1
    outer loop
      vertex 6.85962 -4.58345 0
      vertex 18.2923 -12.2225 0
      vertex 17.4538 -13.3928 0
    endloop
  endfacet
  facet normal -0 0 -1
    outer loop
      vertex 21.2504 5.69402 0
      vertex 7.96889 2.13526 0
      vertex 20.8325 7.07167 0
    endloop
  endfacet
  facet normal 0 0 -1
    outer loop
      vertex 6.54516 -5.02228 0
      vertex 17.4538 -13.3928 0
      vertex 16.5405 -14.5056 0
    endloop
  endfacet
  facet normal 0 0 -1
    outer loop
      vertex 7.81217 2.65188 0
      vertex 20.8325 7.07167 0
      vertex 7.96889 2.13526 0
    endloop
  endfacet
  facet normal 0 0 -1
    outer loop
      vertex 6.20268 -5.4396 0
      vertex 16.5405 -14.5056 0
      vertex 15.5563 -15.5563 0
    endloop
  endfacet
  facet normal -0 0 -1
    outer loop
      vertex 20.8325 7.07167 0
      vertex 7.81217 2.65188 0
      vertex 20.3253 8.41903 0
    endloop
  endfacet
  facet normal 0 0 -1
    outer loop
      vertex 5.83363 -5.83363 0
      vertex 15.5563 -15.5563 0
      vertex 14.5056 -16.5405 0
    endloop
  endfacet
  facet normal 0 0 -1
    outer loop
      vertex 7.62201 3.15714 0
      vertex 20.3253 8.41903 0
      vertex 7.81217 2.65188 0
    endloop
  endfacet
  facet normal 0 0 -1
    outer loop
      vertex 5.4396 -6.20268 0
      vertex 14.5056 -16.5405 0
      vertex 13.3928 -17.4538 0
    endloop
  endfacet
  facet normal -0 0 -1
    outer loop
      vertex 20.3253 8.41903 0
      vertex 7.62201 3.15714 0
      vertex 19.7312 9.73035 0
    endloop
  endfacet
  facet normal 0 0 -1
    outer loop
      vertex 5.02228 -6.54516 0
      vertex 13.3928 -17.4538 0
      vertex 12.2225 -18.2923 0
    endloop
  endfacet
  facet normal 0 0 -1
    outer loop
      vertex 7.3992 3.64888 0
      vertex 19.7312 9.73035 0
      vertex 7.62201 3.15714 0
    endloop
  endfacet
  facet normal 0 0 -1
    outer loop
      vertex 4.58345 -6.85962 0
      vertex 12.2225 -18.2923 0
      vertex 11 -19.0526 0
    endloop
  endfacet
  facet normal -0 0 -1
    outer loop
      vertex 19.7312 9.73035 0
      vertex 7.3992 3.64888 0
      vertex 19.0526 11 0
    endloop
  endfacet
  facet normal 0 0 -1
    outer loop
      vertex 4.125 -7.14471 0
      vertex 11 -19.0526 0
      vertex 9.73035 -19.7312 0
    endloop
  endfacet
  facet normal 0 0 -1
    outer loop
      vertex 7.14471 4.125 0
      vertex 19.0526 11 0
      vertex 7.3992 3.64888 0
    endloop
  endfacet
  facet normal 0 0 -1
    outer loop
      vertex 3.64888 -7.3992 0
      vertex 9.73035 -19.7312 0
      vertex 8.41903 -20.3253 0
    endloop
  endfacet
  facet normal -0 0 -1
    outer loop
      vertex 19.0526 11 0
      vertex 7.14471 4.125 0
      vertex 18.2923 12.2225 0
    endloop
  endfacet
  facet normal 0 0 -1
    outer loop
      vertex 6.85962 4.58345 0
      vertex 18.2923 12.2225 0
      vertex 7.14471 4.125 0
    endloop
  endfacet
  facet normal 0 0 -1
    outer loop
      vertex 21.9529 -1.43887 0
      vertex 8.23234 -0.539576 0
      vertex 8.25 0 0
    endloop
  endfacet
  facet normal 0 0 -1
    outer loop
      vertex 21.8118 -2.87158 0
      vertex 8.17942 -1.07684 0
      vertex 8.23234 -0.539576 0
    endloop
  endfacet
  facet normal 0 0 -1
    outer loop
      vertex 21.5773 -4.29199 0
      vertex 8.09148 -1.60949 0
      vertex 8.17942 -1.07684 0
    endloop
  endfacet
  facet normal 0 0 -1
    outer loop
      vertex 21.2504 -5.69402 0
      vertex 7.96889 -2.13526 0
      vertex 8.09148 -1.60949 0
    endloop
  endfacet
  facet normal 0 0 -1
    outer loop
      vertex 20.8325 -7.07167 0
      vertex 7.81217 -2.65188 0
      vertex 7.96889 -2.13526 0
    endloop
  endfacet
  facet normal 0 0 -1
    outer loop
      vertex 20.3253 -8.41903 0
      vertex 7.62201 -3.15714 0
      vertex 7.81217 -2.65188 0
    endloop
  endfacet
  facet normal 0 0 -1
    outer loop
      vertex 19.7312 -9.73035 0
      vertex 7.3992 -3.64888 0
      vertex 7.62201 -3.15714 0
    endloop
  endfacet
  facet normal 0 0 -1
    outer loop
      vertex 19.0526 -11 0
      vertex 7.14471 -4.125 0
      vertex 7.3992 -3.64888 0
    endloop
  endfacet
  facet normal 0 0 -1
    outer loop
      vertex 3.15714 -7.62201 0
      vertex 8.41903 -20.3253 0
      vertex 7.07167 -20.8325 0
    endloop
  endfacet
  facet normal 0 0 -1
    outer loop
      vertex 18.2923 -12.2225 0
      vertex 6.85962 -4.58345 0
      vertex 7.14471 -4.125 0
    endloop
  endfacet
  facet normal 0 0 -1
    outer loop
      vertex 17.4538 -13.3928 0
      vertex 6.54516 -5.02228 0
      vertex 6.85962 -4.58345 0
    endloop
  endfacet
  facet normal 0 0 -1
    outer loop
      vertex 16.5405 -14.5056 0
      vertex 6.20268 -5.4396 0
      vertex 6.54516 -5.02228 0
    endloop
  endfacet
  facet normal 0 0 -1
    outer loop
      vertex 15.5563 -15.5563 0
      vertex 5.83363 -5.83363 0
      vertex 6.20268 -5.4396 0
    endloop
  endfacet
  facet normal 0 0 -1
    outer loop
      vertex 2.65188 -7.81217 0
      vertex 7.07167 -20.8325 0
      vertex 5.69402 -21.2504 0
    endloop
  endfacet
  facet normal 0 0 -1
    outer loop
      vertex 14.5056 -16.5405 0
      vertex 5.4396 -6.20268 0
      vertex 5.83363 -5.83363 0
    endloop
  endfacet
  facet normal 0 0 -1
    outer loop
      vertex 13.3928 -17.4538 0
      vertex 5.02228 -6.54516 0
      vertex 5.4396 -6.20268 0
    endloop
  endfacet
  facet normal 0 0 -1
    outer loop
      vertex 12.2225 -18.2923 0
      vertex 4.58345 -6.85962 0
      vertex 5.02228 -6.54516 0
    endloop
  endfacet
  facet normal 0 0 -1
    outer loop
      vertex 2.13526 -7.96889 0
      vertex 5.69402 -21.2504 0
      vertex 4.29199 -21.5773 0
    endloop
  endfacet
  facet normal 0 0 -1
    outer loop
      vertex 11 -19.0526 0
      vertex 4.125 -7.14471 0
      vertex 4.58345 -6.85962 0
    endloop
  endfacet
  facet normal 0 0 -1
    outer loop
      vertex 9.73035 -19.7312 0
      vertex 3.64888 -7.3992 0
      vertex 4.125 -7.14471 0
    endloop
  endfacet
  facet normal 0 0 -1
    outer loop
      vertex 8.41903 -20.3253 0
      vertex 3.15714 -7.62201 0
      vertex 3.64888 -7.3992 0
    endloop
  endfacet
  facet normal 0 0 -1
    outer loop
      vertex 1.60949 -8.09148 0
      vertex 4.29199 -21.5773 0
      vertex 2.87158 -21.8118 0
    endloop
  endfacet
  facet normal 0 0 -1
    outer loop
      vertex 7.07167 -20.8325 0
      vertex 2.65188 -7.81217 0
      vertex 3.15714 -7.62201 0
    endloop
  endfacet
  facet normal 0 0 -1
    outer loop
      vertex 5.69402 -21.2504 0
      vertex 2.13526 -7.96889 0
      vertex 2.65188 -7.81217 0
    endloop
  endfacet
  facet normal 0 0 -1
    outer loop
      vertex 4.29199 -21.5773 0
      vertex 1.60949 -8.09148 0
      vertex 2.13526 -7.96889 0
    endloop
  endfacet
  facet normal 0 0 -1
    outer loop
      vertex 1.07684 -8.17942 0
      vertex 2.87158 -21.8118 0
      vertex 1.43887 -21.9529 0
    endloop
  endfacet
  facet normal 0 0 -1
    outer loop
      vertex 2.87158 -21.8118 0
      vertex 1.07684 -8.17942 0
      vertex 1.60949 -8.09148 0
    endloop
  endfacet
  facet normal 0 0 -1
    outer loop
      vertex 1.43887 -21.9529 0
      vertex 0.539576 -8.23234 0
      vertex 1.07684 -8.17942 0
    endloop
  endfacet
  facet normal 0 0 -1
    outer loop
      vertex 0 -22 0
      vertex 0.539576 -8.23234 0
      vertex 1.43887 -21.9529 0
    endloop
  endfacet
  facet normal 0 0 -1
    outer loop
      vertex 0 -22 0
      vertex 0 -8.25 0
      vertex 0.539576 -8.23234 0
    endloop
  endfacet
  facet normal 0 0 -1
    outer loop
      vertex 0 -22 0
      vertex -0.539576 -8.23234 0
      vertex 0 -8.25 0
    endloop
  endfacet
  facet normal 0 0 -1
    outer loop
      vertex -1.43887 -21.9529 0
      vertex -0.539576 -8.23234 0
      vertex 0 -22 0
    endloop
  endfacet
  facet normal -0 0 -1
    outer loop
      vertex -0.539576 -8.23234 0
      vertex -1.43887 -21.9529 0
      vertex -1.07684 -8.17942 0
    endloop
  endfacet
  facet normal 0 0 -1
    outer loop
      vertex -2.87158 -21.8118 0
      vertex -1.07684 -8.17942 0
      vertex -1.43887 -21.9529 0
    endloop
  endfacet
  facet normal -0 0 -1
    outer loop
      vertex -1.07684 -8.17942 0
      vertex -2.87158 -21.8118 0
      vertex -1.60949 -8.09148 0
    endloop
  endfacet
  facet normal 0 0 -1
    outer loop
      vertex -4.29199 -21.5773 0
      vertex -1.60949 -8.09148 0
      vertex -2.87158 -21.8118 0
    endloop
  endfacet
  facet normal -0 0 -1
    outer loop
      vertex -1.60949 -8.09148 0
      vertex -4.29199 -21.5773 0
      vertex -2.13526 -7.96889 0
    endloop
  endfacet
  facet normal 0 0 -1
    outer loop
      vertex -5.69402 -21.2504 0
      vertex -2.13526 -7.96889 0
      vertex -4.29199 -21.5773 0
    endloop
  endfacet
  facet normal -0 0 -1
    outer loop
      vertex -2.13526 -7.96889 0
      vertex -5.69402 -21.2504 0
      vertex -2.65188 -7.81217 0
    endloop
  endfacet
  facet normal 0 0 -1
    outer loop
      vertex -7.07167 -20.8325 0
      vertex -2.65188 -7.81217 0
      vertex -5.69402 -21.2504 0
    endloop
  endfacet
  facet normal -0 0 -1
    outer loop
      vertex -2.65188 -7.81217 0
      vertex -7.07167 -20.8325 0
      vertex -3.15714 -7.62201 0
    endloop
  endfacet
  facet normal 0 0 -1
    outer loop
      vertex -8.41903 -20.3253 0
      vertex -3.15714 -7.62201 0
      vertex -7.07167 -20.8325 0
    endloop
  endfacet
  facet normal -0 0 -1
    outer loop
      vertex -3.15714 -7.62201 0
      vertex -8.41903 -20.3253 0
      vertex -3.64888 -7.3992 0
    endloop
  endfacet
  facet normal 0 0 -1
    outer loop
      vertex -9.73035 -19.7312 0
      vertex -3.64888 -7.3992 0
      vertex -8.41903 -20.3253 0
    endloop
  endfacet
  facet normal -0 0 -1
    outer loop
      vertex -3.64888 -7.3992 0
      vertex -9.73035 -19.7312 0
      vertex -4.125 -7.14471 0
    endloop
  endfacet
  facet normal 0 0 -1
    outer loop
      vertex -11 -19.0526 0
      vertex -4.125 -7.14471 0
      vertex -9.73035 -19.7312 0
    endloop
  endfacet
  facet normal -0 0 -1
    outer loop
      vertex -4.125 -7.14471 0
      vertex -11 -19.0526 0
      vertex -4.58345 -6.85962 0
    endloop
  endfacet
  facet normal 0 0 -1
    outer loop
      vertex -12.2225 -18.2923 0
      vertex -4.58345 -6.85962 0
      vertex -11 -19.0526 0
    endloop
  endfacet
  facet normal -0 0 -1
    outer loop
      vertex -4.58345 -6.85962 0
      vertex -12.2225 -18.2923 0
      vertex -5.02228 -6.54516 0
    endloop
  endfacet
  facet normal 0 0 -1
    outer loop
      vertex -13.3928 -17.4538 0
      vertex -5.02228 -6.54516 0
      vertex -12.2225 -18.2923 0
    endloop
  endfacet
  facet normal -0 0 -1
    outer loop
      vertex -5.02228 -6.54516 0
      vertex -13.3928 -17.4538 0
      vertex -5.4396 -6.20268 0
    endloop
  endfacet
  facet normal 0 0 -1
    outer loop
      vertex -14.5056 -16.5405 0
      vertex -5.4396 -6.20268 0
      vertex -13.3928 -17.4538 0
    endloop
  endfacet
  facet normal -0 0 -1
    outer loop
      vertex -5.4396 -6.20268 0
      vertex -14.5056 -16.5405 0
      vertex -5.83363 -5.83363 0
    endloop
  endfacet
  facet normal 0 0 -1
    outer loop
      vertex -15.5563 -15.5563 0
      vertex -5.83363 -5.83363 0
      vertex -14.5056 -16.5405 0
    endloop
  endfacet
  facet normal -0 0 -1
    outer loop
      vertex -5.83363 -5.83363 0
      vertex -15.5563 -15.5563 0
      vertex -6.20268 -5.4396 0
    endloop
  endfacet
  facet normal 0 0 -1
    outer loop
      vertex -16.5405 -14.5056 0
      vertex -6.20268 -5.4396 0
      vertex -15.5563 -15.5563 0
    endloop
  endfacet
  facet normal -0 0 -1
    outer loop
      vertex -6.20268 -5.4396 0
      vertex -16.5405 -14.5056 0
      vertex -6.54516 -5.02228 0
    endloop
  endfacet
  facet normal 0 0 -1
    outer loop
      vertex -17.4538 -13.3928 0
      vertex -6.54516 -5.02228 0
      vertex -16.5405 -14.5056 0
    endloop
  endfacet
  facet normal 0 0 -1
    outer loop
      vertex -18.2923 -12.2225 0
      vertex -6.85962 -4.58345 0
      vertex -17.4538 -13.3928 0
    endloop
  endfacet
  facet normal -0 0 -1
    outer loop
      vertex -6.54516 -5.02228 0
      vertex -17.4538 -13.3928 0
      vertex -6.85962 -4.58345 0
    endloop
  endfacet
  facet normal -0 0 -1
    outer loop
      vertex 18.2923 12.2225 0
      vertex 6.85962 4.58345 0
      vertex 17.4538 13.3928 0
    endloop
  endfacet
  facet normal 0 0 -1
    outer loop
      vertex 6.54516 5.02228 0
      vertex 17.4538 13.3928 0
      vertex 6.85962 4.58345 0
    endloop
  endfacet
  facet normal -0 0 -1
    outer loop
      vertex 17.4538 13.3928 0
      vertex 6.54516 5.02228 0
      vertex 16.5405 14.5056 0
    endloop
  endfacet
  facet normal 0 0 -1
    outer loop
      vertex 6.20268 5.4396 0
      vertex 16.5405 14.5056 0
      vertex 6.54516 5.02228 0
    endloop
  endfacet
  facet normal -0 0 -1
    outer loop
      vertex 16.5405 14.5056 0
      vertex 6.20268 5.4396 0
      vertex 15.5563 15.5563 0
    endloop
  endfacet
  facet normal 0 0 -1
    outer loop
      vertex 5.83363 5.83363 0
      vertex 15.5563 15.5563 0
      vertex 6.20268 5.4396 0
    endloop
  endfacet
  facet normal -0 0 -1
    outer loop
      vertex 15.5563 15.5563 0
      vertex 5.83363 5.83363 0
      vertex 14.5056 16.5405 0
    endloop
  endfacet
  facet normal 0 0 -1
    outer loop
      vertex 5.4396 6.20268 0
      vertex 14.5056 16.5405 0
      vertex 5.83363 5.83363 0
    endloop
  endfacet
  facet normal -0 0 -1
    outer loop
      vertex 14.5056 16.5405 0
      vertex 5.4396 6.20268 0
      vertex 13.3928 17.4538 0
    endloop
  endfacet
  facet normal 0 0 -1
    outer loop
      vertex 5.02228 6.54516 0
      vertex 13.3928 17.4538 0
      vertex 5.4396 6.20268 0
    endloop
  endfacet
  facet normal -0 0 -1
    outer loop
      vertex 13.3928 17.4538 0
      vertex 5.02228 6.54516 0
      vertex 12.2225 18.2923 0
    endloop
  endfacet
  facet normal 0 0 -1
    outer loop
      vertex 4.58345 6.85962 0
      vertex 12.2225 18.2923 0
      vertex 5.02228 6.54516 0
    endloop
  endfacet
  facet normal -0 0 -1
    outer loop
      vertex 12.2225 18.2923 0
      vertex 4.58345 6.85962 0
      vertex 11 19.0526 0
    endloop
  endfacet
  facet normal 0 0 -1
    outer loop
      vertex 4.125 7.14471 0
      vertex 11 19.0526 0
      vertex 4.58345 6.85962 0
    endloop
  endfacet
  facet normal -0 0 -1
    outer loop
      vertex 11 19.0526 0
      vertex 4.125 7.14471 0
      vertex 9.73035 19.7312 0
    endloop
  endfacet
  facet normal 0 0 -1
    outer loop
      vertex 3.64888 7.3992 0
      vertex 9.73035 19.7312 0
      vertex 4.125 7.14471 0
    endloop
  endfacet
  facet normal -0 0 -1
    outer loop
      vertex 9.73035 19.7312 0
      vertex 3.64888 7.3992 0
      vertex 8.41903 20.3253 0
    endloop
  endfacet
  facet normal 0 0 -1
    outer loop
      vertex 3.15714 7.62201 0
      vertex 8.41903 20.3253 0
      vertex 3.64888 7.3992 0
    endloop
  endfacet
  facet normal -0 0 -1
    outer loop
      vertex 8.41903 20.3253 0
      vertex 3.15714 7.62201 0
      vertex 7.07167 20.8325 0
    endloop
  endfacet
  facet normal 0 0 -1
    outer loop
      vertex 2.65188 7.81217 0
      vertex 7.07167 20.8325 0
      vertex 3.15714 7.62201 0
    endloop
  endfacet
  facet normal -0 0 -1
    outer loop
      vertex 7.07167 20.8325 0
      vertex 2.65188 7.81217 0
      vertex 5.69402 21.2504 0
    endloop
  endfacet
  facet normal 0 0 -1
    outer loop
      vertex 2.13526 7.96889 0
      vertex 5.69402 21.2504 0
      vertex 2.65188 7.81217 0
    endloop
  endfacet
  facet normal -0 0 -1
    outer loop
      vertex 5.69402 21.2504 0
      vertex 2.13526 7.96889 0
      vertex 4.29199 21.5773 0
    endloop
  endfacet
  facet normal 0 0 -1
    outer loop
      vertex 1.60949 8.09148 0
      vertex 4.29199 21.5773 0
      vertex 2.13526 7.96889 0
    endloop
  endfacet
  facet normal -0 0 -1
    outer loop
      vertex 4.29199 21.5773 0
      vertex 1.60949 8.09148 0
      vertex 2.87158 21.8118 0
    endloop
  endfacet
  facet normal 0 0 -1
    outer loop
      vertex 1.07684 8.17942 0
      vertex 2.87158 21.8118 0
      vertex 1.60949 8.09148 0
    endloop
  endfacet
  facet normal -0 0 -1
    outer loop
      vertex 2.87158 21.8118 0
      vertex 1.07684 8.17942 0
      vertex 1.43887 21.9529 0
    endloop
  endfacet
  facet normal 0 0 -1
    outer loop
      vertex 0.539576 8.23234 0
      vertex 1.43887 21.9529 0
      vertex 1.07684 8.17942 0
    endloop
  endfacet
  facet normal 0 0 -1
    outer loop
      vertex 0 8.25 0
      vertex 1.43887 21.9529 0
      vertex 0.539576 8.23234 0
    endloop
  endfacet
  facet normal 0 0 -1
    outer loop
      vertex 0 8.25 0
      vertex 0 22 0
      vertex 1.43887 21.9529 0
    endloop
  endfacet
  facet normal 0 0 -1
    outer loop
      vertex -0.539576 8.23234 0
      vertex 0 22 0
      vertex 0 8.25 0
    endloop
  endfacet
  facet normal 0 0 -1
    outer loop
      vertex -1.43887 21.9529 0
      vertex -0.539576 8.23234 0
      vertex -1.07684 8.17942 0
    endloop
  endfacet
  facet normal 0 0 -1
    outer loop
      vertex -0.539576 8.23234 0
      vertex -1.43887 21.9529 0
      vertex 0 22 0
    endloop
  endfacet
  facet normal 0 0 -1
    outer loop
      vertex -2.87158 21.8118 0
      vertex -1.07684 8.17942 0
      vertex -1.60949 8.09148 0
    endloop
  endfacet
  facet normal 0 0 -1
    outer loop
      vertex -4.29199 21.5773 0
      vertex -1.60949 8.09148 0
      vertex -2.13526 7.96889 0
    endloop
  endfacet
  facet normal 0 0 -1
    outer loop
      vertex -5.69402 21.2504 0
      vertex -2.13526 7.96889 0
      vertex -2.65188 7.81217 0
    endloop
  endfacet
  facet normal 0 0 -1
    outer loop
      vertex -1.07684 8.17942 0
      vertex -2.87158 21.8118 0
      vertex -1.43887 21.9529 0
    endloop
  endfacet
  facet normal 0 0 -1
    outer loop
      vertex -7.07167 20.8325 0
      vertex -2.65188 7.81217 0
      vertex -3.15714 7.62201 0
    endloop
  endfacet
  facet normal 0 0 -1
    outer loop
      vertex -8.41903 20.3253 0
      vertex -3.15714 7.62201 0
      vertex -3.64888 7.3992 0
    endloop
  endfacet
  facet normal 0 0 -1
    outer loop
      vertex -9.73035 19.7312 0
      vertex -3.64888 7.3992 0
      vertex -4.125 7.14471 0
    endloop
  endfacet
  facet normal 0 0 -1
    outer loop
      vertex -1.60949 8.09148 0
      vertex -4.29199 21.5773 0
      vertex -2.87158 21.8118 0
    endloop
  endfacet
  facet normal 0 0 -1
    outer loop
      vertex -11 19.0526 0
      vertex -4.125 7.14471 0
      vertex -4.58345 6.85962 0
    endloop
  endfacet
  facet normal 0 0 -1
    outer loop
      vertex -12.2225 18.2923 0
      vertex -4.58345 6.85962 0
      vertex -5.02228 6.54516 0
    endloop
  endfacet
  facet normal 0 0 -1
    outer loop
      vertex -13.3928 17.4538 0
      vertex -5.02228 6.54516 0
      vertex -5.4396 6.20268 0
    endloop
  endfacet
  facet normal 0 0 -1
    outer loop
      vertex -2.13526 7.96889 0
      vertex -5.69402 21.2504 0
      vertex -4.29199 21.5773 0
    endloop
  endfacet
  facet normal 0 0 -1
    outer loop
      vertex -14.5056 16.5405 0
      vertex -5.4396 6.20268 0
      vertex -5.83363 5.83363 0
    endloop
  endfacet
  facet normal 0 0 -1
    outer loop
      vertex -15.5563 15.5563 0
      vertex -5.83363 5.83363 0
      vertex -6.20268 5.4396 0
    endloop
  endfacet
  facet normal 0 0 -1
    outer loop
      vertex -16.5405 14.5056 0
      vertex -6.20268 5.4396 0
      vertex -6.54516 5.02228 0
    endloop
  endfacet
  facet normal 0 0 -1
    outer loop
      vertex -17.4538 13.3928 0
      vertex -6.54516 5.02228 0
      vertex -6.85962 4.58345 0
    endloop
  endfacet
  facet normal 0 0 -1
    outer loop
      vertex -2.65188 7.81217 0
      vertex -7.07167 20.8325 0
      vertex -5.69402 21.2504 0
    endloop
  endfacet
  facet normal 0 0 -1
    outer loop
      vertex -18.2923 12.2225 0
      vertex -6.85962 4.58345 0
      vertex -7.14471 4.125 0
    endloop
  endfacet
  facet normal 0 0 -1
    outer loop
      vertex -19.0526 11 0
      vertex -7.14471 4.125 0
      vertex -7.3992 3.64888 0
    endloop
  endfacet
  facet normal 0 0 -1
    outer loop
      vertex -19.7312 9.73035 0
      vertex -7.3992 3.64888 0
      vertex -7.62201 3.15714 0
    endloop
  endfacet
  facet normal 0 0 -1
    outer loop
      vertex -20.3253 8.41903 0
      vertex -7.62201 3.15714 0
      vertex -7.81217 2.65188 0
    endloop
  endfacet
  facet normal 0 0 -1
    outer loop
      vertex -20.8325 7.07167 0
      vertex -7.81217 2.65188 0
      vertex -7.96889 2.13526 0
    endloop
  endfacet
  facet normal 0 0 -1
    outer loop
      vertex -21.2504 5.69402 0
      vertex -7.96889 2.13526 0
      vertex -8.09148 1.60949 0
    endloop
  endfacet
  facet normal 0 0 -1
    outer loop
      vertex -21.5773 4.29199 0
      vertex -8.09148 1.60949 0
      vertex -8.17942 1.07684 0
    endloop
  endfacet
  facet normal 0 0 -1
    outer loop
      vertex -21.8118 2.87158 0
      vertex -8.17942 1.07684 0
      vertex -8.23234 0.539576 0
    endloop
  endfacet
  facet normal 0 0 -1
    outer loop
      vertex -3.15714 7.62201 0
      vertex -8.41903 20.3253 0
      vertex -7.07167 20.8325 0
    endloop
  endfacet
  facet normal 0 0 -1
    outer loop
      vertex -21.9529 1.43887 0
      vertex -8.23234 0.539576 0
      vertex -8.25 0 0
    endloop
  endfacet
  facet normal -0 0 -1
    outer loop
      vertex -6.85962 -4.58345 0
      vertex -18.2923 -12.2225 0
      vertex -7.14471 -4.125 0
    endloop
  endfacet
  facet normal 0 0 -1
    outer loop
      vertex -19.0526 -11 0
      vertex -7.14471 -4.125 0
      vertex -18.2923 -12.2225 0
    endloop
  endfacet
  facet normal 0 0 -1
    outer loop
      vertex -3.64888 7.3992 0
      vertex -9.73035 19.7312 0
      vertex -8.41903 20.3253 0
    endloop
  endfacet
  facet normal -0 0 -1
    outer loop
      vertex -7.14471 -4.125 0
      vertex -19.0526 -11 0
      vertex -7.3992 -3.64888 0
    endloop
  endfacet
  facet normal 0 0 -1
    outer loop
      vertex -4.125 7.14471 0
      vertex -11 19.0526 0
      vertex -9.73035 19.7312 0
    endloop
  endfacet
  facet normal 0 0 -1
    outer loop
      vertex -19.7312 -9.73035 0
      vertex -7.3992 -3.64888 0
      vertex -19.0526 -11 0
    endloop
  endfacet
  facet normal 0 0 -1
    outer loop
      vertex -4.58345 6.85962 0
      vertex -12.2225 18.2923 0
      vertex -11 19.0526 0
    endloop
  endfacet
  facet normal -0 0 -1
    outer loop
      vertex -7.3992 -3.64888 0
      vertex -19.7312 -9.73035 0
      vertex -7.62201 -3.15714 0
    endloop
  endfacet
  facet normal 0 0 -1
    outer loop
      vertex -5.02228 6.54516 0
      vertex -13.3928 17.4538 0
      vertex -12.2225 18.2923 0
    endloop
  endfacet
  facet normal 0 0 -1
    outer loop
      vertex -20.3253 -8.41903 0
      vertex -7.62201 -3.15714 0
      vertex -19.7312 -9.73035 0
    endloop
  endfacet
  facet normal 0 0 -1
    outer loop
      vertex -5.4396 6.20268 0
      vertex -14.5056 16.5405 0
      vertex -13.3928 17.4538 0
    endloop
  endfacet
  facet normal -0 0 -1
    outer loop
      vertex -7.62201 -3.15714 0
      vertex -20.3253 -8.41903 0
      vertex -7.81217 -2.65188 0
    endloop
  endfacet
  facet normal 0 0 -1
    outer loop
      vertex -5.83363 5.83363 0
      vertex -15.5563 15.5563 0
      vertex -14.5056 16.5405 0
    endloop
  endfacet
  facet normal 0 0 -1
    outer loop
      vertex -20.8325 -7.07167 0
      vertex -7.81217 -2.65188 0
      vertex -20.3253 -8.41903 0
    endloop
  endfacet
  facet normal 0 0 -1
    outer loop
      vertex -6.20268 5.4396 0
      vertex -16.5405 14.5056 0
      vertex -15.5563 15.5563 0
    endloop
  endfacet
  facet normal -0 0 -1
    outer loop
      vertex -7.81217 -2.65188 0
      vertex -20.8325 -7.07167 0
      vertex -7.96889 -2.13526 0
    endloop
  endfacet
  facet normal 0 0 -1
    outer loop
      vertex -6.54516 5.02228 0
      vertex -17.4538 13.3928 0
      vertex -16.5405 14.5056 0
    endloop
  endfacet
  facet normal 0 0 -1
    outer loop
      vertex -21.2504 -5.69402 0
      vertex -7.96889 -2.13526 0
      vertex -20.8325 -7.07167 0
    endloop
  endfacet
  facet normal 0 0 -1
    outer loop
      vertex -6.85962 4.58345 0
      vertex -18.2923 12.2225 0
      vertex -17.4538 13.3928 0
    endloop
  endfacet
  facet normal -0 0 -1
    outer loop
      vertex -7.96889 -2.13526 0
      vertex -21.2504 -5.69402 0
      vertex -8.09148 -1.60949 0
    endloop
  endfacet
  facet normal 0 0 -1
    outer loop
      vertex -7.14471 4.125 0
      vertex -19.0526 11 0
      vertex -18.2923 12.2225 0
    endloop
  endfacet
  facet normal 0 0 -1
    outer loop
      vertex -21.5773 -4.29199 0
      vertex -8.09148 -1.60949 0
      vertex -21.2504 -5.69402 0
    endloop
  endfacet
  facet normal 0 0 -1
    outer loop
      vertex -7.3992 3.64888 0
      vertex -19.7312 9.73035 0
      vertex -19.0526 11 0
    endloop
  endfacet
  facet normal -0 0 -1
    outer loop
      vertex -8.09148 -1.60949 0
      vertex -21.5773 -4.29199 0
      vertex -8.17942 -1.07684 0
    endloop
  endfacet
  facet normal 0 0 -1
    outer loop
      vertex -7.62201 3.15714 0
      vertex -20.3253 8.41903 0
      vertex -19.7312 9.73035 0
    endloop
  endfacet
  facet normal 0 0 -1
    outer loop
      vertex -21.8118 -2.87158 0
      vertex -8.17942 -1.07684 0
      vertex -21.5773 -4.29199 0
    endloop
  endfacet
  facet normal 0 0 -1
    outer loop
      vertex -7.81217 2.65188 0
      vertex -20.8325 7.07167 0
      vertex -20.3253 8.41903 0
    endloop
  endfacet
  facet normal -0 0 -1
    outer loop
      vertex -8.17942 -1.07684 0
      vertex -21.8118 -2.87158 0
      vertex -8.23234 -0.539576 0
    endloop
  endfacet
  facet normal 0 0 -1
    outer loop
      vertex -7.96889 2.13526 0
      vertex -21.2504 5.69402 0
      vertex -20.8325 7.07167 0
    endloop
  endfacet
  facet normal 0 0 -1
    outer loop
      vertex -21.9529 -1.43887 0
      vertex -8.23234 -0.539576 0
      vertex -21.8118 -2.87158 0
    endloop
  endfacet
  facet normal 0 0 -1
    outer loop
      vertex -8.09148 1.60949 0
      vertex -21.5773 4.29199 0
      vertex -21.2504 5.69402 0
    endloop
  endfacet
  facet normal -0 0 -1
    outer loop
      vertex -8.23234 -0.539576 0
      vertex -21.9529 -1.43887 0
      vertex -8.25 0 0
    endloop
  endfacet
  facet normal 0 0 -1
    outer loop
      vertex -8.17942 1.07684 0
      vertex -21.8118 2.87158 0
      vertex -21.5773 4.29199 0
    endloop
  endfacet
  facet normal 0 0 -1
    outer loop
      vertex -22 0 0
      vertex -8.25 0 0
      vertex -21.9529 -1.43887 0
    endloop
  endfacet
  facet normal 0 0 -1
    outer loop
      vertex -8.23234 0.539576 0
      vertex -21.9529 1.43887 0
      vertex -21.8118 2.87158 0
    endloop
  endfacet
  facet normal 0 0 -1
    outer loop
      vertex -8.25 0 0
      vertex -22 0 0
      vertex -21.9529 1.43887 0
    endloop
  endfacet
  facet normal 0.910877 0.412677 0
    outer loop
      vertex 20.3253 8.41903 1
      vertex 19.7312 9.73035 0
      vertex 19.7312 9.73035 1
    endloop
  endfacet
  facet normal 0.910877 0.412677 0
    outer loop
      vertex 19.7312 9.73035 0
      vertex 20.3253 8.41903 1
      vertex 20.3253 8.41903 0
    endloop
  endfacet
  facet normal 0.859027 0.0281194 0.511158
    outer loop
      vertex 21.9529 1.43887 1
      vertex 14 0 14.4444
      vertex 22 0 1
    endloop
  endfacet
  facet normal 0.999465 -0.0327165 0
    outer loop
      vertex 21.9529 -1.43887 1
      vertex 22 0 0
      vertex 22 0 1
    endloop
  endfacet
  facet normal 0.999465 -0.0327165 0
    outer loop
      vertex 22 0 0
      vertex 21.9529 -1.43887 1
      vertex 21.9529 -1.43887 0
    endloop
  endfacet
  facet normal -0.999465 0.0327165 0
    outer loop
      vertex -22 0 0
      vertex -21.9529 1.43887 1
      vertex -21.9529 1.43887 0
    endloop
  endfacet
  facet normal -0.999465 0.0327165 0
    outer loop
      vertex -21.9529 1.43887 1
      vertex -22 0 0
      vertex -22 0 1
    endloop
  endfacet
  facet normal -0.664431 -0.545201 0.511163
    outer loop
      vertex -11.1069 -8.52266 14.4444
      vertex -17.4538 -13.3928 1
      vertex -10.5258 -9.23084 14.4444
    endloop
  endfacet
  facet normal 0.999465 0.0327165 0
    outer loop
      vertex 22 0 1
      vertex 21.9529 1.43887 0
      vertex 21.9529 1.43887 1
    endloop
  endfacet
  facet normal 0.999465 0.0327165 0
    outer loop
      vertex 21.9529 1.43887 0
      vertex 22 0 1
      vertex 22 0 0
    endloop
  endfacet
  facet normal 0.302801 0.804382 0.511157
    outer loop
      vertex 7.07167 20.8325 1
      vertex 5.35757 12.9343 14.4444
      vertex 8.41903 20.3253 1
    endloop
  endfacet
  facet normal -0.729825 -0.683634 0
    outer loop
      vertex -15.5563 -15.5563 0
      vertex -16.5405 -14.5056 1
      vertex -16.5405 -14.5056 0
    endloop
  endfacet
  facet normal -0.729825 -0.683634 0
    outer loop
      vertex -16.5405 -14.5056 1
      vertex -15.5563 -15.5563 0
      vertex -15.5563 -15.5563 1
    endloop
  endfacet
  facet normal -0.804382 -0.302801 0.511157
    outer loop
      vertex -12.9343 -5.35757 14.4444
      vertex -20.8325 -7.07167 1
      vertex -20.3253 -8.41903 1
    endloop
  endfacet
  facet normal -0.698668 -0.500583 0.511156
    outer loop
      vertex -11.6406 -7.77798 14.4444
      vertex -18.2923 -12.2225 1
      vertex -17.4538 -13.3928 1
    endloop
  endfacet
  facet normal 0.995185 -0.0980105 0
    outer loop
      vertex 21.8118 -2.87158 1
      vertex 21.9529 -1.43887 0
      vertex 21.9529 -1.43887 1
    endloop
  endfacet
  facet normal 0.995185 -0.0980105 0
    outer loop
      vertex 21.9529 -1.43887 0
      vertex 21.8118 -2.87158 1
      vertex 21.8118 -2.87158 0
    endloop
  endfacet
  facet normal 0.956941 -0.290281 0
    outer loop
      vertex 20.8325 -7.07167 1
      vertex 21.2504 -5.69402 0
      vertex 21.2504 -5.69402 1
    endloop
  endfacet
  facet normal 0.956941 -0.290281 0
    outer loop
      vertex 21.2504 -5.69402 0
      vertex 20.8325 -7.07167 1
      vertex 20.8325 -7.07167 0
    endloop
  endfacet
  facet normal 0.354721 0.782873 0.511159
    outer loop
      vertex 9.73035 19.7312 1
      vertex 5.35757 12.9343 14.4444
      vertex 6.19204 12.5562 14.4444
    endloop
  endfacet
  facet normal 0.587575 0.627276 0.511156
    outer loop
      vertex 14.5056 16.5405 1
      vertex 9.23084 10.5258 14.4444
      vertex 15.5563 15.5563 1
    endloop
  endfacet
  facet normal 0.758024 0.405112 0.51116
    outer loop
      vertex 19.7312 9.73035 1
      vertex 12.1244 7 14.4444
      vertex 12.5562 6.19204 14.4444
    endloop
  endfacet
  facet normal 0.0327165 0.999465 -0
    outer loop
      vertex 1.43887 21.9529 0
      vertex 0 22 1
      vertex 1.43887 21.9529 1
    endloop
  endfacet
  facet normal 0.0327165 0.999465 0
    outer loop
      vertex 0 22 1
      vertex 1.43887 21.9529 0
      vertex 0 22 0
    endloop
  endfacet
  facet normal -0.973878 0.227071 0
    outer loop
      vertex -21.5773 4.29199 0
      vertex -21.2504 5.69402 1
      vertex -21.2504 5.69402 0
    endloop
  endfacet
  facet normal -0.973878 0.227071 0
    outer loop
      vertex -21.2504 5.69402 1
      vertex -21.5773 4.29199 0
      vertex -21.5773 4.29199 1
    endloop
  endfacet
  facet normal -0.0327165 -0.999465 0
    outer loop
      vertex -1.43887 -21.9529 0
      vertex 0 -22 1
      vertex -1.43887 -21.9529 1
    endloop
  endfacet
  facet normal -0.0327165 -0.999465 -0
    outer loop
      vertex 0 -22 1
      vertex -1.43887 -21.9529 0
      vertex 0 -22 0
    endloop
  endfacet
  facet normal -0.683634 -0.729825 0
    outer loop
      vertex -15.5563 -15.5563 0
      vertex -14.5056 -16.5405 1
      vertex -15.5563 -15.5563 1
    endloop
  endfacet
  facet normal -0.683634 -0.729825 -0
    outer loop
      vertex -14.5056 -16.5405 1
      vertex -15.5563 -15.5563 0
      vertex -14.5056 -16.5405 0
    endloop
  endfacet
  facet normal -0.910877 -0.412677 0
    outer loop
      vertex -19.7312 -9.73035 0
      vertex -20.3253 -8.41903 1
      vertex -20.3253 -8.41903 0
    endloop
  endfacet
  facet normal -0.910877 -0.412677 0
    outer loop
      vertex -20.3253 -8.41903 1
      vertex -19.7312 -9.73035 0
      vertex -19.7312 -9.73035 1
    endloop
  endfacet
  facet normal 0.973878 -0.227071 0
    outer loop
      vertex 21.2504 -5.69402 1
      vertex 21.5773 -4.29199 0
      vertex 21.5773 -4.29199 1
    endloop
  endfacet
  facet normal 0.973878 -0.227071 0
    outer loop
      vertex 21.5773 -4.29199 0
      vertex 21.2504 -5.69402 1
      vertex 21.2504 -5.69402 0
    endloop
  endfacet
  facet normal 0.837042 -0.195139 0.511157
    outer loop
      vertex 13.731 -2.73126 14.4444
      vertex 13.523 -3.62347 14.4444
      vertex 21.2504 -5.69402 1
    endloop
  endfacet
  facet normal 0.0281194 -0.859027 0.511158
    outer loop
      vertex 0 -14 14.4444
      vertex 0 -22 1
      vertex 1.43887 -21.9529 1
    endloop
  endfacet
  facet normal 0.453911 -0.729852 0.511157
    outer loop
      vertex 12.2225 -18.2923 1
      vertex 7 -12.1244 14.4444
      vertex 11 -19.0526 1
    endloop
  endfacet
  facet normal 0.935885 -0.352305 0
    outer loop
      vertex 20.3253 -8.41903 1
      vertex 20.8325 -7.07167 0
      vertex 20.8325 -7.07167 1
    endloop
  endfacet
  facet normal 0.935885 -0.352305 0
    outer loop
      vertex 20.8325 -7.07167 0
      vertex 20.3253 -8.41903 1
      vertex 20.3253 -8.41903 0
    endloop
  endfacet
  facet normal 0.849171 0.528118 0
    outer loop
      vertex 19.0526 11 1
      vertex 18.2923 12.2225 0
      vertex 18.2923 12.2225 1
    endloop
  endfacet
  facet normal 0.849171 0.528118 0
    outer loop
      vertex 18.2923 12.2225 0
      vertex 19.0526 11 1
      vertex 19.0526 11 0
    endloop
  endfacet
  facet normal 0.729825 0.683634 0
    outer loop
      vertex 16.5405 14.5056 1
      vertex 15.5563 15.5563 0
      vertex 15.5563 15.5563 1
    endloop
  endfacet
  facet normal 0.729825 0.683634 0
    outer loop
      vertex 15.5563 15.5563 0
      vertex 16.5405 14.5056 1
      vertex 16.5405 14.5056 0
    endloop
  endfacet
  facet normal -0.859027 0.0281194 0.511158
    outer loop
      vertex -21.9529 1.43887 1
      vertex -22 0 1
      vertex -14 0 14.4444
    endloop
  endfacet
  facet normal -0.249492 0.822477 0.511161
    outer loop
      vertex -5.69402 21.2504 1
      vertex -7.07167 20.8325 1
      vertex -4.50015 13.257 14.4444
    endloop
  endfacet
  facet normal -0.848007 0.14 0.51116
    outer loop
      vertex -21.5773 4.29199 1
      vertex -21.8118 2.87158 1
      vertex -13.8802 1.82737 14.4444
    endloop
  endfacet
  facet normal -0.683634 0.729825 0
    outer loop
      vertex -14.5056 16.5405 0
      vertex -15.5563 15.5563 1
      vertex -14.5056 16.5405 1
    endloop
  endfacet
  facet normal -0.683634 0.729825 0
    outer loop
      vertex -15.5563 15.5563 1
      vertex -14.5056 16.5405 0
      vertex -15.5563 15.5563 0
    endloop
  endfacet
  facet normal -0.0281194 0.859027 0.511158
    outer loop
      vertex 0 22 1
      vertex -1.43887 21.9529 1
      vertex 0 14 14.4444
    endloop
  endfacet
  facet normal -0.973878 -0.227071 0
    outer loop
      vertex -21.2504 -5.69402 0
      vertex -21.5773 -4.29199 1
      vertex -21.5773 -4.29199 0
    endloop
  endfacet
  facet normal -0.973878 -0.227071 0
    outer loop
      vertex -21.5773 -4.29199 1
      vertex -21.2504 -5.69402 0
      vertex -21.2504 -5.69402 1
    endloop
  endfacet
  facet normal -0.881933 -0.471374 0
    outer loop
      vertex -19.0526 -11 0
      vertex -19.7312 -9.73035 1
      vertex -19.7312 -9.73035 0
    endloop
  endfacet
  facet normal -0.881933 -0.471374 0
    outer loop
      vertex -19.7312 -9.73035 1
      vertex -19.0526 -11 0
      vertex -19.0526 -11 1
    endloop
  endfacet
  facet normal -0.782888 -0.354691 0.511157
    outer loop
      vertex -12.9343 -5.35757 14.4444
      vertex -20.3253 -8.41903 1
      vertex -19.7312 -9.73035 1
    endloop
  endfacet
  facet normal -0.812888 -0.58242 0
    outer loop
      vertex -17.4538 -13.3928 0
      vertex -18.2923 -12.2225 1
      vertex -18.2923 -12.2225 0
    endloop
  endfacet
  facet normal -0.812888 -0.58242 0
    outer loop
      vertex -18.2923 -12.2225 1
      vertex -17.4538 -13.3928 0
      vertex -17.4538 -13.3928 1
    endloop
  endfacet
  facet normal -0.627286 -0.587565 0.511156
    outer loop
      vertex -10.5258 -9.23084 14.4444
      vertex -15.5563 -15.5563 1
      vertex -9.89949 -9.89949 14.4444
    endloop
  endfacet
  facet normal -0.0281194 -0.859027 0.511158
    outer loop
      vertex 0 -14 14.4444
      vertex -1.43887 -21.9529 1
      vertex 0 -22 1
    endloop
  endfacet
  facet normal -0.354691 -0.782888 0.511157
    outer loop
      vertex -5.35757 -12.9343 14.4444
      vertex -9.73035 -19.7312 1
      vertex -8.41903 -20.3253 1
    endloop
  endfacet
  facet normal -0.587575 -0.627276 0.511156
    outer loop
      vertex -9.23084 -10.5258 14.4444
      vertex -15.5563 -15.5563 1
      vertex -14.5056 -16.5405 1
    endloop
  endfacet
  facet normal -0.227071 -0.973878 0
    outer loop
      vertex -5.69402 -21.2504 0
      vertex -4.29199 -21.5773 1
      vertex -5.69402 -21.2504 1
    endloop
  endfacet
  facet normal -0.227071 -0.973878 -0
    outer loop
      vertex -4.29199 -21.5773 1
      vertex -5.69402 -21.2504 0
      vertex -4.29199 -21.5773 0
    endloop
  endfacet
  facet normal -0.302745 -0.8044 0.511161
    outer loop
      vertex -5.35757 -12.9343 14.4444
      vertex -7.07167 -20.8325 1
      vertex -4.50015 -13.257 14.4444
    endloop
  endfacet
  facet normal -0.782873 -0.354721 0.511159
    outer loop
      vertex -12.9343 -5.35757 14.4444
      vertex -19.7312 -9.73035 1
      vertex -12.5562 -6.19204 14.4444
    endloop
  endfacet
  facet normal -0.935885 -0.352305 0
    outer loop
      vertex -20.3253 -8.41903 0
      vertex -20.8325 -7.07167 1
      vertex -20.8325 -7.07167 0
    endloop
  endfacet
  facet normal -0.935885 -0.352305 0
    outer loop
      vertex -20.8325 -7.07167 1
      vertex -20.3253 -8.41903 0
      vertex -20.3253 -8.41903 1
    endloop
  endfacet
  facet normal -0.837042 -0.195139 0.511157
    outer loop
      vertex -13.731 -2.73126 14.4444
      vertex -21.2504 -5.69402 1
      vertex -13.523 -3.62347 14.4444
    endloop
  endfacet
  facet normal -0.986645 -0.162888 0
    outer loop
      vertex -21.5773 -4.29199 0
      vertex -21.8118 -2.87158 1
      vertex -21.8118 -2.87158 0
    endloop
  endfacet
  facet normal -0.986645 -0.162888 0
    outer loop
      vertex -21.8118 -2.87158 1
      vertex -21.5773 -4.29199 0
      vertex -21.5773 -4.29199 1
    endloop
  endfacet
  facet normal -0.855348 -0.0842386 0.51116
    outer loop
      vertex -13.8802 -1.82737 14.4444
      vertex -21.9529 -1.43887 1
      vertex -21.8118 -2.87158 1
    endloop
  endfacet
  facet normal 0.58242 -0.812888 0
    outer loop
      vertex 12.2225 -18.2923 0
      vertex 13.3928 -17.4538 1
      vertex 12.2225 -18.2923 1
    endloop
  endfacet
  facet normal 0.58242 -0.812888 0
    outer loop
      vertex 13.3928 -17.4538 1
      vertex 12.2225 -18.2923 0
      vertex 13.3928 -17.4538 0
    endloop
  endfacet
  facet normal 0.837035 -0.195165 0.511159
    outer loop
      vertex 21.5773 -4.29199 1
      vertex 13.731 -2.73126 14.4444
      vertex 21.2504 -5.69402 1
    endloop
  endfacet
  facet normal 0.848007 -0.14 0.51116
    outer loop
      vertex 21.8118 -2.87158 1
      vertex 13.8802 -1.82737 14.4444
      vertex 21.5773 -4.29199 1
    endloop
  endfacet
  facet normal 0.848012 -0.139976 0.511158
    outer loop
      vertex 13.8802 -1.82737 14.4444
      vertex 13.731 -2.73126 14.4444
      vertex 21.5773 -4.29199 1
    endloop
  endfacet
  facet normal 0.453882 -0.729871 0.511155
    outer loop
      vertex 7.77798 -11.6406 14.4444
      vertex 7 -12.1244 14.4444
      vertex 12.2225 -18.2923 1
    endloop
  endfacet
  facet normal 0.354691 -0.782888 0.511157
    outer loop
      vertex 9.73035 -19.7312 1
      vertex 5.35757 -12.9343 14.4444
      vertex 8.41903 -20.3253 1
    endloop
  endfacet
  facet normal 0.881933 -0.471374 0
    outer loop
      vertex 19.0526 -11 1
      vertex 19.7312 -9.73035 0
      vertex 19.7312 -9.73035 1
    endloop
  endfacet
  facet normal 0.881933 -0.471374 0
    outer loop
      vertex 19.7312 -9.73035 0
      vertex 19.0526 -11 1
      vertex 19.0526 -11 0
    endloop
  endfacet
  facet normal 0.956941 0.290281 0
    outer loop
      vertex 21.2504 5.69402 1
      vertex 20.8325 7.07167 0
      vertex 20.8325 7.07167 1
    endloop
  endfacet
  facet normal 0.956941 0.290281 0
    outer loop
      vertex 20.8325 7.07167 0
      vertex 21.2504 5.69402 1
      vertex 21.2504 5.69402 0
    endloop
  endfacet
  facet normal 0.855348 0.0842386 0.51116
    outer loop
      vertex 21.8118 2.87158 1
      vertex 13.8802 1.82737 14.4444
      vertex 21.9529 1.43887 1
    endloop
  endfacet
  facet normal 0.634413 0.772994 -0
    outer loop
      vertex 14.5056 16.5405 0
      vertex 13.3928 17.4538 1
      vertex 14.5056 16.5405 1
    endloop
  endfacet
  facet normal 0.634413 0.772994 0
    outer loop
      vertex 13.3928 17.4538 1
      vertex 14.5056 16.5405 0
      vertex 13.3928 17.4538 0
    endloop
  endfacet
  facet normal 0.14 0.848007 0.51116
    outer loop
      vertex 2.87158 21.8118 1
      vertex 1.82737 13.8802 14.4444
      vertex 4.29199 21.5773 1
    endloop
  endfacet
  facet normal -0.859027 -0.0281194 0.511158
    outer loop
      vertex -14 0 14.4444
      vertex -22 0 1
      vertex -21.9529 -1.43887 1
    endloop
  endfacet
  facet normal -0.999465 -0.0327165 0
    outer loop
      vertex -21.9529 -1.43887 0
      vertex -22 0 1
      vertex -22 0 0
    endloop
  endfacet
  facet normal -0.999465 -0.0327165 0
    outer loop
      vertex -22 0 1
      vertex -21.9529 -1.43887 0
      vertex -21.9529 -1.43887 1
    endloop
  endfacet
  facet normal -0.837042 0.195139 0.511157
    outer loop
      vertex -13.523 3.62347 14.4444
      vertex -21.2504 5.69402 1
      vertex -13.731 2.73126 14.4444
    endloop
  endfacet
  facet normal -0.729871 0.453882 0.511155
    outer loop
      vertex -11.6406 7.77798 14.4444
      vertex -18.2923 12.2225 1
      vertex -12.1244 7 14.4444
    endloop
  endfacet
  facet normal -0.837035 0.195165 0.511159
    outer loop
      vertex -21.2504 5.69402 1
      vertex -21.5773 4.29199 1
      vertex -13.731 2.73126 14.4444
    endloop
  endfacet
  facet normal -0.855348 0.0842386 0.51116
    outer loop
      vertex -21.8118 2.87158 1
      vertex -21.9529 1.43887 1
      vertex -13.8802 1.82737 14.4444
    endloop
  endfacet
  facet normal 0 0 1
    outer loop
      vertex 8 0 14.4444
      vertex 14 0 14.4444
      vertex 13.97 0.915644 14.4444
    endloop
  endfacet
  facet normal 0 0 1
    outer loop
      vertex 7.98287 0.523225 14.4444
      vertex 13.97 0.915644 14.4444
      vertex 13.8802 1.82737 14.4444
    endloop
  endfacet
  facet normal 0 0 1
    outer loop
      vertex 14 0 14.4444
      vertex 8 0 14.4444
      vertex 13.97 -0.915644 14.4444
    endloop
  endfacet
  facet normal 0 0 1
    outer loop
      vertex 7.93156 1.04421 14.4444
      vertex 13.8802 1.82737 14.4444
      vertex 13.731 2.73126 14.4444
    endloop
  endfacet
  facet normal -0 0 1
    outer loop
      vertex 7.98287 -0.523225 14.4444
      vertex 13.97 -0.915644 14.4444
      vertex 8 0 14.4444
    endloop
  endfacet
  facet normal 0 0 1
    outer loop
      vertex 7.84628 1.56072 14.4444
      vertex 13.731 2.73126 14.4444
      vertex 13.523 3.62347 14.4444
    endloop
  endfacet
  facet normal 0 0 1
    outer loop
      vertex 13.97 -0.915644 14.4444
      vertex 7.98287 -0.523225 14.4444
      vertex 13.8802 -1.82737 14.4444
    endloop
  endfacet
  facet normal 0 0 1
    outer loop
      vertex 7.72741 2.07055 14.4444
      vertex 13.523 3.62347 14.4444
      vertex 13.257 4.50015 14.4444
    endloop
  endfacet
  facet normal -0 0 1
    outer loop
      vertex 7.93156 -1.04421 14.4444
      vertex 13.8802 -1.82737 14.4444
      vertex 7.98287 -0.523225 14.4444
    endloop
  endfacet
  facet normal 0 0 1
    outer loop
      vertex 7.57544 2.57152 14.4444
      vertex 13.257 4.50015 14.4444
      vertex 12.9343 5.35757 14.4444
    endloop
  endfacet
  facet normal 0 0 1
    outer loop
      vertex 13.8802 -1.82737 14.4444
      vertex 7.93156 -1.04421 14.4444
      vertex 13.731 -2.73126 14.4444
    endloop
  endfacet
  facet normal 0 0 1
    outer loop
      vertex 7.39104 3.06147 14.4444
      vertex 12.9343 5.35757 14.4444
      vertex 12.5562 6.19204 14.4444
    endloop
  endfacet
  facet normal -0 0 1
    outer loop
      vertex 7.84628 -1.56072 14.4444
      vertex 13.731 -2.73126 14.4444
      vertex 7.93156 -1.04421 14.4444
    endloop
  endfacet
  facet normal 0 0 1
    outer loop
      vertex 7.17498 3.53831 14.4444
      vertex 12.5562 6.19204 14.4444
      vertex 12.1244 7 14.4444
    endloop
  endfacet
  facet normal 0 0 1
    outer loop
      vertex 13.731 -2.73126 14.4444
      vertex 7.84628 -1.56072 14.4444
      vertex 13.523 -3.62347 14.4444
    endloop
  endfacet
  facet normal 0 0 1
    outer loop
      vertex 6.9282 4 14.4444
      vertex 12.1244 7 14.4444
      vertex 11.6406 7.77798 14.4444
    endloop
  endfacet
  facet normal -0 0 1
    outer loop
      vertex 7.72741 -2.07055 14.4444
      vertex 13.523 -3.62347 14.4444
      vertex 7.84628 -1.56072 14.4444
    endloop
  endfacet
  facet normal 0 0 1
    outer loop
      vertex 6.65176 4.44456 14.4444
      vertex 11.6406 7.77798 14.4444
      vertex 11.1069 8.52266 14.4444
    endloop
  endfacet
  facet normal 0 0 1
    outer loop
      vertex 13.523 -3.62347 14.4444
      vertex 7.72741 -2.07055 14.4444
      vertex 13.257 -4.50015 14.4444
    endloop
  endfacet
  facet normal 0 0 1
    outer loop
      vertex 6.34683 4.87009 14.4444
      vertex 11.1069 8.52266 14.4444
      vertex 10.5258 9.23084 14.4444
    endloop
  endfacet
  facet normal -0 0 1
    outer loop
      vertex 7.57544 -2.57152 14.4444
      vertex 13.257 -4.50015 14.4444
      vertex 7.72741 -2.07055 14.4444
    endloop
  endfacet
  facet normal 0 0 1
    outer loop
      vertex 6.01472 5.27477 14.4444
      vertex 10.5258 9.23084 14.4444
      vertex 9.89949 9.89949 14.4444
    endloop
  endfacet
  facet normal 0 0 1
    outer loop
      vertex 13.257 -4.50015 14.4444
      vertex 7.57544 -2.57152 14.4444
      vertex 12.9343 -5.35757 14.4444
    endloop
  endfacet
  facet normal 0 0 1
    outer loop
      vertex 5.65685 5.65685 14.4444
      vertex 9.89949 9.89949 14.4444
      vertex 9.23084 10.5258 14.4444
    endloop
  endfacet
  facet normal -0 0 1
    outer loop
      vertex 7.39104 -3.06147 14.4444
      vertex 12.9343 -5.35757 14.4444
      vertex 7.57544 -2.57152 14.4444
    endloop
  endfacet
  facet normal 0 0 1
    outer loop
      vertex 5.27477 6.01472 14.4444
      vertex 9.23084 10.5258 14.4444
      vertex 8.52266 11.1069 14.4444
    endloop
  endfacet
  facet normal 0 0 1
    outer loop
      vertex 12.9343 -5.35757 14.4444
      vertex 7.39104 -3.06147 14.4444
      vertex 12.5562 -6.19204 14.4444
    endloop
  endfacet
  facet normal -0 0 1
    outer loop
      vertex 7.17498 -3.53831 14.4444
      vertex 12.5562 -6.19204 14.4444
      vertex 7.39104 -3.06147 14.4444
    endloop
  endfacet
  facet normal 0 0 1
    outer loop
      vertex 13.97 0.915644 14.4444
      vertex 7.98287 0.523225 14.4444
      vertex 8 0 14.4444
    endloop
  endfacet
  facet normal 0 0 1
    outer loop
      vertex 13.8802 1.82737 14.4444
      vertex 7.93156 1.04421 14.4444
      vertex 7.98287 0.523225 14.4444
    endloop
  endfacet
  facet normal 0 0 1
    outer loop
      vertex 13.731 2.73126 14.4444
      vertex 7.84628 1.56072 14.4444
      vertex 7.93156 1.04421 14.4444
    endloop
  endfacet
  facet normal 0 0 1
    outer loop
      vertex 4.87009 6.34683 14.4444
      vertex 8.52266 11.1069 14.4444
      vertex 7.77798 11.6406 14.4444
    endloop
  endfacet
  facet normal 0 0 1
    outer loop
      vertex 13.523 3.62347 14.4444
      vertex 7.72741 2.07055 14.4444
      vertex 7.84628 1.56072 14.4444
    endloop
  endfacet
  facet normal 0 0 1
    outer loop
      vertex 13.257 4.50015 14.4444
      vertex 7.57544 2.57152 14.4444
      vertex 7.72741 2.07055 14.4444
    endloop
  endfacet
  facet normal 0 0 1
    outer loop
      vertex 12.9343 5.35757 14.4444
      vertex 7.39104 3.06147 14.4444
      vertex 7.57544 2.57152 14.4444
    endloop
  endfacet
  facet normal 0 0 1
    outer loop
      vertex 12.5562 6.19204 14.4444
      vertex 7.17498 3.53831 14.4444
      vertex 7.39104 3.06147 14.4444
    endloop
  endfacet
  facet normal 0 0 1
    outer loop
      vertex 4.44456 6.65176 14.4444
      vertex 7.77798 11.6406 14.4444
      vertex 7 12.1244 14.4444
    endloop
  endfacet
  facet normal 0 0 1
    outer loop
      vertex 12.1244 7 14.4444
      vertex 6.9282 4 14.4444
      vertex 7.17498 3.53831 14.4444
    endloop
  endfacet
  facet normal 0 0 1
    outer loop
      vertex 11.6406 7.77798 14.4444
      vertex 6.65176 4.44456 14.4444
      vertex 6.9282 4 14.4444
    endloop
  endfacet
  facet normal 0 0 1
    outer loop
      vertex 11.1069 8.52266 14.4444
      vertex 6.34683 4.87009 14.4444
      vertex 6.65176 4.44456 14.4444
    endloop
  endfacet
  facet normal 0 0 1
    outer loop
      vertex 4 6.9282 14.4444
      vertex 7 12.1244 14.4444
      vertex 6.19204 12.5562 14.4444
    endloop
  endfacet
  facet normal 0 0 1
    outer loop
      vertex 10.5258 9.23084 14.4444
      vertex 6.01472 5.27477 14.4444
      vertex 6.34683 4.87009 14.4444
    endloop
  endfacet
  facet normal 0 0 1
    outer loop
      vertex 9.89949 9.89949 14.4444
      vertex 5.65685 5.65685 14.4444
      vertex 6.01472 5.27477 14.4444
    endloop
  endfacet
  facet normal 0 0 1
    outer loop
      vertex 3.53831 7.17498 14.4444
      vertex 6.19204 12.5562 14.4444
      vertex 5.35757 12.9343 14.4444
    endloop
  endfacet
  facet normal 0 0 1
    outer loop
      vertex 9.23084 10.5258 14.4444
      vertex 5.27477 6.01472 14.4444
      vertex 5.65685 5.65685 14.4444
    endloop
  endfacet
  facet normal 0 0 1
    outer loop
      vertex 8.52266 11.1069 14.4444
      vertex 4.87009 6.34683 14.4444
      vertex 5.27477 6.01472 14.4444
    endloop
  endfacet
  facet normal 0 0 1
    outer loop
      vertex 3.06147 7.39104 14.4444
      vertex 5.35757 12.9343 14.4444
      vertex 4.50015 13.257 14.4444
    endloop
  endfacet
  facet normal 0 0 1
    outer loop
      vertex 7.77798 11.6406 14.4444
      vertex 4.44456 6.65176 14.4444
      vertex 4.87009 6.34683 14.4444
    endloop
  endfacet
  facet normal 0 0 1
    outer loop
      vertex 7 12.1244 14.4444
      vertex 4 6.9282 14.4444
      vertex 4.44456 6.65176 14.4444
    endloop
  endfacet
  facet normal 0 0 1
    outer loop
      vertex 2.57152 7.57544 14.4444
      vertex 4.50015 13.257 14.4444
      vertex 3.62347 13.523 14.4444
    endloop
  endfacet
  facet normal 0 0 1
    outer loop
      vertex 6.19204 12.5562 14.4444
      vertex 3.53831 7.17498 14.4444
      vertex 4 6.9282 14.4444
    endloop
  endfacet
  facet normal 0 0 1
    outer loop
      vertex 5.35757 12.9343 14.4444
      vertex 3.06147 7.39104 14.4444
      vertex 3.53831 7.17498 14.4444
    endloop
  endfacet
  facet normal 0 0 1
    outer loop
      vertex 2.07055 7.72741 14.4444
      vertex 3.62347 13.523 14.4444
      vertex 2.73126 13.731 14.4444
    endloop
  endfacet
  facet normal 0 0 1
    outer loop
      vertex 4.50015 13.257 14.4444
      vertex 2.57152 7.57544 14.4444
      vertex 3.06147 7.39104 14.4444
    endloop
  endfacet
  facet normal 0 0 1
    outer loop
      vertex 3.62347 13.523 14.4444
      vertex 2.07055 7.72741 14.4444
      vertex 2.57152 7.57544 14.4444
    endloop
  endfacet
  facet normal 0 0 1
    outer loop
      vertex 1.56072 7.84628 14.4444
      vertex 2.73126 13.731 14.4444
      vertex 1.82737 13.8802 14.4444
    endloop
  endfacet
  facet normal 0 0 1
    outer loop
      vertex 2.73126 13.731 14.4444
      vertex 1.56072 7.84628 14.4444
      vertex 2.07055 7.72741 14.4444
    endloop
  endfacet
  facet normal 0 0 1
    outer loop
      vertex 1.82737 13.8802 14.4444
      vertex 1.04421 7.93156 14.4444
      vertex 1.56072 7.84628 14.4444
    endloop
  endfacet
  facet normal 0 0 1
    outer loop
      vertex 0.915644 13.97 14.4444
      vertex 1.04421 7.93156 14.4444
      vertex 1.82737 13.8802 14.4444
    endloop
  endfacet
  facet normal 0 0 1
    outer loop
      vertex 0.915644 13.97 14.4444
      vertex 0.523225 7.98287 14.4444
      vertex 1.04421 7.93156 14.4444
    endloop
  endfacet
  facet normal 0 0 1
    outer loop
      vertex 0 14 14.4444
      vertex 0.523225 7.98287 14.4444
      vertex 0.915644 13.97 14.4444
    endloop
  endfacet
  facet normal 0 0 1
    outer loop
      vertex 0 14 14.4444
      vertex 0 8 14.4444
      vertex 0.523225 7.98287 14.4444
    endloop
  endfacet
  facet normal 0 0 1
    outer loop
      vertex 0 14 14.4444
      vertex -0.523225 7.98287 14.4444
      vertex 0 8 14.4444
    endloop
  endfacet
  facet normal -0 0 1
    outer loop
      vertex -0.915644 13.97 14.4444
      vertex -0.523225 7.98287 14.4444
      vertex 0 14 14.4444
    endloop
  endfacet
  facet normal 0 0 1
    outer loop
      vertex -0.915644 13.97 14.4444
      vertex -1.04421 7.93156 14.4444
      vertex -0.523225 7.98287 14.4444
    endloop
  endfacet
  facet normal -0 0 1
    outer loop
      vertex -1.82737 13.8802 14.4444
      vertex -1.04421 7.93156 14.4444
      vertex -0.915644 13.97 14.4444
    endloop
  endfacet
  facet normal 0 0 1
    outer loop
      vertex -1.04421 7.93156 14.4444
      vertex -1.82737 13.8802 14.4444
      vertex -1.56072 7.84628 14.4444
    endloop
  endfacet
  facet normal -0 0 1
    outer loop
      vertex -2.73126 13.731 14.4444
      vertex -1.56072 7.84628 14.4444
      vertex -1.82737 13.8802 14.4444
    endloop
  endfacet
  facet normal 0 0 1
    outer loop
      vertex -1.56072 7.84628 14.4444
      vertex -2.73126 13.731 14.4444
      vertex -2.07055 7.72741 14.4444
    endloop
  endfacet
  facet normal -0 0 1
    outer loop
      vertex -3.62347 13.523 14.4444
      vertex -2.07055 7.72741 14.4444
      vertex -2.73126 13.731 14.4444
    endloop
  endfacet
  facet normal 0 0 1
    outer loop
      vertex -2.07055 7.72741 14.4444
      vertex -3.62347 13.523 14.4444
      vertex -2.57152 7.57544 14.4444
    endloop
  endfacet
  facet normal -0 0 1
    outer loop
      vertex -4.50015 13.257 14.4444
      vertex -2.57152 7.57544 14.4444
      vertex -3.62347 13.523 14.4444
    endloop
  endfacet
  facet normal 0 0 1
    outer loop
      vertex -2.57152 7.57544 14.4444
      vertex -4.50015 13.257 14.4444
      vertex -3.06147 7.39104 14.4444
    endloop
  endfacet
  facet normal -0 0 1
    outer loop
      vertex -5.35757 12.9343 14.4444
      vertex -3.06147 7.39104 14.4444
      vertex -4.50015 13.257 14.4444
    endloop
  endfacet
  facet normal 0 0 1
    outer loop
      vertex -3.06147 7.39104 14.4444
      vertex -5.35757 12.9343 14.4444
      vertex -3.53831 7.17498 14.4444
    endloop
  endfacet
  facet normal -0 0 1
    outer loop
      vertex -6.19204 12.5562 14.4444
      vertex -3.53831 7.17498 14.4444
      vertex -5.35757 12.9343 14.4444
    endloop
  endfacet
  facet normal 0 0 1
    outer loop
      vertex -3.53831 7.17498 14.4444
      vertex -6.19204 12.5562 14.4444
      vertex -4 6.9282 14.4444
    endloop
  endfacet
  facet normal -0 0 1
    outer loop
      vertex -7 12.1244 14.4444
      vertex -4 6.9282 14.4444
      vertex -6.19204 12.5562 14.4444
    endloop
  endfacet
  facet normal 0 0 1
    outer loop
      vertex -4 6.9282 14.4444
      vertex -7 12.1244 14.4444
      vertex -4.44456 6.65176 14.4444
    endloop
  endfacet
  facet normal -0 0 1
    outer loop
      vertex -7.77798 11.6406 14.4444
      vertex -4.44456 6.65176 14.4444
      vertex -7 12.1244 14.4444
    endloop
  endfacet
  facet normal 0 0 1
    outer loop
      vertex -4.44456 6.65176 14.4444
      vertex -7.77798 11.6406 14.4444
      vertex -4.87009 6.34683 14.4444
    endloop
  endfacet
  facet normal -0 0 1
    outer loop
      vertex -8.52266 11.1069 14.4444
      vertex -4.87009 6.34683 14.4444
      vertex -7.77798 11.6406 14.4444
    endloop
  endfacet
  facet normal 0 0 1
    outer loop
      vertex -4.87009 6.34683 14.4444
      vertex -8.52266 11.1069 14.4444
      vertex -5.27477 6.01472 14.4444
    endloop
  endfacet
  facet normal -0 0 1
    outer loop
      vertex -9.23084 10.5258 14.4444
      vertex -5.27477 6.01472 14.4444
      vertex -8.52266 11.1069 14.4444
    endloop
  endfacet
  facet normal 0 0 1
    outer loop
      vertex -5.27477 6.01472 14.4444
      vertex -9.23084 10.5258 14.4444
      vertex -5.65685 5.65685 14.4444
    endloop
  endfacet
  facet normal -0 0 1
    outer loop
      vertex -9.89949 9.89949 14.4444
      vertex -5.65685 5.65685 14.4444
      vertex -9.23084 10.5258 14.4444
    endloop
  endfacet
  facet normal 0 0 1
    outer loop
      vertex -5.65685 5.65685 14.4444
      vertex -9.89949 9.89949 14.4444
      vertex -6.01472 5.27477 14.4444
    endloop
  endfacet
  facet normal -0 0 1
    outer loop
      vertex -10.5258 9.23084 14.4444
      vertex -6.01472 5.27477 14.4444
      vertex -9.89949 9.89949 14.4444
    endloop
  endfacet
  facet normal 0 0 1
    outer loop
      vertex -6.01472 5.27477 14.4444
      vertex -10.5258 9.23084 14.4444
      vertex -6.34683 4.87009 14.4444
    endloop
  endfacet
  facet normal -0 0 1
    outer loop
      vertex -11.1069 8.52266 14.4444
      vertex -6.34683 4.87009 14.4444
      vertex -10.5258 9.23084 14.4444
    endloop
  endfacet
  facet normal 0 0 1
    outer loop
      vertex -6.34683 4.87009 14.4444
      vertex -11.1069 8.52266 14.4444
      vertex -6.65176 4.44456 14.4444
    endloop
  endfacet
  facet normal -0 0 1
    outer loop
      vertex -11.6406 7.77798 14.4444
      vertex -6.65176 4.44456 14.4444
      vertex -11.1069 8.52266 14.4444
    endloop
  endfacet
  facet normal 0 0 1
    outer loop
      vertex -6.65176 4.44456 14.4444
      vertex -11.6406 7.77798 14.4444
      vertex -6.9282 4 14.4444
    endloop
  endfacet
  facet normal -0 0 1
    outer loop
      vertex -12.1244 7 14.4444
      vertex -6.9282 4 14.4444
      vertex -11.6406 7.77798 14.4444
    endloop
  endfacet
  facet normal 0 0 1
    outer loop
      vertex -6.9282 4 14.4444
      vertex -12.1244 7 14.4444
      vertex -7.17498 3.53831 14.4444
    endloop
  endfacet
  facet normal -0 0 1
    outer loop
      vertex -12.5562 6.19204 14.4444
      vertex -7.17498 3.53831 14.4444
      vertex -12.1244 7 14.4444
    endloop
  endfacet
  facet normal 0 0 1
    outer loop
      vertex 12.5562 -6.19204 14.4444
      vertex 7.17498 -3.53831 14.4444
      vertex 12.1244 -7 14.4444
    endloop
  endfacet
  facet normal -0 0 1
    outer loop
      vertex 6.9282 -4 14.4444
      vertex 12.1244 -7 14.4444
      vertex 7.17498 -3.53831 14.4444
    endloop
  endfacet
  facet normal 0 0 1
    outer loop
      vertex 12.1244 -7 14.4444
      vertex 6.9282 -4 14.4444
      vertex 11.6406 -7.77798 14.4444
    endloop
  endfacet
  facet normal -0 0 1
    outer loop
      vertex 6.65176 -4.44456 14.4444
      vertex 11.6406 -7.77798 14.4444
      vertex 6.9282 -4 14.4444
    endloop
  endfacet
  facet normal 0 0 1
    outer loop
      vertex 11.6406 -7.77798 14.4444
      vertex 6.65176 -4.44456 14.4444
      vertex 11.1069 -8.52266 14.4444
    endloop
  endfacet
  facet normal -0 0 1
    outer loop
      vertex 6.34683 -4.87009 14.4444
      vertex 11.1069 -8.52266 14.4444
      vertex 6.65176 -4.44456 14.4444
    endloop
  endfacet
  facet normal 0 0 1
    outer loop
      vertex 11.1069 -8.52266 14.4444
      vertex 6.34683 -4.87009 14.4444
      vertex 10.5258 -9.23084 14.4444
    endloop
  endfacet
  facet normal -0 0 1
    outer loop
      vertex 6.01472 -5.27477 14.4444
      vertex 10.5258 -9.23084 14.4444
      vertex 6.34683 -4.87009 14.4444
    endloop
  endfacet
  facet normal 0 0 1
    outer loop
      vertex 10.5258 -9.23084 14.4444
      vertex 6.01472 -5.27477 14.4444
      vertex 9.89949 -9.89949 14.4444
    endloop
  endfacet
  facet normal -0 0 1
    outer loop
      vertex 5.65685 -5.65685 14.4444
      vertex 9.89949 -9.89949 14.4444
      vertex 6.01472 -5.27477 14.4444
    endloop
  endfacet
  facet normal 0 0 1
    outer loop
      vertex 9.89949 -9.89949 14.4444
      vertex 5.65685 -5.65685 14.4444
      vertex 9.23084 -10.5258 14.4444
    endloop
  endfacet
  facet normal -0 0 1
    outer loop
      vertex 5.27477 -6.01472 14.4444
      vertex 9.23084 -10.5258 14.4444
      vertex 5.65685 -5.65685 14.4444
    endloop
  endfacet
  facet normal 0 0 1
    outer loop
      vertex 9.23084 -10.5258 14.4444
      vertex 5.27477 -6.01472 14.4444
      vertex 8.52266 -11.1069 14.4444
    endloop
  endfacet
  facet normal -0 0 1
    outer loop
      vertex 4.87009 -6.34683 14.4444
      vertex 8.52266 -11.1069 14.4444
      vertex 5.27477 -6.01472 14.4444
    endloop
  endfacet
  facet normal 0 0 1
    outer loop
      vertex 8.52266 -11.1069 14.4444
      vertex 4.87009 -6.34683 14.4444
      vertex 7.77798 -11.6406 14.4444
    endloop
  endfacet
  facet normal -0 0 1
    outer loop
      vertex 4.44456 -6.65176 14.4444
      vertex 7.77798 -11.6406 14.4444
      vertex 4.87009 -6.34683 14.4444
    endloop
  endfacet
  facet normal 0 0 1
    outer loop
      vertex 7.77798 -11.6406 14.4444
      vertex 4.44456 -6.65176 14.4444
      vertex 7 -12.1244 14.4444
    endloop
  endfacet
  facet normal -0 0 1
    outer loop
      vertex 4 -6.9282 14.4444
      vertex 7 -12.1244 14.4444
      vertex 4.44456 -6.65176 14.4444
    endloop
  endfacet
  facet normal 0 0 1
    outer loop
      vertex 7 -12.1244 14.4444
      vertex 4 -6.9282 14.4444
      vertex 6.19204 -12.5562 14.4444
    endloop
  endfacet
  facet normal -0 0 1
    outer loop
      vertex 3.53831 -7.17498 14.4444
      vertex 6.19204 -12.5562 14.4444
      vertex 4 -6.9282 14.4444
    endloop
  endfacet
  facet normal 0 0 1
    outer loop
      vertex 6.19204 -12.5562 14.4444
      vertex 3.53831 -7.17498 14.4444
      vertex 5.35757 -12.9343 14.4444
    endloop
  endfacet
  facet normal -0 0 1
    outer loop
      vertex 3.06147 -7.39104 14.4444
      vertex 5.35757 -12.9343 14.4444
      vertex 3.53831 -7.17498 14.4444
    endloop
  endfacet
  facet normal 0 0 1
    outer loop
      vertex 5.35757 -12.9343 14.4444
      vertex 3.06147 -7.39104 14.4444
      vertex 4.50015 -13.257 14.4444
    endloop
  endfacet
  facet normal -0 0 1
    outer loop
      vertex 2.57152 -7.57544 14.4444
      vertex 4.50015 -13.257 14.4444
      vertex 3.06147 -7.39104 14.4444
    endloop
  endfacet
  facet normal 0 0 1
    outer loop
      vertex 4.50015 -13.257 14.4444
      vertex 2.57152 -7.57544 14.4444
      vertex 3.62347 -13.523 14.4444
    endloop
  endfacet
  facet normal -0 0 1
    outer loop
      vertex 2.07055 -7.72741 14.4444
      vertex 3.62347 -13.523 14.4444
      vertex 2.57152 -7.57544 14.4444
    endloop
  endfacet
  facet normal 0 0 1
    outer loop
      vertex 3.62347 -13.523 14.4444
      vertex 2.07055 -7.72741 14.4444
      vertex 2.73126 -13.731 14.4444
    endloop
  endfacet
  facet normal -0 0 1
    outer loop
      vertex 1.56072 -7.84628 14.4444
      vertex 2.73126 -13.731 14.4444
      vertex 2.07055 -7.72741 14.4444
    endloop
  endfacet
  facet normal 0 0 1
    outer loop
      vertex 2.73126 -13.731 14.4444
      vertex 1.56072 -7.84628 14.4444
      vertex 1.82737 -13.8802 14.4444
    endloop
  endfacet
  facet normal -0 0 1
    outer loop
      vertex 1.04421 -7.93156 14.4444
      vertex 1.82737 -13.8802 14.4444
      vertex 1.56072 -7.84628 14.4444
    endloop
  endfacet
  facet normal 0 0 1
    outer loop
      vertex 1.04421 -7.93156 14.4444
      vertex 0.915644 -13.97 14.4444
      vertex 1.82737 -13.8802 14.4444
    endloop
  endfacet
  facet normal -0 0 1
    outer loop
      vertex 0.523225 -7.98287 14.4444
      vertex 0.915644 -13.97 14.4444
      vertex 1.04421 -7.93156 14.4444
    endloop
  endfacet
  facet normal -0 0 1
    outer loop
      vertex 0 -8 14.4444
      vertex 0.915644 -13.97 14.4444
      vertex 0.523225 -7.98287 14.4444
    endloop
  endfacet
  facet normal 0 0 1
    outer loop
      vertex 0 -8 14.4444
      vertex 0 -14 14.4444
      vertex 0.915644 -13.97 14.4444
    endloop
  endfacet
  facet normal 0 0 1
    outer loop
      vertex -0.523225 -7.98287 14.4444
      vertex 0 -14 14.4444
      vertex 0 -8 14.4444
    endloop
  endfacet
  facet normal 0 0 1
    outer loop
      vertex -0.523225 -7.98287 14.4444
      vertex -0.915644 -13.97 14.4444
      vertex 0 -14 14.4444
    endloop
  endfacet
  facet normal 0 0 1
    outer loop
      vertex -1.04421 -7.93156 14.4444
      vertex -0.915644 -13.97 14.4444
      vertex -0.523225 -7.98287 14.4444
    endloop
  endfacet
  facet normal 0 0 1
    outer loop
      vertex -1.82737 -13.8802 14.4444
      vertex -1.04421 -7.93156 14.4444
      vertex -1.56072 -7.84628 14.4444
    endloop
  endfacet
  facet normal 0 0 1
    outer loop
      vertex -1.04421 -7.93156 14.4444
      vertex -1.82737 -13.8802 14.4444
      vertex -0.915644 -13.97 14.4444
    endloop
  endfacet
  facet normal 0 0 1
    outer loop
      vertex -2.73126 -13.731 14.4444
      vertex -1.56072 -7.84628 14.4444
      vertex -2.07055 -7.72741 14.4444
    endloop
  endfacet
  facet normal 0 0 1
    outer loop
      vertex -3.62347 -13.523 14.4444
      vertex -2.07055 -7.72741 14.4444
      vertex -2.57152 -7.57544 14.4444
    endloop
  endfacet
  facet normal 0 0 1
    outer loop
      vertex -1.56072 -7.84628 14.4444
      vertex -2.73126 -13.731 14.4444
      vertex -1.82737 -13.8802 14.4444
    endloop
  endfacet
  facet normal 0 0 1
    outer loop
      vertex -4.50015 -13.257 14.4444
      vertex -2.57152 -7.57544 14.4444
      vertex -3.06147 -7.39104 14.4444
    endloop
  endfacet
  facet normal 0 0 1
    outer loop
      vertex -5.35757 -12.9343 14.4444
      vertex -3.06147 -7.39104 14.4444
      vertex -3.53831 -7.17498 14.4444
    endloop
  endfacet
  facet normal 0 0 1
    outer loop
      vertex -2.07055 -7.72741 14.4444
      vertex -3.62347 -13.523 14.4444
      vertex -2.73126 -13.731 14.4444
    endloop
  endfacet
  facet normal 0 0 1
    outer loop
      vertex -6.19204 -12.5562 14.4444
      vertex -3.53831 -7.17498 14.4444
      vertex -4 -6.9282 14.4444
    endloop
  endfacet
  facet normal 0 0 1
    outer loop
      vertex -7 -12.1244 14.4444
      vertex -4 -6.9282 14.4444
      vertex -4.44456 -6.65176 14.4444
    endloop
  endfacet
  facet normal 0 0 1
    outer loop
      vertex -2.57152 -7.57544 14.4444
      vertex -4.50015 -13.257 14.4444
      vertex -3.62347 -13.523 14.4444
    endloop
  endfacet
  facet normal 0 0 1
    outer loop
      vertex -7.77798 -11.6406 14.4444
      vertex -4.44456 -6.65176 14.4444
      vertex -4.87009 -6.34683 14.4444
    endloop
  endfacet
  facet normal 0 0 1
    outer loop
      vertex -8.52266 -11.1069 14.4444
      vertex -4.87009 -6.34683 14.4444
      vertex -5.27477 -6.01472 14.4444
    endloop
  endfacet
  facet normal 0 0 1
    outer loop
      vertex -3.06147 -7.39104 14.4444
      vertex -5.35757 -12.9343 14.4444
      vertex -4.50015 -13.257 14.4444
    endloop
  endfacet
  facet normal 0 0 1
    outer loop
      vertex -9.23084 -10.5258 14.4444
      vertex -5.27477 -6.01472 14.4444
      vertex -5.65685 -5.65685 14.4444
    endloop
  endfacet
  facet normal 0 0 1
    outer loop
      vertex -9.89949 -9.89949 14.4444
      vertex -5.65685 -5.65685 14.4444
      vertex -6.01472 -5.27477 14.4444
    endloop
  endfacet
  facet normal 0 0 1
    outer loop
      vertex -3.53831 -7.17498 14.4444
      vertex -6.19204 -12.5562 14.4444
      vertex -5.35757 -12.9343 14.4444
    endloop
  endfacet
  facet normal 0 0 1
    outer loop
      vertex -10.5258 -9.23084 14.4444
      vertex -6.01472 -5.27477 14.4444
      vertex -6.34683 -4.87009 14.4444
    endloop
  endfacet
  facet normal 0 0 1
    outer loop
      vertex -11.1069 -8.52266 14.4444
      vertex -6.34683 -4.87009 14.4444
      vertex -6.65176 -4.44456 14.4444
    endloop
  endfacet
  facet normal 0 0 1
    outer loop
      vertex -11.6406 -7.77798 14.4444
      vertex -6.65176 -4.44456 14.4444
      vertex -6.9282 -4 14.4444
    endloop
  endfacet
  facet normal 0 0 1
    outer loop
      vertex -4 -6.9282 14.4444
      vertex -7 -12.1244 14.4444
      vertex -6.19204 -12.5562 14.4444
    endloop
  endfacet
  facet normal 0 0 1
    outer loop
      vertex -12.1244 -7 14.4444
      vertex -6.9282 -4 14.4444
      vertex -7.17498 -3.53831 14.4444
    endloop
  endfacet
  facet normal 0 0 1
    outer loop
      vertex -12.5562 -6.19204 14.4444
      vertex -7.17498 -3.53831 14.4444
      vertex -7.39104 -3.06147 14.4444
    endloop
  endfacet
  facet normal 0 0 1
    outer loop
      vertex -12.9343 -5.35757 14.4444
      vertex -7.39104 -3.06147 14.4444
      vertex -7.57544 -2.57152 14.4444
    endloop
  endfacet
  facet normal 0 0 1
    outer loop
      vertex -13.257 -4.50015 14.4444
      vertex -7.57544 -2.57152 14.4444
      vertex -7.72741 -2.07055 14.4444
    endloop
  endfacet
  facet normal 0 0 1
    outer loop
      vertex -4.44456 -6.65176 14.4444
      vertex -7.77798 -11.6406 14.4444
      vertex -7 -12.1244 14.4444
    endloop
  endfacet
  facet normal 0 0 1
    outer loop
      vertex -13.523 -3.62347 14.4444
      vertex -7.72741 -2.07055 14.4444
      vertex -7.84628 -1.56072 14.4444
    endloop
  endfacet
  facet normal 0 0 1
    outer loop
      vertex -13.731 -2.73126 14.4444
      vertex -7.84628 -1.56072 14.4444
      vertex -7.93156 -1.04421 14.4444
    endloop
  endfacet
  facet normal 0 0 1
    outer loop
      vertex -13.8802 -1.82737 14.4444
      vertex -7.93156 -1.04421 14.4444
      vertex -7.98287 -0.523225 14.4444
    endloop
  endfacet
  facet normal 0 0 1
    outer loop
      vertex -13.97 -0.915644 14.4444
      vertex -7.98287 -0.523225 14.4444
      vertex -8 0 14.4444
    endloop
  endfacet
  facet normal 0 0 1
    outer loop
      vertex -7.17498 3.53831 14.4444
      vertex -12.5562 6.19204 14.4444
      vertex -7.39104 3.06147 14.4444
    endloop
  endfacet
  facet normal 0 0 1
    outer loop
      vertex -4.87009 -6.34683 14.4444
      vertex -8.52266 -11.1069 14.4444
      vertex -7.77798 -11.6406 14.4444
    endloop
  endfacet
  facet normal -0 0 1
    outer loop
      vertex -12.9343 5.35757 14.4444
      vertex -7.39104 3.06147 14.4444
      vertex -12.5562 6.19204 14.4444
    endloop
  endfacet
  facet normal 0 0 1
    outer loop
      vertex -5.27477 -6.01472 14.4444
      vertex -9.23084 -10.5258 14.4444
      vertex -8.52266 -11.1069 14.4444
    endloop
  endfacet
  facet normal 0 0 1
    outer loop
      vertex -7.39104 3.06147 14.4444
      vertex -12.9343 5.35757 14.4444
      vertex -7.57544 2.57152 14.4444
    endloop
  endfacet
  facet normal 0 0 1
    outer loop
      vertex -5.65685 -5.65685 14.4444
      vertex -9.89949 -9.89949 14.4444
      vertex -9.23084 -10.5258 14.4444
    endloop
  endfacet
  facet normal -0 0 1
    outer loop
      vertex -13.257 4.50015 14.4444
      vertex -7.57544 2.57152 14.4444
      vertex -12.9343 5.35757 14.4444
    endloop
  endfacet
  facet normal 0 0 1
    outer loop
      vertex -6.01472 -5.27477 14.4444
      vertex -10.5258 -9.23084 14.4444
      vertex -9.89949 -9.89949 14.4444
    endloop
  endfacet
  facet normal 0 0 1
    outer loop
      vertex -7.57544 2.57152 14.4444
      vertex -13.257 4.50015 14.4444
      vertex -7.72741 2.07055 14.4444
    endloop
  endfacet
  facet normal 0 0 1
    outer loop
      vertex -6.34683 -4.87009 14.4444
      vertex -11.1069 -8.52266 14.4444
      vertex -10.5258 -9.23084 14.4444
    endloop
  endfacet
  facet normal -0 0 1
    outer loop
      vertex -13.523 3.62347 14.4444
      vertex -7.72741 2.07055 14.4444
      vertex -13.257 4.50015 14.4444
    endloop
  endfacet
  facet normal 0 0 1
    outer loop
      vertex -6.65176 -4.44456 14.4444
      vertex -11.6406 -7.77798 14.4444
      vertex -11.1069 -8.52266 14.4444
    endloop
  endfacet
  facet normal 0 0 1
    outer loop
      vertex -7.72741 2.07055 14.4444
      vertex -13.523 3.62347 14.4444
      vertex -7.84628 1.56072 14.4444
    endloop
  endfacet
  facet normal 0 0 1
    outer loop
      vertex -6.9282 -4 14.4444
      vertex -12.1244 -7 14.4444
      vertex -11.6406 -7.77798 14.4444
    endloop
  endfacet
  facet normal -0 0 1
    outer loop
      vertex -13.731 2.73126 14.4444
      vertex -7.84628 1.56072 14.4444
      vertex -13.523 3.62347 14.4444
    endloop
  endfacet
  facet normal 0 0 1
    outer loop
      vertex -7.17498 -3.53831 14.4444
      vertex -12.5562 -6.19204 14.4444
      vertex -12.1244 -7 14.4444
    endloop
  endfacet
  facet normal 0 0 1
    outer loop
      vertex -7.84628 1.56072 14.4444
      vertex -13.731 2.73126 14.4444
      vertex -7.93156 1.04421 14.4444
    endloop
  endfacet
  facet normal 0 0 1
    outer loop
      vertex -7.39104 -3.06147 14.4444
      vertex -12.9343 -5.35757 14.4444
      vertex -12.5562 -6.19204 14.4444
    endloop
  endfacet
  facet normal -0 0 1
    outer loop
      vertex -13.8802 1.82737 14.4444
      vertex -7.93156 1.04421 14.4444
      vertex -13.731 2.73126 14.4444
    endloop
  endfacet
  facet normal 0 0 1
    outer loop
      vertex -7.57544 -2.57152 14.4444
      vertex -13.257 -4.50015 14.4444
      vertex -12.9343 -5.35757 14.4444
    endloop
  endfacet
  facet normal 0 0 1
    outer loop
      vertex -7.93156 1.04421 14.4444
      vertex -13.8802 1.82737 14.4444
      vertex -7.98287 0.523225 14.4444
    endloop
  endfacet
  facet normal 0 0 1
    outer loop
      vertex -7.72741 -2.07055 14.4444
      vertex -13.523 -3.62347 14.4444
      vertex -13.257 -4.50015 14.4444
    endloop
  endfacet
  facet normal -0 0 1
    outer loop
      vertex -13.97 0.915644 14.4444
      vertex -7.98287 0.523225 14.4444
      vertex -13.8802 1.82737 14.4444
    endloop
  endfacet
  facet normal 0 0 1
    outer loop
      vertex -7.84628 -1.56072 14.4444
      vertex -13.731 -2.73126 14.4444
      vertex -13.523 -3.62347 14.4444
    endloop
  endfacet
  facet normal 0 0 1
    outer loop
      vertex -7.98287 0.523225 14.4444
      vertex -13.97 0.915644 14.4444
      vertex -8 0 14.4444
    endloop
  endfacet
  facet normal 0 0 1
    outer loop
      vertex -7.93156 -1.04421 14.4444
      vertex -13.8802 -1.82737 14.4444
      vertex -13.731 -2.73126 14.4444
    endloop
  endfacet
  facet normal 0 0 1
    outer loop
      vertex -14 0 14.4444
      vertex -8 0 14.4444
      vertex -13.97 0.915644 14.4444
    endloop
  endfacet
  facet normal 0 0 1
    outer loop
      vertex -7.98287 -0.523225 14.4444
      vertex -13.97 -0.915644 14.4444
      vertex -13.8802 -1.82737 14.4444
    endloop
  endfacet
  facet normal 0 0 1
    outer loop
      vertex -8 0 14.4444
      vertex -14 0 14.4444
      vertex -13.97 -0.915644 14.4444
    endloop
  endfacet
  facet normal -0.627286 0.587565 0.511156
    outer loop
      vertex -9.89949 9.89949 14.4444
      vertex -15.5563 15.5563 1
      vertex -10.5258 9.23084 14.4444
    endloop
  endfacet
  facet normal -0.812888 0.58242 0
    outer loop
      vertex -18.2923 12.2225 0
      vertex -17.4538 13.3928 1
      vertex -17.4538 13.3928 0
    endloop
  endfacet
  facet normal -0.812888 0.58242 0
    outer loop
      vertex -17.4538 13.3928 1
      vertex -18.2923 12.2225 0
      vertex -18.2923 12.2225 1
    endloop
  endfacet
  facet normal -0.627276 0.587575 0.511156
    outer loop
      vertex -15.5563 15.5563 1
      vertex -16.5405 14.5056 1
      vertex -10.5258 9.23084 14.4444
    endloop
  endfacet
  facet normal -0.698598 0.500673 0.511163
    outer loop
      vertex -11.1069 8.52266 14.4444
      vertex -17.4538 13.3928 1
      vertex -11.6406 7.77798 14.4444
    endloop
  endfacet
  facet normal -0.910877 0.412677 0
    outer loop
      vertex -20.3253 8.41903 0
      vertex -19.7312 9.73035 1
      vertex -19.7312 9.73035 0
    endloop
  endfacet
  facet normal -0.910877 0.412677 0
    outer loop
      vertex -19.7312 9.73035 1
      vertex -20.3253 8.41903 0
      vertex -20.3253 8.41903 1
    endloop
  endfacet
  facet normal -0.986645 0.162888 0
    outer loop
      vertex -21.8118 2.87158 0
      vertex -21.5773 4.29199 1
      vertex -21.5773 4.29199 0
    endloop
  endfacet
  facet normal -0.986645 0.162888 0
    outer loop
      vertex -21.5773 4.29199 1
      vertex -21.8118 2.87158 0
      vertex -21.8118 2.87158 1
    endloop
  endfacet
  facet normal -0.634413 0.772994 0
    outer loop
      vertex -13.3928 17.4538 0
      vertex -14.5056 16.5405 1
      vertex -13.3928 17.4538 1
    endloop
  endfacet
  facet normal -0.634413 0.772994 0
    outer loop
      vertex -14.5056 16.5405 1
      vertex -13.3928 17.4538 0
      vertex -14.5056 16.5405 0
    endloop
  endfacet
  facet normal -0.837035 -0.195165 0.511159
    outer loop
      vertex -13.731 -2.73126 14.4444
      vertex -21.5773 -4.29199 1
      vertex -21.2504 -5.69402 1
    endloop
  endfacet
  facet normal -0.698598 -0.500673 0.511163
    outer loop
      vertex -11.6406 -7.77798 14.4444
      vertex -17.4538 -13.3928 1
      vertex -11.1069 -8.52266 14.4444
    endloop
  endfacet
  facet normal -0.664378 -0.54527 0.511157
    outer loop
      vertex -10.5258 -9.23084 14.4444
      vertex -17.4538 -13.3928 1
      vertex -16.5405 -14.5056 1
    endloop
  endfacet
  facet normal -0.627276 -0.587575 0.511156
    outer loop
      vertex -10.5258 -9.23084 14.4444
      vertex -16.5405 -14.5056 1
      vertex -15.5563 -15.5563 1
    endloop
  endfacet
  facet normal 0.227071 -0.973878 0
    outer loop
      vertex 4.29199 -21.5773 0
      vertex 5.69402 -21.2504 1
      vertex 4.29199 -21.5773 1
    endloop
  endfacet
  facet normal 0.227071 -0.973878 0
    outer loop
      vertex 5.69402 -21.2504 1
      vertex 4.29199 -21.5773 0
      vertex 5.69402 -21.2504 0
    endloop
  endfacet
  facet normal -0.14 -0.848007 0.51116
    outer loop
      vertex -1.82737 -13.8802 14.4444
      vertex -4.29199 -21.5773 1
      vertex -2.87158 -21.8118 1
    endloop
  endfacet
  facet normal -0.0980105 -0.995185 0
    outer loop
      vertex -2.87158 -21.8118 0
      vertex -1.43887 -21.9529 1
      vertex -2.87158 -21.8118 1
    endloop
  endfacet
  facet normal -0.0980105 -0.995185 -0
    outer loop
      vertex -1.43887 -21.9529 1
      vertex -2.87158 -21.8118 0
      vertex -1.43887 -21.9529 0
    endloop
  endfacet
  facet normal -0.195165 -0.837035 0.511159
    outer loop
      vertex -2.73126 -13.731 14.4444
      vertex -5.69402 -21.2504 1
      vertex -4.29199 -21.5773 1
    endloop
  endfacet
  facet normal -0.139976 -0.848012 0.511158
    outer loop
      vertex -2.73126 -13.731 14.4444
      vertex -4.29199 -21.5773 1
      vertex -1.82737 -13.8802 14.4444
    endloop
  endfacet
  facet normal -0.249492 -0.822477 0.511161
    outer loop
      vertex -4.50015 -13.257 14.4444
      vertex -7.07167 -20.8325 1
      vertex -5.69402 -21.2504 1
    endloop
  endfacet
  facet normal -0.302801 -0.804382 0.511157
    outer loop
      vertex -5.35757 -12.9343 14.4444
      vertex -8.41903 -20.3253 1
      vertex -7.07167 -20.8325 1
    endloop
  endfacet
  facet normal -0.634413 -0.772994 0
    outer loop
      vertex -14.5056 -16.5405 0
      vertex -13.3928 -17.4538 1
      vertex -14.5056 -16.5405 1
    endloop
  endfacet
  facet normal -0.634413 -0.772994 -0
    outer loop
      vertex -13.3928 -17.4538 1
      vertex -14.5056 -16.5405 0
      vertex -13.3928 -17.4538 0
    endloop
  endfacet
  facet normal -0.58242 -0.812888 0
    outer loop
      vertex -13.3928 -17.4538 0
      vertex -12.2225 -18.2923 1
      vertex -13.3928 -17.4538 1
    endloop
  endfacet
  facet normal -0.58242 -0.812888 -0
    outer loop
      vertex -12.2225 -18.2923 1
      vertex -13.3928 -17.4538 0
      vertex -12.2225 -18.2923 0
    endloop
  endfacet
  facet normal -0.453882 -0.729871 0.511155
    outer loop
      vertex -7.77798 -11.6406 14.4444
      vertex -12.2225 -18.2923 1
      vertex -7 -12.1244 14.4444
    endloop
  endfacet
  facet normal -0.956941 -0.290281 0
    outer loop
      vertex -20.8325 -7.07167 0
      vertex -21.2504 -5.69402 1
      vertex -21.2504 -5.69402 0
    endloop
  endfacet
  facet normal -0.956941 -0.290281 0
    outer loop
      vertex -21.2504 -5.69402 1
      vertex -20.8325 -7.07167 0
      vertex -20.8325 -7.07167 1
    endloop
  endfacet
  facet normal -0.822462 -0.249549 0.511157
    outer loop
      vertex -13.523 -3.62347 14.4444
      vertex -21.2504 -5.69402 1
      vertex -13.257 -4.50015 14.4444
    endloop
  endfacet
  facet normal -0.848012 -0.139976 0.511158
    outer loop
      vertex -13.8802 -1.82737 14.4444
      vertex -21.5773 -4.29199 1
      vertex -13.731 -2.73126 14.4444
    endloop
  endfacet
  facet normal -0.848007 -0.14 0.51116
    outer loop
      vertex -13.8802 -1.82737 14.4444
      vertex -21.8118 -2.87158 1
      vertex -21.5773 -4.29199 1
    endloop
  endfacet
  facet normal 0.855348 -0.0842386 0.51116
    outer loop
      vertex 21.9529 -1.43887 1
      vertex 13.8802 -1.82737 14.4444
      vertex 21.8118 -2.87158 1
    endloop
  endfacet
  facet normal 0.782888 -0.354691 0.511157
    outer loop
      vertex 20.3253 -8.41903 1
      vertex 12.9343 -5.35757 14.4444
      vertex 19.7312 -9.73035 1
    endloop
  endfacet
  facet normal 0.75801 -0.40514 0.511158
    outer loop
      vertex 19.7312 -9.73035 1
      vertex 12.1244 -7 14.4444
      vertex 19.0526 -11 1
    endloop
  endfacet
  facet normal 0.772994 -0.634413 0
    outer loop
      vertex 16.5405 -14.5056 1
      vertex 17.4538 -13.3928 0
      vertex 17.4538 -13.3928 1
    endloop
  endfacet
  facet normal 0.772994 -0.634413 0
    outer loop
      vertex 17.4538 -13.3928 0
      vertex 16.5405 -14.5056 1
      vertex 16.5405 -14.5056 0
    endloop
  endfacet
  facet normal 0.54527 -0.664378 0.511157
    outer loop
      vertex 14.5056 -16.5405 1
      vertex 9.23084 -10.5258 14.4444
      vertex 13.3928 -17.4538 1
    endloop
  endfacet
  facet normal 0.729825 -0.683634 0
    outer loop
      vertex 15.5563 -15.5563 1
      vertex 16.5405 -14.5056 0
      vertex 16.5405 -14.5056 1
    endloop
  endfacet
  facet normal 0.729825 -0.683634 0
    outer loop
      vertex 16.5405 -14.5056 0
      vertex 15.5563 -15.5563 1
      vertex 15.5563 -15.5563 0
    endloop
  endfacet
  facet normal 0.986645 -0.162888 0
    outer loop
      vertex 21.5773 -4.29199 1
      vertex 21.8118 -2.87158 0
      vertex 21.8118 -2.87158 1
    endloop
  endfacet
  facet normal 0.986645 -0.162888 0
    outer loop
      vertex 21.8118 -2.87158 0
      vertex 21.5773 -4.29199 1
      vertex 21.5773 -4.29199 0
    endloop
  endfacet
  facet normal 0.8044 -0.302745 0.511161
    outer loop
      vertex 13.257 -4.50015 14.4444
      vertex 12.9343 -5.35757 14.4444
      vertex 20.8325 -7.07167 1
    endloop
  endfacet
  facet normal 0.804382 -0.302801 0.511157
    outer loop
      vertex 20.8325 -7.07167 1
      vertex 12.9343 -5.35757 14.4444
      vertex 20.3253 -8.41903 1
    endloop
  endfacet
  facet normal 0.848007 0.14 0.51116
    outer loop
      vertex 21.5773 4.29199 1
      vertex 13.8802 1.82737 14.4444
      vertex 21.8118 2.87158 1
    endloop
  endfacet
  facet normal 0.837035 0.195165 0.511159
    outer loop
      vertex 21.2504 5.69402 1
      vertex 13.731 2.73126 14.4444
      vertex 21.5773 4.29199 1
    endloop
  endfacet
  facet normal 0.986645 0.162888 0
    outer loop
      vertex 21.8118 2.87158 1
      vertex 21.5773 4.29199 0
      vertex 21.5773 4.29199 1
    endloop
  endfacet
  facet normal 0.986645 0.162888 0
    outer loop
      vertex 21.5773 4.29199 0
      vertex 21.8118 2.87158 1
      vertex 21.8118 2.87158 0
    endloop
  endfacet
  facet normal 0.837042 0.195139 0.511157
    outer loop
      vertex 21.2504 5.69402 1
      vertex 13.523 3.62347 14.4444
      vertex 13.731 2.73126 14.4444
    endloop
  endfacet
  facet normal 0.973878 0.227071 0
    outer loop
      vertex 21.5773 4.29199 1
      vertex 21.2504 5.69402 0
      vertex 21.2504 5.69402 1
    endloop
  endfacet
  facet normal 0.973878 0.227071 0
    outer loop
      vertex 21.2504 5.69402 0
      vertex 21.5773 4.29199 1
      vertex 21.5773 4.29199 0
    endloop
  endfacet
  facet normal 0.935885 0.352305 0
    outer loop
      vertex 20.8325 7.07167 1
      vertex 20.3253 8.41903 0
      vertex 20.3253 8.41903 1
    endloop
  endfacet
  facet normal 0.935885 0.352305 0
    outer loop
      vertex 20.3253 8.41903 0
      vertex 20.8325 7.07167 1
      vertex 20.8325 7.07167 0
    endloop
  endfacet
  facet normal 0.405112 0.758024 0.51116
    outer loop
      vertex 9.73035 19.7312 1
      vertex 6.19204 12.5562 14.4444
      vertex 7 12.1244 14.4444
    endloop
  endfacet
  facet normal 0.698598 0.500673 0.511163
    outer loop
      vertex 17.4538 13.3928 1
      vertex 11.1069 8.52266 14.4444
      vertex 11.6406 7.77798 14.4444
    endloop
  endfacet
  facet normal 0.782873 0.354721 0.511159
    outer loop
      vertex 19.7312 9.73035 1
      vertex 12.5562 6.19204 14.4444
      vertex 12.9343 5.35757 14.4444
    endloop
  endfacet
  facet normal 0.812888 0.58242 0
    outer loop
      vertex 18.2923 12.2225 1
      vertex 17.4538 13.3928 0
      vertex 17.4538 13.3928 1
    endloop
  endfacet
  facet normal 0.812888 0.58242 0
    outer loop
      vertex 17.4538 13.3928 0
      vertex 18.2923 12.2225 1
      vertex 18.2923 12.2225 0
    endloop
  endfacet
  facet normal 0.698668 0.500583 0.511156
    outer loop
      vertex 17.4538 13.3928 1
      vertex 11.6406 7.77798 14.4444
      vertex 18.2923 12.2225 1
    endloop
  endfacet
  facet normal 0.881933 0.471374 0
    outer loop
      vertex 19.7312 9.73035 1
      vertex 19.0526 11 0
      vertex 19.0526 11 1
    endloop
  endfacet
  facet normal 0.881933 0.471374 0
    outer loop
      vertex 19.0526 11 0
      vertex 19.7312 9.73035 1
      vertex 19.7312 9.73035 0
    endloop
  endfacet
  facet normal 0.302745 0.8044 0.511161
    outer loop
      vertex 7.07167 20.8325 1
      vertex 4.50015 13.257 14.4444
      vertex 5.35757 12.9343 14.4444
    endloop
  endfacet
  facet normal 0.0281194 0.859027 0.511158
    outer loop
      vertex 0 22 1
      vertex 0 14 14.4444
      vertex 1.43887 21.9529 1
    endloop
  endfacet
  facet normal 0.162888 0.986645 -0
    outer loop
      vertex 4.29199 21.5773 0
      vertex 2.87158 21.8118 1
      vertex 4.29199 21.5773 1
    endloop
  endfacet
  facet normal 0.162888 0.986645 0
    outer loop
      vertex 2.87158 21.8118 1
      vertex 4.29199 21.5773 0
      vertex 2.87158 21.8118 0
    endloop
  endfacet
  facet normal -0.995185 -0.0980105 0
    outer loop
      vertex -21.8118 -2.87158 0
      vertex -21.9529 -1.43887 1
      vertex -21.9529 -1.43887 0
    endloop
  endfacet
  facet normal -0.995185 -0.0980105 0
    outer loop
      vertex -21.9529 -1.43887 1
      vertex -21.8118 -2.87158 0
      vertex -21.8118 -2.87158 1
    endloop
  endfacet
  facet normal -0.782873 0.354721 0.511159
    outer loop
      vertex -12.5562 6.19204 14.4444
      vertex -19.7312 9.73035 1
      vertex -12.9343 5.35757 14.4444
    endloop
  endfacet
  facet normal -0.782888 0.354691 0.511157
    outer loop
      vertex -19.7312 9.73035 1
      vertex -20.3253 8.41903 1
      vertex -12.9343 5.35757 14.4444
    endloop
  endfacet
  facet normal -0.8044 0.302745 0.511161
    outer loop
      vertex -12.9343 5.35757 14.4444
      vertex -20.8325 7.07167 1
      vertex -13.257 4.50015 14.4444
    endloop
  endfacet
  facet normal -0.804382 0.302801 0.511157
    outer loop
      vertex -20.3253 8.41903 1
      vertex -20.8325 7.07167 1
      vertex -12.9343 5.35757 14.4444
    endloop
  endfacet
  facet normal -0.855347 0.084247 0.511159
    outer loop
      vertex -13.8802 1.82737 14.4444
      vertex -21.9529 1.43887 1
      vertex -13.97 0.915644 14.4444
    endloop
  endfacet
  facet normal -0.859025 0.0281449 0.51116
    outer loop
      vertex -13.97 0.915644 14.4444
      vertex -21.9529 1.43887 1
      vertex -14 0 14.4444
    endloop
  endfacet
  facet normal -0.545201 0.664431 0.511163
    outer loop
      vertex -8.52266 11.1069 14.4444
      vertex -13.3928 17.4538 1
      vertex -9.23084 10.5258 14.4444
    endloop
  endfacet
  facet normal -0.587575 0.627276 0.511156
    outer loop
      vertex -14.5056 16.5405 1
      vertex -15.5563 15.5563 1
      vertex -9.23084 10.5258 14.4444
    endloop
  endfacet
  facet normal -0.664431 0.545201 0.511163
    outer loop
      vertex -10.5258 9.23084 14.4444
      vertex -17.4538 13.3928 1
      vertex -11.1069 8.52266 14.4444
    endloop
  endfacet
  facet normal -0.664378 0.54527 0.511157
    outer loop
      vertex -16.5405 14.5056 1
      vertex -17.4538 13.3928 1
      vertex -10.5258 9.23084 14.4444
    endloop
  endfacet
  facet normal -0.698668 0.500583 0.511156
    outer loop
      vertex -17.4538 13.3928 1
      vertex -18.2923 12.2225 1
      vertex -11.6406 7.77798 14.4444
    endloop
  endfacet
  facet normal -0.729825 0.683634 0
    outer loop
      vertex -16.5405 14.5056 0
      vertex -15.5563 15.5563 1
      vertex -15.5563 15.5563 0
    endloop
  endfacet
  facet normal -0.729825 0.683634 0
    outer loop
      vertex -15.5563 15.5563 1
      vertex -16.5405 14.5056 0
      vertex -16.5405 14.5056 1
    endloop
  endfacet
  facet normal -0.75801 0.40514 0.511158
    outer loop
      vertex -19.0526 11 1
      vertex -19.7312 9.73035 1
      vertex -12.1244 7 14.4444
    endloop
  endfacet
  facet normal -0.729852 0.453911 0.511157
    outer loop
      vertex -18.2923 12.2225 1
      vertex -19.0526 11 1
      vertex -12.1244 7 14.4444
    endloop
  endfacet
  facet normal -0.881933 0.471374 0
    outer loop
      vertex -19.7312 9.73035 0
      vertex -19.0526 11 1
      vertex -19.0526 11 0
    endloop
  endfacet
  facet normal -0.881933 0.471374 0
    outer loop
      vertex -19.0526 11 1
      vertex -19.7312 9.73035 0
      vertex -19.7312 9.73035 1
    endloop
  endfacet
  facet normal -0.995185 0.0980105 0
    outer loop
      vertex -21.9529 1.43887 0
      vertex -21.8118 2.87158 1
      vertex -21.8118 2.87158 0
    endloop
  endfacet
  facet normal -0.995185 0.0980105 0
    outer loop
      vertex -21.8118 2.87158 1
      vertex -21.9529 1.43887 0
      vertex -21.9529 1.43887 1
    endloop
  endfacet
  facet normal -0.54527 0.664378 0.511157
    outer loop
      vertex -13.3928 17.4538 1
      vertex -14.5056 16.5405 1
      vertex -9.23084 10.5258 14.4444
    endloop
  endfacet
  facet normal -0.195139 0.837042 0.511157
    outer loop
      vertex -2.73126 13.731 14.4444
      vertex -5.69402 21.2504 1
      vertex -3.62347 13.523 14.4444
    endloop
  endfacet
  facet normal -0.855347 -0.084247 0.511159
    outer loop
      vertex -13.97 -0.915644 14.4444
      vertex -21.9529 -1.43887 1
      vertex -13.8802 -1.82737 14.4444
    endloop
  endfacet
  facet normal -0.75801 -0.40514 0.511158
    outer loop
      vertex -12.1244 -7 14.4444
      vertex -19.7312 -9.73035 1
      vertex -19.0526 -11 1
    endloop
  endfacet
  facet normal -0.729852 -0.453911 0.511157
    outer loop
      vertex -12.1244 -7 14.4444
      vertex -19.0526 -11 1
      vertex -18.2923 -12.2225 1
    endloop
  endfacet
  facet normal -0.849171 -0.528118 0
    outer loop
      vertex -18.2923 -12.2225 0
      vertex -19.0526 -11 1
      vertex -19.0526 -11 0
    endloop
  endfacet
  facet normal -0.849171 -0.528118 0
    outer loop
      vertex -19.0526 -11 1
      vertex -18.2923 -12.2225 0
      vertex -18.2923 -12.2225 1
    endloop
  endfacet
  facet normal 0.405112 -0.758024 0.51116
    outer loop
      vertex 7 -12.1244 14.4444
      vertex 6.19204 -12.5562 14.4444
      vertex 9.73035 -19.7312 1
    endloop
  endfacet
  facet normal 0.14 -0.848007 0.51116
    outer loop
      vertex 4.29199 -21.5773 1
      vertex 1.82737 -13.8802 14.4444
      vertex 2.87158 -21.8118 1
    endloop
  endfacet
  facet normal -0.412677 -0.910877 0
    outer loop
      vertex -9.73035 -19.7312 0
      vertex -8.41903 -20.3253 1
      vertex -9.73035 -19.7312 1
    endloop
  endfacet
  facet normal -0.412677 -0.910877 -0
    outer loop
      vertex -8.41903 -20.3253 1
      vertex -9.73035 -19.7312 0
      vertex -8.41903 -20.3253 0
    endloop
  endfacet
  facet normal -0.471374 -0.881933 0
    outer loop
      vertex -11 -19.0526 0
      vertex -9.73035 -19.7312 1
      vertex -11 -19.0526 1
    endloop
  endfacet
  facet normal -0.471374 -0.881933 -0
    outer loop
      vertex -9.73035 -19.7312 1
      vertex -11 -19.0526 0
      vertex -9.73035 -19.7312 0
    endloop
  endfacet
  facet normal -0.528118 -0.849171 0
    outer loop
      vertex -12.2225 -18.2923 0
      vertex -11 -19.0526 1
      vertex -12.2225 -18.2923 1
    endloop
  endfacet
  facet normal -0.528118 -0.849171 -0
    outer loop
      vertex -11 -19.0526 1
      vertex -12.2225 -18.2923 0
      vertex -11 -19.0526 0
    endloop
  endfacet
  facet normal -0.195139 -0.837042 0.511157
    outer loop
      vertex -3.62347 -13.523 14.4444
      vertex -5.69402 -21.2504 1
      vertex -2.73126 -13.731 14.4444
    endloop
  endfacet
  facet normal -0.162888 -0.986645 0
    outer loop
      vertex -4.29199 -21.5773 0
      vertex -2.87158 -21.8118 1
      vertex -4.29199 -21.5773 1
    endloop
  endfacet
  facet normal -0.162888 -0.986645 -0
    outer loop
      vertex -2.87158 -21.8118 1
      vertex -4.29199 -21.5773 0
      vertex -2.87158 -21.8118 0
    endloop
  endfacet
  facet normal -0.0842386 -0.855348 0.51116
    outer loop
      vertex -1.82737 -13.8802 14.4444
      vertex -2.87158 -21.8118 1
      vertex -1.43887 -21.9529 1
    endloop
  endfacet
  facet normal -0.290281 -0.956941 0
    outer loop
      vertex -7.07167 -20.8325 0
      vertex -5.69402 -21.2504 1
      vertex -7.07167 -20.8325 1
    endloop
  endfacet
  facet normal -0.290281 -0.956941 -0
    outer loop
      vertex -5.69402 -21.2504 1
      vertex -7.07167 -20.8325 0
      vertex -5.69402 -21.2504 0
    endloop
  endfacet
  facet normal -0.352305 -0.935885 0
    outer loop
      vertex -8.41903 -20.3253 0
      vertex -7.07167 -20.8325 1
      vertex -8.41903 -20.3253 1
    endloop
  endfacet
  facet normal -0.352305 -0.935885 -0
    outer loop
      vertex -7.07167 -20.8325 1
      vertex -8.41903 -20.3253 0
      vertex -7.07167 -20.8325 0
    endloop
  endfacet
  facet normal -0.54527 -0.664378 0.511157
    outer loop
      vertex -9.23084 -10.5258 14.4444
      vertex -14.5056 -16.5405 1
      vertex -13.3928 -17.4538 1
    endloop
  endfacet
  facet normal -0.772994 -0.634413 0
    outer loop
      vertex -16.5405 -14.5056 0
      vertex -17.4538 -13.3928 1
      vertex -17.4538 -13.3928 0
    endloop
  endfacet
  facet normal -0.772994 -0.634413 0
    outer loop
      vertex -17.4538 -13.3928 1
      vertex -16.5405 -14.5056 0
      vertex -16.5405 -14.5056 1
    endloop
  endfacet
  facet normal -0.822477 -0.249492 0.511161
    outer loop
      vertex -13.257 -4.50015 14.4444
      vertex -21.2504 -5.69402 1
      vertex -20.8325 -7.07167 1
    endloop
  endfacet
  facet normal -0.8044 -0.302745 0.511161
    outer loop
      vertex -13.257 -4.50015 14.4444
      vertex -20.8325 -7.07167 1
      vertex -12.9343 -5.35757 14.4444
    endloop
  endfacet
  facet normal 0.855347 -0.084247 0.511159
    outer loop
      vertex 13.97 -0.915644 14.4444
      vertex 13.8802 -1.82737 14.4444
      vertex 21.9529 -1.43887 1
    endloop
  endfacet
  facet normal 0.859025 -0.0281449 0.51116
    outer loop
      vertex 14 0 14.4444
      vertex 13.97 -0.915644 14.4444
      vertex 21.9529 -1.43887 1
    endloop
  endfacet
  facet normal 0.758024 -0.405112 0.51116
    outer loop
      vertex 12.5562 -6.19204 14.4444
      vertex 12.1244 -7 14.4444
      vertex 19.7312 -9.73035 1
    endloop
  endfacet
  facet normal 0.782873 -0.354721 0.511159
    outer loop
      vertex 12.9343 -5.35757 14.4444
      vertex 12.5562 -6.19204 14.4444
      vertex 19.7312 -9.73035 1
    endloop
  endfacet
  facet normal 0.698598 -0.500673 0.511163
    outer loop
      vertex 11.6406 -7.77798 14.4444
      vertex 11.1069 -8.52266 14.4444
      vertex 17.4538 -13.3928 1
    endloop
  endfacet
  facet normal 0.729852 -0.453911 0.511157
    outer loop
      vertex 19.0526 -11 1
      vertex 12.1244 -7 14.4444
      vertex 18.2923 -12.2225 1
    endloop
  endfacet
  facet normal 0.627276 -0.587575 0.511156
    outer loop
      vertex 16.5405 -14.5056 1
      vertex 10.5258 -9.23084 14.4444
      vertex 15.5563 -15.5563 1
    endloop
  endfacet
  facet normal 0.627286 -0.587565 0.511156
    outer loop
      vertex 10.5258 -9.23084 14.4444
      vertex 9.89949 -9.89949 14.4444
      vertex 15.5563 -15.5563 1
    endloop
  endfacet
  facet normal 0.290281 -0.956941 0
    outer loop
      vertex 5.69402 -21.2504 0
      vertex 7.07167 -20.8325 1
      vertex 5.69402 -21.2504 1
    endloop
  endfacet
  facet normal 0.290281 -0.956941 0
    outer loop
      vertex 7.07167 -20.8325 1
      vertex 5.69402 -21.2504 0
      vertex 7.07167 -20.8325 0
    endloop
  endfacet
  facet normal 0.545201 -0.664431 0.511163
    outer loop
      vertex 9.23084 -10.5258 14.4444
      vertex 8.52266 -11.1069 14.4444
      vertex 13.3928 -17.4538 1
    endloop
  endfacet
  facet normal 0.500583 -0.698668 0.511156
    outer loop
      vertex 13.3928 -17.4538 1
      vertex 7.77798 -11.6406 14.4444
      vertex 12.2225 -18.2923 1
    endloop
  endfacet
  facet normal 0.587575 -0.627276 0.511156
    outer loop
      vertex 15.5563 -15.5563 1
      vertex 9.23084 -10.5258 14.4444
      vertex 14.5056 -16.5405 1
    endloop
  endfacet
  facet normal 0.587565 -0.627286 0.511156
    outer loop
      vertex 9.89949 -9.89949 14.4444
      vertex 9.23084 -10.5258 14.4444
      vertex 15.5563 -15.5563 1
    endloop
  endfacet
  facet normal 0.822477 -0.249492 0.511161
    outer loop
      vertex 21.2504 -5.69402 1
      vertex 13.257 -4.50015 14.4444
      vertex 20.8325 -7.07167 1
    endloop
  endfacet
  facet normal 0.822462 -0.249549 0.511157
    outer loop
      vertex 13.523 -3.62347 14.4444
      vertex 13.257 -4.50015 14.4444
      vertex 21.2504 -5.69402 1
    endloop
  endfacet
  facet normal 0.855347 0.084247 0.511159
    outer loop
      vertex 21.9529 1.43887 1
      vertex 13.8802 1.82737 14.4444
      vertex 13.97 0.915644 14.4444
    endloop
  endfacet
  facet normal 0.412677 0.910877 -0
    outer loop
      vertex 9.73035 19.7312 0
      vertex 8.41903 20.3253 1
      vertex 9.73035 19.7312 1
    endloop
  endfacet
  facet normal 0.412677 0.910877 0
    outer loop
      vertex 8.41903 20.3253 1
      vertex 9.73035 19.7312 0
      vertex 8.41903 20.3253 0
    endloop
  endfacet
  facet normal 0.54527 0.664378 0.511157
    outer loop
      vertex 13.3928 17.4538 1
      vertex 9.23084 10.5258 14.4444
      vertex 14.5056 16.5405 1
    endloop
  endfacet
  facet normal 0.683634 0.729825 -0
    outer loop
      vertex 15.5563 15.5563 0
      vertex 14.5056 16.5405 1
      vertex 15.5563 15.5563 1
    endloop
  endfacet
  facet normal 0.683634 0.729825 0
    outer loop
      vertex 14.5056 16.5405 1
      vertex 15.5563 15.5563 0
      vertex 14.5056 16.5405 0
    endloop
  endfacet
  facet normal 0.453911 0.729852 0.511157
    outer loop
      vertex 11 19.0526 1
      vertex 7 12.1244 14.4444
      vertex 12.2225 18.2923 1
    endloop
  endfacet
  facet normal 0.627276 0.587575 0.511156
    outer loop
      vertex 15.5563 15.5563 1
      vertex 10.5258 9.23084 14.4444
      vertex 16.5405 14.5056 1
    endloop
  endfacet
  facet normal 0.664378 0.54527 0.511157
    outer loop
      vertex 16.5405 14.5056 1
      vertex 10.5258 9.23084 14.4444
      vertex 17.4538 13.3928 1
    endloop
  endfacet
  facet normal 0.8044 0.302745 0.511161
    outer loop
      vertex 20.8325 7.07167 1
      vertex 12.9343 5.35757 14.4444
      vertex 13.257 4.50015 14.4444
    endloop
  endfacet
  facet normal 0.729871 0.453882 0.511155
    outer loop
      vertex 18.2923 12.2225 1
      vertex 11.6406 7.77798 14.4444
      vertex 12.1244 7 14.4444
    endloop
  endfacet
  facet normal 0.772994 0.634413 0
    outer loop
      vertex 17.4538 13.3928 1
      vertex 16.5405 14.5056 0
      vertex 16.5405 14.5056 1
    endloop
  endfacet
  facet normal 0.772994 0.634413 0
    outer loop
      vertex 16.5405 14.5056 0
      vertex 17.4538 13.3928 1
      vertex 17.4538 13.3928 0
    endloop
  endfacet
  facet normal 0.227071 0.973878 -0
    outer loop
      vertex 5.69402 21.2504 0
      vertex 4.29199 21.5773 1
      vertex 5.69402 21.2504 1
    endloop
  endfacet
  facet normal 0.227071 0.973878 0
    outer loop
      vertex 4.29199 21.5773 1
      vertex 5.69402 21.2504 0
      vertex 4.29199 21.5773 0
    endloop
  endfacet
  facet normal 0.249492 0.822477 0.511161
    outer loop
      vertex 5.69402 21.2504 1
      vertex 4.50015 13.257 14.4444
      vertex 7.07167 20.8325 1
    endloop
  endfacet
  facet normal 0.195139 0.837042 0.511157
    outer loop
      vertex 5.69402 21.2504 1
      vertex 2.73126 13.731 14.4444
      vertex 3.62347 13.523 14.4444
    endloop
  endfacet
  facet normal -0.0842386 0.855348 0.51116
    outer loop
      vertex -1.43887 21.9529 1
      vertex -2.87158 21.8118 1
      vertex -1.82737 13.8802 14.4444
    endloop
  endfacet
  facet normal 0.0980105 0.995185 -0
    outer loop
      vertex 2.87158 21.8118 0
      vertex 1.43887 21.9529 1
      vertex 2.87158 21.8118 1
    endloop
  endfacet
  facet normal 0.0980105 0.995185 0
    outer loop
      vertex 1.43887 21.9529 1
      vertex 2.87158 21.8118 0
      vertex 1.43887 21.9529 0
    endloop
  endfacet
  facet normal -0.822477 0.249492 0.511161
    outer loop
      vertex -20.8325 7.07167 1
      vertex -21.2504 5.69402 1
      vertex -13.257 4.50015 14.4444
    endloop
  endfacet
  facet normal -0.822462 0.249549 0.511157
    outer loop
      vertex -13.257 4.50015 14.4444
      vertex -21.2504 5.69402 1
      vertex -13.523 3.62347 14.4444
    endloop
  endfacet
  facet normal -0.956941 0.290281 0
    outer loop
      vertex -21.2504 5.69402 0
      vertex -20.8325 7.07167 1
      vertex -20.8325 7.07167 0
    endloop
  endfacet
  facet normal -0.956941 0.290281 0
    outer loop
      vertex -20.8325 7.07167 1
      vertex -21.2504 5.69402 0
      vertex -21.2504 5.69402 1
    endloop
  endfacet
  facet normal -0.935885 0.352305 0
    outer loop
      vertex -20.8325 7.07167 0
      vertex -20.3253 8.41903 1
      vertex -20.3253 8.41903 0
    endloop
  endfacet
  facet normal -0.935885 0.352305 0
    outer loop
      vertex -20.3253 8.41903 1
      vertex -20.8325 7.07167 0
      vertex -20.8325 7.07167 1
    endloop
  endfacet
  facet normal -0.848012 0.139976 0.511158
    outer loop
      vertex -13.731 2.73126 14.4444
      vertex -21.5773 4.29199 1
      vertex -13.8802 1.82737 14.4444
    endloop
  endfacet
  facet normal -0.587565 0.627286 0.511156
    outer loop
      vertex -9.23084 10.5258 14.4444
      vertex -15.5563 15.5563 1
      vertex -9.89949 9.89949 14.4444
    endloop
  endfacet
  facet normal -0.772994 0.634413 0
    outer loop
      vertex -17.4538 13.3928 0
      vertex -16.5405 14.5056 1
      vertex -16.5405 14.5056 0
    endloop
  endfacet
  facet normal -0.772994 0.634413 0
    outer loop
      vertex -16.5405 14.5056 1
      vertex -17.4538 13.3928 0
      vertex -17.4538 13.3928 1
    endloop
  endfacet
  facet normal -0.758024 0.405112 0.51116
    outer loop
      vertex -12.1244 7 14.4444
      vertex -19.7312 9.73035 1
      vertex -12.5562 6.19204 14.4444
    endloop
  endfacet
  facet normal -0.849171 0.528118 0
    outer loop
      vertex -19.0526 11 0
      vertex -18.2923 12.2225 1
      vertex -18.2923 12.2225 0
    endloop
  endfacet
  facet normal -0.849171 0.528118 0
    outer loop
      vertex -18.2923 12.2225 1
      vertex -19.0526 11 0
      vertex -19.0526 11 1
    endloop
  endfacet
  facet normal -0.302745 0.8044 0.511161
    outer loop
      vertex -4.50015 13.257 14.4444
      vertex -7.07167 20.8325 1
      vertex -5.35757 12.9343 14.4444
    endloop
  endfacet
  facet normal -0.412677 0.910877 0
    outer loop
      vertex -8.41903 20.3253 0
      vertex -9.73035 19.7312 1
      vertex -8.41903 20.3253 1
    endloop
  endfacet
  facet normal -0.412677 0.910877 0
    outer loop
      vertex -9.73035 19.7312 1
      vertex -8.41903 20.3253 0
      vertex -9.73035 19.7312 0
    endloop
  endfacet
  facet normal -0.58242 0.812888 0
    outer loop
      vertex -12.2225 18.2923 0
      vertex -13.3928 17.4538 1
      vertex -12.2225 18.2923 1
    endloop
  endfacet
  facet normal -0.58242 0.812888 0
    outer loop
      vertex -13.3928 17.4538 1
      vertex -12.2225 18.2923 0
      vertex -13.3928 17.4538 0
    endloop
  endfacet
  facet normal -0.40514 0.75801 0.511158
    outer loop
      vertex -9.73035 19.7312 1
      vertex -11 19.0526 1
      vertex -7 12.1244 14.4444
    endloop
  endfacet
  facet normal -0.290281 0.956941 0
    outer loop
      vertex -5.69402 21.2504 0
      vertex -7.07167 20.8325 1
      vertex -5.69402 21.2504 1
    endloop
  endfacet
  facet normal -0.290281 0.956941 0
    outer loop
      vertex -7.07167 20.8325 1
      vertex -5.69402 21.2504 0
      vertex -7.07167 20.8325 0
    endloop
  endfacet
  facet normal -0.162888 0.986645 0
    outer loop
      vertex -2.87158 21.8118 0
      vertex -4.29199 21.5773 1
      vertex -2.87158 21.8118 1
    endloop
  endfacet
  facet normal -0.162888 0.986645 0
    outer loop
      vertex -4.29199 21.5773 1
      vertex -2.87158 21.8118 0
      vertex -4.29199 21.5773 0
    endloop
  endfacet
  facet normal -0.0980105 0.995185 0
    outer loop
      vertex -1.43887 21.9529 0
      vertex -2.87158 21.8118 1
      vertex -1.43887 21.9529 1
    endloop
  endfacet
  facet normal -0.0980105 0.995185 0
    outer loop
      vertex -2.87158 21.8118 1
      vertex -1.43887 21.9529 0
      vertex -2.87158 21.8118 0
    endloop
  endfacet
  facet normal -0.0327165 0.999465 0
    outer loop
      vertex 0 22 0
      vertex -1.43887 21.9529 1
      vertex 0 22 1
    endloop
  endfacet
  facet normal -0.0327165 0.999465 0
    outer loop
      vertex -1.43887 21.9529 1
      vertex 0 22 0
      vertex -1.43887 21.9529 0
    endloop
  endfacet
  facet normal -0.729871 -0.453882 0.511155
    outer loop
      vertex -12.1244 -7 14.4444
      vertex -18.2923 -12.2225 1
      vertex -11.6406 -7.77798 14.4444
    endloop
  endfacet
  facet normal -0.758024 -0.405112 0.51116
    outer loop
      vertex -12.5562 -6.19204 14.4444
      vertex -19.7312 -9.73035 1
      vertex -12.1244 -7 14.4444
    endloop
  endfacet
  facet normal 0.195139 -0.837042 0.511157
    outer loop
      vertex 3.62347 -13.523 14.4444
      vertex 2.73126 -13.731 14.4444
      vertex 5.69402 -21.2504 1
    endloop
  endfacet
  facet normal 0.162888 -0.986645 0
    outer loop
      vertex 2.87158 -21.8118 0
      vertex 4.29199 -21.5773 1
      vertex 2.87158 -21.8118 1
    endloop
  endfacet
  facet normal 0.162888 -0.986645 0
    outer loop
      vertex 4.29199 -21.5773 1
      vertex 2.87158 -21.8118 0
      vertex 4.29199 -21.5773 0
    endloop
  endfacet
  facet normal 0.139976 -0.848012 0.511158
    outer loop
      vertex 2.73126 -13.731 14.4444
      vertex 1.82737 -13.8802 14.4444
      vertex 4.29199 -21.5773 1
    endloop
  endfacet
  facet normal -0.405112 -0.758024 0.51116
    outer loop
      vertex -7 -12.1244 14.4444
      vertex -9.73035 -19.7312 1
      vertex -6.19204 -12.5562 14.4444
    endloop
  endfacet
  facet normal -0.354721 -0.782873 0.511159
    outer loop
      vertex -6.19204 -12.5562 14.4444
      vertex -9.73035 -19.7312 1
      vertex -5.35757 -12.9343 14.4444
    endloop
  endfacet
  facet normal -0.40514 -0.75801 0.511158
    outer loop
      vertex -7 -12.1244 14.4444
      vertex -11 -19.0526 1
      vertex -9.73035 -19.7312 1
    endloop
  endfacet
  facet normal -0.453911 -0.729852 0.511157
    outer loop
      vertex -7 -12.1244 14.4444
      vertex -12.2225 -18.2923 1
      vertex -11 -19.0526 1
    endloop
  endfacet
  facet normal -0.249549 -0.822462 0.511157
    outer loop
      vertex -4.50015 -13.257 14.4444
      vertex -5.69402 -21.2504 1
      vertex -3.62347 -13.523 14.4444
    endloop
  endfacet
  facet normal -0.084247 -0.855347 0.511159
    outer loop
      vertex -0.915644 -13.97 14.4444
      vertex -1.82737 -13.8802 14.4444
      vertex -1.43887 -21.9529 1
    endloop
  endfacet
  facet normal -0.0281449 -0.859025 0.51116
    outer loop
      vertex -0.915644 -13.97 14.4444
      vertex -1.43887 -21.9529 1
      vertex 0 -14 14.4444
    endloop
  endfacet
  facet normal -0.587565 -0.627286 0.511156
    outer loop
      vertex -9.89949 -9.89949 14.4444
      vertex -15.5563 -15.5563 1
      vertex -9.23084 -10.5258 14.4444
    endloop
  endfacet
  facet normal 0.910877 -0.412677 0
    outer loop
      vertex 19.7312 -9.73035 1
      vertex 20.3253 -8.41903 0
      vertex 20.3253 -8.41903 1
    endloop
  endfacet
  facet normal 0.910877 -0.412677 0
    outer loop
      vertex 20.3253 -8.41903 0
      vertex 19.7312 -9.73035 1
      vertex 19.7312 -9.73035 0
    endloop
  endfacet
  facet normal 0.698668 -0.500583 0.511156
    outer loop
      vertex 18.2923 -12.2225 1
      vertex 11.6406 -7.77798 14.4444
      vertex 17.4538 -13.3928 1
    endloop
  endfacet
  facet normal 0.729871 -0.453882 0.511155
    outer loop
      vertex 12.1244 -7 14.4444
      vertex 11.6406 -7.77798 14.4444
      vertex 18.2923 -12.2225 1
    endloop
  endfacet
  facet normal 0.664431 -0.545201 0.511163
    outer loop
      vertex 11.1069 -8.52266 14.4444
      vertex 10.5258 -9.23084 14.4444
      vertex 17.4538 -13.3928 1
    endloop
  endfacet
  facet normal 0.664378 -0.54527 0.511157
    outer loop
      vertex 17.4538 -13.3928 1
      vertex 10.5258 -9.23084 14.4444
      vertex 16.5405 -14.5056 1
    endloop
  endfacet
  facet normal 0.849171 -0.528118 0
    outer loop
      vertex 18.2923 -12.2225 1
      vertex 19.0526 -11 0
      vertex 19.0526 -11 1
    endloop
  endfacet
  facet normal 0.849171 -0.528118 0
    outer loop
      vertex 19.0526 -11 0
      vertex 18.2923 -12.2225 1
      vertex 18.2923 -12.2225 0
    endloop
  endfacet
  facet normal 0.249492 -0.822477 0.511161
    outer loop
      vertex 7.07167 -20.8325 1
      vertex 4.50015 -13.257 14.4444
      vertex 5.69402 -21.2504 1
    endloop
  endfacet
  facet normal 0.500673 -0.698598 0.511163
    outer loop
      vertex 8.52266 -11.1069 14.4444
      vertex 7.77798 -11.6406 14.4444
      vertex 13.3928 -17.4538 1
    endloop
  endfacet
  facet normal 0.848012 0.139976 0.511158
    outer loop
      vertex 21.5773 4.29199 1
      vertex 13.731 2.73126 14.4444
      vertex 13.8802 1.82737 14.4444
    endloop
  endfacet
  facet normal 0.859025 0.0281449 0.51116
    outer loop
      vertex 21.9529 1.43887 1
      vertex 13.97 0.915644 14.4444
      vertex 14 0 14.4444
    endloop
  endfacet
  facet normal 0.471374 0.881933 -0
    outer loop
      vertex 11 19.0526 0
      vertex 9.73035 19.7312 1
      vertex 11 19.0526 1
    endloop
  endfacet
  facet normal 0.471374 0.881933 0
    outer loop
      vertex 9.73035 19.7312 1
      vertex 11 19.0526 0
      vertex 9.73035 19.7312 0
    endloop
  endfacet
  facet normal 0.40514 0.75801 0.511158
    outer loop
      vertex 9.73035 19.7312 1
      vertex 7 12.1244 14.4444
      vertex 11 19.0526 1
    endloop
  endfacet
  facet normal 0.58242 0.812888 -0
    outer loop
      vertex 13.3928 17.4538 0
      vertex 12.2225 18.2923 1
      vertex 13.3928 17.4538 1
    endloop
  endfacet
  facet normal 0.58242 0.812888 0
    outer loop
      vertex 12.2225 18.2923 1
      vertex 13.3928 17.4538 0
      vertex 12.2225 18.2923 0
    endloop
  endfacet
  facet normal 0.500673 0.698598 0.511163
    outer loop
      vertex 13.3928 17.4538 1
      vertex 7.77798 11.6406 14.4444
      vertex 8.52266 11.1069 14.4444
    endloop
  endfacet
  facet normal 0.782888 0.354691 0.511157
    outer loop
      vertex 19.7312 9.73035 1
      vertex 12.9343 5.35757 14.4444
      vertex 20.3253 8.41903 1
    endloop
  endfacet
  facet normal 0.804382 0.302801 0.511157
    outer loop
      vertex 20.3253 8.41903 1
      vertex 12.9343 5.35757 14.4444
      vertex 20.8325 7.07167 1
    endloop
  endfacet
  facet normal 0.822462 0.249549 0.511157
    outer loop
      vertex 21.2504 5.69402 1
      vertex 13.257 4.50015 14.4444
      vertex 13.523 3.62347 14.4444
    endloop
  endfacet
  facet normal 0.822477 0.249492 0.511161
    outer loop
      vertex 20.8325 7.07167 1
      vertex 13.257 4.50015 14.4444
      vertex 21.2504 5.69402 1
    endloop
  endfacet
  facet normal 0.729852 0.453911 0.511157
    outer loop
      vertex 18.2923 12.2225 1
      vertex 12.1244 7 14.4444
      vertex 19.0526 11 1
    endloop
  endfacet
  facet normal 0.75801 0.40514 0.511158
    outer loop
      vertex 19.0526 11 1
      vertex 12.1244 7 14.4444
      vertex 19.7312 9.73035 1
    endloop
  endfacet
  facet normal 0.290281 0.956941 -0
    outer loop
      vertex 7.07167 20.8325 0
      vertex 5.69402 21.2504 1
      vertex 7.07167 20.8325 1
    endloop
  endfacet
  facet normal 0.290281 0.956941 0
    outer loop
      vertex 5.69402 21.2504 1
      vertex 7.07167 20.8325 0
      vertex 5.69402 21.2504 0
    endloop
  endfacet
  facet normal 0.352305 0.935885 -0
    outer loop
      vertex 8.41903 20.3253 0
      vertex 7.07167 20.8325 1
      vertex 8.41903 20.3253 1
    endloop
  endfacet
  facet normal 0.352305 0.935885 0
    outer loop
      vertex 7.07167 20.8325 1
      vertex 8.41903 20.3253 0
      vertex 7.07167 20.8325 0
    endloop
  endfacet
  facet normal 0.249549 0.822462 0.511157
    outer loop
      vertex 5.69402 21.2504 1
      vertex 3.62347 13.523 14.4444
      vertex 4.50015 13.257 14.4444
    endloop
  endfacet
  facet normal 0.195165 0.837035 0.511159
    outer loop
      vertex 4.29199 21.5773 1
      vertex 2.73126 13.731 14.4444
      vertex 5.69402 21.2504 1
    endloop
  endfacet
  facet normal 0.139976 0.848012 0.511158
    outer loop
      vertex 4.29199 21.5773 1
      vertex 1.82737 13.8802 14.4444
      vertex 2.73126 13.731 14.4444
    endloop
  endfacet
  facet normal -0.14 0.848007 0.51116
    outer loop
      vertex -2.87158 21.8118 1
      vertex -4.29199 21.5773 1
      vertex -1.82737 13.8802 14.4444
    endloop
  endfacet
  facet normal -0.249549 0.822462 0.511157
    outer loop
      vertex -3.62347 13.523 14.4444
      vertex -5.69402 21.2504 1
      vertex -4.50015 13.257 14.4444
    endloop
  endfacet
  facet normal 0.084247 0.855347 0.511159
    outer loop
      vertex 1.43887 21.9529 1
      vertex 0.915644 13.97 14.4444
      vertex 1.82737 13.8802 14.4444
    endloop
  endfacet
  facet normal 0.0842386 0.855348 0.51116
    outer loop
      vertex 2.87158 21.8118 1
      vertex 1.43887 21.9529 1
      vertex 1.82737 13.8802 14.4444
    endloop
  endfacet
  facet normal -0.354691 0.782888 0.511157
    outer loop
      vertex -8.41903 20.3253 1
      vertex -9.73035 19.7312 1
      vertex -5.35757 12.9343 14.4444
    endloop
  endfacet
  facet normal -0.302801 0.804382 0.511157
    outer loop
      vertex -7.07167 20.8325 1
      vertex -8.41903 20.3253 1
      vertex -5.35757 12.9343 14.4444
    endloop
  endfacet
  facet normal -0.453882 0.729871 0.511155
    outer loop
      vertex -7 12.1244 14.4444
      vertex -12.2225 18.2923 1
      vertex -7.77798 11.6406 14.4444
    endloop
  endfacet
  facet normal -0.471374 0.881933 0
    outer loop
      vertex -9.73035 19.7312 0
      vertex -11 19.0526 1
      vertex -9.73035 19.7312 1
    endloop
  endfacet
  facet normal -0.471374 0.881933 0
    outer loop
      vertex -11 19.0526 1
      vertex -9.73035 19.7312 0
      vertex -11 19.0526 0
    endloop
  endfacet
  facet normal -0.405112 0.758024 0.51116
    outer loop
      vertex -6.19204 12.5562 14.4444
      vertex -9.73035 19.7312 1
      vertex -7 12.1244 14.4444
    endloop
  endfacet
  facet normal -0.227071 0.973878 0
    outer loop
      vertex -4.29199 21.5773 0
      vertex -5.69402 21.2504 1
      vertex -4.29199 21.5773 1
    endloop
  endfacet
  facet normal -0.227071 0.973878 0
    outer loop
      vertex -5.69402 21.2504 1
      vertex -4.29199 21.5773 0
      vertex -5.69402 21.2504 0
    endloop
  endfacet
  facet normal 0.354721 -0.782873 0.511159
    outer loop
      vertex 6.19204 -12.5562 14.4444
      vertex 5.35757 -12.9343 14.4444
      vertex 9.73035 -19.7312 1
    endloop
  endfacet
  facet normal 0.528118 -0.849171 0
    outer loop
      vertex 11 -19.0526 0
      vertex 12.2225 -18.2923 1
      vertex 11 -19.0526 1
    endloop
  endfacet
  facet normal 0.528118 -0.849171 0
    outer loop
      vertex 12.2225 -18.2923 1
      vertex 11 -19.0526 0
      vertex 12.2225 -18.2923 0
    endloop
  endfacet
  facet normal 0.0980105 -0.995185 0
    outer loop
      vertex 1.43887 -21.9529 0
      vertex 2.87158 -21.8118 1
      vertex 1.43887 -21.9529 1
    endloop
  endfacet
  facet normal 0.0980105 -0.995185 0
    outer loop
      vertex 2.87158 -21.8118 1
      vertex 1.43887 -21.9529 0
      vertex 2.87158 -21.8118 0
    endloop
  endfacet
  facet normal 0.0327165 -0.999465 0
    outer loop
      vertex 0 -22 0
      vertex 1.43887 -21.9529 1
      vertex 0 -22 1
    endloop
  endfacet
  facet normal 0.0327165 -0.999465 0
    outer loop
      vertex 1.43887 -21.9529 1
      vertex 0 -22 0
      vertex 1.43887 -21.9529 0
    endloop
  endfacet
  facet normal 0.0842386 -0.855348 0.51116
    outer loop
      vertex 1.82737 -13.8802 14.4444
      vertex 1.43887 -21.9529 1
      vertex 2.87158 -21.8118 1
    endloop
  endfacet
  facet normal 0.0281449 -0.859025 0.51116
    outer loop
      vertex 0.915644 -13.97 14.4444
      vertex 0 -14 14.4444
      vertex 1.43887 -21.9529 1
    endloop
  endfacet
  facet normal -0.500673 -0.698598 0.511163
    outer loop
      vertex -8.52266 -11.1069 14.4444
      vertex -13.3928 -17.4538 1
      vertex -7.77798 -11.6406 14.4444
    endloop
  endfacet
  facet normal -0.500583 -0.698668 0.511156
    outer loop
      vertex -7.77798 -11.6406 14.4444
      vertex -13.3928 -17.4538 1
      vertex -12.2225 -18.2923 1
    endloop
  endfacet
  facet normal 0.812888 -0.58242 0
    outer loop
      vertex 17.4538 -13.3928 1
      vertex 18.2923 -12.2225 0
      vertex 18.2923 -12.2225 1
    endloop
  endfacet
  facet normal 0.812888 -0.58242 0
    outer loop
      vertex 18.2923 -12.2225 0
      vertex 17.4538 -13.3928 1
      vertex 17.4538 -13.3928 0
    endloop
  endfacet
  facet normal 0.683634 -0.729825 0
    outer loop
      vertex 14.5056 -16.5405 0
      vertex 15.5563 -15.5563 1
      vertex 14.5056 -16.5405 1
    endloop
  endfacet
  facet normal 0.683634 -0.729825 0
    outer loop
      vertex 15.5563 -15.5563 1
      vertex 14.5056 -16.5405 0
      vertex 15.5563 -15.5563 0
    endloop
  endfacet
  facet normal 0.634413 -0.772994 0
    outer loop
      vertex 13.3928 -17.4538 0
      vertex 14.5056 -16.5405 1
      vertex 13.3928 -17.4538 1
    endloop
  endfacet
  facet normal 0.634413 -0.772994 0
    outer loop
      vertex 14.5056 -16.5405 1
      vertex 13.3928 -17.4538 0
      vertex 14.5056 -16.5405 0
    endloop
  endfacet
  facet normal 0.354691 0.782888 0.511157
    outer loop
      vertex 8.41903 20.3253 1
      vertex 5.35757 12.9343 14.4444
      vertex 9.73035 19.7312 1
    endloop
  endfacet
  facet normal 0.528118 0.849171 -0
    outer loop
      vertex 12.2225 18.2923 0
      vertex 11 19.0526 1
      vertex 12.2225 18.2923 1
    endloop
  endfacet
  facet normal 0.528118 0.849171 0
    outer loop
      vertex 11 19.0526 1
      vertex 12.2225 18.2923 0
      vertex 11 19.0526 0
    endloop
  endfacet
  facet normal 0.453882 0.729871 0.511155
    outer loop
      vertex 12.2225 18.2923 1
      vertex 7 12.1244 14.4444
      vertex 7.77798 11.6406 14.4444
    endloop
  endfacet
  facet normal 0.500583 0.698668 0.511156
    outer loop
      vertex 12.2225 18.2923 1
      vertex 7.77798 11.6406 14.4444
      vertex 13.3928 17.4538 1
    endloop
  endfacet
  facet normal 0.545201 0.664431 0.511163
    outer loop
      vertex 13.3928 17.4538 1
      vertex 8.52266 11.1069 14.4444
      vertex 9.23084 10.5258 14.4444
    endloop
  endfacet
  facet normal 0.664431 0.545201 0.511163
    outer loop
      vertex 17.4538 13.3928 1
      vertex 10.5258 9.23084 14.4444
      vertex 11.1069 8.52266 14.4444
    endloop
  endfacet
  facet normal 0.627286 0.587565 0.511156
    outer loop
      vertex 15.5563 15.5563 1
      vertex 9.89949 9.89949 14.4444
      vertex 10.5258 9.23084 14.4444
    endloop
  endfacet
  facet normal 0.587565 0.627286 0.511156
    outer loop
      vertex 15.5563 15.5563 1
      vertex 9.23084 10.5258 14.4444
      vertex 9.89949 9.89949 14.4444
    endloop
  endfacet
  facet normal -0.0281449 0.859025 0.51116
    outer loop
      vertex 0 14 14.4444
      vertex -1.43887 21.9529 1
      vertex -0.915644 13.97 14.4444
    endloop
  endfacet
  facet normal -0.084247 0.855347 0.511159
    outer loop
      vertex -1.43887 21.9529 1
      vertex -1.82737 13.8802 14.4444
      vertex -0.915644 13.97 14.4444
    endloop
  endfacet
  facet normal 0.0281449 0.859025 0.51116
    outer loop
      vertex 1.43887 21.9529 1
      vertex 0 14 14.4444
      vertex 0.915644 13.97 14.4444
    endloop
  endfacet
  facet normal -0.354721 0.782873 0.511159
    outer loop
      vertex -5.35757 12.9343 14.4444
      vertex -9.73035 19.7312 1
      vertex -6.19204 12.5562 14.4444
    endloop
  endfacet
  facet normal -0.352305 0.935885 0
    outer loop
      vertex -7.07167 20.8325 0
      vertex -8.41903 20.3253 1
      vertex -7.07167 20.8325 1
    endloop
  endfacet
  facet normal -0.352305 0.935885 0
    outer loop
      vertex -8.41903 20.3253 1
      vertex -7.07167 20.8325 0
      vertex -8.41903 20.3253 0
    endloop
  endfacet
  facet normal -0.528118 0.849171 0
    outer loop
      vertex -11 19.0526 0
      vertex -12.2225 18.2923 1
      vertex -11 19.0526 1
    endloop
  endfacet
  facet normal -0.528118 0.849171 0
    outer loop
      vertex -12.2225 18.2923 1
      vertex -11 19.0526 0
      vertex -12.2225 18.2923 0
    endloop
  endfacet
  facet normal -0.453911 0.729852 0.511157
    outer loop
      vertex -11 19.0526 1
      vertex -12.2225 18.2923 1
      vertex -7 12.1244 14.4444
    endloop
  endfacet
  facet normal -0.139976 0.848012 0.511158
    outer loop
      vertex -1.82737 13.8802 14.4444
      vertex -4.29199 21.5773 1
      vertex -2.73126 13.731 14.4444
    endloop
  endfacet
  facet normal -0.195165 0.837035 0.511159
    outer loop
      vertex -4.29199 21.5773 1
      vertex -5.69402 21.2504 1
      vertex -2.73126 13.731 14.4444
    endloop
  endfacet
  facet normal 0.471374 -0.881933 0
    outer loop
      vertex 9.73035 -19.7312 0
      vertex 11 -19.0526 1
      vertex 9.73035 -19.7312 1
    endloop
  endfacet
  facet normal 0.471374 -0.881933 0
    outer loop
      vertex 11 -19.0526 1
      vertex 9.73035 -19.7312 0
      vertex 11 -19.0526 0
    endloop
  endfacet
  facet normal 0.40514 -0.75801 0.511158
    outer loop
      vertex 11 -19.0526 1
      vertex 7 -12.1244 14.4444
      vertex 9.73035 -19.7312 1
    endloop
  endfacet
  facet normal 0.412677 -0.910877 0
    outer loop
      vertex 8.41903 -20.3253 0
      vertex 9.73035 -19.7312 1
      vertex 8.41903 -20.3253 1
    endloop
  endfacet
  facet normal 0.412677 -0.910877 0
    outer loop
      vertex 9.73035 -19.7312 1
      vertex 8.41903 -20.3253 0
      vertex 9.73035 -19.7312 0
    endloop
  endfacet
  facet normal 0.302801 -0.804382 0.511157
    outer loop
      vertex 8.41903 -20.3253 1
      vertex 5.35757 -12.9343 14.4444
      vertex 7.07167 -20.8325 1
    endloop
  endfacet
  facet normal 0.084247 -0.855347 0.511159
    outer loop
      vertex 1.82737 -13.8802 14.4444
      vertex 0.915644 -13.97 14.4444
      vertex 1.43887 -21.9529 1
    endloop
  endfacet
  facet normal -0.545201 -0.664431 0.511163
    outer loop
      vertex -9.23084 -10.5258 14.4444
      vertex -13.3928 -17.4538 1
      vertex -8.52266 -11.1069 14.4444
    endloop
  endfacet
  facet normal -0.500583 0.698668 0.511156
    outer loop
      vertex -12.2225 18.2923 1
      vertex -13.3928 17.4538 1
      vertex -7.77798 11.6406 14.4444
    endloop
  endfacet
  facet normal -0.500673 0.698598 0.511163
    outer loop
      vertex -7.77798 11.6406 14.4444
      vertex -13.3928 17.4538 1
      vertex -8.52266 11.1069 14.4444
    endloop
  endfacet
  facet normal 0.249549 -0.822462 0.511157
    outer loop
      vertex 4.50015 -13.257 14.4444
      vertex 3.62347 -13.523 14.4444
      vertex 5.69402 -21.2504 1
    endloop
  endfacet
  facet normal 0.302745 -0.8044 0.511161
    outer loop
      vertex 5.35757 -12.9343 14.4444
      vertex 4.50015 -13.257 14.4444
      vertex 7.07167 -20.8325 1
    endloop
  endfacet
  facet normal 0.195165 -0.837035 0.511159
    outer loop
      vertex 5.69402 -21.2504 1
      vertex 2.73126 -13.731 14.4444
      vertex 4.29199 -21.5773 1
    endloop
  endfacet
  facet normal 0.352305 -0.935885 0
    outer loop
      vertex 7.07167 -20.8325 0
      vertex 8.41903 -20.3253 1
      vertex 7.07167 -20.8325 1
    endloop
  endfacet
  facet normal 0.352305 -0.935885 0
    outer loop
      vertex 8.41903 -20.3253 1
      vertex 7.07167 -20.8325 0
      vertex 8.41903 -20.3253 0
    endloop
  endfacet
  facet normal 0.634391 0.773013 -0
    outer loop
      vertex 5.27477 6.01472 14.4444
      vertex 4.87009 6.34683 16.4444
      vertex 5.27477 6.01472 16.4444
    endloop
  endfacet
  facet normal 0.634391 0.773013 0
    outer loop
      vertex 4.87009 6.34683 16.4444
      vertex 5.27477 6.01472 14.4444
      vertex 4.87009 6.34683 14.4444
    endloop
  endfacet
  facet normal -0.910859 -0.412718 0
    outer loop
      vertex -7.17498 -3.53831 14.4444
      vertex -7.39104 -3.06147 16.4444
      vertex -7.39104 -3.06147 14.4444
    endloop
  endfacet
  facet normal -0.910859 -0.412718 0
    outer loop
      vertex -7.39104 -3.06147 16.4444
      vertex -7.17498 -3.53831 14.4444
      vertex -7.17498 -3.53831 16.4444
    endloop
  endfacet
  facet normal 0.956939 0.290289 0
    outer loop
      vertex 7.72741 2.07055 16.4444
      vertex 7.57544 2.57152 14.4444
      vertex 7.57544 2.57152 16.4444
    endloop
  endfacet
  facet normal 0.956939 0.290289 0
    outer loop
      vertex 7.57544 2.57152 14.4444
      vertex 7.72741 2.07055 16.4444
      vertex 7.72741 2.07055 14.4444
    endloop
  endfacet
  facet normal 0.773013 0.634391 0
    outer loop
      vertex 6.34683 4.87009 16.4444
      vertex 6.01472 5.27477 14.4444
      vertex 6.01472 5.27477 16.4444
    endloop
  endfacet
  facet normal 0.773013 0.634391 0
    outer loop
      vertex 6.01472 5.27477 14.4444
      vertex 6.34683 4.87009 16.4444
      vertex 6.34683 4.87009 14.4444
    endloop
  endfacet
  facet normal 0.471399 0.88192 -0
    outer loop
      vertex 4 6.9282 14.4444
      vertex 3.53831 7.17498 16.4444
      vertex 4 6.9282 16.4444
    endloop
  endfacet
  facet normal 0.471399 0.88192 0
    outer loop
      vertex 3.53831 7.17498 16.4444
      vertex 4 6.9282 14.4444
      vertex 3.53831 7.17498 14.4444
    endloop
  endfacet
  facet normal -0.88192 0.471399 0
    outer loop
      vertex -7.17498 3.53831 14.4444
      vertex -6.9282 4 16.4444
      vertex -6.9282 4 14.4444
    endloop
  endfacet
  facet normal -0.88192 0.471399 0
    outer loop
      vertex -6.9282 4 16.4444
      vertex -7.17498 3.53831 14.4444
      vertex -7.17498 3.53831 16.4444
    endloop
  endfacet
  facet normal -0.290289 0.956939 0
    outer loop
      vertex -2.07055 7.72741 14.4444
      vertex -2.57152 7.57544 16.4444
      vertex -2.07055 7.72741 16.4444
    endloop
  endfacet
  facet normal -0.290289 0.956939 0
    outer loop
      vertex -2.57152 7.57544 16.4444
      vertex -2.07055 7.72741 14.4444
      vertex -2.57152 7.57544 14.4444
    endloop
  endfacet
  facet normal -0.582477 0.812847 0
    outer loop
      vertex -4.44456 6.65176 14.4444
      vertex -4.87009 6.34683 16.4444
      vertex -4.44456 6.65176 16.4444
    endloop
  endfacet
  facet normal -0.582477 0.812847 0
    outer loop
      vertex -4.87009 6.34683 16.4444
      vertex -4.44456 6.65176 14.4444
      vertex -4.87009 6.34683 14.4444
    endloop
  endfacet
  facet normal 0.849207 -0.528061 0
    outer loop
      vertex 6.65176 -4.44456 16.4444
      vertex 6.9282 -4 14.4444
      vertex 6.9282 -4 16.4444
    endloop
  endfacet
  facet normal 0.849207 -0.528061 0
    outer loop
      vertex 6.9282 -4 14.4444
      vertex 6.65176 -4.44456 16.4444
      vertex 6.65176 -4.44456 14.4444
    endloop
  endfacet
  facet normal 0.227066 -0.973879 0
    outer loop
      vertex 1.56072 -7.84628 14.4444
      vertex 2.07055 -7.72741 16.4444
      vertex 1.56072 -7.84628 16.4444
    endloop
  endfacet
  facet normal 0.227066 -0.973879 0
    outer loop
      vertex 2.07055 -7.72741 16.4444
      vertex 1.56072 -7.84628 14.4444
      vertex 2.07055 -7.72741 14.4444
    endloop
  endfacet
  facet normal 0.683606 -0.729852 0
    outer loop
      vertex 5.27477 -6.01472 14.4444
      vertex 5.65685 -5.65685 16.4444
      vertex 5.27477 -6.01472 16.4444
    endloop
  endfacet
  facet normal 0.683606 -0.729852 0
    outer loop
      vertex 5.65685 -5.65685 16.4444
      vertex 5.27477 -6.01472 14.4444
      vertex 5.65685 -5.65685 14.4444
    endloop
  endfacet
  facet normal -0.0980123 -0.995185 0
    outer loop
      vertex -1.04421 -7.93156 14.4444
      vertex -0.523225 -7.98287 16.4444
      vertex -1.04421 -7.93156 16.4444
    endloop
  endfacet
  facet normal -0.0980123 -0.995185 -0
    outer loop
      vertex -0.523225 -7.98287 16.4444
      vertex -1.04421 -7.93156 14.4444
      vertex -0.523225 -7.98287 14.4444
    endloop
  endfacet
  facet normal -0.528061 -0.849207 0
    outer loop
      vertex -4.44456 -6.65176 14.4444
      vertex -4 -6.9282 16.4444
      vertex -4.44456 -6.65176 16.4444
    endloop
  endfacet
  facet normal -0.528061 -0.849207 -0
    outer loop
      vertex -4 -6.9282 16.4444
      vertex -4.44456 -6.65176 14.4444
      vertex -4 -6.9282 14.4444
    endloop
  endfacet
  facet normal 0.995185 0.0980123 0
    outer loop
      vertex 7.98287 0.523225 16.4444
      vertex 7.93156 1.04421 14.4444
      vertex 7.93156 1.04421 16.4444
    endloop
  endfacet
  facet normal 0.995185 0.0980123 0
    outer loop
      vertex 7.93156 1.04421 14.4444
      vertex 7.98287 0.523225 16.4444
      vertex 7.98287 0.523225 14.4444
    endloop
  endfacet
  facet normal 0.910859 0.412718 0
    outer loop
      vertex 7.39104 3.06147 16.4444
      vertex 7.17498 3.53831 14.4444
      vertex 7.17498 3.53831 16.4444
    endloop
  endfacet
  facet normal 0.910859 0.412718 0
    outer loop
      vertex 7.17498 3.53831 14.4444
      vertex 7.39104 3.06147 16.4444
      vertex 7.39104 3.06147 14.4444
    endloop
  endfacet
  facet normal 0.88192 0.471399 0
    outer loop
      vertex 7.17498 3.53831 16.4444
      vertex 6.9282 4 14.4444
      vertex 6.9282 4 16.4444
    endloop
  endfacet
  facet normal 0.88192 0.471399 0
    outer loop
      vertex 6.9282 4 14.4444
      vertex 7.17498 3.53831 16.4444
      vertex 7.17498 3.53831 14.4444
    endloop
  endfacet
  facet normal 0.582477 0.812847 -0
    outer loop
      vertex 4.87009 6.34683 14.4444
      vertex 4.44456 6.65176 16.4444
      vertex 4.87009 6.34683 16.4444
    endloop
  endfacet
  facet normal 0.582477 0.812847 0
    outer loop
      vertex 4.44456 6.65176 16.4444
      vertex 4.87009 6.34683 14.4444
      vertex 4.44456 6.65176 14.4444
    endloop
  endfacet
  facet normal 0.412718 0.910859 -0
    outer loop
      vertex 3.53831 7.17498 14.4444
      vertex 3.06147 7.39104 16.4444
      vertex 3.53831 7.17498 16.4444
    endloop
  endfacet
  facet normal 0.412718 0.910859 0
    outer loop
      vertex 3.06147 7.39104 16.4444
      vertex 3.53831 7.17498 14.4444
      vertex 3.06147 7.39104 14.4444
    endloop
  endfacet
  facet normal 0.227066 0.973879 -0
    outer loop
      vertex 2.07055 7.72741 14.4444
      vertex 1.56072 7.84628 16.4444
      vertex 2.07055 7.72741 16.4444
    endloop
  endfacet
  facet normal 0.227066 0.973879 0
    outer loop
      vertex 1.56072 7.84628 16.4444
      vertex 2.07055 7.72741 14.4444
      vertex 1.56072 7.84628 14.4444
    endloop
  endfacet
  facet normal 0.162903 0.986642 -0
    outer loop
      vertex 1.56072 7.84628 14.4444
      vertex 1.04421 7.93156 16.4444
      vertex 1.56072 7.84628 16.4444
    endloop
  endfacet
  facet normal 0.162903 0.986642 0
    outer loop
      vertex 1.04421 7.93156 16.4444
      vertex 1.56072 7.84628 14.4444
      vertex 1.04421 7.93156 14.4444
    endloop
  endfacet
  facet normal -0.973879 0.227066 0
    outer loop
      vertex -7.84628 1.56072 14.4444
      vertex -7.72741 2.07055 16.4444
      vertex -7.72741 2.07055 14.4444
    endloop
  endfacet
  facet normal -0.973879 0.227066 0
    outer loop
      vertex -7.72741 2.07055 16.4444
      vertex -7.84628 1.56072 14.4444
      vertex -7.84628 1.56072 16.4444
    endloop
  endfacet
  facet normal -0.773013 0.634391 0
    outer loop
      vertex -6.34683 4.87009 14.4444
      vertex -6.01472 5.27477 16.4444
      vertex -6.01472 5.27477 14.4444
    endloop
  endfacet
  facet normal -0.773013 0.634391 0
    outer loop
      vertex -6.01472 5.27477 16.4444
      vertex -6.34683 4.87009 14.4444
      vertex -6.34683 4.87009 16.4444
    endloop
  endfacet
  facet normal -0.812847 0.582477 0
    outer loop
      vertex -6.65176 4.44456 14.4444
      vertex -6.34683 4.87009 16.4444
      vertex -6.34683 4.87009 14.4444
    endloop
  endfacet
  facet normal -0.812847 0.582477 0
    outer loop
      vertex -6.34683 4.87009 16.4444
      vertex -6.65176 4.44456 14.4444
      vertex -6.65176 4.44456 16.4444
    endloop
  endfacet
  facet normal -0.0980123 0.995185 0
    outer loop
      vertex -0.523225 7.98287 14.4444
      vertex -1.04421 7.93156 16.4444
      vertex -0.523225 7.98287 16.4444
    endloop
  endfacet
  facet normal -0.0980123 0.995185 0
    outer loop
      vertex -1.04421 7.93156 16.4444
      vertex -0.523225 7.98287 14.4444
      vertex -1.04421 7.93156 14.4444
    endloop
  endfacet
  facet normal -0.162903 0.986642 0
    outer loop
      vertex -1.04421 7.93156 14.4444
      vertex -1.56072 7.84628 16.4444
      vertex -1.04421 7.93156 16.4444
    endloop
  endfacet
  facet normal -0.162903 0.986642 0
    outer loop
      vertex -1.56072 7.84628 16.4444
      vertex -1.04421 7.93156 14.4444
      vertex -1.56072 7.84628 14.4444
    endloop
  endfacet
  facet normal -0.471399 0.88192 0
    outer loop
      vertex -3.53831 7.17498 14.4444
      vertex -4 6.9282 16.4444
      vertex -3.53831 7.17498 16.4444
    endloop
  endfacet
  facet normal -0.471399 0.88192 0
    outer loop
      vertex -4 6.9282 16.4444
      vertex -3.53831 7.17498 14.4444
      vertex -4 6.9282 14.4444
    endloop
  endfacet
  facet normal -0.528061 0.849207 0
    outer loop
      vertex -4 6.9282 14.4444
      vertex -4.44456 6.65176 16.4444
      vertex -4 6.9282 16.4444
    endloop
  endfacet
  facet normal -0.528061 0.849207 0
    outer loop
      vertex -4.44456 6.65176 16.4444
      vertex -4 6.9282 14.4444
      vertex -4.44456 6.65176 14.4444
    endloop
  endfacet
  facet normal 0.999465 0.0327217 0
    outer loop
      vertex 8 0 16.4444
      vertex 7.98287 0.523225 14.4444
      vertex 7.98287 0.523225 16.4444
    endloop
  endfacet
  facet normal 0.999465 0.0327217 0
    outer loop
      vertex 7.98287 0.523225 14.4444
      vertex 8 0 16.4444
      vertex 8 0 14.4444
    endloop
  endfacet
  facet normal 0.162903 -0.986642 0
    outer loop
      vertex 1.04421 -7.93156 14.4444
      vertex 1.56072 -7.84628 16.4444
      vertex 1.04421 -7.93156 16.4444
    endloop
  endfacet
  facet normal 0.162903 -0.986642 0
    outer loop
      vertex 1.56072 -7.84628 16.4444
      vertex 1.04421 -7.93156 14.4444
      vertex 1.56072 -7.84628 14.4444
    endloop
  endfacet
  facet normal 0.634391 -0.773013 0
    outer loop
      vertex 4.87009 -6.34683 14.4444
      vertex 5.27477 -6.01472 16.4444
      vertex 4.87009 -6.34683 16.4444
    endloop
  endfacet
  facet normal 0.634391 -0.773013 0
    outer loop
      vertex 5.27477 -6.01472 16.4444
      vertex 4.87009 -6.34683 14.4444
      vertex 5.27477 -6.01472 14.4444
    endloop
  endfacet
  facet normal -0.227066 -0.973879 0
    outer loop
      vertex -2.07055 -7.72741 14.4444
      vertex -1.56072 -7.84628 16.4444
      vertex -2.07055 -7.72741 16.4444
    endloop
  endfacet
  facet normal -0.227066 -0.973879 -0
    outer loop
      vertex -1.56072 -7.84628 16.4444
      vertex -2.07055 -7.72741 14.4444
      vertex -1.56072 -7.84628 14.4444
    endloop
  endfacet
  facet normal -0.162903 -0.986642 0
    outer loop
      vertex -1.56072 -7.84628 14.4444
      vertex -1.04421 -7.93156 16.4444
      vertex -1.56072 -7.84628 16.4444
    endloop
  endfacet
  facet normal -0.162903 -0.986642 -0
    outer loop
      vertex -1.04421 -7.93156 16.4444
      vertex -1.56072 -7.84628 14.4444
      vertex -1.04421 -7.93156 14.4444
    endloop
  endfacet
  facet normal -0.471399 -0.88192 0
    outer loop
      vertex -4 -6.9282 14.4444
      vertex -3.53831 -7.17498 16.4444
      vertex -4 -6.9282 16.4444
    endloop
  endfacet
  facet normal -0.471399 -0.88192 -0
    outer loop
      vertex -3.53831 -7.17498 16.4444
      vertex -4 -6.9282 14.4444
      vertex -3.53831 -7.17498 14.4444
    endloop
  endfacet
  facet normal -0.973879 -0.227066 0
    outer loop
      vertex -7.72741 -2.07055 14.4444
      vertex -7.84628 -1.56072 16.4444
      vertex -7.84628 -1.56072 14.4444
    endloop
  endfacet
  facet normal -0.973879 -0.227066 0
    outer loop
      vertex -7.84628 -1.56072 16.4444
      vertex -7.72741 -2.07055 14.4444
      vertex -7.72741 -2.07055 16.4444
    endloop
  endfacet
  facet normal -0.995185 -0.0980123 0
    outer loop
      vertex -7.93156 -1.04421 14.4444
      vertex -7.98287 -0.523225 16.4444
      vertex -7.98287 -0.523225 14.4444
    endloop
  endfacet
  facet normal -0.995185 -0.0980123 0
    outer loop
      vertex -7.98287 -0.523225 16.4444
      vertex -7.93156 -1.04421 14.4444
      vertex -7.93156 -1.04421 16.4444
    endloop
  endfacet
  facet normal -0.812847 -0.582477 0
    outer loop
      vertex -6.34683 -4.87009 14.4444
      vertex -6.65176 -4.44456 16.4444
      vertex -6.65176 -4.44456 14.4444
    endloop
  endfacet
  facet normal -0.812847 -0.582477 0
    outer loop
      vertex -6.65176 -4.44456 16.4444
      vertex -6.34683 -4.87009 14.4444
      vertex -6.34683 -4.87009 16.4444
    endloop
  endfacet
  facet normal 0.935909 0.352243 0
    outer loop
      vertex 7.57544 2.57152 16.4444
      vertex 7.39104 3.06147 14.4444
      vertex 7.39104 3.06147 16.4444
    endloop
  endfacet
  facet normal 0.935909 0.352243 0
    outer loop
      vertex 7.39104 3.06147 14.4444
      vertex 7.57544 2.57152 16.4444
      vertex 7.57544 2.57152 14.4444
    endloop
  endfacet
  facet normal 0.849207 0.528061 0
    outer loop
      vertex 6.9282 4 16.4444
      vertex 6.65176 4.44456 14.4444
      vertex 6.65176 4.44456 16.4444
    endloop
  endfacet
  facet normal 0.849207 0.528061 0
    outer loop
      vertex 6.65176 4.44456 14.4444
      vertex 6.9282 4 16.4444
      vertex 6.9282 4 14.4444
    endloop
  endfacet
  facet normal 0.812847 0.582477 0
    outer loop
      vertex 6.65176 4.44456 16.4444
      vertex 6.34683 4.87009 14.4444
      vertex 6.34683 4.87009 16.4444
    endloop
  endfacet
  facet normal 0.812847 0.582477 0
    outer loop
      vertex 6.34683 4.87009 14.4444
      vertex 6.65176 4.44456 16.4444
      vertex 6.65176 4.44456 14.4444
    endloop
  endfacet
  facet normal 0.683606 0.729852 -0
    outer loop
      vertex 5.65685 5.65685 14.4444
      vertex 5.27477 6.01472 16.4444
      vertex 5.65685 5.65685 16.4444
    endloop
  endfacet
  facet normal 0.683606 0.729852 0
    outer loop
      vertex 5.27477 6.01472 16.4444
      vertex 5.65685 5.65685 14.4444
      vertex 5.27477 6.01472 14.4444
    endloop
  endfacet
  facet normal 0.729852 0.683606 0
    outer loop
      vertex 6.01472 5.27477 16.4444
      vertex 5.65685 5.65685 14.4444
      vertex 5.65685 5.65685 16.4444
    endloop
  endfacet
  facet normal 0.729852 0.683606 0
    outer loop
      vertex 5.65685 5.65685 14.4444
      vertex 6.01472 5.27477 16.4444
      vertex 6.01472 5.27477 14.4444
    endloop
  endfacet
  facet normal 0.0327217 0.999465 -0
    outer loop
      vertex 0.523225 7.98287 14.4444
      vertex 0 8 16.4444
      vertex 0.523225 7.98287 16.4444
    endloop
  endfacet
  facet normal 0.0327217 0.999465 0
    outer loop
      vertex 0 8 16.4444
      vertex 0.523225 7.98287 14.4444
      vertex 0 8 14.4444
    endloop
  endfacet
  facet normal 0.528061 0.849207 -0
    outer loop
      vertex 4.44456 6.65176 14.4444
      vertex 4 6.9282 16.4444
      vertex 4.44456 6.65176 16.4444
    endloop
  endfacet
  facet normal 0.528061 0.849207 0
    outer loop
      vertex 4 6.9282 16.4444
      vertex 4.44456 6.65176 14.4444
      vertex 4 6.9282 14.4444
    endloop
  endfacet
  facet normal 0.352243 0.935909 -0
    outer loop
      vertex 3.06147 7.39104 14.4444
      vertex 2.57152 7.57544 16.4444
      vertex 3.06147 7.39104 16.4444
    endloop
  endfacet
  facet normal 0.352243 0.935909 0
    outer loop
      vertex 2.57152 7.57544 16.4444
      vertex 3.06147 7.39104 14.4444
      vertex 2.57152 7.57544 14.4444
    endloop
  endfacet
  facet normal 0.290289 0.956939 -0
    outer loop
      vertex 2.57152 7.57544 14.4444
      vertex 2.07055 7.72741 16.4444
      vertex 2.57152 7.57544 16.4444
    endloop
  endfacet
  facet normal 0.290289 0.956939 0
    outer loop
      vertex 2.07055 7.72741 16.4444
      vertex 2.57152 7.57544 14.4444
      vertex 2.07055 7.72741 14.4444
    endloop
  endfacet
  facet normal -0.999465 0.0327217 0
    outer loop
      vertex -8 0 14.4444
      vertex -7.98287 0.523225 16.4444
      vertex -7.98287 0.523225 14.4444
    endloop
  endfacet
  facet normal -0.999465 0.0327217 0
    outer loop
      vertex -7.98287 0.523225 16.4444
      vertex -8 0 14.4444
      vertex -8 0 16.4444
    endloop
  endfacet
  facet normal -0.935909 0.352243 0
    outer loop
      vertex -7.57544 2.57152 14.4444
      vertex -7.39104 3.06147 16.4444
      vertex -7.39104 3.06147 14.4444
    endloop
  endfacet
  facet normal -0.935909 0.352243 0
    outer loop
      vertex -7.39104 3.06147 16.4444
      vertex -7.57544 2.57152 14.4444
      vertex -7.57544 2.57152 16.4444
    endloop
  endfacet
  facet normal -0.986642 0.162903 0
    outer loop
      vertex -7.93156 1.04421 14.4444
      vertex -7.84628 1.56072 16.4444
      vertex -7.84628 1.56072 14.4444
    endloop
  endfacet
  facet normal -0.986642 0.162903 0
    outer loop
      vertex -7.84628 1.56072 16.4444
      vertex -7.93156 1.04421 14.4444
      vertex -7.93156 1.04421 16.4444
    endloop
  endfacet
  facet normal -0.956939 0.290289 0
    outer loop
      vertex -7.72741 2.07055 14.4444
      vertex -7.57544 2.57152 16.4444
      vertex -7.57544 2.57152 14.4444
    endloop
  endfacet
  facet normal -0.956939 0.290289 0
    outer loop
      vertex -7.57544 2.57152 16.4444
      vertex -7.72741 2.07055 14.4444
      vertex -7.72741 2.07055 16.4444
    endloop
  endfacet
  facet normal -0.910859 0.412718 0
    outer loop
      vertex -7.39104 3.06147 14.4444
      vertex -7.17498 3.53831 16.4444
      vertex -7.17498 3.53831 14.4444
    endloop
  endfacet
  facet normal -0.910859 0.412718 0
    outer loop
      vertex -7.17498 3.53831 16.4444
      vertex -7.39104 3.06147 14.4444
      vertex -7.39104 3.06147 16.4444
    endloop
  endfacet
  facet normal -0.849207 0.528061 0
    outer loop
      vertex -6.9282 4 14.4444
      vertex -6.65176 4.44456 16.4444
      vertex -6.65176 4.44456 14.4444
    endloop
  endfacet
  facet normal -0.849207 0.528061 0
    outer loop
      vertex -6.65176 4.44456 16.4444
      vertex -6.9282 4 14.4444
      vertex -6.9282 4 16.4444
    endloop
  endfacet
  facet normal -0.729852 0.683606 0
    outer loop
      vertex -6.01472 5.27477 14.4444
      vertex -5.65685 5.65685 16.4444
      vertex -5.65685 5.65685 14.4444
    endloop
  endfacet
  facet normal -0.729852 0.683606 0
    outer loop
      vertex -5.65685 5.65685 16.4444
      vertex -6.01472 5.27477 14.4444
      vertex -6.01472 5.27477 16.4444
    endloop
  endfacet
  facet normal -0.352243 0.935909 0
    outer loop
      vertex -2.57152 7.57544 14.4444
      vertex -3.06147 7.39104 16.4444
      vertex -2.57152 7.57544 16.4444
    endloop
  endfacet
  facet normal -0.352243 0.935909 0
    outer loop
      vertex -3.06147 7.39104 16.4444
      vertex -2.57152 7.57544 14.4444
      vertex -3.06147 7.39104 14.4444
    endloop
  endfacet
  facet normal -0.227066 0.973879 0
    outer loop
      vertex -1.56072 7.84628 14.4444
      vertex -2.07055 7.72741 16.4444
      vertex -1.56072 7.84628 16.4444
    endloop
  endfacet
  facet normal -0.227066 0.973879 0
    outer loop
      vertex -2.07055 7.72741 16.4444
      vertex -1.56072 7.84628 14.4444
      vertex -2.07055 7.72741 14.4444
    endloop
  endfacet
  facet normal -0.0327217 0.999465 0
    outer loop
      vertex 0 8 14.4444
      vertex -0.523225 7.98287 16.4444
      vertex 0 8 16.4444
    endloop
  endfacet
  facet normal -0.0327217 0.999465 0
    outer loop
      vertex -0.523225 7.98287 16.4444
      vertex 0 8 14.4444
      vertex -0.523225 7.98287 14.4444
    endloop
  endfacet
  facet normal -0.412718 0.910859 0
    outer loop
      vertex -3.06147 7.39104 14.4444
      vertex -3.53831 7.17498 16.4444
      vertex -3.06147 7.39104 16.4444
    endloop
  endfacet
  facet normal -0.412718 0.910859 0
    outer loop
      vertex -3.53831 7.17498 16.4444
      vertex -3.06147 7.39104 14.4444
      vertex -3.53831 7.17498 14.4444
    endloop
  endfacet
  facet normal -0.683606 0.729852 0
    outer loop
      vertex -5.27477 6.01472 14.4444
      vertex -5.65685 5.65685 16.4444
      vertex -5.27477 6.01472 16.4444
    endloop
  endfacet
  facet normal -0.683606 0.729852 0
    outer loop
      vertex -5.65685 5.65685 16.4444
      vertex -5.27477 6.01472 14.4444
      vertex -5.65685 5.65685 14.4444
    endloop
  endfacet
  facet normal -0.634391 0.773013 0
    outer loop
      vertex -4.87009 6.34683 14.4444
      vertex -5.27477 6.01472 16.4444
      vertex -4.87009 6.34683 16.4444
    endloop
  endfacet
  facet normal -0.634391 0.773013 0
    outer loop
      vertex -5.27477 6.01472 16.4444
      vertex -4.87009 6.34683 14.4444
      vertex -5.27477 6.01472 14.4444
    endloop
  endfacet
  facet normal 0.995185 -0.0980123 0
    outer loop
      vertex 7.93156 -1.04421 16.4444
      vertex 7.98287 -0.523225 14.4444
      vertex 7.98287 -0.523225 16.4444
    endloop
  endfacet
  facet normal 0.995185 -0.0980123 0
    outer loop
      vertex 7.98287 -0.523225 14.4444
      vertex 7.93156 -1.04421 16.4444
      vertex 7.93156 -1.04421 14.4444
    endloop
  endfacet
  facet normal 0.0327217 -0.999465 0
    outer loop
      vertex 0 -8 14.4444
      vertex 0.523225 -7.98287 16.4444
      vertex 0 -8 16.4444
    endloop
  endfacet
  facet normal 0.0327217 -0.999465 0
    outer loop
      vertex 0.523225 -7.98287 16.4444
      vertex 0 -8 14.4444
      vertex 0.523225 -7.98287 14.4444
    endloop
  endfacet
  facet normal 0.973879 -0.227066 0
    outer loop
      vertex 7.72741 -2.07055 16.4444
      vertex 7.84628 -1.56072 14.4444
      vertex 7.84628 -1.56072 16.4444
    endloop
  endfacet
  facet normal 0.973879 -0.227066 0
    outer loop
      vertex 7.84628 -1.56072 14.4444
      vertex 7.72741 -2.07055 16.4444
      vertex 7.72741 -2.07055 14.4444
    endloop
  endfacet
  facet normal 0.999465 -0.0327217 0
    outer loop
      vertex 7.98287 -0.523225 16.4444
      vertex 8 0 14.4444
      vertex 8 0 16.4444
    endloop
  endfacet
  facet normal 0.999465 -0.0327217 0
    outer loop
      vertex 8 0 14.4444
      vertex 7.98287 -0.523225 16.4444
      vertex 7.98287 -0.523225 14.4444
    endloop
  endfacet
  facet normal 0.956939 -0.290289 0
    outer loop
      vertex 7.57544 -2.57152 16.4444
      vertex 7.72741 -2.07055 14.4444
      vertex 7.72741 -2.07055 16.4444
    endloop
  endfacet
  facet normal 0.956939 -0.290289 0
    outer loop
      vertex 7.72741 -2.07055 14.4444
      vertex 7.57544 -2.57152 16.4444
      vertex 7.57544 -2.57152 14.4444
    endloop
  endfacet
  facet normal 0.935909 -0.352243 0
    outer loop
      vertex 7.39104 -3.06147 16.4444
      vertex 7.57544 -2.57152 14.4444
      vertex 7.57544 -2.57152 16.4444
    endloop
  endfacet
  facet normal 0.935909 -0.352243 0
    outer loop
      vertex 7.57544 -2.57152 14.4444
      vertex 7.39104 -3.06147 16.4444
      vertex 7.39104 -3.06147 14.4444
    endloop
  endfacet
  facet normal 0.773013 -0.634391 0
    outer loop
      vertex 6.01472 -5.27477 16.4444
      vertex 6.34683 -4.87009 14.4444
      vertex 6.34683 -4.87009 16.4444
    endloop
  endfacet
  facet normal 0.773013 -0.634391 0
    outer loop
      vertex 6.34683 -4.87009 14.4444
      vertex 6.01472 -5.27477 16.4444
      vertex 6.01472 -5.27477 14.4444
    endloop
  endfacet
  facet normal 0.812847 -0.582477 0
    outer loop
      vertex 6.34683 -4.87009 16.4444
      vertex 6.65176 -4.44456 14.4444
      vertex 6.65176 -4.44456 16.4444
    endloop
  endfacet
  facet normal 0.812847 -0.582477 0
    outer loop
      vertex 6.65176 -4.44456 14.4444
      vertex 6.34683 -4.87009 16.4444
      vertex 6.34683 -4.87009 14.4444
    endloop
  endfacet
  facet normal 0.0980123 -0.995185 0
    outer loop
      vertex 0.523225 -7.98287 14.4444
      vertex 1.04421 -7.93156 16.4444
      vertex 0.523225 -7.98287 16.4444
    endloop
  endfacet
  facet normal 0.0980123 -0.995185 0
    outer loop
      vertex 1.04421 -7.93156 16.4444
      vertex 0.523225 -7.98287 14.4444
      vertex 1.04421 -7.93156 14.4444
    endloop
  endfacet
  facet normal 0.290289 -0.956939 0
    outer loop
      vertex 2.07055 -7.72741 14.4444
      vertex 2.57152 -7.57544 16.4444
      vertex 2.07055 -7.72741 16.4444
    endloop
  endfacet
  facet normal 0.290289 -0.956939 0
    outer loop
      vertex 2.57152 -7.57544 16.4444
      vertex 2.07055 -7.72741 14.4444
      vertex 2.57152 -7.57544 14.4444
    endloop
  endfacet
  facet normal 0.528061 -0.849207 0
    outer loop
      vertex 4 -6.9282 14.4444
      vertex 4.44456 -6.65176 16.4444
      vertex 4 -6.9282 16.4444
    endloop
  endfacet
  facet normal 0.528061 -0.849207 0
    outer loop
      vertex 4.44456 -6.65176 16.4444
      vertex 4 -6.9282 14.4444
      vertex 4.44456 -6.65176 14.4444
    endloop
  endfacet
  facet normal 0.412718 -0.910859 0
    outer loop
      vertex 3.06147 -7.39104 14.4444
      vertex 3.53831 -7.17498 16.4444
      vertex 3.06147 -7.39104 16.4444
    endloop
  endfacet
  facet normal 0.412718 -0.910859 0
    outer loop
      vertex 3.53831 -7.17498 16.4444
      vertex 3.06147 -7.39104 14.4444
      vertex 3.53831 -7.17498 14.4444
    endloop
  endfacet
  facet normal -0.0327217 -0.999465 0
    outer loop
      vertex -0.523225 -7.98287 14.4444
      vertex 0 -8 16.4444
      vertex -0.523225 -7.98287 16.4444
    endloop
  endfacet
  facet normal -0.0327217 -0.999465 -0
    outer loop
      vertex 0 -8 16.4444
      vertex -0.523225 -7.98287 14.4444
      vertex 0 -8 14.4444
    endloop
  endfacet
  facet normal -0.352243 -0.935909 0
    outer loop
      vertex -3.06147 -7.39104 14.4444
      vertex -2.57152 -7.57544 16.4444
      vertex -3.06147 -7.39104 16.4444
    endloop
  endfacet
  facet normal -0.352243 -0.935909 -0
    outer loop
      vertex -2.57152 -7.57544 16.4444
      vertex -3.06147 -7.39104 14.4444
      vertex -2.57152 -7.57544 14.4444
    endloop
  endfacet
  facet normal -0.412718 -0.910859 0
    outer loop
      vertex -3.53831 -7.17498 14.4444
      vertex -3.06147 -7.39104 16.4444
      vertex -3.53831 -7.17498 16.4444
    endloop
  endfacet
  facet normal -0.412718 -0.910859 -0
    outer loop
      vertex -3.06147 -7.39104 16.4444
      vertex -3.53831 -7.17498 14.4444
      vertex -3.06147 -7.39104 14.4444
    endloop
  endfacet
  facet normal -0.582477 -0.812847 0
    outer loop
      vertex -4.87009 -6.34683 14.4444
      vertex -4.44456 -6.65176 16.4444
      vertex -4.87009 -6.34683 16.4444
    endloop
  endfacet
  facet normal -0.582477 -0.812847 -0
    outer loop
      vertex -4.44456 -6.65176 16.4444
      vertex -4.87009 -6.34683 14.4444
      vertex -4.44456 -6.65176 14.4444
    endloop
  endfacet
  facet normal -0.683606 -0.729852 0
    outer loop
      vertex -5.65685 -5.65685 14.4444
      vertex -5.27477 -6.01472 16.4444
      vertex -5.65685 -5.65685 16.4444
    endloop
  endfacet
  facet normal -0.683606 -0.729852 -0
    outer loop
      vertex -5.27477 -6.01472 16.4444
      vertex -5.65685 -5.65685 14.4444
      vertex -5.27477 -6.01472 14.4444
    endloop
  endfacet
  facet normal -0.986642 -0.162903 0
    outer loop
      vertex -7.84628 -1.56072 14.4444
      vertex -7.93156 -1.04421 16.4444
      vertex -7.93156 -1.04421 14.4444
    endloop
  endfacet
  facet normal -0.986642 -0.162903 0
    outer loop
      vertex -7.93156 -1.04421 16.4444
      vertex -7.84628 -1.56072 14.4444
      vertex -7.84628 -1.56072 16.4444
    endloop
  endfacet
  facet normal -0.999465 -0.0327217 0
    outer loop
      vertex -7.98287 -0.523225 14.4444
      vertex -8 0 16.4444
      vertex -8 0 14.4444
    endloop
  endfacet
  facet normal -0.999465 -0.0327217 0
    outer loop
      vertex -8 0 16.4444
      vertex -7.98287 -0.523225 14.4444
      vertex -7.98287 -0.523225 16.4444
    endloop
  endfacet
  facet normal -0.956939 -0.290289 0
    outer loop
      vertex -7.57544 -2.57152 14.4444
      vertex -7.72741 -2.07055 16.4444
      vertex -7.72741 -2.07055 14.4444
    endloop
  endfacet
  facet normal -0.956939 -0.290289 0
    outer loop
      vertex -7.72741 -2.07055 16.4444
      vertex -7.57544 -2.57152 14.4444
      vertex -7.57544 -2.57152 16.4444
    endloop
  endfacet
  facet normal -0.88192 -0.471399 0
    outer loop
      vertex -6.9282 -4 14.4444
      vertex -7.17498 -3.53831 16.4444
      vertex -7.17498 -3.53831 14.4444
    endloop
  endfacet
  facet normal -0.88192 -0.471399 0
    outer loop
      vertex -7.17498 -3.53831 16.4444
      vertex -6.9282 -4 14.4444
      vertex -6.9282 -4 16.4444
    endloop
  endfacet
  facet normal -0.849207 -0.528061 0
    outer loop
      vertex -6.65176 -4.44456 14.4444
      vertex -6.9282 -4 16.4444
      vertex -6.9282 -4 14.4444
    endloop
  endfacet
  facet normal -0.849207 -0.528061 0
    outer loop
      vertex -6.9282 -4 16.4444
      vertex -6.65176 -4.44456 14.4444
      vertex -6.65176 -4.44456 16.4444
    endloop
  endfacet
  facet normal -0.773013 -0.634391 0
    outer loop
      vertex -6.01472 -5.27477 14.4444
      vertex -6.34683 -4.87009 16.4444
      vertex -6.34683 -4.87009 14.4444
    endloop
  endfacet
  facet normal -0.773013 -0.634391 0
    outer loop
      vertex -6.34683 -4.87009 16.4444
      vertex -6.01472 -5.27477 14.4444
      vertex -6.01472 -5.27477 16.4444
    endloop
  endfacet
  facet normal 0.973879 0.227066 0
    outer loop
      vertex 7.84628 1.56072 16.4444
      vertex 7.72741 2.07055 14.4444
      vertex 7.72741 2.07055 16.4444
    endloop
  endfacet
  facet normal 0.973879 0.227066 0
    outer loop
      vertex 7.72741 2.07055 14.4444
      vertex 7.84628 1.56072 16.4444
      vertex 7.84628 1.56072 14.4444
    endloop
  endfacet
  facet normal 0.986642 0.162903 0
    outer loop
      vertex 7.93156 1.04421 16.4444
      vertex 7.84628 1.56072 14.4444
      vertex 7.84628 1.56072 16.4444
    endloop
  endfacet
  facet normal 0.986642 0.162903 0
    outer loop
      vertex 7.84628 1.56072 14.4444
      vertex 7.93156 1.04421 16.4444
      vertex 7.93156 1.04421 14.4444
    endloop
  endfacet
  facet normal 0.0980123 0.995185 -0
    outer loop
      vertex 1.04421 7.93156 14.4444
      vertex 0.523225 7.98287 16.4444
      vertex 1.04421 7.93156 16.4444
    endloop
  endfacet
  facet normal 0.0980123 0.995185 0
    outer loop
      vertex 0.523225 7.98287 16.4444
      vertex 1.04421 7.93156 14.4444
      vertex 0.523225 7.98287 14.4444
    endloop
  endfacet
  facet normal 0 0 1
    outer loop
      vertex 6 0 16.4444
      vertex 8 0 16.4444
      vertex 7.98287 0.523225 16.4444
    endloop
  endfacet
  facet normal 0 0 1
    outer loop
      vertex 5.98715 0.392418 16.4444
      vertex 7.98287 0.523225 16.4444
      vertex 7.93156 1.04421 16.4444
    endloop
  endfacet
  facet normal 0 0 1
    outer loop
      vertex 8 0 16.4444
      vertex 6 0 16.4444
      vertex 7.98287 -0.523225 16.4444
    endloop
  endfacet
  facet normal 0 0 1
    outer loop
      vertex 5.94867 0.783156 16.4444
      vertex 7.93156 1.04421 16.4444
      vertex 7.84628 1.56072 16.4444
    endloop
  endfacet
  facet normal -0 0 1
    outer loop
      vertex 5.98715 -0.392418 16.4444
      vertex 7.98287 -0.523225 16.4444
      vertex 6 0 16.4444
    endloop
  endfacet
  facet normal 0 0 1
    outer loop
      vertex 5.88471 1.17054 16.4444
      vertex 7.84628 1.56072 16.4444
      vertex 7.72741 2.07055 16.4444
    endloop
  endfacet
  facet normal 0 0 1
    outer loop
      vertex 7.98287 -0.523225 16.4444
      vertex 5.98715 -0.392418 16.4444
      vertex 7.93156 -1.04421 16.4444
    endloop
  endfacet
  facet normal 0 0 1
    outer loop
      vertex 5.79555 1.55291 16.4444
      vertex 7.72741 2.07055 16.4444
      vertex 7.57544 2.57152 16.4444
    endloop
  endfacet
  facet normal -0 0 1
    outer loop
      vertex 5.94867 -0.783156 16.4444
      vertex 7.93156 -1.04421 16.4444
      vertex 5.98715 -0.392418 16.4444
    endloop
  endfacet
  facet normal 0 0 1
    outer loop
      vertex 5.68158 1.92864 16.4444
      vertex 7.57544 2.57152 16.4444
      vertex 7.39104 3.06147 16.4444
    endloop
  endfacet
  facet normal 0 0 1
    outer loop
      vertex 7.93156 -1.04421 16.4444
      vertex 5.94867 -0.783156 16.4444
      vertex 7.84628 -1.56072 16.4444
    endloop
  endfacet
  facet normal 0 0 1
    outer loop
      vertex 5.54328 2.2961 16.4444
      vertex 7.39104 3.06147 16.4444
      vertex 7.17498 3.53831 16.4444
    endloop
  endfacet
  facet normal -0 0 1
    outer loop
      vertex 5.88471 -1.17054 16.4444
      vertex 7.84628 -1.56072 16.4444
      vertex 5.94867 -0.783156 16.4444
    endloop
  endfacet
  facet normal 0 0 1
    outer loop
      vertex 5.38124 2.65373 16.4444
      vertex 7.17498 3.53831 16.4444
      vertex 6.9282 4 16.4444
    endloop
  endfacet
  facet normal 0 0 1
    outer loop
      vertex 7.84628 -1.56072 16.4444
      vertex 5.88471 -1.17054 16.4444
      vertex 7.72741 -2.07055 16.4444
    endloop
  endfacet
  facet normal 0 0 1
    outer loop
      vertex 5.19615 3 16.4444
      vertex 6.9282 4 16.4444
      vertex 6.65176 4.44456 16.4444
    endloop
  endfacet
  facet normal -0 0 1
    outer loop
      vertex 5.79555 -1.55291 16.4444
      vertex 7.72741 -2.07055 16.4444
      vertex 5.88471 -1.17054 16.4444
    endloop
  endfacet
  facet normal 0 0 1
    outer loop
      vertex 4.98882 3.33342 16.4444
      vertex 6.65176 4.44456 16.4444
      vertex 6.34683 4.87009 16.4444
    endloop
  endfacet
  facet normal 0 0 1
    outer loop
      vertex 7.72741 -2.07055 16.4444
      vertex 5.79555 -1.55291 16.4444
      vertex 7.57544 -2.57152 16.4444
    endloop
  endfacet
  facet normal 0 0 1
    outer loop
      vertex 4.76012 3.65257 16.4444
      vertex 6.34683 4.87009 16.4444
      vertex 6.01472 5.27477 16.4444
    endloop
  endfacet
  facet normal -0 0 1
    outer loop
      vertex 5.68158 -1.92864 16.4444
      vertex 7.57544 -2.57152 16.4444
      vertex 5.79555 -1.55291 16.4444
    endloop
  endfacet
  facet normal 0 0 1
    outer loop
      vertex 7.57544 -2.57152 16.4444
      vertex 5.68158 -1.92864 16.4444
      vertex 7.39104 -3.06147 16.4444
    endloop
  endfacet
  facet normal 0 0 1
    outer loop
      vertex 7.98287 0.523225 16.4444
      vertex 5.98715 0.392418 16.4444
      vertex 6 0 16.4444
    endloop
  endfacet
  facet normal 0 0 1
    outer loop
      vertex 7.93156 1.04421 16.4444
      vertex 5.94867 0.783156 16.4444
      vertex 5.98715 0.392418 16.4444
    endloop
  endfacet
  facet normal 0 0 1
    outer loop
      vertex 7.84628 1.56072 16.4444
      vertex 5.88471 1.17054 16.4444
      vertex 5.94867 0.783156 16.4444
    endloop
  endfacet
  facet normal 0 0 1
    outer loop
      vertex 7.72741 2.07055 16.4444
      vertex 5.79555 1.55291 16.4444
      vertex 5.88471 1.17054 16.4444
    endloop
  endfacet
  facet normal 0 0 1
    outer loop
      vertex 7.57544 2.57152 16.4444
      vertex 5.68158 1.92864 16.4444
      vertex 5.79555 1.55291 16.4444
    endloop
  endfacet
  facet normal 0 0 1
    outer loop
      vertex 4.51104 3.95607 16.4444
      vertex 6.01472 5.27477 16.4444
      vertex 5.65685 5.65685 16.4444
    endloop
  endfacet
  facet normal 0 0 1
    outer loop
      vertex 7.39104 3.06147 16.4444
      vertex 5.54328 2.2961 16.4444
      vertex 5.68158 1.92864 16.4444
    endloop
  endfacet
  facet normal 0 0 1
    outer loop
      vertex 7.17498 3.53831 16.4444
      vertex 5.38124 2.65373 16.4444
      vertex 5.54328 2.2961 16.4444
    endloop
  endfacet
  facet normal 0 0 1
    outer loop
      vertex 4.24264 4.24264 16.4444
      vertex 5.65685 5.65685 16.4444
      vertex 5.27477 6.01472 16.4444
    endloop
  endfacet
  facet normal 0 0 1
    outer loop
      vertex 6.9282 4 16.4444
      vertex 5.19615 3 16.4444
      vertex 5.38124 2.65373 16.4444
    endloop
  endfacet
  facet normal 0 0 1
    outer loop
      vertex 6.65176 4.44456 16.4444
      vertex 4.98882 3.33342 16.4444
      vertex 5.19615 3 16.4444
    endloop
  endfacet
  facet normal 0 0 1
    outer loop
      vertex 3.95607 4.51104 16.4444
      vertex 5.27477 6.01472 16.4444
      vertex 4.87009 6.34683 16.4444
    endloop
  endfacet
  facet normal 0 0 1
    outer loop
      vertex 6.34683 4.87009 16.4444
      vertex 4.76012 3.65257 16.4444
      vertex 4.98882 3.33342 16.4444
    endloop
  endfacet
  facet normal 0 0 1
    outer loop
      vertex 6.01472 5.27477 16.4444
      vertex 4.51104 3.95607 16.4444
      vertex 4.76012 3.65257 16.4444
    endloop
  endfacet
  facet normal 0 0 1
    outer loop
      vertex 3.65257 4.76012 16.4444
      vertex 4.87009 6.34683 16.4444
      vertex 4.44456 6.65176 16.4444
    endloop
  endfacet
  facet normal 0 0 1
    outer loop
      vertex 5.65685 5.65685 16.4444
      vertex 4.24264 4.24264 16.4444
      vertex 4.51104 3.95607 16.4444
    endloop
  endfacet
  facet normal 0 0 1
    outer loop
      vertex 3.33342 4.98882 16.4444
      vertex 4.44456 6.65176 16.4444
      vertex 4 6.9282 16.4444
    endloop
  endfacet
  facet normal 0 0 1
    outer loop
      vertex 5.27477 6.01472 16.4444
      vertex 3.95607 4.51104 16.4444
      vertex 4.24264 4.24264 16.4444
    endloop
  endfacet
  facet normal 0 0 1
    outer loop
      vertex 4.87009 6.34683 16.4444
      vertex 3.65257 4.76012 16.4444
      vertex 3.95607 4.51104 16.4444
    endloop
  endfacet
  facet normal 0 0 1
    outer loop
      vertex 3 5.19615 16.4444
      vertex 4 6.9282 16.4444
      vertex 3.53831 7.17498 16.4444
    endloop
  endfacet
  facet normal 0 0 1
    outer loop
      vertex 4.44456 6.65176 16.4444
      vertex 3.33342 4.98882 16.4444
      vertex 3.65257 4.76012 16.4444
    endloop
  endfacet
  facet normal 0 0 1
    outer loop
      vertex 2.65373 5.38124 16.4444
      vertex 3.53831 7.17498 16.4444
      vertex 3.06147 7.39104 16.4444
    endloop
  endfacet
  facet normal 0 0 1
    outer loop
      vertex 4 6.9282 16.4444
      vertex 3 5.19615 16.4444
      vertex 3.33342 4.98882 16.4444
    endloop
  endfacet
  facet normal 0 0 1
    outer loop
      vertex 3.53831 7.17498 16.4444
      vertex 2.65373 5.38124 16.4444
      vertex 3 5.19615 16.4444
    endloop
  endfacet
  facet normal 0 0 1
    outer loop
      vertex 2.2961 5.54328 16.4444
      vertex 3.06147 7.39104 16.4444
      vertex 2.57152 7.57544 16.4444
    endloop
  endfacet
  facet normal 0 0 1
    outer loop
      vertex 3.06147 7.39104 16.4444
      vertex 2.2961 5.54328 16.4444
      vertex 2.65373 5.38124 16.4444
    endloop
  endfacet
  facet normal 0 0 1
    outer loop
      vertex 1.92864 5.68158 16.4444
      vertex 2.57152 7.57544 16.4444
      vertex 2.07055 7.72741 16.4444
    endloop
  endfacet
  facet normal 0 0 1
    outer loop
      vertex 2.57152 7.57544 16.4444
      vertex 1.92864 5.68158 16.4444
      vertex 2.2961 5.54328 16.4444
    endloop
  endfacet
  facet normal 0 0 1
    outer loop
      vertex 1.55291 5.79555 16.4444
      vertex 2.07055 7.72741 16.4444
      vertex 1.56072 7.84628 16.4444
    endloop
  endfacet
  facet normal 0 0 1
    outer loop
      vertex 2.07055 7.72741 16.4444
      vertex 1.55291 5.79555 16.4444
      vertex 1.92864 5.68158 16.4444
    endloop
  endfacet
  facet normal 0 0 1
    outer loop
      vertex 1.56072 7.84628 16.4444
      vertex 1.17054 5.88471 16.4444
      vertex 1.55291 5.79555 16.4444
    endloop
  endfacet
  facet normal 0 0 1
    outer loop
      vertex 1.04421 7.93156 16.4444
      vertex 1.17054 5.88471 16.4444
      vertex 1.56072 7.84628 16.4444
    endloop
  endfacet
  facet normal 0 0 1
    outer loop
      vertex 1.04421 7.93156 16.4444
      vertex 0.783156 5.94867 16.4444
      vertex 1.17054 5.88471 16.4444
    endloop
  endfacet
  facet normal 0 0 1
    outer loop
      vertex 0.523225 7.98287 16.4444
      vertex 0.783156 5.94867 16.4444
      vertex 1.04421 7.93156 16.4444
    endloop
  endfacet
  facet normal 0 0 1
    outer loop
      vertex 0.523225 7.98287 16.4444
      vertex 0.392418 5.98715 16.4444
      vertex 0.783156 5.94867 16.4444
    endloop
  endfacet
  facet normal 0 0 1
    outer loop
      vertex 0 8 16.4444
      vertex 0.392418 5.98715 16.4444
      vertex 0.523225 7.98287 16.4444
    endloop
  endfacet
  facet normal 0 0 1
    outer loop
      vertex 0 8 16.4444
      vertex 0 6 16.4444
      vertex 0.392418 5.98715 16.4444
    endloop
  endfacet
  facet normal 0 0 1
    outer loop
      vertex 0 8 16.4444
      vertex -0.392418 5.98715 16.4444
      vertex 0 6 16.4444
    endloop
  endfacet
  facet normal -0 0 1
    outer loop
      vertex -0.523225 7.98287 16.4444
      vertex -0.392418 5.98715 16.4444
      vertex 0 8 16.4444
    endloop
  endfacet
  facet normal 0 0 1
    outer loop
      vertex -0.523225 7.98287 16.4444
      vertex -0.783156 5.94867 16.4444
      vertex -0.392418 5.98715 16.4444
    endloop
  endfacet
  facet normal -0 0 1
    outer loop
      vertex -1.04421 7.93156 16.4444
      vertex -0.783156 5.94867 16.4444
      vertex -0.523225 7.98287 16.4444
    endloop
  endfacet
  facet normal 0 0 1
    outer loop
      vertex -1.04421 7.93156 16.4444
      vertex -1.17054 5.88471 16.4444
      vertex -0.783156 5.94867 16.4444
    endloop
  endfacet
  facet normal -0 0 1
    outer loop
      vertex -1.56072 7.84628 16.4444
      vertex -1.17054 5.88471 16.4444
      vertex -1.04421 7.93156 16.4444
    endloop
  endfacet
  facet normal 0 0 1
    outer loop
      vertex -1.17054 5.88471 16.4444
      vertex -1.56072 7.84628 16.4444
      vertex -1.55291 5.79555 16.4444
    endloop
  endfacet
  facet normal -0 0 1
    outer loop
      vertex -2.07055 7.72741 16.4444
      vertex -1.55291 5.79555 16.4444
      vertex -1.56072 7.84628 16.4444
    endloop
  endfacet
  facet normal 0 0 1
    outer loop
      vertex -1.55291 5.79555 16.4444
      vertex -2.07055 7.72741 16.4444
      vertex -1.92864 5.68158 16.4444
    endloop
  endfacet
  facet normal -0 0 1
    outer loop
      vertex -2.57152 7.57544 16.4444
      vertex -1.92864 5.68158 16.4444
      vertex -2.07055 7.72741 16.4444
    endloop
  endfacet
  facet normal 0 0 1
    outer loop
      vertex -1.92864 5.68158 16.4444
      vertex -2.57152 7.57544 16.4444
      vertex -2.2961 5.54328 16.4444
    endloop
  endfacet
  facet normal -0 0 1
    outer loop
      vertex -3.06147 7.39104 16.4444
      vertex -2.2961 5.54328 16.4444
      vertex -2.57152 7.57544 16.4444
    endloop
  endfacet
  facet normal 0 0 1
    outer loop
      vertex -2.2961 5.54328 16.4444
      vertex -3.06147 7.39104 16.4444
      vertex -2.65373 5.38124 16.4444
    endloop
  endfacet
  facet normal -0 0 1
    outer loop
      vertex -3.53831 7.17498 16.4444
      vertex -2.65373 5.38124 16.4444
      vertex -3.06147 7.39104 16.4444
    endloop
  endfacet
  facet normal 0 0 1
    outer loop
      vertex -2.65373 5.38124 16.4444
      vertex -3.53831 7.17498 16.4444
      vertex -3 5.19615 16.4444
    endloop
  endfacet
  facet normal -0 0 1
    outer loop
      vertex -4 6.9282 16.4444
      vertex -3 5.19615 16.4444
      vertex -3.53831 7.17498 16.4444
    endloop
  endfacet
  facet normal 0 0 1
    outer loop
      vertex -3 5.19615 16.4444
      vertex -4 6.9282 16.4444
      vertex -3.33342 4.98882 16.4444
    endloop
  endfacet
  facet normal -0 0 1
    outer loop
      vertex -4.44456 6.65176 16.4444
      vertex -3.33342 4.98882 16.4444
      vertex -4 6.9282 16.4444
    endloop
  endfacet
  facet normal 0 0 1
    outer loop
      vertex -3.33342 4.98882 16.4444
      vertex -4.44456 6.65176 16.4444
      vertex -3.65257 4.76012 16.4444
    endloop
  endfacet
  facet normal -0 0 1
    outer loop
      vertex -4.87009 6.34683 16.4444
      vertex -3.65257 4.76012 16.4444
      vertex -4.44456 6.65176 16.4444
    endloop
  endfacet
  facet normal 0 0 1
    outer loop
      vertex -3.65257 4.76012 16.4444
      vertex -4.87009 6.34683 16.4444
      vertex -3.95607 4.51104 16.4444
    endloop
  endfacet
  facet normal -0 0 1
    outer loop
      vertex -5.27477 6.01472 16.4444
      vertex -3.95607 4.51104 16.4444
      vertex -4.87009 6.34683 16.4444
    endloop
  endfacet
  facet normal 0 0 1
    outer loop
      vertex -3.95607 4.51104 16.4444
      vertex -5.27477 6.01472 16.4444
      vertex -4.24264 4.24264 16.4444
    endloop
  endfacet
  facet normal -0 0 1
    outer loop
      vertex -5.65685 5.65685 16.4444
      vertex -4.24264 4.24264 16.4444
      vertex -5.27477 6.01472 16.4444
    endloop
  endfacet
  facet normal 0 0 1
    outer loop
      vertex -4.24264 4.24264 16.4444
      vertex -5.65685 5.65685 16.4444
      vertex -4.51104 3.95607 16.4444
    endloop
  endfacet
  facet normal -0 0 1
    outer loop
      vertex -6.01472 5.27477 16.4444
      vertex -4.51104 3.95607 16.4444
      vertex -5.65685 5.65685 16.4444
    endloop
  endfacet
  facet normal 0 0 1
    outer loop
      vertex -4.51104 3.95607 16.4444
      vertex -6.01472 5.27477 16.4444
      vertex -4.76012 3.65257 16.4444
    endloop
  endfacet
  facet normal -0 0 1
    outer loop
      vertex -6.34683 4.87009 16.4444
      vertex -4.76012 3.65257 16.4444
      vertex -6.01472 5.27477 16.4444
    endloop
  endfacet
  facet normal 0 0 1
    outer loop
      vertex -4.76012 3.65257 16.4444
      vertex -6.34683 4.87009 16.4444
      vertex -4.98882 3.33342 16.4444
    endloop
  endfacet
  facet normal -0 0 1
    outer loop
      vertex -6.65176 4.44456 16.4444
      vertex -4.98882 3.33342 16.4444
      vertex -6.34683 4.87009 16.4444
    endloop
  endfacet
  facet normal 0 0 1
    outer loop
      vertex -4.98882 3.33342 16.4444
      vertex -6.65176 4.44456 16.4444
      vertex -5.19615 3 16.4444
    endloop
  endfacet
  facet normal -0 0 1
    outer loop
      vertex -6.9282 4 16.4444
      vertex -5.19615 3 16.4444
      vertex -6.65176 4.44456 16.4444
    endloop
  endfacet
  facet normal 0 0 1
    outer loop
      vertex -5.19615 3 16.4444
      vertex -6.9282 4 16.4444
      vertex -5.38124 2.65373 16.4444
    endloop
  endfacet
  facet normal -0 0 1
    outer loop
      vertex -7.17498 3.53831 16.4444
      vertex -5.38124 2.65373 16.4444
      vertex -6.9282 4 16.4444
    endloop
  endfacet
  facet normal 0 0 1
    outer loop
      vertex -5.38124 2.65373 16.4444
      vertex -7.17498 3.53831 16.4444
      vertex -5.54328 2.2961 16.4444
    endloop
  endfacet
  facet normal 0 0 1
    outer loop
      vertex -5.54328 2.2961 16.4444
      vertex -7.39104 3.06147 16.4444
      vertex -5.68158 1.92864 16.4444
    endloop
  endfacet
  facet normal -0 0 1
    outer loop
      vertex -7.39104 3.06147 16.4444
      vertex -5.54328 2.2961 16.4444
      vertex -7.17498 3.53831 16.4444
    endloop
  endfacet
  facet normal -0 0 1
    outer loop
      vertex 5.54328 -2.2961 16.4444
      vertex 7.39104 -3.06147 16.4444
      vertex 5.68158 -1.92864 16.4444
    endloop
  endfacet
  facet normal 0 0 1
    outer loop
      vertex 7.39104 -3.06147 16.4444
      vertex 5.54328 -2.2961 16.4444
      vertex 7.17498 -3.53831 16.4444
    endloop
  endfacet
  facet normal -0 0 1
    outer loop
      vertex 5.38124 -2.65373 16.4444
      vertex 7.17498 -3.53831 16.4444
      vertex 5.54328 -2.2961 16.4444
    endloop
  endfacet
  facet normal 0 0 1
    outer loop
      vertex 7.17498 -3.53831 16.4444
      vertex 5.38124 -2.65373 16.4444
      vertex 6.9282 -4 16.4444
    endloop
  endfacet
  facet normal -0 0 1
    outer loop
      vertex 5.19615 -3 16.4444
      vertex 6.9282 -4 16.4444
      vertex 5.38124 -2.65373 16.4444
    endloop
  endfacet
  facet normal 0 0 1
    outer loop
      vertex 6.9282 -4 16.4444
      vertex 5.19615 -3 16.4444
      vertex 6.65176 -4.44456 16.4444
    endloop
  endfacet
  facet normal -0 0 1
    outer loop
      vertex 4.98882 -3.33342 16.4444
      vertex 6.65176 -4.44456 16.4444
      vertex 5.19615 -3 16.4444
    endloop
  endfacet
  facet normal 0 0 1
    outer loop
      vertex 6.65176 -4.44456 16.4444
      vertex 4.98882 -3.33342 16.4444
      vertex 6.34683 -4.87009 16.4444
    endloop
  endfacet
  facet normal -0 0 1
    outer loop
      vertex 4.76012 -3.65257 16.4444
      vertex 6.34683 -4.87009 16.4444
      vertex 4.98882 -3.33342 16.4444
    endloop
  endfacet
  facet normal 0 0 1
    outer loop
      vertex 6.34683 -4.87009 16.4444
      vertex 4.76012 -3.65257 16.4444
      vertex 6.01472 -5.27477 16.4444
    endloop
  endfacet
  facet normal -0 0 1
    outer loop
      vertex 4.51104 -3.95607 16.4444
      vertex 6.01472 -5.27477 16.4444
      vertex 4.76012 -3.65257 16.4444
    endloop
  endfacet
  facet normal 0 0 1
    outer loop
      vertex 6.01472 -5.27477 16.4444
      vertex 4.51104 -3.95607 16.4444
      vertex 5.65685 -5.65685 16.4444
    endloop
  endfacet
  facet normal -0 0 1
    outer loop
      vertex 4.24264 -4.24264 16.4444
      vertex 5.65685 -5.65685 16.4444
      vertex 4.51104 -3.95607 16.4444
    endloop
  endfacet
  facet normal 0 0 1
    outer loop
      vertex 5.65685 -5.65685 16.4444
      vertex 4.24264 -4.24264 16.4444
      vertex 5.27477 -6.01472 16.4444
    endloop
  endfacet
  facet normal -0 0 1
    outer loop
      vertex 3.95607 -4.51104 16.4444
      vertex 5.27477 -6.01472 16.4444
      vertex 4.24264 -4.24264 16.4444
    endloop
  endfacet
  facet normal 0 0 1
    outer loop
      vertex 5.27477 -6.01472 16.4444
      vertex 3.95607 -4.51104 16.4444
      vertex 4.87009 -6.34683 16.4444
    endloop
  endfacet
  facet normal -0 0 1
    outer loop
      vertex 3.65257 -4.76012 16.4444
      vertex 4.87009 -6.34683 16.4444
      vertex 3.95607 -4.51104 16.4444
    endloop
  endfacet
  facet normal 0 0 1
    outer loop
      vertex 4.87009 -6.34683 16.4444
      vertex 3.65257 -4.76012 16.4444
      vertex 4.44456 -6.65176 16.4444
    endloop
  endfacet
  facet normal -0 0 1
    outer loop
      vertex 3.33342 -4.98882 16.4444
      vertex 4.44456 -6.65176 16.4444
      vertex 3.65257 -4.76012 16.4444
    endloop
  endfacet
  facet normal 0 0 1
    outer loop
      vertex 4.44456 -6.65176 16.4444
      vertex 3.33342 -4.98882 16.4444
      vertex 4 -6.9282 16.4444
    endloop
  endfacet
  facet normal -0 0 1
    outer loop
      vertex 3 -5.19615 16.4444
      vertex 4 -6.9282 16.4444
      vertex 3.33342 -4.98882 16.4444
    endloop
  endfacet
  facet normal 0 0 1
    outer loop
      vertex 4 -6.9282 16.4444
      vertex 3 -5.19615 16.4444
      vertex 3.53831 -7.17498 16.4444
    endloop
  endfacet
  facet normal -0 0 1
    outer loop
      vertex 2.65373 -5.38124 16.4444
      vertex 3.53831 -7.17498 16.4444
      vertex 3 -5.19615 16.4444
    endloop
  endfacet
  facet normal 0 0 1
    outer loop
      vertex 3.53831 -7.17498 16.4444
      vertex 2.65373 -5.38124 16.4444
      vertex 3.06147 -7.39104 16.4444
    endloop
  endfacet
  facet normal -0 0 1
    outer loop
      vertex 2.2961 -5.54328 16.4444
      vertex 3.06147 -7.39104 16.4444
      vertex 2.65373 -5.38124 16.4444
    endloop
  endfacet
  facet normal 0 0 1
    outer loop
      vertex 3.06147 -7.39104 16.4444
      vertex 2.2961 -5.54328 16.4444
      vertex 2.57152 -7.57544 16.4444
    endloop
  endfacet
  facet normal -0 0 1
    outer loop
      vertex 1.92864 -5.68158 16.4444
      vertex 2.57152 -7.57544 16.4444
      vertex 2.2961 -5.54328 16.4444
    endloop
  endfacet
  facet normal 0 0 1
    outer loop
      vertex 2.57152 -7.57544 16.4444
      vertex 1.92864 -5.68158 16.4444
      vertex 2.07055 -7.72741 16.4444
    endloop
  endfacet
  facet normal -0 0 1
    outer loop
      vertex 1.55291 -5.79555 16.4444
      vertex 2.07055 -7.72741 16.4444
      vertex 1.92864 -5.68158 16.4444
    endloop
  endfacet
  facet normal 0 0 1
    outer loop
      vertex 2.07055 -7.72741 16.4444
      vertex 1.55291 -5.79555 16.4444
      vertex 1.56072 -7.84628 16.4444
    endloop
  endfacet
  facet normal -0 0 1
    outer loop
      vertex 1.17054 -5.88471 16.4444
      vertex 1.56072 -7.84628 16.4444
      vertex 1.55291 -5.79555 16.4444
    endloop
  endfacet
  facet normal 0 0 1
    outer loop
      vertex 1.17054 -5.88471 16.4444
      vertex 1.04421 -7.93156 16.4444
      vertex 1.56072 -7.84628 16.4444
    endloop
  endfacet
  facet normal -0 0 1
    outer loop
      vertex 0.783156 -5.94867 16.4444
      vertex 1.04421 -7.93156 16.4444
      vertex 1.17054 -5.88471 16.4444
    endloop
  endfacet
  facet normal 0 0 1
    outer loop
      vertex 0.783156 -5.94867 16.4444
      vertex 0.523225 -7.98287 16.4444
      vertex 1.04421 -7.93156 16.4444
    endloop
  endfacet
  facet normal -0 0 1
    outer loop
      vertex 0.392418 -5.98715 16.4444
      vertex 0.523225 -7.98287 16.4444
      vertex 0.783156 -5.94867 16.4444
    endloop
  endfacet
  facet normal -0 0 1
    outer loop
      vertex 0 -6 16.4444
      vertex 0.523225 -7.98287 16.4444
      vertex 0.392418 -5.98715 16.4444
    endloop
  endfacet
  facet normal 0 0 1
    outer loop
      vertex 0 -6 16.4444
      vertex 0 -8 16.4444
      vertex 0.523225 -7.98287 16.4444
    endloop
  endfacet
  facet normal 0 0 1
    outer loop
      vertex -0.392418 -5.98715 16.4444
      vertex 0 -8 16.4444
      vertex 0 -6 16.4444
    endloop
  endfacet
  facet normal 0 0 1
    outer loop
      vertex -0.392418 -5.98715 16.4444
      vertex -0.523225 -7.98287 16.4444
      vertex 0 -8 16.4444
    endloop
  endfacet
  facet normal 0 0 1
    outer loop
      vertex -0.783156 -5.94867 16.4444
      vertex -0.523225 -7.98287 16.4444
      vertex -0.392418 -5.98715 16.4444
    endloop
  endfacet
  facet normal 0 0 1
    outer loop
      vertex -0.783156 -5.94867 16.4444
      vertex -1.04421 -7.93156 16.4444
      vertex -0.523225 -7.98287 16.4444
    endloop
  endfacet
  facet normal 0 0 1
    outer loop
      vertex -1.17054 -5.88471 16.4444
      vertex -1.04421 -7.93156 16.4444
      vertex -0.783156 -5.94867 16.4444
    endloop
  endfacet
  facet normal 0 0 1
    outer loop
      vertex -1.56072 -7.84628 16.4444
      vertex -1.17054 -5.88471 16.4444
      vertex -1.55291 -5.79555 16.4444
    endloop
  endfacet
  facet normal 0 0 1
    outer loop
      vertex -1.17054 -5.88471 16.4444
      vertex -1.56072 -7.84628 16.4444
      vertex -1.04421 -7.93156 16.4444
    endloop
  endfacet
  facet normal 0 0 1
    outer loop
      vertex -2.07055 -7.72741 16.4444
      vertex -1.55291 -5.79555 16.4444
      vertex -1.92864 -5.68158 16.4444
    endloop
  endfacet
  facet normal 0 0 1
    outer loop
      vertex -1.55291 -5.79555 16.4444
      vertex -2.07055 -7.72741 16.4444
      vertex -1.56072 -7.84628 16.4444
    endloop
  endfacet
  facet normal 0 0 1
    outer loop
      vertex -2.57152 -7.57544 16.4444
      vertex -1.92864 -5.68158 16.4444
      vertex -2.2961 -5.54328 16.4444
    endloop
  endfacet
  facet normal 0 0 1
    outer loop
      vertex -1.92864 -5.68158 16.4444
      vertex -2.57152 -7.57544 16.4444
      vertex -2.07055 -7.72741 16.4444
    endloop
  endfacet
  facet normal 0 0 1
    outer loop
      vertex -3.06147 -7.39104 16.4444
      vertex -2.2961 -5.54328 16.4444
      vertex -2.65373 -5.38124 16.4444
    endloop
  endfacet
  facet normal 0 0 1
    outer loop
      vertex -3.53831 -7.17498 16.4444
      vertex -2.65373 -5.38124 16.4444
      vertex -3 -5.19615 16.4444
    endloop
  endfacet
  facet normal 0 0 1
    outer loop
      vertex -2.2961 -5.54328 16.4444
      vertex -3.06147 -7.39104 16.4444
      vertex -2.57152 -7.57544 16.4444
    endloop
  endfacet
  facet normal 0 0 1
    outer loop
      vertex -4 -6.9282 16.4444
      vertex -3 -5.19615 16.4444
      vertex -3.33342 -4.98882 16.4444
    endloop
  endfacet
  facet normal 0 0 1
    outer loop
      vertex -2.65373 -5.38124 16.4444
      vertex -3.53831 -7.17498 16.4444
      vertex -3.06147 -7.39104 16.4444
    endloop
  endfacet
  facet normal 0 0 1
    outer loop
      vertex -4.44456 -6.65176 16.4444
      vertex -3.33342 -4.98882 16.4444
      vertex -3.65257 -4.76012 16.4444
    endloop
  endfacet
  facet normal 0 0 1
    outer loop
      vertex -4.87009 -6.34683 16.4444
      vertex -3.65257 -4.76012 16.4444
      vertex -3.95607 -4.51104 16.4444
    endloop
  endfacet
  facet normal 0 0 1
    outer loop
      vertex -3 -5.19615 16.4444
      vertex -4 -6.9282 16.4444
      vertex -3.53831 -7.17498 16.4444
    endloop
  endfacet
  facet normal 0 0 1
    outer loop
      vertex -5.27477 -6.01472 16.4444
      vertex -3.95607 -4.51104 16.4444
      vertex -4.24264 -4.24264 16.4444
    endloop
  endfacet
  facet normal 0 0 1
    outer loop
      vertex -3.33342 -4.98882 16.4444
      vertex -4.44456 -6.65176 16.4444
      vertex -4 -6.9282 16.4444
    endloop
  endfacet
  facet normal 0 0 1
    outer loop
      vertex -5.65685 -5.65685 16.4444
      vertex -4.24264 -4.24264 16.4444
      vertex -4.51104 -3.95607 16.4444
    endloop
  endfacet
  facet normal 0 0 1
    outer loop
      vertex -6.01472 -5.27477 16.4444
      vertex -4.51104 -3.95607 16.4444
      vertex -4.76012 -3.65257 16.4444
    endloop
  endfacet
  facet normal 0 0 1
    outer loop
      vertex -3.65257 -4.76012 16.4444
      vertex -4.87009 -6.34683 16.4444
      vertex -4.44456 -6.65176 16.4444
    endloop
  endfacet
  facet normal 0 0 1
    outer loop
      vertex -6.34683 -4.87009 16.4444
      vertex -4.76012 -3.65257 16.4444
      vertex -4.98882 -3.33342 16.4444
    endloop
  endfacet
  facet normal 0 0 1
    outer loop
      vertex -6.65176 -4.44456 16.4444
      vertex -4.98882 -3.33342 16.4444
      vertex -5.19615 -3 16.4444
    endloop
  endfacet
  facet normal 0 0 1
    outer loop
      vertex -3.95607 -4.51104 16.4444
      vertex -5.27477 -6.01472 16.4444
      vertex -4.87009 -6.34683 16.4444
    endloop
  endfacet
  facet normal 0 0 1
    outer loop
      vertex -6.9282 -4 16.4444
      vertex -5.19615 -3 16.4444
      vertex -5.38124 -2.65373 16.4444
    endloop
  endfacet
  facet normal 0 0 1
    outer loop
      vertex -7.17498 -3.53831 16.4444
      vertex -5.38124 -2.65373 16.4444
      vertex -5.54328 -2.2961 16.4444
    endloop
  endfacet
  facet normal 0 0 1
    outer loop
      vertex -4.24264 -4.24264 16.4444
      vertex -5.65685 -5.65685 16.4444
      vertex -5.27477 -6.01472 16.4444
    endloop
  endfacet
  facet normal 0 0 1
    outer loop
      vertex -7.39104 -3.06147 16.4444
      vertex -5.54328 -2.2961 16.4444
      vertex -5.68158 -1.92864 16.4444
    endloop
  endfacet
  facet normal 0 0 1
    outer loop
      vertex -7.57544 -2.57152 16.4444
      vertex -5.68158 -1.92864 16.4444
      vertex -5.79555 -1.55291 16.4444
    endloop
  endfacet
  facet normal 0 0 1
    outer loop
      vertex -7.72741 -2.07055 16.4444
      vertex -5.79555 -1.55291 16.4444
      vertex -5.88471 -1.17054 16.4444
    endloop
  endfacet
  facet normal 0 0 1
    outer loop
      vertex -7.84628 -1.56072 16.4444
      vertex -5.88471 -1.17054 16.4444
      vertex -5.94867 -0.783156 16.4444
    endloop
  endfacet
  facet normal 0 0 1
    outer loop
      vertex -7.93156 -1.04421 16.4444
      vertex -5.94867 -0.783156 16.4444
      vertex -5.98715 -0.392418 16.4444
    endloop
  endfacet
  facet normal 0 0 1
    outer loop
      vertex -4.51104 -3.95607 16.4444
      vertex -6.01472 -5.27477 16.4444
      vertex -5.65685 -5.65685 16.4444
    endloop
  endfacet
  facet normal 0 0 1
    outer loop
      vertex -7.98287 -0.523225 16.4444
      vertex -5.98715 -0.392418 16.4444
      vertex -6 0 16.4444
    endloop
  endfacet
  facet normal -0 0 1
    outer loop
      vertex -7.57544 2.57152 16.4444
      vertex -5.68158 1.92864 16.4444
      vertex -7.39104 3.06147 16.4444
    endloop
  endfacet
  facet normal 0 0 1
    outer loop
      vertex -5.68158 1.92864 16.4444
      vertex -7.57544 2.57152 16.4444
      vertex -5.79555 1.55291 16.4444
    endloop
  endfacet
  facet normal 0 0 1
    outer loop
      vertex -4.76012 -3.65257 16.4444
      vertex -6.34683 -4.87009 16.4444
      vertex -6.01472 -5.27477 16.4444
    endloop
  endfacet
  facet normal -0 0 1
    outer loop
      vertex -7.72741 2.07055 16.4444
      vertex -5.79555 1.55291 16.4444
      vertex -7.57544 2.57152 16.4444
    endloop
  endfacet
  facet normal 0 0 1
    outer loop
      vertex -4.98882 -3.33342 16.4444
      vertex -6.65176 -4.44456 16.4444
      vertex -6.34683 -4.87009 16.4444
    endloop
  endfacet
  facet normal 0 0 1
    outer loop
      vertex -5.79555 1.55291 16.4444
      vertex -7.72741 2.07055 16.4444
      vertex -5.88471 1.17054 16.4444
    endloop
  endfacet
  facet normal 0 0 1
    outer loop
      vertex -5.19615 -3 16.4444
      vertex -6.9282 -4 16.4444
      vertex -6.65176 -4.44456 16.4444
    endloop
  endfacet
  facet normal -0 0 1
    outer loop
      vertex -7.84628 1.56072 16.4444
      vertex -5.88471 1.17054 16.4444
      vertex -7.72741 2.07055 16.4444
    endloop
  endfacet
  facet normal 0 0 1
    outer loop
      vertex -5.38124 -2.65373 16.4444
      vertex -7.17498 -3.53831 16.4444
      vertex -6.9282 -4 16.4444
    endloop
  endfacet
  facet normal 0 0 1
    outer loop
      vertex -5.88471 1.17054 16.4444
      vertex -7.84628 1.56072 16.4444
      vertex -5.94867 0.783156 16.4444
    endloop
  endfacet
  facet normal 0 0 1
    outer loop
      vertex -5.54328 -2.2961 16.4444
      vertex -7.39104 -3.06147 16.4444
      vertex -7.17498 -3.53831 16.4444
    endloop
  endfacet
  facet normal -0 0 1
    outer loop
      vertex -7.93156 1.04421 16.4444
      vertex -5.94867 0.783156 16.4444
      vertex -7.84628 1.56072 16.4444
    endloop
  endfacet
  facet normal 0 0 1
    outer loop
      vertex -5.68158 -1.92864 16.4444
      vertex -7.57544 -2.57152 16.4444
      vertex -7.39104 -3.06147 16.4444
    endloop
  endfacet
  facet normal 0 0 1
    outer loop
      vertex -5.94867 0.783156 16.4444
      vertex -7.93156 1.04421 16.4444
      vertex -5.98715 0.392418 16.4444
    endloop
  endfacet
  facet normal 0 0 1
    outer loop
      vertex -5.79555 -1.55291 16.4444
      vertex -7.72741 -2.07055 16.4444
      vertex -7.57544 -2.57152 16.4444
    endloop
  endfacet
  facet normal -0 0 1
    outer loop
      vertex -7.98287 0.523225 16.4444
      vertex -5.98715 0.392418 16.4444
      vertex -7.93156 1.04421 16.4444
    endloop
  endfacet
  facet normal 0 0 1
    outer loop
      vertex -5.88471 -1.17054 16.4444
      vertex -7.84628 -1.56072 16.4444
      vertex -7.72741 -2.07055 16.4444
    endloop
  endfacet
  facet normal 0 0 1
    outer loop
      vertex -5.98715 0.392418 16.4444
      vertex -7.98287 0.523225 16.4444
      vertex -6 0 16.4444
    endloop
  endfacet
  facet normal 0 0 1
    outer loop
      vertex -5.94867 -0.783156 16.4444
      vertex -7.93156 -1.04421 16.4444
      vertex -7.84628 -1.56072 16.4444
    endloop
  endfacet
  facet normal 0 0 1
    outer loop
      vertex -8 0 16.4444
      vertex -6 0 16.4444
      vertex -7.98287 0.523225 16.4444
    endloop
  endfacet
  facet normal 0 0 1
    outer loop
      vertex -5.98715 -0.392418 16.4444
      vertex -7.98287 -0.523225 16.4444
      vertex -7.93156 -1.04421 16.4444
    endloop
  endfacet
  facet normal 0 0 1
    outer loop
      vertex -6 0 16.4444
      vertex -8 0 16.4444
      vertex -7.98287 -0.523225 16.4444
    endloop
  endfacet
  facet normal -0.995185 0.0980123 0
    outer loop
      vertex -7.98287 0.523225 14.4444
      vertex -7.93156 1.04421 16.4444
      vertex -7.93156 1.04421 14.4444
    endloop
  endfacet
  facet normal -0.995185 0.0980123 0
    outer loop
      vertex -7.93156 1.04421 16.4444
      vertex -7.98287 0.523225 14.4444
      vertex -7.98287 0.523225 16.4444
    endloop
  endfacet
  facet normal 0.986642 -0.162903 0
    outer loop
      vertex 7.84628 -1.56072 16.4444
      vertex 7.93156 -1.04421 14.4444
      vertex 7.93156 -1.04421 16.4444
    endloop
  endfacet
  facet normal 0.986642 -0.162903 0
    outer loop
      vertex 7.93156 -1.04421 14.4444
      vertex 7.84628 -1.56072 16.4444
      vertex 7.84628 -1.56072 14.4444
    endloop
  endfacet
  facet normal 0.910859 -0.412718 0
    outer loop
      vertex 7.17498 -3.53831 16.4444
      vertex 7.39104 -3.06147 14.4444
      vertex 7.39104 -3.06147 16.4444
    endloop
  endfacet
  facet normal 0.910859 -0.412718 0
    outer loop
      vertex 7.39104 -3.06147 14.4444
      vertex 7.17498 -3.53831 16.4444
      vertex 7.17498 -3.53831 14.4444
    endloop
  endfacet
  facet normal 0.352243 -0.935909 0
    outer loop
      vertex 2.57152 -7.57544 14.4444
      vertex 3.06147 -7.39104 16.4444
      vertex 2.57152 -7.57544 16.4444
    endloop
  endfacet
  facet normal 0.352243 -0.935909 0
    outer loop
      vertex 3.06147 -7.39104 16.4444
      vertex 2.57152 -7.57544 14.4444
      vertex 3.06147 -7.39104 14.4444
    endloop
  endfacet
  facet normal 0.729852 -0.683606 0
    outer loop
      vertex 5.65685 -5.65685 16.4444
      vertex 6.01472 -5.27477 14.4444
      vertex 6.01472 -5.27477 16.4444
    endloop
  endfacet
  facet normal 0.729852 -0.683606 0
    outer loop
      vertex 6.01472 -5.27477 14.4444
      vertex 5.65685 -5.65685 16.4444
      vertex 5.65685 -5.65685 14.4444
    endloop
  endfacet
  facet normal 0.471399 -0.88192 0
    outer loop
      vertex 3.53831 -7.17498 14.4444
      vertex 4 -6.9282 16.4444
      vertex 3.53831 -7.17498 16.4444
    endloop
  endfacet
  facet normal 0.471399 -0.88192 0
    outer loop
      vertex 4 -6.9282 16.4444
      vertex 3.53831 -7.17498 14.4444
      vertex 4 -6.9282 14.4444
    endloop
  endfacet
  facet normal 0.582477 -0.812847 0
    outer loop
      vertex 4.44456 -6.65176 14.4444
      vertex 4.87009 -6.34683 16.4444
      vertex 4.44456 -6.65176 16.4444
    endloop
  endfacet
  facet normal 0.582477 -0.812847 0
    outer loop
      vertex 4.87009 -6.34683 16.4444
      vertex 4.44456 -6.65176 14.4444
      vertex 4.87009 -6.34683 14.4444
    endloop
  endfacet
  facet normal -0.290289 -0.956939 0
    outer loop
      vertex -2.57152 -7.57544 14.4444
      vertex -2.07055 -7.72741 16.4444
      vertex -2.57152 -7.57544 16.4444
    endloop
  endfacet
  facet normal -0.290289 -0.956939 -0
    outer loop
      vertex -2.07055 -7.72741 16.4444
      vertex -2.57152 -7.57544 14.4444
      vertex -2.07055 -7.72741 14.4444
    endloop
  endfacet
  facet normal -0.634391 -0.773013 0
    outer loop
      vertex -5.27477 -6.01472 14.4444
      vertex -4.87009 -6.34683 16.4444
      vertex -5.27477 -6.01472 16.4444
    endloop
  endfacet
  facet normal -0.634391 -0.773013 -0
    outer loop
      vertex -4.87009 -6.34683 16.4444
      vertex -5.27477 -6.01472 14.4444
      vertex -4.87009 -6.34683 14.4444
    endloop
  endfacet
  facet normal -0.935909 -0.352243 0
    outer loop
      vertex -7.39104 -3.06147 14.4444
      vertex -7.57544 -2.57152 16.4444
      vertex -7.57544 -2.57152 14.4444
    endloop
  endfacet
  facet normal -0.935909 -0.352243 0
    outer loop
      vertex -7.57544 -2.57152 16.4444
      vertex -7.39104 -3.06147 14.4444
      vertex -7.39104 -3.06147 16.4444
    endloop
  endfacet
  facet normal -0.729852 -0.683606 0
    outer loop
      vertex -5.65685 -5.65685 14.4444
      vertex -6.01472 -5.27477 16.4444
      vertex -6.01472 -5.27477 14.4444
    endloop
  endfacet
  facet normal -0.729852 -0.683606 0
    outer loop
      vertex -6.01472 -5.27477 16.4444
      vertex -5.65685 -5.65685 14.4444
      vertex -5.65685 -5.65685 16.4444
    endloop
  endfacet
  facet normal 0.88192 -0.471399 0
    outer loop
      vertex 6.9282 -4 16.4444
      vertex 7.17498 -3.53831 14.4444
      vertex 7.17498 -3.53831 16.4444
    endloop
  endfacet
  facet normal 0.88192 -0.471399 0
    outer loop
      vertex 7.17498 -3.53831 14.4444
      vertex 6.9282 -4 16.4444
      vertex 6.9282 -4 14.4444
    endloop
  endfacet
  facet normal -0.973875 -0.227085 0
    outer loop
      vertex 5.88471 1.17054 3.1
      vertex 5.79555 1.55291 16.4444
      vertex 5.79555 1.55291 3.1
    endloop
  endfacet
  facet normal -0.973875 -0.227085 0
    outer loop
      vertex 5.79555 1.55291 16.4444
      vertex 5.88471 1.17054 3.1
      vertex 5.88471 1.17054 16.4444
    endloop
  endfacet
  facet normal -0.999464 -0.0327282 0
    outer loop
      vertex 6 0 3.1
      vertex 5.98715 0.392418 16.4444
      vertex 5.98715 0.392418 3.1
    endloop
  endfacet
  facet normal -0.999464 -0.0327282 0
    outer loop
      vertex 5.98715 0.392418 16.4444
      vertex 6 0 3.1
      vertex 6 0 16.4444
    endloop
  endfacet
  facet normal 0.999464 -0.0327282 0
    outer loop
      vertex -6 0 16.4444
      vertex -5.98715 0.392418 3.1
      vertex -5.98715 0.392418 16.4444
    endloop
  endfacet
  facet normal 0.999464 -0.0327282 0
    outer loop
      vertex -5.98715 0.392418 3.1
      vertex -6 0 16.4444
      vertex -6 0 3.1
    endloop
  endfacet
  facet normal -0.0327282 -0.999464 0
    outer loop
      vertex 0 6 3.1
      vertex 0.392418 5.98715 16.4444
      vertex 0 6 16.4444
    endloop
  endfacet
  facet normal -0.0327282 -0.999464 -0
    outer loop
      vertex 0.392418 5.98715 16.4444
      vertex 0 6 3.1
      vertex 0.392418 5.98715 3.1
    endloop
  endfacet
  facet normal 0.683589 -0.729867 0
    outer loop
      vertex -4.24264 4.24264 3.1
      vertex -3.95607 4.51104 16.4444
      vertex -4.24264 4.24264 16.4444
    endloop
  endfacet
  facet normal 0.683589 -0.729867 0
    outer loop
      vertex -3.95607 4.51104 16.4444
      vertex -4.24264 4.24264 3.1
      vertex -3.95607 4.51104 3.1
    endloop
  endfacet
  facet normal 0.352245 -0.935908 0
    outer loop
      vertex -2.2961 5.54328 3.1
      vertex -1.92864 5.68158 16.4444
      vertex -2.2961 5.54328 16.4444
    endloop
  endfacet
  facet normal 0.352245 -0.935908 0
    outer loop
      vertex -1.92864 5.68158 16.4444
      vertex -2.2961 5.54328 3.1
      vertex -1.92864 5.68158 3.1
    endloop
  endfacet
  facet normal -0.956945 -0.29027 0
    outer loop
      vertex 5.79555 1.55291 3.1
      vertex 5.68158 1.92864 16.4444
      vertex 5.68158 1.92864 3.1
    endloop
  endfacet
  facet normal -0.956945 -0.29027 0
    outer loop
      vertex 5.68158 1.92864 16.4444
      vertex 5.79555 1.55291 3.1
      vertex 5.79555 1.55291 16.4444
    endloop
  endfacet
  facet normal -0.729867 -0.683589 0
    outer loop
      vertex 4.51104 3.95607 3.1
      vertex 4.24264 4.24264 16.4444
      vertex 4.24264 4.24264 3.1
    endloop
  endfacet
  facet normal -0.729867 -0.683589 0
    outer loop
      vertex 4.24264 4.24264 16.4444
      vertex 4.51104 3.95607 3.1
      vertex 4.51104 3.95607 16.4444
    endloop
  endfacet
  facet normal -0.412707 -0.910864 0
    outer loop
      vertex 2.2961 5.54328 3.1
      vertex 2.65373 5.38124 16.4444
      vertex 2.2961 5.54328 16.4444
    endloop
  endfacet
  facet normal -0.412707 -0.910864 -0
    outer loop
      vertex 2.65373 5.38124 16.4444
      vertex 2.2961 5.54328 3.1
      vertex 2.65373 5.38124 3.1
    endloop
  endfacet
  facet normal 0.849207 -0.528061 0
    outer loop
      vertex -5.19615 3 16.4444
      vertex -4.98882 3.33342 3.1
      vertex -4.98882 3.33342 16.4444
    endloop
  endfacet
  facet normal 0.849207 -0.528061 0
    outer loop
      vertex -4.98882 3.33342 3.1
      vertex -5.19615 3 16.4444
      vertex -5.19615 3 3.1
    endloop
  endfacet
  facet normal -0.881916 0.471406 0
    outer loop
      vertex 5.19615 -3 3.1
      vertex 5.38124 -2.65373 16.4444
      vertex 5.38124 -2.65373 3.1
    endloop
  endfacet
  facet normal -0.881916 0.471406 0
    outer loop
      vertex 5.38124 -2.65373 16.4444
      vertex 5.19615 -3 3.1
      vertex 5.19615 -3 16.4444
    endloop
  endfacet
  facet normal -0.227085 0.973875 0
    outer loop
      vertex 1.55291 -5.79555 3.1
      vertex 1.17054 -5.88471 16.4444
      vertex 1.55291 -5.79555 16.4444
    endloop
  endfacet
  facet normal -0.227085 0.973875 0
    outer loop
      vertex 1.17054 -5.88471 16.4444
      vertex 1.55291 -5.79555 3.1
      vertex 1.17054 -5.88471 3.1
    endloop
  endfacet
  facet normal -0.683589 0.729867 0
    outer loop
      vertex 4.24264 -4.24264 3.1
      vertex 3.95607 -4.51104 16.4444
      vertex 4.24264 -4.24264 16.4444
    endloop
  endfacet
  facet normal -0.683589 0.729867 0
    outer loop
      vertex 3.95607 -4.51104 16.4444
      vertex 4.24264 -4.24264 3.1
      vertex 3.95607 -4.51104 3.1
    endloop
  endfacet
  facet normal -0.986642 0.162902 0
    outer loop
      vertex 5.88471 -1.17054 3.1
      vertex 5.94867 -0.783156 16.4444
      vertex 5.94867 -0.783156 3.1
    endloop
  endfacet
  facet normal -0.986642 0.162902 0
    outer loop
      vertex 5.94867 -0.783156 16.4444
      vertex 5.88471 -1.17054 3.1
      vertex 5.88471 -1.17054 16.4444
    endloop
  endfacet
  facet normal -0.973875 0.227085 0
    outer loop
      vertex 5.79555 -1.55291 3.1
      vertex 5.88471 -1.17054 16.4444
      vertex 5.88471 -1.17054 3.1
    endloop
  endfacet
  facet normal -0.973875 0.227085 0
    outer loop
      vertex 5.88471 -1.17054 16.4444
      vertex 5.79555 -1.55291 3.1
      vertex 5.79555 -1.55291 16.4444
    endloop
  endfacet
  facet normal 0.352245 0.935908 -0
    outer loop
      vertex -1.92864 -5.68158 3.1
      vertex -2.2961 -5.54328 16.4444
      vertex -1.92864 -5.68158 16.4444
    endloop
  endfacet
  facet normal 0.352245 0.935908 0
    outer loop
      vertex -2.2961 -5.54328 16.4444
      vertex -1.92864 -5.68158 3.1
      vertex -2.2961 -5.54328 3.1
    endloop
  endfacet
  facet normal 0.528061 0.849207 -0
    outer loop
      vertex -3 -5.19615 3.1
      vertex -3.33342 -4.98882 16.4444
      vertex -3 -5.19615 16.4444
    endloop
  endfacet
  facet normal 0.528061 0.849207 0
    outer loop
      vertex -3.33342 -4.98882 16.4444
      vertex -3 -5.19615 3.1
      vertex -3.33342 -4.98882 3.1
    endloop
  endfacet
  facet normal -0.881916 -0.471406 0
    outer loop
      vertex 5.38124 2.65373 3.1
      vertex 5.19615 3 16.4444
      vertex 5.19615 3 3.1
    endloop
  endfacet
  facet normal -0.881916 -0.471406 0
    outer loop
      vertex 5.19615 3 16.4444
      vertex 5.38124 2.65373 3.1
      vertex 5.38124 2.65373 16.4444
    endloop
  endfacet
  facet normal -0.29027 -0.956945 0
    outer loop
      vertex 1.55291 5.79555 3.1
      vertex 1.92864 5.68158 16.4444
      vertex 1.55291 5.79555 16.4444
    endloop
  endfacet
  facet normal -0.29027 -0.956945 -0
    outer loop
      vertex 1.92864 5.68158 16.4444
      vertex 1.55291 5.79555 3.1
      vertex 1.92864 5.68158 3.1
    endloop
  endfacet
  facet normal -0.227085 -0.973875 0
    outer loop
      vertex 1.17054 5.88471 3.1
      vertex 1.55291 5.79555 16.4444
      vertex 1.17054 5.88471 16.4444
    endloop
  endfacet
  facet normal -0.227085 -0.973875 -0
    outer loop
      vertex 1.55291 5.79555 16.4444
      vertex 1.17054 5.88471 3.1
      vertex 1.55291 5.79555 3.1
    endloop
  endfacet
  facet normal -0.0980062 -0.995186 0
    outer loop
      vertex 0.392418 5.98715 3.1
      vertex 0.783156 5.94867 16.4444
      vertex 0.392418 5.98715 16.4444
    endloop
  endfacet
  facet normal -0.0980062 -0.995186 -0
    outer loop
      vertex 0.783156 5.94867 16.4444
      vertex 0.392418 5.98715 3.1
      vertex 0.783156 5.94867 3.1
    endloop
  endfacet
  facet normal -0.582478 -0.812846 0
    outer loop
      vertex 3.33342 4.98882 3.1
      vertex 3.65257 4.76012 16.4444
      vertex 3.33342 4.98882 16.4444
    endloop
  endfacet
  facet normal -0.582478 -0.812846 -0
    outer loop
      vertex 3.65257 4.76012 16.4444
      vertex 3.33342 4.98882 3.1
      vertex 3.65257 4.76012 3.1
    endloop
  endfacet
  facet normal -0.471406 -0.881916 0
    outer loop
      vertex 2.65373 5.38124 3.1
      vertex 3 5.19615 16.4444
      vertex 2.65373 5.38124 16.4444
    endloop
  endfacet
  facet normal -0.471406 -0.881916 -0
    outer loop
      vertex 3 5.19615 16.4444
      vertex 2.65373 5.38124 3.1
      vertex 3 5.19615 3.1
    endloop
  endfacet
  facet normal -0.528061 -0.849207 0
    outer loop
      vertex 3 5.19615 3.1
      vertex 3.33342 4.98882 16.4444
      vertex 3 5.19615 16.4444
    endloop
  endfacet
  facet normal -0.528061 -0.849207 -0
    outer loop
      vertex 3.33342 4.98882 16.4444
      vertex 3 5.19615 3.1
      vertex 3.33342 4.98882 3.1
    endloop
  endfacet
  facet normal 0.973875 -0.227085 0
    outer loop
      vertex -5.88471 1.17054 16.4444
      vertex -5.79555 1.55291 3.1
      vertex -5.79555 1.55291 16.4444
    endloop
  endfacet
  facet normal 0.973875 -0.227085 0
    outer loop
      vertex -5.79555 1.55291 3.1
      vertex -5.88471 1.17054 16.4444
      vertex -5.88471 1.17054 3.1
    endloop
  endfacet
  facet normal 0.729867 -0.683589 0
    outer loop
      vertex -4.51104 3.95607 16.4444
      vertex -4.24264 4.24264 3.1
      vertex -4.24264 4.24264 16.4444
    endloop
  endfacet
  facet normal 0.729867 -0.683589 0
    outer loop
      vertex -4.24264 4.24264 3.1
      vertex -4.51104 3.95607 16.4444
      vertex -4.51104 3.95607 3.1
    endloop
  endfacet
  facet normal 0.935908 -0.352245 0
    outer loop
      vertex -5.68158 1.92864 16.4444
      vertex -5.54328 2.2961 3.1
      vertex -5.54328 2.2961 16.4444
    endloop
  endfacet
  facet normal 0.935908 -0.352245 0
    outer loop
      vertex -5.54328 2.2961 3.1
      vertex -5.68158 1.92864 16.4444
      vertex -5.68158 1.92864 3.1
    endloop
  endfacet
  facet normal 0.995186 -0.0980062 0
    outer loop
      vertex -5.98715 0.392418 16.4444
      vertex -5.94867 0.783156 3.1
      vertex -5.94867 0.783156 16.4444
    endloop
  endfacet
  facet normal 0.995186 -0.0980062 0
    outer loop
      vertex -5.94867 0.783156 3.1
      vertex -5.98715 0.392418 16.4444
      vertex -5.98715 0.392418 3.1
    endloop
  endfacet
  facet normal 0.528061 -0.849207 0
    outer loop
      vertex -3.33342 4.98882 3.1
      vertex -3 5.19615 16.4444
      vertex -3.33342 4.98882 16.4444
    endloop
  endfacet
  facet normal 0.528061 -0.849207 0
    outer loop
      vertex -3 5.19615 16.4444
      vertex -3.33342 4.98882 3.1
      vertex -3 5.19615 3.1
    endloop
  endfacet
  facet normal 0.634399 -0.773005 0
    outer loop
      vertex -3.95607 4.51104 3.1
      vertex -3.65257 4.76012 16.4444
      vertex -3.95607 4.51104 16.4444
    endloop
  endfacet
  facet normal 0.634399 -0.773005 0
    outer loop
      vertex -3.65257 4.76012 16.4444
      vertex -3.95607 4.51104 3.1
      vertex -3.65257 4.76012 3.1
    endloop
  endfacet
  facet normal 0.0327282 -0.999464 0
    outer loop
      vertex -0.392418 5.98715 3.1
      vertex 0 6 16.4444
      vertex -0.392418 5.98715 16.4444
    endloop
  endfacet
  facet normal 0.0327282 -0.999464 0
    outer loop
      vertex 0 6 16.4444
      vertex -0.392418 5.98715 3.1
      vertex 0 6 3.1
    endloop
  endfacet
  facet normal 0.29027 -0.956945 0
    outer loop
      vertex -1.92864 5.68158 3.1
      vertex -1.55291 5.79555 16.4444
      vertex -1.92864 5.68158 16.4444
    endloop
  endfacet
  facet normal 0.29027 -0.956945 0
    outer loop
      vertex -1.55291 5.79555 16.4444
      vertex -1.92864 5.68158 3.1
      vertex -1.55291 5.79555 3.1
    endloop
  endfacet
  facet normal -0.0327282 0.999464 0
    outer loop
      vertex 0.392418 -5.98715 3.1
      vertex 0 -6 16.4444
      vertex 0.392418 -5.98715 16.4444
    endloop
  endfacet
  facet normal -0.0327282 0.999464 0
    outer loop
      vertex 0 -6 16.4444
      vertex 0.392418 -5.98715 3.1
      vertex 0 -6 3.1
    endloop
  endfacet
  facet normal -0.471406 0.881916 0
    outer loop
      vertex 3 -5.19615 3.1
      vertex 2.65373 -5.38124 16.4444
      vertex 3 -5.19615 16.4444
    endloop
  endfacet
  facet normal -0.471406 0.881916 0
    outer loop
      vertex 2.65373 -5.38124 16.4444
      vertex 3 -5.19615 3.1
      vertex 2.65373 -5.38124 3.1
    endloop
  endfacet
  facet normal -0.634399 0.773005 0
    outer loop
      vertex 3.95607 -4.51104 3.1
      vertex 3.65257 -4.76012 16.4444
      vertex 3.95607 -4.51104 16.4444
    endloop
  endfacet
  facet normal -0.634399 0.773005 0
    outer loop
      vertex 3.65257 -4.76012 16.4444
      vertex 3.95607 -4.51104 3.1
      vertex 3.65257 -4.76012 3.1
    endloop
  endfacet
  facet normal -0.849207 0.528061 0
    outer loop
      vertex 4.98882 -3.33342 3.1
      vertex 5.19615 -3 16.4444
      vertex 5.19615 -3 3.1
    endloop
  endfacet
  facet normal -0.849207 0.528061 0
    outer loop
      vertex 5.19615 -3 16.4444
      vertex 4.98882 -3.33342 3.1
      vertex 4.98882 -3.33342 16.4444
    endloop
  endfacet
  facet normal 0.683589 0.729867 -0
    outer loop
      vertex -3.95607 -4.51104 3.1
      vertex -4.24264 -4.24264 16.4444
      vertex -3.95607 -4.51104 16.4444
    endloop
  endfacet
  facet normal 0.683589 0.729867 0
    outer loop
      vertex -4.24264 -4.24264 16.4444
      vertex -3.95607 -4.51104 3.1
      vertex -4.24264 -4.24264 3.1
    endloop
  endfacet
  facet normal 0.0327282 0.999464 -0
    outer loop
      vertex 0 -6 3.1
      vertex -0.392418 -5.98715 16.4444
      vertex 0 -6 16.4444
    endloop
  endfacet
  facet normal 0.0327282 0.999464 0
    outer loop
      vertex -0.392418 -5.98715 16.4444
      vertex 0 -6 3.1
      vertex -0.392418 -5.98715 3.1
    endloop
  endfacet
  facet normal 0.582478 0.812846 -0
    outer loop
      vertex -3.33342 -4.98882 3.1
      vertex -3.65257 -4.76012 16.4444
      vertex -3.33342 -4.98882 16.4444
    endloop
  endfacet
  facet normal 0.582478 0.812846 0
    outer loop
      vertex -3.65257 -4.76012 16.4444
      vertex -3.33342 -4.98882 3.1
      vertex -3.65257 -4.76012 3.1
    endloop
  endfacet
  facet normal 0.729867 0.683589 0
    outer loop
      vertex -4.24264 -4.24264 16.4444
      vertex -4.51104 -3.95607 3.1
      vertex -4.51104 -3.95607 16.4444
    endloop
  endfacet
  facet normal 0.729867 0.683589 0
    outer loop
      vertex -4.51104 -3.95607 3.1
      vertex -4.24264 -4.24264 16.4444
      vertex -4.24264 -4.24264 3.1
    endloop
  endfacet
  facet normal 0.910864 0.412707 0
    outer loop
      vertex -5.38124 -2.65373 16.4444
      vertex -5.54328 -2.2961 3.1
      vertex -5.54328 -2.2961 16.4444
    endloop
  endfacet
  facet normal 0.910864 0.412707 0
    outer loop
      vertex -5.54328 -2.2961 3.1
      vertex -5.38124 -2.65373 16.4444
      vertex -5.38124 -2.65373 3.1
    endloop
  endfacet
  facet normal 0.986642 0.162902 0
    outer loop
      vertex -5.88471 -1.17054 16.4444
      vertex -5.94867 -0.783156 3.1
      vertex -5.94867 -0.783156 16.4444
    endloop
  endfacet
  facet normal 0.986642 0.162902 0
    outer loop
      vertex -5.94867 -0.783156 3.1
      vertex -5.88471 -1.17054 16.4444
      vertex -5.88471 -1.17054 3.1
    endloop
  endfacet
  facet normal 0.999464 0.0327282 0
    outer loop
      vertex -5.98715 -0.392418 16.4444
      vertex -6 0 3.1
      vertex -6 0 16.4444
    endloop
  endfacet
  facet normal 0.999464 0.0327282 0
    outer loop
      vertex -6 0 3.1
      vertex -5.98715 -0.392418 16.4444
      vertex -5.98715 -0.392418 3.1
    endloop
  endfacet
  facet normal -0.995186 -0.0980062 0
    outer loop
      vertex 5.98715 0.392418 3.1
      vertex 5.94867 0.783156 16.4444
      vertex 5.94867 0.783156 3.1
    endloop
  endfacet
  facet normal -0.995186 -0.0980062 0
    outer loop
      vertex 5.94867 0.783156 16.4444
      vertex 5.98715 0.392418 3.1
      vertex 5.98715 0.392418 16.4444
    endloop
  endfacet
  facet normal -0.986642 -0.162902 0
    outer loop
      vertex 5.94867 0.783156 3.1
      vertex 5.88471 1.17054 16.4444
      vertex 5.88471 1.17054 3.1
    endloop
  endfacet
  facet normal -0.986642 -0.162902 0
    outer loop
      vertex 5.88471 1.17054 16.4444
      vertex 5.94867 0.783156 3.1
      vertex 5.94867 0.783156 16.4444
    endloop
  endfacet
  facet normal -0.910864 -0.412707 0
    outer loop
      vertex 5.54328 2.2961 3.1
      vertex 5.38124 2.65373 16.4444
      vertex 5.38124 2.65373 3.1
    endloop
  endfacet
  facet normal -0.910864 -0.412707 0
    outer loop
      vertex 5.38124 2.65373 16.4444
      vertex 5.54328 2.2961 3.1
      vertex 5.54328 2.2961 16.4444
    endloop
  endfacet
  facet normal -0.935908 -0.352245 0
    outer loop
      vertex 5.68158 1.92864 3.1
      vertex 5.54328 2.2961 16.4444
      vertex 5.54328 2.2961 3.1
    endloop
  endfacet
  facet normal -0.935908 -0.352245 0
    outer loop
      vertex 5.54328 2.2961 16.4444
      vertex 5.68158 1.92864 3.1
      vertex 5.68158 1.92864 16.4444
    endloop
  endfacet
  facet normal -0.683589 -0.729867 0
    outer loop
      vertex 3.95607 4.51104 3.1
      vertex 4.24264 4.24264 16.4444
      vertex 3.95607 4.51104 16.4444
    endloop
  endfacet
  facet normal -0.683589 -0.729867 -0
    outer loop
      vertex 4.24264 4.24264 16.4444
      vertex 3.95607 4.51104 3.1
      vertex 4.24264 4.24264 3.1
    endloop
  endfacet
  facet normal -0.773005 -0.634399 0
    outer loop
      vertex 4.76012 3.65257 3.1
      vertex 4.51104 3.95607 16.4444
      vertex 4.51104 3.95607 3.1
    endloop
  endfacet
  facet normal -0.773005 -0.634399 0
    outer loop
      vertex 4.51104 3.95607 16.4444
      vertex 4.76012 3.65257 3.1
      vertex 4.76012 3.65257 16.4444
    endloop
  endfacet
  facet normal -0.849207 -0.528061 0
    outer loop
      vertex 5.19615 3 3.1
      vertex 4.98882 3.33342 16.4444
      vertex 4.98882 3.33342 3.1
    endloop
  endfacet
  facet normal -0.849207 -0.528061 0
    outer loop
      vertex 4.98882 3.33342 16.4444
      vertex 5.19615 3 3.1
      vertex 5.19615 3 16.4444
    endloop
  endfacet
  facet normal -0.812846 -0.582478 0
    outer loop
      vertex 4.98882 3.33342 3.1
      vertex 4.76012 3.65257 16.4444
      vertex 4.76012 3.65257 3.1
    endloop
  endfacet
  facet normal -0.812846 -0.582478 0
    outer loop
      vertex 4.76012 3.65257 16.4444
      vertex 4.98882 3.33342 3.1
      vertex 4.98882 3.33342 16.4444
    endloop
  endfacet
  facet normal -0.162902 -0.986642 0
    outer loop
      vertex 0.783156 5.94867 3.1
      vertex 1.17054 5.88471 16.4444
      vertex 0.783156 5.94867 16.4444
    endloop
  endfacet
  facet normal -0.162902 -0.986642 -0
    outer loop
      vertex 1.17054 5.88471 16.4444
      vertex 0.783156 5.94867 3.1
      vertex 1.17054 5.88471 3.1
    endloop
  endfacet
  facet normal -0.352245 -0.935908 0
    outer loop
      vertex 1.92864 5.68158 3.1
      vertex 2.2961 5.54328 16.4444
      vertex 1.92864 5.68158 16.4444
    endloop
  endfacet
  facet normal -0.352245 -0.935908 -0
    outer loop
      vertex 2.2961 5.54328 16.4444
      vertex 1.92864 5.68158 3.1
      vertex 2.2961 5.54328 3.1
    endloop
  endfacet
  facet normal -0.634399 -0.773005 0
    outer loop
      vertex 3.65257 4.76012 3.1
      vertex 3.95607 4.51104 16.4444
      vertex 3.65257 4.76012 16.4444
    endloop
  endfacet
  facet normal -0.634399 -0.773005 -0
    outer loop
      vertex 3.95607 4.51104 16.4444
      vertex 3.65257 4.76012 3.1
      vertex 3.95607 4.51104 3.1
    endloop
  endfacet
  facet normal 0.910864 -0.412707 0
    outer loop
      vertex -5.54328 2.2961 16.4444
      vertex -5.38124 2.65373 3.1
      vertex -5.38124 2.65373 16.4444
    endloop
  endfacet
  facet normal 0.910864 -0.412707 0
    outer loop
      vertex -5.38124 2.65373 3.1
      vertex -5.54328 2.2961 16.4444
      vertex -5.54328 2.2961 3.1
    endloop
  endfacet
  facet normal 0.881916 -0.471406 0
    outer loop
      vertex -5.38124 2.65373 16.4444
      vertex -5.19615 3 3.1
      vertex -5.19615 3 16.4444
    endloop
  endfacet
  facet normal 0.881916 -0.471406 0
    outer loop
      vertex -5.19615 3 3.1
      vertex -5.38124 2.65373 16.4444
      vertex -5.38124 2.65373 3.1
    endloop
  endfacet
  facet normal 0.956945 -0.29027 0
    outer loop
      vertex -5.79555 1.55291 16.4444
      vertex -5.68158 1.92864 3.1
      vertex -5.68158 1.92864 16.4444
    endloop
  endfacet
  facet normal 0.956945 -0.29027 0
    outer loop
      vertex -5.68158 1.92864 3.1
      vertex -5.79555 1.55291 16.4444
      vertex -5.79555 1.55291 3.1
    endloop
  endfacet
  facet normal 0.986642 -0.162902 0
    outer loop
      vertex -5.94867 0.783156 16.4444
      vertex -5.88471 1.17054 3.1
      vertex -5.88471 1.17054 16.4444
    endloop
  endfacet
  facet normal 0.986642 -0.162902 0
    outer loop
      vertex -5.88471 1.17054 3.1
      vertex -5.94867 0.783156 16.4444
      vertex -5.94867 0.783156 3.1
    endloop
  endfacet
  facet normal 0.412707 -0.910864 0
    outer loop
      vertex -2.65373 5.38124 3.1
      vertex -2.2961 5.54328 16.4444
      vertex -2.65373 5.38124 16.4444
    endloop
  endfacet
  facet normal 0.412707 -0.910864 0
    outer loop
      vertex -2.2961 5.54328 16.4444
      vertex -2.65373 5.38124 3.1
      vertex -2.2961 5.54328 3.1
    endloop
  endfacet
  facet normal 0.471406 -0.881916 0
    outer loop
      vertex -3 5.19615 3.1
      vertex -2.65373 5.38124 16.4444
      vertex -3 5.19615 16.4444
    endloop
  endfacet
  facet normal 0.471406 -0.881916 0
    outer loop
      vertex -2.65373 5.38124 16.4444
      vertex -3 5.19615 3.1
      vertex -2.65373 5.38124 3.1
    endloop
  endfacet
  facet normal 0.582478 -0.812846 0
    outer loop
      vertex -3.65257 4.76012 3.1
      vertex -3.33342 4.98882 16.4444
      vertex -3.65257 4.76012 16.4444
    endloop
  endfacet
  facet normal 0.582478 -0.812846 0
    outer loop
      vertex -3.33342 4.98882 16.4444
      vertex -3.65257 4.76012 3.1
      vertex -3.33342 4.98882 3.1
    endloop
  endfacet
  facet normal 0.227085 -0.973875 0
    outer loop
      vertex -1.55291 5.79555 3.1
      vertex -1.17054 5.88471 16.4444
      vertex -1.55291 5.79555 16.4444
    endloop
  endfacet
  facet normal 0.227085 -0.973875 0
    outer loop
      vertex -1.17054 5.88471 16.4444
      vertex -1.55291 5.79555 3.1
      vertex -1.17054 5.88471 3.1
    endloop
  endfacet
  facet normal 0.0980062 -0.995186 0
    outer loop
      vertex -0.783156 5.94867 3.1
      vertex -0.392418 5.98715 16.4444
      vertex -0.783156 5.94867 16.4444
    endloop
  endfacet
  facet normal 0.0980062 -0.995186 0
    outer loop
      vertex -0.392418 5.98715 16.4444
      vertex -0.783156 5.94867 3.1
      vertex -0.392418 5.98715 3.1
    endloop
  endfacet
  facet normal 0.162902 -0.986642 0
    outer loop
      vertex -1.17054 5.88471 3.1
      vertex -0.783156 5.94867 16.4444
      vertex -1.17054 5.88471 16.4444
    endloop
  endfacet
  facet normal 0.162902 -0.986642 0
    outer loop
      vertex -0.783156 5.94867 16.4444
      vertex -1.17054 5.88471 3.1
      vertex -0.783156 5.94867 3.1
    endloop
  endfacet
  facet normal -0.0980062 0.995186 0
    outer loop
      vertex 0.783156 -5.94867 3.1
      vertex 0.392418 -5.98715 16.4444
      vertex 0.783156 -5.94867 16.4444
    endloop
  endfacet
  facet normal -0.0980062 0.995186 0
    outer loop
      vertex 0.392418 -5.98715 16.4444
      vertex 0.783156 -5.94867 3.1
      vertex 0.392418 -5.98715 3.1
    endloop
  endfacet
  facet normal -0.352245 0.935908 0
    outer loop
      vertex 2.2961 -5.54328 3.1
      vertex 1.92864 -5.68158 16.4444
      vertex 2.2961 -5.54328 16.4444
    endloop
  endfacet
  facet normal -0.352245 0.935908 0
    outer loop
      vertex 1.92864 -5.68158 16.4444
      vertex 2.2961 -5.54328 3.1
      vertex 1.92864 -5.68158 3.1
    endloop
  endfacet
  facet normal -0.412707 0.910864 0
    outer loop
      vertex 2.65373 -5.38124 3.1
      vertex 2.2961 -5.54328 16.4444
      vertex 2.65373 -5.38124 16.4444
    endloop
  endfacet
  facet normal -0.412707 0.910864 0
    outer loop
      vertex 2.2961 -5.54328 16.4444
      vertex 2.65373 -5.38124 3.1
      vertex 2.2961 -5.54328 3.1
    endloop
  endfacet
  facet normal -0.729867 0.683589 0
    outer loop
      vertex 4.24264 -4.24264 3.1
      vertex 4.51104 -3.95607 16.4444
      vertex 4.51104 -3.95607 3.1
    endloop
  endfacet
  facet normal -0.729867 0.683589 0
    outer loop
      vertex 4.51104 -3.95607 16.4444
      vertex 4.24264 -4.24264 3.1
      vertex 4.24264 -4.24264 16.4444
    endloop
  endfacet
  facet normal -0.528061 0.849207 0
    outer loop
      vertex 3.33342 -4.98882 3.1
      vertex 3 -5.19615 16.4444
      vertex 3.33342 -4.98882 16.4444
    endloop
  endfacet
  facet normal -0.528061 0.849207 0
    outer loop
      vertex 3 -5.19615 16.4444
      vertex 3.33342 -4.98882 3.1
      vertex 3 -5.19615 3.1
    endloop
  endfacet
  facet normal -0.773005 0.634399 0
    outer loop
      vertex 4.51104 -3.95607 3.1
      vertex 4.76012 -3.65257 16.4444
      vertex 4.76012 -3.65257 3.1
    endloop
  endfacet
  facet normal -0.773005 0.634399 0
    outer loop
      vertex 4.76012 -3.65257 16.4444
      vertex 4.51104 -3.95607 3.1
      vertex 4.51104 -3.95607 16.4444
    endloop
  endfacet
  facet normal -0.812846 0.582478 0
    outer loop
      vertex 4.76012 -3.65257 3.1
      vertex 4.98882 -3.33342 16.4444
      vertex 4.98882 -3.33342 3.1
    endloop
  endfacet
  facet normal -0.812846 0.582478 0
    outer loop
      vertex 4.98882 -3.33342 16.4444
      vertex 4.76012 -3.65257 3.1
      vertex 4.76012 -3.65257 16.4444
    endloop
  endfacet
  facet normal -0.910864 0.412707 0
    outer loop
      vertex 5.38124 -2.65373 3.1
      vertex 5.54328 -2.2961 16.4444
      vertex 5.54328 -2.2961 3.1
    endloop
  endfacet
  facet normal -0.910864 0.412707 0
    outer loop
      vertex 5.54328 -2.2961 16.4444
      vertex 5.38124 -2.65373 3.1
      vertex 5.38124 -2.65373 16.4444
    endloop
  endfacet
  facet normal -0.935908 0.352245 0
    outer loop
      vertex 5.54328 -2.2961 3.1
      vertex 5.68158 -1.92864 16.4444
      vertex 5.68158 -1.92864 3.1
    endloop
  endfacet
  facet normal -0.935908 0.352245 0
    outer loop
      vertex 5.68158 -1.92864 16.4444
      vertex 5.54328 -2.2961 3.1
      vertex 5.54328 -2.2961 16.4444
    endloop
  endfacet
  facet normal -0.956945 0.29027 0
    outer loop
      vertex 5.68158 -1.92864 3.1
      vertex 5.79555 -1.55291 16.4444
      vertex 5.79555 -1.55291 3.1
    endloop
  endfacet
  facet normal -0.956945 0.29027 0
    outer loop
      vertex 5.79555 -1.55291 16.4444
      vertex 5.68158 -1.92864 3.1
      vertex 5.68158 -1.92864 16.4444
    endloop
  endfacet
  facet normal 0.29027 0.956945 -0
    outer loop
      vertex -1.55291 -5.79555 3.1
      vertex -1.92864 -5.68158 16.4444
      vertex -1.55291 -5.79555 16.4444
    endloop
  endfacet
  facet normal 0.29027 0.956945 0
    outer loop
      vertex -1.92864 -5.68158 16.4444
      vertex -1.55291 -5.79555 3.1
      vertex -1.92864 -5.68158 3.1
    endloop
  endfacet
  facet normal 0.162902 0.986642 -0
    outer loop
      vertex -0.783156 -5.94867 3.1
      vertex -1.17054 -5.88471 16.4444
      vertex -0.783156 -5.94867 16.4444
    endloop
  endfacet
  facet normal 0.162902 0.986642 0
    outer loop
      vertex -1.17054 -5.88471 16.4444
      vertex -0.783156 -5.94867 3.1
      vertex -1.17054 -5.88471 3.1
    endloop
  endfacet
  facet normal 0.471406 0.881916 -0
    outer loop
      vertex -2.65373 -5.38124 3.1
      vertex -3 -5.19615 16.4444
      vertex -2.65373 -5.38124 16.4444
    endloop
  endfacet
  facet normal 0.471406 0.881916 0
    outer loop
      vertex -3 -5.19615 16.4444
      vertex -2.65373 -5.38124 3.1
      vertex -3 -5.19615 3.1
    endloop
  endfacet
  facet normal 0.634399 0.773005 -0
    outer loop
      vertex -3.65257 -4.76012 3.1
      vertex -3.95607 -4.51104 16.4444
      vertex -3.65257 -4.76012 16.4444
    endloop
  endfacet
  facet normal 0.634399 0.773005 0
    outer loop
      vertex -3.95607 -4.51104 16.4444
      vertex -3.65257 -4.76012 3.1
      vertex -3.95607 -4.51104 3.1
    endloop
  endfacet
  facet normal 0.812846 0.582478 0
    outer loop
      vertex -4.76012 -3.65257 16.4444
      vertex -4.98882 -3.33342 3.1
      vertex -4.98882 -3.33342 16.4444
    endloop
  endfacet
  facet normal 0.812846 0.582478 0
    outer loop
      vertex -4.98882 -3.33342 3.1
      vertex -4.76012 -3.65257 16.4444
      vertex -4.76012 -3.65257 3.1
    endloop
  endfacet
  facet normal 0.849207 0.528061 0
    outer loop
      vertex -4.98882 -3.33342 16.4444
      vertex -5.19615 -3 3.1
      vertex -5.19615 -3 16.4444
    endloop
  endfacet
  facet normal 0.849207 0.528061 0
    outer loop
      vertex -5.19615 -3 3.1
      vertex -4.98882 -3.33342 16.4444
      vertex -4.98882 -3.33342 3.1
    endloop
  endfacet
  facet normal 0.881916 0.471406 0
    outer loop
      vertex -5.19615 -3 16.4444
      vertex -5.38124 -2.65373 3.1
      vertex -5.38124 -2.65373 16.4444
    endloop
  endfacet
  facet normal 0.881916 0.471406 0
    outer loop
      vertex -5.38124 -2.65373 3.1
      vertex -5.19615 -3 16.4444
      vertex -5.19615 -3 3.1
    endloop
  endfacet
  facet normal 0.995186 0.0980062 0
    outer loop
      vertex -5.94867 -0.783156 16.4444
      vertex -5.98715 -0.392418 3.1
      vertex -5.98715 -0.392418 16.4444
    endloop
  endfacet
  facet normal 0.995186 0.0980062 0
    outer loop
      vertex -5.98715 -0.392418 3.1
      vertex -5.94867 -0.783156 16.4444
      vertex -5.94867 -0.783156 3.1
    endloop
  endfacet
  facet normal 0.973875 0.227085 0
    outer loop
      vertex -5.79555 -1.55291 16.4444
      vertex -5.88471 -1.17054 3.1
      vertex -5.88471 -1.17054 16.4444
    endloop
  endfacet
  facet normal 0.973875 0.227085 0
    outer loop
      vertex -5.88471 -1.17054 3.1
      vertex -5.79555 -1.55291 16.4444
      vertex -5.79555 -1.55291 3.1
    endloop
  endfacet
  facet normal 0.935908 0.352245 0
    outer loop
      vertex -5.54328 -2.2961 16.4444
      vertex -5.68158 -1.92864 3.1
      vertex -5.68158 -1.92864 16.4444
    endloop
  endfacet
  facet normal 0.935908 0.352245 0
    outer loop
      vertex -5.68158 -1.92864 3.1
      vertex -5.54328 -2.2961 16.4444
      vertex -5.54328 -2.2961 3.1
    endloop
  endfacet
  facet normal 0.812846 -0.582478 0
    outer loop
      vertex -4.98882 3.33342 16.4444
      vertex -4.76012 3.65257 3.1
      vertex -4.76012 3.65257 16.4444
    endloop
  endfacet
  facet normal 0.812846 -0.582478 0
    outer loop
      vertex -4.76012 3.65257 3.1
      vertex -4.98882 3.33342 16.4444
      vertex -4.98882 3.33342 3.1
    endloop
  endfacet
  facet normal 0.773005 -0.634399 0
    outer loop
      vertex -4.76012 3.65257 16.4444
      vertex -4.51104 3.95607 3.1
      vertex -4.51104 3.95607 16.4444
    endloop
  endfacet
  facet normal 0.773005 -0.634399 0
    outer loop
      vertex -4.51104 3.95607 3.1
      vertex -4.76012 3.65257 16.4444
      vertex -4.76012 3.65257 3.1
    endloop
  endfacet
  facet normal -0.162902 0.986642 0
    outer loop
      vertex 1.17054 -5.88471 3.1
      vertex 0.783156 -5.94867 16.4444
      vertex 1.17054 -5.88471 16.4444
    endloop
  endfacet
  facet normal -0.162902 0.986642 0
    outer loop
      vertex 0.783156 -5.94867 16.4444
      vertex 1.17054 -5.88471 3.1
      vertex 0.783156 -5.94867 3.1
    endloop
  endfacet
  facet normal -0.29027 0.956945 0
    outer loop
      vertex 1.92864 -5.68158 3.1
      vertex 1.55291 -5.79555 16.4444
      vertex 1.92864 -5.68158 16.4444
    endloop
  endfacet
  facet normal -0.29027 0.956945 0
    outer loop
      vertex 1.55291 -5.79555 16.4444
      vertex 1.92864 -5.68158 3.1
      vertex 1.55291 -5.79555 3.1
    endloop
  endfacet
  facet normal -0.582478 0.812846 0
    outer loop
      vertex 3.65257 -4.76012 3.1
      vertex 3.33342 -4.98882 16.4444
      vertex 3.65257 -4.76012 16.4444
    endloop
  endfacet
  facet normal -0.582478 0.812846 0
    outer loop
      vertex 3.33342 -4.98882 16.4444
      vertex 3.65257 -4.76012 3.1
      vertex 3.33342 -4.98882 3.1
    endloop
  endfacet
  facet normal -0.995186 0.0980062 0
    outer loop
      vertex 5.94867 -0.783156 3.1
      vertex 5.98715 -0.392418 16.4444
      vertex 5.98715 -0.392418 3.1
    endloop
  endfacet
  facet normal -0.995186 0.0980062 0
    outer loop
      vertex 5.98715 -0.392418 16.4444
      vertex 5.94867 -0.783156 3.1
      vertex 5.94867 -0.783156 16.4444
    endloop
  endfacet
  facet normal 0.227085 0.973875 -0
    outer loop
      vertex -1.17054 -5.88471 3.1
      vertex -1.55291 -5.79555 16.4444
      vertex -1.17054 -5.88471 16.4444
    endloop
  endfacet
  facet normal 0.227085 0.973875 0
    outer loop
      vertex -1.55291 -5.79555 16.4444
      vertex -1.17054 -5.88471 3.1
      vertex -1.55291 -5.79555 3.1
    endloop
  endfacet
  facet normal 0.0980062 0.995186 -0
    outer loop
      vertex -0.392418 -5.98715 3.1
      vertex -0.783156 -5.94867 16.4444
      vertex -0.392418 -5.98715 16.4444
    endloop
  endfacet
  facet normal 0.0980062 0.995186 0
    outer loop
      vertex -0.783156 -5.94867 16.4444
      vertex -0.392418 -5.98715 3.1
      vertex -0.783156 -5.94867 3.1
    endloop
  endfacet
  facet normal 0.412707 0.910864 -0
    outer loop
      vertex -2.2961 -5.54328 3.1
      vertex -2.65373 -5.38124 16.4444
      vertex -2.2961 -5.54328 16.4444
    endloop
  endfacet
  facet normal 0.412707 0.910864 0
    outer loop
      vertex -2.65373 -5.38124 16.4444
      vertex -2.2961 -5.54328 3.1
      vertex -2.65373 -5.38124 3.1
    endloop
  endfacet
  facet normal 0.773005 0.634399 0
    outer loop
      vertex -4.51104 -3.95607 16.4444
      vertex -4.76012 -3.65257 3.1
      vertex -4.76012 -3.65257 16.4444
    endloop
  endfacet
  facet normal 0.773005 0.634399 0
    outer loop
      vertex -4.76012 -3.65257 3.1
      vertex -4.51104 -3.95607 16.4444
      vertex -4.51104 -3.95607 3.1
    endloop
  endfacet
  facet normal 0.956945 0.29027 0
    outer loop
      vertex -5.68158 -1.92864 16.4444
      vertex -5.79555 -1.55291 3.1
      vertex -5.79555 -1.55291 16.4444
    endloop
  endfacet
  facet normal 0.956945 0.29027 0
    outer loop
      vertex -5.79555 -1.55291 3.1
      vertex -5.68158 -1.92864 16.4444
      vertex -5.68158 -1.92864 3.1
    endloop
  endfacet
  facet normal -0.999464 0.0327282 0
    outer loop
      vertex 5.98715 -0.392418 3.1
      vertex 6 0 16.4444
      vertex 6 0 3.1
    endloop
  endfacet
  facet normal -0.999464 0.0327282 0
    outer loop
      vertex 6 0 16.4444
      vertex 5.98715 -0.392418 3.1
      vertex 5.98715 -0.392418 16.4444
    endloop
  endfacet
  facet normal -0.999465 -0.0327119 0
    outer loop
      vertex 8.25 0 0
      vertex 8.23234 0.539576 3.1
      vertex 8.23234 0.539576 0
    endloop
  endfacet
  facet normal -0.999465 -0.0327119 0
    outer loop
      vertex 8.23234 0.539576 3.1
      vertex 8.25 0 0
      vertex 8.25 0 3.1
    endloop
  endfacet
  facet normal 0.999465 -0.0327119 0
    outer loop
      vertex -8.25 0 3.1
      vertex -8.23234 0.539576 0
      vertex -8.23234 0.539576 3.1
    endloop
  endfacet
  facet normal 0.999465 -0.0327119 0
    outer loop
      vertex -8.23234 0.539576 0
      vertex -8.25 0 3.1
      vertex -8.25 0 0
    endloop
  endfacet
  facet normal -0.0327119 -0.999465 0
    outer loop
      vertex 0 8.25 0
      vertex 0.539576 8.23234 3.1
      vertex 0 8.25 3.1
    endloop
  endfacet
  facet normal -0.0327119 -0.999465 -0
    outer loop
      vertex 0.539576 8.23234 3.1
      vertex 0 8.25 0
      vertex 0.539576 8.23234 0
    endloop
  endfacet
  facet normal -0.729863 -0.683593 0
    outer loop
      vertex 6.20268 5.4396 0
      vertex 5.83363 5.83363 3.1
      vertex 5.83363 5.83363 0
    endloop
  endfacet
  facet normal -0.729863 -0.683593 0
    outer loop
      vertex 5.83363 5.83363 3.1
      vertex 6.20268 5.4396 0
      vertex 6.20268 5.4396 3.1
    endloop
  endfacet
  facet normal 0.683593 -0.729863 0
    outer loop
      vertex -5.83363 5.83363 0
      vertex -5.4396 6.20268 3.1
      vertex -5.83363 5.83363 3.1
    endloop
  endfacet
  facet normal 0.683593 -0.729863 0
    outer loop
      vertex -5.4396 6.20268 3.1
      vertex -5.83363 5.83363 0
      vertex -5.4396 6.20268 0
    endloop
  endfacet
  facet normal 0.35224 -0.93591 0
    outer loop
      vertex -3.15714 7.62201 0
      vertex -2.65188 7.81217 3.1
      vertex -3.15714 7.62201 3.1
    endloop
  endfacet
  facet normal 0.35224 -0.93591 0
    outer loop
      vertex -2.65188 7.81217 3.1
      vertex -3.15714 7.62201 0
      vertex -2.65188 7.81217 0
    endloop
  endfacet
  facet normal -0.93591 -0.35224 0
    outer loop
      vertex 7.81217 2.65188 0
      vertex 7.62201 3.15714 3.1
      vertex 7.62201 3.15714 0
    endloop
  endfacet
  facet normal -0.93591 -0.35224 0
    outer loop
      vertex 7.62201 3.15714 3.1
      vertex 7.81217 2.65188 0
      vertex 7.81217 2.65188 3.1
    endloop
  endfacet
  facet normal -0.412715 -0.91086 0
    outer loop
      vertex 3.15714 7.62201 0
      vertex 3.64888 7.3992 3.1
      vertex 3.15714 7.62201 3.1
    endloop
  endfacet
  facet normal -0.412715 -0.91086 -0
    outer loop
      vertex 3.64888 7.3992 3.1
      vertex 3.15714 7.62201 0
      vertex 3.64888 7.3992 0
    endloop
  endfacet
  facet normal 0.849196 -0.528078 0
    outer loop
      vertex -7.14471 4.125 3.1
      vertex -6.85962 4.58345 0
      vertex -6.85962 4.58345 3.1
    endloop
  endfacet
  facet normal 0.849196 -0.528078 0
    outer loop
      vertex -6.85962 4.58345 0
      vertex -7.14471 4.125 3.1
      vertex -7.14471 4.125 0
    endloop
  endfacet
  facet normal 0.0980247 -0.995184 0
    outer loop
      vertex -1.07684 8.17942 0
      vertex -0.539576 8.23234 3.1
      vertex -1.07684 8.17942 3.1
    endloop
  endfacet
  facet normal 0.0980247 -0.995184 0
    outer loop
      vertex -0.539576 8.23234 3.1
      vertex -1.07684 8.17942 0
      vertex -0.539576 8.23234 0
    endloop
  endfacet
  facet normal -0.849196 0.528078 0
    outer loop
      vertex 6.85962 -4.58345 0
      vertex 7.14471 -4.125 3.1
      vertex 7.14471 -4.125 0
    endloop
  endfacet
  facet normal -0.849196 0.528078 0
    outer loop
      vertex 7.14471 -4.125 3.1
      vertex 6.85962 -4.58345 0
      vertex 6.85962 -4.58345 3.1
    endloop
  endfacet
  facet normal -0.227072 0.973878 0
    outer loop
      vertex 2.13526 -7.96889 0
      vertex 1.60949 -8.09148 3.1
      vertex 2.13526 -7.96889 3.1
    endloop
  endfacet
  facet normal -0.227072 0.973878 0
    outer loop
      vertex 1.60949 -8.09148 3.1
      vertex 2.13526 -7.96889 0
      vertex 1.60949 -8.09148 0
    endloop
  endfacet
  facet normal -0.683593 0.729863 0
    outer loop
      vertex 5.83363 -5.83363 0
      vertex 5.4396 -6.20268 3.1
      vertex 5.83363 -5.83363 3.1
    endloop
  endfacet
  facet normal -0.683593 0.729863 0
    outer loop
      vertex 5.4396 -6.20268 3.1
      vertex 5.83363 -5.83363 0
      vertex 5.4396 -6.20268 0
    endloop
  endfacet
  facet normal 0.35224 0.93591 -0
    outer loop
      vertex -2.65188 -7.81217 0
      vertex -3.15714 -7.62201 3.1
      vertex -2.65188 -7.81217 3.1
    endloop
  endfacet
  facet normal 0.35224 0.93591 0
    outer loop
      vertex -3.15714 -7.62201 3.1
      vertex -2.65188 -7.81217 0
      vertex -3.15714 -7.62201 0
    endloop
  endfacet
  facet normal 0.729863 0.683593 0
    outer loop
      vertex -5.83363 -5.83363 3.1
      vertex -6.20268 -5.4396 0
      vertex -6.20268 -5.4396 3.1
    endloop
  endfacet
  facet normal 0.729863 0.683593 0
    outer loop
      vertex -6.20268 -5.4396 0
      vertex -5.83363 -5.83363 3.1
      vertex -5.83363 -5.83363 0
    endloop
  endfacet
  facet normal -0.986644 -0.162894 0
    outer loop
      vertex 8.17942 1.07684 0
      vertex 8.09148 1.60949 3.1
      vertex 8.09148 1.60949 0
    endloop
  endfacet
  facet normal -0.986644 -0.162894 0
    outer loop
      vertex 8.09148 1.60949 3.1
      vertex 8.17942 1.07684 0
      vertex 8.17942 1.07684 3.1
    endloop
  endfacet
  facet normal -0.995184 -0.0980247 0
    outer loop
      vertex 8.23234 0.539576 0
      vertex 8.17942 1.07684 3.1
      vertex 8.17942 1.07684 0
    endloop
  endfacet
  facet normal -0.995184 -0.0980247 0
    outer loop
      vertex 8.17942 1.07684 3.1
      vertex 8.23234 0.539576 0
      vertex 8.23234 0.539576 3.1
    endloop
  endfacet
  facet normal -0.973878 -0.227072 0
    outer loop
      vertex 8.09148 1.60949 0
      vertex 7.96889 2.13526 3.1
      vertex 7.96889 2.13526 0
    endloop
  endfacet
  facet normal -0.973878 -0.227072 0
    outer loop
      vertex 7.96889 2.13526 3.1
      vertex 8.09148 1.60949 0
      vertex 8.09148 1.60949 3.1
    endloop
  endfacet
  facet normal -0.773016 -0.634387 0
    outer loop
      vertex 6.54516 5.02228 0
      vertex 6.20268 5.4396 3.1
      vertex 6.20268 5.4396 0
    endloop
  endfacet
  facet normal -0.773016 -0.634387 0
    outer loop
      vertex 6.20268 5.4396 3.1
      vertex 6.54516 5.02228 0
      vertex 6.54516 5.02228 3.1
    endloop
  endfacet
  facet normal -0.91086 -0.412715 0
    outer loop
      vertex 7.62201 3.15714 0
      vertex 7.3992 3.64888 3.1
      vertex 7.3992 3.64888 0
    endloop
  endfacet
  facet normal -0.91086 -0.412715 0
    outer loop
      vertex 7.3992 3.64888 3.1
      vertex 7.62201 3.15714 0
      vertex 7.62201 3.15714 3.1
    endloop
  endfacet
  facet normal -0.227072 -0.973878 0
    outer loop
      vertex 1.60949 8.09148 0
      vertex 2.13526 7.96889 3.1
      vertex 1.60949 8.09148 3.1
    endloop
  endfacet
  facet normal -0.227072 -0.973878 -0
    outer loop
      vertex 2.13526 7.96889 3.1
      vertex 1.60949 8.09148 0
      vertex 2.13526 7.96889 0
    endloop
  endfacet
  facet normal -0.35224 -0.93591 0
    outer loop
      vertex 2.65188 7.81217 0
      vertex 3.15714 7.62201 3.1
      vertex 2.65188 7.81217 3.1
    endloop
  endfacet
  facet normal -0.35224 -0.93591 -0
    outer loop
      vertex 3.15714 7.62201 3.1
      vertex 2.65188 7.81217 0
      vertex 3.15714 7.62201 0
    endloop
  endfacet
  facet normal -0.471395 -0.881922 0
    outer loop
      vertex 3.64888 7.3992 0
      vertex 4.125 7.14471 3.1
      vertex 3.64888 7.3992 3.1
    endloop
  endfacet
  facet normal -0.471395 -0.881922 -0
    outer loop
      vertex 4.125 7.14471 3.1
      vertex 3.64888 7.3992 0
      vertex 4.125 7.14471 0
    endloop
  endfacet
  facet normal -0.683593 -0.729863 0
    outer loop
      vertex 5.4396 6.20268 0
      vertex 5.83363 5.83363 3.1
      vertex 5.4396 6.20268 3.1
    endloop
  endfacet
  facet normal -0.683593 -0.729863 -0
    outer loop
      vertex 5.83363 5.83363 3.1
      vertex 5.4396 6.20268 0
      vertex 5.83363 5.83363 0
    endloop
  endfacet
  facet normal 0.91086 -0.412715 0
    outer loop
      vertex -7.62201 3.15714 3.1
      vertex -7.3992 3.64888 0
      vertex -7.3992 3.64888 3.1
    endloop
  endfacet
  facet normal 0.91086 -0.412715 0
    outer loop
      vertex -7.3992 3.64888 0
      vertex -7.62201 3.15714 3.1
      vertex -7.62201 3.15714 0
    endloop
  endfacet
  facet normal 0.973878 -0.227072 0
    outer loop
      vertex -8.09148 1.60949 3.1
      vertex -7.96889 2.13526 0
      vertex -7.96889 2.13526 3.1
    endloop
  endfacet
  facet normal 0.973878 -0.227072 0
    outer loop
      vertex -7.96889 2.13526 0
      vertex -8.09148 1.60949 3.1
      vertex -8.09148 1.60949 0
    endloop
  endfacet
  facet normal 0.93591 -0.35224 0
    outer loop
      vertex -7.81217 2.65188 3.1
      vertex -7.62201 3.15714 0
      vertex -7.62201 3.15714 3.1
    endloop
  endfacet
  facet normal 0.93591 -0.35224 0
    outer loop
      vertex -7.62201 3.15714 0
      vertex -7.81217 2.65188 3.1
      vertex -7.81217 2.65188 0
    endloop
  endfacet
  facet normal 0 0 -1
    outer loop
      vertex 6 0 3.1
      vertex 8.25 0 3.1
      vertex 8.23234 -0.539576 3.1
    endloop
  endfacet
  facet normal 0 0 -1
    outer loop
      vertex 5.98715 -0.392418 3.1
      vertex 8.23234 -0.539576 3.1
      vertex 8.17942 -1.07684 3.1
    endloop
  endfacet
  facet normal 0 0 -1
    outer loop
      vertex 8.25 0 3.1
      vertex 6 0 3.1
      vertex 8.23234 0.539576 3.1
    endloop
  endfacet
  facet normal 0 0 -1
    outer loop
      vertex 5.94867 -0.783156 3.1
      vertex 8.17942 -1.07684 3.1
      vertex 8.09148 -1.60949 3.1
    endloop
  endfacet
  facet normal 0 0 -1
    outer loop
      vertex 5.98715 0.392418 3.1
      vertex 8.23234 0.539576 3.1
      vertex 6 0 3.1
    endloop
  endfacet
  facet normal 0 0 -1
    outer loop
      vertex 5.88471 -1.17054 3.1
      vertex 8.09148 -1.60949 3.1
      vertex 7.96889 -2.13526 3.1
    endloop
  endfacet
  facet normal -0 0 -1
    outer loop
      vertex 8.23234 0.539576 3.1
      vertex 5.98715 0.392418 3.1
      vertex 8.17942 1.07684 3.1
    endloop
  endfacet
  facet normal 0 0 -1
    outer loop
      vertex 5.79555 -1.55291 3.1
      vertex 7.96889 -2.13526 3.1
      vertex 7.81217 -2.65188 3.1
    endloop
  endfacet
  facet normal 0 0 -1
    outer loop
      vertex 5.94867 0.783156 3.1
      vertex 8.17942 1.07684 3.1
      vertex 5.98715 0.392418 3.1
    endloop
  endfacet
  facet normal 0 0 -1
    outer loop
      vertex 5.68158 -1.92864 3.1
      vertex 7.81217 -2.65188 3.1
      vertex 7.62201 -3.15714 3.1
    endloop
  endfacet
  facet normal -0 0 -1
    outer loop
      vertex 8.17942 1.07684 3.1
      vertex 5.94867 0.783156 3.1
      vertex 8.09148 1.60949 3.1
    endloop
  endfacet
  facet normal 0 0 -1
    outer loop
      vertex 5.54328 -2.2961 3.1
      vertex 7.62201 -3.15714 3.1
      vertex 7.3992 -3.64888 3.1
    endloop
  endfacet
  facet normal 0 0 -1
    outer loop
      vertex 5.88471 1.17054 3.1
      vertex 8.09148 1.60949 3.1
      vertex 5.94867 0.783156 3.1
    endloop
  endfacet
  facet normal 0 0 -1
    outer loop
      vertex 5.38124 -2.65373 3.1
      vertex 7.3992 -3.64888 3.1
      vertex 7.14471 -4.125 3.1
    endloop
  endfacet
  facet normal -0 0 -1
    outer loop
      vertex 8.09148 1.60949 3.1
      vertex 5.88471 1.17054 3.1
      vertex 7.96889 2.13526 3.1
    endloop
  endfacet
  facet normal 0 0 -1
    outer loop
      vertex 5.19615 -3 3.1
      vertex 7.14471 -4.125 3.1
      vertex 6.85962 -4.58345 3.1
    endloop
  endfacet
  facet normal 0 0 -1
    outer loop
      vertex 5.79555 1.55291 3.1
      vertex 7.96889 2.13526 3.1
      vertex 5.88471 1.17054 3.1
    endloop
  endfacet
  facet normal 0 0 -1
    outer loop
      vertex 4.98882 -3.33342 3.1
      vertex 6.85962 -4.58345 3.1
      vertex 6.54516 -5.02228 3.1
    endloop
  endfacet
  facet normal -0 0 -1
    outer loop
      vertex 7.96889 2.13526 3.1
      vertex 5.79555 1.55291 3.1
      vertex 7.81217 2.65188 3.1
    endloop
  endfacet
  facet normal 0 0 -1
    outer loop
      vertex 4.76012 -3.65257 3.1
      vertex 6.54516 -5.02228 3.1
      vertex 6.20268 -5.4396 3.1
    endloop
  endfacet
  facet normal 0 0 -1
    outer loop
      vertex 5.68158 1.92864 3.1
      vertex 7.81217 2.65188 3.1
      vertex 5.79555 1.55291 3.1
    endloop
  endfacet
  facet normal -0 0 -1
    outer loop
      vertex 7.81217 2.65188 3.1
      vertex 5.68158 1.92864 3.1
      vertex 7.62201 3.15714 3.1
    endloop
  endfacet
  facet normal 0 0 -1
    outer loop
      vertex 8.23234 -0.539576 3.1
      vertex 5.98715 -0.392418 3.1
      vertex 6 0 3.1
    endloop
  endfacet
  facet normal 0 0 -1
    outer loop
      vertex 8.17942 -1.07684 3.1
      vertex 5.94867 -0.783156 3.1
      vertex 5.98715 -0.392418 3.1
    endloop
  endfacet
  facet normal 0 0 -1
    outer loop
      vertex 8.09148 -1.60949 3.1
      vertex 5.88471 -1.17054 3.1
      vertex 5.94867 -0.783156 3.1
    endloop
  endfacet
  facet normal 0 0 -1
    outer loop
      vertex 4.51104 -3.95607 3.1
      vertex 6.20268 -5.4396 3.1
      vertex 5.83363 -5.83363 3.1
    endloop
  endfacet
  facet normal 0 0 -1
    outer loop
      vertex 7.96889 -2.13526 3.1
      vertex 5.79555 -1.55291 3.1
      vertex 5.88471 -1.17054 3.1
    endloop
  endfacet
  facet normal 0 0 -1
    outer loop
      vertex 7.81217 -2.65188 3.1
      vertex 5.68158 -1.92864 3.1
      vertex 5.79555 -1.55291 3.1
    endloop
  endfacet
  facet normal 0 0 -1
    outer loop
      vertex 7.62201 -3.15714 3.1
      vertex 5.54328 -2.2961 3.1
      vertex 5.68158 -1.92864 3.1
    endloop
  endfacet
  facet normal 0 0 -1
    outer loop
      vertex 4.24264 -4.24264 3.1
      vertex 5.83363 -5.83363 3.1
      vertex 5.4396 -6.20268 3.1
    endloop
  endfacet
  facet normal 0 0 -1
    outer loop
      vertex 7.3992 -3.64888 3.1
      vertex 5.38124 -2.65373 3.1
      vertex 5.54328 -2.2961 3.1
    endloop
  endfacet
  facet normal 0 0 -1
    outer loop
      vertex 7.14471 -4.125 3.1
      vertex 5.19615 -3 3.1
      vertex 5.38124 -2.65373 3.1
    endloop
  endfacet
  facet normal 0 0 -1
    outer loop
      vertex 3.95607 -4.51104 3.1
      vertex 5.4396 -6.20268 3.1
      vertex 5.02228 -6.54516 3.1
    endloop
  endfacet
  facet normal 0 0 -1
    outer loop
      vertex 6.85962 -4.58345 3.1
      vertex 4.98882 -3.33342 3.1
      vertex 5.19615 -3 3.1
    endloop
  endfacet
  facet normal 0 0 -1
    outer loop
      vertex 6.54516 -5.02228 3.1
      vertex 4.76012 -3.65257 3.1
      vertex 4.98882 -3.33342 3.1
    endloop
  endfacet
  facet normal 0 0 -1
    outer loop
      vertex 3.65257 -4.76012 3.1
      vertex 5.02228 -6.54516 3.1
      vertex 4.58345 -6.85962 3.1
    endloop
  endfacet
  facet normal 0 0 -1
    outer loop
      vertex 6.20268 -5.4396 3.1
      vertex 4.51104 -3.95607 3.1
      vertex 4.76012 -3.65257 3.1
    endloop
  endfacet
  facet normal 0 0 -1
    outer loop
      vertex 5.83363 -5.83363 3.1
      vertex 4.24264 -4.24264 3.1
      vertex 4.51104 -3.95607 3.1
    endloop
  endfacet
  facet normal 0 0 -1
    outer loop
      vertex 3.33342 -4.98882 3.1
      vertex 4.58345 -6.85962 3.1
      vertex 4.125 -7.14471 3.1
    endloop
  endfacet
  facet normal 0 0 -1
    outer loop
      vertex 5.4396 -6.20268 3.1
      vertex 3.95607 -4.51104 3.1
      vertex 4.24264 -4.24264 3.1
    endloop
  endfacet
  facet normal 0 0 -1
    outer loop
      vertex 5.02228 -6.54516 3.1
      vertex 3.65257 -4.76012 3.1
      vertex 3.95607 -4.51104 3.1
    endloop
  endfacet
  facet normal 0 0 -1
    outer loop
      vertex 3 -5.19615 3.1
      vertex 4.125 -7.14471 3.1
      vertex 3.64888 -7.3992 3.1
    endloop
  endfacet
  facet normal 0 0 -1
    outer loop
      vertex 4.58345 -6.85962 3.1
      vertex 3.33342 -4.98882 3.1
      vertex 3.65257 -4.76012 3.1
    endloop
  endfacet
  facet normal 0 0 -1
    outer loop
      vertex 2.65373 -5.38124 3.1
      vertex 3.64888 -7.3992 3.1
      vertex 3.15714 -7.62201 3.1
    endloop
  endfacet
  facet normal 0 0 -1
    outer loop
      vertex 4.125 -7.14471 3.1
      vertex 3 -5.19615 3.1
      vertex 3.33342 -4.98882 3.1
    endloop
  endfacet
  facet normal 0 0 -1
    outer loop
      vertex 3.64888 -7.3992 3.1
      vertex 2.65373 -5.38124 3.1
      vertex 3 -5.19615 3.1
    endloop
  endfacet
  facet normal 0 0 -1
    outer loop
      vertex 2.2961 -5.54328 3.1
      vertex 3.15714 -7.62201 3.1
      vertex 2.65188 -7.81217 3.1
    endloop
  endfacet
  facet normal 0 0 -1
    outer loop
      vertex 3.15714 -7.62201 3.1
      vertex 2.2961 -5.54328 3.1
      vertex 2.65373 -5.38124 3.1
    endloop
  endfacet
  facet normal 0 0 -1
    outer loop
      vertex 1.92864 -5.68158 3.1
      vertex 2.65188 -7.81217 3.1
      vertex 2.13526 -7.96889 3.1
    endloop
  endfacet
  facet normal 0 0 -1
    outer loop
      vertex 2.65188 -7.81217 3.1
      vertex 1.92864 -5.68158 3.1
      vertex 2.2961 -5.54328 3.1
    endloop
  endfacet
  facet normal 0 0 -1
    outer loop
      vertex 1.55291 -5.79555 3.1
      vertex 2.13526 -7.96889 3.1
      vertex 1.60949 -8.09148 3.1
    endloop
  endfacet
  facet normal 0 0 -1
    outer loop
      vertex 2.13526 -7.96889 3.1
      vertex 1.55291 -5.79555 3.1
      vertex 1.92864 -5.68158 3.1
    endloop
  endfacet
  facet normal 0 0 -1
    outer loop
      vertex 1.60949 -8.09148 3.1
      vertex 1.17054 -5.88471 3.1
      vertex 1.55291 -5.79555 3.1
    endloop
  endfacet
  facet normal 0 0 -1
    outer loop
      vertex 1.07684 -8.17942 3.1
      vertex 1.17054 -5.88471 3.1
      vertex 1.60949 -8.09148 3.1
    endloop
  endfacet
  facet normal 0 0 -1
    outer loop
      vertex 1.07684 -8.17942 3.1
      vertex 0.783156 -5.94867 3.1
      vertex 1.17054 -5.88471 3.1
    endloop
  endfacet
  facet normal 0 0 -1
    outer loop
      vertex 0.539576 -8.23234 3.1
      vertex 0.783156 -5.94867 3.1
      vertex 1.07684 -8.17942 3.1
    endloop
  endfacet
  facet normal 0 0 -1
    outer loop
      vertex 0.539576 -8.23234 3.1
      vertex 0.392418 -5.98715 3.1
      vertex 0.783156 -5.94867 3.1
    endloop
  endfacet
  facet normal 0 0 -1
    outer loop
      vertex 0 -8.25 3.1
      vertex 0.392418 -5.98715 3.1
      vertex 0.539576 -8.23234 3.1
    endloop
  endfacet
  facet normal 0 0 -1
    outer loop
      vertex 0 -8.25 3.1
      vertex 0 -6 3.1
      vertex 0.392418 -5.98715 3.1
    endloop
  endfacet
  facet normal 0 0 -1
    outer loop
      vertex 0 -8.25 3.1
      vertex -0.392418 -5.98715 3.1
      vertex 0 -6 3.1
    endloop
  endfacet
  facet normal 0 0 -1
    outer loop
      vertex -0.539576 -8.23234 3.1
      vertex -0.392418 -5.98715 3.1
      vertex 0 -8.25 3.1
    endloop
  endfacet
  facet normal 0 0 -1
    outer loop
      vertex -0.539576 -8.23234 3.1
      vertex -0.783156 -5.94867 3.1
      vertex -0.392418 -5.98715 3.1
    endloop
  endfacet
  facet normal 0 0 -1
    outer loop
      vertex -1.07684 -8.17942 3.1
      vertex -0.783156 -5.94867 3.1
      vertex -0.539576 -8.23234 3.1
    endloop
  endfacet
  facet normal 0 0 -1
    outer loop
      vertex -1.07684 -8.17942 3.1
      vertex -1.17054 -5.88471 3.1
      vertex -0.783156 -5.94867 3.1
    endloop
  endfacet
  facet normal 0 0 -1
    outer loop
      vertex -1.60949 -8.09148 3.1
      vertex -1.17054 -5.88471 3.1
      vertex -1.07684 -8.17942 3.1
    endloop
  endfacet
  facet normal -0 0 -1
    outer loop
      vertex -1.17054 -5.88471 3.1
      vertex -1.60949 -8.09148 3.1
      vertex -1.55291 -5.79555 3.1
    endloop
  endfacet
  facet normal 0 0 -1
    outer loop
      vertex -2.13526 -7.96889 3.1
      vertex -1.55291 -5.79555 3.1
      vertex -1.60949 -8.09148 3.1
    endloop
  endfacet
  facet normal -0 0 -1
    outer loop
      vertex -1.55291 -5.79555 3.1
      vertex -2.13526 -7.96889 3.1
      vertex -1.92864 -5.68158 3.1
    endloop
  endfacet
  facet normal 0 0 -1
    outer loop
      vertex -2.65188 -7.81217 3.1
      vertex -1.92864 -5.68158 3.1
      vertex -2.13526 -7.96889 3.1
    endloop
  endfacet
  facet normal -0 0 -1
    outer loop
      vertex -1.92864 -5.68158 3.1
      vertex -2.65188 -7.81217 3.1
      vertex -2.2961 -5.54328 3.1
    endloop
  endfacet
  facet normal 0 0 -1
    outer loop
      vertex -3.15714 -7.62201 3.1
      vertex -2.2961 -5.54328 3.1
      vertex -2.65188 -7.81217 3.1
    endloop
  endfacet
  facet normal -0 0 -1
    outer loop
      vertex -2.2961 -5.54328 3.1
      vertex -3.15714 -7.62201 3.1
      vertex -2.65373 -5.38124 3.1
    endloop
  endfacet
  facet normal 0 0 -1
    outer loop
      vertex -3.64888 -7.3992 3.1
      vertex -2.65373 -5.38124 3.1
      vertex -3.15714 -7.62201 3.1
    endloop
  endfacet
  facet normal -0 0 -1
    outer loop
      vertex -2.65373 -5.38124 3.1
      vertex -3.64888 -7.3992 3.1
      vertex -3 -5.19615 3.1
    endloop
  endfacet
  facet normal 0 0 -1
    outer loop
      vertex -4.125 -7.14471 3.1
      vertex -3 -5.19615 3.1
      vertex -3.64888 -7.3992 3.1
    endloop
  endfacet
  facet normal -0 0 -1
    outer loop
      vertex -3 -5.19615 3.1
      vertex -4.125 -7.14471 3.1
      vertex -3.33342 -4.98882 3.1
    endloop
  endfacet
  facet normal 0 0 -1
    outer loop
      vertex -4.58345 -6.85962 3.1
      vertex -3.33342 -4.98882 3.1
      vertex -4.125 -7.14471 3.1
    endloop
  endfacet
  facet normal -0 0 -1
    outer loop
      vertex -3.33342 -4.98882 3.1
      vertex -4.58345 -6.85962 3.1
      vertex -3.65257 -4.76012 3.1
    endloop
  endfacet
  facet normal 0 0 -1
    outer loop
      vertex -5.02228 -6.54516 3.1
      vertex -3.65257 -4.76012 3.1
      vertex -4.58345 -6.85962 3.1
    endloop
  endfacet
  facet normal -0 0 -1
    outer loop
      vertex -3.65257 -4.76012 3.1
      vertex -5.02228 -6.54516 3.1
      vertex -3.95607 -4.51104 3.1
    endloop
  endfacet
  facet normal 0 0 -1
    outer loop
      vertex -5.4396 -6.20268 3.1
      vertex -3.95607 -4.51104 3.1
      vertex -5.02228 -6.54516 3.1
    endloop
  endfacet
  facet normal -0 0 -1
    outer loop
      vertex -3.95607 -4.51104 3.1
      vertex -5.4396 -6.20268 3.1
      vertex -4.24264 -4.24264 3.1
    endloop
  endfacet
  facet normal 0 0 -1
    outer loop
      vertex -5.83363 -5.83363 3.1
      vertex -4.24264 -4.24264 3.1
      vertex -5.4396 -6.20268 3.1
    endloop
  endfacet
  facet normal -0 0 -1
    outer loop
      vertex -4.24264 -4.24264 3.1
      vertex -5.83363 -5.83363 3.1
      vertex -4.51104 -3.95607 3.1
    endloop
  endfacet
  facet normal 0 0 -1
    outer loop
      vertex -6.20268 -5.4396 3.1
      vertex -4.51104 -3.95607 3.1
      vertex -5.83363 -5.83363 3.1
    endloop
  endfacet
  facet normal -0 0 -1
    outer loop
      vertex -4.51104 -3.95607 3.1
      vertex -6.20268 -5.4396 3.1
      vertex -4.76012 -3.65257 3.1
    endloop
  endfacet
  facet normal 0 0 -1
    outer loop
      vertex -6.54516 -5.02228 3.1
      vertex -4.76012 -3.65257 3.1
      vertex -6.20268 -5.4396 3.1
    endloop
  endfacet
  facet normal -0 0 -1
    outer loop
      vertex -4.76012 -3.65257 3.1
      vertex -6.54516 -5.02228 3.1
      vertex -4.98882 -3.33342 3.1
    endloop
  endfacet
  facet normal 0 0 -1
    outer loop
      vertex -6.85962 -4.58345 3.1
      vertex -4.98882 -3.33342 3.1
      vertex -6.54516 -5.02228 3.1
    endloop
  endfacet
  facet normal -0 0 -1
    outer loop
      vertex -4.98882 -3.33342 3.1
      vertex -6.85962 -4.58345 3.1
      vertex -5.19615 -3 3.1
    endloop
  endfacet
  facet normal 0 0 -1
    outer loop
      vertex -7.14471 -4.125 3.1
      vertex -5.19615 -3 3.1
      vertex -6.85962 -4.58345 3.1
    endloop
  endfacet
  facet normal -0 0 -1
    outer loop
      vertex -5.19615 -3 3.1
      vertex -7.14471 -4.125 3.1
      vertex -5.38124 -2.65373 3.1
    endloop
  endfacet
  facet normal 0 0 -1
    outer loop
      vertex -7.3992 -3.64888 3.1
      vertex -5.38124 -2.65373 3.1
      vertex -7.14471 -4.125 3.1
    endloop
  endfacet
  facet normal -0 0 -1
    outer loop
      vertex -5.38124 -2.65373 3.1
      vertex -7.3992 -3.64888 3.1
      vertex -5.54328 -2.2961 3.1
    endloop
  endfacet
  facet normal 0 0 -1
    outer loop
      vertex -7.62201 -3.15714 3.1
      vertex -5.54328 -2.2961 3.1
      vertex -7.3992 -3.64888 3.1
    endloop
  endfacet
  facet normal -0 0 -1
    outer loop
      vertex -5.54328 -2.2961 3.1
      vertex -7.62201 -3.15714 3.1
      vertex -5.68158 -1.92864 3.1
    endloop
  endfacet
  facet normal 0 0 -1
    outer loop
      vertex 5.54328 2.2961 3.1
      vertex 7.62201 3.15714 3.1
      vertex 5.68158 1.92864 3.1
    endloop
  endfacet
  facet normal -0 0 -1
    outer loop
      vertex 7.62201 3.15714 3.1
      vertex 5.54328 2.2961 3.1
      vertex 7.3992 3.64888 3.1
    endloop
  endfacet
  facet normal 0 0 -1
    outer loop
      vertex 5.38124 2.65373 3.1
      vertex 7.3992 3.64888 3.1
      vertex 5.54328 2.2961 3.1
    endloop
  endfacet
  facet normal -0 0 -1
    outer loop
      vertex 7.3992 3.64888 3.1
      vertex 5.38124 2.65373 3.1
      vertex 7.14471 4.125 3.1
    endloop
  endfacet
  facet normal 0 0 -1
    outer loop
      vertex 5.19615 3 3.1
      vertex 7.14471 4.125 3.1
      vertex 5.38124 2.65373 3.1
    endloop
  endfacet
  facet normal -0 0 -1
    outer loop
      vertex 7.14471 4.125 3.1
      vertex 5.19615 3 3.1
      vertex 6.85962 4.58345 3.1
    endloop
  endfacet
  facet normal 0 0 -1
    outer loop
      vertex 4.98882 3.33342 3.1
      vertex 6.85962 4.58345 3.1
      vertex 5.19615 3 3.1
    endloop
  endfacet
  facet normal -0 0 -1
    outer loop
      vertex 6.85962 4.58345 3.1
      vertex 4.98882 3.33342 3.1
      vertex 6.54516 5.02228 3.1
    endloop
  endfacet
  facet normal 0 0 -1
    outer loop
      vertex 4.76012 3.65257 3.1
      vertex 6.54516 5.02228 3.1
      vertex 4.98882 3.33342 3.1
    endloop
  endfacet
  facet normal -0 0 -1
    outer loop
      vertex 6.54516 5.02228 3.1
      vertex 4.76012 3.65257 3.1
      vertex 6.20268 5.4396 3.1
    endloop
  endfacet
  facet normal 0 0 -1
    outer loop
      vertex 4.51104 3.95607 3.1
      vertex 6.20268 5.4396 3.1
      vertex 4.76012 3.65257 3.1
    endloop
  endfacet
  facet normal -0 0 -1
    outer loop
      vertex 6.20268 5.4396 3.1
      vertex 4.51104 3.95607 3.1
      vertex 5.83363 5.83363 3.1
    endloop
  endfacet
  facet normal 0 0 -1
    outer loop
      vertex 4.24264 4.24264 3.1
      vertex 5.83363 5.83363 3.1
      vertex 4.51104 3.95607 3.1
    endloop
  endfacet
  facet normal -0 0 -1
    outer loop
      vertex 5.83363 5.83363 3.1
      vertex 4.24264 4.24264 3.1
      vertex 5.4396 6.20268 3.1
    endloop
  endfacet
  facet normal 0 0 -1
    outer loop
      vertex 3.95607 4.51104 3.1
      vertex 5.4396 6.20268 3.1
      vertex 4.24264 4.24264 3.1
    endloop
  endfacet
  facet normal -0 0 -1
    outer loop
      vertex 5.4396 6.20268 3.1
      vertex 3.95607 4.51104 3.1
      vertex 5.02228 6.54516 3.1
    endloop
  endfacet
  facet normal 0 0 -1
    outer loop
      vertex 3.65257 4.76012 3.1
      vertex 5.02228 6.54516 3.1
      vertex 3.95607 4.51104 3.1
    endloop
  endfacet
  facet normal -0 0 -1
    outer loop
      vertex 5.02228 6.54516 3.1
      vertex 3.65257 4.76012 3.1
      vertex 4.58345 6.85962 3.1
    endloop
  endfacet
  facet normal 0 0 -1
    outer loop
      vertex 3.33342 4.98882 3.1
      vertex 4.58345 6.85962 3.1
      vertex 3.65257 4.76012 3.1
    endloop
  endfacet
  facet normal -0 0 -1
    outer loop
      vertex 4.58345 6.85962 3.1
      vertex 3.33342 4.98882 3.1
      vertex 4.125 7.14471 3.1
    endloop
  endfacet
  facet normal 0 0 -1
    outer loop
      vertex 3 5.19615 3.1
      vertex 4.125 7.14471 3.1
      vertex 3.33342 4.98882 3.1
    endloop
  endfacet
  facet normal -0 0 -1
    outer loop
      vertex 4.125 7.14471 3.1
      vertex 3 5.19615 3.1
      vertex 3.64888 7.3992 3.1
    endloop
  endfacet
  facet normal 0 0 -1
    outer loop
      vertex 2.65373 5.38124 3.1
      vertex 3.64888 7.3992 3.1
      vertex 3 5.19615 3.1
    endloop
  endfacet
  facet normal -0 0 -1
    outer loop
      vertex 3.64888 7.3992 3.1
      vertex 2.65373 5.38124 3.1
      vertex 3.15714 7.62201 3.1
    endloop
  endfacet
  facet normal 0 0 -1
    outer loop
      vertex 2.2961 5.54328 3.1
      vertex 3.15714 7.62201 3.1
      vertex 2.65373 5.38124 3.1
    endloop
  endfacet
  facet normal -0 0 -1
    outer loop
      vertex 3.15714 7.62201 3.1
      vertex 2.2961 5.54328 3.1
      vertex 2.65188 7.81217 3.1
    endloop
  endfacet
  facet normal 0 0 -1
    outer loop
      vertex 1.92864 5.68158 3.1
      vertex 2.65188 7.81217 3.1
      vertex 2.2961 5.54328 3.1
    endloop
  endfacet
  facet normal -0 0 -1
    outer loop
      vertex 2.65188 7.81217 3.1
      vertex 1.92864 5.68158 3.1
      vertex 2.13526 7.96889 3.1
    endloop
  endfacet
  facet normal 0 0 -1
    outer loop
      vertex 1.55291 5.79555 3.1
      vertex 2.13526 7.96889 3.1
      vertex 1.92864 5.68158 3.1
    endloop
  endfacet
  facet normal -0 0 -1
    outer loop
      vertex 2.13526 7.96889 3.1
      vertex 1.55291 5.79555 3.1
      vertex 1.60949 8.09148 3.1
    endloop
  endfacet
  facet normal 0 0 -1
    outer loop
      vertex 1.17054 5.88471 3.1
      vertex 1.60949 8.09148 3.1
      vertex 1.55291 5.79555 3.1
    endloop
  endfacet
  facet normal 0 0 -1
    outer loop
      vertex 1.17054 5.88471 3.1
      vertex 1.07684 8.17942 3.1
      vertex 1.60949 8.09148 3.1
    endloop
  endfacet
  facet normal 0 0 -1
    outer loop
      vertex 0.783156 5.94867 3.1
      vertex 1.07684 8.17942 3.1
      vertex 1.17054 5.88471 3.1
    endloop
  endfacet
  facet normal 0 0 -1
    outer loop
      vertex 0.783156 5.94867 3.1
      vertex 0.539576 8.23234 3.1
      vertex 1.07684 8.17942 3.1
    endloop
  endfacet
  facet normal 0 0 -1
    outer loop
      vertex 0.392418 5.98715 3.1
      vertex 0.539576 8.23234 3.1
      vertex 0.783156 5.94867 3.1
    endloop
  endfacet
  facet normal 0 0 -1
    outer loop
      vertex 0 6 3.1
      vertex 0.539576 8.23234 3.1
      vertex 0.392418 5.98715 3.1
    endloop
  endfacet
  facet normal 0 0 -1
    outer loop
      vertex 0 6 3.1
      vertex 0 8.25 3.1
      vertex 0.539576 8.23234 3.1
    endloop
  endfacet
  facet normal 0 0 -1
    outer loop
      vertex -0.392418 5.98715 3.1
      vertex 0 8.25 3.1
      vertex 0 6 3.1
    endloop
  endfacet
  facet normal 0 0 -1
    outer loop
      vertex -0.392418 5.98715 3.1
      vertex -0.539576 8.23234 3.1
      vertex 0 8.25 3.1
    endloop
  endfacet
  facet normal 0 0 -1
    outer loop
      vertex -0.783156 5.94867 3.1
      vertex -0.539576 8.23234 3.1
      vertex -0.392418 5.98715 3.1
    endloop
  endfacet
  facet normal 0 0 -1
    outer loop
      vertex -0.783156 5.94867 3.1
      vertex -1.07684 8.17942 3.1
      vertex -0.539576 8.23234 3.1
    endloop
  endfacet
  facet normal 0 0 -1
    outer loop
      vertex -1.17054 5.88471 3.1
      vertex -1.07684 8.17942 3.1
      vertex -0.783156 5.94867 3.1
    endloop
  endfacet
  facet normal 0 0 -1
    outer loop
      vertex -1.60949 8.09148 3.1
      vertex -1.17054 5.88471 3.1
      vertex -1.55291 5.79555 3.1
    endloop
  endfacet
  facet normal 0 0 -1
    outer loop
      vertex -1.17054 5.88471 3.1
      vertex -1.60949 8.09148 3.1
      vertex -1.07684 8.17942 3.1
    endloop
  endfacet
  facet normal 0 0 -1
    outer loop
      vertex -2.13526 7.96889 3.1
      vertex -1.55291 5.79555 3.1
      vertex -1.92864 5.68158 3.1
    endloop
  endfacet
  facet normal 0 0 -1
    outer loop
      vertex -1.55291 5.79555 3.1
      vertex -2.13526 7.96889 3.1
      vertex -1.60949 8.09148 3.1
    endloop
  endfacet
  facet normal 0 0 -1
    outer loop
      vertex -2.65188 7.81217 3.1
      vertex -1.92864 5.68158 3.1
      vertex -2.2961 5.54328 3.1
    endloop
  endfacet
  facet normal 0 0 -1
    outer loop
      vertex -1.92864 5.68158 3.1
      vertex -2.65188 7.81217 3.1
      vertex -2.13526 7.96889 3.1
    endloop
  endfacet
  facet normal 0 0 -1
    outer loop
      vertex -3.15714 7.62201 3.1
      vertex -2.2961 5.54328 3.1
      vertex -2.65373 5.38124 3.1
    endloop
  endfacet
  facet normal 0 0 -1
    outer loop
      vertex -3.64888 7.3992 3.1
      vertex -2.65373 5.38124 3.1
      vertex -3 5.19615 3.1
    endloop
  endfacet
  facet normal 0 0 -1
    outer loop
      vertex -2.2961 5.54328 3.1
      vertex -3.15714 7.62201 3.1
      vertex -2.65188 7.81217 3.1
    endloop
  endfacet
  facet normal 0 0 -1
    outer loop
      vertex -4.125 7.14471 3.1
      vertex -3 5.19615 3.1
      vertex -3.33342 4.98882 3.1
    endloop
  endfacet
  facet normal 0 0 -1
    outer loop
      vertex -2.65373 5.38124 3.1
      vertex -3.64888 7.3992 3.1
      vertex -3.15714 7.62201 3.1
    endloop
  endfacet
  facet normal 0 0 -1
    outer loop
      vertex -4.58345 6.85962 3.1
      vertex -3.33342 4.98882 3.1
      vertex -3.65257 4.76012 3.1
    endloop
  endfacet
  facet normal 0 0 -1
    outer loop
      vertex -5.02228 6.54516 3.1
      vertex -3.65257 4.76012 3.1
      vertex -3.95607 4.51104 3.1
    endloop
  endfacet
  facet normal 0 0 -1
    outer loop
      vertex -3 5.19615 3.1
      vertex -4.125 7.14471 3.1
      vertex -3.64888 7.3992 3.1
    endloop
  endfacet
  facet normal 0 0 -1
    outer loop
      vertex -5.4396 6.20268 3.1
      vertex -3.95607 4.51104 3.1
      vertex -4.24264 4.24264 3.1
    endloop
  endfacet
  facet normal 0 0 -1
    outer loop
      vertex -5.83363 5.83363 3.1
      vertex -4.24264 4.24264 3.1
      vertex -4.51104 3.95607 3.1
    endloop
  endfacet
  facet normal 0 0 -1
    outer loop
      vertex -3.33342 4.98882 3.1
      vertex -4.58345 6.85962 3.1
      vertex -4.125 7.14471 3.1
    endloop
  endfacet
  facet normal 0 0 -1
    outer loop
      vertex -6.20268 5.4396 3.1
      vertex -4.51104 3.95607 3.1
      vertex -4.76012 3.65257 3.1
    endloop
  endfacet
  facet normal 0 0 -1
    outer loop
      vertex -6.54516 5.02228 3.1
      vertex -4.76012 3.65257 3.1
      vertex -4.98882 3.33342 3.1
    endloop
  endfacet
  facet normal 0 0 -1
    outer loop
      vertex -3.65257 4.76012 3.1
      vertex -5.02228 6.54516 3.1
      vertex -4.58345 6.85962 3.1
    endloop
  endfacet
  facet normal 0 0 -1
    outer loop
      vertex -6.85962 4.58345 3.1
      vertex -4.98882 3.33342 3.1
      vertex -5.19615 3 3.1
    endloop
  endfacet
  facet normal 0 0 -1
    outer loop
      vertex -7.14471 4.125 3.1
      vertex -5.19615 3 3.1
      vertex -5.38124 2.65373 3.1
    endloop
  endfacet
  facet normal 0 0 -1
    outer loop
      vertex -3.95607 4.51104 3.1
      vertex -5.4396 6.20268 3.1
      vertex -5.02228 6.54516 3.1
    endloop
  endfacet
  facet normal 0 0 -1
    outer loop
      vertex -7.3992 3.64888 3.1
      vertex -5.38124 2.65373 3.1
      vertex -5.54328 2.2961 3.1
    endloop
  endfacet
  facet normal 0 0 -1
    outer loop
      vertex -7.62201 3.15714 3.1
      vertex -5.54328 2.2961 3.1
      vertex -5.68158 1.92864 3.1
    endloop
  endfacet
  facet normal 0 0 -1
    outer loop
      vertex -7.81217 2.65188 3.1
      vertex -5.68158 1.92864 3.1
      vertex -5.79555 1.55291 3.1
    endloop
  endfacet
  facet normal 0 0 -1
    outer loop
      vertex -4.24264 4.24264 3.1
      vertex -5.83363 5.83363 3.1
      vertex -5.4396 6.20268 3.1
    endloop
  endfacet
  facet normal 0 0 -1
    outer loop
      vertex -7.96889 2.13526 3.1
      vertex -5.79555 1.55291 3.1
      vertex -5.88471 1.17054 3.1
    endloop
  endfacet
  facet normal 0 0 -1
    outer loop
      vertex -8.09148 1.60949 3.1
      vertex -5.88471 1.17054 3.1
      vertex -5.94867 0.783156 3.1
    endloop
  endfacet
  facet normal 0 0 -1
    outer loop
      vertex -8.17942 1.07684 3.1
      vertex -5.94867 0.783156 3.1
      vertex -5.98715 0.392418 3.1
    endloop
  endfacet
  facet normal 0 0 -1
    outer loop
      vertex -8.23234 0.539576 3.1
      vertex -5.98715 0.392418 3.1
      vertex -6 0 3.1
    endloop
  endfacet
  facet normal 0 0 -1
    outer loop
      vertex -7.81217 -2.65188 3.1
      vertex -5.68158 -1.92864 3.1
      vertex -7.62201 -3.15714 3.1
    endloop
  endfacet
  facet normal 0 0 -1
    outer loop
      vertex -4.51104 3.95607 3.1
      vertex -6.20268 5.4396 3.1
      vertex -5.83363 5.83363 3.1
    endloop
  endfacet
  facet normal -0 0 -1
    outer loop
      vertex -5.68158 -1.92864 3.1
      vertex -7.81217 -2.65188 3.1
      vertex -5.79555 -1.55291 3.1
    endloop
  endfacet
  facet normal 0 0 -1
    outer loop
      vertex -4.76012 3.65257 3.1
      vertex -6.54516 5.02228 3.1
      vertex -6.20268 5.4396 3.1
    endloop
  endfacet
  facet normal 0 0 -1
    outer loop
      vertex -7.96889 -2.13526 3.1
      vertex -5.79555 -1.55291 3.1
      vertex -7.81217 -2.65188 3.1
    endloop
  endfacet
  facet normal 0 0 -1
    outer loop
      vertex -4.98882 3.33342 3.1
      vertex -6.85962 4.58345 3.1
      vertex -6.54516 5.02228 3.1
    endloop
  endfacet
  facet normal -0 0 -1
    outer loop
      vertex -5.79555 -1.55291 3.1
      vertex -7.96889 -2.13526 3.1
      vertex -5.88471 -1.17054 3.1
    endloop
  endfacet
  facet normal 0 0 -1
    outer loop
      vertex -5.19615 3 3.1
      vertex -7.14471 4.125 3.1
      vertex -6.85962 4.58345 3.1
    endloop
  endfacet
  facet normal 0 0 -1
    outer loop
      vertex -8.09148 -1.60949 3.1
      vertex -5.88471 -1.17054 3.1
      vertex -7.96889 -2.13526 3.1
    endloop
  endfacet
  facet normal 0 0 -1
    outer loop
      vertex -5.38124 2.65373 3.1
      vertex -7.3992 3.64888 3.1
      vertex -7.14471 4.125 3.1
    endloop
  endfacet
  facet normal -0 0 -1
    outer loop
      vertex -5.88471 -1.17054 3.1
      vertex -8.09148 -1.60949 3.1
      vertex -5.94867 -0.783156 3.1
    endloop
  endfacet
  facet normal 0 0 -1
    outer loop
      vertex -5.54328 2.2961 3.1
      vertex -7.62201 3.15714 3.1
      vertex -7.3992 3.64888 3.1
    endloop
  endfacet
  facet normal 0 0 -1
    outer loop
      vertex -8.17942 -1.07684 3.1
      vertex -5.94867 -0.783156 3.1
      vertex -8.09148 -1.60949 3.1
    endloop
  endfacet
  facet normal 0 0 -1
    outer loop
      vertex -5.68158 1.92864 3.1
      vertex -7.81217 2.65188 3.1
      vertex -7.62201 3.15714 3.1
    endloop
  endfacet
  facet normal -0 0 -1
    outer loop
      vertex -5.94867 -0.783156 3.1
      vertex -8.17942 -1.07684 3.1
      vertex -5.98715 -0.392418 3.1
    endloop
  endfacet
  facet normal 0 0 -1
    outer loop
      vertex -5.79555 1.55291 3.1
      vertex -7.96889 2.13526 3.1
      vertex -7.81217 2.65188 3.1
    endloop
  endfacet
  facet normal 0 0 -1
    outer loop
      vertex -8.23234 -0.539576 3.1
      vertex -5.98715 -0.392418 3.1
      vertex -8.17942 -1.07684 3.1
    endloop
  endfacet
  facet normal 0 0 -1
    outer loop
      vertex -5.88471 1.17054 3.1
      vertex -8.09148 1.60949 3.1
      vertex -7.96889 2.13526 3.1
    endloop
  endfacet
  facet normal -0 0 -1
    outer loop
      vertex -5.98715 -0.392418 3.1
      vertex -8.23234 -0.539576 3.1
      vertex -6 0 3.1
    endloop
  endfacet
  facet normal 0 0 -1
    outer loop
      vertex -5.94867 0.783156 3.1
      vertex -8.17942 1.07684 3.1
      vertex -8.09148 1.60949 3.1
    endloop
  endfacet
  facet normal 0 0 -1
    outer loop
      vertex -8.25 0 3.1
      vertex -6 0 3.1
      vertex -8.23234 -0.539576 3.1
    endloop
  endfacet
  facet normal 0 0 -1
    outer loop
      vertex -5.98715 0.392418 3.1
      vertex -8.23234 0.539576 3.1
      vertex -8.17942 1.07684 3.1
    endloop
  endfacet
  facet normal 0 0 -1
    outer loop
      vertex -6 0 3.1
      vertex -8.25 0 3.1
      vertex -8.23234 0.539576 3.1
    endloop
  endfacet
  facet normal 0.528078 -0.849196 0
    outer loop
      vertex -4.58345 6.85962 0
      vertex -4.125 7.14471 3.1
      vertex -4.58345 6.85962 3.1
    endloop
  endfacet
  facet normal 0.528078 -0.849196 0
    outer loop
      vertex -4.125 7.14471 3.1
      vertex -4.58345 6.85962 0
      vertex -4.125 7.14471 0
    endloop
  endfacet
  facet normal 0.412715 -0.91086 0
    outer loop
      vertex -3.64888 7.3992 0
      vertex -3.15714 7.62201 3.1
      vertex -3.64888 7.3992 3.1
    endloop
  endfacet
  facet normal 0.412715 -0.91086 0
    outer loop
      vertex -3.15714 7.62201 3.1
      vertex -3.64888 7.3992 0
      vertex -3.15714 7.62201 0
    endloop
  endfacet
  facet normal 0.634387 -0.773016 0
    outer loop
      vertex -5.4396 6.20268 0
      vertex -5.02228 6.54516 3.1
      vertex -5.4396 6.20268 3.1
    endloop
  endfacet
  facet normal 0.634387 -0.773016 0
    outer loop
      vertex -5.02228 6.54516 3.1
      vertex -5.4396 6.20268 0
      vertex -5.02228 6.54516 0
    endloop
  endfacet
  facet normal 0.0327119 -0.999465 0
    outer loop
      vertex -0.539576 8.23234 0
      vertex 0 8.25 3.1
      vertex -0.539576 8.23234 3.1
    endloop
  endfacet
  facet normal 0.0327119 -0.999465 0
    outer loop
      vertex 0 8.25 3.1
      vertex -0.539576 8.23234 0
      vertex 0 8.25 0
    endloop
  endfacet
  facet normal -0.0327119 0.999465 0
    outer loop
      vertex 0.539576 -8.23234 0
      vertex 0 -8.25 3.1
      vertex 0.539576 -8.23234 3.1
    endloop
  endfacet
  facet normal -0.0327119 0.999465 0
    outer loop
      vertex 0 -8.25 3.1
      vertex 0.539576 -8.23234 0
      vertex 0 -8.25 0
    endloop
  endfacet
  facet normal -0.412715 0.91086 0
    outer loop
      vertex 3.64888 -7.3992 0
      vertex 3.15714 -7.62201 3.1
      vertex 3.64888 -7.3992 3.1
    endloop
  endfacet
  facet normal -0.412715 0.91086 0
    outer loop
      vertex 3.15714 -7.62201 3.1
      vertex 3.64888 -7.3992 0
      vertex 3.15714 -7.62201 0
    endloop
  endfacet
  facet normal -0.729863 0.683593 0
    outer loop
      vertex 5.83363 -5.83363 0
      vertex 6.20268 -5.4396 3.1
      vertex 6.20268 -5.4396 0
    endloop
  endfacet
  facet normal -0.729863 0.683593 0
    outer loop
      vertex 6.20268 -5.4396 3.1
      vertex 5.83363 -5.83363 0
      vertex 5.83363 -5.83363 3.1
    endloop
  endfacet
  facet normal -0.986644 0.162894 0
    outer loop
      vertex 8.09148 -1.60949 0
      vertex 8.17942 -1.07684 3.1
      vertex 8.17942 -1.07684 0
    endloop
  endfacet
  facet normal -0.986644 0.162894 0
    outer loop
      vertex 8.17942 -1.07684 3.1
      vertex 8.09148 -1.60949 0
      vertex 8.09148 -1.60949 3.1
    endloop
  endfacet
  facet normal 0.683593 0.729863 -0
    outer loop
      vertex -5.4396 -6.20268 0
      vertex -5.83363 -5.83363 3.1
      vertex -5.4396 -6.20268 3.1
    endloop
  endfacet
  facet normal 0.683593 0.729863 0
    outer loop
      vertex -5.83363 -5.83363 3.1
      vertex -5.4396 -6.20268 0
      vertex -5.83363 -5.83363 0
    endloop
  endfacet
  facet normal 0.91086 0.412715 0
    outer loop
      vertex -7.3992 -3.64888 3.1
      vertex -7.62201 -3.15714 0
      vertex -7.62201 -3.15714 3.1
    endloop
  endfacet
  facet normal 0.91086 0.412715 0
    outer loop
      vertex -7.62201 -3.15714 0
      vertex -7.3992 -3.64888 3.1
      vertex -7.3992 -3.64888 0
    endloop
  endfacet
  facet normal 0.986644 0.162894 0
    outer loop
      vertex -8.09148 -1.60949 3.1
      vertex -8.17942 -1.07684 0
      vertex -8.17942 -1.07684 3.1
    endloop
  endfacet
  facet normal 0.986644 0.162894 0
    outer loop
      vertex -8.17942 -1.07684 0
      vertex -8.09148 -1.60949 3.1
      vertex -8.09148 -1.60949 0
    endloop
  endfacet
  facet normal 0.999465 0.0327119 0
    outer loop
      vertex -8.23234 -0.539576 3.1
      vertex -8.25 0 0
      vertex -8.25 0 3.1
    endloop
  endfacet
  facet normal 0.999465 0.0327119 0
    outer loop
      vertex -8.25 0 0
      vertex -8.23234 -0.539576 3.1
      vertex -8.23234 -0.539576 0
    endloop
  endfacet
  facet normal -0.956938 -0.290293 0
    outer loop
      vertex 7.96889 2.13526 0
      vertex 7.81217 2.65188 3.1
      vertex 7.81217 2.65188 0
    endloop
  endfacet
  facet normal -0.956938 -0.290293 0
    outer loop
      vertex 7.81217 2.65188 3.1
      vertex 7.96889 2.13526 0
      vertex 7.96889 2.13526 3.1
    endloop
  endfacet
  facet normal -0.812848 -0.582476 0
    outer loop
      vertex 6.85962 4.58345 0
      vertex 6.54516 5.02228 3.1
      vertex 6.54516 5.02228 0
    endloop
  endfacet
  facet normal -0.812848 -0.582476 0
    outer loop
      vertex 6.54516 5.02228 3.1
      vertex 6.85962 4.58345 0
      vertex 6.85962 4.58345 3.1
    endloop
  endfacet
  facet normal -0.849196 -0.528078 0
    outer loop
      vertex 7.14471 4.125 0
      vertex 6.85962 4.58345 3.1
      vertex 6.85962 4.58345 0
    endloop
  endfacet
  facet normal -0.849196 -0.528078 0
    outer loop
      vertex 6.85962 4.58345 3.1
      vertex 7.14471 4.125 0
      vertex 7.14471 4.125 3.1
    endloop
  endfacet
  facet normal -0.881922 -0.471395 0
    outer loop
      vertex 7.3992 3.64888 0
      vertex 7.14471 4.125 3.1
      vertex 7.14471 4.125 0
    endloop
  endfacet
  facet normal -0.881922 -0.471395 0
    outer loop
      vertex 7.14471 4.125 3.1
      vertex 7.3992 3.64888 0
      vertex 7.3992 3.64888 3.1
    endloop
  endfacet
  facet normal -0.290293 -0.956938 0
    outer loop
      vertex 2.13526 7.96889 0
      vertex 2.65188 7.81217 3.1
      vertex 2.13526 7.96889 3.1
    endloop
  endfacet
  facet normal -0.290293 -0.956938 -0
    outer loop
      vertex 2.65188 7.81217 3.1
      vertex 2.13526 7.96889 0
      vertex 2.65188 7.81217 0
    endloop
  endfacet
  facet normal -0.162894 -0.986644 0
    outer loop
      vertex 1.07684 8.17942 0
      vertex 1.60949 8.09148 3.1
      vertex 1.07684 8.17942 3.1
    endloop
  endfacet
  facet normal -0.162894 -0.986644 -0
    outer loop
      vertex 1.60949 8.09148 3.1
      vertex 1.07684 8.17942 0
      vertex 1.60949 8.09148 0
    endloop
  endfacet
  facet normal -0.0980247 -0.995184 0
    outer loop
      vertex 0.539576 8.23234 0
      vertex 1.07684 8.17942 3.1
      vertex 0.539576 8.23234 3.1
    endloop
  endfacet
  facet normal -0.0980247 -0.995184 -0
    outer loop
      vertex 1.07684 8.17942 3.1
      vertex 0.539576 8.23234 0
      vertex 1.07684 8.17942 0
    endloop
  endfacet
  facet normal -0.528078 -0.849196 0
    outer loop
      vertex 4.125 7.14471 0
      vertex 4.58345 6.85962 3.1
      vertex 4.125 7.14471 3.1
    endloop
  endfacet
  facet normal -0.528078 -0.849196 -0
    outer loop
      vertex 4.58345 6.85962 3.1
      vertex 4.125 7.14471 0
      vertex 4.58345 6.85962 0
    endloop
  endfacet
  facet normal -0.582476 -0.812848 0
    outer loop
      vertex 4.58345 6.85962 0
      vertex 5.02228 6.54516 3.1
      vertex 4.58345 6.85962 3.1
    endloop
  endfacet
  facet normal -0.582476 -0.812848 -0
    outer loop
      vertex 5.02228 6.54516 3.1
      vertex 4.58345 6.85962 0
      vertex 5.02228 6.54516 0
    endloop
  endfacet
  facet normal -0.634387 -0.773016 0
    outer loop
      vertex 5.02228 6.54516 0
      vertex 5.4396 6.20268 3.1
      vertex 5.02228 6.54516 3.1
    endloop
  endfacet
  facet normal -0.634387 -0.773016 -0
    outer loop
      vertex 5.4396 6.20268 3.1
      vertex 5.02228 6.54516 0
      vertex 5.4396 6.20268 0
    endloop
  endfacet
  facet normal 0.881922 -0.471395 0
    outer loop
      vertex -7.3992 3.64888 3.1
      vertex -7.14471 4.125 0
      vertex -7.14471 4.125 3.1
    endloop
  endfacet
  facet normal 0.881922 -0.471395 0
    outer loop
      vertex -7.14471 4.125 0
      vertex -7.3992 3.64888 3.1
      vertex -7.3992 3.64888 0
    endloop
  endfacet
  facet normal 0.956938 -0.290293 0
    outer loop
      vertex -7.96889 2.13526 3.1
      vertex -7.81217 2.65188 0
      vertex -7.81217 2.65188 3.1
    endloop
  endfacet
  facet normal 0.956938 -0.290293 0
    outer loop
      vertex -7.81217 2.65188 0
      vertex -7.96889 2.13526 3.1
      vertex -7.96889 2.13526 0
    endloop
  endfacet
  facet normal 0.986644 -0.162894 0
    outer loop
      vertex -8.17942 1.07684 3.1
      vertex -8.09148 1.60949 0
      vertex -8.09148 1.60949 3.1
    endloop
  endfacet
  facet normal 0.986644 -0.162894 0
    outer loop
      vertex -8.09148 1.60949 0
      vertex -8.17942 1.07684 3.1
      vertex -8.17942 1.07684 0
    endloop
  endfacet
  facet normal 0.995184 -0.0980247 0
    outer loop
      vertex -8.23234 0.539576 3.1
      vertex -8.17942 1.07684 0
      vertex -8.17942 1.07684 3.1
    endloop
  endfacet
  facet normal 0.995184 -0.0980247 0
    outer loop
      vertex -8.17942 1.07684 0
      vertex -8.23234 0.539576 3.1
      vertex -8.23234 0.539576 0
    endloop
  endfacet
  facet normal 0.471395 -0.881922 0
    outer loop
      vertex -4.125 7.14471 0
      vertex -3.64888 7.3992 3.1
      vertex -4.125 7.14471 3.1
    endloop
  endfacet
  facet normal 0.471395 -0.881922 0
    outer loop
      vertex -3.64888 7.3992 3.1
      vertex -4.125 7.14471 0
      vertex -3.64888 7.3992 0
    endloop
  endfacet
  facet normal 0.582476 -0.812848 0
    outer loop
      vertex -5.02228 6.54516 0
      vertex -4.58345 6.85962 3.1
      vertex -5.02228 6.54516 3.1
    endloop
  endfacet
  facet normal 0.582476 -0.812848 0
    outer loop
      vertex -4.58345 6.85962 3.1
      vertex -5.02228 6.54516 0
      vertex -4.58345 6.85962 0
    endloop
  endfacet
  facet normal 0.227072 -0.973878 0
    outer loop
      vertex -2.13526 7.96889 0
      vertex -1.60949 8.09148 3.1
      vertex -2.13526 7.96889 3.1
    endloop
  endfacet
  facet normal 0.227072 -0.973878 0
    outer loop
      vertex -1.60949 8.09148 3.1
      vertex -2.13526 7.96889 0
      vertex -1.60949 8.09148 0
    endloop
  endfacet
  facet normal 0.290293 -0.956938 0
    outer loop
      vertex -2.65188 7.81217 0
      vertex -2.13526 7.96889 3.1
      vertex -2.65188 7.81217 3.1
    endloop
  endfacet
  facet normal 0.290293 -0.956938 0
    outer loop
      vertex -2.13526 7.96889 3.1
      vertex -2.65188 7.81217 0
      vertex -2.13526 7.96889 0
    endloop
  endfacet
  facet normal 0.162894 -0.986644 0
    outer loop
      vertex -1.60949 8.09148 0
      vertex -1.07684 8.17942 3.1
      vertex -1.60949 8.09148 3.1
    endloop
  endfacet
  facet normal 0.162894 -0.986644 0
    outer loop
      vertex -1.07684 8.17942 3.1
      vertex -1.60949 8.09148 0
      vertex -1.07684 8.17942 0
    endloop
  endfacet
  facet normal -0.999465 0.0327119 0
    outer loop
      vertex 8.23234 -0.539576 0
      vertex 8.25 0 3.1
      vertex 8.25 0 0
    endloop
  endfacet
  facet normal -0.999465 0.0327119 0
    outer loop
      vertex 8.25 0 3.1
      vertex 8.23234 -0.539576 0
      vertex 8.23234 -0.539576 3.1
    endloop
  endfacet
  facet normal -0.0980247 0.995184 0
    outer loop
      vertex 1.07684 -8.17942 0
      vertex 0.539576 -8.23234 3.1
      vertex 1.07684 -8.17942 3.1
    endloop
  endfacet
  facet normal -0.0980247 0.995184 0
    outer loop
      vertex 0.539576 -8.23234 3.1
      vertex 1.07684 -8.17942 0
      vertex 0.539576 -8.23234 0
    endloop
  endfacet
  facet normal -0.35224 0.93591 0
    outer loop
      vertex 3.15714 -7.62201 0
      vertex 2.65188 -7.81217 3.1
      vertex 3.15714 -7.62201 3.1
    endloop
  endfacet
  facet normal -0.35224 0.93591 0
    outer loop
      vertex 2.65188 -7.81217 3.1
      vertex 3.15714 -7.62201 0
      vertex 2.65188 -7.81217 0
    endloop
  endfacet
  facet normal -0.582476 0.812848 0
    outer loop
      vertex 5.02228 -6.54516 0
      vertex 4.58345 -6.85962 3.1
      vertex 5.02228 -6.54516 3.1
    endloop
  endfacet
  facet normal -0.582476 0.812848 0
    outer loop
      vertex 4.58345 -6.85962 3.1
      vertex 5.02228 -6.54516 0
      vertex 4.58345 -6.85962 0
    endloop
  endfacet
  facet normal -0.471395 0.881922 0
    outer loop
      vertex 4.125 -7.14471 0
      vertex 3.64888 -7.3992 3.1
      vertex 4.125 -7.14471 3.1
    endloop
  endfacet
  facet normal -0.471395 0.881922 0
    outer loop
      vertex 3.64888 -7.3992 3.1
      vertex 4.125 -7.14471 0
      vertex 3.64888 -7.3992 0
    endloop
  endfacet
  facet normal -0.773016 0.634387 0
    outer loop
      vertex 6.20268 -5.4396 0
      vertex 6.54516 -5.02228 3.1
      vertex 6.54516 -5.02228 0
    endloop
  endfacet
  facet normal -0.773016 0.634387 0
    outer loop
      vertex 6.54516 -5.02228 3.1
      vertex 6.20268 -5.4396 0
      vertex 6.20268 -5.4396 3.1
    endloop
  endfacet
  facet normal -0.91086 0.412715 0
    outer loop
      vertex 7.3992 -3.64888 0
      vertex 7.62201 -3.15714 3.1
      vertex 7.62201 -3.15714 0
    endloop
  endfacet
  facet normal -0.91086 0.412715 0
    outer loop
      vertex 7.62201 -3.15714 3.1
      vertex 7.3992 -3.64888 0
      vertex 7.3992 -3.64888 3.1
    endloop
  endfacet
  facet normal -0.93591 0.35224 0
    outer loop
      vertex 7.62201 -3.15714 0
      vertex 7.81217 -2.65188 3.1
      vertex 7.81217 -2.65188 0
    endloop
  endfacet
  facet normal -0.93591 0.35224 0
    outer loop
      vertex 7.81217 -2.65188 3.1
      vertex 7.62201 -3.15714 0
      vertex 7.62201 -3.15714 3.1
    endloop
  endfacet
  facet normal -0.956938 0.290293 0
    outer loop
      vertex 7.81217 -2.65188 0
      vertex 7.96889 -2.13526 3.1
      vertex 7.96889 -2.13526 0
    endloop
  endfacet
  facet normal -0.956938 0.290293 0
    outer loop
      vertex 7.96889 -2.13526 3.1
      vertex 7.81217 -2.65188 0
      vertex 7.81217 -2.65188 3.1
    endloop
  endfacet
  facet normal 0.634387 0.773016 -0
    outer loop
      vertex -5.02228 -6.54516 0
      vertex -5.4396 -6.20268 3.1
      vertex -5.02228 -6.54516 3.1
    endloop
  endfacet
  facet normal 0.634387 0.773016 0
    outer loop
      vertex -5.4396 -6.20268 3.1
      vertex -5.02228 -6.54516 0
      vertex -5.4396 -6.20268 0
    endloop
  endfacet
  facet normal 0.412715 0.91086 -0
    outer loop
      vertex -3.15714 -7.62201 0
      vertex -3.64888 -7.3992 3.1
      vertex -3.15714 -7.62201 3.1
    endloop
  endfacet
  facet normal 0.412715 0.91086 0
    outer loop
      vertex -3.64888 -7.3992 3.1
      vertex -3.15714 -7.62201 0
      vertex -3.64888 -7.3992 0
    endloop
  endfacet
  facet normal 0.528078 0.849196 -0
    outer loop
      vertex -4.125 -7.14471 0
      vertex -4.58345 -6.85962 3.1
      vertex -4.125 -7.14471 3.1
    endloop
  endfacet
  facet normal 0.528078 0.849196 0
    outer loop
      vertex -4.58345 -6.85962 3.1
      vertex -4.125 -7.14471 0
      vertex -4.58345 -6.85962 0
    endloop
  endfacet
  facet normal 0.290293 0.956938 -0
    outer loop
      vertex -2.13526 -7.96889 0
      vertex -2.65188 -7.81217 3.1
      vertex -2.13526 -7.96889 3.1
    endloop
  endfacet
  facet normal 0.290293 0.956938 0
    outer loop
      vertex -2.65188 -7.81217 3.1
      vertex -2.13526 -7.96889 0
      vertex -2.65188 -7.81217 0
    endloop
  endfacet
  facet normal 0.162894 0.986644 -0
    outer loop
      vertex -1.07684 -8.17942 0
      vertex -1.60949 -8.09148 3.1
      vertex -1.07684 -8.17942 3.1
    endloop
  endfacet
  facet normal 0.162894 0.986644 0
    outer loop
      vertex -1.60949 -8.09148 3.1
      vertex -1.07684 -8.17942 0
      vertex -1.60949 -8.09148 0
    endloop
  endfacet
  facet normal 0.0327119 0.999465 -0
    outer loop
      vertex 0 -8.25 0
      vertex -0.539576 -8.23234 3.1
      vertex 0 -8.25 3.1
    endloop
  endfacet
  facet normal 0.0327119 0.999465 0
    outer loop
      vertex -0.539576 -8.23234 3.1
      vertex 0 -8.25 0
      vertex -0.539576 -8.23234 0
    endloop
  endfacet
  facet normal 0.812848 0.582476 0
    outer loop
      vertex -6.54516 -5.02228 3.1
      vertex -6.85962 -4.58345 0
      vertex -6.85962 -4.58345 3.1
    endloop
  endfacet
  facet normal 0.812848 0.582476 0
    outer loop
      vertex -6.85962 -4.58345 0
      vertex -6.54516 -5.02228 3.1
      vertex -6.54516 -5.02228 0
    endloop
  endfacet
  facet normal 0.849196 0.528078 0
    outer loop
      vertex -6.85962 -4.58345 3.1
      vertex -7.14471 -4.125 0
      vertex -7.14471 -4.125 3.1
    endloop
  endfacet
  facet normal 0.849196 0.528078 0
    outer loop
      vertex -7.14471 -4.125 0
      vertex -6.85962 -4.58345 3.1
      vertex -6.85962 -4.58345 0
    endloop
  endfacet
  facet normal 0.881922 0.471395 0
    outer loop
      vertex -7.14471 -4.125 3.1
      vertex -7.3992 -3.64888 0
      vertex -7.3992 -3.64888 3.1
    endloop
  endfacet
  facet normal 0.881922 0.471395 0
    outer loop
      vertex -7.3992 -3.64888 0
      vertex -7.14471 -4.125 3.1
      vertex -7.14471 -4.125 0
    endloop
  endfacet
  facet normal 0.93591 0.35224 0
    outer loop
      vertex -7.62201 -3.15714 3.1
      vertex -7.81217 -2.65188 0
      vertex -7.81217 -2.65188 3.1
    endloop
  endfacet
  facet normal 0.93591 0.35224 0
    outer loop
      vertex -7.81217 -2.65188 0
      vertex -7.62201 -3.15714 3.1
      vertex -7.62201 -3.15714 0
    endloop
  endfacet
  facet normal 0.973878 0.227072 0
    outer loop
      vertex -7.96889 -2.13526 3.1
      vertex -8.09148 -1.60949 0
      vertex -8.09148 -1.60949 3.1
    endloop
  endfacet
  facet normal 0.973878 0.227072 0
    outer loop
      vertex -8.09148 -1.60949 0
      vertex -7.96889 -2.13526 3.1
      vertex -7.96889 -2.13526 0
    endloop
  endfacet
  facet normal 0.956938 0.290293 0
    outer loop
      vertex -7.81217 -2.65188 3.1
      vertex -7.96889 -2.13526 0
      vertex -7.96889 -2.13526 3.1
    endloop
  endfacet
  facet normal 0.956938 0.290293 0
    outer loop
      vertex -7.96889 -2.13526 0
      vertex -7.81217 -2.65188 3.1
      vertex -7.81217 -2.65188 0
    endloop
  endfacet
  facet normal 0.995184 0.0980247 0
    outer loop
      vertex -8.17942 -1.07684 3.1
      vertex -8.23234 -0.539576 0
      vertex -8.23234 -0.539576 3.1
    endloop
  endfacet
  facet normal 0.995184 0.0980247 0
    outer loop
      vertex -8.23234 -0.539576 0
      vertex -8.17942 -1.07684 3.1
      vertex -8.17942 -1.07684 0
    endloop
  endfacet
  facet normal 0.812848 -0.582476 0
    outer loop
      vertex -6.85962 4.58345 3.1
      vertex -6.54516 5.02228 0
      vertex -6.54516 5.02228 3.1
    endloop
  endfacet
  facet normal 0.812848 -0.582476 0
    outer loop
      vertex -6.54516 5.02228 0
      vertex -6.85962 4.58345 3.1
      vertex -6.85962 4.58345 0
    endloop
  endfacet
  facet normal 0.773016 -0.634387 0
    outer loop
      vertex -6.54516 5.02228 3.1
      vertex -6.20268 5.4396 0
      vertex -6.20268 5.4396 3.1
    endloop
  endfacet
  facet normal 0.773016 -0.634387 0
    outer loop
      vertex -6.20268 5.4396 0
      vertex -6.54516 5.02228 3.1
      vertex -6.54516 5.02228 0
    endloop
  endfacet
  facet normal 0.729863 -0.683593 0
    outer loop
      vertex -6.20268 5.4396 3.1
      vertex -5.83363 5.83363 0
      vertex -5.83363 5.83363 3.1
    endloop
  endfacet
  facet normal 0.729863 -0.683593 0
    outer loop
      vertex -5.83363 5.83363 0
      vertex -6.20268 5.4396 3.1
      vertex -6.20268 5.4396 0
    endloop
  endfacet
  facet normal -0.162894 0.986644 0
    outer loop
      vertex 1.60949 -8.09148 0
      vertex 1.07684 -8.17942 3.1
      vertex 1.60949 -8.09148 3.1
    endloop
  endfacet
  facet normal -0.162894 0.986644 0
    outer loop
      vertex 1.07684 -8.17942 3.1
      vertex 1.60949 -8.09148 0
      vertex 1.07684 -8.17942 0
    endloop
  endfacet
  facet normal -0.290293 0.956938 0
    outer loop
      vertex 2.65188 -7.81217 0
      vertex 2.13526 -7.96889 3.1
      vertex 2.65188 -7.81217 3.1
    endloop
  endfacet
  facet normal -0.290293 0.956938 0
    outer loop
      vertex 2.13526 -7.96889 3.1
      vertex 2.65188 -7.81217 0
      vertex 2.13526 -7.96889 0
    endloop
  endfacet
  facet normal -0.634387 0.773016 0
    outer loop
      vertex 5.4396 -6.20268 0
      vertex 5.02228 -6.54516 3.1
      vertex 5.4396 -6.20268 3.1
    endloop
  endfacet
  facet normal -0.634387 0.773016 0
    outer loop
      vertex 5.02228 -6.54516 3.1
      vertex 5.4396 -6.20268 0
      vertex 5.02228 -6.54516 0
    endloop
  endfacet
  facet normal -0.528078 0.849196 0
    outer loop
      vertex 4.58345 -6.85962 0
      vertex 4.125 -7.14471 3.1
      vertex 4.58345 -6.85962 3.1
    endloop
  endfacet
  facet normal -0.528078 0.849196 0
    outer loop
      vertex 4.125 -7.14471 3.1
      vertex 4.58345 -6.85962 0
      vertex 4.125 -7.14471 0
    endloop
  endfacet
  facet normal -0.812848 0.582476 0
    outer loop
      vertex 6.54516 -5.02228 0
      vertex 6.85962 -4.58345 3.1
      vertex 6.85962 -4.58345 0
    endloop
  endfacet
  facet normal -0.812848 0.582476 0
    outer loop
      vertex 6.85962 -4.58345 3.1
      vertex 6.54516 -5.02228 0
      vertex 6.54516 -5.02228 3.1
    endloop
  endfacet
  facet normal -0.881922 0.471395 0
    outer loop
      vertex 7.14471 -4.125 0
      vertex 7.3992 -3.64888 3.1
      vertex 7.3992 -3.64888 0
    endloop
  endfacet
  facet normal -0.881922 0.471395 0
    outer loop
      vertex 7.3992 -3.64888 3.1
      vertex 7.14471 -4.125 0
      vertex 7.14471 -4.125 3.1
    endloop
  endfacet
  facet normal 0.582476 0.812848 -0
    outer loop
      vertex -4.58345 -6.85962 0
      vertex -5.02228 -6.54516 3.1
      vertex -4.58345 -6.85962 3.1
    endloop
  endfacet
  facet normal 0.582476 0.812848 0
    outer loop
      vertex -5.02228 -6.54516 3.1
      vertex -4.58345 -6.85962 0
      vertex -5.02228 -6.54516 0
    endloop
  endfacet
  facet normal 0.471395 0.881922 -0
    outer loop
      vertex -3.64888 -7.3992 0
      vertex -4.125 -7.14471 3.1
      vertex -3.64888 -7.3992 3.1
    endloop
  endfacet
  facet normal 0.471395 0.881922 0
    outer loop
      vertex -4.125 -7.14471 3.1
      vertex -3.64888 -7.3992 0
      vertex -4.125 -7.14471 0
    endloop
  endfacet
  facet normal 0.227072 0.973878 -0
    outer loop
      vertex -1.60949 -8.09148 0
      vertex -2.13526 -7.96889 3.1
      vertex -1.60949 -8.09148 3.1
    endloop
  endfacet
  facet normal 0.227072 0.973878 0
    outer loop
      vertex -2.13526 -7.96889 3.1
      vertex -1.60949 -8.09148 0
      vertex -2.13526 -7.96889 0
    endloop
  endfacet
  facet normal 0.0980247 0.995184 -0
    outer loop
      vertex -0.539576 -8.23234 0
      vertex -1.07684 -8.17942 3.1
      vertex -0.539576 -8.23234 3.1
    endloop
  endfacet
  facet normal 0.0980247 0.995184 0
    outer loop
      vertex -1.07684 -8.17942 3.1
      vertex -0.539576 -8.23234 0
      vertex -1.07684 -8.17942 0
    endloop
  endfacet
  facet normal 0.773016 0.634387 0
    outer loop
      vertex -6.20268 -5.4396 3.1
      vertex -6.54516 -5.02228 0
      vertex -6.54516 -5.02228 3.1
    endloop
  endfacet
  facet normal 0.773016 0.634387 0
    outer loop
      vertex -6.54516 -5.02228 0
      vertex -6.20268 -5.4396 3.1
      vertex -6.20268 -5.4396 0
    endloop
  endfacet
  facet normal -0.995184 0.0980247 0
    outer loop
      vertex 8.17942 -1.07684 0
      vertex 8.23234 -0.539576 3.1
      vertex 8.23234 -0.539576 0
    endloop
  endfacet
  facet normal -0.995184 0.0980247 0
    outer loop
      vertex 8.23234 -0.539576 3.1
      vertex 8.17942 -1.07684 0
      vertex 8.17942 -1.07684 3.1
    endloop
  endfacet
  facet normal -0.973878 0.227072 0
    outer loop
      vertex 7.96889 -2.13526 0
      vertex 8.09148 -1.60949 3.1
      vertex 8.09148 -1.60949 0
    endloop
  endfacet
  facet normal -0.973878 0.227072 0
    outer loop
      vertex 8.09148 -1.60949 3.1
      vertex 7.96889 -2.13526 0
      vertex 7.96889 -2.13526 3.1
    endloop
  endfacet
endsolid OpenSCAD_Model
